protocol,task,epoch,sample,gradient,reference_gradient,reference_residual,kkt_condition,dropped_active_rows,violation
open_loop,cartpole,0,0,"[0.19404764043275122, -1.5867909947464385, 1.8081549491722193, 1.2106777104273343, -0.000691627214683195]","[0.19404950123931444, -1.5871425607542968, 1.8081747515017423, 1.2104183294349913, 9.25631426514546e-17]",1.0252224985006058e-16,10.778759912797296,0,4.742674569513383e-05
open_loop,cartpole,0,1,"[0.007894266634494785, -0.7760465164498802, 0.47822905590928283, -0.30483836187567265, 3.058784753189528]","[0.007897906694408117, -0.7761907776657708, 0.47838460211444966, -0.3049925978074538, 3.059615812157609]",1.3154559673813223e-16,4.073062683496863,0,0.0
open_loop,cartpole,0,2,"[0.1375163771990334, -3.6832934932264867, 5.637396384631117, 2.7610051363708012, -0.002265495334931089]","[0.1375468852509843, -3.684166836241964, 5.638195565709262, 2.7602035437822807, -3.423478090936375e-17]",1.2860965387324946e-16,13.883298920485338,0,2.1376719914201203e-05
open_loop,cartpole,0,3,"[13.45105057574268, -19.48831353305983, 34.96021902817676, 2.5247413394851566, 13.48221177952206]","[13.451183659648855, -19.488081487394417, 34.96013250808163, 2.5247697365668493, 13.481240052931076]",1.4903429984379022e-16,4.44264512315191,0,0.0
open_loop,cartpole,0,4,"[-1.8802614299624532, -2.7896000462568464, -3.560240514971081, 4.3526852345470095, -0.0020554523738564633]","[-1.880504370314411, -2.7903793669426076, -3.560899769236428, 4.351396548226763, 4.237526446216873e-16]",1.3300304186715417e-16,9.95556756490967,0,7.5236797201228e-05
open_loop,cartpole,0,5,"[8.3721900391306, -16.958503966350435, 30.346852855152832, 7.86394927575927, -0.00414144506010139]","[8.372840496439276, -16.959884549485693, 30.349818944722042, 7.862929878455451, -3.320121711818247e-16]",1.0311140351001862e-16,24.221860839188604,0,5.862884975726956e-06
open_loop,cartpole,0,6,"[4.194693900938661, -7.089798545388323, 3.866427177940929, 4.253695077798356, -0.0031563682659297987]","[4.195303733717961, -7.0907496513959565, 3.867067903893031, 4.253084933115993, 1.4888591252735096e-15]",4.625127361816315e-16,54.39600599357018,0,1.3483890072052418e-05
open_loop,cartpole,0,7,"[2.3415937636609785, -13.5800968820068, 22.407564466037254, 11.186393483816195, -6.840175851794275]","[2.3408435531090097, -13.577223275647551, 22.404429889955857, 11.186621690064195, -6.846949062201488]",2.5771687886783863e-17,5.856486708722517,0,0.0
open_loop,cartpole,0,8,"[0.002106515830011578, -30.779830529040343, -7.4794585338846264, 31.98264512144904, -0.00667563065858523]","[0.002110017939633245, -30.78231098313199, -7.479002797076261, 31.976526305645603, 4.0439413722008527e-16]",2.957467493796214e-16,12.743035983034014,0,0.00010113916387410882
open_loop,cartpole,0,9,"[2.345578414371913, -11.260863888426877, 27.244670486164356, -1.2218417602333163, 21.59546802320925]","[2.345612590165603, -11.260130343381553, 27.24440983123311, -1.2217422842324055, 21.592994231020228]",1.0855285212778524e-16,4.048359503076263,0,0.0
open_loop,cartpole,0,10,"[-0.9012500234801323, 0.006269496620264117, 0.4391009708646824, 0.08671362197988954, 0.9926012548099415]","[-0.9012526603125572, 0.006269197167440598, 0.4390947695887726, 0.08671377098539536, 0.9926089320360938]",1.885410059959524e-14,369.2347865367918,0,0.0
open_loop,cartpole,0,11,"[0.1614120095365334, -0.07409090423031421, 1.2402631775104438, -0.19850825000249173, -0.0024132784208812375]","[0.1615242497409373, -0.07424245399263636, 1.2405070438582146, -0.20134850238851817, -1.5815527932497276e-16]",3.3306986774352953e-16,2015.867205036777,0,0.0005016048247625804
open_loop,cartpole,0,12,"[11.392926621187366, -69.96092752289317, -11.442413768422725, 65.69518480655316, -0.022036669105335527]","[11.393952725339394, -69.96420569105689, -11.443310658897952, 65.68957630325524, 8.047745510948875e-16]",1.9112328556821191e-16,49.169055316330926,0,3.862245279151466e-06
open_loop,cartpole,0,13,"[7.936337417894036, -21.02491633863526, 15.088685816800735, 1.465762375816425, 39.623597747414784]","[7.937382878339057, -21.025591607830982, 15.08889079291749, 1.4648860973856603, 39.626511028292065]",1.9337337710932845e-16,3.8395410386253563,0,0.0
open_loop,cartpole,0,14,"[5.378099498926969, -13.743533351824645, 32.36072834971477, -0.6035913104662284, 19.935563757049653]","[5.378216046026496, -13.742982351888749, 32.36052575022343, -0.6034931245556368, 19.933487766988225]",1.0656606763383564e-16,4.2306197952047775,0,0.0
open_loop,cartpole,0,15,"[5.089533775128159, -34.46981045403558, -7.680714288335364, 32.966157167042255, -0.006321724233616877]","[5.089597181006307, -34.472212245808414, -7.680301638230502, 32.960179636436585, -1.4684978149571482e-15]",2.6016994347408417e-16,13.109746146772245,0,9.933633774039663e-05
open_loop,cartpole,0,16,"[4.636028342161095, -11.029108083537984, 42.27278009666881, 12.472618012190066, -31.47934055689241]","[4.634822554468873, -11.028547623731088, 42.268624393329375, 12.475229216076553, -31.48509213849653]",7.396536707183673e-17,2.8310052112477533,0,0.0
open_loop,cartpole,0,17,"[-0.0003094179185587037, -0.008259411433465084, -0.10391855745898071, 0.024981195176511553, -0.0005282207196321692]","[-0.00029242506606147104, -0.00830265323595915, -0.10359813420024826, 0.024136460576820666, -6.738522901278102e-19]",1.1730750860966414e-16,2897.846210110187,0,2.1326472463556456e-05
open_loop,cartpole,0,18,"[-0.007298945445299594, -0.006951898444248097, -0.050511102660311835, 0.018827353516250603, -1.6509138084866276e-05]","[-0.007295747277937756, -0.0069784748172781646, -0.050504884830809775, 0.018602740500583484, -8.94234254481276e-20]",6.195560210790624e-17,8.370761631430033,0,3.2758604689320237e-05
open_loop,cartpole,0,19,"[8.469731867067834, -12.247436132925907, 36.20964333900853, 13.02508382229115, -32.93431582183453]","[8.470104584705188, -12.246069693595233, 36.20993227934639, 13.02539981371903, -32.94018718549285]",6.523262217406795e-17,2.931913456563956,0,0.0
open_loop,cartpole,0,20,"[3.64115545273151, -91.75216130248043, -42.201314677075636, 96.40501337259155, -0.024064659833403113]","[3.6411944204722335, -91.75708807096997, -42.199050376340935, 96.37988211484114, 6.573722932532007e-15]",4.1312577053716886e-16,16.15867339957366,0,9.097627173559886e-05
open_loop,cartpole,0,21,"[4.291571288261055, -4.482019127327166, 16.397851001856562, -2.851959974043822, 7.714005714425736]","[4.290999586005834, -4.482313660584922, 16.397527103697875, -2.8518100977893273, 7.715536143730749]",2.5317794481070244e-17,3.2149923080275538,0,0.0
open_loop,cartpole,0,22,"[0.16995574671741132, -5.495601633662468, 9.261607975160977, -0.19868054631447898, 12.7940079614638]","[0.16991365950785048, -5.495881199100514, 9.261306832143488, -0.19849208157365936, 12.794495426192725]",8.171156638887058e-17,3.277595031021908,0,0.0
open_loop,cartpole,0,23,"[6.622973696075056, -10.139939150597959, 33.50810092192171, -0.7353672343534554, 6.773150786285061]","[6.62298150528244, -10.139840314887639, 33.50805200076783, -0.7352765465332645, 6.772583611061407]",1.5615430548753066e-16,4.263146637109468,0,0.0
open_loop,cartpole,0,24,"[1.453797460777996, -10.54488185385833, 12.566601891591645, 7.87402509008835, -0.0021143272272710067]","[1.4540286971137992, -10.545614657967162, 12.567772990104963, 7.873401124754591, 2.0780790163833571e-16]",7.187680425331933e-17,18.847313561855728,0,8.970862197088536e-06
open_loop,cartpole,0,25,"[-0.10617095138754226, -5.154050509907794, 7.406743825505617, 0.3906834476007437, 11.275919033881657]","[-0.106283129476987, -5.1533176662699285, 7.406100871124096, 0.39194620233423905, 11.27032583266449]",1.0606085675371729e-16,3.12472831205406,0,0.0
open_loop,cartpole,0,26,"[1.806227587369091, -13.99834767195306, 24.461748544208135, 12.407245850407586, -9.360826387775447]","[1.8059040788862932, -13.9965811361853, 24.45992149840513, 12.40730149247969, -9.36500545033591]",5.4017653855115085e-17,5.874710297677995,0,0.0
open_loop,cartpole,0,27,"[4.770341262616952, -17.206841684971266, 41.2011711118429, -1.6505684262748366, 30.589883277368]","[4.770785008575885, -17.206994513718552, 41.202233116784974, -1.6505303704854197, 30.58901180595557]",1.2507208158282589e-16,3.8635562360793823,0,0.0
open_loop,cartpole,0,28,"[5.9771484323022355, -22.994791807106008, 21.56503138923842, 3.8136002982081743, 38.7036386022732]","[5.977116219633676, -22.994744801399314, 21.56509976003239, 3.8136137287737966, 38.70347606272087]",7.714757165937262e-17,3.8661619428814165,0,0.0
open_loop,cartpole,0,29,"[5.150123549075443, -10.119844920874069, 30.58752736943897, 7.346203738692025, -14.09431772778428]","[5.151501806192468, -10.126984521777523, 30.593009377030825, 7.3428494371849515, -14.067146849279673]",9.442203569913564e-17,3.979427665171159,0,0.0
open_loop,cartpole,0,30,"[9.988456314969733, -25.931701792267905, 47.04381172607251, 1.8763853498626066, 35.1903783768131]","[9.98928610824511, -25.93217339805907, 47.04482263066361, 1.875698464146203, 35.19207489010367]",1.3618753821248255e-16,3.891249171310949,0,0.0
open_loop,cartpole,0,31,"[5.098075175446532, -9.974507543035449, 20.203422622339186, -1.403059090917533, 16.961583053985375]","[5.098187593487249, -9.97418461620509, 20.203238133664993, -1.402775712474709, 16.959637227427944]",2.281953254873045e-16,3.919573103429348,0,0.0
open_loop,cartpole,200,0,"[0.10428019953568521, -0.7461256572347341, 1.09712719386813, 1.1312977276766527, 7.56952722345992e-05]","[0.10425024034205442, -0.7460855471909532, 1.0968638527802654, 1.1313433436695097, -1.0246782562287281e-16]",1.1300500598762797e-16,10.160373234136586,0,4.885232372942028e-05
open_loop,cartpole,200,1,"[-0.012104930902401917, -0.09614194315174804, 0.12129495983102855, 0.16205888736854296, -7.021783570595498e-05]","[-0.012096950797278733, -0.0961555289600517, 0.12122393266256468, 0.16204596884788938, 2.478814956807566e-16]",6.082130911906204e-16,52.785317028576,0,4.033124426428003e-06
open_loop,cartpole,200,2,"[0.020046583870048026, -1.8489097982824374, 2.097511711305392, 2.952972206501164, -0.0009518563908397365]","[0.020066482892506836, -1.8492954105857269, 2.097925320184325, 2.952645314665978, 6.735168378590574e-16]",3.379025317994048e-16,12.463535957287737,0,3.364618974899258e-05
open_loop,cartpole,200,3,"[3.369666779912035, -6.498754080264493, 19.6172466457098, 7.174977504939446, 3.607834838290596]","[3.373981143475506, -6.505260641461323, 19.626776078943717, 7.174949830329291, 3.632229794647497]",7.743958208777437e-17,4.651383084342679,0,0.0
open_loop,cartpole,200,4,"[-1.7964040271569295, -2.3766380160736507, -3.665577551571906, 4.93028518059562, -0.002005096873143306]","[-1.7965247941643627, -2.3774888273378036, -3.665735491186496, 4.928892816191732, -1.4641812274549506e-15]",5.190858123613409e-16,10.546860885546899,0,6.0007608652767885e-05
open_loop,cartpole,200,5,"[0.5282877601340423, -6.961013545152765, 11.804415702826713, 10.833161125793124, -0.0003608852596520551]","[0.5283374231421843, -6.961142248531483, 11.80496775658735, 10.833094529182416, -4.506883273870562e-16]",1.216345755620015e-16,18.003191542255216,0,2.0845735647867514e-05
open_loop,cartpole,200,6,"[1.7760266419509863, -2.8082576946739364, 1.6619517939626565, 3.39719857686874, 0.0021879381710629975]","[1.7756210251887832, -2.8074830103819846, 1.6615167579393635, 3.397467734075012, -2.1725087616157083e-16]",1.7305505574540293e-16,53.552352564019614,0,1.1024175719853702e-05
open_loop,cartpole,200,7,"[1.4382811548851915, -7.667828770419483, 20.654634472420504, 13.619378951802373, -6.960639443974345]","[1.438282802082776, -7.667834021946734, 20.654646860739394, 13.619379278919853, -6.960617295465147]",5.0426558782042215e-17,4.746077192089485,0,0.0
open_loop,cartpole,200,8,"[1.8975369736163228, -23.58113814461274, -0.7540437419021021, 36.630109833069916, 0.00046016243618701713]","[1.897530183618926, -23.580901146855016, -0.7540709673272294, 36.630445013185984, -3.963768689276563e-15]",7.218311764034993e-16,15.592075403952173,0,7.955054917374582e-05
open_loop,cartpole,200,9,"[0.4375072768730409, -2.258190896949768, 8.989530843251982, 1.0512423011118244, 7.2046433027869785]","[0.4376517369686166, -2.2588806127427206, 8.990489991917315, 1.0512533384965408, 7.207794954728653]",2.964584582605968e-17,4.621214858354159,0,0.0
open_loop,cartpole,200,10,"[-1.173107534384119, 0.009264706081192748, 0.678721866928206, 0.12366346074690669, 1.8515031769069779]","[-1.1734541399255485, 0.00927958202317835, 0.6793732888161338, 0.12366022981502009, 1.8521161562761355]",1.3619084328001525e-14,396.24798041214166,0,0.0
open_loop,cartpole,200,11,"[0.12801223657758948, -0.05528422006398595, 1.034449886119654, 0.012671268379683687, -0.0030287566232289898]","[0.12804468801242072, -0.05539878902810004, 1.033946317039193, 0.009198786169086932, -9.12577384848276e-17]",3.131797600824263e-16,1220.4914881672876,0,0.0004955419249199622
open_loop,cartpole,200,12,"[12.421779259533563, -55.993101146485216, 2.9535610943600132, 82.04860444256786, 0.013595466735661255]","[12.420257339684216, -55.98546320200845, 2.9532206980306217, 82.04470074438265, 9.61898903251018e-16]",1.9730521661826635e-16,52.097561053533624,0,1.1324298000658928e-05
open_loop,cartpole,200,13,"[4.6136345734879765, -4.988492970927402, 11.087947885833756, -1.189264030281757, 19.81962586535784]","[4.613685254130891, -4.988682145879297, 11.088076980733153, -1.1892019345695397, 19.820283609884587]",1.2728712599508243e-16,4.127364851571549,0,0.0
open_loop,cartpole,200,14,"[0.8303526491310501, -3.066071356396224, 12.124750927687343, 2.518603164390124, 5.898541297496811]","[0.8314780105436383, -3.0691204615314764, 12.129783469539577, 2.518554218296567, 5.911834540880489]",5.083835594562383e-17,4.6228098439619085,0,0.0
open_loop,cartpole,200,15,"[5.414728802621169, -24.685228142218957, -0.15063593961890057, 36.21131923401578, 0.0013770068609038622]","[5.41466180365397, -24.6844474940811, -0.15069820747558815, 36.21229994400942, -2.3749599901177042e-17]",2.009982134752002e-16,16.36135227464724,0,8.804664234673965e-05
open_loop,cartpole,200,16,"[4.672874218661708, -9.165584357618078, 47.7179419059117, 16.744967974387293, -15.537899967645092]","[4.670824636803721, -9.16069337267421, 47.708377430676606, 16.749313549240522, -15.572128618056224]",3.097833683979522e-17,3.323124982346396,0,0.0
open_loop,cartpole,200,17,"[-0.00016734329625593247, -0.01139994363422397, -0.13494388943341384, 0.019381583911524003, -0.0006379862756861754]","[-0.00014734382413882977, -0.011451373448617219, -0.1346221248507069, 0.018368802894532948, 2.0253478932287277e-17]",1.4564409164460623e-16,2201.813122871829,0,1.0586057086925393e-05
open_loop,cartpole,200,18,"[-0.009759979016004458, -0.008504216356927455, -0.06581711345143114, 0.026764978488136828, -0.0004394181959563359]","[-0.009670185312598249, -0.009211891190352805, -0.06564318145868082, 0.02078308030717175, -6.233471711710916e-18]",7.12038600312569e-17,6.757837350352853,0,0.0001944437838687918
open_loop,cartpole,200,19,"[7.442309645164739, -9.860531065128928, 40.40364608156927, 18.403584949128962, -22.644704847471285]","[7.442701375813668, -9.859832589701789, 40.40396636761902, 18.4039622320874, -22.65016441162397]",8.779003793644935e-18,3.377097346039748,0,0.0
open_loop,cartpole,200,20,"[0.480544673875412, -1.043737528418676, 1.424817071280156, 1.381340036696698, -0.003420386020837274]","[0.4806385611653561, -1.0443668774545805, 1.4248169013102674, 1.3757308785026856, -9.05581718087073e-17]",7.820915000768483e-17,545.1704141159368,0,0.0003014645924395154
open_loop,cartpole,200,21,"[3.2413457738433977, -3.142194469819623, 14.590842174154972, -1.6581279712380415, 14.682238202107758]","[3.2411832933141764, -3.1421250949082538, 14.590778554423169, -1.6579495642436612, 14.681646539558823]",1.2627975410348089e-17,3.421206343821325,0,0.0
open_loop,cartpole,200,22,"[-0.15176166226466997, -3.91087947396788, 7.021132268809149, -0.22726917678200215, 20.677354912988797]","[-0.151774087893977, -3.9110037382053395, 7.021116864652204, -0.22723864369821137, 20.67790829007368]",2.359154648741144e-17,3.5581615017592227,0,0.0
open_loop,cartpole,200,23,"[5.887651072925382, -4.357689393254945, 27.31764475540041, 1.0945029940651907, 7.0001043308646835]","[5.887711192326212, -4.3581617897803815, 27.31820166149893, 1.0942592653410728, 7.003127204108737]",9.242876146476797e-17,4.3551122932125335,0,0.0
open_loop,cartpole,200,24,"[-0.3574378483570624, -5.586076572886786, 6.09792121124679, 9.17903608629159, -0.0007553854643881364]","[-0.3573391266216514, -5.586352147891309, 6.098395480116482, 9.17882782471931, -1.4513121668100655e-15]",3.688257234285557e-16,15.561057675280136,0,1.5272399181753826e-05
open_loop,cartpole,200,25,"[-0.5233849755167821, -4.206841071757842, 7.126407969264569, 1.1353972350785266, 18.61347087943353]","[-0.5233674707109662, -4.206840155844375, 7.126473936758228, 1.1354338997702507, 18.61331716470367]",3.73847411249349e-17,3.418986187307528,0,0.0
open_loop,cartpole,200,26,"[1.257426652193624, -8.075568203859763, 23.078863231442302, 14.783076136099222, -8.205888198662446]","[1.257427746829446, -8.075572089618415, 23.078876229359576, 14.783076737337122, -8.205872687440404]",7.5586168490824e-17,4.756329240355049,0,0.0
open_loop,cartpole,200,27,"[1.8602142376220212, -2.9307271852605288, 15.622806588875633, -0.49095456432705153, 12.651529611328353]","[1.8602155869016876, -2.930445292708186, 15.622308156536574, -0.4909717511241729, 12.650163706720052]",1.0732332369851799e-16,4.536413185096308,0,0.0
open_loop,cartpole,200,28,"[-1.788345900486633, -1.001623470643798, -4.234944799478328, 2.7182622226300777, -0.0011182913092709912]","[-1.7883118991804785, -1.0019557901836529, -4.234098003581902, 2.718404447231397, -6.621194618680442e-16]",5.663700319468152e-16,35.379145213432466,0,0.0008552170101836509
open_loop,cartpole,200,29,"[2.6543146131270072, -6.358045372810793, 24.62022224515766, 11.5501863714723, -9.426396024069476]","[2.6546154507607476, -6.358834907335799, 24.621223959908768, 11.550199474593125, -9.42305308483309]",1.657681572225663e-17,4.011243067715092,0,0.0
open_loop,cartpole,200,30,"[1.3409239485901983, -3.1945856102430197, 12.415166094373305, 0.8651563459865869, 10.735307749355583]","[1.3423306634069307, -3.1977341623208195, 12.420105375545923, 0.865807169032213, 10.746357976213377]",7.94257274886837e-17,4.501760023373116,0,0.0
open_loop,cartpole,200,31,"[4.680437724178308, -4.124646944335795, 16.79907561600513, -0.181283348717291, 12.184161706256585]","[4.680376996870149, -4.123430168032719, 16.797818998766203, -0.18090233506894915, 12.176965929506006]",1.464237559682114e-16,4.435070923153231,0,0.0
open_loop,cartpole,400,0,"[0.08301753355212324, -0.39990935307723807, 0.8201008418455094, 0.9502613784300733, 0.00030119815747893953]","[0.08294530538121722, -0.3997516784918231, 0.8197169858526752, 0.9504286951638352, -4.4710215138860604e-17]",6.370098705468989e-17,10.29510295882409,0,5.587730088052467e-05
open_loop,cartpole,400,1,"[-0.00882570865133751, -0.049976952540053465, 0.08406114224670269, 0.13433186931150287, -2.1591543875062666e-05]","[-0.008822303713509378, -0.04998119889992347, 0.08401261352101524, 0.13432739965536303, -2.3431302585716556e-16]",8.149791797217798e-16,49.550122781166756,0,1.0369485011096913e-05
open_loop,cartpole,400,2,"[-0.002393844337215431, -1.1203907417165109, 1.2531425112220633, 2.8500118281410347, -0.0004444056992612827]","[-0.0023847237235521887, -1.1205740604536651, 1.253337638173221, 2.849865639285427, 4.691331969557642e-16]",3.202395969712748e-16,12.746371375797183,0,4.17356451833939e-05
open_loop,cartpole,400,3,"[1.1628493674132785, -4.253931287755138, 16.27780642462918, 9.56528324579154, 0.9255273454085344]","[1.1633766661352885, -4.254778372697417, 16.278763114640956, 9.565329061371841, 0.9303243420944071]",1.0038368163014413e-16,5.050004656985716,0,0.0
open_loop,cartpole,400,4,"[-1.2791003039918765, -1.5582067563370483, -2.668180249143901, 4.974231212772371, -0.0011072237712799185]","[-1.2792083032210897, -1.558672457293438, -2.668419347729834, 4.973458447678498, 2.0230371440360106e-16]",1.1793371950110641e-16,11.527685194926475,0,7.08308550088077e-05
open_loop,cartpole,400,5,"[-0.499170577206016, -4.280114283716841, 7.807677483186308, 11.272307497791159, -0.0004220089766376889]","[-0.49913036501428143, -4.280262951323063, 7.808022214225588, 11.272245348041182, 6.909339674646572e-16]",2.4646917015344305e-16,17.675009085040944,0,1.1745997838374933e-05
open_loop,cartpole,400,6,"[2.799982473975007, -2.1896442157506097, 2.951860598931899, 3.349723163783204, 0.0015161629864692827]","[2.799705738020618, -2.1890966526976077, 2.951557816452588, 3.3498771780359964, 4.3720003535716163e-17]",4.9867429554767673e-17,49.643763159235604,0,1.4058551599305247e-05
open_loop,cartpole,400,7,"[0.9588689065140156, -5.039736010740412, 19.39308082225013, 15.1321450520324, -8.746833239072142]","[0.9588689720358616, -5.039736207622326, 19.393081568012644, 15.132145180261563, -8.746832331316744]",3.6396156463645596e-17,5.189564720560088,0,0.0
open_loop,cartpole,400,8,"[0.8368455876600502, -3.1992534125044205, 1.5178263995242007, 7.47381613181302, -0.0021125342799843128]","[0.8369828766722065, -3.2002155653490605, 1.5180982064446364, 7.471896619211081, 2.5117943528238713e-16]",1.2145323909427225e-16,54.99515084813454,0,9.083657178621252e-05
open_loop,cartpole,400,9,"[-0.21560102515935337, -1.0620170519428784, 3.936946771636869, 1.6719339250988465, 3.400357563089188]","[-0.2155643567977776, -1.0621845140930022, 3.9371720106305537, 1.6719385573249206, 3.4014692055550664]",2.610397179157564e-17,4.985810744721221,0,0.0
open_loop,cartpole,400,10,"[-1.4530827611017387, 0.01193810839341462, 0.88445499285778, 0.1633099874103209, 2.713388179700328]","[-1.453074572667471, 0.011937521782373443, 0.8844295368133029, 0.16330977393565024, 2.7133748846549532]",2.06218633804192e-14,381.6541829711196,0,0.0
open_loop,cartpole,400,11,"[0.17470575639597, -0.07324714943133145, 1.4205165333819565, 0.05149874939605792, -0.002851927372159002]","[0.17473698062791146, -0.07335567867074591, 1.4200474205933369, 0.04822978635263343, -2.0279045305655057e-16]",3.9215728423314185e-16,670.4290774059093,0,0.00024046562057833398
open_loop,cartpole,400,12,"[3.844837244272619, -15.65436222528671, 2.3301998053430184, 36.71439708185352, 0.027724731630856425]","[3.8384276877270382, -15.632047973017, 2.3252819001249234, 36.694760305213116, -2.8010908731227747e-15]",4.0777622145584244e-16,50.57049300193112,0,2.167698019661657e-05
open_loop,cartpole,400,13,"[3.0197265404329157, -1.654860325428331, 5.810134254895173, -1.2838987888139648, 8.802742394893588]","[3.019722072830901, -1.6547351494291076, 5.809992197570276, -1.2839791400908604, 8.80207685984256]",1.1664148602360857e-16,4.624276546762983,0,0.0
open_loop,cartpole,400,14,"[-0.17082740802641233, -1.9878865779169261, 8.178768598930262, 3.727809728462613, 4.1432112594657555]","[-0.17077943839244047, -1.9880330656935274, 8.178949508516812, 3.7278163611392516, 4.144141392458862]",3.528941638283655e-17,5.015172471371707,0,0.0
open_loop,cartpole,400,15,"[1.4460383441007116, -2.976981134382815, 1.4784481065462323, 6.427935824408605, -0.0024846502019414407]","[1.446176552292066, -2.9779296645562194, 1.4785969298293906, 6.425137141635626, -6.016489565202537e-18]",1.3366345744297419e-16,58.583114183939365,0,0.00010243588306479978
open_loop,cartpole,400,16,"[4.997669708949078, -7.9068577729605565, 52.191159377921934, 18.543332223158643, -6.811336845971634]","[4.997606576374643, -7.906590774921064, 52.190721055340646, 18.543591021730798, -6.8138554810630225]",9.84047828044138e-18,4.09926733811732,0,0.0
open_loop,cartpole,400,17,"[-0.0004589374465757872, -0.014018366829815887, -0.1776159815517817, 0.0372677152456867, -0.0005741223137105539]","[-0.0004410354875378086, -0.014064357226227094, -0.17734301279229722, 0.03635541431152023, -1.327282996890146e-17]",1.2861278519940345e-16,1498.0587695326278,0,0.000559277859906615
open_loop,cartpole,400,18,"[-0.011319595891358445, -0.00894961551599048, -0.07620389951628498, 0.039128578736173474, -0.00042353283625529685]","[-0.011232995958496118, -0.009631550405137431, -0.07603626938992554, 0.03336257775784332, -7.74228255277494e-18]",6.050261360381376e-17,5.22312882330934,0,9.824024829185873e-05
open_loop,cartpole,400,19,"[7.440501945742744, -8.407214787971721, 43.018510569813685, 20.89300411811233, -15.335718745676832]","[7.440549551720438, -8.407076446439907, 43.018527358162935, 20.893017296139913, -15.336859762300458]",1.4114395697020218e-17,4.128383958345822,0,0.0
open_loop,cartpole,400,20,"[0.42844793602619236, -0.8440467829282692, 1.3919971219187959, 1.8136705483361073, -0.003437070617847926]","[0.4285682867029117, -0.8450049086816028, 1.3920231575653828, 1.8088746794455979, -4.707509268224244e-16]",2.5610253061796794e-16,362.8084757915157,0,0.00019965663872767436
open_loop,cartpole,400,21,"[6.254173280115531, -2.131867971985153, 18.972859968225325, -0.991456229181289, 4.145685253037598]","[6.254155637688766, -2.131879112738653, 18.972912732498404, -0.991453014573953, 4.145795923571612]",1.5451750032529428e-17,4.095086128773175,0,0.0
open_loop,cartpole,400,22,"[0.11543274866466327, -2.873025913133062, 8.278979574971585, 0.3342528713725236, 19.51923276508958]","[0.11543544738070109, -2.873035252296945, 8.278989957088369, 0.33423377185318237, 19.51934825769133]",4.9146730572680456e-17,4.334331396960266,0,0.0
open_loop,cartpole,400,23,"[6.157373447278949, -3.0314411828874768, 26.327121438451933, 1.301495605545234, 4.352285642379014]","[6.1573735435443595, -3.0314451915657794, 26.327126602678028, 1.3014921201237601, 4.3523242348277416]",4.143890583158513e-18,4.828449724520462,0,0.0
open_loop,cartpole,400,24,"[-0.7138899784334872, -3.587341951828134, 3.9997024294712173, 9.682595576806781, -0.0006565142901661103]","[-0.7138134265562642, -3.5875827216819096, 4.000053468482763, 9.682423653811979, -1.2434702641926005e-15]",4.351202860896997e-16,15.596330779241601,0,3.344564562723917e-05
open_loop,cartpole,400,25,"[-0.49058256110252246, -3.777891047120163, 7.47565291177518, 1.2103738254321244, 24.923042113442385]","[-0.4905814988224496, -3.7779051984720757, 7.475667596848334, 1.210402835133438, 24.92305951545916]",5.827920230459765e-17,4.150172835141626,0,0.0
open_loop,cartpole,400,26,"[0.8673571838672413, -5.415225444762356, 21.70490994265323, 16.393346658994734, -9.403239780946047]","[0.8673571890489442, -5.415225258465051, 21.704911437793076, 16.393347028356462, -9.403242188357751]",4.817020253486249e-17,5.200504645038551,0,0.0
open_loop,cartpole,400,27,"[0.8910674260478095, -1.1866445345492445, 8.432575749182403, -0.05189753625760968, 6.710280801473286]","[0.8910992669136403, -1.1866741999246335, 8.432597396617872, -0.05189423930246746, 6.710413801521722]",4.33579993047275e-17,4.859713287313506,0,0.0
open_loop,cartpole,400,28,"[-0.9478884963727773, -0.2452314266868214, -2.4533405118590728, 1.3717572881951898, -0.00033505186710708346]","[-0.9478689519456838, -0.2453322647909667, -2.4530291068151926, 1.371801645944942, 1.224984685773659e-16]",2.2906228302306325e-16,28.340247049331115,0,3.623137132535703e-07
open_loop,cartpole,400,29,"[1.793724517118672, -4.928544776246501, 22.74269310761754, 13.7295749957679, -7.433795079678539]","[1.7938812565062103, -4.928764249224597, 22.743097024342845, 13.729823556866304, -7.4332686800219605]",7.58395527127671e-17,4.585014118336381,0,0.0
open_loop,cartpole,400,30,"[-0.9061130550693199, -1.052411913638669, 3.4255950829453266, 2.2048800531209656, 3.3653169702437333]","[-0.9061325276312864, -1.052362261482878, 3.4255258927034684, 2.2048693191375883, 3.3650330117040927]",2.2087869402622744e-17,4.966989359545109,0,0.0
open_loop,cartpole,400,31,"[4.806066679224835, -2.6262608892638, 15.272455546526688, 0.19189227248379961, 7.611926490687726]","[4.80607392443668, -2.6262159177786417, 15.272396457014043, 0.19192256937877378, 7.611499801872359]",4.435653222563446e-17,4.8617792356227705,0,0.0
open_loop,cartpole,800,0,"[0.04855914776332996, -0.033364207133565096, 0.30034310176590506, 0.2840735716817211, 0.00022190662540814033]","[0.048540765166652886, -0.033246163015686614, 0.30029744391438207, 0.2841850609383083, 5.905150573372186e-18]",5.789457091109488e-17,11.181988712103621,0,6.117546030282028e-05
open_loop,cartpole,800,1,"[-0.0012552260054347467, -0.002805041833785766, 0.00936122528094319, 0.037296273560315424, 1.0748923965013969e-05]","[-0.0012552349652098084, -0.00280314384683382, 0.009357085937948473, 0.03729781262446416, -2.0203201066992368e-17]",3.496581609033048e-16,42.4087412597494,0,1.1734693117659845e-05
open_loop,cartpole,800,2,"[-0.007107435058613453, -0.09089310832776881, 0.06877325964807172, 1.119763526003028, 7.831167807955536e-05]","[-0.0071087574909933565, -0.09086009129720535, 0.06873937327117763, 1.1197859179667986, 2.837823504678818e-16]",7.807012599416349e-16,13.998390812060688,0,1.761332569572005e-05
open_loop,cartpole,800,3,"[5.2881253779839685, -0.8249118717339214, 10.55552881651128, -2.9851256214686317, -0.0030048157165025735]","[5.288799174968174, -0.825289461969329, 10.557591045209763, -2.98503105133885, -3.342279095067595e-17]",5.0720624199925745e-17,87.02146585960746,0,1.2194357950079393e-05
open_loop,cartpole,800,4,"[-0.08740703541677985, -0.040714713015873476, -0.20963006072217144, 0.7102859727246074, -0.00017947198721516625]","[-0.08740751824856538, -0.04079612022471706, -0.20961816316182888, 0.7101499690028373, -5.2769730945302886e-17]",2.2228121988877274e-16,38.111576234857814,0,4.50242610696705e-05
open_loop,cartpole,800,5,"[0.5504998668003758, -0.3848177462902201, 2.8845798295204204, 3.3201791422003, 1.9103522824928665e-05]","[0.550489395047598, -0.38481047663364126, 2.884553097658601, 3.320194250634498, 2.8190577760672613e-16]",4.2126121881317084e-16,18.168006062523695,0,2.5648473453543374e-05
open_loop,cartpole,800,6,"[1.1695912520756042, -0.35753923888536454, 1.3602447517821323, 1.460366040201733, 0.0006472949098414033]","[1.1694749859123437, -0.3573019863165901, 1.360112089969109, 1.4604247245323883, -7.030091560603499e-16]",1.067150662248637e-15,40.43385918187642,0,2.1010321134440346e-05
open_loop,cartpole,800,7,"[-0.7238127553401572, -0.32282871730347085, 0.6400825592571469, 5.694340461092994, 0.0024556222124027527]","[-0.7241574033547773, -0.3223835840330438, 0.6376021972650956, 5.693562900574563, -1.5161883040466937e-16]",2.3336684838407455e-16,110.07695351166473,0,1.6995651890283625e-06
open_loop,cartpole,800,8,"[0.23252462351789666, -0.31892118604698044, 0.6984548069459665, 3.3036801225499604, -0.0007133262280010211]","[0.23250971199294243, -0.3191162446214555, 0.6983946994435113, 3.3026398848822156, 2.950451187373957e-16]",3.986120509172329e-16,40.76163216331755,0,3.9322510517081355e-05
open_loop,cartpole,800,9,"[-0.04341932779525956, -0.01893802219317143, 0.3402029893595546, 0.33407758942023613, -0.0001328257495449292]","[-0.04341388218145827, -0.01895383508595106, 0.3401760743663583, 0.33408618580242744, 2.7647509181737258e-17]",1.8737340992954627e-16,99.27928363074088,0,1.6407177028554543e-05
open_loop,cartpole,800,10,"[-2.7151911314528863, 0.027910023799860493, 2.003865815342425, 0.3641997948529138, 8.920402562647988]","[-2.715191409611789, 0.027910079087592788, 2.0038528762803973, 0.36419427454073783, 8.920412429232732]",1.3973688119145666e-14,325.53151966155053,0,0.0
open_loop,cartpole,800,11,"[0.520896677825934, -0.1693967319771188, 4.40528945216786, 0.7776120136152103, -0.0016539512130613332]","[0.5209179042541637, -0.16946233530085106, 4.405043132813591, 0.7757293363185916, -1.9793289183012409e-16]",3.7597998273846264e-16,128.7900563674178,0,1.7466889289607934e-05
open_loop,cartpole,800,12,"[1.875369098346533, -2.113921370397763, 3.493104965651375, 21.00054685218936, 0.0057573748246083495]","[1.8739601262626555, -2.1089183370714775, 3.4912144897769823, 20.99473973190597, 1.1089285137558929e-16]",1.2906931207990622e-16,10.442980309555228,0,4.218833934999111e-05
open_loop,cartpole,800,13,"[3.7174852069379716, -0.5909149245407787, 3.8134407092689173, -1.963986265032522, -0.001961297073981183]","[3.717766501209345, -0.5911465022845731, 3.8144027741526316, -1.9641160834140043, 2.3314545336466174e-16]",2.7545477755829637e-16,93.66850365595467,0,1.8608912455420068e-06
open_loop,cartpole,800,14,"[0.5030243684433924, -0.09797643896519721, 2.5054411041517297, -0.04706609242313281, -0.00043488332620778003]","[0.5030838741856256, -0.09803078399598157, 2.505805633712875, -0.04705646392709224, -6.051860166454808e-18]",3.67813563183728e-17,94.62743290084497,0,1.7755541378505768e-05
open_loop,cartpole,800,15,"[0.4523185796861218, -0.3860003872474445, 0.8114324753792508, 3.5775809940443657, -0.0007065839605644442]","[0.4523767924285431, -0.3862342789031335, 0.8114930629668459, 3.5768967855269675, -4.2200326857214954e-16]",5.660465555807523e-16,40.071852632919416,0,4.112906262321303e-05
open_loop,cartpole,800,16,"[7.43184513730104, -2.5432150835767513, 48.444278340821704, 7.7841721230666785, 7.208060467019578]","[7.431840155933959, -2.5430993069440815, 48.443985849188266, 7.784197784509541, 7.205936947851661]",7.32299685221523e-17,8.789987263169872,0,0.0
open_loop,cartpole,800,17,"[-0.003819493060547869, -0.017055249284689593, -0.3695448106232333, 0.21695148069630932, -0.0002138181729147287]","[-0.0038127769602022883, -0.017072835737344142, -0.3694363060417721, 0.21661347525195856, -3.3628416634802004e-17]",2.3700994321617777e-16,525.9046531675973,0,5.288680236503751e-05
open_loop,cartpole,800,18,"[-0.009276072994263336, -0.003733053601952771, -0.06591652907451556, 0.07487883824939612, -0.00020686787511021396]","[-0.009233945557522376, -0.004065971307608269, -0.06583639258269236, 0.07206212267845422, -6.2854937384177475e-18]",1.132079655320889e-16,3.6805440428170524,0,1.5893149097223613e-05
open_loop,cartpole,800,19,"[12.796882397624806, -2.636925844344786, 37.89517159596001, 0.8176142255486587, -0.3863420648227063]","[12.796889970300933, -2.6369386801797177, 37.895210798698834, 0.8176520173222951, -0.3861929004900162]",1.7386502282965206e-17,8.664082423131143,0,0.0
open_loop,cartpole,800,20,"[0.3219015380064792, -0.4475969897206725, 1.3827605212084975, 4.646935257044445, -0.0015041864976903518]","[0.3218808030176891, -0.4477629672622132, 1.3825382303053835, 4.644033377209437, -5.3278388966103755e-17]",1.600012897433785e-16,125.77704508907468,0,3.6576122809606204e-05
open_loop,cartpole,800,21,"[8.876778019460122, -1.7127089034640375, 22.58134040141248, -1.0360523744084427, -0.0028913580764706737]","[8.876615861990881, -1.7129490030910965, 22.584051500786835, -1.0359217516917576, -8.908253228391607e-16]",5.115635300671871e-16,64.74051825197722,0,4.913088943681032e-06
open_loop,cartpole,800,22,"[0.4069563892686903, -0.15351356821327353, 6.085046137980631, 0.863242962918403, -2.850753540854789e-05]","[0.40696428611070457, -0.15351892569444225, 6.086060511446436, 0.8632597123128913, -3.0995783603447137e-16]",7.220776260563043e-16,70.19871769047606,0,5.227489907611016e-07
open_loop,cartpole,800,23,"[6.3813366862653, -1.32471447489841, 20.65599931638734, 0.39825319782017377, -0.005173650812560382]","[6.381599367354343, -1.3252046050645911, 20.657743595199925, 0.39800089788520787, 2.92130685638419e-16]",2.1524830760427184e-16,89.9455161967456,0,2.124075120946145e-05
open_loop,cartpole,800,24,"[-0.2558898547437091, -0.2958025725060843, 0.8800925540017053, 4.22186608829683, -6.385263087257953e-06]","[-0.2558861918370147, -0.29580499968128493, 0.8800931545149407, 4.2218580690036145, 2.099342292507449e-16]",3.193720972351823e-16,16.637886412565255,0,4.5723847577505694e-05
open_loop,cartpole,800,25,"[0.44944243356067903, -0.6715245766559631, 6.1437484279562105, 0.8233623064974993, 9.311213157867348]","[0.44944380956206753, -0.6715350264248533, 6.143722862379317, 0.8233296809997737, 9.31144682260452]",1.444369250874458e-17,8.466061109860425,0,0.0
open_loop,cartpole,800,26,"[-0.7124750767087589, -0.4666460190563547, 0.12733405513232077, 7.4142337786196855, 0.0014218141333102174]","[-0.7126287669959601, -0.46639931621732067, 0.12589661506363098, 7.413935803182967, -4.185910971361566e-17]",8.721208690689478e-17,113.142379320356,0,0.0
open_loop,cartpole,800,27,"[1.0066722480354886, -0.12784945720528726, 4.034762817688213, -0.9225528228227683, -0.000314326425078372]","[1.0067024437567238, -0.127886869921033, 4.0349161551740504, -0.9225536914305876, -9.819697381558444e-17]",2.6945195338364196e-16,96.38712533764088,0,0.0
open_loop,cartpole,800,28,"[0.6306062626394422, -0.07433638714451359, 0.8684824012900787, -0.6481519542504091, 7.643705248175196e-05]","[0.6304685212448393, -0.0743069615723461, 0.8678643713057379, -0.6479202576856253, -1.5005467095195922e-16]",4.660056665116345e-16,22.290518177570004,0,1.662370753763298e-05
open_loop,cartpole,800,29,"[1.6561719561821353, -0.5397936136204923, 8.576149506320558, 2.4787078624809045, -0.002061790719587897]","[1.6563739174688974, -0.5400321740667365, 8.577532017738335, 2.4791610236446164, 2.7889085738958124e-16]",4.4081359426335355e-16,86.9516694102235,0,1.8186342771286945e-05
open_loop,cartpole,800,30,"[0.9662705879400658, -0.09031181691437941, 2.259311675045739, -1.2784494204952934, -0.000457861773871332]","[0.9663818528345869, -0.09037433475220785, 2.2597369033599755, -1.2785222176935926, 7.430288629548004e-17]",2.827125672726123e-16,97.80147994755299,0,1.2715146823438772e-05
open_loop,cartpole,800,31,"[4.788144307821833, -1.0303849131180458, 11.233308281837031, 0.7137672663076234, -0.004279212429424122]","[4.788429525333096, -1.0308190128348147, 11.234523676980137, 0.7136625643343963, -1.271431622919902e-16]",1.448332372241016e-16,90.7597345727876,0,3.641543808896586e-05
closed_loop,cartpole,0,0,"[0.0003233013155755952, -0.00016653350558968724, 0.0023344869988705303, 0.004902960879783742, 1.1800301460212332e-05]","[0.0003213440259982458, -0.00014397161515399055, 0.002331279041121282, 0.005008944503706815, -1.1916864837313695e-19]",5.760139844570811e-17,2.401941162578185,0,1.3515931527763314e-05
closed_loop,cartpole,0,1,"[0.0005782627868760199, 8.199212114226663e-05, 0.0027058088258854842, 0.0010639575135181197, -8.474710901984822e-05]","[0.0005967555703099842, -7.595593727504943e-05, 0.0027322261093473774, 0.0001301919776049985, -2.33787629549924e-19]",5.1400220985871667e-17,3.415218174937753,0,0.0
closed_loop,cartpole,0,2,"[0.0009988552429375012, 0.0005177408524312405, 0.0034389311859714107, 0.0015937527372694722, -0.0003421524632463747]","[0.0010938542323442556, -7.34692640027334e-05, 0.0035649320804711556, -0.0027060999988858863, 6.503872892345811e-19]",8.893086039767323e-17,5.335492578182836,0,0.0
closed_loop,cartpole,0,3,"[0.0020555820929802093, 0.0012462301813163938, 0.006025722201203748, 0.00829025957973076, -0.0010083969350106283]","[0.0024113694984134668, -0.0001850880354726772, 0.006556066438746493, -0.004443810320927534, -7.147790524879518e-19]",1.1206594944731482e-17,9.326321500423655,0,0.0
closed_loop,cartpole,0,4,"[0.015146543030170476, 0.0006663096657715842, 0.04706864434834541, -0.007546788845842751, -0.0026546093081941786]","[0.016327923027689616, -0.0013095440807052812, 0.04945950566160923, -0.02853372132940324, 5.281045096701373e-18]",7.007888981759285e-17,19.950108920505688,0,0.0
closed_loop,cartpole,0,5,"[0.3069986333095881, -0.028304335628867222, 0.8461735765441596, -0.32364667857345997, -0.003333508922106031]","[0.3060119933547865, -0.028337001736137898, 0.8391589389195665, -0.3228882412454604, 4.5285965159824283e-17]",2.048547700114484e-16,230.82783050339017,0,0.0
closed_loop,cartpole,0,6,"[-0.029838697853603064, -0.01531134806129402, 1.3381851412532066, -0.4938678601518805, 1.0718149696688082]","[-0.029848200307052205, -0.01531132957900311, 1.3381839238442277, -0.49387157074388666, 1.0718655885971715]",3.687515232777622e-15,514.7433946496019,0,0.0
closed_loop,cartpole,0,7,"[-22.917670077033392, -0.021704343298045672, -43.45795699056978, 5.686584364687245, 120.86332450595778]","[-22.91766829782921, -0.021702124112487824, -43.457801392806125, 5.68651898701548, 120.86323105476185]",2.7870583444757372e-14,524.161379930103,0,0.0
closed_loop,cartpole,0,8,"[-28.045066016070095, 0.06381897476937481, -50.368949261441024, 7.661315169969233, 142.04399677745357]","[-28.045059873442963, 0.06382462976128545, -50.368577436560294, 7.661180276891715, 142.04372316579816]",1.5897636953277933e-14,533.3763661184802,0,0.0
closed_loop,cartpole,0,9,"[-15.747331902175876, 0.11940570296468835, -31.66460933532942, 6.050937986470676, 74.62414293042423]","[-15.746088850516937, 0.11940128348271438, -31.664571002495688, 6.051217462993607, 74.61786001682425]",1.315445057904412e-14,541.3450294061612,0,0.0
closed_loop,cartpole,0,10,"[-3.985902383875267, 0.14939726458545896, -14.847258222305367, 4.139931829474355, 12.068097414478524]","[-4.001799130657905, 0.1494375311155855, -14.859870356096494, 4.1407130988305, 12.147901094275733]",6.0071441722914264e-15,546.9705294960931,0,0.0
closed_loop,cartpole,0,11,"[-8.7101709649101, 0.17153304901321204, -17.00437687390016, 4.351965070105129, 34.89027130212466]","[-8.696006912469391, 0.17138298209733252, -17.004842802261624, 4.356474125161441, 34.822531537944734]",3.196904681949559e-15,550.4878594629548,0,0.0
closed_loop,cartpole,0,12,"[-11.013549668715484, 0.19439166322242, -16.443157979113295, 4.064528424659184, 45.399898826274125]","[-11.013577033628803, 0.19439227069632622, -16.4431627725837, 4.0645223796615815, 45.40001254417953]",2.6168319328268693e-15,552.1833034550219,0,0.0
closed_loop,cartpole,0,13,"[-11.666396708048895, 0.2043679296159357, -14.235423057721913, 3.560937563469646, 48.111793099101256]","[-11.666436137941318, 0.20436837449493758, -14.23543826704049, 3.5609346862050604, 48.11197461810767]",3.032632451263606e-15,552.5086688305116,0,0.0
closed_loop,cartpole,0,14,"[-11.790536514301596, 0.21367791227650657, -11.966217926763914, 2.9758437037407024, 48.323819887961825]","[-11.790572806109056, 0.21367834174578532, -11.966230314223859, 2.9758407098149053, 48.32398667127982]",1.9049000299050174e-15,551.9308274650853,0,0.0
closed_loop,cartpole,0,15,"[-11.948119190273026, 0.2210028664079975, -9.918266105403976, 2.6000499916534343, 48.555162125165964]","[-11.948152449149877, 0.22100327535119665, -9.918276035655012, 2.6000469473317778, 48.55531362275112]",3.2680797643430635e-15,550.7667154837025,0,0.0
closed_loop,cartpole,0,16,"[-12.081128149344826, 0.22702535897031104, -7.982709276833564, 2.256002557045492, 48.82034883222458]","[-12.081158303130652, 0.22702574139153134, -7.9827169797465825, 2.2559995820177217, 48.820485731621666]",4.473515290719576e-15,549.4333517834136,0,0.0
closed_loop,cartpole,0,17,"[-12.20840953060481, 0.23227094944278415, -6.123125416316601, 1.91095772201116, 49.07858816930179]","[-12.208436453031705, 0.23227129830113763, -6.123131172257233, 1.910955032599156, 49.07870949356173]",1.5976655028166515e-15,548.0819056937167,0,0.0
closed_loop,cartpole,0,18,"[-12.326953387261025, 0.23686462585801982, -4.372109833226859, 1.578753603700732, 49.36093195253463]","[-12.326977058718168, 0.23686493950166454, -4.372113847841016, 1.5787510615219857, 49.36103823392317]",2.1928710606280006e-15,546.7983748534305,0,0.0
closed_loop,cartpole,0,19,"[-12.480911886515438, 0.24161621325336097, -2.742252097305335, 1.266417135086587, 49.71115751908518]","[-12.48093244759772, 0.24161649083069445, -2.7422546800726892, 1.2664148040506413, 49.711249417208506]",2.441884051318559e-15,545.6140410963069,0,0.0
closed_loop,cartpole,0,20,"[-12.563634736653919, 0.24502394962302718, -1.1761494334641638, 0.953620949912775, 49.95482960811193]","[-12.563652278543687, 0.24502419163811617, -1.1761508290664804, 0.9536187473902823, 49.95490903176722]",2.9947689252591492e-15,544.5688445056564,0,0.0
closed_loop,cartpole,0,21,"[-12.57279649901107, 0.24687469806840287, 0.29025538175068727, 0.6228803644216026, 49.83795600711635]","[-12.57285134653237, 0.2468754156137724, 0.29025267931907783, 0.6228721316888414, 49.838203711058036]",2.908043721688922e-15,543.6619229086806,0,0.0
closed_loop,cartpole,0,22,"[-12.809696238192517, 0.25221612032950197, 1.6453511247031551, 0.34671520099901887, 50.83375980081373]","[-12.809743578764694, 0.2522167462835938, 1.6453504474499012, 0.3467081087261643, 50.833973365034325]",2.415082161955728e-15,542.8229096598697,0,0.0
closed_loop,cartpole,0,23,"[-13.062056006603118, 0.2578135127202138, 2.9448673339227263, 0.07676650166602528, 51.686064969533106]","[-13.062097838806457, 0.25781407160894265, 2.9448682433844335, 0.0767602550025728, 51.68625157001348]",2.2836912371455254e-15,542.0842056677411,0,0.0
closed_loop,cartpole,0,24,"[-13.32901843268865, 0.2636209972614078, 4.1883247360332, -0.18373388745714347, 52.45059276206063]","[-13.329055004453245, 0.26362148779899097, 4.188326927959443, -0.18373871132215955, 52.45075725930248]",3.5487297830531138e-15,541.4295642007428,0,0.0
closed_loop,cartpole,0,25,"[-13.459029047679715, 0.26717518296584053, 5.315505426844637, -0.4844055959183571, 53.12993925297162]","[-13.459063916530727, 0.26717564989052284, 5.315508839137397, -0.4844093019044825, 53.130093343837736]",2.411110996461493e-15,540.8792767505785,0,0.0
closed_loop,cartpole,0,26,"[-13.640311496016992, 0.2717196746267299, 6.396392723287073, -0.7564139288492457, 53.742465042924856]","[-13.640345853908169, 0.27172012948143864, 6.396397486821922, -0.7564160876761636, 53.74261451264689]",2.16910160730659e-15,540.3826210443325,0,0.0
closed_loop,cartpole,0,27,"[-13.511263807449879, 0.2701800498856514, 7.19776459924278, -1.0206790679172455, 53.317039892029214]","[-13.511327497867532, 0.27018086875474223, 7.19777166296051, -1.0206874804051316, 53.31732377920782]",1.7802427481446932e-15,539.9670942929939,0,0.0
closed_loop,cartpole,0,28,"[-13.554321055944994, 0.2707989238803408, 7.961131496534608, -1.2379395057389129, 53.4708114746725]","[-13.554358035213706, 0.2707994093840272, 7.961136578744309, -1.2379448529026718, 53.470976034424325]",2.9686125010308447e-15,539.5325065348593,0,0.0
closed_loop,cartpole,0,29,"[-13.588486608614382, 0.2715916587155329, 8.647487379601973, -1.4318838577697885, 53.67013243302961]","[-13.588510771738784, 0.2715919707642488, 8.64749118750029, -1.431886081890457, 53.670239215298935]",1.7341084796217713e-15,539.1407113773404,0,0.0
closed_loop,cartpole,0,30,"[-13.657159597077438, 0.2731839448695191, 9.278350354457942, -1.6121585935310003, 53.94909688298236]","[-13.657189366877851, 0.2731842983173134, 9.27835619627109, -1.6121568692946946, 53.949222500087565]",3.057394578858949e-15,538.7722322744411,0,0.0
closed_loop,cartpole,0,31,"[-13.237131800038151, 0.26490440084745226, 9.169908923674894, -1.8337341761785644, 52.49636584184799]","[-13.23716260706855, 0.2649047567734026, 9.169911569132312, -1.8337345281752677, 52.4965018064003]",3.605979441090398e-15,538.461268733361,0,0.0
closed_loop,cartpole,0,32,"[-13.090980788314441, 0.26124384118829314, 9.268091187964218, -1.9607107200896223, 52.045531358128144]","[-13.091002277894635, 0.2612440535645138, 9.26809235843977, -1.9607065600826874, 52.04562400533904]",2.8760960310487088e-15,538.1099555109919,0,0.0
closed_loop,cartpole,0,33,"[-12.610556723430175, 0.2519945919172717, 8.754425748991938, -2.1249376462820835, 50.44523075399813]","[-12.610618064233101, 0.2519951791519365, 8.75442621215691, -2.124929918878157, 50.44550081978563]",3.2898164982799994e-15,537.831588104134,0,0.0
closed_loop,cartpole,0,34,"[-12.203046594438984, 0.2416248563490048, 7.959023691881315, -2.228481748568378, 49.089654328507905]","[-12.203077745781084, 0.24162505412018995, 7.959021933685695, -2.228467839722797, 49.08978718588481]",3.508922327719601e-15,537.4743008734157,0,0.0
closed_loop,cartpole,0,35,"[-11.738750695856837, 0.23060667429009063, 6.891734186035707, -2.311104324744474, 47.55610890723416]","[-11.738824376395026, 0.23060724012497963, 6.891744667150788, -2.3110810657951153, 47.556426329466234]",4.232663312480487e-15,537.1445094113752,0,0.0
closed_loop,cartpole,0,36,"[-10.712328347873385, 0.2081058116984529, 4.691559164222552, -2.3603224235591145, 44.33990162430848]","[-10.712396798991714, 0.20810612595935316, 4.691542025848094, -2.3602954922923027, 44.340205427798395]",7.639450467207431e-15,536.8621249823683,0,0.0
closed_loop,cartpole,0,37,"[-9.505653591423128, 0.18187193995925408, 1.827409885711285, -2.393106932712681, 40.36413334147312]","[-9.50573405938089, 0.1818717759411975, 1.827274453911777, -2.3930797862369575, 40.3645611882812]",7.107584075677203e-15,536.599100812995,0,0.0
closed_loop,cartpole,0,38,"[-8.724765073274892, 0.16460422563690366, -0.19991967210471184, -2.363635214626198, 37.734201699688114]","[-8.724829753465627, 0.16460301687598378, -0.20024660139655093, -2.363608248415088, 37.73465258492085]",4.332357130819367e-15,536.4712560818814,0,0.0
closed_loop,cartpole,0,39,"[-7.100796510027462, 0.1280335513408259, -4.764918074849848, -2.3168123064709643, 32.614683594954194]","[-7.101050632016547, 0.12803696473394519, -4.764487976058794, -2.316755795498049, 32.61561914536187]",1.138895776139623e-14,536.2546684792053,0,0.0
closed_loop,cartpole,0,40,"[-5.347848559137244, 0.08835658301344888, -10.04049496591181, -2.2264462309295396, 27.06625682063044]","[-5.347904461828423, 0.08835724728438266, -10.040430000986175, -2.2264393576173127, 27.06647968337235]",6.536601641440805e-15,536.1624735036662,0,0.0
closed_loop,cartpole,0,41,"[-3.3438891880328088, 0.042956160910755464, -16.595706456555142, -2.1088425943821942, 20.823040629819108]","[-3.3437916919494586, 0.04295523494876298, -16.595872369089026, -2.108878742305908, 20.82267718465481]",5.282464431811095e-15,536.009593050183,0,0.0
closed_loop,cartpole,0,42,"[-0.9987533288247522, -0.008867650441045899, -24.232066305258144, -1.940072719191842, 13.412834663623025]","[-0.9986290892132227, -0.008868784300221071, -24.232318129492327, -1.9401254859232635, 13.412385684128452]",9.129273592159331e-15,535.940366276917,0,0.0
closed_loop,cartpole,0,43,"[1.4159907909565217, -0.061031239385355464, -32.615159558231824, -1.7734424423730017, 5.818392437686749]","[1.4160619589196068, -0.061031860863184635, -32.61535497342586, -1.7734838682245708, 5.818155250445165]",8.27627302747403e-15,535.9578627860573,0,0.0
closed_loop,cartpole,0,44,"[3.6537633780152006, -0.1086942033771749, -41.02771732161299, -1.572377579248459, -1.0597150219339846]","[3.653799979759991, -0.10869455385445864, -41.027841819735016, -1.572401120191322, -1.0598304935859784]",7.775684126534605e-15,536.064489412481,0,0.0
closed_loop,cartpole,0,45,"[5.397672541471792, -0.14547313188537872, -48.29508806927358, -1.3372910423434847, -6.3235798139439785]","[5.397682035595886, -0.1454732313655693, -48.29512369718732, -1.3372952106477292, -6.3236091779954196]",6.6923015610524186e-15,536.257053007834,0,0.0
closed_loop,cartpole,0,46,"[6.613614618363895, -0.17087731227184066, -54.42035093095921, -1.0942188355310343, -9.815438962513308]","[6.613564661745716, -0.1708765182034626, -54.42025524524372, -1.0942085327579472, -9.815263632940372]",2.256488860817756e-14,536.5163844843238,0,0.0
closed_loop,cartpole,0,47,"[7.223497190445163, -0.18333147281071713, -58.77998177537548, -0.8511014048943659, -11.398359609234598]","[7.226905859202043, -0.1834056458588701, -58.77862431584002, -0.8503315352111291, -11.412807537299296]",7.832831839463672e-15,536.832817804921,0,0.0
closed_loop,cartpole,0,48,"[7.203488412956391, -0.18200590001834635, -60.57705948780637, -0.599790782381481, -11.160483540044915]","[7.2010814910015455, -0.18195311543845308, -60.57917142761131, -0.6003895207113309, -11.149823023228842]",2.4662545427518316e-14,537.2034460433714,0,0.0
closed_loop,cartpole,0,49,"[6.600406115382603, -0.16844384181182465, -60.15741738963589, -0.3927010507179556, -9.244346791106043]","[6.600437515116738, -0.16844452935977516, -60.15736825282418, -0.3926911160481289, -9.244492920406834]",2.1470882180512915e-14,537.60546817245,0,0.0
closed_loop,cartpole,125,0,"[-0.0003141031954141809, -0.00041316917592040787, 0.00016965245129374473, 0.016379293527379865, -1.8575165052380947e-06]","[-0.0003138655576869159, -0.00041672000272779876, 0.00017004938501859947, 0.016362862055320334, -5.877776427684492e-20]",1.98004593323293e-17,2.2615194650539188,0,1.825923951059849e-05
closed_loop,cartpole,125,1,"[-0.00020085927732120697, -0.00013711193206906362, -0.0004574182030596403, 0.008244078410423832, -2.9925492061893925e-05]","[-0.00019439756074624698, -0.00019289475933044473, -0.00044829531228866403, 0.007914961094590545, 8.426222942790741e-20]",1.3496776167402137e-17,3.3051994408020913,0,0.000680407712323472
closed_loop,cartpole,125,2,"[0.00011176660370820941, 0.00016132513512791765, -0.000711680195363884, 0.005474467931579287, -0.00015476857813113295]","[0.00015479893675757815, -0.00010622937696826516, -0.000654255254572395, 0.003529896017847217, 1.3529948038043888e-20]",8.19550388413387e-18,5.366783768833055,0,0.0
closed_loop,cartpole,125,3,"[0.0011355863477451767, 0.0005911325884793857, 0.0008688060024810696, 0.008967265525710134, -0.0005534435261980088]","[0.0013349660389158824, -0.0001955781357985273, 0.0011850360402088126, 0.001941550089231576, 1.0543585006994864e-18]",2.84439045050665e-17,9.782817746739866,0,0.0
closed_loop,cartpole,125,4,"[0.013919187859915569, 3.095236045588465e-05, 0.03967589487461968, -0.008724289608281439, -0.0016459904708590882]","[0.014663789887402086, -0.0012036577323349725, 0.04125665287896676, -0.021924254520042704, 4.0463217857029405e-18]",2.1953563208008748e-16,22.217919238607692,0,0.0
closed_loop,cartpole,125,5,"[0.2510913350958076, -0.024541506632468856, 1.1251790007068871, -0.3551219500604163, -0.002895324916127279]","[0.2501192796180264, -0.024564664550054387, 1.1220894408198754, -0.354960700594067, 5.477235778022781e-17]",4.001353773972276e-16,230.04036047338386,0,0.0
closed_loop,cartpole,125,6,"[0.1053703167568626, -0.013135657382337261, 2.5860053374817875, -0.6968816685667868, -0.0004953384749031564]","[0.10528208762343028, -0.013135965424743566, 2.5858244220646527, -0.6968676015389511, 2.3184328491390647e-16]",5.1870018277288605e-15,546.5505309424642,0,0.0
closed_loop,cartpole,125,7,"[0.30213854149487485, -0.030924948424520902, 4.416831828043674, -1.3285917340101048, 0.0002797972674459699]","[0.30221182843724903, -0.030924438763900466, 4.417207850386749, -1.3288490581006827, 3.0108683322691265e-16]",6.645918668086182e-15,810.1253982676134,0,1.3218477420195995e-05
closed_loop,cartpole,125,8,"[0.6911779509822898, -0.05546468271454055, 6.502159910639318, -2.485669301033564, 0.0009387372507767416]","[0.6912646723840477, -0.05546522554034384, 6.502302221880709, -2.4857022770185697, -2.736800418405475e-15]",2.0629060875019544e-14,1301.052054327951,0,0.0
closed_loop,cartpole,125,9,"[1.7364258024478318, -0.10639208981468944, 11.311119958690506, -5.918451331648333, 0.0015391245513607377]","[1.7365354985516492, -0.10639295598111617, 11.311413446974594, -5.918654760922414, -4.3267987212541796e-16]",3.380066892948657e-14,2658.441679347658,0,2.9137252965938387e-07
closed_loop,cartpole,125,10,"[3.3247488431005947, -0.12714454646493323, 15.416425729168349, -9.631481409961673, -26.052822474884813]","[3.3244066874169733, -0.12713538828011667, 15.41632798226287, -9.631651430395024, -26.04143953002294]",1.0064351099510738e-15,4379.550938501144,0,0.0
closed_loop,cartpole,125,11,"[2.21073433325536, -0.09287424122744749, 10.827769002971795, -7.985585516323255, -0.0014356083922173468]","[2.210665244517078, -0.09287240091160304, 10.827691114570952, -7.985544641358988, 7.958928458212329e-16]",3.0030973588396727e-15,3823.261990793153,0,0.0
closed_loop,cartpole,125,12,"[2.416608432018936, -0.1017771034440962, 9.389561278071914, -7.952314529587121, -0.0022985144711356043]","[2.4165057158391003, -0.10177438981498056, 9.389486787068732, -7.952275726742439, -3.2954652798764643e-15]",6.507738354832781e-15,3946.147692217063,0,0.0
closed_loop,cartpole,125,13,"[2.544375452824306, -0.10648355400537902, 7.594434141171945, -7.641563087054042, -0.0025364717091242994]","[2.5442704888711916, -0.1064808381695265, 7.594394452504576, -7.6415466947844255, -3.4518614461508114e-15]",5.785173553305111e-15,3998.3392244322536,0,0.0
closed_loop,cartpole,125,14,"[2.65430580686475, -0.10986453562264396, 5.782091681244935, -7.354568916600199, -0.0010690072334842426]","[2.654265004992504, -0.10986350923475419, 5.782087544496777, -7.354571767166107, 1.6296728894842082e-15]",4.044166685890392e-15,4071.8452790043493,0,0.0
closed_loop,cartpole,125,15,"[2.6731114197559327, -0.10929846740080502, 3.873907515496274, -6.85360403151643, 0.0005140298616144179]","[2.673129355915709, -0.10929889992941397, 3.8739055883701723, -6.853598327300118, -6.773223038207248e-16]",3.5600824938065e-15,4051.9924320756286,0,0.0
closed_loop,cartpole,125,16,"[2.747380564161038, -0.11133744426299785, 2.1339288604297413, -6.602673753281986, 0.00204984665750807]","[2.747446056780539, -0.11133895275298088, 2.133914864758153, -6.602636733551095, 2.5601353719450374e-15]",5.461237273533273e-15,4131.68881574865,0,0.0
closed_loop,cartpole,125,17,"[3.026401681013341, -0.12153392200904571, 0.48262747342222084, -6.7427405033359795, 0.0001816815577662112]","[3.02641127808811, -0.12153420368799976, 0.48262610758670177, -6.742744444884686, -3.4864926599873655e-15]",7.8119663500495e-15,4067.665296919201,0,0.0
closed_loop,cartpole,125,18,"[3.151419680724722, -0.1253091274670676, -1.2719318456162967, -6.5218163675668235, -7.050701486477351e-05]","[3.151418439908256, -0.12530910253897976, -1.271932358625379, -6.521818442505484, -1.7497006585060417e-15]",6.996132446723571e-15,4266.56019789851,0,0.0
closed_loop,cartpole,125,19,"[3.1293416057489654, -0.12403671840902027, -2.957571043359854, -6.1920637467814075, 2.414382451059069]","[3.12933949666339, -0.12403665639377418, -2.9575706772729835, -6.192065423135835, 2.414456602445333]",4.5871958036054e-15,4340.130986559183,0,0.0
closed_loop,cartpole,125,20,"[2.922999773494943, -0.11706008544730946, -4.482000255455803, -5.796783833700799, 8.265128971301088]","[2.9229990355839477, -0.1170600682727861, -4.481999830509551, -5.7967831502159575, 8.265140794186106]",4.029385330623071e-15,4332.026101564268,0,0.0
closed_loop,cartpole,125,21,"[2.2182952070015975, -0.09561511113592347, -5.6093816186206045, -5.391567185416098, 25.58612300734545]","[2.2182959345303876, -0.09561511845292973, -5.609383086898357, -5.391570913884312, 25.586146016665413]",6.431797004205241e-15,4324.67118006128,0,0.0
closed_loop,cartpole,125,22,"[1.9132310458458595, -0.08640658014038075, -6.934310611270998, -5.127722728276806, 34.5133607330778]","[1.9132326366929617, -0.08640661255464258, -6.934312969785934, -5.127726362263562, 34.51336154957238]",3.1321234132495223e-15,4318.512114506017,0,0.0
closed_loop,cartpole,125,23,"[1.5261902232151257, -0.07263712174827573, -7.713708446407833, -4.572461536127711, 41.545499280566936]","[1.526317231652372, -0.07264035031979835, -7.713882902592974, -4.572631737437341, 41.5445284460093]",3.3144015196614518e-15,4313.161600110572,0,0.0
closed_loop,cartpole,125,24,"[1.1757733368236103, -0.06081211475365591, -8.516568152657301, -4.15188925486844, 48.82501745694221]","[1.1757750564062017, -0.06081215619470494, -8.516571186647509, -4.151892104522718, 48.82501052560699]",5.6652156681587925e-15,4308.5235154252205,0,0.0
closed_loop,cartpole,125,25,"[1.1958626259645309, -0.06206949509237544, -10.166370876731985, -4.047213918104564, 52.17390082787092]","[1.1958609272030183, -0.0620694496690377, -10.166368243120353, -4.047212375631674, 52.173921002727965]",4.457201836982558e-15,4304.638207500173,0,0.0
closed_loop,cartpole,125,26,"[-0.6239446813029836, -0.005633456556069619, -8.623369398178895, -3.313262542926112, 85.67095847281198]","[-0.6239349661302471, -0.0056334752119437835, -8.623416405473316, -3.313318784813958, 85.67139982442114]",4.4893594452276654e-15,4305.93275526123,0,0.0
closed_loop,cartpole,125,27,"[-0.9784423843710426, 0.00788977653026415, -8.728914675840269, -2.9010889916621863, 89.6458904559912]","[-0.9784337525057843, 0.007889723497941007, -8.728961165843067, -2.9011375676479387, 89.64632496027994]",3.082068148452862e-15,4301.98451469613,0,0.0
closed_loop,cartpole,125,28,"[-0.454567497035682, -0.006098968908293662, -10.048417466323672, -2.594958396114762, 76.20560972993752]","[-0.45455678529750526, -0.0060991291790960175, -10.048467045274187, -2.5950007431851914, 76.20595673086227]",4.951184784431919e-15,4298.578403147463,0,0.0
closed_loop,cartpole,125,29,"[-0.131079327684813, -0.013357960013229267, -10.607200746028326, -2.1426100938371158, 64.40520510366879]","[-0.1310850930244581, -0.013357710026373865, -10.607221120972365, -2.142638968925803, 64.40580143812129]",3.591503885219242e-15,4295.474796448342,0,0.0
closed_loop,cartpole,125,30,"[-1.0705284785131317, 0.017932820005520024, -8.510793934627785, -1.4772380430758032, 74.42246370461025]","[-1.0705180218149641, 0.01793308722328109, -8.510930439502227, -1.4773593121944784, 74.42390730046239]",8.28151145198496e-15,4295.035156109117,0,0.0
closed_loop,cartpole,125,31,"[-0.2182630468369049, -0.006899593579172839, -10.29363324031701, -1.2753515936954725, 56.2636150786545]","[-0.21823227334585987, -0.006900039061903487, -10.293800187552234, -1.2754586579716207, 56.264352901957864]",4.598314076746609e-15,4291.701226627733,0,0.0
closed_loop,cartpole,125,32,"[0.4743560381568217, -0.026216806975059296, -10.92003477663927, -0.9843171261673054, 37.017270141168524]","[0.4743782318318582, -0.0262173955041087, -10.920099244308883, -0.9843400004706999, 37.01709552140712]",9.597824669384518e-15,4288.409461148129,0,0.0
closed_loop,cartpole,125,33,"[-0.3009237216769923, -0.0002566379592033579, -8.857679761276767, -0.5503005361263998, 44.75008750573913]","[-0.3008037111096854, -0.0002586339990078884, -8.858246829704774, -0.5505720916927671, 44.750930138431585]",8.363156788691807e-15,4286.577563223091,0,0.0
closed_loop,cartpole,125,34,"[0.6653946974043712, -0.030685994950486052, -11.029065084058802, -0.4407424260645244, 25.335563031101312]","[0.6653258870474561, -0.030682993878183677, -11.029244209438291, -0.4409197683135796, 25.339645962438954]",6.10266236603668e-15,4282.473380399784,0,0.0
closed_loop,cartpole,125,35,"[1.0028725564868965, -0.041537719400185004, -10.203806597827274, -0.2177802146981246, 12.207494669099583]","[1.002875294143232, -0.041537820195840444, -10.203798796179782, -0.2177771319191583, 12.207350476302882]",8.847432792169004e-15,4280.1267910296965,0,0.0
closed_loop,cartpole,125,36,"[1.0274270045618104, -0.03887995130223412, -8.9567339004088, -0.1431744604214619, 6.023559366406715]","[1.0272703061672377, -0.038873855259811345, -8.956685669408362, -0.1432347379031839, 6.027524919156454]",8.271277749957188e-15,4274.716413444826,0,0.0
closed_loop,cartpole,125,37,"[1.068751236494763, -0.04008009927311975, -7.4091203613599115, -0.09585563308002791, -0.3875747675689363]","[1.0687214800170621, -0.04007924454199994, -7.409026226046476, -0.09583562369295057, -0.3872894972366244]",1.2341946449187777e-14,4270.72117935134,0,0.0
closed_loop,cartpole,125,38,"[1.312995694171549, -0.04915568779797047, -6.369780035942846, -0.14503380251255987, -9.050164093484376]","[1.312939138824849, -0.04915407683926497, -6.369580265735938, -0.1449909371543524, -9.04976896831243]",1.872917998769014e-14,4266.614267641239,0,0.0
closed_loop,cartpole,125,39,"[1.335629588367665, -0.048989285463356326, -3.932936029595139, -0.29259342426421414, -15.826207782787034]","[1.3355729739323958, -0.04898766022195667, -3.932747334924665, -0.29256046008785924, -15.825676275015498]",2.1014832114784378e-14,4261.613639490133,0,0.0
closed_loop,cartpole,125,40,"[1.6397154784126184, -0.060388400079737156, -3.0678124210818907, -0.5426426312577751, -23.456135374612806]","[1.6397893123842406, -0.06039052689501554, -3.068046980681639, -0.5426782993616979, -23.457014942417622]",1.4316835098336347e-14,4256.863907710588,0,0.0
closed_loop,cartpole,125,41,"[1.1640942368383014, -0.045218493309209566, 0.5292022344497571, -0.6361517942889531, -21.467028871254993]","[1.164041811193768, -0.04521690418847781, 0.5293767217100026, -0.6361299954166764, -21.466439017915885]",1.8114832560323773e-14,4251.781609868209,0,0.0
closed_loop,cartpole,125,42,"[1.0779030821650364, -0.04578747893890258, 4.122373259686849, -0.9629245525174662, -26.00973616892593]","[1.0780619212904339, -0.04579248856713614, 4.121833469453635, -0.9629846313870315, -26.011462907639125]",2.827165384160742e-14,4247.431390032318,0,0.0
closed_loop,cartpole,125,43,"[1.0091973454756777, -0.046533648860060776, 6.139670136129574, -1.175154654481809, -27.256619190931687]","[1.0099530409701414, -0.0465577632369197, 6.137235291811802, -1.175384351173073, -27.26594392033469]",1.9960337270635896e-14,4244.199917272461,0,0.0
closed_loop,cartpole,125,44,"[0.8545251000935256, -0.04560823174843906, 9.038066522424446, -1.4209592497088523, -28.774851152664468]","[0.8554988124691421, -0.04563894812617496, 9.035056045329469, -1.4212203451992764, -28.787066852442592]",3.903361249849841e-14,4244.867919261359,0,0.0
closed_loop,cartpole,125,45,"[0.5379830530524696, -0.040787502773550054, 12.586626004651341, -1.6143224919273915, -27.51411216389939]","[0.5379524046343188, -0.04078637872378984, 12.586763108981643, -1.6143132127361144, -27.513911258721013]",3.7498412513138443e-14,4245.569953483133,0,0.0
closed_loop,cartpole,125,46,"[0.562632861374759, -0.05056081114014986, 15.59165915987317, -1.9881176362122546, -31.217735717525613]","[0.5625243770434584, -0.050557303440972784, 15.59203286008917, -1.9880753899549792, -31.216611752922034]",5.854804627430931e-14,4249.184013805838,0,0.0
closed_loop,cartpole,125,47,"[0.4176168821428183, -0.05365924142102105, 17.87616879969827, -2.0822098781089027, -30.25313248051138]","[0.41761282107938713, -0.05365856945244821, 17.87627741072672, -2.0822264345882195, -30.25314016133085]",3.064300936442883e-14,4254.927213843671,0,0.0
closed_loop,cartpole,125,48,"[0.3047905173000253, -0.0603602660007572, 20.54925585610617, -2.1970241852244707, -30.797700057460013]","[0.3045084172654283, -0.06035009092685268, 20.550134332942246, -2.196882038280679, -30.79558597627714]",5.53951177908053e-14,4261.247350910991,0,0.0
closed_loop,cartpole,125,49,"[0.017066029399225628, -0.06408302067244417, 25.727939605260698, -2.4925602779133484, -32.321583196963864]","[0.01697091590829694, -0.06408055739867284, 25.728183289622038, -2.492456381467189, -32.320832827545956]",4.7657208101740584e-14,4269.748441363687,0,0.0
closed_loop,cartpole,250,0,"[-0.0011205683458151135, -0.0006914508868789763, -0.0032571417052996952, 0.02623792557207389, -2.2087124443586844e-05]","[-0.0011168839216955226, -0.0007336811217969362, -0.003250486026279311, 0.026039085917940002, -1.880509325907379e-19]",1.4529695038889652e-17,2.157255923616438,0,1.67372081278927e-05
closed_loop,cartpole,250,1,"[-0.0011886784510570366, -0.0004713657501485563, -0.0048666797300216886, 0.014844716837647466, 5.876049335341445e-05]","[-0.0012015843246810912, -0.0003618074312793407, -0.004885089052887457, 0.015491191977197786, 1.1711792492190796e-19]",2.6577940738700442e-17,3.2175370145537494,0,3.442886685434132e-05
closed_loop,cartpole,250,2,"[-0.0010527331857768836, -0.0004480713664913892, -0.006207052549101862, 0.008664215924111011, 0.000146186249404373]","[-0.0010934086396506917, -0.00019516553905140631, -0.006261363949011874, 0.010499973547218523, -5.301361466017589e-19]",2.853641261440091e-17,5.380394832449321,0,0.0
closed_loop,cartpole,250,3,"[-0.000261015583053451, -0.0005374408283596763, -0.006224237616825402, 0.007095418705264027, 0.00020761448552285904]","[-0.00033578272396483244, -0.00024152838936796774, -0.006342813021666687, 0.009733346414416017, -1.4031389970448248e-19]",8.205677760506859e-17,10.114712181401917,0,0.0
closed_loop,cartpole,250,4,"[0.009003409901292558, -0.0009101174571786738, 0.018198142151026397, -0.006228525376042947, 0.00011400347641771788]","[0.008951531214291156, -0.0008233829682947202, 0.01808799315919441, -0.005302271359918567, -4.115779901629911e-18]",3.1707733704926993e-16,24.026184381497067,0,0.0
closed_loop,cartpole,250,5,"[0.1800511171258472, -0.015896091569001677, 0.7249786199454317, -0.20980637015758294, -0.0017263857422383582]","[0.17945689574811136, -0.0159098118909091, 0.723095171461078, -0.2097098426826694, -4.223041442135381e-17]",3.008031859128694e-16,248.06853553368853,0,0.0
closed_loop,cartpole,250,6,"[0.08924473333844075, -0.009009345142373924, 1.640101553357051, -0.37391449146706757, -0.00018194798994217165]","[0.08920583342913983, -0.009009228955776442, 1.6400676459428498, -0.373906373375789, 7.917189767575206e-16]",4.996274329253652e-15,605.15013521483,0,0.0
closed_loop,cartpole,250,7,"[0.2626959018853623, -0.025210145844759356, 2.873654255895683, -0.681999056323183, 0.0003816024937254871]","[0.2627468414645593, -0.025210251726655128, 2.873748858845896, -0.6820127855946048, -1.4678083934545232e-15]",2.2217083415737065e-14,906.3945207990896,0,5.4964621369890665e-06
closed_loop,cartpole,250,8,"[0.5074076578170699, -0.04283273778659576, 3.6699513578414535, -1.022849077436891, 0.0008538845671191564]","[0.5074854126528529, -0.04283321655385235, 3.6700760744865333, -1.0228747921106762, -3.142093704183963e-16]",2.338007626767737e-14,1473.9504308062526,0,1.3220940928704294e-06
closed_loop,cartpole,250,9,"[1.0702303358342027, -0.07632436439366208, 5.7791159742800735, -2.1596631837190374, 0.001191418163201785]","[1.0702892422351376, -0.076325002800142, 5.7791982113585245, -2.1596878819916348, -2.1737188930555584e-15]",1.6950994023045288e-14,3061.4030249458847,0,6.5287046737694254e-06
closed_loop,cartpole,250,10,"[2.990017691014053, -0.10412485509703871, 8.408731858310817, -3.5450807371851174, -58.56887475259589]","[2.990073250657069, -0.10412593968626539, 8.40889100302514, -3.545243101444475, -58.5688118346351]",2.6205707048038535e-15,5505.990337806996,0,0.0
closed_loop,cartpole,250,11,"[1.083785272463579, -0.05153281655639575, 5.150607447795828, -2.808114997563825, -0.00019932424851276664]","[1.0837773721421586, -0.0515326369753004, 5.150603551979179, -2.8081142765449587, 1.0114312570613509e-15]",4.492215993014888e-15,4319.224458386045,0,0.0
closed_loop,cartpole,250,12,"[1.2146338403841082, -0.057595760474261015, 4.636132706336586, -2.8722986626722333, -0.0007723227061919857]","[1.214605247278059, -0.057595138968004965, 4.636128422287946, -2.8723011951235944, -3.266671038947822e-16]",3.0883076369040995e-15,4325.763161446537,0,0.0
closed_loop,cartpole,250,13,"[1.2831431175807424, -0.06055567519192984, 3.850237354530959, -2.797252652190919, -0.0007793202792578668]","[1.2831162985711617, -0.06055512928585265, 3.8502411259077087, -2.7972602983174992, -5.58955419589768e-16]",4.343979706825631e-15,4386.87293425435,0,0.0
closed_loop,cartpole,250,14,"[1.2761760773832795, -0.059087705755183434, 2.845518178338806, -2.574482160738077, 0.0006014757765075984]","[1.2762252639016791, -0.059088969071212964, 2.8455467455961387, -2.574537788623812, 1.1030085888606821e-15]",3.676275420429297e-15,4213.378833141065,0,0.0
closed_loop,cartpole,250,15,"[1.3668132347087456, -0.06221506221472902, 2.117231032976752, -2.5602227288918176, 0.0004961376066239254]","[1.3668423676085182, -0.062215847839902076, 2.1172383857027968, -2.560239605042144, -5.325118848807545e-16]",6.226376395184065e-15,4377.0130690654905,0,0.0
closed_loop,cartpole,250,16,"[1.4612918771906096, -0.06604335380065424, 1.3562329581357522, -2.5644418763973547, 0.0003520696202077289]","[1.4613101481535156, -0.06604386026909874, 1.3562335682398348, -2.5644480641393246, 9.874084663797048e-16]",5.206098806215352e-15,4504.557070341037,0,0.0
closed_loop,cartpole,250,17,"[1.4654708785836452, -0.06521624156200216, 0.5090607091827422, -2.376542529319578, 0.00021465742355797346]","[1.4654831462365747, -0.06521658399064593, 0.509058748363986, -2.376549479822616, 7.296965470822211e-16]",2.7744922249273868e-15,4589.55981777976,0,0.0
closed_loop,cartpole,250,18,"[1.4000161145023204, -0.06138225924226279, -0.264137412115357, -2.0839238306598653, 7.428550944954537e-05]","[1.40001952821002, -0.06138235386535789, -0.26413830908628466, -2.083924554758727, 7.722794599992528e-16]",6.043337579242549e-15,4734.568353485149,0,0.0
closed_loop,cartpole,250,19,"[1.454182241413934, -0.06326976419206716, -1.0408576428922254, -2.0184880892271826, -0.00010648814008895613]","[1.4541761393472243, -0.06326956012402003, -1.0408543798041976, -2.01848796671733, -4.90540718049091e-16]",3.5560092184718424e-15,4881.671399527881,0,0.0
closed_loop,cartpole,250,20,"[1.5478296444884165, -0.06639792991924391, -1.8855186403549191, -2.005192618142614, -0.0002711375754245182]","[1.5478295553517256, -0.06639794681813987, -1.8855234210773955, -2.0052073268167123, -1.0163666774410222e-15]",3.756119540304531e-15,5026.568492597784,0,0.0
closed_loop,cartpole,250,21,"[1.4713121792003825, -0.06300651551753908, -2.5170806443036, -1.7520163526381873, -0.00041448713400715764]","[1.4712989279949698, -0.06300603044422722, -2.517080151999234, -1.7520322885575026, -2.5704197679461406e-16]",4.884190545104837e-15,5097.283777846182,0,0.0
closed_loop,cartpole,250,22,"[1.528057592411598, -0.06432872985189876, -3.2958502558020637, -1.666954685464595, -0.000573179046080341]","[1.5280384978794066, -0.06432822371720126, -3.2958449278435937, -1.6669575537058352, 4.4199186762373714e-16]",3.385341220871525e-15,5331.828086955125,0,0.0
closed_loop,cartpole,250,23,"[1.5825441023337747, -0.06588681302337679, -4.1164448591828044, -1.5918693547105986, -0.0007495409520101859]","[1.582557289532983, -0.06588712591048046, -4.116497968929254, -1.5919308792075866, -1.128279050219819e-16]",5.295060726698531e-15,5475.776652527339,0,0.0
closed_loop,cartpole,250,24,"[1.580293707598454, -0.06607960548799759, -4.920727337866778, -1.5034519807160658, 1.2624190223832286]","[1.5803045953397705, -0.06607992059942727, -4.920742809331504, -1.5034628842423865, 1.2623054443692228]",2.6843921388446132e-15,5420.713964906027,0,0.0
closed_loop,cartpole,250,25,"[1.497657817548084, -0.06368659597739772, -5.717119015217312, -1.4624755384572188, 6.173288159350679]","[1.4976572974254683, -0.06368658138523808, -5.717118538025322, -1.4624755524588051, 6.173302080197467]",3.562761490456976e-15,5415.678209774997,0,0.0
closed_loop,cartpole,250,26,"[0.7081160193632969, -0.04007702862038137, -5.430088910839141, -1.1595398952075384, 23.494457146610713]","[0.7079950682436759, -0.04007343568109794, -5.429994870911932, -1.15956856913773, 23.49817744429904]",3.4378646567495323e-15,5420.2099633792495,0,0.0
closed_loop,cartpole,250,27,"[0.47070767438418804, -0.03091958849981003, -5.4497794222170715, -0.9623479403227209, 27.221430842897647]","[0.4706437135113406, -0.030917651945316666, -5.449732148415636, -0.9623729190754515, 27.2235512386535]",5.242952575479094e-15,5415.2268360315475,0,0.0
closed_loop,cartpole,250,28,"[0.8123016456767175, -0.04002581439035361, -6.27850041643728, -0.8576501377438711, 18.064192404428773]","[0.8122212935996242, -0.0400233555282214, -6.278428207231534, -0.8576740672466134, 18.06668768094118]",6.50075619868427e-15,5410.627409658643,0,0.0
closed_loop,cartpole,250,29,"[1.1268109743403658, -0.04891411466737083, -7.186323223442796, -0.7664184860279244, 10.45705030250826]","[1.1267030596687815, -0.04891076524573376, -7.18618820110024, -0.7664218681765088, 10.45976167080733]",6.3924513448692744e-15,5406.558772471779,0,0.0
closed_loop,cartpole,250,30,"[1.484001319936937, -0.06028351262851055, -8.446471513306951, -0.7034712139718977, 3.68686897143558]","[1.484016383018972, -0.060283992958418166, -8.446509082842244, -0.7034860052312552, 3.6867996326745063]",8.635746608073452e-15,5402.960601353063,0,0.0
closed_loop,cartpole,250,31,"[1.1535951279924035, -0.04909541024558153, -8.03900498972388, -0.4608464057831441, 7.209686946040527]","[1.1518931566730821, -0.04904145154698659, -8.036523533870175, -0.46070764145750537, 7.247305481871741]",8.002610214245272e-15,5402.730895511925,0,0.0
closed_loop,cartpole,250,32,"[1.8556910201871157, -0.0697188788780685, -9.07226066361378, -0.452327989790796, -9.529578059532696]","[1.8557446338478922, -0.06972057774425712, -9.072411391871615, -0.45238365513967566, -9.529758981956213]",1.1243068903399605e-14,5398.397389400225,0,0.0
closed_loop,cartpole,250,33,"[1.8541130911817987, -0.0693793937639339, -9.076205995540302, -0.34792724996247903, -11.064001035237176]","[1.8541147493474384, -0.06937944513640458, -9.076206164313337, -0.3479250700085124, -11.064081417826062]",2.270174947637765e-14,5397.5035129645985,0,0.0
closed_loop,cartpole,250,34,"[2.2668606976542476, -0.081997676025725, -9.698583810364454, -0.311640871247457, -21.370743504141693]","[2.266859343736595, -0.08199767306246282, -9.698581954977008, -0.3116372956599458, -21.37074673194266]",9.319341864182266e-15,5391.670514740616,0,0.0
closed_loop,cartpole,250,35,"[2.462704363038831, -0.08889669759488035, -9.724888605665814, -0.3054202849573557, -26.860222983038604]","[2.4627160500501186, -0.08889701181453712, -9.724897775260247, -0.30541487754250923, -26.86066280426543]",1.8357375612203378e-14,5389.008279572141,0,0.0
closed_loop,cartpole,250,36,"[3.056143862983231, -0.10899953708393628, -11.260507428188792, -0.3902340694548307, -37.19075206576606]","[3.0561405823131373, -0.10899947823620236, -11.260501231249158, -0.3902292428534252, -37.19073176000136]",1.2963515229420068e-14,5382.511385890389,0,0.0
closed_loop,cartpole,250,37,"[2.962931754448647, -0.10561406446444412, -10.377201028049747, -0.46447080790234274, -36.05913219296684]","[2.96291360071021, -0.10561355384567547, -10.377125437483034, -0.46444580132727287, -36.05922224882383]",2.205662937867206e-14,5377.76075625386,0,0.0
closed_loop,cartpole,250,38,"[2.7457145595162196, -0.09927436712340763, -9.128795096534699, -0.4747346440220769, -33.862078961122556]","[2.745683839156492, -0.099273402067745, -9.128618239063021, -0.4746756737726137, -33.86278527852445]",1.11196144506577e-14,5372.405003525657,0,0.0
closed_loop,cartpole,250,39,"[2.8534975531899587, -0.10225985123703481, -8.68099964282521, -0.6098582771995199, -36.16836067036557]","[2.853566490944302, -0.10226195149408301, -8.681187403827108, -0.6098797125166998, -36.169435231019285]",2.472346741366039e-14,5364.196845157834,0,0.0
closed_loop,cartpole,250,40,"[2.7664219270108514, -0.10008256119322291, -5.98368797431335, -0.8388750059460655, -40.05935524353386]","[2.7665469941642185, -0.10008639006696952, -5.984034901794712, -0.8389136076779623, -40.06128371564152]",1.5033328977791502e-14,5357.978533971502,0,0.0
closed_loop,cartpole,250,41,"[2.380051213157103, -0.08781565839141936, -3.919391004589245, -0.9037318250613815, -35.39411270416581]","[2.380204346052797, -0.08782040714897388, -3.91981832057979, -0.9037784952408843, -35.39636537533548]",4.4124123441516375e-14,5351.783813333818,0,0.0
closed_loop,cartpole,250,42,"[1.6139457097320868, -0.06370554957650948, 0.2947979332746751, -0.9153428591512776, -27.555273215788077]","[1.6147649927743932, -0.06373116305196402, 0.292250772990715, -0.915640393661364, -27.565660607439547]",2.478899612867773e-14,5347.750251491784,0,0.0
closed_loop,cartpole,250,43,"[1.7014198502634164, -0.06994714684603794, 2.4030126292414344, -1.2192157305096436, -32.01038173811797]","[1.7014180459048658, -0.06994710906365062, 2.4030125565713254, -1.21921622991841, -32.010304633047475]",2.514745051516064e-14,5343.852587330401,0,0.0
closed_loop,cartpole,250,44,"[1.369450296971287, -0.06143482103589941, 5.509428140949628, -1.3357072437728625, -31.157761177936926]","[1.3700863649878006, -0.06145380404020376, 5.507663830228054, -1.3358979956011343, -31.168133087542703]",5.96609205860755e-14,5341.910434346367,0,0.0
closed_loop,cartpole,250,45,"[0.49589384527590297, -0.03868974477945751, 11.82436182465661, -1.425401345099387, -24.93153473066835]","[0.4957536135997095, -0.03868546856971861, 11.824846902614054, -1.4253580295590091, -24.92966699057819]",4.288712630109176e-14,5345.338985533653,0,0.0
closed_loop,cartpole,250,46,"[0.438143171636903, -0.04193224238787074, 13.586931292314798, -1.5315309926452525, -24.95210089340264]","[0.43789722381082086, -0.041924246252146684, 13.58778217019744, -1.5314441698339323, -24.94931457097633]",3.936185725289035e-14,5349.308862377342,0,0.0
closed_loop,cartpole,250,47,"[0.05854497294836925, -0.0395153048669033, 18.558227592449867, -1.7135862282083885, -25.21311251834591]","[0.05841256004729079, -0.039510565748846926, 18.558772095680194, -1.7135417372788284, -25.212305450024054]",3.6608699131225657e-14,5354.391055769159,0,0.0
closed_loop,cartpole,250,48,"[0.14713123432799818, -0.05374141304947855, 20.03781306847555, -1.8215391797229217, -26.494471898446015]","[0.14695140579229435, -0.05373418677838992, 20.038565120112544, -1.8214754361606098, -26.494209675661573]",4.3296071942871655e-14,5364.329050216986,0,0.0
closed_loop,cartpole,250,49,"[-0.13192378497901575, -0.05599040220542044, 24.517997019979557, -1.9365528598444088, -27.711243697792423]","[-0.1321647274920784, -0.05598136590404145, 24.519007929299264, -1.9364338106109602, -27.71048403057675]",5.580738468564263e-14,5374.847134712313,0,0.0
closed_loop,cartpole,500,0,"[-0.0016348447688700773, -0.0009252281583630495, -0.005473577930658602, 0.032081751635674685, -3.480223974248591e-05]","[-0.001628991294899686, -0.0009917748625500396, -0.005462980501695135, 0.03176841563647753, 1.778088983193212e-19]",3.48283231632924e-17,2.0922831757612124,0,1.695826762215802e-05
closed_loop,cartpole,500,1,"[-0.0018073874696968042, -0.0007386456757593758, -0.007651148464444078, 0.018607388460632732, 0.0001197211588960644]","[-0.0018336030454353734, -0.0005153984018333328, -0.007688642145649683, 0.019923616472651756, -6.847673526746819e-19]",5.593579369279216e-17,3.16061592040567,0,7.222051407040908e-05
closed_loop,cartpole,500,2,"[-0.001770858669340381, -0.0009053726225414433, -0.009617081071361734, 0.010058195607932564, 0.0003531425360016334]","[-0.0018690315612154816, -0.0002941238850044565, -0.009748320156605693, 0.014491024247777547, -1.1135738950780626e-19]",2.798258297154732e-17,5.388540781359513,0,0.0
closed_loop,cartpole,500,3,"[-0.0011146280692213917, -0.0013547106188643995, -0.010589567407226115, 0.004857054585599835, 0.0007275676191952176]","[-0.0013768817549776088, -0.000315818166834701, -0.011005939216478938, 0.014107773616299881, 3.519770743202241e-19]",3.98581328534357e-17,10.33498034810349,0,0.0
closed_loop,cartpole,500,4,"[0.006014204610752705, -0.0016888999843199435, 0.00509650125636952, -0.006771480668925144, 0.001315443126667097]","[0.005411332048012561, -0.0006785189492095294, 0.003809354438350831, 0.004017308163611385, -1.2886666697016176e-19]",6.0862142322986e-17,25.25122032290202,0,0.0
closed_loop,cartpole,500,5,"[0.1326719025185132, -0.010881419375140597, 0.4628701523452254, -0.12897706406958034, -0.0008805116391860327]","[0.13236222537013115, -0.0108883150279115, 0.4619039484951535, -0.12892843264525747, -3.18934066278793e-17]",2.969304125146215e-16,263.0291311801895,0,0.0
closed_loop,cartpole,500,6,"[0.07313755547889347, -0.006769267715297851, 0.9608129398461969, -0.19203892064636124, 2.8220010381618116e-05]","[0.0731231098477794, -0.006768479546222917, 0.9609480190030766, -0.19203965111138455, 3.439084256830035e-16]",7.099699871902925e-15,653.9571892151885,0,0.0
closed_loop,cartpole,500,7,"[0.21599549587261208, -0.021055365276093363, 1.7225831237504017, -0.3187450181173438, 0.0004311400870647686]","[0.21605284509139347, -0.021055474484304313, 1.7226897461042374, -0.31876015409461267, 2.00951430884559e-15]",2.349805508475955e-14,992.403700962951,0,0.0
closed_loop,cartpole,500,8,"[0.3330292125575933, -0.032779810945075996, 1.6662951712188525, -0.2752494501886462, 0.0007399161288129674]","[0.33309556624357683, -0.03278020166930383, 1.66640032328341, -0.2752695055758722, 1.34378694774657e-16]",1.548217959178586e-14,1617.4284273851433,0,1.7868281929622754e-06
closed_loop,cartpole,500,9,"[0.47079509552669324, -0.047932771156319914, 1.4582867416058454, -0.16855056700861137, 0.0008317500572516678]","[0.4708347564198571, -0.04793318686905954, 1.458339000075185, -0.16856386565250314, -1.6630812564125939e-16]",1.3770283316648489e-14,3390.9073582919304,0,0.0
closed_loop,cartpole,500,10,"[1.9604308019751278, -0.055731550972961307, 2.20608542901085, -0.3250112761195689, -61.71948428957384]","[1.9600760105592074, -0.05572412803502823, 2.2058144804897366, -0.32479661149212646, -61.7112409345388]",1.764095109393714e-15,6183.894801877299,0,0.0
closed_loop,cartpole,500,11,"[0.11725871639091008, -0.008678687340161112, 0.6573627602590406, -0.18735657360278157, 0.00033583486981114685]","[0.11727040634510978, -0.008678899316831225, 0.6573617777708483, -0.18735438196715437, 4.597221322783042e-18]",2.886415439162694e-16,4654.2507011346115,0,0.0
closed_loop,cartpole,500,12,"[0.23247310233981203, -0.014730473574307625, 1.0035163587929232, -0.3961148144711474, 2.4101737950865676e-05]","[0.23247388722498133, -0.01473048651745994, 1.0035160588725436, -0.39611453578590017, -5.4516359655643194e-17]",7.126677495083045e-16,4714.828711965793,0,0.0
closed_loop,cartpole,500,13,"[0.25824619902705076, -0.015662556254899557, 0.8441750818779669, -0.3894359849300741, 0.00031945392528848204]","[0.25826185366852694, -0.01566297219613155, 0.8441839839706634, -0.3894412037883588, -1.3181143294917555e-16]",1.6304337234552335e-15,4606.566009072614,0,0.0
closed_loop,cartpole,500,14,"[0.2628507333077756, -0.015704037032071808, 0.6573344863168098, -0.3603933759357888, 0.00029367624517578905]","[0.26286582009662923, -0.01570444251777593, 0.6573398176902954, -0.36039887323257275, 2.8129782681831916e-16]",6.872471875914474e-16,4720.945247295302,0,0.0
closed_loop,cartpole,500,15,"[0.2702129722625137, -0.015776779829248463, 0.4795630959732987, -0.33841436568794964, 0.0002578184913532844]","[0.27023112534678506, -0.015777273182185803, 0.47956679816463504, -0.3384273597595329, 8.313092011144953e-18]",1.3300497280897481e-15,4822.844931738014,0,0.0
closed_loop,cartpole,500,16,"[0.3924348745254974, -0.021552812723601187, 0.43135735628018385, -0.49500517218631035, 0.00021040270877836775]","[0.3924413153514357, -0.021552951957885202, 0.4313592175047622, -0.4950048899689531, -1.0812262541022546e-16]",8.009319941958302e-16,4897.427444177866,0,0.0
closed_loop,cartpole,500,17,"[0.303750796976366, -0.017396535134376032, 0.15813419021484, -0.32960233583638765, 0.00018098634411911618]","[0.3037542835353267, -0.017396527214189054, 0.15814081870747768, -0.3296063845552431, -3.1634335785162106e-16]",1.0032510029742611e-15,5050.101167905023,0,0.0
closed_loop,cartpole,500,18,"[0.38240777867328807, -0.020227846977957764, -0.03751810160034462, -0.3967022044351615, 0.00012494220693892721]","[0.3824148076418284, -0.02022804161183024, -0.03752051036452868, -0.3967054818988781, -2.6295814092994234e-16]",1.4725313390568245e-15,5151.594855256041,0,0.0
closed_loop,cartpole,500,19,"[0.3804375939308834, -0.019796800159396652, -0.2465802345172137, -0.35978485931691373, 8.770287828285817e-05]","[0.3804436929127301, -0.01979697425175257, -0.24658338381050585, -0.35978880665105223, 1.3564477593939674e-16]",6.822458710022847e-16,5348.202719804402,0,0.0
closed_loop,cartpole,500,20,"[0.4113851961961698, -0.020694753627166062, -0.4787022802881483, -0.36543870111559423, 3.001223395360242e-05]","[0.41140742331754515, -0.020695376556084277, -0.4787198914785385, -0.3654713430638485, 8.076380524718609e-17]",1.0807567646141885e-15,5474.296894218485,0,0.0
closed_loop,cartpole,500,21,"[0.43319960938624924, -0.021446045286442603, -0.7234963615370749, -0.35135545652809563, -3.421596511921088e-05]","[0.4332017868756204, -0.021446124457212556, -0.7234992793827696, -0.35136011810307743, -1.8916041851541493e-16]",1.0463556383863573e-15,5554.714171434611,0,0.0
closed_loop,cartpole,500,22,"[0.5505528453163033, -0.026348070510575264, -1.1810936452112648, -0.4298617080792908, -0.0001607744855820492]","[0.550547594076894, -0.026347945106899688, -1.1810923762400762, -0.4298620859405866, 1.0326515066587289e-16]",8.633698447633944e-16,5616.382679370513,0,0.0
closed_loop,cartpole,500,23,"[0.4944966165440233, -0.02324001926463745, -1.2791883215130242, -0.3442841721944989, -0.0001557842442322377]","[0.4945290315678127, -0.02324091133919575, -1.2792488630742758, -0.3443369778340789, 1.7068353818328992e-16]",1.1446526763710342e-15,5813.6336126064525,0,0.0
closed_loop,cartpole,500,24,"[0.4859985585097072, -0.02304225657230892, -1.518017001025211, -0.29034026385939343, -0.00025046234939285483]","[0.4860459847191854, -0.023043762881516983, -1.5181074327089343, -0.29042724821473337, -1.0681010474613651e-16]",2.383762699736829e-15,5938.670576117978,0,0.0
closed_loop,cartpole,500,25,"[0.9455937351708585, -0.03910255514119091, -2.7135191648641044, -0.44310354165959664, -5.821150891496556]","[0.9455929026443068, -0.03910254715104153, -2.713523263832445, -0.4431104606918031, -5.821007556824294]",2.3782459065436626e-15,6085.658064040667,0,0.0
closed_loop,cartpole,500,26,"[0.07349239672266049, -0.00979329769627782, -1.30906987658358, -0.10801149369070029, 8.179585467013897]","[0.07324087261345337, -0.009786083626050868, -1.3088402757166893, -0.10802171628273179, 8.186659424154412]",2.7375484884275402e-15,6092.086157809002,0,0.0
closed_loop,cartpole,500,27,"[0.04885386882194585, -0.01084607012170261, -2.03539745325261, -0.19934092083569344, 14.212505993060232]","[0.048741977067725824, -0.010842832574809747, -2.0352861179989996, -0.19934983926916242, 14.215717607350836]",3.6445438787480446e-15,6086.687580726952,0,0.0
closed_loop,cartpole,500,28,"[0.04640158111220313, -0.010957004039444298, -2.421215146370113, -0.1673168750081739, 14.678423287892446]","[0.04622677749289756, -0.010951758883974053, -2.4210173169355964, -0.16732293883344906, 14.683036068485201]",3.037568497862751e-15,6081.19650973225,0,0.0
closed_loop,cartpole,500,29,"[0.8404724550994886, -0.03466476470622222, -3.8231131423356572, -0.2393389368929117, -2.6056405981371054]","[0.8405324265021645, -0.03466659645445441, -3.8232024275736456, -0.23934962502168874, -2.6069392369915394]",3.893789292035737e-15,6076.934056289911,0,0.0
closed_loop,cartpole,500,30,"[0.8449655171788213, -0.03591030776237093, -4.367390268503022, -0.17407040748390845, -1.8428558189407944]","[0.8449622856727684, -0.03591031381260161, -4.36738710278399, -0.17406431940946948, -1.8428294386661281]",5.7548592468130145e-15,6079.0225868908865,0,0.0
closed_loop,cartpole,500,31,"[1.1658802522877945, -0.04521769802828416, -5.119516223110798, -0.17292237657585863, -8.73476855437886]","[1.165875519824494, -0.04521772968957453, -5.119511376505762, -0.17291157301617816, -8.734754190107115]",4.632671561839653e-15,6073.525502020409,0,0.0
closed_loop,cartpole,500,32,"[1.5046025143238602, -0.0556144337609373, -5.979157292796824, -0.18616466637432372, -15.430386629826073]","[1.5045937054822751, -0.05561445688602, -5.979146838409388, -0.1861462769708626, -15.430351033239035]",8.29273861193604e-15,6068.25414939515,0,0.0
closed_loop,cartpole,500,33,"[1.6793906958087053, -0.06188296499065606, -6.697836434021127, -0.1835562987928383, -17.618876426919375]","[1.6793904011427814, -0.061883135695669236, -6.697837035719252, -0.18354271507874062, -17.619025173829794]",7.965602392765435e-15,6067.838342983135,0,0.0
closed_loop,cartpole,500,34,"[2.2033828361929495, -0.07875984637970433, -7.96989839335728, -0.21927230416157983, -27.838380325489684]","[2.2033789565962425, -0.0787596377152932, -7.969889148468437, -0.21927878589212704, -27.838223925016194]",8.275321282342157e-15,6061.318852133441,0,0.0
closed_loop,cartpole,500,35,"[2.5500675359382767, -0.09188926071903666, -9.20050740035073, -0.27237689534895126, -32.25391560474452]","[2.5500942994996323, -0.09189000765396599, -9.200549202629125, -0.2723712860102537, -32.25473852748055]",1.6848055835788876e-14,6058.765421536661,0,0.0
closed_loop,cartpole,500,36,"[2.6985986808228994, -0.09566708243094828, -9.292407042687884, -0.31898451754207346, -35.3749983792231]","[2.698587911529869, -0.0956667498223697, -9.292383952581256, -0.3189851471889508, -35.37475100359084]",1.6977916114513498e-14,6050.967579885867,0,0.0
closed_loop,cartpole,500,37,"[2.5645039279388695, -0.09163077281790721, -9.020337659630162, -0.3478351676354115, -31.28084384223346]","[2.564525756280835, -0.09163136607284045, -9.020354572841004, -0.3478193294722505, -31.28177295642738]",1.2243987184031119e-14,6045.759058442818,0,0.0
closed_loop,cartpole,500,38,"[2.383335841997808, -0.08605006062462439, -8.127845326033807, -0.3657143859111946, -28.70813983604194]","[2.3833665448050634, -0.08605078659705176, -8.127826967461674, -0.36567069080268505, -28.710072301746465]",2.8147326709345957e-14,6039.914122661347,0,0.0
closed_loop,cartpole,500,39,"[2.892407189956381, -0.1037222883290443, -9.548217248262445, -0.5602578739630172, -34.703766966153296]","[2.8923445815302977, -0.10372022760824465, -9.547994483212362, -0.5602195638282133, -34.70343198054118]",1.5609120664767304e-14,6031.116658348776,0,0.0
closed_loop,cartpole,500,40,"[2.410409717991838, -0.08681017656383694, -6.451731760305604, -0.6204225655396768, -31.198590497999945]","[2.4104036267255964, -0.0868100122215612, -6.451722958642918, -0.6204243053667934, -31.198388706211542]",1.5076956380686703e-14,6023.765522340366,0,0.0
closed_loop,cartpole,500,41,"[1.9843123178242041, -0.07261407024694452, -4.0033199705305496, -0.6597260579129859, -27.443720733705703]","[1.9845235358126938, -0.07262097125417187, -4.004011637322723, -0.6598126118086396, -27.44578570716329]",2.7331551943614056e-14,6016.837963420928,0,0.0
closed_loop,cartpole,500,42,"[1.7714396178102645, -0.06793578454261844, -2.1535889557244876, -0.7683024628794027, -25.188211209164578]","[1.7709907973470598, -0.06792134708416533, -2.152168402773539, -0.7681374821601917, -25.183236127899924]",5.400231464021124e-14,6013.043329277947,0,0.0
closed_loop,cartpole,500,43,"[1.2000889056215753, -0.04938614016879846, 1.6222898257068397, -0.8275146070660897, -20.94399841526124]","[1.2000881442937636, -0.049386141063212305, 1.6222850676080713, -0.8275166458306737, -20.9439091575492]",3.2105095128797056e-14,6007.985300455159,0,0.0
closed_loop,cartpole,500,44,"[1.0978137359392235, -0.04857021575474643, 2.8721399082994545, -0.8935627586946978, -20.458245153414506]","[1.0978114120613125, -0.04857015205899063, 2.8721430063391633, -0.8935627916876161, -20.45805577550059]",5.3741705611229835e-14,6009.334067460506,0,0.0
closed_loop,cartpole,500,45,"[0.5271505078165647, -0.0356509671475206, 8.602275622833961, -1.0843547998810072, -19.538297235400766]","[0.526928061066036, -0.03564347818324752, 8.603165657452475, -1.084302077898868, -19.536078675418757]",7.632420947956209e-14,6010.2320360617905,0,0.0
closed_loop,cartpole,500,46,"[-0.06760465369910647, -0.018773423895330633, 13.04126152889609, -1.0593199325311962, -16.185150297476866]","[-0.06782746719590842, -0.01876583176941472, 13.042235888632874, -1.0592650980007579, -16.1833900632038]",3.7316017324260205e-14,6011.747295588881,0,0.0
closed_loop,cartpole,500,47,"[-0.039358721599626646, -0.029293089450793324, 15.174063962559172, -1.2138955841094576, -18.800434517504996]","[-0.03987195893504133, -0.029275410830955993, 15.176254794255, -1.2137299674065185, -18.797145267953734]",8.199691565222025e-14,6020.015536664657,0,0.0
closed_loop,cartpole,500,48,"[0.07097063925295305, -0.041641008833847096, 16.563140405996155, -1.3294192192452452, -19.656631103264072]","[0.07108048985075202, -0.04164470770036005, 16.562636028502872, -1.329455408360114, -19.65706419440025]",5.405416682501139e-14,6031.412353009314,0,0.0
closed_loop,cartpole,500,49,"[-0.05635270686189272, -0.04805207184103352, 19.716426740001847, -1.4048929154990595, -21.411811882841015]","[-0.0563254833358211, -0.04805299024696368, 19.7162982677835, -1.4049061266569232, -21.411930003641057]",6.456484519674515e-14,6043.214806691242,0,0.0
open_loop,quadrotor,0,0,"[-58.74600207436797, 5.989310263115361, -0.13557920745496577, 6.093847689588994, 30.073647952439995, 21.81246898992825, 0.0]","[-58.72344803311353, 5.988477542295168, -0.13539637295111176, 6.0956746562038235, 30.0668862379723, 21.787891619482046, 0.0]",1.4723506064470516e-15,258.93208585185465,0,0.0
open_loop,quadrotor,0,1,"[-61.23182185239245, 6.179988500282731, -0.21479745308594642, 6.737917064042298, 28.830836594793855, 23.926489474495614, 0.0]","[-61.20672317037141, 6.179567266879104, -0.21456277213319438, 6.740548693050116, 28.819537668023603, 23.89935739365005, 0.0]",1.0874853169920242e-15,255.38645623400137,0,0.0
open_loop,quadrotor,0,2,"[-77.36549556586232, 4.717931637223924, -0.593478983443248, 7.740311723689382, 53.80106798501243, 26.231388039366006, 0.0]","[-77.34110592738855, 4.719520884572467, -0.5933142876335693, 7.744693811189915, 53.785511642621664, 26.199856345745026, 0.0]",1.6626230635423849e-15,257.22113883507217,0,0.0
open_loop,quadrotor,0,3,"[-72.73807882021451, 6.4478062926587665, -0.4171966514147134, 7.212857119791753, 43.48506362079379, 25.449254942849816, 0.0]","[-72.71278915563899, 6.448205062634746, -0.41698810276484755, 7.217209089207697, 43.47447119979893, 25.415769566844638, 0.0]",1.3109467612216305e-15,256.99719960325586,0,0.0
open_loop,quadrotor,0,4,"[-64.97915541535873, 1.4187116763287582, -0.7865050618513846, 6.851691832333718, 48.06105238392598, 24.892313864469394, 0.0]","[-64.96050837274568, 1.42053838173764, -0.7864508246489392, 6.856522382404759, 48.04784558719547, 24.86456171800517, 0.0]",1.4237719075553298e-15,260.57949211430457,0,0.0
open_loop,quadrotor,0,5,"[-58.208743106920245, 1.8844956380929547, -0.58621651892701, 6.638187013397002, 36.31610758002907, 24.737116961006937, 0.0]","[-58.17886665549728, 1.88545175933577, -0.5858927372122249, 6.642355307717594, 36.300519437408404, 24.700848195223713, 0.0]",1.5153949482984048e-15,261.13501422824226,0,0.0
open_loop,quadrotor,0,6,"[-53.975680970696345, 4.930693081984226, -0.2292200263112998, 6.272885984188864, 23.843167166833876, 22.636860644195433, 0.0]","[-53.95177879489425, 4.930170092183342, -0.2289908658710635, 6.275119000648002, 23.83248486901355, 22.611939275923252, 0.0]",1.2951637245035328e-15,256.5359413242048,0,0.0
open_loop,quadrotor,0,7,"[-53.731941772407616, 4.962088335751893, -0.3207426448764702, 5.957988257744602, 24.129157982026857, 22.79042085583634, 0.0]","[-53.70180468890083, 4.9620779461811955, -0.32045209005897485, 5.961453557626653, 24.116174204405098, 22.755707678235, 0.0]",1.5931518215021126e-15,255.66335836120916,0,0.0
open_loop,quadrotor,0,8,"[-71.14793869369838, 2.235556615451431, -0.7774676054495082, 7.1761853264184365, 54.55205445064889, 25.03839236514568, 0.0]","[-71.13598525157063, 2.2365529842888954, -0.7774664888641534, 7.180529334591, 54.54270958328499, 25.01884946548729, 0.0]",2.629128544823916e-15,262.04924436458623,0,0.0
open_loop,quadrotor,0,9,"[-54.55804720897284, 3.4973773502181245, -0.4691546262842284, 5.995253262957684, 29.412882819583466, 23.19192510528945, 0.0]","[-54.52716711177294, 3.49763815496807, -0.46883756733749926, 5.999232147093955, 29.39821588503022, 23.155777316957717, 0.0]",1.7567264953487348e-15,258.6317497631351,0,0.0
open_loop,quadrotor,0,10,"[-67.38388020775234, 0.697034200079567, -0.8768222599162283, 7.116884047998106, 52.57882565249016, 25.507233799665062, 0.0]","[-67.3622698014722, 0.6989699680543693, -0.8767178237282958, 7.122191821335968, 52.561667905395915, 25.477479306249062, 0.0]",2.221090938098521e-15,261.56682006186855,0,0.0
open_loop,quadrotor,0,11,"[-72.03275914998916, 6.605038748508427, -0.36523617405332476, 7.256283217005936, 41.52236398625901, 25.53934859063017, 0.0]","[-72.00793431311602, 6.605662216952964, -0.3650494490555696, 7.260126727815528, 41.512556407222704, 25.50644079313841, 0.0]",1.4133535594909592e-15,255.76905620166787,0,0.0
open_loop,quadrotor,0,12,"[-58.52540509791945, 3.4454746952755526, -0.44712369453535944, 6.483832884023875, 33.54195017340876, 23.937072661010053, 0.0]","[-58.49313287415711, 3.44533063805315, -0.4468184576781824, 6.4874575055418235, 33.52857122530563, 23.900036231581087, 0.0]",1.434182317781582e-15,261.3983178035906,0,0.0
open_loop,quadrotor,0,13,"[-71.12003832457134, 5.812356118956471, -0.39560448461773595, 7.535254771637368, 41.108747387473784, 25.90479299101825, 0.0]","[-71.08720730939713, 5.811561765105525, -0.39528788351178845, 7.539270665751959, 41.09107904823179, 25.870784404855755, 0.0]",1.929973873597012e-15,258.1394700183013,0,0.0
open_loop,quadrotor,0,14,"[-64.18684208234133, 2.8145015396497644, -0.6934945305301121, 6.735395736080702, 43.22763295962729, 24.594607671352932, 0.0]","[-64.16938820967468, 2.8154694313257416, -0.6934707129975489, 6.739645124998515, 43.215504722582615, 24.57074217444339, 0.0]",1.978866479369551e-15,259.41161684367887,0,0.0
open_loop,quadrotor,0,15,"[-63.882339180837725, 6.9760968938141295, -0.12793196027779377, 6.6673916488477625, 31.381477709887047, 23.565313088111154, 0.0]","[-63.8573422955269, 6.974498693118309, -0.12773206060476716, 6.669954960760082, 31.376789037435874, 23.53635079330728, 0.0]",2.6853519457255763e-15,260.3495060210641,0,0.0
open_loop,quadrotor,0,16,"[-54.46600672381937, 4.844234410789053, -0.3299770153226387, 5.960076659855979, 25.89047294548725, 22.67158769597823, 0.0]","[-54.43510350181676, 4.844120684967533, -0.3296918561183196, 5.9632931096500394, 25.87733388684975, 22.636865465436276, 0.0]",1.5021819519436292e-15,256.4922992176903,0,0.0
open_loop,quadrotor,0,17,"[-72.22782779522558, 1.62125649909392, -0.8514766017491866, 7.267158255470385, 58.60436187201182, 24.48905811832004, 0.0]","[-72.22228829760263, 1.6207002373808204, -0.8516101932072714, 7.270702527821715, 58.59645784587011, 24.48154545672124, 0.0]",1.4968571496038738e-15,264.36647222735644,0,0.0
open_loop,quadrotor,0,18,"[-56.18327406817167, 6.846282573947951, -0.05923877207934558, 6.161972056327585, 22.284599045557822, 22.36854822855327, 0.0]","[-56.16086332215202, 6.845307149557536, -0.059076592662742324, 6.164053822266408, 22.27765306753279, 22.34405161215473, 0.0]",1.797585720868939e-15,255.98010828852208,0,0.0
open_loop,quadrotor,0,19,"[-70.9185294018114, 3.5857798988615213, -0.6625096526835271, 7.23972306957393, 49.52402312546052, 25.21875780477515, 0.0]","[-70.9037588464366, 3.586090415070186, -0.6625656544718455, 7.243392011883019, 49.51232431450353, 25.20059092390971, 0.0]",1.430375859951896e-15,260.0234104972153,0,0.0
open_loop,quadrotor,0,20,"[-70.12533884954844, 5.490575203662377, -0.41163420868908696, 7.316151285772445, 41.68310097611128, 25.491065427044905, 0.0]","[-70.09779444881875, 5.491383055241218, -0.41139693949274914, 7.320255842071345, 41.66896426631568, 25.45710464051987, 0.0]",1.7119206923997035e-15,256.57237114166935,0,0.0
open_loop,quadrotor,0,21,"[-77.84208191768444, 4.606325437993787, -0.5650444234132688, 7.9417520756711015, 55.06996289113899, 25.647783078588517, 0.0]","[-77.83713360281551, 4.605293061431367, -0.5652305162836685, 7.9434193418793235, 55.06106156910736, 25.646979433967726, 0.0]",2.752043316420504e-15,262.4248355631052,0,0.0
open_loop,quadrotor,0,22,"[-50.666558977959184, 7.00898854594296, 0.030907778300643337, 5.651411802501373, 18.577291977649587, 19.165949982452275, 0.0]","[-50.650234728458074, 7.008165958866397, 0.030999396145455896, 5.652218176072493, 18.571480149926188, 19.150509145103978, 0.0]",1.8584477861073324e-15,254.72892548665035,0,0.0
open_loop,quadrotor,0,23,"[-58.58067760570713, 5.519503962696211, -0.23804234445173655, 6.138594275244234, 29.822423036952074, 22.79846108360695, 0.0]","[-58.54818217969698, 5.518474539517455, -0.23777226894392386, 6.14166775138617, 29.81078625340065, 22.76308242977709, 0.0]",2.307970356482304e-15,260.16624365141183,0,0.0
open_loop,quadrotor,0,24,"[-56.35052411963093, 5.637445342558541, -0.1620165036154926, 6.038360009481393, 26.939107208391132, 22.174408376539766, 0.0]","[-56.328354015675, 5.636984223391891, -0.16182681160865686, 6.040492434136807, 26.932183786157147, 22.148923315278996, 0.0]",1.6810294672201164e-15,258.11763103939296,0,0.0
open_loop,quadrotor,0,25,"[-67.73369631048004, 4.11752392666286, -0.5179925226205033, 7.268121665268875, 41.814671451340516, 25.72262457716585, 0.0]","[-67.70139999756603, 4.117291725930759, -0.5176647636871972, 7.272490973364661, 41.798294351008664, 25.686209349335154, 0.0]",1.7519153616272973e-15,260.0945388011592,0,0.0
open_loop,quadrotor,0,26,"[-47.06655654338566, 5.271904407046699, -0.1829441348392634, 5.208972600572061, 18.274270156614445, 20.007305456404037, 0.0]","[-47.04425937723767, 5.271354907431898, -0.18274342949922606, 5.210830601887152, 18.264470876053064, 19.98456763541907, 0.0]",2.3733526234565145e-15,254.61925532260062,0,0.0
open_loop,quadrotor,0,27,"[-56.00557442285169, 3.2477594814074573, -0.547351202149798, 5.9469213689142455, 32.81689169864335, 23.16046348573172, 0.0]","[-55.97788368196247, 3.248787196167555, -0.5471086402990877, 5.95161307289051, 32.80412532878262, 23.123420093298403, 0.0]",9.04088654315596e-16,258.64882741604345,0,0.0
open_loop,quadrotor,0,28,"[-74.07835265292263, 0.39013340143435854, -0.938090636007443, 7.48311352768467, 63.5937128393317, 25.39105456265148, 0.0]","[-74.07680483793794, 0.39023346844960777, -0.9383628587426845, 7.486160181166965, 63.58187272219872, 25.390947950251135, 0.0]",1.222556713537303e-15,262.83544319526027,0,0.0
open_loop,quadrotor,0,29,"[-54.2734483631404, 6.4444305947871605, -0.05448308325909138, 5.641569900001783, 24.39829637119016, 20.57018904872529, 0.0]","[-54.248226436486306, 6.4431013111478865, -0.05432049754256374, 5.643340767714994, 24.389555650275753, 20.545109267829208, 0.0]",1.8802791740564735e-15,258.384606317189,0,0.0
open_loop,quadrotor,0,30,"[-65.36364625129774, 3.2708850464236927, -0.6579516371500038, 6.992472008053469, 41.85148131235042, 25.444475927987305, 0.0]","[-65.33505910583487, 3.2723595012841766, -0.6577133881609901, 6.99708134059373, 41.83291242171945, 25.409818092732188, 0.0]",1.8663476591294566e-15,257.5171390036235,0,0.0
open_loop,quadrotor,0,31,"[-55.038934438084176, 7.240685012170931, 0.038242550220148726, 5.899150987529495, 22.236511651602626, 20.68040685717327, 0.0]","[-55.01627637923331, 7.238750837724456, 0.03836236311364759, 5.900587148725538, 22.230137326768652, 20.65879165761882, 0.0]",1.923869112479288e-15,258.7309813431485,0,0.0
open_loop,quadrotor,200,0,"[-274.39805363898694, 143.73148016123682, -0.8648159996761055, 31.25777708654524, 1524.2748602121474, 90.56477057393845, 0.0]","[-274.4227052253605, 143.72043156620458, -0.8651053730619968, 31.268895724563038, 1517.9357780798553, 90.61267791858062, 0.0]",9.417738821039751e-15,121065.1586864326,0,0.0
open_loop,quadrotor,200,1,"[-226.68851017957329, 137.2705741076275, 0.19485610730627048, 34.246118776680554, -12454.03512696657, 0.31805883827054915, 0.0]","[-226.6777086378398, 137.28095414754537, 0.19471852354957078, 34.236689213765764, -12444.892932712177, 0.2929352452963735, 0.0]",1.4641709935915764e-14,124257.36947569156,0,0.0
open_loop,quadrotor,200,2,"[-214.08831708056303, 118.61385542443074, -1.6662754550925531, 38.3802351166205, -42416.434889334814, 20.64735312192503, 0.0]","[-214.0307040757012, 118.58966044969067, -1.66556155601459, 38.37614902864703, -42425.39483885976, 20.60898777574466, 0.0]",1.5943226342713797e-14,123798.63238237564,0,0.0
open_loop,quadrotor,200,3,"[-327.02253461718874, 168.34069764574767, -1.3045461413471768, 40.78355461458918, -9165.628307594776, 105.5863159041634, 0.0]","[-327.1071751687354, 168.3700580694403, -1.3047500274441746, 40.78484784144049, -9148.799581710884, 105.67197986215224, 0.0]",1.2703108067913636e-14,123550.14659365077,0,0.0
open_loop,quadrotor,200,4,"[-223.02464367328915, 115.2957995303265, -4.148157813093102, 28.989517950576694, -10747.576369558923, 77.41668788279085, 0.0]","[-223.08110727955577, 115.3086096697407, -4.1485941285870505, 28.992462826614343, -10738.06586096348, 77.48690301731585, 0.0]",1.122671691040777e-14,124847.35195896073,0,0.0
open_loop,quadrotor,200,5,"[-165.05130280253763, 102.67198117250479, -2.133909278637166, 27.39185767170767, -13521.647158942604, -10.509924536556763, 0.0]","[-165.0310435376307, 102.67896595053021, -2.133076336514782, 27.387319352187422, -13514.246787570088, -10.559352478573864, 0.0]",1.99212579091117e-14,125330.31897944494,0,0.0
open_loop,quadrotor,200,6,"[-219.2095684095843, 124.6369044101198, -0.2749827503773284, 29.10592960500469, -5025.486728270879, 35.44602624895585, 0.0]","[-219.1988125373401, 124.64116746106843, -0.2749289280575388, 29.101301504897304, -5020.871903722744, 35.425219560088145, 0.0]",1.3415772191658112e-14,125087.33640839664,0,0.0
open_loop,quadrotor,200,7,"[-201.3290005280545, 111.96832861929968, -0.9899714822211879, 26.317023162639405, -2427.6366100535397, 40.73525573064057, 0.0]","[-201.3206257013692, 111.97230311453565, -0.9898022931737624, 26.316733224803933, -2424.5954332296096, 40.7074160258035, 0.0]",1.1604301703515317e-14,123149.9708259939,0,0.0
open_loop,quadrotor,200,8,"[-246.1847550976259, 128.78579071866164, -4.197316388012054, 31.730085377701858, -13620.198478998147, 72.78106295281836, 0.0]","[-246.24164535345167, 128.8056859591555, -4.197600800525646, 31.73141233067866, -13602.851869051816, 72.83743589304349, 0.0]",1.2438143477569278e-14,125387.19173074624,0,0.0
open_loop,quadrotor,200,9,"[-180.15390423520827, 100.39104775928193, -1.8360540671577763, 24.163652508243118, -7679.149308566373, 31.277034735888027, 0.0]","[-180.14216819065786, 100.39284679978391, -1.8356640401891937, 24.1632139271039, -7675.954186709418, 31.248941735017194, 0.0]",2.0059402620923212e-14,123455.43491891364,0,0.0
open_loop,quadrotor,200,10,"[-209.64548466469483, 114.9843764769102, -4.0138235532915045, 26.317779898725124, -19218.94276284174, 53.89281919833719, 0.0]","[-209.6110248691166, 114.97788185970306, -4.0130515817894965, 26.315575958554472, -19219.203647001024, 53.84418380435808, 0.0]",1.4054755542449175e-14,125434.94153672512,0,0.0
open_loop,quadrotor,200,11,"[-342.3595505394532, 173.4191970170982, -1.1685892916857732, 44.58454521304971, -7895.292484928661, 112.19474386694003, 0.0]","[-342.4105963377743, 173.44320865073058, -1.1685437044055538, 44.58289664661088, -7883.178247731874, 112.23129370785692, 0.0]",8.496209775688717e-15,122871.78777395641,0,0.0
open_loop,quadrotor,200,12,"[-204.6409837372861, 117.27763013643981, -1.9979261378266264, 26.13876724780493, -3205.711338880774, 35.01602940352093, 0.0]","[-204.62408358670186, 117.27636277721433, -1.9974611142896157, 26.138148143277654, -3200.8226080530367, 34.98063244873375, 0.0]",1.7402807684598384e-14,123324.27166286565,0,0.0
open_loop,quadrotor,200,13,"[-245.35241428696372, 164.40240396195082, -0.1023594600613903, 30.032202340678797, -17931.714928652145, -18.15318913258974, 0.0]","[-245.3730566395065, 164.3984618022529, -0.10236696426636874, 30.04228785164026, -17942.990595060703, -18.123464654164028, 0.0]",1.6723698340390755e-14,125711.12300598854,0,0.0
open_loop,quadrotor,200,14,"[-229.7947671126367, 119.90502851878632, -3.4962312555019133, 27.302895362103456, -10102.207691563543, 76.6018802899183, 0.0]","[-229.81738046749632, 119.90960970868329, -3.4964910808136986, 27.304845306250392, -10100.17987661022, 76.62952729623187, 0.0]",1.3577890813771842e-14,124032.77266430823,0,0.0
open_loop,quadrotor,200,15,"[-322.4646415963903, 184.78973982292078, -0.0604009329053474, 35.587047218887825, 4396.606059067823, 65.15248576321802, 0.0]","[-322.44003155787544, 184.7878567564512, -0.060380771498112135, 35.584697012123385, 4403.582613359951, 65.11148021454385, 0.0]",1.2575452511864684e-14,123383.16709367065,0,0.0
open_loop,quadrotor,200,16,"[-197.87246863230595, 106.39934182168204, -1.4206677044905247, 25.611101503074334, -1756.6703537385802, 51.94007545403793, 0.0]","[-197.8612080352629, 106.40076377365122, -1.4204091521477458, 25.611123467545795, -1753.2614039159837, 51.90939084483869, 0.0]",1.0485592258803165e-14,121839.01636341326,0,0.0
open_loop,quadrotor,200,17,"[-219.12405980657877, 121.68559145289524, -4.212162160168787, 29.45291000755784, -15512.66381021478, 48.10466535137511, 0.0]","[-219.1824357085179, 121.69740944866454, -4.212599440076353, 29.455111010827512, -15501.339818796097, 48.184547157489966, 0.0]",1.411259638528205e-14,127024.75618353504,0,0.0
open_loop,quadrotor,200,18,"[-291.4353385793445, 161.3631685837645, 0.5071675791418123, 34.25517981971917, 5121.615441453143, 69.05085717601155, 0.0]","[-291.4273594947073, 161.3720786877338, 0.5070921157418284, 34.252919293614276, 5129.946045161965, 69.01526641665455, 0.0]",9.794306722639399e-15,124029.63712684649,0,0.0
open_loop,quadrotor,200,19,"[-227.16854851972752, 123.98434833941073, -3.14664802387401, 30.421814571614988, -16518.163489560644, 51.34228233732359, 0.0]","[-227.2868059333224, 124.04157129814918, -3.1487897378875416, 30.425077107154326, -16512.665090778843, 51.42054693677434, 0.0]",1.3077652926119804e-14,123643.3526614966,0,0.0
open_loop,quadrotor,200,20,"[-317.13957204740126, 179.68064335653062, -0.98742212124999, 38.18470718622945, -12085.238856892582, 66.62601004316407, 0.0]","[-317.1672518975753, 179.68546849125232, -0.9877194453410124, 38.189817462488314, -12090.07367370423, 66.65319237909539, 0.0]",1.3344347919742777e-14,124983.18547986783,0,0.0
open_loop,quadrotor,200,21,"[-111.41756763197748, 34.991238013414545, -1.42817109322233, 40.23157844412201, -33478.73319880391, 22.4865404116172, 0.0]","[-96.47396110798573, 24.42665377754996, -1.2131191632111642, 40.88348523812377, -34421.34174411249, 21.076415474851103, 0.0]",2.249702626464638e-14,121975.72958082284,0,0.00010475447454938447
open_loop,quadrotor,200,22,"[-230.8421598609264, 115.6365859318669, 0.6743072159759425, 28.602000523108373, 3647.71472423346, 82.22689857578605, 0.0]","[-230.8548023599772, 115.63221747377617, 0.6743912033966827, 28.604601288560744, 3646.2673605122086, 82.25246659450771, 0.0]",1.0754967148793278e-14,121990.5819444121,0,0.0
open_loop,quadrotor,200,23,"[-253.93576472242594, 137.01439707193884, -1.1237016457910236, 27.398080191810056, -1145.5426349429326, 78.94741719021732, 0.0]","[-253.9278962338303, 137.01295678906095, -1.1236446582496151, 27.398581576888304, -1145.7510037917978, 78.9358570839617, 0.0]",8.918090111913178e-15,122074.89066225145,0,0.0
open_loop,quadrotor,200,24,"[-270.50140927187886, 144.37973502906107, -0.8828387407856747, 31.742599069885443, 2822.023925718341, 79.57250951850405, 0.0]","[-270.4903342491325, 144.38103716765633, -0.8827436854284512, 31.742465881074683, 2825.883741946699, 79.54755684936111, 0.0]",9.378830513538096e-15,122314.17923451241,0,0.0
open_loop,quadrotor,200,25,"[-268.51155662560575, 174.53624887342588, -1.5985625590697206, 26.846230604795448, -6201.07276691905, 12.271192008187255, 0.0]","[-268.5838821375101, 174.56838694333246, -1.5992006567762231, 26.847957041270377, -6192.485486538938, 12.321318852703216, 0.0]",9.468637515265603e-15,125173.38237481235,0,0.0
open_loop,quadrotor,200,26,"[-181.17127056721728, 90.82985225729148, -0.5830964974825005, 22.50486335112054, 204.84294584593044, 65.07044325585834, 0.0]","[-181.1574824755103, 90.83227600103324, -0.5829177869323748, 22.504286984297405, 207.18461865557256, 65.03803021934431, 0.0]",7.684272350936185e-15,122194.1368638359,0,0.0
open_loop,quadrotor,200,27,"[-207.1101822517632, 105.18230225995899, -2.879374247496655, 24.37842445348326, -6487.269746980795, 78.31894500193737, 0.0]","[-207.12385229924953, 105.18303835445185, -2.8794875813805936, 24.380264409063088, -6487.731202707558, 78.3395468737247, 0.0]",1.2323806862750407e-14,122644.2374875534,0,0.0
open_loop,quadrotor,200,28,"[-139.73808735142686, 74.54128156500798, -4.223610458336844, 30.600051760177045, -35216.649762337285, 9.523065532851898, 0.0]","[-139.70862692657846, 74.52997113277945, -4.222540084565225, 30.598522822035466, -35219.75016758483, 9.497276394011175, 0.0]",1.5052212780975694e-14,124566.61050214386,0,0.0
open_loop,quadrotor,200,29,"[-253.42790124047292, 128.11432504417385, -0.025085294467677433, 27.928889263994282, -275.767232423289, 99.17375079012315, 0.0]","[-253.45413166844938, 128.10397073690888, -0.02504515133327864, 27.938517935750518, -288.756642980374, 99.23182979982022, 0.0]",6.6789093982465014e-15,121759.60184491353,0,0.0
open_loop,quadrotor,200,30,"[-216.74114529534918, 112.60180866172284, -2.6633460970278637, 28.32259653802135, -14947.658812591948, 68.55233851037657, 0.0]","[-216.79638808493596, 112.62992020239034, -2.6644671352381475, 28.323274221041945, -14942.774731184556, 68.5858285095133, 0.0]",8.92612141928411e-15,122889.0552004031,0,0.0
open_loop,quadrotor,200,31,"[-291.7380200613804, 154.1578815554056, 0.9878685041378535, 31.47164170126836, 4873.150669627916, 97.87687191576929, 0.0]","[-291.74928601329424, 154.1487068148105, 0.9884243497992662, 31.482651263419232, 4868.584124777462, 97.90018784717832, 0.0]",1.5264291870907258e-14,123352.23643705837,0,0.0
open_loop,quadrotor,400,0,"[-268.9408000738953, 147.27840450932052, -0.7538787637911469, 31.541580126789498, 4179.924381955394, 85.34337144943098, 0.0]","[-268.950551666884, 147.27104611883615, -0.7540058423703826, 31.548686374603435, 4177.983218230302, 85.3657822261247, 0.0]",7.549493595823292e-15,108039.6052236269,0,0.0
open_loop,quadrotor,400,1,"[-219.93475658315938, 140.9860046923498, 0.31442874920210084, 34.24319612444732, -11518.259075607915, -4.127993313958285, 0.0]","[-219.9407367878403, 140.99313271503004, 0.31412289102307284, 34.236753607862944, -11512.426841646144, -4.118680841443342, 0.0]",1.7970046718861297e-14,110922.6730589485,0,0.0
open_loop,quadrotor,400,2,"[-210.01333917338982, 124.03855481382365, -1.5476053790794935, 38.00651597976075, -38566.257384682634, 16.460741262744726, 0.0]","[-209.97783442204775, 124.02347538735364, -1.5471633405419034, 38.003659587050976, -38571.815273459295, 16.437618013204496, 0.0]",1.6993050099743477e-14,110556.07348459032,0,0.0
open_loop,quadrotor,400,3,"[-320.53625062092243, 172.54936249721004, -1.1636008487209355, 40.606095129339074, -7298.336399489677, 102.1543137924477, 0.0]","[-320.577543532709, 172.56788963698685, -1.1636178556108603, 40.60524521752257, -7287.556905726621, 102.18610808945299, 0.0]",1.0783065500798996e-14,110300.99844692797,0,0.0
open_loop,quadrotor,400,4,"[-216.62918018971024, 114.13200576958342, -4.064547119673272, 29.500498276240236, -11881.047824863166, 73.66658486482231, 0.0]","[-216.66421925640276, 114.13998819162148, -4.064824232213022, 29.502656614236642, -11875.367177152408, 73.71318033513127, 0.0]",9.729448726381406e-15,111439.57075834711,0,0.0
open_loop,quadrotor,400,5,"[-162.95626558413377, 107.24548722405365, -2.0189371171251493, 27.27554309525309, -11463.201003907343, -12.592848625269097, 0.0]","[-162.9449602361389, 107.25074995936268, -2.0184089956802143, 27.272453323604033, -11458.213993442452, -12.622943704129288, 0.0]",2.015986215649694e-14,111901.57285929327,0,0.0
open_loop,quadrotor,400,6,"[-213.347582305939, 125.79612440739534, -0.16832261309263197, 29.42179137419386, -5223.312509440824, 31.350311345551372, 0.0]","[-213.34025042794457, 125.79925343133914, -0.16829870389835225, 29.418342919593133, -5220.0484963759145, 31.335255939673814, 0.0]",1.4924328028683624e-14,111711.52076469238,0,0.0
open_loop,quadrotor,400,7,"[-197.30768093634947, 114.85171537471672, -0.8794908923592758, 26.41799730842467, -865.1747427414202, 36.688866269416756, 0.0]","[-197.33477441917947, 114.85015179339204, -0.8799444258412583, 26.425380317344445, -864.7388944210527, 36.7265720936313, 0.0]",2.017760842977427e-14,109973.7939363441,0,0.0
open_loop,quadrotor,400,8,"[-241.4188454072172, 134.37877903930175, -4.013354564734274, 31.374243552977294, -11128.595746089493, 68.58823117356175, 0.0]","[-241.46833273672598, 134.39218944534733, -4.01361375248902, 31.375681246256672, -11116.617027774977, 68.64756742947107, 0.0]",9.998547175195163e-15,111947.82070294207,0,0.0
open_loop,quadrotor,400,9,"[-174.5982732526564, 101.59595158348235, -1.7069867971727166, 24.424156140602314, -6660.014322746206, 26.97898529039973, 0.0]","[-174.58906733681502, 101.59688465521067, -1.7067259100594063, 24.423750288390277, -6657.571622575771, 26.95768287880755, 0.0]",1.2288262549742354e-14,110205.27067420958,0,0.0
open_loop,quadrotor,400,10,"[-204.09314874884058, 117.27722418357436, -3.8637578208406302, 26.372828928855547, -17369.543492568962, 51.0625392729403, 0.0]","[-204.09367873138214, 117.27442893062894, -3.864081877261522, 26.374624588779685, -17370.46355678709, 51.06511572509612, 0.0]",1.5239292102680648e-14,111985.77606799603,0,0.0
open_loop,quadrotor,400,11,"[-336.55270209100524, 176.15865227824926, -1.063626573550837, 44.691950720144035, -6741.797076036485, 108.53822245066411, 0.0]","[-336.5776193819381, 176.17445170659946, -1.0635335153495384, 44.68967487549967, -6733.419924037692, 108.54799664729521, 0.0]",1.0809168570259778e-14,109642.42719919066,0,0.0
open_loop,quadrotor,400,12,"[-198.05778725009344, 117.22199298645768, -1.8632413952133753, 26.452665667772965, -2432.0262218664275, 29.17736838478119, 0.0]","[-198.04481659155607, 117.2204847704404, -1.8629127334033293, 26.45193288317484, -2428.982741640344, 29.1495926078791, 0.0]",9.557982838511693e-15,110091.82037180336,0,0.0
open_loop,quadrotor,400,13,"[-241.44826427061835, 169.78016452273118, 0.01281161510987414, 29.835876078002073, -14822.177807918211, -21.075759246829524, 0.0]","[-241.45715415155055, 169.77293317803026, 0.012878821137212646, 29.844015943237892, -14830.530742268586, -21.054649372930374, 0.0]",9.021584507096529e-15,112230.99576249669,0,0.0
open_loop,quadrotor,400,14,"[-226.33433437347185, 122.12459778973499, -3.3877800524422477, 27.542167080223184, -7917.675063757719, 74.914509928901, 0.0]","[-226.3543267572221, 122.1275662696243, -3.387986807497793, 27.54389239294561, -7916.248683367668, 74.9425709785645, 0.0]",1.630976069943923e-14,110730.27612202878,0,0.0
open_loop,quadrotor,400,15,"[-313.8652888644549, 188.35133234890048, 0.07825814177034504, 35.62297027046507, 5364.044775214963, 59.024944474567064, 0.0]","[-313.9411103317653, 188.37041089753973, 0.07840774069930709, 35.63687332989118, 5373.528465554712, 59.09033957999192, 0.0]",9.34944885489855e-15,110138.66177314485,0,0.0
open_loop,quadrotor,400,16,"[-195.30952983527237, 108.47174817163545, -1.3334728645923162, 26.010990383771297, -1450.084282364267, 49.960359166212875, 0.0]","[-195.37077483584613, 108.47702020700977, -1.3345434921456742, 26.02075693619349, -1449.5766927148093, 50.03858102210204, 0.0]",1.644332862241765e-14,108731.68057077308,0,0.0
open_loop,quadrotor,400,17,"[-210.45231963797377, 122.35708776561617, -4.023352716898933, 29.55283695230361, -15607.161985379433, 41.59077108326492, 0.0]","[-210.47778236914067, 122.36496984472917, -4.023559149727567, 29.553960458280525, -15600.926896839395, 41.620894849957, 0.0]",1.4481017634849488e-14,113394.19012437064,0,0.0
open_loop,quadrotor,400,18,"[-286.2406572067912, 164.29284056046703, 0.6101830430320853, 34.60323194549281, 5612.926773426225, 65.19998195648817, 0.0]","[-286.23995502785164, 164.30001510169004, 0.6100912063543138, 34.60174214370916, 5618.659306140932, 65.18086712630623, 0.0]",1.2030353109734793e-14,110742.69980745751,0,0.0
open_loop,quadrotor,400,19,"[-221.80300588674572, 127.47355427031962, -2.9959071077037276, 30.29056434650639, -13751.624151827078, 47.75864152956931, 0.0]","[-221.8814667581261, 127.51118455025147, -2.9973696056645416, 30.292867471529767, -13747.88392763548, 47.81303418932313, 0.0]",1.4216091819382368e-14,110357.61610079676,0,0.0
open_loop,quadrotor,400,20,"[-312.50995672461886, 184.15911994061585, -0.8776708337871105, 38.20318728094147, -9823.69314560297, 64.50765363788513, 0.0]","[-312.5063080685478, 184.1507753268838, -0.8778327309614866, 38.204458394337976, -9828.058428510722, 64.51785604544118, 0.0]",1.3024719067897339e-14,111611.49062244574,0,0.0
open_loop,quadrotor,400,21,"[-107.88756066985583, 37.557383793140815, -1.3079056348572518, 40.42721645115147, -31481.59525573216, 19.31894967170669, 0.0]","[-92.31811815605987, 26.493811267009953, -1.083993066767291, 41.11568992536735, -32454.441130086405, 17.89223993728057, 0.0]",1.787314986432211e-14,108873.78486696855,0,0.00028858223318017906
open_loop,quadrotor,400,22,"[-230.77378520828915, 118.7686725505606, 0.7330235385230932, 29.052611553309653, 4336.303257490542, 82.8680126964599, 0.0]","[-230.78524361479145, 118.76633869351299, 0.733141482309631, 29.055639539304888, 4335.150207550166, 82.8889517059534, 0.0]",1.2276997354871327e-14,108906.45090270616,0,0.0
open_loop,quadrotor,400,23,"[-248.56929074756997, 138.95018192333677, -1.015218404242822, 27.856703612054904, 108.65124133218978, 74.3625541193173, 0.0]","[-248.56397020675314, 138.9493827672149, -1.0151793367612525, 27.857171957651204, 108.90041891770925, 74.35362663858295, 0.0]",1.0926785591330818e-14,108934.93024514189,0,0.0
open_loop,quadrotor,400,24,"[-267.8627170067231, 147.6943605354992, -0.79274602315616, 32.10173054080781, 4078.5785434262853, 76.88353457559845, 0.0]","[-267.8307606743984, 147.69588366765436, -0.7924371396138258, 32.100604343479425, 4081.5785461039013, 76.81482782411753, 0.0]",1.1153422046613236e-14,109156.93577718438,0,0.0
open_loop,quadrotor,400,25,"[-258.10410896106777, 173.2824858524024, -1.4341783850417154, 27.059678865687072, -6896.026659277116, 5.9340025361108015, 0.0]","[-258.1616763767298, 173.30686307417227, -1.434670206827373, 27.062483433555467, -6890.057516196261, 5.977746518317089, 0.0]",9.402532967954625e-15,111778.01393182775,0,0.0
open_loop,quadrotor,400,26,"[-179.64009556881308, 93.49585720221332, -0.5119800126499633, 22.75645365334181, 1265.9411584180125, 63.95773847872279, 0.0]","[-179.64345762778174, 93.48833715965242, -0.5121236467418038, 22.760527563300023, 1264.171287086887, 63.97614226822904, 0.0]",1.1981698466903846e-14,109100.88938347175,0,0.0
open_loop,quadrotor,400,27,"[-205.86275483807313, 108.51175319008479, -2.811454014985852, 24.60811553105666, -4566.828731662065, 78.61870685956367, 0.0]","[-205.86452637969649, 108.51293605074265, -2.811503551795254, 24.608694301545206, -4567.100370620124, 78.6176653170207, 0.0]",1.2941503374463352e-14,109464.92172683934,0,0.0
open_loop,quadrotor,400,28,"[-135.95528288708806, 79.33700518632597, -4.043272424771912, 30.330594897011924, -32168.504549910605, 5.77768706038542, 0.0]","[-136.0195936907418, 79.35901872104574, -4.0457861216538635, 30.33491853160083, -32169.392870239957, 5.8434846886807446, 0.0]",9.41486129043046e-15,111215.42072064063,0,0.0
open_loop,quadrotor,400,29,"[-249.73284032009005, 130.3600264679785, 0.05636597104693155, 28.504979703329113, 1084.4602001339053, 96.26423777892971, 0.0]","[-249.75686106004218, 130.35470109595616, 0.05647954372048609, 28.513755096631137, 1076.340326722903, 96.30658981638076, 0.0]",1.0286582826874719e-14,108641.48141066653,0,0.0
open_loop,quadrotor,400,30,"[-215.05549292240903, 116.48330458593202, -2.579338347831343, 28.42782988801445, -12556.600710544444, 67.94490979102845, 0.0]","[-215.09589709044144, 116.50399884496592, -2.580188310245533, 28.428489376967335, -12552.783523408965, 67.96981962763455, 0.0]",1.2525359555301326e-14,109724.51165981515,0,0.0
open_loop,quadrotor,400,31,"[-287.36310233734474, 156.22373929452394, 1.0824711203066428, 32.13396287189777, 5718.750491359129, 94.86954057232892, 0.0]","[-287.3615744105398, 156.2142259942482, 1.082787107026726, 32.13934010274191, 5716.127109573013, 94.8805957205493, 0.0]",9.012026471226234e-15,110115.68696019512,0,0.0
open_loop,quadrotor,800,0,"[-258.01107578703926, 151.02365558363783, -0.5215022838559794, 33.06974399789036, 3992.770751963828, 76.5397546160652, 0.0]","[-258.01472162237957, 151.01470064348237, -0.5216051581044006, 33.0746641857244, 3991.2852855942174, 76.56106940254958, 0.0]",1.4711728338960618e-14,104983.5270865703,0,0.0
open_loop,quadrotor,800,1,"[-305.85342090561556, 201.2147914382721, 0.22180991943575099, 33.73718314602175, 4784.893939028494, 46.6420296899232, 0.0]","[-305.906189936287, 201.24159099727228, 0.22194237510705864, 33.74239527421202, 4790.066822439162, 46.66861429668255, 0.0]",8.745032733396381e-15,107633.8452013436,0,0.0
open_loop,quadrotor,800,2,"[-420.2070211320822, 285.3758775069033, -3.0484212056886983, 32.380390268372125, 7878.694215352709, 79.41804576538958, 0.0]","[-420.14972608785683, 285.33754864155765, -3.0479626276559113, 32.37981369488293, 7875.553515960016, 79.39214586943996, 0.0]",1.0744304759778074e-14,107215.77026885745,0,0.0
open_loop,quadrotor,800,3,"[-294.7881277849197, 170.83250410606644, -0.8332220757745158, 41.89030457425219, -8719.741746834003, 88.58139639859584, 0.0]","[-294.82323633098434, 170.85105089397132, -0.8332121879691834, 41.889636368347134, -8708.540845356189, 88.60584118356192, 0.0]",1.0726141235521107e-14,107267.6399062052,0,0.0
open_loop,quadrotor,800,4,"[-210.4855068887833, 129.88825993179012, -3.87487943743394, 27.659784907449012, -11698.972931200735, 52.34751977674135, 0.0]","[-210.49499375906163, 129.89229348003443, -3.875519432288903, 27.658866824120743, -11697.843583305958, 52.358092751722644, 0.0]",1.34996679408594e-14,108080.46772796381,0,0.0
open_loop,quadrotor,800,5,"[-244.25022978007735, 144.99394178906476, -2.7955634367891777, 28.974398677551218, -2327.949736239718, 79.35706625817488, 0.0]","[-244.29071205038701, 145.0185617000364, -2.7962177617807424, 28.97423683868166, -2321.554023456353, 79.37676229078593, 0.0]",1.3580024992803679e-14,108556.5335976703,0,0.0
open_loop,quadrotor,800,6,"[-192.9762759667948, 123.62435469553888, 0.0910623490749738, 30.76336376540888, -7674.882989022375, 16.002519992516298, 0.0]","[-192.97033521325525, 123.62769678334823, 0.09104209495756777, 30.75987250211323, -7671.770503209665, 15.989176338302864, 0.0]",1.4196368593498615e-14,108665.6294937897,0,0.0
open_loop,quadrotor,800,7,"[-181.31867981764842, 113.06334315830226, -0.649825678166729, 28.142661870409235, -3394.2290840442574, 23.298437034502214, 0.0]","[-181.34694829959682, 113.06195640635039, -0.6501813117827854, 28.150979979437857, -3394.5209308192466, 23.33918922473638, 0.0]",1.1497823921037883e-14,106888.3448975018,0,0.0
open_loop,quadrotor,800,8,"[-229.4459569181066, 150.45489345015812, -3.7228123172965146, 28.889794960078664, -12648.936045879553, 37.33892483407958, 0.0]","[-229.50843188707714, 150.4903644339428, -3.7238807665625435, 28.889273985120134, -12640.921219232168, 37.378518594850036, 0.0]",1.3894434596144524e-14,108545.38855308705,0,0.0
open_loop,quadrotor,800,9,"[-156.2345749381067, 100.47683334900262, -1.4142670097774859, 25.710294618463216, -6551.651612529872, 10.67495247300118, 0.0]","[-156.22853859989442, 100.47822184885118, -1.414042169566333, 25.709520029141316, -6549.129924370039, 10.65564501830442, 0.0]",1.5064614132479114e-14,107101.38780884385,0,0.0
open_loop,quadrotor,800,10,"[-170.7959163266653, 102.41880460957941, -3.4445309790754663, 28.80417378891925, -24205.574268971803, 37.74867275550207, 0.0]","[-170.87942361139756, 102.45787350292804, -3.4467427858929143, 28.80890879373538, -24199.799159748563, 37.814408693149204, 0.0]",2.7956693585697716e-14,108902.29028085675,0,0.0
open_loop,quadrotor,800,11,"[-310.4064297709405, 175.40259237823255, -0.7222263037659366, 45.99722567521359, -8509.550008202728, 95.21959732116639, 0.0]","[-310.4536290619776, 175.4186961909676, -0.7223751655658184, 45.9986911991889, -8501.179463700333, 95.27341101587183, 0.0]",1.386185011960082e-14,106622.40544553894,0,0.0
open_loop,quadrotor,800,12,"[-177.85378212252945, 113.80782991453057, -1.5886314349476973, 28.184258094562484, -5785.199287848478, 14.458263693462863, 0.0]","[-177.84154966297933, 113.80684153770049, -1.588350079220269, 28.183440012158968, -5781.918081299018, 14.432479113878635, 0.0]",1.5039052492644625e-14,106990.55824763414,0,0.0
open_loop,quadrotor,800,13,"[-256.89933655125657, 157.2790672305382, 0.31120459197919603, 38.40971355191404, -23260.250209984108, 53.53553612357685, 0.0]","[-257.02781416370084, 157.33663853557098, 0.31105020641537007, 38.42634092504806, -23259.066725259847, 53.62338910261727, 0.0]",1.556648986874827e-14,109185.26950410631,0,0.0
open_loop,quadrotor,800,14,"[-206.0667094441614, 117.99364817353317, -3.1599218961704367, 29.258722959903356, -11380.625734566594, 66.06385204926794, 0.0]","[-206.07298157838275, 117.99581682596151, -3.1600195339457176, 29.259596226764952, -11380.251440050413, 66.06915413848142, 0.0]",1.44124671082817e-14,107643.38148897213,0,0.0
open_loop,quadrotor,800,15,"[-287.9143957124147, 187.05188992172134, 0.41645288596625146, 36.90983988429925, 4045.6428131399957, 35.8820062821364, 0.0]","[-287.90256276786937, 187.05150925837304, 0.4163934995271431, 36.907689320333446, 4050.1147742511243, 35.85709917322551, 0.0]",1.0148358681592631e-14,107087.283405827,0,0.0
open_loop,quadrotor,800,16,"[-180.8330671041008, 108.35852808644232, -1.1135755264934266, 27.573172866868596, -3061.447528379498, 38.61193116284173, 0.0]","[-180.82520565185388, 108.35890559536921, -1.1134472282182706, 27.573124550412132, -3059.3305865502994, 38.591599625294855, 0.0]",1.8545581551380203e-14,105666.46267542588,0,0.0
open_loop,quadrotor,800,17,"[-189.94913823628232, 127.29159702083354, -3.6255640790327432, 28.68435877877269, -21160.253242634368, 11.09615759339789, 0.0]","[-190.02354678501084, 127.3279623959915, -3.6269558215020132, 28.689583957086498, -21155.730117252773, 11.14738838713017, 0.0]",1.7527884674862106e-14,109981.65225723076,0,0.0
open_loop,quadrotor,800,18,"[-266.49384613336025, 165.36706287812868, 0.8821483619153522, 36.03688525244342, 3584.715541070594, 47.50280476067506, 0.0]","[-266.58783244607645, 165.39525252997524, 0.8825930332918958, 36.05165789567102, 3597.0494773125706, 47.588607646381476, 0.0]",1.0785842973101417e-14,107688.46567348951,0,0.0
open_loop,quadrotor,800,19,"[-186.63659566872516, 112.33649669283503, -2.5985010612504302, 32.80605600268209, -20568.3092641107, 32.611699094188424, 0.0]","[-186.7068585863723, 112.3679875679231, -2.600027556664013, 32.808874825302915, -20566.591087528264, 32.672105914451826, 0.0]",1.1453127206583959e-14,107294.77383273437,0,0.0
open_loop,quadrotor,800,20,"[-273.4515429461868, 170.89063728535373, -0.46922079031557934, 39.971248775987846, -17597.517387899978, 46.69156001781535, 0.0]","[-273.52599086918974, 170.91697619292208, -0.469579467272156, 39.98368573558854, -17598.46223665355, 46.751859529902156, 0.0]",9.644818157148497e-15,108580.279395519,0,0.0
open_loop,quadrotor,800,21,"[-97.27072351132506, 34.27398219418089, -1.20776222736426, 43.09343087202153, -35954.53505939699, 10.064778858381555, 0.0]","[-109.25247440963457, 38.533596604733624, -1.1399164873279892, 44.15335522962168, -33146.01152870631, 24.85726304910143, 0.0]",1.7677954548950447e-14,283746.71701100626,0,0.0009207660547962959
open_loop,quadrotor,800,22,"[-222.1761822473862, 123.0863338305435, 0.917733244421847, 30.474945144347643, 3804.404098826232, 77.59639897682723, 0.0]","[-222.17929074139712, 123.08016267467282, 0.9177452926395802, 30.475453546803184, 3803.177203247549, 77.61634982166441, 0.0]",1.0821255195071246e-14,105870.90682345467,0,0.0
open_loop,quadrotor,800,23,"[-232.01618802785705, 139.67019584441812, -0.7576207081386662, 29.645642402322967, -57.08600482908696, 61.12642542763341, 0.0]","[-231.9987605956255, 139.66496756627652, -0.7574841129968862, 29.64545455919051, -56.717841554947974, 61.10179194520121, 0.0]",1.0102462196458618e-14,105865.31281485935,0,0.0
open_loop,quadrotor,800,24,"[-250.66710769761772, 151.58656273370718, -0.5200402091475532, 33.289211021493976, 3435.31089045335, 62.727975845220705, 0.0]","[-250.65314749815292, 151.5708224401514, -0.5199720215526127, 33.29510571176057, 3434.8569920087302, 62.72395564480793, 0.0]",1.0847699787224694e-14,106120.35318604033,0,0.0
open_loop,quadrotor,800,25,"[-274.950887781367, 169.06179360612094, -1.3758232753266368, 33.47762859795006, -8570.464889465475, 71.17283296559876, 0.0]","[-274.9988301234256, 169.08588160879916, -1.376310961295264, 33.480429038418215, -8564.525179682658, 71.19978681310207, 0.0]",9.719960931349538e-15,108717.70639372739,0,0.0
open_loop,quadrotor,800,26,"[-170.45316171227023, 95.38778624005477, -0.3513627940501299, 24.098988637627016, 503.8477640783949, 57.88834502329925, 0.0]","[-170.45255579255118, 95.38075151216863, -0.3513887010378874, 24.102807548537054, 501.85772738350073, 57.898094116061614, 0.0]",1.2921232365651526e-14,106031.13796569227,0,0.0
open_loop,quadrotor,800,27,"[-194.68636888247875, 107.64110125016956, -2.69683185688369, 26.220239809451378, -6267.886519502647, 75.63845913309929, 0.0]","[-194.68425735484263, 107.64104011138875, -2.696862634544242, 26.220490216719337, -6268.535008523949, 75.63357454280633, 0.0]",1.3627833974411695e-14,106422.3225216801,0,0.0
open_loop,quadrotor,800,28,"[-274.11568791218383, 187.48023993314476, -6.256506642304861, 22.557742880132654, -4715.651003182199, 47.20765052098697, 0.0]","[-274.04043806356844, 187.4319211463648, -6.255271987630019, 22.55782059888328, -4722.7246591864605, 47.17222282076986, 0.0]",1.063913261067194e-14,107815.38575216704,0,0.0
open_loop,quadrotor,800,29,"[-242.89829156215583, 135.50077065080703, 0.2523237383083959, 30.108686253135474, 2168.638860437193, 90.50259998961896, 0.0]","[-242.91395368778464, 135.49470954118345, 0.252467248824489, 30.11604045933091, 2163.09912462496, 90.53595173626749, 0.0]",1.2214096312551334e-14,105615.72387431159,0,0.0
open_loop,quadrotor,800,30,"[-186.48060182866354, 104.2548972223438, -2.2601814144523105, 30.883765419593527, -18586.999764758515, 59.423004683076705, 0.0]","[-186.51220396147713, 104.26893485816827, -2.2610063560818228, 30.88603477438542, -18585.784384779246, 59.44904305220358, 0.0]",1.0812065892311768e-14,106616.34496263954,0,0.0
open_loop,quadrotor,800,31,"[-274.50582726199576, 160.66745433894386, 1.3180654863132901, 33.70257537641745, 5825.0160397074615, 85.76462086995429, 0.0]","[-274.5109988156789, 160.66305715159666, 1.3184448366542858, 33.70838471597395, 5823.110859501456, 85.77621511332633, 0.0]",9.685309788512565e-15,107042.7056636851,0,0.0
closed_loop,quadrotor,0,0,"[-92.6026254479604, 21.72461736059507, -1.2894688461987993, -6.244584653735512, 1152.2684281544086, 78.0597437886271, 0.0]","[-92.60299441411671, 21.73662123003834, -1.2896682691656598, -6.248353823231441, 1152.2707729205406, 78.0542099612874, 0.0]",2.712863778252033e-15,602.2150736365905,0,0.0
closed_loop,quadrotor,0,1,"[-81.55527814682188, 5.54009922888757, -0.602787918924431, 4.645478115470996, 943.1618799544524, 90.79580678617113, 0.0]","[-81.71728842728581, 5.909241174118473, -0.5965192619836214, 4.765005932775165, 943.1506356896996, 91.0114687553108, 0.0]",3.3668471859692245e-15,67318.83946865708,0,0.00015791019376548698
closed_loop,quadrotor,0,2,"[-60.136925307253954, -32.10319002667941, -0.4070661683013913, 6.28202724744126, 737.4130312318877, 87.0969946082821, 0.0]","[-58.83647426338553, -34.8128905034409, -0.4613596637116788, 5.260496661303639, 737.421182002156, 85.46664446737701, 0.0]",4.859946279905268e-15,70299.3663241015,0,6.72411457115496e-05
closed_loop,quadrotor,0,3,"[-39.394807186037895, -56.253221391347914, -0.42798743124419264, 3.030610098773507, 629.098433570777, 48.528411841064205, 0.0]","[-38.58359638534132, -57.84717895603961, -0.464867922069306, 2.388316367428834, 628.9794161841637, 47.61976627649416, 0.0]",3.152131354430757e-15,73955.19338582094,0,8.439357801914849e-05
closed_loop,quadrotor,0,4,"[-28.37813018755124, -57.37502684053143, -0.5285822223230342, -2.0125850263406453, 603.7022787086919, 9.749705064602127, 0.0]","[-27.918203089926774, -58.249280792942706, -0.5524949914271179, -2.392954770055012, 603.6658946041331, 9.318453863236348, 0.0]",1.8262395440199073e-15,80424.78869506805,0,0.00034315428647008206
closed_loop,quadrotor,0,5,"[-25.049210216119672, -50.82340741059262, -0.6450468803808351, -2.7362643844359127, 557.6602914300561, 4.586752642226459, 0.0]","[-24.996699634107504, -50.9236166035142, -0.6482115889638467, -2.7820357699662317, 557.672477702929, 4.550116019409807, 0.0]",1.0531791151683895e-15,94829.10328083442,0,0.00022250152615455043
closed_loop,quadrotor,0,6,"[-18.087698652419675, -46.29993801759228, -0.7116244841045514, -2.9124078564745925, 447.97837810766146, 3.0702176933731273, 0.0]","[-18.30486908493473, -45.88878499016049, -0.6964322175776051, -2.7150026235726292, 447.91372583713445, 3.1675628718707793, 0.0]",9.751211320918264e-16,130134.39872501719,0,0.0006654925279029889
closed_loop,quadrotor,0,7,"[-6.802669012081771, -44.958565074993345, -0.7270270274108639, -2.9554396812307724, 278.3193149172037, 2.2108724844148826, 0.0]","[-7.058293277878412, -44.46609928021834, -0.7066052386291102, -2.7164012956538452, 278.1969245595136, 2.2514872284501015, 0.0]",1.1254421696642507e-15,234740.98707726964,0,0.00020217265788086136
closed_loop,quadrotor,0,8,"[3.2786514757720426, -43.957726824148935, -0.6637347984868889, -2.932042495785182, 123.93503546212554, 1.448627371894497, 0.0]","[2.3164478204606183, -41.639707072425566, -0.5741254961103455, -2.1177850602967965, 123.13692900780491, 1.5748157026407215, 0.0]",8.256822961966183e-16,3026526.8247800046,0,0.000989540723066229
closed_loop,quadrotor,0,9,"[10.976964649231613, -44.94297046547084, -0.7080473139183825, -4.497238070972835, 22.364651165908285, -0.9180507478835884, 0.0]","[9.914232525713658, -42.547141045158796, -0.6001140471978844, -3.496889577149377, 21.569280273157606, -0.28204267728592486, 0.0]",5.946134172552546e-16,755932.4396450283,0,0.0005808312713052599
closed_loop,quadrotor,0,10,"[13.440722675960567, -41.27716567464791, -0.6152943110270893, -4.791571935742496, -27.4662093924335, -1.7505821230685195, 0.0]","[13.43948009669766, -41.27695833266924, -0.6152085780773611, -4.790085952723647, -27.463107385707932, -1.7480683458680302, 0.0]",7.796114898138402e-16,571.4112523922815,0,0.0
closed_loop,quadrotor,0,11,"[13.192276731910319, -36.67966903487484, -0.5644818820727294, -5.300863366342284, -37.98006608031611, -2.3275055959516657, 0.0]","[13.191211490982072, -36.67928459139277, -0.5644007751187372, -5.29964303316561, -37.978780686751236, -2.3252007120161258, 0.0]",9.880567915120917e-16,573.757778612026,0,0.0
closed_loop,quadrotor,0,12,"[11.32865093893883, -31.16664687820491, -0.5308617977181017, -5.549916164559636, -28.4232298218176, -2.2797783503834896, 0.0]","[11.328555916105287, -31.166549571258486, -0.5308494519698073, -5.549795083831571, -28.42368848665409, -2.2795432358548418, 0.0]",8.392290568790208e-16,576.1929863646471,0,0.0
closed_loop,quadrotor,0,13,"[8.76052331385867, -25.20199500114038, -0.4849300543240419, -5.308402225622352, -13.432069234028614, -1.7022886376097628, 0.0]","[8.761264951697697, -25.202850323632273, -0.4850079899937384, -5.309028164466626, -13.431535406036492, -1.7035475770034916, 0.0]",1.0134133117703311e-15,578.4364060312902,0,0.0
closed_loop,quadrotor,0,14,"[6.207100931054637, -19.192204813717506, -0.41522100185801447, -4.628066400121787, -0.9942742669959038, -0.9083693683303365, 0.0]","[6.207762910658444, -19.193177165258803, -0.4152909920855073, -4.628504467624007, -0.9943237454929442, -0.9091854478054644, 0.0]",1.0564524580988e-15,580.5828654813006,0,0.0
closed_loop,quadrotor,0,15,"[4.0720359541921365, -13.760060675955494, -0.3267218711901385, -3.7235751399862114, 5.730356744037924, -0.1801734816529892, 0.0]","[4.0725385624005686, -13.760988118045734, -0.32677750763072894, -3.723831551237888, 5.730314082442553, -0.18059491645225953, 0.0]",1.452851274764495e-15,582.463995250556,0,0.0
closed_loop,quadrotor,0,16,"[2.481263605995366, -9.231519871407782, -0.23278966406186952, -2.805697921090472, 7.547641761343355, 0.33743050863807034, 0.0]","[2.4816410241203264, -9.232367150193813, -0.23283228405604392, -2.8058275200694798, 7.547635916934977, 0.3372298711899091, 0.0]",9.53186744403555e-16,584.1052568273609,0,0.0
closed_loop,quadrotor,0,17,"[1.400542076013228, -5.60606967750168, -0.14601772710395633, -2.030113346044618, 5.708251241994613, 0.611578780289853, 0.0]","[1.3823370667230517, -5.317085791212411, -0.1466812776982643, -2.03419658847293, 5.10329662585118, 0.6103329754637974, 0.0]",9.581340273151286e-16,7440.714295799951,0,0.0008654623124937366
closed_loop,quadrotor,0,18,"[0.7704689520516318, -3.649811025165026, -0.07415892942594851, -1.4334632548202775, 4.054820489244417, 0.6929082723613389, 0.0]","[0.7747526610058357, -3.7350575845982226, -0.07366890130510954, -1.4294878769708574, 4.252840748479346, 0.6942653203109064, 0.0]",3.424380361843058e-16,7457.374307425567,0,0.00045363906585715874
closed_loop,quadrotor,0,19,"[0.4043778700880145, -2.396842485949829, -0.019995368772726136, -1.0117864367796343, 2.1293145097314223, 0.6541748901750448, 0.0]","[0.4104808848898439, -2.567458951154905, -0.01821233425383103, -0.997462290474172, 2.5598479063473243, 0.6583258831744143, 0.0]",5.423722327844966e-16,7475.1744426095,0,0.0004532910420398384
closed_loop,quadrotor,0,20,"[0.20932622875178067, -1.5870777382722938, 0.015226476682465434, -0.7476155787534013, 0.5288531879032816, 0.554992712931518, 0.0]","[0.21322993046500874, -1.771298046818679, 0.018284340996377237, -0.7250425579634731, 1.0344994702636323, 0.559859448633835, 0.0]",4.461065135534954e-16,7493.424362233784,0,0.00039509684956717805
closed_loop,quadrotor,0,21,"[0.11526646448907785, -1.1063092175882394, 0.0337767239034898, -0.5853126208845476, -0.48435223842555014, 0.4361842158935265, 0.0]","[0.11619928351448168, -1.268821641131591, 0.037773278099172684, -0.5587373251013623, 0.0012891064062906486, 0.4397915637512112, 0.0]",3.3048767995234777e-16,7511.288870010221,0,0.00033266640447515705
closed_loop,quadrotor,0,22,"[0.07479492322112273, -0.8298880712081492, 0.041008564476039296, -0.4879014082632352, -0.9648997434097538, 0.3293289311115305, 0.0]","[0.07390727619052845, -0.957315596756008, 0.04526819642485782, -0.46206180318519063, -0.5481465168327768, 0.3308042167142768, 0.0]",3.982152677721793e-16,7527.961982000544,0,0.00024010205770852444
closed_loop,quadrotor,0,23,"[0.06426451645442492, -0.5491957271785519, 0.03372837045834673, -0.4554570545968495, -1.453881307236492, 0.2451760884939187, 0.0]","[0.0578769575603882, -0.7826628620463991, 0.044201459254363196, -0.3991620999530094, -0.630970491441736, 0.24331324471370894, 0.0]",3.5638834005406065e-16,7542.215116366102,0,0.0007672256550244061
closed_loop,quadrotor,0,24,"[0.05664182188039233, -0.5119918948891912, 0.03031189467136488, -0.3897566563707331, -1.1532419999526564, 0.18309343983613796, 0.0]","[0.05011938344692606, -0.6676812160325933, 0.03941792125096075, -0.34678050534286775, -0.5400601368222758, 0.1773555528799003, 0.0]",5.220503430702233e-16,7555.241411792904,0,0.0007017143610401622
closed_loop,quadrotor,0,25,"[0.052105109396535655, -0.4359047000774644, 0.02312479695118002, -0.3400567969536889, -1.0074296348497955, 0.14333262831906163, 0.0]","[0.043450478554100565, -0.5770969509102265, 0.03359325223333725, -0.2973399044380335, -0.3810475293880895, 0.1327137986205012, 0.0]",5.37885681823507e-16,7565.641589144565,0,0.0009223884273950045
closed_loop,quadrotor,0,26,"[0.04317861944339676, -0.42135727515361665, 0.020352857529860994, -0.27598299454008995, -0.6540884465044431, 0.10868030699907409, 0.0]","[0.0367985011646111, -0.5027465272093521, 0.02794979626405748, -0.24975995139415513, -0.22994181266630753, 0.09845223284214358, 0.0]",3.8429630005857655e-16,7573.354255808985,0,0.0008793508382789472
closed_loop,quadrotor,0,27,"[0.0369170399158223, -0.4378755874057985, 0.020170081307938435, -0.20863383935742946, -0.3441898332342955, 0.08130126711624434, 0.0]","[0.030280856133107683, -0.4499482267607313, 0.024782531150116506, -0.19239554519519234, -0.15779679686888046, 0.07431527605610543, 0.0]",6.023843422788938e-16,1665021.8070901951,0,0.0006998584036994604
closed_loop,quadrotor,0,28,"[0.029069839965306092, -0.40823022358720706, 0.019094599921448144, -0.15954407319407762, -0.176313022385155, 0.0575082968711409, 0.0]","[0.025702376529686124, -0.41452781244493453, 0.021912863216337255, -0.1519036502899222, -0.06403932045015044, 0.052385362649558384, 0.0]",5.172248856028294e-16,1665368.5848847583,0,0.0005043122121501931
closed_loop,quadrotor,0,29,"[0.020439444515131817, -0.3530928942398268, 0.017664732135257252, -0.12303475269541145, -0.08744275732950639, 0.03768386873185728, 0.0]","[0.019602586736224906, -0.36021906465795456, 0.019080409755214665, -0.12076375199646791, -0.007489535379148799, 0.0347931826023933, 0.0]",3.4996851840011205e-16,7584.2718159814185,0,0.00012487628782409388
closed_loop,quadrotor,0,30,"[0.014198597065557305, -0.308430505934563, 0.016919913133340018, -0.0942065382996358, -0.027535605152906803, 0.02081586571937978, 0.0]","[0.014000450932848098, -0.3101242751959024, 0.017402267664811264, -0.09373342304760382, 0.0018782279900680923, 0.01976733067979315, 0.0]",3.1035400040700595e-16,7584.949455810147,0,0.0
closed_loop,quadrotor,0,31,"[0.008446731867199492, -0.24996091066259785, 0.015350944305100927, -0.07637338596095782, 0.003433036800478688, 0.009052801352467568, 0.0]","[0.008442465855284203, -0.2498351983161242, 0.015318716675739582, -0.07640348777720703, 0.0010742453682298088, 0.00913410018028642, 0.0]",3.9121775251036784e-16,7584.95925469593,0,0.0
closed_loop,quadrotor,0,32,"[0.0031059961319037195, -0.1472336295735818, 0.01051563125209219, -0.06381419252589919, 0.010660922358063273, 0.008959612056250552, 0.0]","[-0.000575616944200439, -0.0069230398519798545, 0.001140430655683758, -0.06726735463245878, 0.0012555574964283032, 0.03141818525393453, 0.0]",1.9789345398910728e-16,10394.424458671547,0,0.0005727109593145485
closed_loop,quadrotor,0,33,"[-8.84390694124886e-05, -0.048436692937741645, 0.0046936696158146485, -0.050878832686458215, 0.01010937367007147, 0.013975323001418391, 0.0]","[-0.0011466518530912836, -0.006601798466568078, 0.0014342310007988608, -0.05019014266597206, -0.004667004861206975, 0.02143978313543532, 0.0]",1.2995544865515893e-16,10399.732916812718,0,0.0004065697889501507
closed_loop,quadrotor,0,34,"[-0.0007498915116410038, -0.035483993827923506, 0.0040329497944915525, -0.039022802140561745, -0.0012347329462909307, 0.008549547122764317, 0.0]","[-0.0006133642827689574, 0.003252337425322494, 0.00020790420102163664, -0.03627889375036556, 0.0031267954350634505, 0.017304217805871987, 0.0]",2.2730128754650417e-16,30964664.696321633,0,0.00039921722493918566
closed_loop,quadrotor,0,35,"[-0.0009190288768280388, -0.026012787701465576, 0.003296693022933423, -0.03020413917231224, -0.006269361081388342, 0.005489827504916586, 0.0]","[-0.0005196425721106173, 0.004114417643301899, 2.735963904329751e-05, -0.025913949689649354, 0.0018834018973391117, 0.012843495794465008, 0.0]",3.354932894581762e-16,33444654.03465616,0,0.00047289232189329233
closed_loop,quadrotor,0,36,"[-0.00028737270143806197, -0.04231321894184393, 0.004705497408650392, -0.026466595843996903, -0.0008073329003438934, -0.001829631039503208, 0.0]","[-0.00033256602953894883, 0.0032319621322241406, -3.727300575801584e-05, -0.017179488578587324, 0.0006317351830423551, 0.009021730055025745, 0.0]",1.9121605902841172e-16,33362414.590829566,0,0.0008181918547396361
closed_loop,quadrotor,0,37,"[-0.000415480702728117, -0.01946485623776057, 0.002556382150381819, -0.018525148008974018, 0.0045758606733917895, 0.0005661395722913127, 0.0]","[-0.00014274182112487393, 0.001859847210743471, -0.00011293238013529598, -0.008147413647477592, -0.00023898552158379044, 0.005442194476692435, 0.0]",2.920368916167166e-16,37207082.080269136,0,0.0008200105416995562
closed_loop,quadrotor,0,38,"[-9.016989868065292e-05, -0.020845795435326143, 0.002980118667976371, -0.015854759354092224, 0.006891639660306723, -0.003336611423227561, 0.0]","[-2.9728176100504907e-05, -4.2421336277856404e-05, 9.958660391000968e-05, -0.006507800457708817, -0.0010751878705981903, 0.0028151345952860413, 0.0]",1.5456347207211382e-16,36700903.66154201,0,0.0005790834716903337
closed_loop,quadrotor,0,39,"[8.27679696647082e-05, -0.020884763389447822, 0.0032485641945780093, -0.015207066554214669, 0.009427409600833273, -0.005856376923418083, 0.0]","[2.9397362864677077e-05, -0.0012557652850962375, 0.0002251144916962002, -0.005181355338286028, -0.0015364997795399593, 0.001089972900576509, 0.0]",4.478098406206197e-16,36696608.41767026,0,0.0005741837773380887
closed_loop,quadrotor,0,40,"[4.367140458599818e-05, -0.016649409592047974, 0.002513122975379708, -0.012216203929590429, 0.004074014234447247, -0.005228515360405884, 0.0]","[6.814055284688757e-05, -0.0011852239439162048, 0.00022455428097990906, -0.004016673127861504, -0.0016584388029687337, 0.00033622486259676044, 0.0]",4.0875974494941953e-16,36695309.188946955,0,0.0005504397683746554
closed_loop,quadrotor,0,41,"[0.0001541183915660576, -0.009716309369852735, 0.001895767398487276, -0.010065721787908339, 0.006766676372925639, -0.004297975596760637, 0.0]","[7.99369747308335e-05, -0.0023052280264289297, 0.00023687054744477162, -0.0011482428995344249, -0.000873977314722378, -0.0012248360009634066, 0.0]",4.87687733637141e-16,37586767.02545809,0,0.0006348042001502741
closed_loop,quadrotor,0,42,"[-1.2868966582492693e-05, -0.0067368076200307984, 0.001278028256990956, -0.00705061571259658, -0.010827926645295324, -0.0032450772161307373, 0.0]","[5.989083099303343e-05, -0.0020470853405760558, 0.00021974712052058335, -0.0005204833211594446, -0.0004850318539237728, -0.0014740411066937328, 0.0]",4.3842475137287516e-16,37228530.7515982,0,0.0005899426433637611
closed_loop,quadrotor,0,43,"[-2.0158073329453177e-06, -0.004336258224573107, 0.0009083387278843416, -0.005198799159164683, -0.017260358954322996, -0.0024816599352696232, 0.0]","[4.3009651474774295e-05, -0.001976803154829838, 0.0002022629452386157, -0.0002509415143093938, -0.00032844202871428347, -0.001470706947398501, 0.0]",6.513733822243599e-16,37611910.35094415,0,0.0005488415583458917
closed_loop,quadrotor,0,44,"[-5.964861122872124e-05, -0.0026793536824935957, 0.0006177594427209201, -0.0036865505014410074, -0.021179947945893438, -0.0017209795764015182, 0.0]","[2.6840053121986577e-05, -0.0012890653858294004, 0.00016593479007760435, -9.392189840565285e-05, -0.001040895124986228, -0.0011909797231513537, 0.0]",5.035658400030361e-16,37639589.48878561,0,0.0005733339568216866
closed_loop,quadrotor,0,45,"[1.3121782897798423e-05, -0.0033388984585594594, 0.00061253353889604, -0.002871082848867476, -0.029623340628792547, -0.0022759795553057055, 0.0]","[4.4526270571228176e-05, -0.0026445910214741362, 0.00030243271732716115, -8.378427170675557e-05, -0.0004185165633105449, -0.0020132466528219096, 0.0]",1.7186776142256545e-15,37943808.091788,0,0.0004916248670863155
closed_loop,quadrotor,0,46,"[-4.5565215352260664e-05, -0.0018473207316749055, 0.00027585751141524507, -0.0011128448353446097, -0.02401741492347625, -0.0014999935268526525, 0.0]","[1.0432055749369888e-06, -4.9653797855278475e-05, 1.1228735191597816e-05, 0.0008901511589619012, -4.233932646297484e-05, -0.0006272805247641648, 0.0]",2.163433927251145e-15,67206007.20543332,0,0.0005181985130113809
closed_loop,quadrotor,0,47,"[-0.0001568998116810215, -0.0009174290323725391, 4.090041286513965e-05, 5.8449950489990665e-05, -0.022129709102782, -0.00035651631426025527, 0.0]","[3.259738404096156e-05, 8.331970225910556e-05, 1.8506855653811053e-06, 0.0006043978210460746, -0.0008084242110942058, -0.000332493182519881, 0.0]",1.7505522630748033e-15,4089172306.2571,0,0.0005131029783609353
closed_loop,quadrotor,0,48,"[-0.00012959718837896018, -0.00040828902776634054, -5.442597096438311e-05, 0.0005704275624302273, -0.020147458539221917, 0.00019420058785293794, 0.0]","[9.257718604785172e-06, 2.2677341349865844e-05, 1.7644632224097848e-06, 0.0004233258395772545, -0.00021080635326271212, -0.00023435700301670378, 0.0]",3.506595625036892e-15,86743470754.73016,0,0.0005105593625771565
closed_loop,quadrotor,0,49,"[-0.00013397284210561763, -0.0002501843957478004, -5.752665530769802e-05, 0.000461986634227474, -0.011414331077048569, 0.00020920508102334872, 0.0]","[3.523557447259001e-05, 3.205142866017854e-05, 1.7378997814855304e-06, 0.00024392391929405817, -0.0006521289852756602, -0.00018853206015099965, 0.0]",5.024829404099083e-15,121109708913.86949,0,0.0005159830929923892
closed_loop,quadrotor,125,0,"[-14.98220929158608, -84.68230158605249, 0.5209955941929122, 23.190250366029638, 1049.8598162172611, 116.50528719380425, 0.0]","[-14.98601164981713, -84.68440916858367, 0.5208285237093324, 23.186218896362472, 1050.7663908511047, 116.51157052913966, 0.0]",7.403339514477822e-15,8140.689946752862,0,0.0
closed_loop,quadrotor,125,1,"[-16.80152797908878, -70.20277588878896, 0.40568756600630496, 18.849552805996872, 1314.8362278693778, 108.71999300585584, 0.0]","[-16.804156984767783, -70.20572052647806, 0.40553651756043085, 18.847023017165053, 1315.7611153958499, 108.71993005304493, 0.0]",1.1357751530237955e-14,7921.896726451453,0,0.0
closed_loop,quadrotor,125,2,"[-24.48115208426556, -43.4902479744019, -0.2392893156841867, 10.44017442090261, 3086.1518475773623, 95.81512220922589, 0.0]","[-24.468665967133003, -43.49977565939031, -0.23925188943467268, 10.440673892905105, 3084.1608238665763, 95.80647125308488, 0.0]",1.172181464008768e-14,7753.0782021122195,0,0.0
closed_loop,quadrotor,125,3,"[-14.277569370607539, -44.9384271805691, -0.5521640878447229, 8.09202274704792, 2454.228504977757, 67.67751476693125, 0.0]","[-14.278054710328211, -44.93373582860021, -0.5520875904969106, 8.092856877912421, 2454.1381168457597, 67.67535124446177, 0.0]",1.1264645918902674e-14,7654.386555580921,0,0.0
closed_loop,quadrotor,125,4,"[8.483531024070771, -73.87431417888001, -0.7499576091293213, 3.2567124090968425, 1285.9806872764084, 18.34862244830065, 0.0]","[8.483559655402013, -73.87397432489844, -0.749956442921644, 3.2568675049592746, 1285.948900110111, 18.348699688735785, 0.0]",6.580901447506904e-15,7633.422761345526,0,0.0
closed_loop,quadrotor,125,5,"[10.865398528293172, -60.1721695425061, -1.2151004844944482, -1.2156134245896608, 983.0890544099832, 9.582378756558782, 0.0]","[10.849522416422328, -60.160928989557945, -1.2145709857066351, -1.2119439062236073, 985.6063073094405, 9.583023327040376, 0.0]",3.475161662307714e-15,7681.474738649078,0,0.0
closed_loop,quadrotor,125,6,"[12.505987207977634, -57.99339013347072, -1.4206291649562457, -4.169110057887686, 1084.836413906636, 2.1552203513397847, 0.0]","[12.506063073040702, -57.99386287702625, -1.4206125474229918, -4.169528259163327, 1084.875503712322, 2.154500652636117, 0.0]",3.304716223326938e-15,7780.980334536863,0,0.0
closed_loop,quadrotor,125,7,"[15.376646953288192, -54.40815448775201, -1.4073752655272787, -4.333818761831045, 251.9415851921929, 2.1441741317406606, 0.0]","[15.376472922878548, -54.40807199975513, -1.4073628868956574, -4.334214634998606, 251.9988147803101, 2.143752594808707, 0.0]",3.1762077870402065e-15,7916.771156598385,0,0.0
closed_loop,quadrotor,125,8,"[17.61069090707091, -54.302092489996745, -1.2109339487532527, -3.802327047061981, -377.7736301173306, 1.1298397232220225, 0.0]","[17.610809512270933, -54.302260270768464, -1.2109348571369984, -3.8022329176917165, -377.79638696134924, 1.1298826580899748, 0.0]",2.1500985071222838e-15,8070.103046078454,0,0.0
closed_loop,quadrotor,125,9,"[17.93415452180033, -52.90811345590703, -1.0427968522743702, -4.516188440386353, -559.0098736826898, -0.3660398555310415, 0.0]","[17.93911023966356, -52.91581814531472, -1.0423946388703211, -4.518554282216664, -559.8399668330625, -0.36951289900892464, 0.0]",3.2991512071855058e-15,8225.417317858002,0,0.0
closed_loop,quadrotor,125,10,"[15.269048386653377, -45.439599604247114, -0.8753754462150433, -4.802303713604687, -408.2640003854175, -0.9033573155010178, 0.0]","[15.268090356008507, -45.43650897550355, -0.8753113966669419, -4.803774574738795, -408.1441329884845, -0.9046020362132553, 0.0]",2.7846940859404468e-15,8373.055521813738,0,0.0
closed_loop,quadrotor,125,11,"[11.213539268048056, -34.12378916472006, -0.6735199824842876, -4.461601188070407, -217.53394136396685, -0.56727437283271, 0.0]","[11.21350860862144, -34.123744717350654, -0.6735246089238202, -4.461562997898381, -217.52829334940924, -0.5672434385358227, 0.0]",2.8964487588380164e-15,8503.060240955616,0,0.0
closed_loop,quadrotor,125,12,"[6.9800551823503865, -21.79580668828946, -0.46440320345585684, -3.4732733874348956, -81.86114811242223, 0.27672241217913063, 0.0]","[6.980016680488, -21.79574561145617, -0.46440972667016794, -3.4732073657040226, -81.85443746024208, 0.27676768165016274, 0.0]",3.186650938035151e-15,8611.263936409643,0,0.0
closed_loop,quadrotor,125,13,"[3.3476747065780867, -10.681962456284053, -0.24977099265868846, -2.1107249102464976, -38.29625400326539, 1.1107384122366784, 0.0]","[3.3476355530361412, -10.681895608924759, -0.24977773465279968, -2.110642926651582, -38.2899174240689, 1.110783964655487, 0.0]",2.5549844867817993e-15,8694.685508554745,0,0.0
closed_loop,quadrotor,125,14,"[0.9311710198011465, -2.9776426823514015, -0.06762783697369763, -0.9215316502500508, -56.79129162185003, 1.557128566984737, 0.0]","[0.9311486904857921, -2.9776206355727295, -0.06763466557077455, -0.9214550495665141, -56.78584910983684, 1.557163568753121, 0.0]",2.8264884997665585e-15,8752.065446680861,0,0.0
closed_loop,quadrotor,125,15,"[-0.3742807793078792, 1.2828381733384107, 0.06950670575950263, -0.13979151129693257, -96.48872862389705, 1.604294353156229, 0.0]","[-0.3743058927208123, 1.282886090655898, 0.06950299019560738, -0.13972061833918945, -96.48573403224914, 1.6043211721706148, 0.0]",2.8235825943691096e-15,8787.81084860299,0,0.0
closed_loop,quadrotor,125,16,"[-0.8805756601714375, 2.9261732100182165, 0.14574341832523005, 0.21511772481372837, -120.03338858243214, 1.3935247326464055, 0.0]","[-0.880999503784815, 2.927603961661209, 0.1457533964357471, 0.21569853117836973, -120.04171121093128, 1.3937457463999803, 0.0]",3.552456848760416e-15,8804.411150884715,0,0.0
closed_loop,quadrotor,125,17,"[-0.892148860794658, 2.8719445581923173, 0.17520152554550006, 0.2118600268154256, -121.82796901505206, 1.064211243932287, 0.0]","[-0.89252904958447, 2.8731645584028156, 0.17523344202220154, 0.21258232210997924, -121.85503497528859, 1.0644060180029566, 0.0]",2.6027517895740352e-15,8806.331607441909,0,0.0
closed_loop,quadrotor,125,18,"[-0.7361550520607163, 2.2239792896179504, 0.17087294595702696, 0.08769619300043141, -107.21625743973448, 0.7485438055891634, 0.0]","[-0.7359753922776006, 2.22322704710729, 0.17084484383992185, 0.08758394933820524, -107.1946375620833, 0.7485308267594227, 0.0]",4.365604545205006e-15,8798.87527123661,0,0.0
closed_loop,quadrotor,125,19,"[-0.5264649785491892, 1.4124711801657523, 0.14745812560453186, -0.08723053292174532, -84.18862102234526, 0.5065579065892708, 0.0]","[-0.5264216580233166, 1.4123472091012144, 0.14744094419812287, -0.08738255300252065, -84.17559190150726, 0.506580981153788, 0.0]",3.133621322392909e-15,8784.09380177078,0,0.0
closed_loop,quadrotor,125,20,"[-0.3158704083144622, 0.6663651435952408, 0.11033307466615404, -0.2638249587831345, -55.245926276293574, 0.34889140370838295, 0.0]","[-0.31586834937045, 0.6663635368490431, 0.11033303563028639, -0.2638339413552967, -55.246015642955484, 0.34889109950458497, 0.0]",2.8909518196775415e-15,8766.766321076324,0,0.0
closed_loop,quadrotor,125,21,"[-0.16956856460605413, 0.20466747611291974, 0.0738438896138948, -0.3606014554146241, -31.354659957954347, 0.26519175717275756, 0.0]","[-0.16852565264347869, 0.24197227222782222, 0.0711137291832048, -0.3715441104342706, -31.133544725899146, 0.2670558750209443, 0.0]",2.8681571575760456e-15,8751.20900034941,0,0.00019767491848554641
closed_loop,quadrotor,125,22,"[-0.08229481445499678, -0.041181816580185285, 0.047339823211091106, -0.38676186374614585, -15.51203904003665, 0.21611633022564147, 0.0]","[-0.07854691142135332, 0.016905475418847685, 0.04200700557001367, -0.40617157774718343, -14.967341975884656, 0.2217217123288687, 0.0]",1.914010998893189e-15,8737.228087785503,0,0.0007849259703696099
closed_loop,quadrotor,125,23,"[-0.039070672021300476, -0.11490280677970449, 0.028153133788762254, -0.35639848995893714, -7.571309366373062, 0.1889871494458341, 0.0]","[-0.032166414099280456, -0.11921312933803632, 0.023564916493164636, -0.3626731027930613, -5.825168081971368, 0.19667134361582486, 0.0]",2.591967260009812e-15,730534.44905796,0,0.000616218020665471
closed_loop,quadrotor,125,24,"[-0.026782051565094188, -0.0076099963827834655, 0.013947034923768064, -0.30066638255618366, -2.8057817644169787, 0.17671651119165505, 0.0]","[-0.017081919797857247, 0.010850343871586027, 0.0061000662690899364, -0.31520141066862234, -0.862701272253307, 0.19072770555852628, 0.0]",1.0703795952250813e-15,729657.2031525818,0,0.0008519620929754446
closed_loop,quadrotor,125,25,"[-0.019168682936002136, -0.01069751893487757, 0.011233459740851345, -0.23737137017324614, -2.0530710116726367, 0.14415929638721028, 0.0]","[-0.01211617666489692, 0.0005412890483891294, 0.004483778224641143, -0.24803982117071913, -0.6884824633465281, 0.15763551957917368, 0.0]",1.7798822084241857e-15,729350.9523545254,0,0.0006373782504622838
closed_loop,quadrotor,125,26,"[-0.014942679759443892, -0.06262651597431218, 0.01180965302247436, -0.18055446250211726, -1.985573733018156, 0.10863988190502391, 0.0]","[-0.009270880959900505, -0.04779868987268836, 0.006663924386998145, -0.18614981919280327, -1.0752211189002558, 0.11989160996130359, 0.0]",1.3149768820830096e-15,1583520.1251732907,0,0.0007977614324652382
closed_loop,quadrotor,125,27,"[-0.012897445163049697, -0.07098511529754839, 0.012387014130391968, -0.1369679173833244, -2.172069444262812, 0.07836486876548904, 0.0]","[-0.007687924331792935, -0.0561565011807345, 0.007569529942116743, -0.14048155262248246, -1.468205621546754, 0.08967962783351578, 0.0]",1.427967600415769e-15,1583780.5230368872,0,0.0008999935490743294
closed_loop,quadrotor,125,28,"[-0.010538568099080763, -0.07588345836919641, 0.012097970405418535, -0.10485743846953727, -2.0805345543322167, 0.054448959381794934, 0.0]","[-0.006216913550602388, -0.06325341972223505, 0.008140960594244425, -0.10671064087267282, -1.5362131708102682, 0.0642308374042665, 0.0]",9.07293485206093e-16,2026487.1298126692,0,0.0008269314279008011
closed_loop,quadrotor,125,29,"[-0.008554255073655323, -0.07810555956279107, 0.01146510948087539, -0.08544973456962972, -1.7976480157915822, 0.03576649231259626, 0.0]","[-0.005375549984738823, -0.06620477670324437, 0.008386884019862487, -0.08555213564200899, -1.427364951343535, 0.043632028240394014, 0.0]",7.568868530036297e-16,2254175.188801295,0,0.00055255119288522
closed_loop,quadrotor,125,30,"[-0.005937411847468394, -0.07646982457506603, 0.010057923919560958, -0.06927187710707641, -1.2744556692565772, 0.02274561634929686, 0.0]","[-0.005625169121906628, 0.014383039672926567, 0.002096655278545311, -0.06898942870511361, -1.0085493516041606, 0.044181152966846986, 0.0]",7.893448546046405e-16,2387416.235361315,0,0.0005956464503049652
closed_loop,quadrotor,125,31,"[-0.0065377898780171655, -0.026454396562270003, 0.006648961761142402, -0.0573503837230983, -1.1954360638946184, 0.021226328802101443, 0.0]","[-0.005649191211610523, 0.009702377341609713, 0.002753331354745946, -0.054722393040067534, -1.0828770017167555, 0.03108209610074166, 0.0]",7.299979735519791e-16,2389345.331794233,0,0.00034414435063334636
closed_loop,quadrotor,125,32,"[-0.007655641039010185, -0.043374222241984575, 0.007509351839828572, -0.04884799207075222, -1.7498006240273276, 0.009554535978705366, 0.0]","[-0.0042661208534026185, 0.00736894516893928, 0.0017763817156667917, -0.04342132736129453, -0.8872985941540247, 0.023928788704893404, 0.0]",5.322602044845606e-16,2529224.240200969,0,0.00035814590242666533
closed_loop,quadrotor,125,33,"[-0.004512956682501574, -0.0373477035644332, 0.004922655933515894, -0.038185080729573675, -0.9553465207753952, 0.009131848762984033, 0.0]","[-0.001365327835259846, 0.005280941400948194, 0.0002127752038462571, -0.030789140296676107, -0.21281293991407774, 0.020606411977978318, 0.0]",8.378458848872771e-16,2598102.1446081256,0,0.00040589720569528254
closed_loop,quadrotor,125,34,"[-0.002209025195880948, -0.022317544201179082, 0.003622859278716585, -0.030295083895324024, -0.21071702077903404, 0.006411827810546982, 0.0]","[-0.0014527463291000924, 0.0021440710770274673, 0.0006182100034367282, -0.019792806565907883, -0.21459206899538932, 0.012382200119214459, 0.0]",8.780241204701192e-16,4015348.4266697196,0,0.0007994348333300039
closed_loop,quadrotor,125,35,"[-0.001706888940596479, -0.02238791945681254, 0.003346980873972587, -0.025744196404938788, -0.1300580491826167, 0.0032762853423750436, 0.0]","[-0.0008459549513213598, 0.0017513749191440326, 0.0002693797242818707, -0.015090945790674763, -0.1119782854712657, 0.009783442522079069, 0.0]",3.49059816713935e-16,4026405.1311100363,0,0.000994744380182544
closed_loop,quadrotor,125,36,"[-0.0006504232597690997, -0.017341753487476796, 0.002271964998512996, -0.01939568120269734, 0.01639895562473845, 0.0026068947851343657, 0.0]","[-0.000201308441742645, 0.001962297464330965, -0.00010733901470884331, -0.01137399842112363, -0.005664249795167138, 0.00810275456488264, 0.0]",3.817609855653465e-16,4036906.138033304,0,0.0009714723784783885
closed_loop,quadrotor,125,37,"[-0.000928764916254918, -0.015897110553818573, 0.001851214015239252, -0.015981515647040596, -0.08648271431812699, 0.0014822001866949671, 0.0]","[-8.377381059525236e-05, 0.0007386068851391788, 4.937784976174766e-05, -0.012840760521677295, -0.0018977145842236386, 0.006907675017767543, 0.0]",1.6524604067368058e-14,597566576.9357315,0,0.0008875173018623173
closed_loop,quadrotor,125,38,"[-0.00037858797586564957, -0.009812816357360862, 0.0016516873929921661, -0.012765922236899728, 0.13446981188786453, -0.00048588590007601993, 0.0]","[-5.890677122366195e-05, -0.0002997072718025772, 0.00010942176020600949, -0.007638265429205926, 0.014614340921429643, 0.003626325659084436, 0.0]",4.14423054619002e-15,598041426.2594032,0,0.0007134313088614785
closed_loop,quadrotor,125,39,"[-0.0016689619287733614, -0.02361929092019347, 0.002074983689857447, -0.013623174748160789, -0.1584135593488757, -0.0030084998693257533, 0.0]","[-1.0866655096015463e-05, -0.00010453026545316008, 2.6412358865466112e-05, -0.002675808602078625, 0.0005819461742644695, 0.001420512948820367, 0.0]",9.173684388516949e-15,17851693992.77368,0,0.0007892115436081149
closed_loop,quadrotor,125,40,"[-0.0001764150508958409, -0.005816371985174602, 0.0009884304841823758, -0.0071941166594146665, 0.049321699234224234, -0.0016302641376324805, 0.0]","[-1.5029551427808617e-05, -0.000366400675458241, 4.569967756134386e-05, -0.0012809219542856405, 0.005964908423663096, 0.0004540447776830382, 0.0]",6.159478687720502e-14,61244360153.855095,0,0.0002143157770206905
closed_loop,quadrotor,125,41,"[-0.0010115767411825762, -0.012129250233869052, 0.0009688554395700037, -0.007383883446286264, -0.0911899378636856, -0.0014005860132818803, 0.0]","[-2.076508842084077e-06, -5.127762578390009e-06, 2.7451649592834215e-06, -4.624445584274256e-05, 5.696340357488996e-05, 5.263220035924893e-06, 0.0]",8.014336104026861e-15,66013566787.72178,0,0.0009316611360181692
closed_loop,quadrotor,125,42,"[-0.00010933355015621773, -0.0027405895973340567, 0.0003651964962500874, -0.00293020070790418, -0.028657390358598246, -0.0007085166964615584, 0.0]","[5.260861972209537e-06, 0.00016139723179648373, -1.6521470751211965e-05, 0.00034882044985926254, -0.0008055548404435288, -0.00011980045722235908, 0.0]",4.387570742448134e-14,71493684930.95914,0,0.00022557230536923711
closed_loop,quadrotor,125,43,"[-0.000342887181346401, -0.004252178232072448, 0.0003629874877835169, -0.0029233349647812493, -0.020788166055032732, -0.00043000154202540633, 0.0]","[-1.5647603197442785e-06, 3.5581811583028006e-05, -2.8244568593672503e-06, 0.0004727316156809927, 8.069154363041929e-05, -0.00028912159140178923, 0.0]",7.193457181876853e-15,587865995.2276286,0,0.0007157099614643059
closed_loop,quadrotor,125,44,"[-0.00015100105552878367, -0.0014040705902211583, 0.0001703522894856771, -0.0012553685228129015, -0.0358745054672584, -0.0005317041328817619, 0.0]","[3.9028413100509477e-07, 5.706577054482839e-05, -5.176678352319595e-06, -6.25479900861888e-05, -0.00023699770043591337, -2.5603948335074235e-05, 0.0]",5.756851923176905e-15,4083708033.0025444,0,0.0005114678954591945
closed_loop,quadrotor,125,45,"[6.419662456668067e-05, -0.0021938567497305096, 0.0001873759040473756, -0.0005844716257488722, -0.11684263242883178, -0.0012078248946938, 0.0]","[-1.1430865424852482e-07, 4.211523044201801e-05, 2.1299328082835584e-06, 0.0003391780589792417, -0.0006098591322699552, -0.00022747501521637635, 0.0]",1.28859503792408e-14,71139103526.2406,0,0.0003976241900738309
closed_loop,quadrotor,125,46,"[-5.042603774688403e-05, -0.0026391151239095107, 1.801428020947712e-05, 0.0006168399132112366, -0.1445092930406737, -0.0010469429640372412, 0.0]","[7.147980061444466e-07, 2.699751840515471e-05, 2.2986103113638266e-06, 0.0002603461595337823, -0.00025004970588598326, -0.00027613985615926675, 0.0]",1.0915065555858888e-14,89035264872.28024,0,0.0003612098079994741
closed_loop,quadrotor,125,47,"[-3.1037602669852474e-05, -0.0004979672857524926, -6.241734447234833e-05, 0.0008705959641857354, -0.009923874358647269, -2.3388294180707247e-05, 0.0]","[2.447300339892607e-08, 3.214894412531029e-05, -9.412221225068994e-07, 0.00018413545977412037, 4.7522199171286767e-05, -9.086257459668226e-05, 0.0]",1.4263507917822517e-14,89499330010.24345,0,0.00035332023150980163
closed_loop,quadrotor,125,48,"[-4.951260871942016e-05, -0.0014925240412550305, -0.00011679220651547523, 0.0013565698064286274, -0.04957324925443958, 0.00010652972931984544, 0.0]","[3.316611125502748e-06, -0.0003965779620125166, 2.43838250006088e-06, 8.999494734576017e-05, -0.006040059518882808, -5.9354509275954376e-05, 0.0]",3.168841652135859e-14,111681198300.39366,0,0.00039039726588541157
closed_loop,quadrotor,125,49,"[-3.139246211402163e-05, -0.00046351575738798963, -8.560933987535903e-05, 0.0009206585295487922, -0.027035627585036165, 0.00018539005371807606, 0.0]","[-2.189531833242005e-06, -0.00016181590097311647, -3.078541079328138e-06, 6.696636961167947e-05, 8.63019736637325e-05, -1.8445900932125968e-05, 0.0]",7.35956115009178e-15,113023965196.45589,0,0.0004211241362270801
closed_loop,quadrotor,250,0,"[4.446079345603361, -90.93543511931951, 0.3187722734726465, 13.28718516036778, -1047.603128343379, 83.3345080455429, 0.0]","[4.442950880061069, -90.93283500745811, 0.31874156060027015, 13.287612287001753, -1047.0420421786753, 83.337303543444, 0.0]",5.0698580240040894e-15,9965.506709882471,0,0.0
closed_loop,quadrotor,250,1,"[4.225859363983592, -75.46247154773312, 0.03788185217887545, 9.07724066288041, -1118.0613793264326, 75.93886086447091, 0.0]","[4.223184173481917, -75.45974541524328, 0.037897703373873486, 9.078254741782866, -1117.6195331050274, 75.94031856838583, 0.0]",6.507183494624033e-15,9706.942407505327,0,0.0
closed_loop,quadrotor,250,2,"[3.678169079756951, -64.1630215779165, -0.360914449458603, 7.277435711307616, -1022.7852155220555, 72.30777973462781, 0.0]","[3.677159085462259, -64.15955992455447, -0.3607891504973911, 7.279395545784192, -1022.7823971348586, 72.30561961222034, 0.0]",7.552543178086838e-15,9509.624691086141,0,0.0
closed_loop,quadrotor,250,3,"[1.9998629908242596, -44.85055920604656, -1.0533737374218246, 1.3213892817676727, 152.63322617095037, 53.62567647179934, 0.0]","[1.9990851611344134, -44.84677883719204, -1.0533371463432315, 1.321357572027368, 152.71642047775222, 53.62330763164753, 0.0]",9.628846354887771e-15,9399.49938828517,0,0.0
closed_loop,quadrotor,250,4,"[19.835083626771777, -70.4406868201037, -1.2026598668368964, -1.0785339454013259, -859.6218534479545, 14.927254135069576, 0.0]","[19.833377701740257, -70.43713766814895, -1.2026980625009942, -1.078492314083313, -859.4278447617431, 14.928967484404478, 0.0]",6.120773925606657e-15,9383.914817800429,0,0.0
closed_loop,quadrotor,250,5,"[20.592787676497334, -63.10117815856703, -1.3732696940736913, -2.162508160903001, -981.0864234377691, 9.090047774445711, 0.0]","[20.58874536957012, -63.09761790943641, -1.373151057674754, -2.1629789673651265, -980.1169042163237, 9.087426135901659, 0.0]",3.513969972726958e-15,9455.13977595987,0,0.0
closed_loop,quadrotor,250,6,"[19.790400794708397, -59.66675730031648, -1.4269758351341142, -3.539938204092711, -596.9836433762765, 3.960044646128912, 0.0]","[19.7903851309701, -59.6664495937502, -1.4269803547797606, -3.539695515456961, -597.0198457207805, 3.960351655229119, 0.0]",5.0116143179631014e-15,9590.57412236184,0,0.0
closed_loop,quadrotor,250,7,"[19.717282720131834, -55.86559378398698, -1.3254252334693375, -3.6293028544148482, -849.4747759892349, 2.9553635208352436, 0.0]","[19.717588943139727, -55.86555616728328, -1.3254176791743821, -3.628690509736777, -849.619251910386, 2.955851753186627, 0.0]",3.74736124822339e-15,9769.917253275147,0,0.0
closed_loop,quadrotor,250,8,"[18.541835984234147, -51.71830351534452, -1.0845314945811073, -3.2279783580930004, -952.2122719346663, 1.748202822072002, 0.0]","[18.54253423515319, -51.72017306898151, -1.0846062259331035, -3.2265230363909403, -952.3331102348146, 1.749192641848038, 0.0]",3.93424530479415e-15,9968.543562679813,0,0.0
closed_loop,quadrotor,250,9,"[16.018384540719524, -45.0798803645861, -0.8727338491589375, -3.6247103845912023, -788.0543285744152, 0.7739399924112776, 0.0]","[16.018620428127143, -45.08028636063696, -0.8727245025851749, -3.624664286614991, -788.1014796505506, 0.7738692421116288, 0.0]",4.860497840374047e-15,10167.415172671203,0,0.0
closed_loop,quadrotor,250,10,"[12.018176681324919, -34.64913162361034, -0.6668279145818954, -3.4651525298207835, -499.90709008543195, 0.5788590529920025, 0.0]","[12.018126100917756, -34.64904080107147, -0.6668336170395225, -3.465123529606794, -499.89679531853074, 0.5788932759398369, 0.0]",5.783216770858035e-15,10355.016060222619,0,0.0
closed_loop,quadrotor,250,11,"[7.50818410544162, -22.140146621567723, -0.4388478522233423, -2.731194005796426, -274.9448101022326, 0.9959932027758478, 0.0]","[7.508097031363239, -22.140018357048646, -0.43886614075852237, -2.7310450719136563, -274.9236823225889, 0.9961058499438827, 0.0]",2.5055747201049526e-15,10518.885240798814,0,0.0
closed_loop,quadrotor,250,12,"[3.7608366995814824, -11.296339694994662, -0.23383948034538635, -1.7483649242302923, -153.5880384399962, 1.546100885146935, 0.0]","[3.76078500057183, -11.296292302589588, -0.23385745739853214, -1.74819965135741, -153.57131916790664, 1.5462027375163996, 0.0]",2.541397866260505e-15,10649.086738549617,0,0.0
closed_loop,quadrotor,250,13,"[0.8878394875428884, -2.6217927621209403, -0.046405787204979954, -0.633920235676015, -126.89786354018662, 1.9967282913169198, 0.0]","[0.8877534969606516, -2.6216190908812615, -0.0464160199118139, -0.6337235078953778, -126.8868330887931, 1.9968244004168323, 0.0]",1.9841180656523848e-15,10748.419970833638,0,0.0
closed_loop,quadrotor,250,14,"[-0.7923487387288681, 2.598710941161902, 0.09575013302218821, 0.20704138128419913, -146.44174925481306, 2.0993471569864743, 0.0]","[-0.7923608564388318, 2.598664492144141, 0.09573685547300949, 0.20718557177802227, -146.43102843652068, 2.09940537173598, 0.0]",3.2252546771555995e-15,10813.611585959168,0,0.0
closed_loop,quadrotor,250,15,"[-1.4129735920255146, 4.458383707019445, 0.18472433634528557, 0.5636574129843757, -170.65226167193123, 1.8628034035059629, 0.0]","[-1.4108587557072305, 4.450186980155798, 0.18468216326138923, 0.5629358762288004, -170.63527674296859, 1.8622344397460233, 0.0]",3.1321130681901197e-15,10851.954056888535,0,0.0
closed_loop,quadrotor,250,16,"[-1.4767755140083036, 4.54021945789278, 0.2185247066979415, 0.6163230043797494, -172.2890470903757, 1.4970759055980918, 0.0]","[-1.4774787288580575, 4.543128747276694, 0.21855832564365005, 0.6162515516470939, -172.30591052044323, 1.4971720295858373, 0.0]",2.5076337738646365e-15,10867.443337882985,0,0.0
closed_loop,quadrotor,250,17,"[-1.2146098519225406, 3.5207161981420523, 0.2188421144385061, 0.4031875805940983, -155.5016642582929, 1.078292048705331, 0.0]","[-1.2143246934282492, 3.519695515161218, 0.21878747860533562, 0.4029153537693006, -155.45381362328465, 1.0782761047904732, 0.0]",3.305870972468572e-15,10864.443661955733,0,0.0
closed_loop,quadrotor,250,18,"[-0.9188037468002779, 2.46473909527058, 0.19174073306407272, 0.17889547415670126, -125.94229583974796, 0.7548866020445574, 0.0]","[-0.9187960718945107, 2.4647149566832893, 0.19174034800684964, 0.178884615002358, -125.94201388374567, 0.7548843371680881, 0.0]",3.0786186670016503e-15,10849.714251526551,0,0.0
closed_loop,quadrotor,250,19,"[-0.5894395232853418, 1.3897090811436903, 0.14526436981491075, -0.08596931578004519, -86.3276142374135, 0.518353478167594, 0.0]","[-0.5894289200851648, 1.3896802391656529, 0.1452636386538331, -0.08599020113109049, -86.32718484017691, 0.5183513022392208, 0.0]",2.5151346628856093e-15,10830.452851054028,0,0.0
closed_loop,quadrotor,250,20,"[-0.32896394209413066, 0.5949562788414328, 0.09954355184370949, -0.29325171809685124, -50.85580401479716, 0.3712733993666409, 0.0]","[-0.32895679795128563, 0.5949438703729241, 0.09954303774340087, -0.29327293901226603, -50.85572608186809, 0.37127230595941624, 0.0]",3.1216276793663445e-15,10806.54477422668,0,0.0
closed_loop,quadrotor,250,21,"[-0.1740929552331568, 0.1797841337044933, 0.06367833652754779, -0.38194551080305494, -27.025359032633936, 0.29135069138173175, 0.0]","[-0.17408789834610264, 0.17977626351965548, 0.06367764788191392, -0.38195969869911345, -27.025110638218056, 0.29135129181798725, 0.0]",2.285120298079823e-15,10785.715735355267,0,0.0
closed_loop,quadrotor,250,22,"[-0.08767425886940561, -0.0023692307193346543, 0.03857667087136735, -0.3926033826489833, -12.726228137840142, 0.244577180210583, 0.0]","[-0.0831621610613961, 0.08400535942818173, 0.03090748133673422, -0.41932682565103285, -11.783246979463494, 0.2531621165525515, 0.0]",2.0241426186338157e-15,10766.97723299901,0,0.00011417153656023693
closed_loop,quadrotor,250,23,"[-0.048868390799227605, -0.02466218923330164, 0.02187191303752937, -0.34870870490144235, -5.971477177160764, 0.21563067144329082, 0.0]","[-0.037028217568968375, 0.005631515818483515, 0.013187161199734268, -0.363654866891531, -3.237801683211323, 0.22985215697414138, 0.0]",1.3755460006986434e-15,739421.9600235334,0,0.0006373073743954905
closed_loop,quadrotor,250,24,"[-0.032049452317423795, -0.011760891550514203, 0.01405419769792235, -0.2919184556309863, -3.6118088019640595, 0.18401238324540517, 0.0]","[-0.02032640074777653, 0.01904433685204936, 0.005255185123811912, -0.3060733298691824, -1.1955716851378246, 0.200262898269976, 0.0]",1.8758241688324766e-15,738552.7058832638,0,0.0007775374435152749
closed_loop,quadrotor,250,25,"[-0.029618786018026703, 0.03796684725336268, 0.010143411456091385, -0.22904814543567675, -3.976320404438513, 0.1531926201805396, 0.0]","[-0.01943709869696243, 0.06687986466175709, 0.002071425433969668, -0.23988541043792821, -2.0502718284188814, 0.16965612436228625, 0.0]",1.3858822458460653e-15,738078.3681305259,0,0.0007762075439932126
closed_loop,quadrotor,250,26,"[-0.028753609138695534, 0.048045690899557125, 0.009459121401371812, -0.17473123502646878, -4.897283697607654, 0.11901405296596393, 0.0]","[-0.023601061220792093, 0.06764791903306434, 0.004440704034188752, -0.17375779851219905, -3.9172849202945548, 0.12961654561246524, 0.0]",1.6488995772936424e-15,1425992.5605981944,0,0.0008293703299471211
closed_loop,quadrotor,250,27,"[-0.01254088856540054, -0.0706428128792126, 0.011154299967078998, -0.1351266044036497, -2.145756963664263, 0.08507176984332171, 0.0]","[-0.0076615128755497044, -0.05378566658983178, 0.0069030017316387, -0.1362728619459157, -1.553356993480926, 0.09490739993876499, 0.0]",7.019501290778438e-16,1426203.525330985,0,0.0007045269112071484
closed_loop,quadrotor,250,28,"[-0.009260568035276062, -0.07808897318381054, 0.010870788153207554, -0.10541577169774634, -1.9637704997245422, 0.060063570384694516, 0.0]","[-0.005322143519906882, -0.06484653620093066, 0.007554248711173265, -0.10557279991803957, -1.5705500844937579, 0.06816393129028726, 0.0]",1.0789417853951507e-15,1757266.2361102947,0,0.0007984187430116751
closed_loop,quadrotor,250,29,"[-0.006785046449405167, -0.075222847508156, 0.010145890536699002, -0.0851625423986217, -1.5388984661089375, 0.04123563050101708, 0.0]","[-0.004620594601134038, -0.06849061744270774, 0.008021712738922668, -0.08348967914077395, -1.4538803722933495, 0.04635361776243077, 0.0]",1.41180802264215e-15,1758672.5404334406,0,0.0006442684985359381
closed_loop,quadrotor,250,30,"[-0.009375148192836953, -0.10180233039826839, 0.012066398143289338, -0.06616559809099071, -2.405470561222545, 0.018321386023882752, 0.0]","[-0.0059593007859765346, -0.08921420057059204, 0.009628479849420475, -0.06667500422041357, -1.8570330606053351, 0.024961361161322745, 0.0]",1.455711833811859e-15,1921969.6976907912,0,0.00034471996479323863
closed_loop,quadrotor,250,31,"[-0.0011214893555047253, -0.08281033330150285, 0.007584124456467427, -0.058440400449664025, -0.38610733703850586, 0.018405652807923764, 0.0]","[0.0004992145727597765, -0.07585939822229498, 0.0061161872421665354, -0.05699548315858116, -0.30528067733047726, 0.022199778841988406, 0.0]",9.138730485588492e-16,2016474.0350668363,0,0.0003538492542682903
closed_loop,quadrotor,250,32,"[-0.0037125682007903937, -0.0737163330358974, 0.007674728369108092, -0.04897780268676927, -0.8550656864096932, 0.008346709007160238, 0.0]","[-0.002280847187852622, 0.007183176151029182, 0.00045406649750305295, -0.04077437101512945, -0.37202277504239084, 0.02779391981595439, 0.0]",3.0247744277383404e-16,2115918.563453636,0,0.00032556207232969925
closed_loop,quadrotor,250,33,"[-0.0017690154267742655, -0.0461570116929267, 0.004706746446865476, -0.039022472316619566, -0.1984232209651778, 0.00938644314597665, 0.0]","[-0.0012340215825577872, 0.0021671940610093862, 0.00030807318275303234, -0.030864394514969237, -0.16273616116563017, 0.020383370669168635, 0.0]",5.473634803159131e-16,2117259.638117394,0,0.0008644698251585314
closed_loop,quadrotor,250,34,"[-0.0043910284824634, -0.035984908871144666, 0.0043957062544700155, -0.032692727585128215, -0.7403245139534664, 0.005476934247767507, 0.0]","[-0.002018830820382454, 0.0014568193994659911, 0.0008417678012424889, -0.02461960417155064, -0.3262568473515453, 0.013463528666881415, 0.0]",5.632723311728462e-16,2167515.747419557,0,0.00036337488555071573
closed_loop,quadrotor,250,35,"[-0.0008145630058573859, -0.020309555134199478, 0.0023763335198216558, -0.023915591368279844, -0.007299407207601212, 0.0064429223022717105, 0.0]","[-0.0005785226704130882, 0.00287538725677571, -3.079902292126894e-06, -0.017135477952329406, -0.062151628256874224, 0.011658064609572283, 0.0]",4.929271829272452e-16,4072736.4328813,0,0.0009046283229152685
closed_loop,quadrotor,250,36,"[-0.0011418750091709033, -0.019875878981698354, 0.002220089556269203, -0.019875378164606317, -0.04983486786416733, 0.003678185006243055, 0.0]","[-0.0004609329461922686, 0.00014396367436505419, 0.00014378632074828502, -0.01258159582893, -0.03268486962906199, 0.007751768178234971, 0.0]",6.512931100301356e-16,4078852.0941040763,0,0.0008411929305480736
closed_loop,quadrotor,250,37,"[-0.0005174526546944513, -0.010028328489539022, 0.0013274050098704727, -0.0142839032348196, 0.0009898448671289087, 0.0034946446980250686, 0.0]","[-0.0003678914869400766, 0.0002980106058194148, 0.00010764985780094521, -0.00904242238611296, -0.010182944468196226, 0.005514752377058751, 0.0]",7.766100161420521e-16,4085602.8921638834,0,0.0007177850637911654
closed_loop,quadrotor,250,38,"[-0.0007831732033646874, -0.0163929403101104, 0.0019851742592618066, -0.014689011266686852, 0.09451641490616405, -0.0003058240402887911, 0.0]","[-8.531447493934529e-05, -0.0004125761003076989, 0.00011232997728182776, -0.007757195287709507, 0.0018557872577772256, 0.003706527322930199, 0.0]",3.189174665801008e-15,602203444.3824756,0,0.0009259623046351528
closed_loop,quadrotor,250,39,"[-0.0007185669427087884, -0.015076473378649398, 0.001710091566442812, -0.012037281804525443, 0.10683731414469325, -0.0012498652273919264, 0.0]","[1.076806835534063e-05, -6.775489616062233e-06, 7.734972348201943e-06, -0.0030094618972201555, 0.0003023383772193071, 0.0015879177692070762, 0.0]",1.0204486446979791e-14,602053529.0680292,0,0.0007909521899369665
closed_loop,quadrotor,250,40,"[-6.638227357759023e-05, -0.006596990794302568, 0.0009934987692399473, -0.00759270730214508, 0.0528552184361984, -0.0007958575650582253, 0.0]","[-5.1046111529009944e-05, -0.0013237299895559464, 0.00017708568133478251, -0.0017518246205877723, 0.03677929642443246, 3.914625367794703e-05, 0.0]",1.7043400398866236e-14,17800911606.81515,0,0.0006912199535169528
closed_loop,quadrotor,250,41,"[-0.0006396014879366312, -0.010192897772509814, 0.0009209698046218302, -0.00718866773921433, -0.013046195847629134, -0.0007084075684088318, 0.0]","[7.273482483994646e-06, 0.00010181821744856139, -1.2255134747831032e-05, -4.418702037279759e-05, -0.0010455897779506258, 9.132131896318696e-05, 0.0]",2.5535766195836625e-14,18268165554.213074,0,0.0005411331890734505
closed_loop,quadrotor,250,42,"[-8.994743952589184e-05, -0.003469878166775211, 0.00044863871314498817, -0.0037466362068288954, -0.006952041942677792, -0.00040698540819769733, 0.0]","[1.0793267150264555e-05, 0.0002601865855914523, -2.7831904550317026e-05, 0.0004503415969890372, -0.0019204792751631118, -0.00010153470894541948, 0.0]",1.2271152843246805e-14,65261335483.93072,0,0.0003229578580346004
closed_loop,quadrotor,250,43,"[-0.0002458324891326896, -0.004101741818058968, 0.0003658646466195711, -0.0029919259003601513, -0.008930282234102454, -0.0004368934158862829, 0.0]","[-4.287314199559935e-06, 4.1421373878031184e-05, -3.2658032999602096e-06, 0.0005844305348061448, 0.00043150242998637236, -0.00034792987032933765, 0.0]",6.81873233270845e-15,98231244281.24443,0,0.00047915982952373426
closed_loop,quadrotor,250,44,"[-4.4123154865383935e-05, -0.001226774761542063, 0.00015265010878435145, -0.0012435675557268967, -0.027586475536586906, -0.0001947400055063623, 0.0]","[-2.381326780296224e-07, 1.7808768719314647e-05, -1.8770851348749514e-06, 0.0004942085618777547, -0.0004058485788199948, -0.00029792575389005975, 0.0]",8.706800405494003e-15,125222589246.18275,0,0.00027422081049399694
closed_loop,quadrotor,250,45,"[-0.00010281020852920162, -0.0025701161163576083, 0.0002668773985810375, -0.0015573927839477907, -0.009686495572755435, -0.0009317910906336012, 0.0]","[1.5890906490999611e-06, -6.502737522922521e-05, 6.911742585268863e-06, 0.0006445302780213009, 4.487461983183006e-05, -0.00047014670241671063, 0.0]",2.071284883579369e-14,107926641554.92764,0,0.00042236038511100915
closed_loop,quadrotor,250,46,"[-5.4843153281577545e-05, -0.0013305495465480268, 5.126986027391556e-05, 2.790152755980811e-05, -0.02521647642645773, -0.00048525191868292847, 0.0]","[4.628992382625318e-07, -2.5427444546175454e-05, 4.178164563091715e-06, 0.0005311690874917605, 0.00011453899255550444, -0.0003845585907633048, 0.0]",1.0250053065399517e-14,52136070865.33055,0,0.00034944826682736796
closed_loop,quadrotor,250,47,"[-0.00014506527324634633, -0.001011253426711079, -4.8917586326520375e-05, 0.0005781293525315421, 0.007612740217851633, -0.0001755060825015024, 0.0]","[-3.431993483498639e-08, 1.808963514222902e-06, 1.942157148095697e-06, 0.00045452111398016384, -2.3184545348160294e-06, -0.00033486355272406126, 0.0]",8.073288455379508e-15,48532882506.25077,0,0.000403213021080262
closed_loop,quadrotor,250,48,"[-0.00010762246774152125, -0.0005571783433813773, -0.00013418036659988952, 0.0013462723059999983, -0.01893956545151458, -8.555860717403616e-05, 0.0]","[-2.2286847990309107e-07, 2.6528069341736254e-07, 2.793664503312153e-06, 0.0002876010240048362, 0.00011446943482345454, -0.00022852437113687579, 0.0]",6.898883301343807e-15,44137975746.87809,0,0.0003832153939786753
closed_loop,quadrotor,250,49,"[-1.0900272915471595e-05, 3.213234890202027e-06, -8.661857127272646e-05, 0.0008130049202675025, -0.014368031382558525, 0.0001130915523300724, 0.0]","[1.969199776398966e-07, 1.3405224124613242e-05, 3.8004994336660885e-07, 0.00011305265711998046, -0.00026407110444780734, -9.043164312749995e-05, 0.0]",1.108844670283673e-14,122374097733.08467,0,0.0003726110164625762
closed_loop,quadrotor,500,0,"[6.055117660511094, -62.40110627136109, 0.19189945881901102, 9.547972157970872, -1763.2313463694638, 65.97380655323023, 0.0]","[6.05374985058041, -62.399146474667674, 0.191907115881743, 9.548766764598062, -1763.0514874165315, 65.97459470545216, 0.0]",3.3611567222341935e-15,10361.576311417264,0,0.0
closed_loop,quadrotor,500,1,"[2.1969315930299813, -48.47909259195807, -0.1326819113735059, 6.346881244462686, -1138.1314696172226, 65.37364337956396, 0.0]","[2.1906196787135745, -48.47385546744474, -0.1327183851646218, 6.347370681572337, -1136.9763265918257, 65.37907454823677, 0.0]",4.622219010407594e-15,10104.541016872925,0,0.0
closed_loop,quadrotor,500,2,"[2.8587613763643325, -41.735085697802525, -0.5147646610980272, 5.078040615777261, -1163.4416695157781, 61.996923352463554, 0.0]","[2.852437128237179, -41.72870018786404, -0.5147193406362518, 5.079096482800781, -1162.3427609230066, 62.00043370939904, 0.0]",5.777253356256801e-15,9907.562234629188,0,0.0
closed_loop,quadrotor,500,3,"[-0.8916534085304119, -25.846605838843303, -1.1287539225344148, 0.5439546103942177, 188.11219671156286, 51.716479244586765, 0.0]","[-0.8928974072779381, -25.842460997139398, -1.1286843101598656, 0.5440618117902735, 188.26428484827716, 51.71393344130722, 0.0]",7.1012714167425946e-15,9799.09243014039,0,0.0
closed_loop,quadrotor,500,4,"[16.420330071124166, -52.036847152669004, -1.234448982600493, -1.3541964783462916, -834.0436924044543, 15.071578867180172, 0.0]","[16.418479655065095, -52.03295776504451, -1.2344843151860367, -1.3541140384502257, -833.8443836339088, 15.073417879595205, 0.0]",3.2835776910413654e-15,9795.070771010955,0,0.0
closed_loop,quadrotor,500,5,"[17.45953996598535, -50.162162431323914, -1.3272032825245432, -1.8554317415713633, -831.1456725948411, 9.32608158036432, 0.0]","[17.457568723232306, -50.168983243885066, -1.3274416111532754, -1.8565509785832712, -829.9415228000283, 9.327644321296452, 0.0]",4.0016500604654664e-15,9872.02059777639,0,0.0
closed_loop,quadrotor,500,6,"[16.77841360755234, -47.469565485849564, -1.3395611680241746, -3.04882375622975, -515.1382138997311, 4.82224079685894, 0.0]","[16.778303398562723, -47.468669761880825, -1.339569819240035, -3.0481630599318916, -515.2317284997406, 4.8231405282602555, 0.0]",3.3543321828578603e-15,10017.03114380789,0,0.0
closed_loop,quadrotor,500,7,"[16.538322507111396, -44.71025469285515, -1.2272580770397012, -3.211556020441564, -673.5202377566308, 3.714374271050158, 0.0]","[16.538737333819057, -44.71030109194712, -1.227244405272266, -3.210751186298908, -673.7121675885542, 3.714974695225302, 0.0]",3.87857771760001e-15,10202.973211592447,0,0.0
closed_loop,quadrotor,500,8,"[15.348981522342335, -41.23286304914645, -0.9868659025707871, -2.752370279640264, -751.8082750597597, 2.5840299410965057, 0.0]","[15.348031969034531, -41.2316034967144, -0.9870568772108287, -2.750901713734249, -751.5732447668664, 2.5853703591455313, 0.0]",3.5117671264826873e-15,10409.4330532945,0,0.0
closed_loop,quadrotor,500,9,"[13.100723042852602, -35.61874974941803, -0.786378371346088, -3.057966016359837, -609.935173587404, 1.6572465690330915, 0.0]","[13.100948373649548, -35.61914331484687, -0.7863682565248146, -3.057929188081282, -609.9809087750072, 1.6571695556403683, 0.0]",4.210928121714636e-15,10616.282143747245,0,0.0
closed_loop,quadrotor,500,10,"[9.879637506855758, -27.50408622225876, -0.5857332712494543, -2.9291877498339787, -399.66101183169417, 1.2395655567291595, 0.0]","[9.879557438151842, -27.50392499165356, -0.5857399597709337, -2.929155181848847, -399.64676052331606, 1.2396087057036207, 0.0]",3.686740543048675e-15,10807.496071815374,0,0.0
closed_loop,quadrotor,500,11,"[6.193675540200624, -17.621330178212787, -0.38112758041236927, -2.375442817979713, -224.24340286466887, 1.3889858317101471, 0.0]","[6.193591853732183, -17.62121395168258, -0.38114876933395064, -2.37527177584835, -224.2209319019079, 1.3891144498924866, 0.0]",3.8212432040228774e-15,10972.442063874014,0,0.0
closed_loop,quadrotor,500,12,"[3.0119864178139286, -8.695860945132369, -0.2012116745941939, -1.5651892308520412, -128.95244738508953, 1.7564080928367334, 0.0]","[3.0119492862338313, -8.695857047291808, -0.20123245116275518, -1.5650087850918468, -128.93473525608752, 1.756520871267037, 0.0]",1.9863499101732004e-15,11107.539186109356,0,0.0
closed_loop,quadrotor,500,13,"[0.6209728180071543, -1.7153130522694087, -0.04133940356673061, -0.6685402960734144, -109.65195350709423, 2.0335205586196268, 0.0]","[0.6209353687826273, -1.7152999239805298, -0.04135616291436396, -0.6683505762707993, -109.63769895830849, 2.0336167855685137, 0.0]",2.5760211963260446e-15,11207.088578765632,0,0.0
closed_loop,quadrotor,500,14,"[-0.6971817789501056, 2.197356256500712, 0.07672901461351112, -0.05063723346565041, -126.51264590370913, 2.023640684064672, 0.0]","[-0.697160822522447, 2.1971929286187084, 0.07671245164117751, -0.05049184969970109, -126.49998611916506, 2.0237008426127447, 0.0]",1.9650330940613566e-15,11272.640437628428,0,0.0
closed_loop,quadrotor,500,15,"[-1.257392885105424, 3.8064456605346955, 0.15477450698285905, 0.27030903155960173, -146.82601021605797, 1.7912903073345334, 0.0]","[-1.2573402014727613, 3.806204911163567, 0.15476245532822766, 0.27038153269028814, -146.81707255326373, 1.7913133224928943, 0.0]",1.9771546974617136e-15,11309.910889768304,0,0.0
closed_loop,quadrotor,500,16,"[-1.6535067406911386, 5.066538742553436, 0.189640173260268, 0.6356172385879653, -158.93425626111943, 1.591214660720989, 0.0]","[-1.6527276574919758, 5.0634418689073915, 0.1895705562061112, 0.6358029447534237, -158.88439407117787, 1.5912817483449904, 0.0]",3.178566833022739e-15,11323.02976596463,0,0.0
closed_loop,quadrotor,500,17,"[-0.9802760942326404, 2.7197733152857126, 0.1659301885690787, 0.06463575200728422, -118.6480808071453, 1.052909707988252, 0.0]","[-0.9803362327540575, 2.7199890611661246, 0.1659357464822475, 0.06467308265849395, -118.6524728982531, 1.0529198223529248, 0.0]",3.3769448847201768e-15,11320.415481878888,0,0.0
closed_loop,quadrotor,500,18,"[-0.7873450495211723, 2.04544265800822, 0.1500413111709216, -0.03727625139746116, -99.29039926776562, 0.7792359966888288, 0.0]","[-0.7873482730133211, 2.045454369288588, 0.15004183768985407, -0.037274039227618225, -99.29076616988334, 0.7792356446431459, 0.0]",1.9748550236387736e-15,11305.338733063832,0,0.0
closed_loop,quadrotor,500,19,"[-0.4899621261527669, 1.1181701543664961, 0.111531846770189, -0.24771579503815722, -65.71095710322413, 0.5591451729172997, 0.0]","[-0.489954632654081, 1.1181492643121353, 0.11153135556226186, -0.2477279629339527, -65.71062545775625, 0.5591433510687243, 0.0]",2.276472329938416e-15,11284.428321261359,0,0.0
closed_loop,quadrotor,500,20,"[-0.27538693566462963, 0.4822677558324554, 0.07704988074643598, -0.3817525678867837, -38.733425288290576, 0.4162773906002691, 0.0]","[-0.2753789179487288, 0.4822500954965345, 0.0770491531525648, -0.38176941540299036, -38.73313726260716, 0.41627631768720624, 0.0]",2.602885237073481e-15,11261.685892582243,0,0.0
closed_loop,quadrotor,500,21,"[-0.14573321402995398, 0.15526960074107268, 0.04856134766049209, -0.4255142610003527, -20.264005617936387, 0.3387777907390352, 0.0]","[-0.1457289555804109, 0.15526158828809647, 0.04856080051576513, -0.42552328508162973, -20.263789386910105, 0.33877801356947973, 0.0]",2.3427614875191275e-15,11241.070638185614,0,0.0
closed_loop,quadrotor,500,22,"[-0.07251268475503363, -0.013930999281699549, 0.03066993824176853, -0.4111410972866879, -9.47939468201682, 0.2825127330554513, 0.0]","[-0.0725098723783544, -0.013933979516788675, 0.03066939767322667, -0.4111471826594404, -9.479262651424882, 0.28251323325904404, 0.0]",2.5878880796173164e-15,11223.236058188897,0,0.0
closed_loop,quadrotor,500,23,"[-0.04028186032323444, -0.04986214471907459, 0.019028666019697865, -0.35505483231424706, -4.684252805724149, 0.2421647227331698, 0.0]","[-0.04028117792617816, -0.04986092987309207, 0.01902855756560117, -0.35505736681679906, -4.684282854466073, 0.24216477909748774, 0.0]",2.2941584398318772e-15,11209.711694593623,0,0.0
closed_loop,quadrotor,500,24,"[-0.025875168716714744, -0.04183452419394238, 0.013008176574707871, -0.2955320157573364, -2.833752143832551, 0.20243754259520963, 0.0]","[-0.025871151346766662, -0.04187904300199226, 0.013008867872777094, -0.295489723481162, -2.8336809369696625, 0.20243009074775373, 0.0]",1.5802279174390124e-15,11201.96826617552,0,0.0
closed_loop,quadrotor,500,25,"[-0.019465382121904653, -0.05490396105562314, 0.01081488559482845, -0.23318158362522767, -2.1076185931205065, 0.16376936272491643, 0.0]","[-0.01339413471157855, -0.00199277711904628, 0.004300128505726163, -0.24581482039247599, -1.450955892491322, 0.17697955035188204, 0.0]",1.447936142745981e-15,11196.973034914137,0,0.00022045226227107584
closed_loop,quadrotor,500,26,"[-0.015719656869658514, -0.045087278807879744, 0.009250845700376303, -0.18192557297670534, -1.9837734913344778, 0.12996444758327352, 0.0]","[-0.0072503170364779865, -0.019671954979810315, 0.003097395184800933, -0.1868847594296705, -0.7197153563421311, 0.14354164618818455, 0.0]",7.952729687316444e-16,779643.185729871,0,0.0004696266116703818
closed_loop,quadrotor,500,27,"[-0.0069140238145334616, -0.08237765768378309, 0.009593668707987951, -0.14116999177333744, -1.619680177363267, 0.09596755223933467, 0.0]","[-7.850445569362089e-05, -0.05979117301278252, 0.004179762072889403, -0.14327843151419553, -0.6989766562709496, 0.1085723346228539, 0.0]",1.3445281222833996e-15,779826.4423934576,0,0.00042685618095172906
closed_loop,quadrotor,500,28,"[-0.0043827305742431604, -0.09702993329014872, 0.010128603473927487, -0.11044941353781407, -1.530333323101197, 0.06668341163041455, 0.0]","[0.0006522366367478708, -0.07714887341360276, 0.005935086403496522, -0.11010484940428351, -0.9986079926157295, 0.07677414176382909, 0.0]",6.907051645695202e-16,780093.9957396396,0,0.00034935309284644944
closed_loop,quadrotor,500,29,"[-0.000984047270524799, -0.09793352539487803, 0.008891725037580045, -0.0898088002375551, -0.9421655805818973, 0.0487646213821621, 0.0]","[0.0015096065518614584, -0.08684419416291833, 0.006596177442971413, -0.08650691548840754, -0.7649844011058053, 0.053982845224980106, 0.0]",1.0843161857393218e-15,1457680.01601225,0,0.0005489015997419688
closed_loop,quadrotor,500,30,"[0.0009765467132836716, -0.10015865943875672, 0.00832556202158245, -0.07297172337356461, -0.6025697205947739, 0.03179896176604014, 0.0]","[0.0027017194060217336, -0.09225878772587139, 0.006761028956201132, -0.07036411059987237, -0.5570297459636216, 0.03539190677446122, 0.0]",6.557590887004519e-16,1774722.5584058356,0,0.0005313436498424196
closed_loop,quadrotor,500,31,"[-0.00203742881111757, -0.09084377436553412, 0.008684280843225504, -0.06001224815812407, -0.7618376757764359, 0.017809316076723262, 0.0]","[-0.0007323546103532998, -0.08635827922895628, 0.007593705830193188, -0.05825585461532813, -0.8105848071383845, 0.020389990831027577, 0.0]",1.1389382347436076e-15,1776283.9947674214,0,0.00042215135611978205
closed_loop,quadrotor,500,32,"[0.0023322192556767584, -0.08755679445156743, 0.0063259788221442445, -0.05022582983542573, -0.034150145673647526, 0.014487358316950756, 0.0]","[0.004159026447422705, -0.07918871080410533, 0.004905511824792339, -0.048310037793560495, 0.016872009677062188, 0.017990944616870362, 0.0]",1.086152368024537e-15,1929613.684948287,0,0.0004322295702192669
closed_loop,quadrotor,500,33,"[0.001882025565379956, -0.0706600234450973, 0.005279000580549267, -0.04183008811728359, 0.05838954942424005, 0.009602075353870466, 0.0]","[0.0029425304253221903, -0.06458321122308433, 0.004385123963405125, -0.03991476867476685, 0.025309035900053928, 0.011664989136699387, 0.0]",1.1009428983001461e-15,2017745.2899579299,0,0.0003624728619773254
closed_loop,quadrotor,500,34,"[8.334611217145588e-06, -0.0541143806730287, 0.004868348777532218, -0.03559286394449, -0.003470181976804739, 0.004646513058900549, 0.0]","[0.0007201893598391567, -0.049169181977966325, 0.0042142785421598805, -0.033798258190828434, -0.06791369649513572, 0.006055014244032203, 0.0]",1.1972851339107853e-15,2019293.8468634095,0,0.0002826661608885672
closed_loop,quadrotor,500,35,"[-0.0012531247555197216, -0.06179706244300361, 0.004475608394448338, -0.030808746014598994, -0.5620367758146834, 0.0017910863966779222, 0.0]","[0.0013217981368729703, -0.040933460128676394, 0.002915424715183004, -0.026395523352945798, -0.16214232955488048, 0.005247689532281658, 0.0]",1.2229945684556844e-15,1917723.2627739145,0,0.0003904944492338913
closed_loop,quadrotor,500,36,"[0.00124304261980419, -0.03120311004074167, 0.0019970981155238467, -0.019970081692966275, -0.11229820138219099, 0.004716207832730309, 0.0]","[0.0007119195626562069, 0.005846369413392249, -0.0011156053034384703, -0.00902229093681942, -0.16220016717691593, 0.010659991530620033, 0.0]",5.064471865891205e-16,2076074.8199099812,0,0.00042349145735487426
closed_loop,quadrotor,500,37,"[-0.0003607344919977971, -0.024506028998350183, 0.0023995464599781504, -0.01936672402142786, 0.08513227323728292, 0.0019580795145910353, 0.0]","[-0.0003319202146210974, 0.0001086905833663531, 0.00015144400348242792, -0.010219173672299351, 0.0066809790276311344, 0.005816602955020597, 0.0]",5.830659583093473e-16,2139389.1984382523,0,0.0009150154070241001
closed_loop,quadrotor,500,38,"[-0.0009279815506627014, -0.024159726942760217, 0.002390258754875377, -0.01727011838207307, 0.12178109753535071, -0.00016948422490400484, 0.0]","[-0.0004005369094491151, -0.004385307695989897, 0.0005740720012541364, -0.009416274373971505, 0.011189712006659478, 0.0025263701446701886, 0.0]",6.051272587449124e-16,4145938.1313792593,0,0.000799095638238656
closed_loop,quadrotor,500,39,"[-0.0007760490896020037, -0.019565634723044744, 0.001999894686488281, -0.013944497856424426, 0.16296966888070893, -0.0012168454557910451, 0.0]","[-0.00023194340975781112, -0.003790470513114649, 0.0005259114672873515, -0.007562970604527323, 0.02099261489261175, 0.0010009383256374695, 0.0]",1.0197282948276377e-15,4160615.891830818,0,0.0007530509144322295
closed_loop,quadrotor,500,40,"[-0.00025448935133799754, -0.014710480044508084, 0.001495458034875284, -0.010842407656257333, 0.130543523874727, -0.0012289843861428135, 0.0]","[-0.00015069809659414902, -0.003932725595294986, 0.0004009582993467586, -0.0038138982684795524, 0.05506608966957318, -8.536283382450264e-05, 0.0]",1.4763158513651573e-14,601152392.0241464,0,0.0009818462681459028
closed_loop,quadrotor,500,41,"[-0.0002496413680581861, -0.009938471248212058, 0.0010032405480997245, -0.007859943205787067, 0.09522915210132141, -0.000364436382346036, 0.0]","[-6.945673491518416e-05, -0.001238926257018916, 0.00012517662763041477, -0.0011209258855107694, 0.02192543277148511, -3.1733070703858074e-05, 0.0]",1.6606595402356024e-14,603775936.5574532,0,0.0008823198630796281
closed_loop,quadrotor,500,42,"[-0.00013525176479970666, -0.005839460002514983, 0.0006432408651372435, -0.005245420819148378, 0.050894044472584374, -0.000272136803066978, 0.0]","[-4.214538679218142e-05, -0.000763067347346581, 6.886131683234491e-05, 9.213431220307125e-05, 0.016248659137224983, -0.00042765866736325556, 0.0]",1.5279189992469253e-14,18752650192.670547,0,0.0008485360031587064
closed_loop,quadrotor,500,43,"[-8.788473520762778e-05, -0.00390547847104663, 0.00044159833841729963, -0.0036127493670603953, 0.01754818764970197, -0.00042888004870046676, 0.0]","[-4.869375533621532e-06, 8.012984638855336e-05, -9.764384532133208e-06, 0.0008046851063456083, 9.481682470644315e-05, -0.00043619238908585264, 0.0]",6.4363702732142114e-15,18771786036.639015,0,0.0008030310383793093
closed_loop,quadrotor,500,44,"[-5.3324187643463626e-05, -0.002539235743570993, 0.00024873538849004204, -0.002106722217237547, -0.0099902173484701, -0.0004740219651841988, 0.0]","[-1.4773804058731816e-05, -0.00036508272281618237, 2.8869483577605816e-05, 0.0005630608127362827, 0.01107486480185145, -0.0005335013880754127, 0.0]",1.9454826175632535e-14,70556308422.55383,0,0.0007182249765211868
closed_loop,quadrotor,500,45,"[5.926472848927585e-06, -0.002336920830161403, 0.0002989640113893524, -0.0019523640136158821, -0.00810118649904782, -0.0008668788437272976, 0.0]","[4.321987263201178e-06, -0.0001813129171200926, 1.4409156238991122e-05, 0.0008335890057870771, 0.0008780210623389904, -0.00062042467183786, 0.0]",3.3279036910717973e-14,109442802541.0116,0,0.0005856263163495079
closed_loop,quadrotor,500,46,"[7.056348233560208e-06, -0.0008897708514474344, 0.0001063379056812444, -0.0005805927510094686, -0.0038022086794145355, -0.0006713502137333347, 0.0]","[1.3299761822231224e-06, -0.00012046004479276585, 1.0096850499379819e-05, 0.0006619788496385708, 0.0009112595951633876, -0.00048811170819701297, 0.0]",6.013615314783969e-14,135334135856.396,0,0.0004946442640960669
closed_loop,quadrotor,500,47,"[-3.6653735172089096e-05, -0.0004908273196910272, -2.2782927366195615e-05, 0.00026960090666046236, 0.005945217298156926, -0.0003044585083640179, 0.0]","[9.595540459128037e-07, -1.8246771509164597e-05, 1.5940873994303745e-06, 0.0006261576274187561, 0.00033451215288125797, -0.0003731515464600242, 0.0]",1.0375019983797193e-14,151707470193.16098,0,0.00039428973698596437
closed_loop,quadrotor,500,48,"[1.536156445744675e-05, 0.0003478220158706645, -9.000579039672659e-05, 0.0008131522044262537, -0.004246043811985182, -0.0001757634762968137, 0.0]","[1.7440394728672968e-07, -6.04266250231926e-06, 5.071479930688452e-07, 0.00047454415377458034, -2.1966478341815913e-07, -0.0002861152122463947, 0.0]",6.323160542747439e-15,163184596105.7232,0,0.0003794958667406867
closed_loop,quadrotor,500,49,"[-5.389484077980142e-06, 0.0001639520999285539, -8.754886984544537e-05, 0.0007683832941726257, -0.012106997308580815, -0.00013811920864000967, 0.0]","[-2.003047800950175e-07, 6.616497332649195e-06, -2.7732477812139784e-07, 0.0003270386854632955, 3.265295893628514e-07, -0.00021444875772692824, 0.0]",3.6402884304513556e-14,170842871932.86816,0,0.00034460270368308343
open_loop,robot_arm,0,0,"[-22.174432486241173, -1.529434311607147, 21.767240654256394, 24.165187223197023, 0.0]","[-22.17618508333441, -1.5323055453848038, 21.789851650720767, 24.16612645937444, 0.0]",4.491516910305586e-16,37.557414263692436,0,0.0
open_loop,robot_arm,0,1,"[-23.741720183942274, -1.279068101836392, 21.008569182330532, 25.84706729509703, 0.0]","[-23.745684091884545, -1.2788838074104425, 21.01692581122995, 25.84869961230249, 0.0]",5.76565246142864e-16,37.563352002024594,0,0.0
open_loop,robot_arm,0,2,"[-20.9115660341915, -2.2233686400292707, 20.24008193337234, 24.747308128791065, 0.0]","[-20.918568130284616, -2.2248764810366373, 20.267386493145946, 24.750016577054957, 0.0]",2.8669939999331876e-16,37.55980881354315,0,0.0
open_loop,robot_arm,0,3,"[-18.630784348814345, -2.811917066536796, 19.05157938902432, 23.65345147207489, 0.0]","[-18.638644239203742, -2.8141383450008766, 19.085707526157393, 23.656502853999392, 0.0]",3.978215224753368e-16,37.55908391161862,0,0.0
open_loop,robot_arm,0,4,"[-22.482274036772168, -1.2127445361914362, 23.802230466477404, 23.14160735726037, -20.62784000708991]","[-22.14303246162798, -1.306824071569516, 24.172205894378447, 22.728442613807804, -22.954913419063576]",6.075003483856547e-16,6165.648312193408,0,0.00012642148592328928
open_loop,robot_arm,0,5,"[-29.53369035846318, -1.2489497302678958, 30.123769998323745, 29.865247886177386, -0.08621850810417708]","[-29.579145403879057, -1.2537433635012825, 30.22448224718692, 29.937683883345954, 0.18959666033763095]",5.521162992023722e-16,11865.220624570346,0,0.0004318893443604199
open_loop,robot_arm,0,6,"[-24.511075724566144, -0.9971572616011918, 24.403893918157117, 25.197263442062418, -19.995998365501485]","[-20.369445812934, -1.0967060797961488, 21.42131200775689, 20.948914895861567, -46.02210838680373]",4.3833929491757327e-16,28139.14766540895,0,0.0009337007756341498
open_loop,robot_arm,0,7,"[-24.7791476565057, -0.9556151639316088, 22.79283475723223, 25.775223802645623, 0.0]","[-24.779871745558932, -0.9568254784191507, 22.80238471322505, 25.775597375509502, 0.0]",4.1848175286087175e-16,37.559606282575224,0,0.0
open_loop,robot_arm,0,8,"[-25.39380899191543, -0.9547377203531008, 22.219779873510138, 26.74322777261837, 0.0]","[-25.39639046811483, -0.9578477540866651, 22.245997373918645, 26.74448699074968, 0.0]",5.957111040324359e-16,37.55895015167524,0,0.0
open_loop,robot_arm,0,9,"[-23.47726244782606, -0.7918033981898289, 21.603796257881605, 24.185038030752356, -17.95739487096919]","[-20.322008604278704, -1.22267904360011, 21.793861328466896, 21.06184758553183, -41.29269962174777]",5.578294720193536e-16,14268.306750016452,0,0.0006393677646450852
open_loop,robot_arm,0,10,"[-23.94882571447913, -1.1970273648556213, 25.598706224634544, 24.36191991908694, -15.904301223828693]","[-23.7551736701314, -1.2675673754512038, 25.89988456500342, 24.08753874649159, -17.177628042011097]",4.700458491121829e-16,4377.047640332782,0,0.00014967555035674818
open_loop,robot_arm,0,11,"[-18.723667958118032, -2.7742942182376806, 18.90295585023765, 23.739028636142784, 0.0]","[-18.73168234758195, -2.776567545178849, 18.937690252642287, 23.74217317471224, 0.0]",4.295198499556263e-16,37.55882796627595,0,0.0
open_loop,robot_arm,0,12,"[-23.058469401238984, -0.8923793566029672, 21.72228062975916, 23.932639274060893, -16.70969529579211]","[-21.03924403093543, -1.293808823413294, 22.852089180217327, 21.760348411566643, -31.14358583114787]",5.550874921024316e-16,9463.540654102968,0,0.0007495239890184385
open_loop,robot_arm,0,13,"[-24.340503790570402, -1.39696641313785, 21.37442683732663, 26.75538857178319, 0.0]","[-24.346912553829057, -1.39722911325223, 21.392131117571644, 26.7578319106292, 0.0]",6.780515337905819e-16,37.55527031021855,0,0.0
open_loop,robot_arm,0,14,"[-23.496421114851078, -1.1805653317286329, 22.40973573569952, 24.782501173560703, 0.0]","[-23.497360807404952, -1.1820047286886821, 22.42128917952312, 24.782964822281606, 0.0]",6.321550224278717e-16,37.55867433238353,0,0.0
open_loop,robot_arm,0,15,"[-23.13755663977321, -1.6742368518027042, 21.975681129781368, 25.683576982590537, 0.0]","[-23.142028661013327, -1.674193877225804, 21.98681985679551, 25.685199916417936, 0.0]",3.539857365506432e-16,37.56244205774551,0,0.0
open_loop,robot_arm,0,16,"[-22.602802368668524, -0.8481681228746893, 19.098305598739103, 24.058384900724974, 0.0]","[-22.602221714110463, -0.8479407217399849, 19.095231775100682, 24.058208180043206, 0.0]",4.2433979659370595e-16,37.54752912257804,0,0.0
open_loop,robot_arm,0,17,"[-23.849101342467797, -1.2193102859521312, 24.35763979314862, 24.81195503342654, -19.39685422321729]","[-19.941057320590986, -1.389660884084862, 21.88335829360442, 20.933185168118488, -47.15622914453675]",4.626212229718654e-16,36223.51151509338,0,0.0007025862682582124
open_loop,robot_arm,0,18,"[-20.986695837298985, -1.367633297872622, 19.068730879485084, 23.3342279829773, -14.496719250064448]","[-19.334309426386575, -1.731036172251075, 20.028235757254343, 21.632249943159355, -23.906873583741135]",4.0255819671425993e-16,7110.638500517439,0,0.0005874881715740438
open_loop,robot_arm,0,19,"[-20.722922084369536, -1.684199682694628, 18.90658165870249, 23.704189128168025, 0.0]","[-20.72580490973179, -1.6823113369968177, 18.90103724888309, 23.705392470105576, 0.0]",5.817657595677077e-16,37.557536679314474,0,0.0
open_loop,robot_arm,0,20,"[-24.142908430553906, -1.4333621850092102, 21.253507468959405, 26.64750673893564, 0.0]","[-24.149416166727566, -1.4337821331779805, 21.272450361137185, 26.6500046621392, 0.0]",2.981225903147681e-16,37.55540422319619,0,0.0
open_loop,robot_arm,0,21,"[-17.762872585467058, -2.999696726568317, 19.71535290511467, 22.755808692171478, 0.0]","[-17.768875850217388, -3.001371100617013, 19.741669365920476, 22.75798777178502, 0.0]",3.540507674951907e-16,37.559114132961135,0,0.0
open_loop,robot_arm,0,22,"[-24.40236713694621, -1.0948038427512836, 22.654140154898595, 25.65970899417061, 0.0]","[-24.40367020634172, -1.0965935689775295, 22.66875591237384, 25.660373370499258, 0.0]",6.664448267014804e-16,37.55936332145824,0,0.0
open_loop,robot_arm,0,23,"[-22.433329372556315, -1.4788421940293395, 21.928096613647813, 24.318967565425005, 0.0]","[-22.43502072646189, -1.4814800051087083, 21.949037597791722, 24.319869611915095, 0.0]",4.842172736027679e-16,37.55762967923956,0,0.0
open_loop,robot_arm,0,24,"[-25.014116526798837, -1.0187430674191935, 22.560403731104067, 26.269508456993922, 0.0]","[-25.015986034282513, -1.021048652939902, 22.579737142867028, 26.270427141045175, 0.0]",3.9631925873015525e-16,37.559490947869556,0,0.0
open_loop,robot_arm,0,25,"[-21.241532545446535, -1.5530329390115294, 22.384222749683033, 22.866962150352006, -22.459973123711297]","[-20.680791932394502, -1.6748045228447026, 22.710235384753712, 22.252324845431176, -25.749162232517012]",4.882506146157613e-16,8090.151787123619,0,0.00015299360266045336
open_loop,robot_arm,0,26,"[-25.790642200108042, -0.5497830669474281, 22.145521544424412, 26.329471591932254, 0.0]","[-25.792640414270554, -0.5521088262743, 22.16603704317409, 26.33016474573711, 0.0]",5.831604346385194e-16,37.54856984702347,0,0.0
open_loop,robot_arm,0,27,"[-23.814438495468966, -0.7950990326951914, 21.169595578989465, 24.73465364416229, 0.0]","[-23.81404532749839, -0.7949536794434015, 21.1675505675713, 24.73454129310105, 0.0]",3.854397322128365e-16,37.54605185345817,0,0.0
open_loop,robot_arm,0,28,"[-25.141011677828367, -0.9511931127692592, 22.909881100109985, 26.17301238370477, 0.0]","[-25.142038275543378, -0.952682729476535, 22.921915089274382, 26.173546408455152, 0.0]",5.819633103907262e-16,37.55967385438258,0,0.0
open_loop,robot_arm,0,29,"[-22.89266695705452, -1.3944109441184533, 22.097308683468217, 24.638303544541717, 0.0]","[-22.894330755742267, -1.3968525470957363, 22.116948888959325, 24.639168439167573, 0.0]",5.89785580664192e-16,37.55821561846262,0,0.0
open_loop,robot_arm,0,30,"[-22.077343003889716, -1.5056636670327344, 21.956034729081637, 23.921593764139253, 0.0]","[-22.078665188443406, -1.507825918778153, 21.973095381053337, 23.92228433616646, 0.0]",6.357450409813039e-16,37.55683673570662,0,0.0
open_loop,robot_arm,0,31,"[-23.562030601410108, -1.0998410898300852, 19.70859784022078, 25.663561847775615, 0.0]","[-23.562521938024876, -1.1048655740313755, 19.74203109850015, 25.664076714958668, 0.0]",5.758837360494879e-16,37.557811068530924,0,0.0
open_loop,robot_arm,200,0,"[13.022391624549293, -9.352895089241553, 0.7015621553532538, 20.90062136460431, 0.0]","[13.022184096143274, -9.352584901753016, 0.7437437560847504, 20.89261923107061, 0.0]",1.0332436203832033e-15,392.7049793165268,0,0.0
open_loop,robot_arm,200,1,"[14.625907033544056, -9.179424006111644, -8.698307456950408, 9.277577862975786, 0.0]","[14.62727437554554, -9.17979337260838, -8.700929003203386, 9.272900052181978, 0.0]",1.1316929706940748e-15,392.96734154559016,0,0.0
open_loop,robot_arm,200,2,"[18.139157530929808, -12.797675914943829, -7.243632301279709, 27.18889017955292, 0.0]","[18.140054118096025, -12.798241540905948, -7.22725947732871, 27.187051286505877, 0.0]",9.013330158808185e-16,392.9193534584931,0,0.0
open_loop,robot_arm,200,3,"[20.001511474669062, -14.709880358504273, -0.9285628656831943, 36.36143742750403, 0.0]","[20.005499583939667, -14.711049932489583, -0.9642327228492518, 36.35322590610002, 0.0]",1.2832790177915017e-15,392.8263918824944,0,0.0
open_loop,robot_arm,200,4,"[7.781026763383863, -5.232086767981422, -1.9455437024267153, 8.581868362005357, 0.0]","[7.7790310585848985, -5.231791205883907, -1.927941414547819, 8.589042659500345, 0.0]",9.274590321951243e-16,392.7676383432386,0,0.0
open_loop,robot_arm,200,5,"[-3.374741241780332, -0.3694816901073768, -3.5451720413268784, 27.44707143085876, 0.0]","[-3.374761113369197, -0.36945490065488196, -3.5446440626495685, 27.446831008145406, 0.0]",6.604587950029634e-16,392.8970450418966,0,0.0
open_loop,robot_arm,200,6,"[-3.7107973317988536, -0.7547639986079924, 13.128442041584039, 31.79342881720049, 0.0]","[-3.712623283801359, -0.7550482975172614, 13.1661645190146, 31.803827501098556, 0.0]",5.989912471786064e-16,392.9577296790206,0,0.0
open_loop,robot_arm,200,7,"[10.34181029847429, -6.860900832227319, -4.703585792463448, 10.728425175752761, 0.0]","[10.341220826698155, -6.860669556137833, -4.688553601316951, 10.727600275145981, 0.0]",9.045230311928616e-16,392.7526672146077,0,0.0
open_loop,robot_arm,200,8,"[10.974419258161657, -7.662108069287192, 2.2159383913381463, 14.580891555838175, 0.0]","[10.973906131334957, -7.661942956210969, 2.25549958632644, 14.576871887881573, 0.0]",9.166931849929532e-16,392.8385660212104,0,0.0
open_loop,robot_arm,200,9,"[6.820389080733887, -5.077104417017667, 3.1698912884544783, 12.580558465272777, 0.0]","[6.821969701904671, -5.077209685196014, 3.148615603845995, 12.57402402471942, 0.0]",9.204593585327616e-16,392.68605714973086,0,0.0
open_loop,robot_arm,200,10,"[6.7103397525011035, -4.606967894668349, -1.259183189930408, 8.512736775142429, 0.0]","[6.70908451835094, -4.606783651239428, -1.251340281083502, 8.51794809801703, 0.0]",8.861383667835048e-16,392.79171851167564,0,0.0
open_loop,robot_arm,200,11,"[20.021741498924065, -14.647642557059608, -1.630163380014591, 35.5304316463326, 0.0]","[20.025589301878707, -14.648855111131404, -1.6655992914005784, 35.523504929524634, 0.0]",1.1031613414403323e-15,392.82766059077596,0,0.0
open_loop,robot_arm,200,12,"[7.6810387847860735, -5.343672800139601, -0.48066171315977213, 10.242972658263279, 0.0]","[7.686392798480373, -5.344405637856696, -0.5196697087594027, 10.221066324398294, 0.0]",1.1001642538476394e-15,392.72839302103034,0,0.0
open_loop,robot_arm,200,13,"[14.775536751132908, -10.044987581071656, -3.3046329719163463, 17.490834036949575, 0.0]","[14.775862987273735, -10.04525080533986, -3.2908759730235166, 17.489830424759603, 0.0]",1.0165496578677476e-15,393.0236827267625,0,0.0
open_loop,robot_arm,200,14,"[11.577895043091724, -7.679940489259701, -6.650288413750004, 12.24201105679696, 0.0]","[11.577872810696984, -7.67969868873, -6.639216377332453, 12.237812236992847, 0.0]",8.954628204934992e-16,392.7169746928276,0,0.0
open_loop,robot_arm,200,15,"[15.112548172644729, -10.492941573290409, -1.7951836646637216, 20.348193467777683, 0.0]","[15.113137266175807, -10.493267951923336, -1.776107541843715, 20.34539256546193, 0.0]",9.412936212210874e-16,392.9425776000817,0,0.0
open_loop,robot_arm,200,16,"[10.430947680675587, -7.092762785886676, -3.7528737150347045, 12.565964045045234, 0.0]","[10.430277431683406, -7.092324276297209, -3.7513043056702333, 12.565191611885, 0.0]",1.233547824925816e-15,392.6385973206642,0,0.0
open_loop,robot_arm,200,17,"[8.533388081571692, -6.067762631852521, 5.22250459324773, 12.231844757797104, 0.0]","[8.532266116551304, -6.067623514129661, 5.256043934177397, 12.233219694076794, 0.0]",1.0726917454179797e-15,392.909928900192,0,0.0
open_loop,robot_arm,200,18,"[13.505903710105356, -8.441038430563085, -6.396754557223957, 8.01063690044803, 0.0]","[13.507016343366425, -8.44136603061263, -6.4036484214844185, 8.00787429075659, 0.0]",9.878451520135556e-16,392.9719491149513,0,0.0
open_loop,robot_arm,200,19,"[15.44974000491779, -10.77115863999827, -3.4173012980094137, 21.515409458754327, 0.0]","[15.452485999251062, -10.771434449967321, -3.443236082323716, 21.503797464153248, 0.0]",9.531173249849997e-16,392.8065513705851,0,0.0
open_loop,robot_arm,200,20,"[14.982961012392629, -10.179382114180076, -3.438488705882401, 17.88017049047133, 0.0]","[14.983863285223462, -10.17969854679179, -3.4238194972118574, 17.875733394696002, 0.0]",1.0634434947465577e-15,393.0195309445435,0,0.0
open_loop,robot_arm,200,21,"[19.8220352368004, -14.813915966544624, -7.921411613047412, 39.71234799768223, 0.0]","[19.823212276823003, -14.81430087227372, -7.902068162845507, 39.70622855173797, 0.0]",1.0243463537159031e-15,392.7833664562076,0,0.0
open_loop,robot_arm,200,22,"[10.668808285834853, -7.606144025507567, 3.2466767509524828, 16.301223958827528, 0.0]","[10.667635065046062, -7.6056958756283946, 3.289947627657132, 16.297537593782202, 0.0]",9.043423127238192e-16,392.7593436908342,0,0.0
open_loop,robot_arm,200,23,"[12.673585456697833, -9.122966371760812, 1.55994191702659, 20.49587010144895, 0.0]","[12.673183219164308, -9.12260849858382, 1.6028413532416028, 20.4885129577588, 0.0]",7.432415410942739e-16,392.71939528622136,0,0.0
open_loop,robot_arm,200,24,"[10.600673933614212, -7.578059427815171, 4.368020648671688, 16.11210129810342, 0.0]","[10.599774937361621, -7.577741526701752, 4.4093441560706905, 16.108584493757746, 0.0]",7.796730851264171e-16,392.79817235978754,0,0.0
open_loop,robot_arm,200,25,"[11.275676909769963, -7.4221919587788205, -1.6717050733874956, 10.60987579803459, 0.0]","[11.277363301970214, -7.422448955059654, -1.6828817624910333, 10.60308813585154, 0.0]",9.712101194247922e-16,392.9585986016197,0,0.0
open_loop,robot_arm,200,26,"[7.015093837779223, -5.167539317794524, -1.312847200693728, 12.875823845381923, 0.0]","[7.010399450715017, -5.166975703569284, -1.210222288291614, 12.886906636822298, 0.0]",5.877954630656789e-16,392.575358489962,0,0.0
open_loop,robot_arm,200,27,"[8.992429142428666, -6.2565923261777625, -8.138697919392827, 13.179209372999203, 0.0]","[8.988629688550166, -6.256239212997947, -8.040536171577155, 13.187052621917474, 0.0]",9.541860791333254e-16,392.5282892818037,0,0.0
open_loop,robot_arm,200,28,"[9.983095788290038, -7.017238438314759, 1.366263026631656, 14.13344373298371, 0.0]","[9.981764404073484, -7.016867874909409, 1.4083406439822692, 14.13235905998233, 0.0]",8.311201261131287e-16,392.77639904470175,0,0.0
open_loop,robot_arm,200,29,"[12.265681961806449, -8.816993600328177, 1.841792153620421, 19.072886323465582, 0.0]","[12.265414353292282, -8.816634984131792, 1.884987451923921, 19.06468881488419, 0.0]",8.742058449869251e-16,392.72511819557184,0,0.0
open_loop,robot_arm,200,30,"[12.883881442792285, -9.027797620224032, -2.483059349712724, 18.95789161728364, 0.0]","[12.883052690266716, -9.027472886936575, -2.4484845299855515, 18.95480900493938, 0.0]",6.277185785032248e-16,392.6940582758637,0,0.0
open_loop,robot_arm,200,31,"[13.227475457357142, -8.841600040041236, -2.617173629146426, 13.983937620254213, 0.0]","[13.229333306900262, -8.841882829283593, -2.635620504955571, 13.97729353135506, 0.0]",8.434825136871588e-16,392.90144390544174,0,0.0
open_loop,robot_arm,400,0,"[51.68124791890171, -22.43746221661691, 2.8322411420937725, 296.6037747061515, 0.0]","[51.680135866038604, -22.43708017864559, 2.834699505463464, 296.5874568733181, 0.0]",2.6337919375403386e-15,3753.4587867948317,0,0.0
open_loop,robot_arm,400,1,"[28.02255186709882, -11.463685933968092, -9.536293501188606, -49.657091368828624, 0.0]","[28.0222146893761, -11.463244466811712, -9.54072947480602, -49.66222469631214, 0.0]",6.011489016132693e-15,3765.5303958360196,0,0.0
open_loop,robot_arm,400,2,"[52.04655793251412, -22.269859496115217, -0.20826533705998473, -21.640890816885765, 0.0]","[52.24661176833275, -22.36413147773504, -0.2239378771456405, -13.049407389783685, 0.0]",2.626593771267454e-15,3749.65723185925,0,7.03358062452697e-05
open_loop,robot_arm,400,3,"[52.264601365768, -22.27082682672534, -1.3949997152533458, 15.755575668192403, 0.0]","[52.26655378164729, -22.272105311805323, -1.387203369889307, 15.869394961238989, 0.0]",2.0863654488933185e-15,3750.462007980375,0,0.0
open_loop,robot_arm,400,4,"[50.88351855758849, -20.92889275303179, -18.60832020865059, -62.569391802935854, 0.0]","[50.88313769696325, -20.928618009459463, -18.60904819117337, -62.569181258561755, 0.0]",4.5204081363862676e-15,3767.018839498952,0,0.0
open_loop,robot_arm,400,5,"[-1.2826662351064992, -0.24067289971954528, 18.01347413427291, 38.561594994248864, 0.0]","[-1.2827388745508634, -0.24070046740029613, 18.01474184425291, 38.56429194711528, 0.0]",1.947544864432223e-15,3749.1048504205887,0,0.0
open_loop,robot_arm,400,6,"[51.11861149596011, -21.977613125264316, 2.9359171052407325, -15.952242988511744, 0.0]","[51.11722087931072, -21.977177816937978, 2.9398321014486206, -15.957507694994806, 0.0]",2.6690455999383015e-15,3755.0129186720005,0,0.0
open_loop,robot_arm,400,7,"[50.79714605708036, -20.549742662035634, -26.14747348746452, -58.703926280681316, 0.0]","[50.79708576213159, -20.5496854920239, -26.14803302664115, -58.702819804278754, 0.0]",7.030116793623154e-15,3769.786739498822,0,0.0
open_loop,robot_arm,400,8,"[52.75438182316656, -22.768428224555887, 2.13806009619095, 180.96609368564103, 0.0]","[52.75144336615454, -22.766407121398807, 2.126174550579395, 180.75463759780615, 0.0]",3.0762293386910265e-15,3756.785034010053,0,0.0
open_loop,robot_arm,400,9,"[53.16912647023338, -22.64948137655948, -4.008614138229599, 70.8271543069325, 0.0]","[53.16516901019431, -22.64664886560128, -4.027376860673262, 70.52077263703477, 0.0]",2.6067632507497287e-15,3763.215680117187,0,0.0
open_loop,robot_arm,400,10,"[50.26860466098973, -20.622275829979237, -17.661070322706212, -104.1557475051203, 0.0]","[50.269136008008644, -20.62229330410266, -17.664306599473917, -104.15188464762369, 0.0]",4.2441062155145954e-15,3767.025524999177,0,0.0
open_loop,robot_arm,400,11,"[52.187084059746695, -22.345830902924735, -0.24790683848684136, 24.24527178411909, 0.0]","[52.18687731715927, -22.345690207125234, -0.24872169005379463, 24.232638040887085, 0.0]",4.1556055643827216e-15,3751.427622937801,0,0.0
open_loop,robot_arm,400,12,"[51.37196468192486, -21.43612754356053, -12.522204590192892, 15.171377016226343, 0.0]","[51.37235286511355, -21.436434278712007, -12.518470796485934, 15.203426661303569, 0.0]",3.7852308488801986e-15,3765.5652807657693,0,0.0
open_loop,robot_arm,400,13,"[52.09160407601689, -22.292243416672125, 0.394200553744398, -12.510606458904997, 0.0]","[52.29295044209535, -22.387667612405235, 0.3845628323490857, -6.982510568731124, 0.0]",3.4069742729893543e-15,3750.0923728107273,0,0.0001244686108310411
open_loop,robot_arm,400,14,"[50.97882980341357, -20.60303855036303, -27.173130058984835, -7.221997306703272, 0.0]","[50.978688765065606, -20.6028010678727, -27.17697590899886, -7.220787713312793, 0.0]",5.4282392475737575e-15,3769.2486620495433,0,0.0
open_loop,robot_arm,400,15,"[19.794006942898793, -9.136999514135846, 12.286561667430117, 184.0374477541749, 0.0]","[19.79357152637823, -9.136737395104594, 12.284826238682712, 184.03702598149778, 0.0]",2.3425743725222582e-15,3744.1255982773364,0,0.0
open_loop,robot_arm,400,16,"[51.78602370521326, -21.71807738738365, -11.764829422556641, 156.04683101871748, 0.0]","[51.78379373471314, -21.716538502482948, -11.775597111455822, 155.90084283185647, 0.0]",4.500147107567842e-15,3765.3218504531346,0,0.0
open_loop,robot_arm,400,17,"[52.47252206431719, -22.615499454715493, 2.5929690847834426, 77.62851291117684, 0.0]","[52.473177488191524, -22.61544356401371, 2.586138088549161, 77.58934073111894, 0.0]",4.008840485477378e-15,3756.808904169053,0,0.0
open_loop,robot_arm,400,18,"[31.416402431036207, -13.04951281511218, -7.306204861336278, -20.030758568404153, 0.0]","[31.419629914193884, -13.05145076118232, -7.294072908767311, -19.858087335384713, 0.0]",3.962400268901241e-15,3764.6105892838737,0,0.0
open_loop,robot_arm,400,19,"[37.53684252794799, -16.478327627634336, 4.840912603920953, 288.5388906119121, 0.0]","[37.53770290510645, -16.478842994108156, 4.843828502337309, 288.5888551557002, 0.0]",3.588096733644909e-15,3760.892141770455,0,0.0
open_loop,robot_arm,400,20,"[51.81268657896405, -22.1130325565674, -0.4084213064848813, -8.657402050021703, 0.0]","[52.0132001164689, -22.208265164336908, -0.41782338376599465, -3.093639174162159, 0.0]",3.3357522024142806e-15,3749.923547353459,0,0.0001300395051793135
open_loop,robot_arm,400,21,"[50.78361158656987, -21.762521808292593, 0.9177033209996762, 54.6018772710339, 0.0]","[50.78266389183343, -21.76227808149443, 0.9213944669547703, 54.6074270539784, 0.0]",6.012824066178791e-15,3746.617796496537,0,0.0
open_loop,robot_arm,400,22,"[49.57090749533035, -19.755547407534443, -30.772438227694533, -56.31858955066077, 0.0]","[49.57071990208907, -19.755070949258066, -30.781019423381114, -56.32040367176955, 0.0]",4.316184044832424e-15,3771.0505484760856,0,0.0
open_loop,robot_arm,400,23,"[54.48859404850924, -22.864652260365038, -15.052657211295053, 288.05599940332075, 0.0]","[54.4870419212525, -22.8642436354848, -15.046459973950878, 288.0423886328863, 0.0]",3.4140811263716885e-15,3751.6421725834334,0,0.0
open_loop,robot_arm,400,24,"[52.50858708439709, -22.71663956795865, 2.5606069427567197, 179.90443653140005, 0.0]","[52.50828738943097, -22.716558803813935, 2.5618693338022753, 179.9048124065776, 0.0]",2.539536100090426e-15,3754.3610046405165,0,0.0
open_loop,robot_arm,400,25,"[41.22545316964303, -17.70698184006191, -0.4663454148694369, 119.38247734776216, 0.0]","[41.221988306681844, -17.70464455992222, -0.47990929342843897, 119.18732000058543, 0.0]",2.424703359490028e-15,3762.144608551257,0,0.0
open_loop,robot_arm,400,26,"[54.26216589017959, -23.13032078339983, -2.175546507216784, 74.15582389568996, 0.0]","[54.26136818622065, -23.12978296489375, -2.1787870740307715, 74.09964330129868, 0.0]",3.615909094548146e-15,3761.205035131983,0,0.0
open_loop,robot_arm,400,27,"[54.08557855069908, -23.144740582157613, -2.0155490402267966, 180.9307614211463, 0.0]","[54.08498115582704, -23.14433386837685, -2.0179801423148667, 180.88531465589017, 0.0]",4.221265407388694e-15,3761.703376606836,0,0.0
open_loop,robot_arm,400,28,"[49.54078156159094, -19.770177076058385, -29.997618395718753, -92.36103752101857, 0.0]","[49.54079972070531, -19.770269588438694, -29.995002015979026, -92.36358529724261, 0.0]",4.144960149902561e-15,3770.584603934891,0,0.0
open_loop,robot_arm,400,29,"[54.16082502512717, -22.577656967888664, -16.328365302695623, 260.06752204653196, 0.0]","[54.16059814478765, -22.577511818912193, -16.3292865220153, 260.05393959668066, 0.0]",2.6961515072489308e-15,3751.6912797945415,0,0.0
open_loop,robot_arm,400,30,"[50.57250767321163, -20.344094047281292, -29.210512516943044, 38.14533824310946, 0.0]","[50.572470229313055, -20.344020430765266, -29.211422189504667, 38.14441705297032, 0.0]",6.104919134263903e-15,3770.663799133564,0,0.0
open_loop,robot_arm,400,31,"[41.51297013383137, -17.74026746175857, -1.9574103204345779, 172.31856943791567, 0.0]","[41.51303540143031, -17.74030396295489, -1.9566830109604505, 172.31585876887215, 0.0]",2.6668028784138257e-15,3761.486466062382,0,0.0
open_loop,robot_arm,800,0,"[12.451381798662695, -5.821326358767212, 10.86307255141284, 714.6914081690979, 0.0]","[12.45068185045621, -5.821200947739971, 10.864967178375853, 714.7104413199899, 0.0]",4.045637483455672e-15,1814.2956615567841,0,0.0
open_loop,robot_arm,800,1,"[7.73651371370278, -2.8807762902583165, 10.928662156662817, 55.46638575088848, 0.0]","[7.753211645782693, -2.887224835600453, 10.925476729838158, 55.81494323556746, 0.0]",2.413757888352408e-15,1813.2279607531711,0,0.00019264827184550803
open_loop,robot_arm,800,2,"[3.5683111765490567, -1.4112259784418764, 10.350313725885453, -4.430719441699988, 0.0]","[3.5905643485083014, -1.420592852280538, 10.346345986828045, -4.013076703120966, 0.0]",2.323583103976137e-15,1815.7209016529994,0,0.0004362118466694209
open_loop,robot_arm,800,3,"[4.3050074794655835, -1.6516289313274624, 10.463902531135668, -2.485702589177575, 0.0]","[4.305232989400053, -1.6516985766161487, 10.463758981775598, -2.4847123976129395, 0.0]",3.2520669202649545e-15,1816.0164481431243,0,0.0
open_loop,robot_arm,800,4,"[7.47443092566713, -2.8525530859945882, 11.10699950574215, 77.94689192067852, 0.0]","[7.47440350916561, -2.852333572555775, 11.102987568613628, 77.90770396276066, 0.0]",1.2823885352124316e-15,1813.0390007438418,0,0.0
open_loop,robot_arm,800,5,"[2.744901714552144, -1.0452387383284174, 8.675644174366381, -30.949566385550543, 0.0]","[2.743557786720916, -1.0448861238648393, 8.677618548985475, -30.944189755072163, 0.0]",1.8086742609608577e-15,1816.6677360247036,0,0.0
open_loop,robot_arm,800,6,"[3.767707997036117, -1.3567560384120658, 5.149667390934608, 6.629369138459484, 0.0]","[3.767738915947404, -1.3567886499852866, 5.150413141590771, 6.631577761762378, 0.0]",2.629814596190268e-15,1814.9732339795908,0,0.0
open_loop,robot_arm,800,7,"[9.269792149518894, -3.8486188425361827, 11.037916387388714, 266.7377385526992, 0.0]","[9.268846021453212, -3.848499344104179, 11.042142090210195, 266.76413844848355, 0.0]",2.0072136534968897e-15,1813.5949858644067,0,0.0
open_loop,robot_arm,800,8,"[7.641003237707668, -3.5573941867255243, 13.879289764559083, 336.33053496724256, 0.0]","[7.637015206424635, -3.5562479836637584, 13.883445230133692, 336.32594461542624, 0.0]",4.3074216974006976e-15,1815.8492477976256,0,0.0
open_loop,robot_arm,800,9,"[8.764633699747765, -3.084400495974591, 8.069061724083301, 39.97920425016144, 0.0]","[8.764067053096971, -3.084058529328791, 8.065630954799252, 39.943284882802004, 0.0]",2.304938326767503e-15,1816.166723802081,0,0.0
open_loop,robot_arm,800,10,"[6.217919993675135, -2.4419311798698127, 11.676155442125498, 64.10084698183053, 0.0]","[6.217981351345318, -2.4419821620555244, 11.676818024059898, 64.10667818528475, 0.0]",1.9427425992778748e-15,1813.0291819429158,0,0.0
open_loop,robot_arm,800,11,"[2.9947249874364488, -1.2452343967036676, 10.810428456711625, 1.0903546972817937, 0.0]","[2.9951696840125552, -1.245372752881111, 10.810085455836537, 1.092585812363118, 0.0]",1.1548875026175945e-15,1816.1146680299653,0,0.0
open_loop,robot_arm,800,12,"[6.7709043778615685, -2.266036000221385, 5.200019727985076, -3.7921260373044405, 0.0]","[6.770871300193888, -2.266047387659642, 5.200775267541534, -3.7930045062157487, 0.0]",2.6409307006995946e-15,1817.0262803445128,0,0.0
open_loop,robot_arm,800,13,"[4.005793672761339, -1.5532768042733587, 10.454368932174368, 0.4472978842512676, 0.0]","[4.030267190367108, -1.5636144223079649, 10.450065134199283, 0.6227320084910284, 0.0]",1.8282261099302233e-15,1815.832820349241,0,0.0006252023904467219
open_loop,robot_arm,800,14,"[11.467799822583064, -4.983243608569186, 11.763900362451603, 457.86911449749, 0.0]","[11.467085098373985, -4.983094912711576, 11.76625750241856, 457.8735919763474, 0.0]",2.770973582470275e-15,1813.362790704364,0,0.0
open_loop,robot_arm,800,15,"[2.1885212679338095, -0.9758996647999449, 8.606996165528344, 16.772149781833324, 0.0]","[2.195219657256401, -0.9785130647641774, 8.603258937620364, 16.91025678622021, 0.0]",2.2312008505514787e-15,1813.8783641473983,0,0.00030876612856900465
open_loop,robot_arm,800,16,"[10.506231311535597, -4.359712043725574, 7.819537382192392, 348.50161399149994, 0.0]","[10.50881441061782, -4.360525858577166, 7.816043808291069, 348.54190002950793, 0.0]",2.9131326552319267e-15,1816.5395244520453,0,0.0
open_loop,robot_arm,800,17,"[3.814363927379449, -1.745051105715643, 12.612533746990108, 80.20100052051035, 0.0]","[3.815580897018804, -1.7453377118095206, 12.610661149199041, 80.18384499672825, 0.0]",2.266973914383193e-15,1815.9874704991644,0,0.0
open_loop,robot_arm,800,18,"[7.991145793389902, -2.9744919312411873, 11.44948892124355, 51.936958765397655, 0.0]","[8.008991799911447, -2.981202484368498, 11.442887557082138, 52.2815121769027, 0.0]",1.626035151730834e-15,1812.9393334722,0,0.00019134567062684127
open_loop,robot_arm,800,19,"[4.7616246308159, -2.2147918788290233, 11.639656375663508, 168.1604993927295, 0.0]","[4.763087320388984, -2.215313759008697, 11.639481373307472, 168.18737610933024, 0.0]",1.99449249718515e-15,1817.0176098046973,0,0.0
open_loop,robot_arm,800,20,"[3.686254039944864, -1.4688362939349517, 10.944237502986491, -3.1804277844660263, 0.0]","[3.708991560460174, -1.4784406030681725, 10.940179982053179, -3.014064846372249, 0.0]",2.9919865439183078e-15,1815.8557632058232,0,0.0006270617404946499
open_loop,robot_arm,800,21,"[5.1038456000447905, -1.757888863341918, 3.751647914609687, 18.609310834097588, 0.0]","[5.104064198550575, -1.7579641219441011, 3.752232979690885, 18.6055947534023, 0.0]",2.933238189875805e-15,1814.3264407158824,0,0.0
open_loop,robot_arm,800,22,"[9.060737844515232, -4.041392326128986, 10.371472163489706, 393.0993101093026, 0.0]","[9.05950521792492, -4.041153589354294, 10.37491827430223, 393.12245829570276, 0.0]",3.94344443329202e-15,1814.0898878672344,0,0.0
open_loop,robot_arm,800,23,"[12.698336367434509, -6.041762450984584, 11.65787253642608, 741.6795446905525, 0.0]","[12.697589284431668, -6.0416213057865, 11.659985546380954, 741.6952260143995, 0.0]",1.2958080176727785e-14,1814.2313454311625,0,0.0
open_loop,robot_arm,800,24,"[8.945056456349958, -3.8539952828868573, 8.099754592905235, 357.66581380543124, 0.0]","[8.944314835722023, -3.8538576242595566, 8.101465017384937, 357.68813867319557, 0.0]",5.513119078886814e-15,1814.5123328833035,0,0.0
open_loop,robot_arm,800,25,"[2.3186084745983475, -1.218928665273826, 14.47931250349608, 31.807842214683156, 0.0]","[2.3175267150391354, -1.2187881404979497, 14.48472843113346, 31.833099942234117, 0.0]",2.1027444755520893e-15,1812.2096241676554,0,5.5424679843874e-05
open_loop,robot_arm,800,26,"[11.196569077393354, -3.9583460571816813, 9.476963714770886, 71.91057681778466, 0.0]","[11.196541772288448, -3.9583364814432866, 9.476855474048492, 71.91013293681836, 0.0]",2.342927792041922e-15,1815.6827105963118,0,0.0
open_loop,robot_arm,800,27,"[10.460152447426744, -4.268758651586987, 12.867155639975229, 258.1947035002145, 0.0]","[10.45872312508178, -4.267971746706505, 12.86284139840142, 258.0968390897073, 0.0]",4.025983968498226e-15,1815.6388216882094,0,0.0
open_loop,robot_arm,800,28,"[8.463997002868448, -3.6811080116425683, 10.664882247271965, 302.2984829142518, 0.0]","[8.462544481572639, -3.6807880844341625, 10.66861988105948, 302.31246429144426, 0.0]",6.270425016212989e-15,1814.1165338402068,0,0.0
open_loop,robot_arm,800,29,"[11.911172701727626, -5.49927845884021, 10.866718123911909, 642.8517752178064, 0.0]","[11.910676919058176, -5.499209653937904, 10.868435513494942, 642.8697701881381, 0.0]",8.335215217283826e-15,1814.228561061779,0,0.0
open_loop,robot_arm,800,30,"[13.126844152065319, -6.118459161082214, 12.440887142410844, 726.2075483161376, 0.0]","[13.12658964847971, -6.118478275451184, 12.442932888542554, 726.2265635519432, 0.0]",6.505648218211903e-15,1813.7918860371879,0,0.0
open_loop,robot_arm,800,31,"[3.0618134976093443, -1.4485015929032725, 10.324741524753465, 88.36005934565982, 0.0]","[3.063245143975001, -1.4490045591128777, 10.324579257886349, 88.38312154327828, 0.0]",2.749830195939686e-15,1817.402543190627,0,0.0
closed_loop,robot_arm,0,0,"[-29.971479459134883, -0.8323097296584672, 34.449394206885174, 81.90083928233443, -15.8124764870235]","[-28.52666686973789, -1.0426025100623333, 33.69951189284363, 81.57737506020726, -18.352776673869023]",9.075469892956199e-16,3289.463392611003,0,0.0007653979423369456
closed_loop,robot_arm,0,1,"[-34.21053480770892, 0.5305783998757073, 35.5948258465848, 59.08884821480698, -26.190547795410485]","[-33.49918067705892, 0.4358760518047661, 35.20918990624281, 58.61312732338475, -27.61746823995411]",8.35237251571458e-16,3491.831829724743,0,8.206457742040985e-05
closed_loop,robot_arm,0,2,"[-35.45109146375688, 0.4390029232832464, 37.186860064460745, 63.843644577509075, -25.04823563685748]","[-34.78966038665117, 0.3607663506316563, 36.8017041099294, 63.0945489125327, -26.679289258447028]",1.3308303883161098e-15,3992.025895100666,0,0.00014359599035898563
closed_loop,robot_arm,0,3,"[-36.24637119416472, 0.2137998038492779, 38.52071040128933, 70.3097293802987, -19.097229208303364]","[-35.82608053488445, 0.17110596478697257, 38.25292311152083, 69.6162029250476, -20.54893363251446]",1.4212518681766068e-15,5141.336216689252,0,0.00016977861406290706
closed_loop,robot_arm,0,4,"[-37.434586280942106, 0.15306668922802474, 39.669234151777665, 74.20091116962261, -13.704587799318476]","[-37.193954189322504, 0.1330447098875565, 39.49807914900273, 73.67180754155613, -15.292952474370027]",9.217891061603052e-16,8920.38821000064,0,0.0002432819917466411
closed_loop,robot_arm,0,5,"[-38.7936833568514, 0.14121805203068, 40.63831298723786, 77.0218989565855, 0.0]","[-38.79359411262948, 0.14200394844693337, 40.6245964479162, 77.01571136899429, 0.0]",1.2793766769224372e-15,123.82957500347312,0,0.0
closed_loop,robot_arm,0,6,"[-34.34531802900168, -0.14645485895379867, 36.96488827813552, 74.00704776465355, 0.0]","[-34.341752656890165, -0.14681493902634, 36.96638106500593, 74.00340951375269, 0.0]",1.3108831816576474e-15,123.58680874141805,0,0.0
closed_loop,robot_arm,0,7,"[-35.411790966273514, -0.13917307982917207, 37.355175760808905, 76.80507709921702, 0.0]","[-35.41118330003118, -0.13918534114494363, 37.35369961223518, 76.80495653662285, 0.0]",1.1603327614300612e-15,123.36120033440469,0,0.0
closed_loop,robot_arm,0,8,"[-29.660515407718506, -0.10480738040461007, 28.386488502895336, 66.94660933344065, 0.0]","[-29.66027000323525, -0.10480858775466634, 28.385836810410563, 66.94652073231057, 0.0]",1.6951895664042003e-15,123.14498123724276,0,0.0
closed_loop,robot_arm,0,9,"[-22.76705243760571, -0.00627544304323344, 17.699910441676533, 53.670678423149084, 0.0]","[-22.76674453812236, -0.006221867386873236, 17.697029176750238, 53.6712631052679, 0.0]",1.396046598212186e-15,122.94466486707206,0,0.0
closed_loop,robot_arm,0,10,"[-16.775804489846966, 0.023321860657969314, 11.334360870933894, 40.52159708658542, 0.0]","[-16.775787336461914, 0.02330278492885953, 11.3347957540735, 40.52160463168229, 0.0]",7.613512215343439e-16,122.75937549572942,0,0.0
closed_loop,robot_arm,0,11,"[-11.022496321550657, 0.036023397585843005, 6.880392156470545, 26.67508246934264, 0.0]","[-11.022550660784814, 0.036001219500917336, 6.880877644838466, 26.675324088642647, 0.0]",1.0010938793541006e-15,122.57296207207294,0,0.0
closed_loop,robot_arm,0,12,"[-5.117028261011446, 0.061486920160328744, 2.9142591287323256, 11.482875399190942, 0.0]","[-5.117266503816184, 0.06146267587486636, 2.9148989245747687, 11.483587833162206, 0.0]",7.070182482779496e-16,122.40074869208172,0,0.0
closed_loop,robot_arm,0,13,"[-0.8889989962297542, 0.09040764062254691, 0.25240269788548947, 0.2738381499028133, 0.0]","[-0.8893795906404434, 0.09038917396455705, 0.25297926163878154, 0.27491196700566595, 0.0]",8.795151458889231e-16,122.2415045265766,0,0.0
closed_loop,robot_arm,0,14,"[1.3677984653099817, 0.11076195702809026, -1.1242911265446187, -5.909814005372177, 0.0]","[1.3670806510167144, 0.11074309020041355, -1.123733055963658, -5.907663588743572, 0.0]",7.536345679873729e-16,122.0916161336367,0,0.0
closed_loop,robot_arm,0,15,"[2.422981471914276, 0.12107200756828848, -1.750993678353397, -8.858485092145623, 0.0]","[2.424453433474187, 0.12110041741930691, -1.7520818029075502, -8.862675647923774, 0.0]",3.208509219698144e-16,121.94531973010068,0,0.0
closed_loop,robot_arm,0,16,"[2.817983673280754, 0.12420693050719979, -1.9756007219922824, -9.965360051053288, 0.0]","[2.8183887381700248, 0.12421393418096849, -1.9759297981925823, -9.966471672571181, 0.0]",3.4552037701468806e-16,121.81075782163849,0,0.0
closed_loop,robot_arm,0,17,"[2.816583941293672, 0.12090070134195555, -1.9444030163656167, -9.852676464996732, 0.0]","[2.8162756545263483, 0.12089592366421868, -1.9449767171190335, -9.85102266378961, 0.0]",3.1187405869651487e-16,121.69335539271246,0,0.0
closed_loop,robot_arm,0,18,"[2.6114058953716546, 0.1131514920492248, -1.8111967620337677, -9.166222863054342, 0.0]","[2.6111151079612274, 0.11314647266661555, -1.8114445693415717, -9.164954801840954, 0.0]",4.663554906942657e-16,121.57326063098945,0,0.0
closed_loop,robot_arm,0,19,"[2.313798551781038, 0.10302677416230957, -1.6100172053531117, -8.167277396677193, 0.0]","[2.3137853957592345, 0.10302626882731998, -1.6102060106869684, -8.167055099999637, 0.0]",5.13799528700364e-16,121.47066303639431,0,0.0
closed_loop,robot_arm,0,20,"[1.989738068075033, 0.09149680413540276, -1.401005015942951, -7.111635482877159, 0.0]","[1.989790587248113, 0.09149755964114437, -1.4009292098231931, -7.11189556426343, 0.0]",3.4913598449278174e-16,121.36858772202913,0,0.0
closed_loop,robot_arm,0,21,"[1.6844177123228128, 0.0799826986472361, -1.189978544245377, -6.045827415316715, 0.0]","[1.6844571036882336, 0.07998314631405962, -1.1898319628865888, -6.046122356450503, 0.0]",4.2624460876971936e-16,121.27938000367574,0,0.0
closed_loop,robot_arm,0,22,"[1.4116748344846988, 0.06920979949036801, -1.009726282182864, -5.120239013513038, 0.0]","[1.4116822791640156, 0.06920938463364881, -1.009531017589971, -5.120458377783164, 0.0]",5.089006489804952e-16,121.19599060025553,0,0.0
closed_loop,robot_arm,0,23,"[1.1696605890314482, 0.059087734533911127, -0.8431741019948664, -4.271966229963634, 0.0]","[1.1696680329521645, 0.05908765594401405, -0.8432255519565564, -4.271946309001385, 0.0]",4.848663127818162e-16,121.11981515089447,0,0.0
closed_loop,robot_arm,0,24,"[0.9696042009340768, 0.05032332683044344, -0.7080318801629408, -3.584213041703391, 0.0]","[0.9696033378238273, 0.05032279836245958, -0.707910518928571, -3.584319602543268, 0.0]",4.466927190741874e-16,121.05022044060149,0,0.0
closed_loop,robot_arm,0,25,"[0.787508149101244, 0.04195782883336712, -0.5773753137025175, -2.920174751238604, 0.0]","[0.7874959792777249, 0.04195690486692661, -0.5772624964024494, -2.920265013720656, 0.0]",9.077593192792554e-16,120.98754200432909,0,0.0
closed_loop,robot_arm,0,26,"[0.6413596026141716, 0.03499865519590663, -0.47418269308457406, -2.398845612321339, 0.0]","[0.6413543639422482, 0.03499826790485531, -0.4742057418178616, -2.3987977843337074, 0.0]",4.365217963644844e-16,120.93081632736009,0,0.0
closed_loop,robot_arm,0,27,"[0.5225522886905067, 0.029122409752125825, -0.3882053058028649, -1.9624825707611322, 0.0]","[0.5225416011359656, 0.029121673994125626, -0.38823553794776544, -1.9624191194887024, 0.0]",5.028802573540917e-16,120.87990163553644,0,0.0
closed_loop,robot_arm,0,28,"[0.42342596334232196, 0.024059457629293214, -0.3176425503537155, -1.5967818327744792, 0.0]","[0.42342448999178467, 0.024059102331351064, -0.3177377246153488, -1.5966926628223335, 0.0]",4.815637692899216e-16,120.83370872651638,0,0.0
closed_loop,robot_arm,0,29,"[0.34522373767471864, 0.019952412832125014, -0.2603358313546563, -1.3149743570987344, 0.0]","[0.34521809658730757, 0.019952121086219042, -0.2603516977776873, -1.3149308724500866, 0.0]",5.493938326863888e-16,120.7915921236351,0,0.0
closed_loop,robot_arm,0,30,"[0.2782710889276729, 0.016333320514032384, -0.21018283199662774, -1.0615432896467514, 0.0]","[0.27826566804201014, 0.016333024042667864, -0.21021310335148027, -1.0614934591959593, 0.0]",5.039554677199651e-16,120.75343092189055,0,0.0
closed_loop,robot_arm,0,31,"[0.22600507703905154, 0.013456523106577108, -0.1727757181668319, -0.8708738760553842, 0.0]","[0.22600170330803662, 0.013456392002109647, -0.17279457282795943, -0.8708372489064782, 0.0]",4.381839136005133e-16,120.71982721184094,0,0.0
closed_loop,robot_arm,0,32,"[0.1808345031361091, 0.010905529368008917, -0.1386034612490576, -0.6955377762588337, 0.0]","[0.18082758051188805, 0.010905078746633082, -0.13858422452744787, -0.6955273567175962, 0.0]",7.025482079223286e-16,120.68826188251788,0,0.0
closed_loop,robot_arm,0,33,"[0.1465824753955753, 0.00893853121467582, -0.113498982767736, -0.5664770097608355, 0.0]","[0.14657233057870553, 0.008937967651109359, -0.11347459542695512, -0.566460824130511, 0.0]",5.94954157509988e-16,120.66068064555198,0,0.0
closed_loop,robot_arm,0,34,"[0.1178633612948923, 0.007259662390685621, -0.09143791877927866, -0.4560695510805729, 0.0]","[0.11786160068794138, 0.007259573835329158, -0.09145369103763416, -0.4560469429621455, 0.0]",4.177739942147859e-16,120.6353646220095,0,0.0
closed_loop,robot_arm,0,35,"[0.09491951403909932, 0.005897003469014756, -0.07361680711111246, -0.3660078674327738, 0.0]","[0.09491286678488828, 0.0058966375136943455, -0.07363075820575472, -0.36597144527051073, 0.0]",7.131433520533687e-16,120.61341669292335,0,0.0
closed_loop,robot_arm,0,36,"[0.07605872149376466, 0.004764608450968732, -0.059319249943880534, -0.29362653982186715, 0.0]","[0.07604933037383947, 0.004764076968020337, -0.05930566722443439, -0.29359675645083105, 0.0]",3.9524104339959785e-16,120.59459760526802,0,0.0
closed_loop,robot_arm,0,37,"[0.061041869472740526, 0.00385603952274426, -0.04776660083527962, -0.2389500214713775, 0.0]","[0.061039167986526276, 0.003855896368334075, -0.04776256573119574, -0.23894134388808347, 0.0]",6.872882786465834e-16,120.57593153785258,0,0.0
closed_loop,robot_arm,0,38,"[0.049975031992233084, 0.0031739068034365827, -0.03872229256011196, -0.19492425063299695, 0.0]","[0.04997410754455587, 0.0031738631956898457, -0.038725222502454526, -0.1949172529141117, 0.0]",5.692789561317699e-16,120.56143675141402,0,0.0
closed_loop,robot_arm,0,39,"[0.0396611232724713, 0.002533451070215769, -0.031119391469266726, -0.1543065307416924, 0.0]","[0.03965787721387786, 0.002533205245723377, -0.031107252491887838, -0.15430508601844609, 0.0]",6.59334382924948e-16,120.54561162143654,0,0.0
closed_loop,robot_arm,0,40,"[0.03193947501119319, 0.0020509610286284555, -0.024939740855263303, -0.12589704231105397, 0.0]","[0.03193581191117746, 0.0020507182446851103, -0.02493830839167108, -0.12588362149551097, 0.0]",8.260970743542024e-16,120.53301742021651,0,0.0
closed_loop,robot_arm,0,41,"[0.025266583861445122, 0.0016253849739129532, -0.019526592568958945, -0.10001360955065569, 0.0]","[0.025265423929586295, 0.0016253404443568888, -0.019525599413714807, -0.10001017874622671, 0.0]",6.122684331250903e-16,120.52320877478853,0,0.0
closed_loop,robot_arm,0,42,"[0.02105637543902311, 0.001361186166142052, -0.017163407867475867, -0.08317089264562275, 0.0]","[0.021054628654722, 0.001361127158365686, -0.017163181838595606, -0.08316321176528231, 0.0]",5.1901801013336045e-16,120.51149634645073,0,0.0
closed_loop,robot_arm,0,43,"[0.016232114561418414, 0.0010563025456925047, -0.013426301991854482, -0.06346842198800749, 0.0]","[0.01623073937449784, 0.001056194555227997, -0.013422169488257632, -0.06346605850253748, 0.0]",4.778269235141212e-16,120.50236366394027,0,0.0
closed_loop,robot_arm,0,44,"[0.013809928829685162, 0.000899693184936748, -0.011731354516903419, -0.05473099620647552, 0.0]","[0.013808714143304797, 0.0008996297173254639, -0.011729027055437125, -0.054727726171492234, 0.0]",5.52673155888706e-16,120.4939320808777,0,0.0
closed_loop,robot_arm,0,45,"[0.010435126470943273, 0.0006810212153492954, -0.008453877633599118, -0.04220105558309053, 0.0]","[0.010433956907522364, 0.0006809597365626908, -0.008452197422010841, -0.042196609825849954, 0.0]",4.572314486482093e-16,120.48533353987973,0,0.0
closed_loop,robot_arm,0,46,"[0.008488691553523421, 0.0005564000851265668, -0.0072624397183205505, -0.03550226459194152, 0.0]","[0.008488168226530476, 0.0005563763139676041, -0.00726111415092706, -0.035501174605837967, 0.0]",5.197067464150009e-16,120.47698715301775,0,0.0
closed_loop,robot_arm,0,47,"[0.00678228743686888, 0.00044277056115980855, -0.005928555497718423, -0.028393273912818037, 0.0]","[0.006781719069217899, 0.00044275650262029346, -0.005927098530201823, -0.028392141987421474, 0.0]",5.890667750642815e-16,120.47139946422199,0,0.0
closed_loop,robot_arm,0,48,"[0.0052195318815744605, 0.0003430083088733015, -0.0042055839270927885, -0.023334599506371446, 0.0]","[0.005218814576494843, 0.00034297419931785265, -0.0042052211139475305, -0.023331815991560704, 0.0]",7.661691692882199e-16,120.46277951146138,0,0.0
closed_loop,robot_arm,0,49,"[0.004640810934048142, 0.0003046667887091832, -0.003663801031113311, -0.01918085416118722, 0.0]","[0.004640154915717794, 0.000304634499798808, -0.0036628174593519233, -0.019177634002983328, 0.0]",5.575671196339648e-16,120.46319453158632,0,0.0
closed_loop,robot_arm,125,0,"[-2.011529713029248, 0.1667801551264473, 9.953869319353567, -8.367511477579052, -21.251652585617975]","[-0.3112001321597568, -0.12220851400617447, 8.710457714621791, -8.228369404921027, -23.95883095132914]",7.398356239510796e-16,2950.883257708333,0,0.0007601893317051578
closed_loop,robot_arm,125,1,"[-2.061650591685795, 0.23366483153699388, 9.573419024300991, -13.3832911145267, -21.009539668207946]","[-0.21151042259213745, -0.12157568128838708, 8.31607657289263, -12.302946771833907, -23.68341315116557]",1.0015448118261146e-15,2952.1280403656924,0,0.0007700959365799925
closed_loop,robot_arm,125,2,"[-1.8625194761263701, 0.18396522049810982, 9.425519923651262, -10.438933113794395, -20.650434480482275]","[-0.185528873984198, -0.12088855795682896, 8.18626855639709, -13.31412422499542, -23.414467468170482]",2.9973515630329933e-15,2940.1192014711355,0,0.0007371708148895956
closed_loop,robot_arm,125,3,"[-0.300572927661725, -0.12194929411601808, 8.633842899070807, -8.341413905229212, 0.0]","[-0.3000409410649769, -0.12194037614305077, 8.631176934910942, -8.361383406845379, 0.0]",1.775020336085487e-15,2580.0703113252234,1,0.0007371708148895956
closed_loop,robot_arm,125,4,"[-0.22522169526647975, -0.11969758606070849, 8.116269958894595, -10.575740519556286, 0.0]","[-0.2247696558069869, -0.11968349478509406, 8.113620064371114, -10.592106042812437, 0.0]",2.350794153497291e-15,2580.17518455323,1,0.0007371708148895956
closed_loop,robot_arm,125,5,"[-0.30077970349817773, -0.11978116868098512, 8.548454484833332, -7.5087668281151005, 0.0]","[-0.3014950246730114, -0.11978366150851862, 8.551421230718832, -7.4812619099185325, 0.0]",3.1833181453933637e-15,2578.9274871183247,0,0.0
closed_loop,robot_arm,125,6,"[-0.27291729663251424, -0.11679541725263329, 8.258801398846087, -8.175566542569396, 0.0]","[-0.2737087989291445, -0.11679499039009814, 8.261981206953811, -8.14463581413549, 0.0]",1.4600041975606949e-15,2577.1025762319523,0,0.0
closed_loop,robot_arm,125,7,"[-0.24995708112910903, -0.11856095714673168, 8.053190576398004, -10.942971977583548, 0.0]","[-0.24975025581351878, -0.11855861461291381, 8.052240933063961, -10.95116818261738, 0.0]",3.161817479220689e-15,2575.5266594516947,0,0.0
closed_loop,robot_arm,125,8,"[-0.27695332452167126, -0.11720227027298553, 8.115032520889205, -9.139944054524037, 0.0]","[-0.27798769582880495, -0.11720951118634895, 8.119855414557986, -9.100036559633471, 0.0]",2.516700806441306e-15,2573.9096287694183,0,0.0
closed_loop,robot_arm,125,9,"[0.17558526210251685, -0.023871044579856948, 0.7830490638839582, -11.636909449013487, 0.0]","[0.1753564417126835, -0.023874462080384153, 0.784174294318734, -11.628646239577828, 0.0]",1.9803949289204905e-15,2573.0838887326418,0,0.0
closed_loop,robot_arm,125,10,"[0.31562018091368804, -0.0001635892585794748, -1.2673196734606889, -13.401283670086844, 0.0]","[0.31563607545927136, -0.00016684247873620736, -1.2672197039256223, -13.401867937287175, 0.0]",2.7471486850289413e-15,2572.3607485468106,0,0.0
closed_loop,robot_arm,125,11,"[0.3522410659366777, 0.0016591594492569586, -1.4690780867162923, -15.831941845052288, 0.0]","[0.3523116171702729, 0.0016614573765377511, -1.4695192407727609, -15.834364920871277, 0.0]",3.7907748531975504e-15,2571.6871182681966,0,0.0
closed_loop,robot_arm,125,12,"[0.23478076023736325, 0.007179350031393404, -1.3467098043018266, -8.260347397678771, 0.0]","[0.23478237137080493, 0.0071804312269254725, -1.3468618342944414, -8.259948980884367, 0.0]",2.0120003530087753e-15,2570.7701404467575,0,0.0
closed_loop,robot_arm,125,13,"[0.18809657853490114, 0.013357952996854671, -1.5669032931418472, -7.083811929617146, 0.0]","[0.18803212701215266, 0.01336050475610407, -1.5668178740009424, -7.081195408839457, 0.0]",2.425379649263853e-15,2564.8353070172816,0,0.0
closed_loop,robot_arm,125,14,"[0.18089724336239074, 0.0144821380224198, -1.5955375522958561, -6.280786311890146, 0.0]","[0.18095841854010755, 0.014481991106367212, -1.595801891870062, -6.283123560072581, 0.0]",1.8035106363290727e-15,2560.634564518603,0,0.0
closed_loop,robot_arm,125,15,"[0.1391581281287824, 0.011843381773701115, -1.377104961008197, -6.521794914276035, 0.0]","[0.1391843488154545, 0.011844142447237726, -1.3772617908468785, -6.522773281809024, 0.0]",2.7716410522301697e-15,2558.0138034993206,0,0.0
closed_loop,robot_arm,125,16,"[0.16479125515294882, 0.008397963597524307, -1.230670651951572, -6.8239536971300865, 0.0]","[0.16475567705791377, 0.008398414084072553, -1.230552710248984, -6.822700208655705, 0.0]",5.1997478711999605e-15,2556.255641676109,0,0.0
closed_loop,robot_arm,125,17,"[0.11834800141437868, 0.005343190485931996, -0.9271026852854362, -5.637856104836827, 0.0]","[0.11834316796265763, 0.005342417645049824, -0.9270495065466907, -5.637787527526522, 0.0]",3.961251274579865e-15,2555.085433171562,0,0.0
closed_loop,robot_arm,125,18,"[0.036216231962345684, 0.0033353302790796184, -0.39267451326527575, -1.856250123759802, 0.0]","[0.03624915813940044, 0.003336218277913545, -0.39279486510790756, -1.8569864971086438, 0.0]",6.949958743038036e-15,2554.3679846593814,0,0.0
closed_loop,robot_arm,125,19,"[0.07000718991945173, 0.002708068215407415, -0.4507855099470506, -2.7030258772503934, 0.0]","[0.07001707945303624, 0.0027087371087892637, -0.45084436693871455, -2.7032374843717433, 0.0]",4.033231137761483e-15,2553.977001260736,0,1.9104903141498042e-05
closed_loop,robot_arm,125,20,"[0.03127441490991058, 0.0011427107216724706, -0.2160003114315022, -1.4921894469833241, 0.0]","[0.03126899158621673, 0.0011426856325446432, -0.2159818002250727, -1.4920741857563842, 0.0]",2.722850919478833e-15,2553.690707774662,0,0.0
closed_loop,robot_arm,125,21,"[0.019671165883291472, 0.00029302690139621076, -0.14293179657169797, -1.870383109766812, 0.0]","[0.019671952255652804, 0.000292910667940399, -0.1429257486600858, -1.8702643087165807, 0.0]",5.580820814730443e-15,2553.5991681380133,0,0.0
closed_loop,robot_arm,125,22,"[0.006969135873382577, -0.001345821664186371, -0.14809806441544066, -3.595073363335078, 0.0]","[0.006965579622674988, -0.0013457435577956323, -0.1480927286707757, -3.5945901725178837, 0.0]",9.274989246111024e-15,2551.6212566988256,0,1.3840802540632247e-05
closed_loop,robot_arm,125,23,"[0.005496698232082484, -4.354721740676586e-05, -0.04794502915768644, -0.6792828258039838, 0.0]","[0.005495323128130719, -4.347753674670422e-05, -0.047941371469706444, -0.6791989109489694, 0.0]",4.246818585143069e-15,2553.170055822419,0,0.0
closed_loop,robot_arm,125,24,"[0.002698292801798997, -8.639741078021702e-05, -0.04154215090134791, -0.32243957153729336, 0.0]","[0.002697673875120681, -8.646142960338071e-05, -0.041539189558651636, -0.3224322202642536, 0.0]",5.448459941754585e-15,2553.0691085986405,0,0.0
closed_loop,robot_arm,125,25,"[0.001973340779745288, -0.00010203794489597941, -0.016904197171849756, -0.2904826731974298, 0.0]","[0.001973135355869275, -0.00010205726500896618, -0.016903455615846386, -0.29047387730543045, 0.0]",5.979814775083429e-15,2553.129921291982,0,0.0
closed_loop,robot_arm,125,26,"[-0.0005549753943949798, -0.0005635939993895633, -0.015917198065238017, -0.9347646262312452, 0.0]","[-0.000555541565510471, -0.0005636456997812854, -0.01591216151376263, -0.9347273058395563, 0.0]",1.1024542916722877e-14,2553.16709806014,0,5.469861033891021e-06
closed_loop,robot_arm,125,27,"[-0.0001221547076400433, -0.0002719440799784099, -0.012222321051403529, -0.5234160164998178, 0.0]","[-0.00012190924071095441, -0.00027194273784134754, -0.01222314857584754, -0.5234241297303243, 0.0]",1.7279850792733488e-14,2552.9823705002814,0,0.0
closed_loop,robot_arm,125,28,"[-0.0026302733584689718, -0.0005015611438291741, -0.014617057846141441, -0.5502400542961139, 0.0]","[-0.0026373624928109404, -0.0005016901300065815, -0.014619886423224296, -0.549404354333668, 0.0]",9.819812416354742e-15,2552.9089321414554,0,1.6268396792362694e-05
closed_loop,robot_arm,125,29,"[-0.002398013430332976, -0.0007202354011755003, -0.017215888913802133, -0.8686758141189097, 0.0]","[-0.0023988723019311388, -0.0007202145163658361, -0.01720564667213983, -0.8685607809637116, 0.0]",7.802403545480165e-15,2550.4218711243766,0,2.0612942008835233e-07
closed_loop,robot_arm,125,30,"[-0.0010501675309069047, -0.0002583497967128366, -0.004820379845332765, -0.3247630426085967, 0.0]","[-0.0010505757761677381, -0.0002583222820758957, -0.004817726491019387, -0.32466897355147994, 0.0]",7.55059296295363e-15,2550.294751355413,0,7.99692755470982e-06
closed_loop,robot_arm,125,31,"[-0.0020442028551947884, -0.0007119103744787246, -0.010817546422937115, -1.0839800852260528, 0.0]","[-0.0020444433546007133, -0.0007118775026250294, -0.010816154188733315, -1.0839827179173018, 0.0]",1.0149107351590007e-14,2553.024258461262,0,0.0
closed_loop,robot_arm,125,32,"[-0.0009206482640617879, -0.00042855689690414456, -0.004483361046653408, -0.7198775523698144, 0.0]","[-0.0009210659581820349, -0.00042855124997012885, -0.004483599093983909, -0.7198685113752847, 0.0]",2.130483194369923e-14,2553.0298505749543,0,1.13201765181703e-05
closed_loop,robot_arm,125,33,"[-0.0026929572333009317, -0.0007800746165470585, -0.009141901309310564, -1.0573455342365665, 0.0]","[-0.002694336573149956, -0.0007800437435200548, -0.009141986943102058, -1.0570476182152662, 0.0]",8.660691987955914e-15,2552.437123117519,0,8.264674557501017e-06
closed_loop,robot_arm,125,34,"[-0.0058529274577987555, -0.0018511485287201995, -0.0368713057771672, -2.778985847197073, 0.0]","[-0.005855368576198196, -0.0018510870712856377, -0.036870174571160576, -2.7787494541966025, 0.0]",9.208329371699508e-15,2551.1383017808066,0,2.1589126283472204e-05
closed_loop,robot_arm,125,35,"[-0.003157015211721031, -0.0011958962770763533, -0.019667228751404232, -1.8777200840992432, 0.0]","[-0.0031570724625099764, -0.0011959612739003396, -0.019663887399929823, -1.8777140075763814, 0.0]",8.942042239887326e-15,2553.0338511070117,0,0.0
closed_loop,robot_arm,125,36,"[-0.0021828984341699872, -0.0008171491480744564, -0.011719285824538121, -1.2123498852734382, 0.0]","[-0.0021828708580349534, -0.0008171766684398982, -0.011716312782914223, -1.2123233283943824, 0.0]",1.0707601111711089e-14,2553.0050996321565,0,0.0
closed_loop,robot_arm,125,37,"[-0.0011000712793344121, -0.00021837026724900573, -0.006293940276992562, -0.2322693081206368, 0.0]","[-0.001100942084791259, -0.0002183566545872775, -0.006293257140402923, -0.23221511938074493, 0.0]",1.6263159383623728e-14,2552.4043456112545,0,1.918966759018037e-05
closed_loop,robot_arm,125,38,"[-0.0013336459659238154, -0.00037422081022633067, -0.012073708226629636, -0.5035238394361633, 0.0]","[-0.0013336258464986181, -0.0003742244779226141, -0.012072426398670242, -0.5035218779693607, 0.0]",6.2519896202890545e-15,2552.932036401239,0,0.0
closed_loop,robot_arm,125,39,"[-0.0016412921708476398, -0.0006808996212920899, -0.008533800991367862, -1.219826824281825, 0.0]","[-0.0016413183031808178, -0.0006809083889191291, -0.008533679163336952, -1.2198232902270523, 0.0]",8.410495157647981e-15,2552.996053414582,0,0.0
closed_loop,robot_arm,125,40,"[-0.0013558946887940154, -0.0004906872852731539, -0.009270737088093225, -0.8783678897632161, 0.0]","[-0.0013559751488721045, -0.0004907218235203097, -0.009269240583189366, -0.8783693442204323, 0.0]",1.1636603887346792e-14,2552.9695306006984,0,0.0
closed_loop,robot_arm,125,41,"[-0.0007949736817513327, -0.0002791729608025217, -0.004112329232888639, -0.500261136581164, 0.0]","[-0.0007949630578659994, -0.0002791738372282872, -0.004112448026094847, -0.5002557393937017, 0.0]",1.849397333667288e-14,2553.0011998743553,0,0.0
closed_loop,robot_arm,125,42,"[-0.0017714895515754938, -0.0004464516367056664, -0.007919463562036353, -0.808502049840164, 0.0]","[-0.001774642355847387, -0.0004465047915818895, -0.00791630177205897, -0.8081295712807779, 0.0]",9.953874095290104e-15,2552.3713871561235,0,1.8180371397558126e-05
closed_loop,robot_arm,125,43,"[-0.0065529397128856505, -0.002611446669054991, -0.024222241742883184, -4.429990439744785, 0.0]","[-0.006554592765720799, -0.0026114459148669873, -0.02422202721339088, -4.429844296117295, 0.0]",1.3519137064668693e-14,2544.9724966449135,0,2.427872518306895e-05
closed_loop,robot_arm,125,44,"[-0.0011650299401744755, -0.000445531808737941, -0.005739654521956794, -0.7952957934692932, 0.0]","[-0.0011652986230956904, -0.00044552116923019945, -0.005735641899734682, -0.7952759661090822, 0.0]",1.83872480193911e-14,2551.6725537629795,0,8.356961890942927e-06
closed_loop,robot_arm,125,45,"[-0.0025840297199356994, -0.0011733323907812693, -0.00827056235935995, -2.0198423072197476, 0.0]","[-0.002585718063065714, -0.0011733372087860436, -0.00826805572523586, -2.0197413338380192, 0.0]",1.1013825128511648e-14,2552.9890341766154,0,4.670199853507029e-06
closed_loop,robot_arm,125,46,"[-0.0020516075230560373, -0.0007560094195257788, -0.010863327932896395, -1.2774904392429347, 0.0]","[-0.0020524416499041404, -0.0007559592282215037, -0.01086381402095032, -1.27739869347805, 0.0]",1.3164903713530484e-14,2548.277781560561,0,1.2120437653861948e-05
closed_loop,robot_arm,125,47,"[-0.0006393111347939859, -0.00017300766618607926, -0.003823719446665752, -0.35229058462984475, 0.0]","[-0.0006400410961715843, -0.0001730464058867818, -0.0038256725210521203, -0.35216050403812965, 0.0]",1.086498993042613e-14,2552.071342380311,0,6.828017720672541e-06
closed_loop,robot_arm,125,48,"[-0.003761318357793888, -0.0012616188374319224, -0.015062747188475525, -1.9900568395161664, 0.0]","[-0.0037631747485365806, -0.001261599253607528, -0.015067706147995324, -1.9898812871068725, 0.0]",1.0560158098652153e-14,2549.3929536834085,0,1.5992941671538752e-05
closed_loop,robot_arm,125,49,"[-0.0007828094439622862, -0.0002609750849550042, -0.0027116754511575135, -0.24383713048103522, 0.0]","[-0.0007835559115852303, -0.0002609966482772208, -0.0027111846233828824, -0.2437946158925353, 0.0]",8.653775730734896e-15,2548.302389162531,0,1.3156429084726362e-05
closed_loop,robot_arm,250,0,"[-0.47444922334632444, 0.025736615523046662, 1.04477132006096, 19.665451816158033, -19.78801934272492]","[-0.2897124401028145, -0.016015525075431122, 0.851047230730022, 18.565134434721863, -20.42249758115264]",4.777976783536293e-16,4506.454477893122,0,0.00011074273658043254
closed_loop,robot_arm,250,1,"[-0.4776347291502477, 0.04600437333014067, 0.8782207106513624, 17.016436059483077, -19.693411130266384]","[-0.2503904942002242, -0.013787807964345087, 0.6850469234704466, 16.914070257177176, -20.20343753775258]",8.479057548116794e-16,4511.202185677248,0,7.89118806395761e-05
closed_loop,robot_arm,250,2,"[-0.3093010463867136, -0.016840372309452865, 1.2467499892543203, 19.555947458325793, 0.0]","[-0.3093346151143952, -0.016841319845082248, 1.2473996622747108, 19.55697866511353, 0.0]",5.2489266376601e-16,1545.3102843144816,1,7.89118806395761e-05
closed_loop,robot_arm,250,3,"[-0.2686627429842267, -0.03862224531959697, 1.5809887007198375, 21.6732305544515, 6.504220063910243]","[-0.3598290946961092, -0.0187249407468494, 1.6890561805523474, 22.001070489168836, 6.759072399312265]",7.116945266870299e-16,4199.320166952799,0,0.00032110121197959085
closed_loop,robot_arm,250,4,"[-0.0008171194927551534, -0.054701973505933234, 0.3350766186019977, 14.362349324174895, 3.7962916400167965]","[-0.22327813661678278, -0.013413324911147915, 0.6503926834145646, 15.302066090257693, 4.52163629744032]",8.897619381449673e-16,4127.78494594674,0,0.000991501349648094
closed_loop,robot_arm,250,5,"[-0.2691584404495709, -0.015202233749981562, 0.9940482019424632, 17.289679426803815, 0.0]","[-0.2690963294546556, -0.01520162262436502, 0.9938123974433717, 17.286670415279705, 0.0]",8.237762704637723e-16,1560.1598525392378,1,0.000991501349648094
closed_loop,robot_arm,250,6,"[-0.3046956942275824, -0.016102630489196117, 1.2539952657823148, 18.794551356344925, 0.0]","[-0.30476651142103767, -0.016103533982011562, 1.2541619214095578, 18.79818054023139, 0.0]",7.458946346296258e-16,1559.3938701365523,0,0.0
closed_loop,robot_arm,250,7,"[-0.3111752542752554, -0.01688613817867397, 1.3782758284470693, 19.239382977627507, 0.0]","[-0.31116494359951574, -0.01688271646883283, 1.3772411486487803, 19.23944878819984, 0.0]",3.282999504891841e-15,1558.539500808713,0,0.0
closed_loop,robot_arm,250,8,"[-0.2949586481694995, -0.016393468424458754, 1.1815657784119058, 18.521157755500194, 0.0]","[-0.29485786919919066, -0.01638660021958437, 1.1789341161146523, 18.518335363919935, 0.0]",5.190583327864028e-15,1557.7851658055351,0,0.0
closed_loop,robot_arm,250,9,"[-0.31934124707222644, -0.017231735871317256, 1.5048792084374778, 19.60185142720522, 0.0]","[-0.3193043112803689, -0.017229028021908746, 1.5042010343146361, 19.60020940052208, 0.0]",7.853423289400393e-15,1557.1617725803246,0,0.0
closed_loop,robot_arm,250,10,"[-0.23462453215016682, -0.013664321022476698, 1.5369418538722293, 13.871971133901827, 0.0]","[-0.23467512868927679, -0.013666798460336834, 1.5375844294370642, 13.875209693953341, 0.0]",3.793196548100778e-15,1556.709304985597,0,0.0
closed_loop,robot_arm,250,11,"[-0.36326766852332454, -0.017682696434112664, 3.3748134225935953, 18.48651139048545, 0.0]","[-0.3631049631807293, -0.01767646850167186, 3.373149640991181, 18.478856088307698, 0.0]",3.843895744324284e-15,1556.7567655820105,0,4.269516001520479e-06
closed_loop,robot_arm,250,12,"[-0.29635546401875434, -0.014288521114524359, 2.791147683689478, 15.01181054740688, 0.0]","[-0.2964000266450445, -0.014290730548294958, 2.791532442414477, 15.01448576324023, 0.0]",3.0870178518196664e-15,1555.9367369291383,0,0.0
closed_loop,robot_arm,250,13,"[-0.23840250103626856, -0.012391353280674932, 2.246502944151377, 12.198436063209199, 0.0]","[-0.23839633578657138, -0.012391027473421513, 2.2464271433851786, 12.198143430340245, 0.0]",4.2126504679161295e-15,1553.1954669766394,0,0.0
closed_loop,robot_arm,250,14,"[-0.13058253641264728, -0.007339193645091658, 1.2279392046203503, 6.474325884266908, 0.0]","[-0.13057324446303006, -0.007338956376392758, 1.2279596138169877, 6.473688848665212, 0.0]",4.06874919656334e-15,1551.6643806576583,0,0.0
closed_loop,robot_arm,250,15,"[-0.03781057448728317, -0.0022799688653637384, 0.32545290189672, 1.6529995919125733, 0.0]","[-0.03781743986291561, -0.0022803304331674976, 0.3255089058403644, 1.6534761614806748, 0.0]",4.5192930349332635e-15,1550.8042019660365,0,0.0
closed_loop,robot_arm,250,16,"[-0.0405679556033545, -0.0025477517129489694, 0.36910367416850676, 2.0136712156065646, 0.0]","[-0.04056889268809723, -0.00254776180990884, 0.36909884530861253, 2.0137235613942894, 0.0]",4.224961311023714e-15,1550.5272920894581,0,0.0
closed_loop,robot_arm,250,17,"[-0.007510673802325061, -0.0005538790415784135, 0.04408847124446632, 0.08461514556574823, 0.0]","[-0.00751183945984331, -0.0005539261924729138, 0.044088824723390985, 0.08468450022863204, 0.0]",4.851364770737992e-15,1550.2626851646173,0,0.0
closed_loop,robot_arm,250,18,"[-0.0029993684408477434, -0.0002931722984890148, 0.0033739486612359058, -0.029106358571179762, 0.0]","[-0.0029983755033208973, -0.00029316842530171226, 0.003368460974204901, -0.029199206570886, 0.0]",4.8331630038597435e-15,1550.1753301585536,0,0.0
closed_loop,robot_arm,250,19,"[-0.0008109596403746883, -0.00012830097585089583, -0.03736892851932482, -0.31021688283315874, 0.0]","[-0.0008115178571100082, -0.0001283205275446668, -0.037361348618761524, -0.31016566381807115, 0.0]",3.3677478628048122e-15,1550.123207358802,0,0.0
closed_loop,robot_arm,250,20,"[-0.004458980920978627, -0.0004147454455963419, -0.03599633564522623, -0.24956911337256404, 0.0]","[-0.004463039402549328, -0.000414913704625243, -0.03596351676815446, -0.24929622082963776, 0.0]",7.38610696898402e-15,1548.2738061548164,0,8.139888425739983e-06
closed_loop,robot_arm,250,21,"[-0.0028582607243197835, -0.0003008066594206757, -0.029903348838126096, -0.3211009383766712, 0.0]","[-0.0028581495353553104, -0.00030081966394281866, -0.029892944168004806, -0.321136226503155, 0.0]",4.9125591221814825e-15,1550.0652606019914,0,0.0
closed_loop,robot_arm,250,22,"[-0.0007749844274732008, -0.00011078848209564594, -0.03520866203594534, -0.1822560351690982, 0.0]","[-0.0007751258402149448, -0.0001108180233350844, -0.03519550804621877, -0.1822599430069199, 0.0]",7.889448671382232e-15,1550.0074891614609,0,0.0
closed_loop,robot_arm,250,23,"[-0.0003554214205188802, -6.152212807944284e-05, -0.011091333883296322, -0.02783043123769508, 0.0]","[-0.00035529609064604715, -6.151066233928413e-05, -0.011092109413217378, -0.027841077449584514, 0.0]",6.924485827107547e-15,1549.986492712543,0,0.0
closed_loop,robot_arm,250,24,"[-0.0018348972818712775, -0.00029939270251857483, -0.05527507672413196, -0.8908902455879799, 0.0]","[-0.001837104296212725, -0.00029940111961217723, -0.055261741487262137, -0.8907069708269477, 0.0]",7.292760008970476e-15,1549.7964863932036,0,1.4730038258137235e-05
closed_loop,robot_arm,250,25,"[-0.0014957506055511929, -0.00019443730133538315, -0.09588709700498031, -0.615597831510733, 0.0]","[-0.001497576218790594, -0.00019447798585194863, -0.09586658996330669, -0.6154667931540951, 0.0]",6.880530557805721e-15,1549.2782704411636,0,5.431620266893589e-06
closed_loop,robot_arm,250,26,"[-0.0024777002195870606, -0.00038539631734835016, -0.05540101028201776, -0.5305644882437881, 0.0]","[-0.0024810964657588507, -0.0003854267102063056, -0.05539492785855633, -0.530397988162549, 0.0]",5.2236400561243246e-15,1549.637200232739,0,1.3421042526995386e-05
closed_loop,robot_arm,250,27,"[-0.001101604358658231, -0.0001710674954545177, -0.05587481700312236, -0.47076640938518505, 0.0]","[-0.0011035296336313657, -0.00017118320595480556, -0.05585711572527783, -0.47065339299866965, 0.0]",6.92228418466205e-15,1549.336949386047,0,1.4248201857580689e-05
closed_loop,robot_arm,250,28,"[-0.0003781184285109936, -7.954744641073556e-05, -0.02064666125093779, -0.16546215605873935, 0.0]","[-0.0003782137499030084, -7.953048818310763e-05, -0.02064381154983369, -0.1654724915163907, 0.0]",1.4271433403709277e-14,1549.9789345687216,0,0.0
closed_loop,robot_arm,250,29,"[-0.0009678522154684707, -0.0001612516811320786, -0.05594591725670442, -0.5254627861767911, 0.0]","[-0.0009679378941803853, -0.00016123267403706746, -0.05594861330734815, -0.5254620301177503, 0.0]",8.541296896993303e-15,1549.987435930337,0,0.0
closed_loop,robot_arm,250,30,"[-0.000854300621428771, -0.00013846275968645234, -0.03694371291245855, -0.26405419958644794, 0.0]","[-0.000854948459689801, -0.00013883685986998073, -0.0369823937332372, -0.2638248775674942, 0.0]",9.737519863935747e-15,1549.655640828609,0,1.3823985952288176e-05
closed_loop,robot_arm,250,31,"[-0.00015278819648120658, -4.040089554895149e-05, -0.009381705951162351, -0.08989055737114914, 0.0]","[-0.00015381821457057502, -4.0443330450013116e-05, -0.009338217951902938, -0.0898751550850956, 0.0]",9.733422480911201e-15,1549.9745711849516,0,1.717121531419341e-05
closed_loop,robot_arm,250,32,"[-0.0009108966447943229, -0.00022154617169487762, -0.025569636724496966, -0.2858608299934666, 0.0]","[-0.0009111668841444984, -0.0002215379492751656, -0.025561987501174256, -0.2858809127793793, 0.0]",5.493301287339069e-15,1550.0213418312628,0,0.0
closed_loop,robot_arm,250,33,"[-0.001017938353698189, -0.00012278064398179762, -0.031697128010440306, -0.22929187107539475, 0.0]","[-0.001020765480510473, -0.00012294690683322125, -0.031615243882646485, -0.22922382727772178, 0.0]",5.560923505291352e-15,1548.7608788439036,0,4.4327868893301314e-06
closed_loop,robot_arm,250,34,"[-0.0001534290341215262, -4.46668582770669e-05, -0.019691955708974574, -0.019884884198877708, 0.0]","[-0.0001534581423881361, -4.4663187478558464e-05, -0.019693066590601147, -0.01988846439691802, 0.0]",8.022313375856855e-15,1549.9810672785193,0,0.0
closed_loop,robot_arm,250,35,"[-0.00019301755627389253, -0.00010281033538926774, -0.008068580812936852, -0.14458989859388374, 0.0]","[-0.0001942428139983746, -0.00010289462628803469, -0.008035259908377966, -0.14455894473447622, 0.0]",8.929339142254801e-15,1549.9900967941073,0,3.718594464574565e-06
closed_loop,robot_arm,250,36,"[-0.0011807526742552315, -0.00011000807517834831, -0.02812489883691289, -0.19775143831254877, 0.0]","[-0.0011838118015238372, -0.00011023754546523739, -0.028042932590551697, -0.19762089113372705, 0.0]",1.0086866220707415e-14,1549.504494579101,0,1.963113535219385e-05
closed_loop,robot_arm,250,37,"[-0.00234523837672416, -0.000241618878986907, -0.12410808677973707, -0.9095324833881118, 0.0]","[-0.0023454609116400314, -0.0002416623273249362, -0.12410420959146687, -0.9095442300969484, 0.0]",9.72905572834435e-15,1550.0650005235923,0,0.0
closed_loop,robot_arm,250,38,"[-0.00227742138931772, -0.00029149983751637734, -0.07588101865660443, -0.5147420419809116, 0.0]","[-0.0022836364061048185, -0.0002915978440916697, -0.07582035095560065, -0.514503743768238, 0.0]",4.380510472726017e-15,1702.175824879715,0,3.8999693690033865e-06
closed_loop,robot_arm,250,39,"[-0.0007526460665128404, -0.00014698238311071441, -0.028124052616919294, -0.21689875070079123, 0.0]","[-0.0007528316839137048, -0.00014697987417964227, -0.028115788425131863, -0.2169072610500428, 0.0]",5.8384169116107424e-15,1549.9797896176483,0,0.0
closed_loop,robot_arm,250,40,"[-0.0016406080666091188, -0.0002439219754780465, -0.06185513630092862, -0.5009590809919247, 0.0]","[-0.0016416392044106816, -0.00024392589894067638, -0.06184272632806905, -0.5009359223524505, 0.0]",6.9462911628873304e-15,1550.0760501267432,0,1.0959178408653791e-05
closed_loop,robot_arm,250,41,"[-0.001285789958631377, -0.000129521983743362, -0.018999266906358173, -0.17817725480141094, 0.0]","[-0.0012877113751446035, -0.00012962780445578733, -0.01895766422221543, -0.1781039211631611, 0.0]",1.4025139420125133e-14,1546.665161911757,0,1.9310620977264215e-05
closed_loop,robot_arm,250,42,"[-0.00036530237901342695, -7.348019822385216e-05, -0.01110990744459122, -0.1273712018969947, 0.0]","[-0.0003651156934150012, -7.346734313901637e-05, -0.011105860329927822, -0.12737691146798674, 0.0]",1.62479268926812e-14,1550.0218800993946,0,0.0
closed_loop,robot_arm,250,43,"[-8.63132437312443e-05, -2.1129242404094258e-05, -0.005983053723194001, -0.016172753337671646, 0.0]","[-8.634625135318806e-05, -2.112914875965409e-05, -0.005982887685960924, -0.016174454900935643, 0.0]",4.880775175418951e-15,1549.9585219977168,0,0.0
closed_loop,robot_arm,250,44,"[-0.0016606451644286934, -0.00015965020713026764, -0.03225512421862943, -0.3400680885650448, 0.0]","[-0.0016638185853586624, -0.00015982891822500353, -0.032238606124726996, -0.33988486930578826, 0.0]",4.672441075964974e-15,1548.4291532225998,0,6.5019550588019115e-06
closed_loop,robot_arm,250,45,"[-0.0008347692760800672, -0.00010632291137404552, -0.023172517521363404, -0.22023043413203122, 0.0]","[-0.0008348190589354607, -0.00010633717914940028, -0.023167999169308513, -0.22023549822678787, 0.0]",6.302940994732776e-15,1549.9655117059374,0,0.0
closed_loop,robot_arm,250,46,"[-0.0004719519851755277, -0.00011137603164060986, -0.031362488634380375, -0.25323668882823697, 0.0]","[-0.0004720009989135749, -0.00011136213496473569, -0.03136822662934045, -0.25322758857798777, 0.0]",6.843258067395464e-15,1550.0176555402238,0,0.0
closed_loop,robot_arm,250,47,"[-0.0009614494354974269, -0.00014814776721840074, -0.02673932882350862, -0.16899547992448213, 0.0]","[-0.0009615618160486588, -0.00014816650734451422, -0.026743838901950652, -0.16899683023832937, 0.0]",6.669582847459969e-15,1550.0032373718243,0,0.0
closed_loop,robot_arm,250,48,"[-0.0011827841041818165, -0.00016590557204118297, -0.04033858010256591, -0.5210672416198655, 0.0]","[-0.001184688460298647, -0.00016598226193836478, -0.040339350087674836, -0.5209430661704069, 0.0]",6.256642110008628e-15,1549.8652558086133,0,3.6966311706132515e-06
closed_loop,robot_arm,250,49,"[-0.00011433497547249058, -5.277788475108488e-05, 0.0034048904880985887, -0.019341041408956896, 0.0]","[-0.00011441400614159792, -5.27865194727987e-05, 0.003401093839392153, -0.01934834163076111, 0.0]",1.1929899276300183e-14,1549.9406295517315,0,0.0
closed_loop,robot_arm,500,0,"[2.310260705706137, -0.30401873373836225, -0.527441503300542, 9.489473970894846, 0.9983373000903314]","[2.309540241769759, -0.3044581721228594, -0.5236564796607607, 9.834071850347538, 1.032738498071265]",4.418464679036048e-15,2150.649833979062,0,0.0007115740959477146
closed_loop,robot_arm,500,1,"[2.410076950278009, -0.35156546657633214, 0.40986937537722135, 18.86972364853057, 1.9410419613991032]","[2.3843698083688074, -0.342391134943272, 0.418158747019228, 18.897754029900582, 1.970368970119464]",5.843715932460484e-15,2141.15989428608,0,0.0005034939309265241
closed_loop,robot_arm,500,2,"[2.0726904008402602, -0.3030008216779801, 0.952814551857957, 16.358569414253747, 0.0]","[2.0745095724650624, -0.3031274562349497, 0.9456630219459224, 16.342271836564894, 0.0]",5.994481101235895e-15,2165.109623121751,1,0.0005034939309265241
closed_loop,robot_arm,500,3,"[1.8632472895046035, -0.2910551713300524, 1.8513099310335983, 19.83216951708779, 0.0]","[1.86312960986722, -0.2910386073438676, 1.850900153375527, 19.833708584255316, 0.0]",5.315722077053551e-15,2180.8587040544376,1,0.0005034939309265241
closed_loop,robot_arm,500,4,"[2.5237247991718097, -0.35647930529349414, -0.02726685646800034, 18.01290837367557, 0.0]","[2.522290876966238, -0.3564063615476054, -0.019993223090897558, 18.031252125950825, 0.0]",5.301175409651155e-15,2187.668123259762,1,0.0005034939309265241
closed_loop,robot_arm,500,5,"[1.9140552874399277, -0.2947100327776842, 1.6508216787192131, 18.447429364047174, 0.0]","[1.9139736194205115, -0.29471054107170797, 1.6515313501605908, 18.449293330006014, 0.0]",6.9712502138730915e-15,2189.008032182413,1,0.0005034939309265241
closed_loop,robot_arm,500,6,"[2.1711900946661093, -0.31957049117778774, 0.8338743068497282, 18.443634784881574, 0.0]","[2.1712154154430574, -0.31957620869914455, 0.8340031458273129, 18.444179794119577, 0.0]",6.9858197256859e-15,2187.9802824258218,0,0.0
closed_loop,robot_arm,500,7,"[-0.8990215582503851, -0.060314252853492234, 10.230744550069428, 33.49194269621942, 0.0]","[-0.8990976810650958, -0.06032270641754779, 10.231919222472467, 33.49482922969987, 0.0]",5.284451505060531e-15,2186.9547809529236,0,0.0
closed_loop,robot_arm,500,8,"[-0.6600554882442764, -0.05279064559145498, 8.640848911188392, 24.521928000342935, 0.0]","[-0.6599093785747085, -0.052779235363602045, 8.639098160500152, 24.515731239262514, 0.0]",4.052420832871546e-15,2185.9521161889706,0,0.0
closed_loop,robot_arm,500,9,"[-0.5864577385961108, -0.029113524537373293, 5.517965264502845, 24.95289578734233, 0.0]","[-0.586479083760181, -0.029113807786927324, 5.51804031200511, 24.954119732140292, 0.0]",4.046053254058313e-15,2185.20322774722,0,0.0
closed_loop,robot_arm,500,10,"[-0.5337615942439147, -0.02013247454674242, 4.026832437806712, 24.880785250099436, 0.0]","[-0.5337765225025359, -0.02013392517671643, 4.027091348760894, 24.88116474652543, 0.0]",6.1540024914358205e-15,2184.7891410675334,0,0.0
closed_loop,robot_arm,500,11,"[-0.544801957010308, -0.023060231926619296, 4.545405684125942, 24.49481217644441, 0.0]","[-0.5447608996874568, -0.023059629685587214, 4.545186640462135, 24.49282841308883, 0.0]",6.885556307183928e-15,2184.319448281307,0,0.0
closed_loop,robot_arm,500,12,"[-0.5760772525639773, -0.022088596539794652, 4.483073155426402, 26.33501933386632, 0.0]","[-0.5760048678628136, -0.022088449724646967, 4.482805632350828, 26.331331813308513, 0.0]",5.441705962103294e-15,2183.9362457865877,0,0.0
closed_loop,robot_arm,500,13,"[-0.28055831028529754, -0.010286527443375567, 1.9457746003459047, 11.69127308657965, 0.0]","[-0.280587211558279, -0.010286857438468694, 1.9459406872523273, 11.692853552858223, 0.0]",5.287756645751502e-15,2180.124385811672,0,0.0
closed_loop,robot_arm,500,14,"[-0.12116648651721673, -0.0033361311762634947, 0.7520868463977807, 5.072547481756762, 0.0]","[-0.1211770692324987, -0.003336530735760354, 0.7521843682029139, 5.073090067450406, 0.0]",7.259870872050724e-15,2177.8991145997334,0,0.0
closed_loop,robot_arm,500,15,"[-0.08660062879389382, -0.002248122388154767, 0.4515697430395493, 3.42741041145501, 0.0]","[-0.08660343324727722, -0.0022484494666457503, 0.4516171721235642, 3.427504887759407, 0.0]",1.7881524679481553e-14,2176.8272233865064,0,0.0
closed_loop,robot_arm,500,16,"[-0.024400933406469347, -0.0006975852134294944, 0.10894298718856128, 0.834007962209394, 0.0]","[-0.024403202320779895, -0.000697631529647318, 0.10895706274338826, 0.834194626335489, 0.0]",8.54675255930255e-15,2175.699034751024,0,3.3847333635872445e-07
closed_loop,robot_arm,500,17,"[0.0015117295240167621, -1.3130840074603757e-05, -0.08151235613719808, -0.9359738590532191, 0.0]","[0.0015179075567267836, -1.2661265533957162e-05, -0.08158459383183386, -0.9361800767154381, 0.0]",7.344940618211818e-15,2175.4643774439446,0,2.706000655883223e-06
closed_loop,robot_arm,500,18,"[-0.009801935923188633, -0.00047311507276909335, -0.049293677266798, -0.8602601455077771, 0.0]","[-0.009805505243643469, -0.00047300183778868556, -0.04930720398483239, -0.8599174701445036, 0.0]",1.293055035465228e-14,2175.637732312225,0,2.3010066254824935e-05
closed_loop,robot_arm,500,19,"[0.00981429532020324, 0.00021518592160265222, -0.14858339115727165, -1.476839098097509, 0.0]","[0.009813078064835924, 0.00021527099035983414, -0.14858927187049012, -1.4767570854374072, 0.0]",1.3023667806032639e-14,2175.636826946818,0,0.0
closed_loop,robot_arm,500,20,"[0.003002657197666489, 4.0391473116148757e-05, -0.0426206583075891, -0.6229773915188965, 0.0]","[0.0030026495364737517, 4.034411832378973e-05, -0.04261532117161566, -0.6229807268990826, 0.0]",5.516218906032223e-15,2175.298721777595,0,0.0
closed_loop,robot_arm,500,21,"[-0.0009081746775002793, -0.00015206255696884025, -0.007675623223089272, -0.2615807193535222, 0.0]","[-0.0009092375905753838, -0.0001520773042823425, -0.007661949268916679, -0.26135101488907864, 0.0]",6.5670351868109395e-15,2167.149039284599,0,1.2937518959921235e-05
closed_loop,robot_arm,500,22,"[0.0012739489845786736, 1.4696401311082404e-05, -0.03449917774339926, -0.365844773927266, 0.0]","[0.0012738188770509613, 1.474021016587996e-05, -0.03450079373152843, -0.3658323133017565, 0.0]",1.4666833607728e-14,2175.24719081848,0,0.0
closed_loop,robot_arm,500,23,"[0.00038100910445257644, 5.672682809748449e-07, -0.006176026623709314, -0.04004281908658245, 0.0]","[0.00038092347936842535, 5.691988910860988e-07, -0.0061769299180363365, -0.04004023193276415, 0.0]",7.7720603323353e-15,2175.3095735845714,0,0.0
closed_loop,robot_arm,500,24,"[0.0001416633745733821, -2.3165260612750157e-06, -0.0013292795533743817, -0.0016316076712426042, 0.0]","[0.00014160976009860006, -2.319617547511022e-06, -0.0013292739248457733, -0.0016308914084555738, 0.0]",7.001772257447742e-15,2175.2131846526595,0,0.0
closed_loop,robot_arm,500,25,"[-0.00264655319788126, -0.0005304145394869855, -0.03594029910091239, -1.099666997455351, 0.0]","[-0.002652871226041826, -0.0005307979625537375, -0.03586426637066228, -1.0994208112846213, 0.0]",9.126337553882727e-15,2174.4160379764985,0,9.887796098673185e-06
closed_loop,robot_arm,500,26,"[-0.0009329260661295232, -0.00031365838854715514, -0.008254943942634957, -0.628890571787299, 0.0]","[-0.0009338123039706841, -0.0003137500982955806, -0.008254590956097567, -0.628711544011199, 0.0]",1.1662788722438693e-14,2174.7745766868206,0,5.867456367436574e-07
closed_loop,robot_arm,500,27,"[-0.0008058969559925225, -0.00018721958695286264, -0.012703069243999493, -0.37958427038294495, 0.0]","[-0.0008060986089710811, -0.00018723588858768743, -0.012703064693431639, -0.37959055654481266, 0.0]",8.877598750489767e-15,2175.349162654295,0,0.0
closed_loop,robot_arm,500,28,"[-0.0009852258329641434, -0.0004088968754800448, -0.013869966105408839, -0.7839538246763029, 0.0]","[-0.0009850412751334274, -0.00040889523279718127, -0.01386716169452487, -0.7839588335622939, 0.0]",7.54969425660253e-15,2175.2022819929384,0,0.0
closed_loop,robot_arm,500,29,"[-0.000980346666160719, -0.00015302243998035055, -0.018895382163883104, -0.3485492755555849, 0.0]","[-0.0009803965072706698, -0.00015299672807387113, -0.01890165035826052, -0.34854991800116775, 0.0]",1.1962770045818143e-14,2175.187198201878,0,0.0
closed_loop,robot_arm,500,30,"[-0.004078484744479676, -0.0007087029070153195, -0.024166381416511194, -1.1807974740840492, 0.0]","[-0.004082419372747279, -0.0007088237331303594, -0.02415586109062503, -1.1804832433247765, 0.0]",7.268935480086676e-15,2168.7215516185083,0,1.8865803474543696e-05
closed_loop,robot_arm,500,31,"[-0.0008365936050593811, -0.0002963085045212764, -0.014327043746506417, -0.61815367517345, 0.0]","[-0.0008368978939487184, -0.00029633054480803997, -0.014327539033600546, -0.6181478746026817, 0.0]",9.653345726525433e-15,2175.2235785103267,0,0.0
closed_loop,robot_arm,500,32,"[-0.0016838593690844917, -0.00019855699008971617, -0.008344811746261352, -0.1809511923585965, 0.0]","[-0.0016857010291316155, -0.00019864286944733093, -0.008335467730316296, -0.18081192447309907, 0.0]",8.868211418353014e-15,2171.42821280493,0,7.934951859023265e-06
closed_loop,robot_arm,500,33,"[-0.001486103164337867, -0.0001612771324953173, -0.021758600374623304, -0.2555305336277548, 0.0]","[-0.0014864131931670627, -0.00016127590955882382, -0.021756020921354802, -0.25551783735136885, 0.0]",8.170706380382207e-15,2175.249143347949,0,0.0
closed_loop,robot_arm,500,34,"[-0.0004520642544401368, -0.00015800734054808717, -0.00785066354537646, -0.13851408595448325, 0.0]","[-0.00045242153822783464, -0.000158022316050216, -0.007851080863260503, -0.13851187777046411, 0.0]",9.868794249059866e-15,2175.179172622493,0,0.0
closed_loop,robot_arm,500,35,"[-0.004968165860866592, -0.0011270575180199404, -0.021668404365855716, -1.3825088690742775, 0.0]","[-0.004976562148198522, -0.0011278017134198238, -0.021565330618383217, -1.3821079142657653, 0.0]",6.17066288457487e-15,2170.523880345419,0,1.3338685394770344e-05
closed_loop,robot_arm,500,36,"[-0.0036000635078904126, -0.0005806458303094307, -0.050257247939704854, -1.2292777712852054, 0.0]","[-0.0036031983205519298, -0.0005807587776222647, -0.05024485098575106, -1.2290561315687811, 0.0]",1.2446575512384217e-14,2172.344859752512,0,1.6710875011538562e-05
closed_loop,robot_arm,500,37,"[-0.0011627313150469126, -0.000507565612373886, -0.004766925949341352, -0.6769848009592914, 0.0]","[-0.001162692634843319, -0.0005075866678030884, -0.004766071201091071, -0.6769792713944714, 0.0]",5.702139381970137e-15,2175.2448665197426,0,0.0
closed_loop,robot_arm,500,38,"[-0.0021290041497751032, -0.00044052585760260567, -0.022627167104118794, -0.8384824120771233, 0.0]","[-0.002130121027875877, -0.00044055494398760034, -0.022621714780592796, -0.8383655254621973, 0.0]",1.1531588721954873e-14,2174.134675701471,0,1.4244769378946032e-05
closed_loop,robot_arm,500,39,"[-0.0010605271841245074, -0.0003080597980835455, -0.0109970623238975, -0.6201227169297061, 0.0]","[-0.001060650218041817, -0.00030808239982551514, -0.010996799877197648, -0.6201289014708158, 0.0]",7.0691771769793474e-15,2175.2157550441484,0,0.0
closed_loop,robot_arm,500,40,"[-0.0001590218470828103, -3.6104777074890144e-05, -0.0012228955277313082, -0.026034933680755934, 0.0]","[-0.00015901442287264716, -3.610367277280172e-05, -0.0012229835710403584, -0.02603344201082941, 0.0]",6.4102343079548434e-15,2175.1178058034457,0,0.0
closed_loop,robot_arm,500,41,"[-0.001130484746690577, -0.00015776992220762758, -0.010588448844116784, -0.23279703962976256, 0.0]","[-0.0011316271859654855, -0.0001578021710080982, -0.010587110487524014, -0.23266488866239116, 0.0]",1.4180308208099587e-14,2174.0050173817003,0,1.7761755706224847e-05
closed_loop,robot_arm,500,42,"[-0.0039705431854521, -0.0004747367760517776, -0.038060638058429574, -0.6989689487145246, 0.0]","[-0.003977213289118264, -0.00047493881786036054, -0.03805985504200571, -0.6984110599152514, 0.0]",8.732976230428677e-15,2172.3144969172267,0,1.0410326102605616e-05
closed_loop,robot_arm,500,43,"[-0.0013472473371086318, -0.00048671948611199445, -0.012151855243085298, -0.6415388826789505, 0.0]","[-0.001347139783490065, -0.00048673122515914346, -0.012152043846538112, -0.6415467766361773, 0.0]",7.978638098958365e-15,2175.2929310019076,0,0.0
closed_loop,robot_arm,500,44,"[-0.004093711117828301, -0.001041065282778799, -0.047447690904939444, -2.003336913964058, 0.0]","[-0.004101495870523307, -0.0010413003424872996, -0.04732846280294773, -2.003056301419764, 0.0]",9.33376912452208e-15,2171.186266912218,0,1.4803263744478379e-05
closed_loop,robot_arm,500,45,"[-0.0033696756983331135, -0.0007190559827092986, -0.04741136119763379, -1.1638349431391413, 0.0]","[-0.0033720000271439355, -0.0007191405841998606, -0.04738902058983375, -1.1637314298283152, 0.0]",1.3604887961537596e-14,2173.105533211697,0,1.8646280593004327e-05
closed_loop,robot_arm,500,46,"[-0.001728247604107781, -0.0003449788379768012, -0.04150083133998326, -1.0200872251304955, 0.0]","[-0.0017294774851558726, -0.00034499032699192127, -0.04148284589360393, -1.0200763616047561, 0.0]",6.333904003811247e-15,2174.548811719567,0,3.6938565526334344e-06
closed_loop,robot_arm,500,47,"[-0.001556537017022029, -0.0001329796394280873, -0.01413976885659975, -0.18781267204799817, 0.0]","[-0.001561564734178329, -0.00013321891015916524, -0.014069440441602825, -0.18766680448282044, 0.0]",8.358354905137488e-15,2174.387691589192,0,9.977344620493156e-06
closed_loop,robot_arm,500,48,"[-0.0007392077039166334, -0.00011004393906769309, -0.01841603408261375, -0.13785880117205213, 0.0]","[-0.0007396826749018583, -0.0001100548413174963, -0.01841841094541047, -0.1378629012506529, 0.0]",9.429916368521058e-15,2170.14992807976,0,4.912234815579453e-06
closed_loop,robot_arm,500,49,"[-0.0017860625536778984, -0.00023085912756068508, -0.032491713969250574, -0.6042519154082845, 0.0]","[-0.0017879791167631812, -0.000231003570307159, -0.03246773028916296, -0.6041752650644867, 0.0]",1.2588754916299442e-14,2174.1626966547815,0,1.822380780802657e-05
