protocol,task,epoch,sample,loss,violation,gradient,reference_gradient
open_loop,cartpole,0,0,1.3661244270072408,4.742674569513383e-05,"[0.19404764043275122, -1.5867909947464385, 1.8081549491722193, 1.2106777104273343, -0.000691627214683195]","[0.19395920325290106, -1.5870229872231971, 1.8077830002652822, 1.2106958227082505, -2.86309234944655e-16]"
open_loop,cartpole,0,1,0.21065469206768356,0.0,"[0.007894266634494785, -0.7760465164498802, 0.47822905590928283, -0.30483836187567265, 3.058784753189528]","[0.007912097718125583, -0.7766481331526903, 0.4784388497575393, -0.3053897105265521, 3.0621109168350222]"
open_loop,cartpole,0,2,3.6719146884219898,2.1376719914201203e-05,"[0.1375163771990334, -3.6832934932264867, 5.637396384631117, 2.7610051363708012, -0.002265495334931089]","[0.13754141696609054, -3.684109419083653, 5.637956993424916, 2.7601870172879104, -4.405815550017684e-16]"
open_loop,cartpole,0,3,15.468951247829496,0.0,"[13.45105057574268, -19.48831353305983, 34.96021902817676, 2.5247413394851566, 13.48221177952206]","[13.452146041737514, -19.489652101085635, 34.96126769659569, 2.524578953700187, 13.482168863702736]"
open_loop,cartpole,0,4,3.6589269117928707,7.5236797201228e-05,"[-1.8802614299624532, -2.7896000462568464, -3.560240514971081, 4.3526852345470095, -0.0020554523738564633]","[-1.8805243704432342, -2.790311794153185, -3.560987853439697, 4.351379471762715, -4.1969921798558506e-17]"
open_loop,cartpole,0,5,15.148871383860401,5.862884975726956e-06,"[8.3721900391306, -16.958503966350435, 30.346852855152832, 7.86394927575927, -0.00414144506010139]","[8.372752613435287, -16.959677900339866, 30.349400501543588, 7.86280379947165, -1.4305347890155634e-15]"
open_loop,cartpole,0,6,5.291127214566065,1.3483890072052418e-05,"[4.194693900938661, -7.089798545388323, 3.866427177940929, 4.253695077798356, -0.0031563682659297987]","[4.19612180886515, -7.092004294804632, 3.867776129069058, 4.2538891876919935, 7.57670303253711e-16]"
open_loop,cartpole,0,7,17.37986615877045,0.0,"[2.3415937636609785, -13.5800968820068, 22.407564466037254, 11.186393483816195, -6.840175851794275]","[2.34100633631829, -13.577760412924098, 22.404979848769948, 11.186570328715554, -6.846763783974909]"
open_loop,cartpole,0,8,22.045998305971676,0.00010113916387410882,"[0.002106515830011578, -30.779830529040343, -7.4794585338846264, 31.98264512144904, -0.00667563065858523]","[0.0020845957967604942, -30.78314395277003, -7.479743859112521, 31.977534919913612, -2.7334439183609602e-15]"
open_loop,cartpole,0,9,6.876508791307778,0.0,"[2.345578414371913, -11.260863888426877, 27.244670486164356, -1.2218417602333163, 21.59546802320925]","[2.3456769428330477, -11.261110272978083, 27.245343677553432, -1.2216822621528343, 21.5949298146317]"
open_loop,cartpole,0,10,2.2504551416364995,0.0,"[-0.9012500234801323, 0.006269496620264117, 0.4391009708646824, 0.08671362197988954, 0.9926012548099415]","[-0.9011830681508868, 0.006270123598461083, 0.43912086861288596, 0.08673187245953298, 0.9931769807671916]"
open_loop,cartpole,0,11,0.5169426044236057,0.0005016048247625804,"[0.1614120095365334, -0.07409090423031421, 1.2402631775104438, -0.19850825000249173, -0.0024132784208812375]","[0.1615155050485506, -0.0742381205552387, 1.2404602917006597, -0.20126587917767147, 1.366393271771015e-16]"
open_loop,cartpole,0,12,72.98292532328347,3.862245279151466e-06,"[11.392926621187366, -69.96092752289317, -11.442413768422725, 65.69518480655316, -0.022036669105335527]","[11.394190264115482, -69.96545679932, -11.443473092889977, 65.69077813618924, 2.30404995119398e-15]"
open_loop,cartpole,0,13,9.824463301834204,0.0,"[7.936337417894036, -21.02491633863526, 15.088685816800735, 1.465762375816425, 39.623597747414784]","[7.93740819418245, -21.025710315396385, 15.088875082386911, 1.464896766842658, 39.626398204275894]"
open_loop,cartpole,0,14,9.308667427184702,0.0,"[5.378099498926969, -13.743533351824645, 32.36072834971477, -0.6035913104662284, 19.935563757049653]","[5.377932895712078, -13.74215653731008, 32.35917210403562, -0.6031966187772481, 19.934534909591726]"
open_loop,cartpole,0,15,22.50602772312955,9.933633774039663e-05,"[5.089533775128159, -34.46981045403558, -7.680714288335364, 32.966157167042255, -0.006321724233616877]","[5.08948974285744, -34.47225955131853, -7.6806708204668395, 32.959448772112175, 1.0076570130930006e-15]"
open_loop,cartpole,0,16,24.357250225652244,0.0,"[4.636028342161095, -11.029108083537984, 42.27278009666881, 12.472618012190066, -31.47934055689241]","[4.634800748216083, -11.028483501319357, 42.26850677080265, 12.47527033230268, -31.48523942105317]"
open_loop,cartpole,0,17,0.05615106642694952,2.1326472463556456e-05,"[-0.0003094179185587037, -0.008259411433465084, -0.10391855745898071, 0.024981195176511553, -0.0005282207196321692]","[-0.0002941811963558408, -0.008292261303045216, -0.10359207318573951, 0.02420900032581853, -1.542954191530661e-17]"
open_loop,cartpole,0,18,0.029372205106809865,3.2758604689320237e-05,"[-0.007298945445299594, -0.006951898444248097, -0.050511102660311835, 0.018827353516250603, -1.6509138084866276e-05]","[-0.007295752801675941, -0.00697842177814841, -0.050504745429382235, 0.018602872963140008, 4.426046858720747e-18]"
open_loop,cartpole,0,19,24.09187416286328,0.0,"[8.469731867067834, -12.247436132925907, 36.20964333900853, 13.02508382229115, -32.93431582183453]","[8.47012175255216, -12.246170770598468, 36.209996331572114, 13.025529909431725, -32.941935360067795]"
open_loop,cartpole,0,20,73.89814862457212,9.097627173559886e-05,"[3.64115545273151, -91.75216130248043, -42.201314677075636, 96.40501337259155, -0.024064659833403113]","[3.6414051837631627, -91.75874557658277, -42.19920328388035, 96.38231240412063, -2.6064436090589686e-15]"
open_loop,cartpole,0,21,6.785923365771272,0.0,"[4.291571288261055, -4.482019127327166, 16.397851001856562, -2.851959974043822, 7.714005714425736]","[4.290672903468641, -4.4823927133280135, 16.397647317371323, -2.851731848138356, 7.714769337574471]"
open_loop,cartpole,0,22,6.534862056507792,0.0,"[0.16995574671741132, -5.495601633662468, 9.261607975160977, -0.19868054631447898, 12.7940079614638]","[0.16996369395335645, -5.495531160382389, 9.262333110123022, -0.19748260267195747, 12.790240202002543]"
open_loop,cartpole,0,23,10.802023803174418,0.0,"[6.622973696075056, -10.139939150597959, 33.50810092192171, -0.7353672343534554, 6.773150786285061]","[6.622515513176514, -10.13732657486761, 33.50479161630262, -0.7341794120002347, 6.773067096290469]"
open_loop,cartpole,0,24,11.35844891882013,8.970862197088536e-06,"[1.453797460777996, -10.54488185385833, 12.566601891591645, 7.87402509008835, -0.0021143272272710067]","[1.4544139456628296, -10.547380874142231, 12.569405567359292, 7.872772695329852, -6.716022869396077e-16]"
open_loop,cartpole,0,25,8.973209191369282,0.0,"[-0.10617095138754226, -5.154050509907794, 7.406743825505617, 0.3906834476007437, 11.275919033881657]","[-0.10644854073388531, -5.153230668748935, 7.406204477371884, 0.39272565851552654, 11.263157592983337]"
open_loop,cartpole,0,26,18.44604195559612,0.0,"[1.806227587369091, -13.99834767195306, 24.461748544208135, 12.407245850407586, -9.360826387775447]","[1.8057204851079318, -13.995147659848572, 24.458226770290906, 12.407713533789403, -9.360140169715633]"
open_loop,cartpole,0,27,9.189940119723664,0.0,"[4.770341262616952, -17.206841684971266, 41.2011711118429, -1.6505684262748366, 30.589883277368]","[4.770768835429315, -17.20703277325263, 41.202015665545595, -1.6504284959074125, 30.589886661293523]"
open_loop,cartpole,0,28,8.869923797039725,0.0,"[5.9771484323022355, -22.994791807106008, 21.56503138923842, 3.8136002982081743, 38.7036386022732]","[5.977023455208402, -22.99390511060256, 21.564866739982918, 3.813344345231492, 38.704858885895945]"
open_loop,cartpole,0,29,16.168337008826196,0.0,"[5.150123549075443, -10.119844920874069, 30.58752736943897, 7.346203738692025, -14.09431772778428]","[5.151677091420141, -10.127747337076865, 30.593837304312835, 7.342513976348289, -14.067058029415302]"
open_loop,cartpole,0,30,13.349101334170747,0.0,"[9.988456314969733, -25.931701792267905, 47.04381172607251, 1.8763853498626066, 35.1903783768131]","[9.989396307439662, -25.932570554294742, 47.0452266325955, 1.8756199205606106, 35.19160845751048]"
open_loop,cartpole,0,31,8.397564667288995,0.0,"[5.098075175446532, -9.974507543035449, 20.203422622339186, -1.403059090917533, 16.961583053985375]","[5.098168301619764, -9.973674606712061, 20.20303701740816, -1.4026180757683513, 16.959141501769658]"
open_loop,cartpole,200,0,0.6305174059955518,4.885232372942028e-05,"[0.10428019953568521, -0.7461256572347341, 1.09712719386813, 1.1312977276766527, 7.56952722345992e-05]","[0.10431627997458331, -0.7460573118420577, 1.0971882975413343, 1.131352049749051, 5.064849918922621e-16]"
open_loop,cartpole,200,1,0.08343649019687001,4.033124426428003e-06,"[-0.012104930902401917, -0.09614194315174804, 0.12129495983102855, 0.16205888736854296, -7.021783570595498e-05]","[-0.012168110749540152, -0.09644178600885091, 0.12145245181253783, 0.16219660589496723, -1.2286012290728583e-17]"
open_loop,cartpole,200,2,1.8717493272526566,3.364618974899258e-05,"[0.020046583870048026, -1.8489097982824374, 2.097511711305392, 2.952972206501164, -0.0009518563908397365]","[0.020077262847508964, -1.8493271837514982, 2.0981643648782207, 2.952677405296848, -8.982853382119605e-16]"
open_loop,cartpole,200,3,6.446397219771412,0.0,"[3.369666779912035, -6.498754080264493, 19.6172466457098, 7.174977504939446, 3.607834838290596]","[3.3745880933582355, -6.505822864516037, 19.62802281634836, 7.174940678519443, 3.6325585580930198]"
open_loop,cartpole,200,4,2.7011586167296397,6.0007608652767885e-05,"[-1.7964040271569295, -2.3766380160736507, -3.665577551571906, 4.93028518059562, -0.002005096873143306]","[-1.796367838878978, -2.3773102586059895, -3.665440013892723, 4.928573142178778, -1.046918284702068e-15]"
open_loop,cartpole,200,5,7.292252635869243,2.0845735647867514e-05,"[0.5282877601340423, -6.961013545152765, 11.804415702826713, 10.833161125793124, -0.0003608852596520551]","[0.5295759966583613, -6.962455678925714, 11.808565562725402, 10.834122876740063, -9.260331263112381e-16]"
open_loop,cartpole,200,6,2.830542319481373,1.1024175719853702e-05,"[1.7760266419509863, -2.8082576946739364, 1.6619517939626565, 3.39719857686874, 0.0021879381710629975]","[1.775363588998529, -2.8073476999148386, 1.6613021934893175, 3.3975269581916705, 4.671814492703106e-16]"
open_loop,cartpole,200,7,9.88934732268858,0.0,"[1.4382811548851915, -7.667828770419483, 20.654634472420504, 13.619378951802373, -6.960639443974345]","[1.4382875097956453, -7.667875516429768, 20.654580894309195, 13.619382981500081, -6.960323522218715]"
open_loop,cartpole,200,8,8.480132687777886,7.955054917374582e-05,"[1.8975369736163228, -23.58113814461274, -0.7540437419021021, 36.630109833069916, 0.00046016243618701713]","[1.8974137997168434, -23.58053156715086, -0.7547967722653102, 36.62914250615515, -1.8519493875295114e-15]"
open_loop,cartpole,200,9,1.4985071602602535,0.0,"[0.4375072768730409, -2.258190896949768, 8.989530843251982, 1.0512423011118244, 7.2046433027869785]","[0.4369907433663905, -2.2579173068703753, 8.98566337025239, 1.051610396097855, 7.2038956604184685]"
open_loop,cartpole,200,10,2.1031994461191466,0.0,"[-1.173107534384119, 0.009264706081192748, 0.678721866928206, 0.12366346074690669, 1.8515031769069779]","[-1.1733621672307082, 0.009280199890874542, 0.6793983066788971, 0.1236797375455024, 1.8532384049753987]"
open_loop,cartpole,200,11,0.3585786931655518,0.0004955419249199622,"[0.12801223657758948, -0.05528422006398595, 1.034449886119654, 0.012671268379683687, -0.0030287566232289898]","[0.12805757250163138, -0.05540469290962142, 1.0340543247543286, 0.009209673698645476, -2.0845286148907864e-16]"
open_loop,cartpole,200,12,36.82871568801873,1.1324298000658928e-05,"[12.421779259533563, -55.993101146485216, 2.9535610943600132, 82.04860444256786, 0.013595466735661255]","[12.421351441007879, -55.98964597091136, 2.953539064462228, 82.050885486871, -8.161437965154181e-16]"
open_loop,cartpole,200,13,1.4923536737005718,0.0,"[4.6136345734879765, -4.988492970927402, 11.087947885833756, -1.189264030281757, 19.81962586535784]","[4.613617197709339, -4.988918165494686, 11.088264331053145, -1.1889731994301305, 19.82095587640322]"
open_loop,cartpole,200,14,2.737458477875972,0.0,"[0.8303526491310501, -3.066071356396224, 12.124750927687343, 2.518603164390124, 5.898541297496811]","[0.8311660194374662, -3.0691261406427124, 12.128383379534318, 2.5187551710691087, 5.913109393463684]"
open_loop,cartpole,200,15,7.788591251590108,8.804664234673965e-05,"[5.414728802621169, -24.685228142218957, -0.15063593961890057, 36.21131923401578, 0.0013770068609038622]","[5.414616237199865, -24.684135369953527, -0.15062258862923003, 36.212048287667315, -4.2742120376109906e-16]"
open_loop,cartpole,200,16,14.071271802787644,0.0,"[4.672874218661708, -9.165584357618078, 47.7179419059117, 16.744967974387293, -15.537899967645092]","[4.670771905066244, -9.161069649572207, 47.70854716380626, 16.749677431277398, -15.572960792789331]"
open_loop,cartpole,200,17,0.06621765871705843,1.0586057086925393e-05,"[-0.00016734329625593247, -0.01139994363422397, -0.13494388943341384, 0.019381583911524003, -0.0006379862756861754]","[-0.0001489877638021173, -0.011441602044171181, -0.13460802951005546, 0.018439777958137275, 4.3236662308393585e-18]"
open_loop,cartpole,200,18,0.032075644571955705,0.0001944437838687918,"[-0.009759979016004458, -0.008504216356927455, -0.06581711345143114, 0.026764978488136828, -0.0004394181959563359]","[-0.009670133111157914, -0.009211907855431264, -0.06564307171616642, 0.02078292309529283, 2.0070399538512378e-17]"
open_loop,cartpole,200,19,14.246416632321585,0.0,"[7.442309645164739, -9.860531065128928, 40.40364608156927, 18.403584949128962, -22.644704847471285]","[7.443195168210938, -9.860258109399096, 40.405188839023204, 18.403898350697794, -22.650497786519963]"
open_loop,cartpole,200,20,2.3406481896189058,0.0003014645924395154,"[0.480544673875412, -1.043737528418676, 1.424817071280156, 1.381340036696698, -0.003420386020837274]","[0.4806382809487193, -1.0443691097335943, 1.424813482683163, 1.3757033707395678, 2.5340828287252716e-16]"
open_loop,cartpole,200,21,2.9196214884433287,0.0,"[3.2413457738433977, -3.142194469819623, 14.590842174154972, -1.6581279712380415, 14.682238202107758]","[3.240573900316693, -3.142391854920487, 14.590302754452937, -1.6580941248397258, 14.68355844311699]"
open_loop,cartpole,200,22,2.82300696857737,0.0,"[-0.15176166226466997, -3.91087947396788, 7.021132268809149, -0.22726917678200215, 20.677354912988797]","[-0.15185582721678065, -3.9115320190615512, 7.021473099246409, -0.22735588456670347, 20.679031961717037]"
open_loop,cartpole,200,23,3.628012610787977,0.0,"[5.887651072925382, -4.357689393254945, 27.31764475540041, 1.0945029940651907, 7.0001043308646835]","[5.887713494917173, -4.358336783032054, 27.318359603352082, 1.0941477757572897, 7.0043262400776625]"
open_loop,cartpole,200,24,6.350335833723175,1.5272399181753826e-05,"[-0.3574378483570624, -5.586076572886786, 6.09792121124679, 9.17903608629159, -0.0007553854643881364]","[-0.3575412680437457, -5.585961221509816, 6.0977882722061745, 9.178654061134448, -7.932485606749538e-16]"
open_loop,cartpole,200,25,5.478486796509318,0.0,"[-0.5233849755167821, -4.206841071757842, 7.126407969264569, 1.1353972350785266, 18.61347087943353]","[-0.5227215756687286, -4.20678283575156, 7.1283378188712945, 1.1355895839140375, 18.612235009913718]"
open_loop,cartpole,200,26,10.266707424137913,0.0,"[1.257426652193624, -8.075568203859763, 23.078863231442302, 14.783076136099222, -8.205888198662446]","[1.2575435246959288, -8.076330857193605, 23.0797997551543, 14.78334278790918, -8.204556122947979]"
open_loop,cartpole,200,27,1.1437891027941873,0.0,"[1.8602142376220212, -2.9307271852605288, 15.622806588875633, -0.49095456432705153, 12.651529611328353]","[1.8606492036538216, -2.930952265726414, 15.625766567066881, -0.49120833684851856, 12.65108051218906]"
open_loop,cartpole,200,28,0.6304959200883546,0.0008552170101836509,"[-1.788345900486633, -1.001623470643798, -4.234944799478328, 2.7182622226300777, -0.0011182913092709912]","[-1.7887396157651247, -1.0022085227336217, -4.2350265499244, 2.719017890058896, 4.102279347868453e-16]"
open_loop,cartpole,200,29,8.542246495999514,0.0,"[2.6543146131270072, -6.358045372810793, 24.62022224515766, 11.5501863714723, -9.426396024069476]","[2.6553516961828536, -6.359410447916158, 24.623908455757174, 11.550302784695088, -9.424168839746715]"
open_loop,cartpole,200,30,1.554517812815808,0.0,"[1.3409239485901983, -3.1945856102430197, 12.415166094373305, 0.8651563459865869, 10.735307749355583]","[1.3426160279093988, -3.1981208891026855, 12.42068911872516, 0.8659007552446178, 10.74846023845801]"
open_loop,cartpole,200,31,2.8489216484407422,0.0,"[4.680437724178308, -4.124646944335795, 16.79907561600513, -0.181283348717291, 12.184161706256585]","[4.680446652730968, -4.123605976164621, 16.797994554402933, -0.18104222854335522, 12.177742129799011]"
open_loop,cartpole,400,0,0.3203274396247878,5.587730088052467e-05,"[0.08301753355212324, -0.39990935307723807, 0.8201008418455094, 0.9502613784300733, 0.00030119815747893953]","[0.08296266021773095, -0.39977736140514003, 0.8198197837439616, 0.9504565369717456, 2.0207695363115066e-16]"
open_loop,cartpole,400,1,0.04166242207411243,1.0369485011096913e-05,"[-0.00882570865133751, -0.049976952540053465, 0.08406114224670269, 0.13433186931150287, -2.1591543875062666e-05]","[-0.008872484116408468, -0.05017258319035832, 0.08437815272333471, 0.13453367010771997, 6.084663488228997e-17]"
open_loop,cartpole,400,2,1.0317510511486414,4.17356451833939e-05,"[-0.002393844337215431, -1.1203907417165109, 1.2531425112220633, 2.8500118281410347, -0.0004444056992612827]","[-0.002388965310939267, -1.1205264946140208, 1.2531785288697266, 2.8498053643241685, 3.194499494041326e-16]"
open_loop,cartpole,400,3,3.7844350880066537,0.0,"[1.1628493674132785, -4.253931287755138, 16.27780642462918, 9.56528324579154, 0.9255273454085344]","[1.1641004356654654, -4.254628689953425, 16.279328101594697, 9.564751760532188, 0.9308858652274296]"
open_loop,cartpole,400,4,1.4147545026584258,7.08308550088077e-05,"[-1.2791003039918765, -1.5582067563370483, -2.668180249143901, 4.974231212772371, -0.0011072237712799185]","[-1.2796068665298095, -1.5589463681330042, -2.669191812286184, 4.97417483616973, -3.4298127916630554e-17]"
open_loop,cartpole,400,5,4.10458213517736,1.1745997838374933e-05,"[-0.499170577206016, -4.280114283716841, 7.807677483186308, 11.272307497791159, -0.0004220089766376889]","[-0.49959931216553904, -4.279467848081536, 7.8060761552650915, 11.271658088965268, 4.452006866074901e-17]"
open_loop,cartpole,400,6,1.3980743387240913,1.4058551599305247e-05,"[2.799982473975007, -2.1896442157506097, 2.951860598931899, 3.349723163783204, 0.0015161629864692827]","[2.799659980714485, -2.1889268534761106, 2.9514383107909556, 3.3494177163487264, 1.2536601397736148e-16]"
open_loop,cartpole,400,7,6.16598695644628,0.0,"[0.9588689065140156, -5.039736010740412, 19.39308082225013, 15.1321450520324, -8.746833239072142]","[0.9588700781610432, -5.0397500151535795, 19.39294184826543, 15.13208948562333, -8.746290573191866]"
open_loop,cartpole,400,8,2.3113673125807357,9.083657178621252e-05,"[0.8368455876600502, -3.1992534125044205, 1.5178263995242007, 7.47381613181302, -0.0021125342799843128]","[0.836938549478788, -3.2000115666586546, 1.5180451180955354, 7.471313311713709, 1.815662841288601e-17]"
open_loop,cartpole,400,9,0.6827498867896687,0.0,"[-0.21560102515935337, -1.0620170519428784, 3.936946771636869, 1.6719339250988465, 3.400357563089188]","[-0.2142049293605536, -1.0617397691316008, 3.945781684675669, 1.6711136771919557, 3.396534063353594]"
open_loop,cartpole,400,10,2.0192431356633396,0.0,"[-1.4530827611017387, 0.01193810839341462, 0.88445499285778, 0.1633099874103209, 2.713388179700328]","[-1.453067460367481, 0.011936133896407377, 0.8844508409803307, 0.1633078381235399, 2.7115980985467663]"
open_loop,cartpole,400,11,0.3373361534582957,0.00024046562057833398,"[0.17470575639597, -0.07324714943133145, 1.4205165333819565, 0.05149874939605792, -0.002851927372159002]","[0.17473323074750083, -0.07335527148042624, 1.4200195278747136, 0.048236946106599905, -3.165992010272586e-16]"
open_loop,cartpole,400,12,16.796140280005837,2.167698019661657e-05,"[3.844837244272619, -15.65436222528671, 2.3301998053430184, 36.71439708185352, 0.027724731630856425]","[3.837750846926743, -15.630031484586091, 2.324869564062832, 36.69056178786437, -9.714281592275364e-16]"
open_loop,cartpole,400,13,0.4184239790706623,0.0,"[3.0197265404329157, -1.654860325428331, 5.810134254895173, -1.2838987888139648, 8.802742394893588]","[3.019861199812177, -1.6555876014158615, 5.8119539724738685, -1.2836230191220837, 8.807783612614209]"
open_loop,cartpole,400,14,1.4491085549547413,0.0,"[-0.17082740802641233, -1.9878865779169261, 8.178768598930262, 3.727809728462613, 4.1432112594657555]","[-0.17111908580519183, -1.9878381971394685, 8.177885964279913, 3.728067217083102, 4.142049621580619]"
open_loop,cartpole,400,15,2.338365906448371,0.00010243588306479978,"[1.4460383441007116, -2.976981134382815, 1.4784481065462323, 6.427935824408605, -0.0024846502019414407]","[1.4461605456281437, -2.977908640996432, 1.478576176427888, 6.425053199563936, -6.82344909230547e-16]"
open_loop,cartpole,400,16,9.504739772156684,0.0,"[4.997669708949078, -7.9068577729605565, 52.191159377921934, 18.543332223158643, -6.811336845971634]","[4.997588731395745, -7.906434876283212, 52.190714046733916, 18.543853444862705, -6.816762649555759]"
open_loop,cartpole,400,17,0.058664702716363315,0.000559277859906615,"[-0.0004589374465757872, -0.014018366829815887, -0.1776159815517817, 0.0372677152456867, -0.0005741223137105539]","[-0.0004373726729293983, -0.01408974616908512, -0.17752045880580852, 0.03615993728070856, 3.4988891700141935e-17]"
open_loop,cartpole,400,18,0.025543731584532242,9.824024829185873e-05,"[-0.011319595891358445, -0.00894961551599048, -0.07620389951628498, 0.039128578736173474, -0.00042353283625529685]","[-0.011232273197827271, -0.009631246167159789, -0.07603308973599844, 0.03336262221576811, -9.5350453586989e-18]"
open_loop,cartpole,400,19,9.276570260814966,0.0,"[7.440501945742744, -8.407214787971721, 43.018510569813685, 20.89300411811233, -15.335718745676832]","[7.440509474089382, -8.404593434990522, 43.01854628994986, 20.894857998288998, -15.378211512893712]"
open_loop,cartpole,400,20,1.8392892377295844,0.00019965663872767436,"[0.42844793602619236, -0.8440467829282692, 1.3919971219187959, 1.8136705483361073, -0.003437070617847926]","[0.42857228729359514, -0.8450281193060317, 1.39203067069279, 1.8087968831367462, 5.964902054922919e-17]"
open_loop,cartpole,400,21,2.1152873721958203,0.0,"[6.254173280115531, -2.131867971985153, 18.972859968225325, -0.991456229181289, 4.145685253037598]","[6.255716423554556, -2.129889798611832, 18.97158283193179, -0.9905012814905534, 4.134019167529951]"
open_loop,cartpole,400,22,1.277397062399699,0.0,"[0.11543274866466327, -2.873025913133062, 8.278979574971585, 0.3342528713725236, 19.51923276508958]","[0.11599056383084358, -2.8730069211671743, 8.28548348768671, 0.3360002848836424, 19.510194717762086]"
open_loop,cartpole,400,23,2.2324690805730745,0.0,"[6.157373447278949, -3.0314411828874768, 26.327121438451933, 1.301495605545234, 4.352285642379014]","[6.157301028333746, -3.031394499302321, 26.32681182991239, 1.3015089193289038, 4.352403586243222]"
open_loop,cartpole,400,24,3.684737856314708,3.344564562723917e-05,"[-0.7138899784334872, -3.587341951828134, 3.9997024294712173, 9.682595576806781, -0.0006565142901661103]","[-0.7135302392346521, -3.587513053453618, 4.00073068884442, 9.682225961252596, -1.2775402828868584e-15]"
open_loop,cartpole,400,25,3.6088020263802236,0.0,"[-0.49058256110252246, -3.777891047120163, 7.47565291177518, 1.2103738254321244, 24.923042113442385]","[-0.48974363426876305, -3.778589740643111, 7.481907252740584, 1.2125825287878544, 24.914314246507416]"
open_loop,cartpole,400,26,6.3083877812329785,0.0,"[0.8673571838672413, -5.415225444762356, 21.70490994265323, 16.393346658994734, -9.403239780946047]","[0.8672060613344597, -5.414408583964913, 21.704961548858904, 16.393575967151342, -9.41839957522089]"
open_loop,cartpole,400,27,0.3114888717456837,0.0,"[0.8910674260478095, -1.1866445345492445, 8.432575749182403, -0.05189753625760968, 6.710280801473286]","[0.8931733889234381, -1.1873108266192043, 8.447208384703684, -0.05280041830829958, 6.70950392033796]"
open_loop,cartpole,400,28,0.18060990503435115,3.623137132535703e-07,"[-0.9478884963727773, -0.2452314266868214, -2.4533405118590728, 1.3717572881951898, -0.00033505186710708346]","[-0.9449293359344709, -0.24445654788366178, -2.444714871179971, 1.368593896689153, -1.3788820181320087e-16]"
open_loop,cartpole,400,29,5.29109474906614,0.0,"[1.793724517118672, -4.928544776246501, 22.74269310761754, 13.7295749957679, -7.433795079678539]","[1.795383610695267, -4.929045514577729, 22.74892964975859, 13.730538321483111, -7.444646229039193]"
open_loop,cartpole,400,30,0.6211290385639981,0.0,"[-0.9061130550693199, -1.052411913638669, 3.4255950829453266, 2.2048800531209656, 3.3653169702437333]","[-0.9034651350074898, -1.0530509348443644, 3.433605655543492, 2.2029601129612026, 3.371372703231302]"
open_loop,cartpole,400,31,1.6799956428252085,0.0,"[4.806066679224835, -2.6262608892638, 15.272455546526688, 0.19189227248379961, 7.611926490687726]","[4.805927071093729, -2.6262087980631525, 15.271810970232712, 0.19186040539712862, 7.6125766800235874]"
open_loop,cartpole,800,0,0.01950891193799115,6.117546030282028e-05,"[0.04855914776332996, -0.033364207133565096, 0.30034310176590506, 0.2840735716817211, 0.00022190662540814033]","[0.04857069424550568, -0.03323619005496378, 0.30034643488919144, 0.28404817335402843, -5.799908065099945e-17]"
open_loop,cartpole,800,1,0.001767598960888024,1.1734693117659845e-05,"[-0.0012552260054347467, -0.002805041833785766, 0.00936122528094319, 0.037296273560315424, 1.0748923965013969e-05]","[-0.0012821295631793214, -0.002835117439559771, 0.009100718036187089, 0.03756798810691922, 2.9300139821672707e-17]"
open_loop,cartpole,800,2,0.05860879281983835,1.761332569572005e-05,"[-0.007107435058613453, -0.09089310832776881, 0.06877325964807172, 1.119763526003028, 7.831167807955536e-05]","[-0.007096531489454599, -0.09073313398305426, 0.06884258429597963, 1.118896349432859, 2.4913234318250425e-16]"
open_loop,cartpole,800,3,0.2875362408506081,1.2194357950079393e-05,"[5.2881253779839685, -0.8249118717339214, 10.55552881651128, -2.9851256214686317, -0.0030048157165025735]","[5.290078707732058, -0.8252624252556685, 10.558092868215947, -2.9868434526930034, 1.6853640772982464e-16]"
open_loop,cartpole,800,4,0.025093477088091065,4.50242610696705e-05,"[-0.08740703541677985, -0.040714713015873476, -0.20963006072217144, 0.7102859727246074, -0.00017947198721516625]","[-0.08738030541997842, -0.040801440890720055, -0.2095764840466418, 0.7101289907344581, -4.780996508277499e-17]"
open_loop,cartpole,800,5,0.21368285241108362,2.5648473453543374e-05,"[0.5504998668003758, -0.3848177462902201, 2.8845798295204204, 3.3201791422003, 1.9103522824928665e-05]","[0.5480302513145464, -0.3851601091125299, 2.8840765672343744, 3.3282317679927105, -4.3883944173980645e-16]"
open_loop,cartpole,800,6,0.18571222198119608,2.1010321134440346e-05,"[1.1695912520756042, -0.35753923888536454, 1.3602447517821323, 1.460366040201733, 0.0006472949098414033]","[1.1687457379687414, -0.3568788777022953, 1.3593189004201163, 1.4591759670027789, 6.14659989945246e-17]"
open_loop,cartpole,800,7,0.2526611324523441,1.6995651890283625e-06,"[-0.7238127553401572, -0.32282871730347085, 0.6400825592571469, 5.694340461092994, 0.0024556222124027527]","[-0.7241226202684409, -0.32234023560925573, 0.6373843653935812, 5.693066313363347, -2.5717850620421746e-16]"
open_loop,cartpole,800,8,0.25464567606151656,3.9322510517081355e-05,"[0.23252462351789666, -0.31892118604698044, 0.6984548069459665, 3.3036801225499604, -0.0007133262280010211]","[0.23249862893294956, -0.31913542079908624, 0.6983635371388996, 3.302557922814068, 1.4967356220520265e-16]"
open_loop,cartpole,800,9,0.010784611271781657,1.6407177028554543e-05,"[-0.04341932779525956, -0.01893802219317143, 0.3402029893595546, 0.33407758942023613, -0.0001328257495449292]","[-0.039148681306623, -0.018616658594058297, 0.34970425520538523, 0.3222045350021763, 2.748957046198153e-17]"
open_loop,cartpole,800,10,1.660670056981867,0.0,"[-2.7151911314528863, 0.027910023799860493, 2.003865815342425, 0.3641997948529138, 8.920402562647988]","[-2.7177458974210946, 0.027942210398299736, 2.005148712368088, 0.3650041136779691, 8.945102549664295]"
open_loop,cartpole,800,11,0.19659198808636102,1.7466889289607934e-05,"[0.520896677825934, -0.1693967319771188, 4.40528945216786, 0.7776120136152103, -0.0016539512130613332]","[0.5209546670857835, -0.16943481783767392, 4.405399834280244, 0.7758589396527216, 5.5752357372806965e-18]"
open_loop,cartpole,800,12,1.0332689316787553,4.218833934999111e-05,"[1.875369098346533, -2.113921370397763, 3.493104965651375, 21.00054685218936, 0.0057573748246083495]","[1.8739189464176431, -2.108869713431707, 3.4911017822670978, 20.993853913327232, 4.424929286363691e-16]"
open_loop,cartpole,800,13,0.29648186916197594,1.8608912455420068e-06,"[3.7174852069379716, -0.5909149245407787, 3.8134407092689173, -1.963986265032522, -0.001961297073981183]","[3.7168072683636724, -0.5909252617266992, 3.813811697456752, -1.963548747807314, 4.884106628297847e-16]"
open_loop,cartpole,800,14,0.038866016187012256,1.7755541378505768e-05,"[0.5030243684433924, -0.09797643896519721, 2.5054411041517297, -0.04706609242313281, -0.00043488332620778003]","[0.5028824013651064, -0.09798104984615381, 2.5049234702376597, -0.04696992412661752, 1.313830937034994e-16]"
open_loop,cartpole,800,15,0.25961748485252817,4.112906262321303e-05,"[0.4523185796861218, -0.3860003872474445, 0.8114324753792508, 3.5775809940443657, -0.0007065839605644442]","[0.45230721033276383, -0.3862492108439123, 0.8113859309139457, 3.576937184057566, 3.941485108208003e-17]"
open_loop,cartpole,800,16,1.1990982593325998,0.0,"[7.43184513730104, -2.5432150835767513, 48.444278340821704, 7.7841721230666785, 7.208060467019578]","[7.431692129846322, -2.5430591350952754, 48.44350997493579, 7.784519326543985, 7.205348175132385]"
open_loop,cartpole,800,17,0.019674348963177928,5.288680236503751e-05,"[-0.003819493060547869, -0.017055249284689593, -0.3695448106232333, 0.21695148069630932, -0.0002138181729147287]","[-0.003813160902523853, -0.01706677835787206, -0.3694915799262817, 0.21658737142233914, -4.392198441050384e-17]"
open_loop,cartpole,800,18,0.00409768432426396,1.5893149097223613e-05,"[-0.009276072994263336, -0.003733053601952771, -0.06591652907451556, 0.07487883824939612, -0.00020686787511021396]","[-0.009233051452081498, -0.004065799703689168, -0.06583214866654381, 0.07205942343466241, -2.5173198390040452e-18]"
open_loop,cartpole,800,19,1.0318800319736083,0.0,"[12.796882397624806, -2.636925844344786, 37.89517159596001, 0.8176142255486587, -0.3863420648227063]","[12.80387674751808, -2.636495292421075, 37.90424332870347, 0.808278659122024, -0.41996101445251593]"
open_loop,cartpole,800,20,0.506842570896867,3.6576122809606204e-05,"[0.3219015380064792, -0.4475969897206725, 1.3827605212084975, 4.646935257044445, -0.0015041864976903518]","[0.32189801974613663, -0.4477444635389749, 1.3825939533496612, 4.643988485760073, 9.92813837564412e-17]"
open_loop,cartpole,800,21,1.3256960398485307,4.913088943681032e-06,"[8.876778019460122, -1.7127089034640375, 22.58134040141248, -1.0360523744084427, -0.0028913580764706737]","[8.875319060310739, -1.7120949107709302, 22.58113634191919, -1.0354884080000313, -2.053378526035069e-15]"
open_loop,cartpole,800,22,0.08622769480352377,5.227489907611016e-07,"[0.4069563892686903, -0.15351356821327353, 6.085046137980631, 0.863242962918403, -2.850753540854789e-05]","[0.407383882605951, -0.15367719981670233, 6.091327914097077, 0.8636103582144569, -3.718497483734727e-16]"
open_loop,cartpole,800,23,0.7325664931720995,2.124075120946145e-05,"[6.3813366862653, -1.32471447489841, 20.65599931638734, 0.39825319782017377, -0.005173650812560382]","[6.384197899941344, -1.3257751467758239, 20.667139722510935, 0.3986914181901374, -2.995703413899054e-16]"
open_loop,cartpole,800,24,0.19248737746515332,4.5723847577505694e-05,"[-0.2558898547437091, -0.2958025725060843, 0.8800925540017053, 4.22186608829683, -6.385263087257953e-06]","[-0.25586190765148464, -0.29619713694641203, 0.881340700473747, 4.224586804961897, 1.1201271934884105e-16]"
open_loop,cartpole,800,25,0.16106121343506524,0.0,"[0.44944243356067903, -0.6715245766559631, 6.1437484279562105, 0.8233623064974993, 9.311213157867348]","[0.4477904630951413, -0.6728826134821002, 6.132972330800514, 0.8210484195179694, 9.348710133080491]"
open_loop,cartpole,800,26,0.31483213196650356,0.0,"[-0.7124750767087589, -0.4666460190563547, 0.12733405513232077, 7.4142337786196855, 0.0014218141333102174]","[-0.7128504506157798, -0.4666583909741518, 0.12690367816322834, 7.417353674541167, -3.247434008312875e-17]"
open_loop,cartpole,800,27,0.054944623508846116,0.0,"[1.0066722480354886, -0.12784945720528726, 4.034762817688213, -0.9225528228227683, -0.000314326425078372]","[1.0065649525081188, -0.12787233971572134, 4.034464498628729, -0.9224020073187249, -8.46891508985569e-17]"
open_loop,cartpole,800,28,0.036222651593739164,1.662370753763298e-05,"[0.6306062626394422, -0.07433638714451359, 0.8684824012900787, -0.6481519542504091, 7.643705248175196e-05]","[0.6304116237406988, -0.07429510940784648, 0.8677267017730679, -0.6478646427132289, 3.6296249992444964e-16]"
open_loop,cartpole,800,29,0.20800851260627382,1.8186342771286945e-05,"[1.6561719561821353, -0.5397936136204923, 8.576149506320558, 2.4787078624809045, -0.002061790719587897]","[1.6671257861347968, -0.5398704983380022, 8.596006280474318, 2.454863161126907, -9.744424399548201e-17]"
open_loop,cartpole,800,30,0.03154475483263661,1.2715146823438772e-05,"[0.9662705879400658, -0.09031181691437941, 2.259311675045739, -1.2784494204952934, -0.000457861773871332]","[0.9665684743287474, -0.09041157228354228, 2.260509501039353, -1.2786877945128121, 2.921379337623225e-17]"
open_loop,cartpole,800,31,0.5605744829156748,3.641543808896586e-05,"[4.788144307821833, -1.0303849131180458, 11.233308281837031, 0.7137672663076234, -0.004279212429424122]","[4.777167731807154, -1.0264686766760363, 11.206407899157636, 0.7165052925249632, -2.420754612035239e-16]"
closed_loop,cartpole,0,0,0.00010241592126775627,1.3515931527763314e-05,"[0.0003233013155755952, -0.00016653350558968724, 0.0023344869988705303, 0.004902960879783742, 1.1800301460212332e-05]","[0.0003217235793061705, -0.00014394578709485498, 0.002332053983859535, 0.005005657962309601, 2.4587140287736793e-19]"
closed_loop,cartpole,0,1,8.296346538180967e-05,0.0,"[0.0005782627868760199, 8.199212114226663e-05, 0.0027058088258854842, 0.0010639575135181197, -8.474710901984822e-05]","[0.0005964011298300225, -7.590812478393159e-05, 0.00272979539346473, 0.0001309517417363313, -8.017942927348956e-19]"
closed_loop,cartpole,0,2,0.00023987106498180147,0.0,"[0.0009988552429375012, 0.0005177408524312405, 0.0034389311859714107, 0.0015937527372694722, -0.0003421524632463747]","[0.0010857022689592598, -7.22198202553245e-05, 0.003542145294944535, -0.0027030566557128453, 1.1855944253438628e-17]"
closed_loop,cartpole,0,3,0.0011378106634752604,0.0,"[0.0020555820929802093, 0.0012462301813163938, 0.006025722201203748, 0.00829025957973076, -0.0010083969350106283]","[0.002414747950420352, -0.000184935123395664, 0.006572215394058013, -0.004470037430753003, -1.448766455498317e-17]"
closed_loop,cartpole,0,4,0.005986855724058342,0.0,"[0.015146543030170476, 0.0006663096657715842, 0.04706864434834541, -0.007546788845842751, -0.0026546093081941786]","[0.016321363051673483, -0.0013088967950213456, 0.04944148810343005, -0.028522347532594465, 5.556208452001522e-17]"
closed_loop,cartpole,0,5,0.043803892684784046,0.0,"[0.3069986333095881, -0.028304335628867222, 0.8461735765441596, -0.32364667857345997, -0.003333508922106031]","[0.30607955853364766, -0.028344337040980955, 0.8382584424193348, -0.32274555122680515, -1.4067420760293208e-18]"
closed_loop,cartpole,0,6,0.02759146748904141,0.0,"[-0.029838697853603064, -0.01531134806129402, 1.3381851412532066, -0.4938678601518805, 1.0718149696688082]","[-0.06178474347104969, -0.015380949158450893, 1.253415510295969, -0.4815756392708751, 1.2461929366881603]"
closed_loop,cartpole,0,7,2.044372866197734,0.0,"[-22.917670077033392, -0.021704343298045672, -43.45795699056978, 5.686584364687245, 120.86332450595778]","[-22.92388170293353, -0.021727656474141946, -43.4789085376679, 5.689616299605059, 120.88590216839296]"
closed_loop,cartpole,0,8,5.072521200983424,0.0,"[-28.045066016070095, 0.06381897476937481, -50.368949261441024, 7.661315169969233, 142.04399677745357]","[-28.04844519040567, 0.0638006577142203, -50.38037585409235, 7.661449102363142, 141.9858379217749]"
closed_loop,cartpole,0,9,8.256173116926169,0.0,"[-15.747331902175876, 0.11940570296468835, -31.66460933532942, 6.050937986470676, 74.62414293042423]","[-15.758905522336024, 0.11947545312170933, -31.694691576420773, 6.056064008139396, 74.6883639347792]"
closed_loop,cartpole,0,10,9.509294028656457,0.0,"[-3.985902383875267, 0.14939726458545896, -14.847258222305367, 4.139931829474355, 12.068097414478524]","[-4.002706897445468, 0.1494902850496863, -14.874355708290924, 4.142893033898259, 12.114716133872221]"
closed_loop,cartpole,0,11,6.213541810498845,0.0,"[-8.7101709649101, 0.17153304901321204, -17.00437687390016, 4.351965070105129, 34.89027130212466]","[-8.697342026452597, 0.17139481884369004, -17.001365692455195, 4.354879240345318, 34.812431372916954]"
closed_loop,cartpole,0,12,4.541005500653806,0.0,"[-11.013549668715484, 0.19439166322242, -16.443157979113295, 4.064528424659184, 45.399898826274125]","[-11.014806504119214, 0.19440676781112348, -16.444324817801157, 4.06440550728878, 45.400369824792875]"
closed_loop,cartpole,0,13,3.942715642499906,0.0,"[-11.666396708048895, 0.2043679296159357, -14.235423057721913, 3.560937563469646, 48.111793099101256]","[-11.665237799704794, 0.20435375224220664, -14.23608463845894, 3.561432022174083, 48.106090521026594]"
closed_loop,cartpole,0,14,3.8318501957286535,0.0,"[-11.790536514301596, 0.21367791227650657, -11.966217926763914, 2.9758437037407024, 48.323819887961825]","[-11.79504619476845, 0.21373804062739885, -11.957238576147901, 2.9701168713981514, 48.30752171260207]"
closed_loop,cartpole,0,15,3.9529187110043527,0.0,"[-11.948119190273026, 0.2210028664079975, -9.918266105403976, 2.6000499916534343, 48.555162125165964]","[-11.941439852114339, 0.2209093139725776, -9.908669196516298, 2.5975571233956316, 48.541343735261016]"
closed_loop,cartpole,0,16,4.079315560663913,0.0,"[-12.081128149344826, 0.22702535897031104, -7.982709276833564, 2.256002557045492, 48.82034883222458]","[-12.08053192765158, 0.22701073993923954, -7.964702300056077, 2.2451458767694086, 48.798152337155216]"
closed_loop,cartpole,0,17,4.217229663248074,0.0,"[-12.20840953060481, 0.23227094944278415, -6.123125416316601, 1.91095772201116, 49.07858816930179]","[-12.216408608255573, 0.2323873688996227, -6.127591365714526, 1.9109297182095635, 49.08364271716834]"
closed_loop,cartpole,0,18,4.363856306956351,0.0,"[-12.326953387261025, 0.23686462585801982, -4.372109833226859, 1.578753603700732, 49.36093195253463]","[-12.343779895684682, 0.23711368571181649, -4.3817904237449925, 1.5805973505716941, 49.378065445898315]"
closed_loop,cartpole,0,19,4.530092999045962,0.0,"[-12.480911886515438, 0.24161621325336097, -2.742252097305335, 1.266417135086587, 49.71115751908518]","[-12.46635133569282, 0.24139417768377766, -2.732610568449251, 1.260964496076349, 49.684235938069854]"
closed_loop,cartpole,0,20,4.695409974157161,0.0,"[-12.563634736653919, 0.24502394962302718, -1.1761494334641638, 0.953620949912775, 49.95482960811193]","[-12.579498237572091, 0.24524930289659652, -1.174859534445854, 0.9453060056385443, 49.98343491882396]"
closed_loop,cartpole,0,21,4.8810035715682165,0.0,"[-12.57279649901107, 0.24687469806840287, 0.29025538175068727, 0.6228803644216026, 49.83795600711635]","[-12.582020314259475, 0.24702155195263528, 0.2873021417861885, 0.627653159764773, 49.8595452783214]"
closed_loop,cartpole,0,22,5.067270914500534,0.0,"[-12.809696238192517, 0.25221612032950197, 1.6453511247031551, 0.34671520099901887, 50.83375980081373]","[-12.82000010580234, 0.252381543028928, 1.6445759410666843, 0.3430413978917459, 50.726737992232025]"
closed_loop,cartpole,0,23,5.286449720856911,0.0,"[-13.062056006603118, 0.2578135127202138, 2.9448673339227263, 0.07676650166602528, 51.686064969533106]","[-13.059489575131066, 0.2577972164229989, 2.944740344370892, 0.07570991788251127, 51.5956920482144]"
closed_loop,cartpole,0,24,5.538116739855979,0.0,"[-13.32901843268865, 0.2636209972614078, 4.1883247360332, -0.18373388745714347, 52.45059276206063]","[-13.277658127902054, 0.2627936195081607, 4.175062917179293, -0.19978046844904812, 52.404624400961]"
closed_loop,cartpole,0,25,5.779992533911943,0.0,"[-13.459029047679715, 0.26717518296584053, 5.315505426844637, -0.4844055959183571, 53.12993925297162]","[-13.464241956760617, 0.2672434992160379, 5.315057678662646, -0.48729597120444995, 53.11756637231557]"
closed_loop,cartpole,0,26,6.060767479442087,0.0,"[-13.640311496016992, 0.2717196746267299, 6.396392723287073, -0.7564139288492457, 53.742465042924856]","[-13.640248424859024, 0.27173833894563115, 6.401915812671974, -0.7496754069636463, 53.76352162869551]"
closed_loop,cartpole,0,27,6.094570964716484,0.0,"[-13.511263807449879, 0.2701800498856514, 7.19776459924278, -1.0206790679172455, 53.317039892029214]","[-13.509183539584404, 0.27014310657391455, 7.194308639513779, -1.0239864781946493, 53.26417168634524]"
closed_loop,cartpole,0,28,6.0103111011820785,0.0,"[-13.554321055944994, 0.2707989238803408, 7.961131496534608, -1.2379395057389129, 53.4708114746725]","[-13.551422728068292, 0.2707458523721241, 7.959407012454029, -1.2376308809704564, 53.467600147468616]"
closed_loop,cartpole,0,29,6.005158846834107,0.0,"[-13.588486608614382, 0.2715916587155329, 8.647487379601973, -1.4318838577697885, 53.67013243302961]","[-13.593466794616893, 0.27165533757126586, 8.64600468409379, -1.4351547796645328, 53.65822070107639]"
closed_loop,cartpole,0,30,6.096876089592578,0.0,"[-13.657159597077438, 0.2731839448695191, 9.278350354457942, -1.6121585935310003, 53.94909688298236]","[-13.612821278682421, 0.27248900264541426, 9.23151108219446, -1.6225813780697362, 53.754359866713656]"
closed_loop,cartpole,0,31,5.937180340057391,0.0,"[-13.237131800038151, 0.26490440084745226, 9.169908923674894, -1.8337341761785644, 52.49636584184799]","[-13.241303590622081, 0.26497360648015267, 9.175344352658904, -1.8330491323380653, 52.49705067156435]"
closed_loop,cartpole,0,32,5.78849981979287,0.0,"[-13.090980788314441, 0.26124384118829314, 9.268091187964218, -1.9607107200896223, 52.045531358128144]","[-13.090287306846317, 0.2612283354738803, 9.26536714294005, -1.9617605304669663, 52.035438503405054]"
closed_loop,cartpole,0,33,5.768513114775652,0.0,"[-12.610556723430175, 0.2519945919172717, 8.754425748991938, -2.1249376462820835, 50.44523075399813]","[-12.641417761580612, 0.25253589265992854, 8.811876423790004, -2.116620817020869, 50.49394599579773]"
closed_loop,cartpole,0,34,5.498863582114032,0.0,"[-12.203046594438984, 0.2416248563490048, 7.959023691881315, -2.228481748568378, 49.089654328507905]","[-12.185830910623267, 0.24137718278289796, 7.953356089856598, -2.2222840348817896, 49.09424042486781]"
closed_loop,cartpole,0,35,5.4012704800172076,0.0,"[-11.738750695856837, 0.23060667429009063, 6.891734186035707, -2.311104324744474, 47.55610890723416]","[-11.710382334250841, 0.23021704301505494, 6.88718411313231, -2.297624840378213, 47.61688833110467]"
closed_loop,cartpole,0,36,5.095165687368361,0.0,"[-10.712328347873385, 0.2081058116984529, 4.691559164222552, -2.3603224235591145, 44.33990162430848]","[-10.708253579836263, 0.2080308775869245, 4.682454565568889, -2.3611213918233322, 44.330231769123]"
closed_loop,cartpole,0,37,4.865892005123399,0.0,"[-9.505653591423128, 0.18187193995925408, 1.827409885711285, -2.393106932712681, 40.36413334147312]","[-9.53502426262306, 0.1823263532961783, 1.878873753354297, -2.3878066448846105, 40.47689185535735]"
closed_loop,cartpole,0,38,4.66768849648348,0.0,"[-8.724765073274892, 0.16460422563690366, -0.19991967210471184, -2.363635214626198, 37.734201699688114]","[-8.694605583898106, 0.16387360001535328, -0.31790275578321014, -2.371844055744864, 37.7306676816629]"
closed_loop,cartpole,0,39,4.385927768768806,0.0,"[-7.100796510027462, 0.1280335513408259, -4.764918074849848, -2.3168123064709643, 32.614683594954194]","[-7.096298659593163, 0.12794329671697321, -4.78064010660299, -2.3186278382487706, 32.59811633812052]"
closed_loop,cartpole,0,40,4.139656675747227,0.0,"[-5.347848559137244, 0.08835658301344888, -10.04049496591181, -2.2264462309295396, 27.06625682063044]","[-5.354534487875911, 0.08851607227703863, -10.017315503772245, -2.225873795768547, 27.077071500596908]"
closed_loop,cartpole,0,41,3.9762155823599405,0.0,"[-3.3438891880328088, 0.042956160910755464, -16.595706456555142, -2.1088425943821942, 20.823040629819108]","[-3.344905454045474, 0.04299938039217259, -16.587853909604487, -2.1083399901896946, 20.82986171915462]"
closed_loop,cartpole,0,42,3.8306212759158926,0.0,"[-0.9987533288247522, -0.008867650441045899, -24.232066305258144, -1.940072719191842, 13.412834663623025]","[-0.9918984252739209, -0.009002356454237234, -24.243011328760492, -1.938071705571201, 13.40843448724433]"
closed_loop,cartpole,0,43,3.7522599684862863,0.0,"[1.4159907909565217, -0.061031239385355464, -32.615159558231824, -1.7734424423730017, 5.818392437686749]","[1.4348718512500769, -0.06142465220881434, -32.624162823390186, -1.7615211328678613, 5.814435193253568]"
closed_loop,cartpole,0,44,3.747825963677375,0.0,"[3.6537633780152006, -0.1086942033771749, -41.02771732161299, -1.572377579248459, -1.0597150219339846]","[3.6720897680824054, -0.10912376668193317, -41.046454992747535, -1.5621307478136375, -1.0805160098081246]"
closed_loop,cartpole,0,45,3.8122097621219373,0.0,"[5.397672541471792, -0.14547313188537872, -48.29508806927358, -1.3372910423434847, -6.3235798139439785]","[5.394413485770004, -0.14533378319158027, -48.26690676514963, -1.3361610839702598, -6.3024904932857435]"
closed_loop,cartpole,0,46,3.942628524477315,0.0,"[6.613614618363895, -0.17087731227184066, -54.42035093095921, -1.0942188355310343, -9.815438962513308]","[6.608163618096979, -0.170736541022495, -54.41825810137978, -1.097838819462096, -9.801587693621872]"
closed_loop,cartpole,0,47,4.110016954467476,0.0,"[7.223497190445163, -0.18333147281071713, -58.77998177537548, -0.8511014048943659, -11.398359609234598]","[7.2284800896322645, -0.18344378555878896, -58.786747222241424, -0.8507504744370727, -11.422773889158142]"
closed_loop,cartpole,0,48,4.304129860921352,0.0,"[7.203488412956391, -0.18200590001834635, -60.57705948780637, -0.599790782381481, -11.160483540044915]","[7.18416048583657, -0.18165378346258176, -60.625697158529476, -0.6126807821972636, -11.069008183109915]"
closed_loop,cartpole,0,49,4.554545173802117,0.0,"[6.600406115382603, -0.16844384181182465, -60.15741738963589, -0.3927010507179556, -9.244346791106043]","[6.590895526930148, -0.16792396431761186, -60.02327003527252, -0.3888017994776533, -9.163660109386932]"
closed_loop,cartpole,125,0,0.0004356215415927198,1.825923951059849e-05,"[-0.0003141031954141809, -0.00041316917592040787, 0.00016965245129374473, 0.016379293527379865, -1.8575165052380947e-06]","[-0.00031422080594359423, -0.0004166355263997547, 0.0001677471060487278, 0.01636291367210732, -1.2936704872533279e-18]"
closed_loop,cartpole,125,1,0.00020414102191608383,0.000680407712323472,"[-0.00020085927732120697, -0.00013711193206906362, -0.0004574182030596403, 0.008244078410423832, -2.9925492061893925e-05]","[-0.00019078248991077803, -0.00019280932170836424, -0.00042794797643454333, 0.007893101713965638, -1.5751504666919139e-18]"
closed_loop,cartpole,125,2,0.00013799441412816804,0.0,"[0.00011176660370820941, 0.00016132513512791765, -0.000711680195363884, 0.005474467931579287, -0.00015476857813113295]","[0.00015262000549093568, -0.00010604902802814721, -0.0006614622594651839, 0.003535886076988395, -7.337434060783615e-18]"
closed_loop,cartpole,125,3,0.00047817913232867326,0.0,"[0.0011355863477451767, 0.0005911325884793857, 0.0008688060024810696, 0.008967265525710134, -0.0005534435261980088]","[0.0013386001621785723, -0.00019512402051619684, 0.0012037866884152322, 0.0019130650867270746, -1.2109783784911754e-17]"
closed_loop,cartpole,125,4,0.003110287918736193,0.0,"[0.013919187859915569, 3.095236045588465e-05, 0.03967589487461968, -0.008724289608281439, -0.0016459904708590882]","[0.014657484195280877, -0.0012030263202173694, 0.04124048436918718, -0.021913953684146528, 2.352713119450096e-18]"
closed_loop,cartpole,125,5,0.040478331771948886,0.0,"[0.2510913350958076, -0.024541506632468856, 1.1251790007068871, -0.3551219500604163, -0.002895324916127279]","[0.2499823247993116, -0.024552173544992357, 1.1235222845542723, -0.3552642650621496, 2.583073462222992e-16]"
closed_loop,cartpole,125,6,0.03841307256507392,0.0,"[0.1053703167568626, -0.013135657382337261, 2.5860053374817875, -0.6968816685667868, -0.0004953384749031564]","[0.1057851110166096, -0.013190123396028503, 2.5808381066795283, -0.6961586913139123, -3.536019492505109e-16]"
closed_loop,cartpole,125,7,0.07918513933090933,1.3218477420195995e-05,"[0.30213854149487485, -0.030924948424520902, 4.416831828043674, -1.3285917340101048, 0.0002797972674459699]","[0.3023761898926757, -0.030878915288742367, 4.406788299375852, -1.3251684241546882, 3.731414811372399e-15]"
closed_loop,cartpole,125,8,0.13692957088474816,0.0,"[0.6911779509822898, -0.05546468271454055, 6.502159910639318, -2.485669301033564, 0.0009387372507767416]","[0.6910409393179493, -0.05538483548945173, 6.500745230505582, -2.4854074193462976, -9.474039007493667e-17]"
closed_loop,cartpole,125,9,0.2851690195125298,2.9137252965938387e-07,"[1.7364258024478318, -0.10639208981468944, 11.311119958690506, -5.918451331648333, 0.0015391245513607377]","[1.7327282157674588, -0.10588894012829474, 11.272147428723297, -5.8923612187018, -1.0282143301883483e-14]"
closed_loop,cartpole,125,10,0.35784201673114696,0.0,"[3.3247488431005947, -0.12714454646493323, 15.416425729168349, -9.631481409961673, -26.052822474884813]","[3.313556745221567, -0.12682773556857332, 15.404434544447591, -9.62712445196416, -25.73073682606343]"
closed_loop,cartpole,125,11,0.2086509300923167,0.0,"[2.21073433325536, -0.09287424122744749, 10.827769002971795, -7.985585516323255, -0.0014356083922173468]","[2.1890356703505915, -0.09188891096657316, 10.714186498136874, -7.89325004153827, 4.072544072661099e-16]"
closed_loop,cartpole,125,12,0.21131272901087744,0.0,"[2.416608432018936, -0.1017771034440962, 9.389561278071914, -7.952314529587121, -0.0022985144711356043]","[2.411268462424367, -0.10145301670038145, 9.354742512242677, -7.932216312149668, 2.041116155031998e-15]"
closed_loop,cartpole,125,13,0.201550847361171,0.0,"[2.544375452824306, -0.10648355400537902, 7.594434141171945, -7.641563087054042, -0.0025364717091242994]","[2.5744877818875556, -0.10794580340746311, 7.683524975558149, -7.773104908525039, -4.890498052633482e-16]"
closed_loop,cartpole,125,14,0.18952350946529703,0.0,"[2.65430580686475, -0.10986453562264396, 5.782091681244935, -7.354568916600199, -0.0010690072334842426]","[2.689191393783128, -0.11154622213870047, 5.854049940501616, -7.494819762077909, 1.7586662571973418e-15]"
closed_loop,cartpole,125,15,0.17892913734513755,0.0,"[2.6731114197559327, -0.10929846740080502, 3.873907515496274, -6.85360403151643, 0.0005140298616144179]","[2.7366270148615595, -0.11214215552226874, 3.9586156265351375, -7.061697392342477, -5.837898468183283e-17]"
closed_loop,cartpole,125,16,0.18292284722667715,0.0,"[2.747380564161038, -0.11133744426299785, 2.1339288604297413, -6.602673753281986, 0.00204984665750807]","[2.7198295514401387, -0.11000801260502834, 2.1181564452813535, -6.511965355591229, 1.9003636920426884e-15]"
closed_loop,cartpole,125,17,0.18386051626734057,0.0,"[3.026401681013341, -0.12153392200904571, 0.48262747342222084, -6.7427405033359795, 0.0001816815577662112]","[2.6519699929630467, -0.10592948694851154, 0.434490066288898, -5.8960865813644165, -1.5756832067903804e-15]"
closed_loop,cartpole,125,18,0.1764190903599622,0.0,"[3.151419680724722, -0.1253091274670676, -1.2719318456162967, -6.5218163675668235, -7.050701486477351e-05]","[3.1318178292805903, -0.12405145624523874, -1.2477571584538638, -6.4588754023139865, 2.0140178851599383e-16]"
closed_loop,cartpole,125,19,0.16588722502439784,0.0,"[3.1293416057489654, -0.12403671840902027, -2.957571043359854, -6.1920637467814075, 2.414382451059069]","[3.3491955920914807, -0.12987537600194288, -3.011132877497736, -6.142005288142805, -3.5787648853579626]"
closed_loop,cartpole,125,20,0.15776194889547904,0.0,"[2.922999773494943, -0.11706008544730946, -4.482000255455803, -5.796783833700799, 8.265128971301088]","[2.8296755565595704, -0.11386027278524521, -4.395416689980622, -5.7365235533179195, 9.92982256141738]"
closed_loop,cartpole,125,21,0.1542006544706204,0.0,"[2.2182952070015975, -0.09561511113592347, -5.6093816186206045, -5.391567185416098, 25.58612300734545]","[2.3126107510801814, -0.09781355197142959, -5.594127275047878, -5.315207676416966, 22.593992683594504]"
closed_loop,cartpole,125,22,0.15683858740541182,0.0,"[1.9132310458458595, -0.08640658014038075, -6.934310611270998, -5.127722728276806, 34.5133607330778]","[1.8754681099224157, -0.084069113238504, -6.703048092311785, -4.9464842734801495, 33.406424238802686]"
closed_loop,cartpole,125,23,0.14464007203645912,0.0,"[1.5261902232151257, -0.07263712174827573, -7.713708446407833, -4.572461536127711, 41.545499280566936]","[1.4893252857641603, -0.07149061639016965, -7.6879341752864025, -4.582414671325791, 42.41868938566991]"
closed_loop,cartpole,125,24,0.14182275659625834,0.0,"[1.1757733368236103, -0.06081211475365591, -8.516568152657301, -4.15188925486844, 48.82501745694221]","[1.2432364264186138, -0.063606222258153, -8.779394418504912, -4.274324017328048, 48.893467074732655]"
closed_loop,cartpole,125,25,0.15192581372428418,0.0,"[1.1958626259645309, -0.06206949509237544, -10.166370876731985, -4.047213918104564, 52.17390082787092]","[1.1957172753166088, -0.06205639291263044, -10.180951890956939, -4.060817690699917, 52.30593896841688]"
closed_loop,cartpole,125,26,0.17398715305240567,0.0,"[-0.6239446813029836, -0.005633456556069619, -8.623369398178895, -3.313262542926112, 85.67095847281198]","[-0.6045603627294414, -0.005621815532245994, -8.492933237931336, -3.262654147805613, 84.58151463015491]"
closed_loop,cartpole,125,27,0.17486980336842722,0.0,"[-0.9784423843710426, 0.00788977653026415, -8.728914675840269, -2.9010889916621863, 89.6458904559912]","[-0.8758878250478638, 0.005318607362212779, -8.710041585418521, -2.868145496566553, 87.21746819261132]"
closed_loop,cartpole,125,28,0.15045455252702988,0.0,"[-0.454567497035682, -0.006098968908293662, -10.048417466323672, -2.594958396114762, 76.20560972993752]","[-0.3924176157119897, -0.0070676688265209325, -9.782825919388138, -2.5116364257603707, 73.63237790968223]"
closed_loop,cartpole,125,29,0.1228737992777639,0.0,"[-0.131079327684813, -0.013357960013229267, -10.607200746028326, -2.1426100938371158, 64.40520510366879]","[0.07117282722631195, -0.01950660530154014, -10.898216166087732, -2.172587967594044, 61.1175639943118]"
closed_loop,cartpole,125,30,0.10967509622804508,0.0,"[-1.0705284785131317, 0.017932820005520024, -8.510793934627785, -1.4772380430758032, 74.42246370461025]","[-0.6952007942383028, 0.005966409587176857, -9.401499703072798, -1.5832756127385899, 69.31959416562201]"
closed_loop,cartpole,125,31,0.08740738632415863,0.0,"[-0.2182630468369049, -0.006899593579172839, -10.29363324031701, -1.2753515936954725, 56.2636150786545]","[-0.3953775578004102, -0.0009581738648991262, -9.906620512207494, -1.2650694943055365, 59.11618852456703]"
closed_loop,cartpole,125,32,0.05867673189931285,0.0,"[0.4743560381568217, -0.026216806975059296, -10.92003477663927, -0.9843171261673054, 37.017270141168524]","[0.2689981910133736, -0.019694968766089144, -10.710508414277143, -0.9919369230581505, 41.195361666862475]"
closed_loop,cartpole,125,33,0.05585823428069376,0.0,"[-0.3009237216769923, -0.0002566379592033579, -8.857679761276767, -0.5503005361263998, 44.75008750573913]","[-0.3045858752633262, -0.00013367444933872684, -8.846079962881298, -0.5498176338327985, 44.79693628742978]"
closed_loop,cartpole,125,34,0.042256672862917614,0.0,"[0.6653946974043712, -0.030685994950486052, -11.029065084058802, -0.4407424260645244, 25.335563031101312]","[0.4892613311736182, -0.023679909709803867, -9.849143524363217, -0.39776246636500123, 25.730753944507114]"
closed_loop,cartpole,125,35,0.03274867998885228,0.0,"[1.0028725564868965, -0.041537719400185004, -10.203806597827274, -0.2177802146981246, 12.207494669099583]","[0.37259495801566156, -0.01934875012335186, -8.501679602023929, -0.16569109772084734, 21.834806773711545]"
closed_loop,cartpole,125,36,0.01657385096366394,0.0,"[1.0274270045618104, -0.03887995130223412, -8.9567339004088, -0.1431744604214619, 6.023559366406715]","[1.0328532699194315, -0.03908717634094435, -8.90224986686377, -0.14147071782998366, 5.714992247135882]"
closed_loop,cartpole,125,37,0.015349333383210489,0.0,"[1.068751236494763, -0.04008009927311975, -7.4091203613599115, -0.09585563308002791, -0.3875747675689363]","[1.0650010976364, -0.03999300541641157, -7.440118455271437, -0.09452666050094416, -0.21765089948355565]"
closed_loop,cartpole,125,38,0.018635314320186665,0.0,"[1.312995694171549, -0.04915568779797047, -6.369780035942846, -0.14503380251255987, -9.050164093484376]","[1.0897536769509535, -0.041179259473721766, -5.7748878535989006, -0.11325829979185384, -5.7388329073472875]"
closed_loop,cartpole,125,39,0.014915652625319197,0.0,"[1.335629588367665, -0.048989285463356326, -3.932936029595139, -0.29259342426421414, -15.826207782787034]","[1.676407068346859, -0.060371128573145874, -5.460925927209381, -0.3512104006159165, -18.89991149554401]"
closed_loop,cartpole,125,40,0.023329478265846755,0.0,"[1.6397154784126184, -0.060388400079737156, -3.0678124210818907, -0.5426426312577751, -23.456135374612806]","[1.6173077178003508, -0.05925530267447975, -3.0497166092654573, -0.5223889915355344, -22.958193074591055]"
closed_loop,cartpole,125,41,0.02432546107835387,0.0,"[1.1640942368383014, -0.045218493309209566, 0.5292022344497571, -0.6361517942889531, -21.467028871254993]","[1.3577712540713798, -0.05155638853171047, -0.0475784551955232, -0.6844138203890912, -23.988727345374166]"
closed_loop,cartpole,125,42,0.04167196130262094,0.0,"[1.0779030821650364, -0.04578747893890258, 4.122373259686849, -0.9629245525174662, -26.00973616892593]","[1.1290730468450927, -0.04765568235496491, 3.3133486654163393, -0.9259867910371558, -25.05902563516584]"
closed_loop,cartpole,125,43,0.052999108972319284,0.0,"[1.0091973454756777, -0.046533648860060776, 6.139670136129574, -1.175154654481809, -27.256619190931687]","[1.019527423666107, -0.04719766439722024, 6.082819071313436, -1.1851794643116484, -27.22569534534534]"
closed_loop,cartpole,125,44,0.06449505590798381,0.0,"[0.8545251000935256, -0.04560823174843906, 9.038066522424446, -1.4209592497088523, -28.774851152664468]","[0.2865331284831147, -0.026411000393977726, 11.938762075292244, -1.3422016241504309, -24.59830835234455]"
closed_loop,cartpole,125,45,0.08237755652427943,0.0,"[0.5379830530524696, -0.040787502773550054, 12.586626004651341, -1.6143224919273915, -27.51411216389939]","[0.45771719950675893, -0.03882014344137729, 13.37260030439338, -1.6464284286489175, -27.714030202873918]"
closed_loop,cartpole,125,46,0.11278195444224545,0.0,"[0.562632861374759, -0.05056081114014986, 15.59165915987317, -1.9881176362122546, -31.217735717525613]","[0.4674508871378294, -0.046638085542333625, 15.598700659540478, -1.901395136345233, -29.547053814573676]"
closed_loop,cartpole,125,47,0.12949436304478626,0.0,"[0.4176168821428183, -0.05365924142102105, 17.87616879969827, -2.0822098781089027, -30.25313248051138]","[0.22415322044075708, -0.04728030252390788, 19.361150737010806, -2.11083184287553, -29.965766199089405]"
closed_loop,cartpole,125,48,0.1596131161626146,0.0,"[0.3047905173000253, -0.0603602660007572, 20.54925585610617, -2.1970241852244707, -30.797700057460013]","[0.3817088100689974, -0.06371121656529576, 20.595674374009594, -2.3197451467071906, -31.416471875047876]"
closed_loop,cartpole,125,49,0.19972567748394168,0.0,"[0.017066029399225628, -0.06408302067244417, 25.727939605260698, -2.4925602779133484, -32.321583196963864]","[-0.012727747628510352, -0.06271632453824186, 25.83532663325226, -2.472951646348332, -32.05508404320496]"
closed_loop,cartpole,250,0,0.0009597821981327701,1.67372081278927e-05,"[-0.0011205683458151135, -0.0006914508868789763, -0.0032571417052996952, 0.02623792557207389, -2.2087124443586844e-05]","[-0.0011169733006501845, -0.0007336965613114198, -0.0032506805897253147, 0.02603962850418705, 1.4257373661640614e-18]"
closed_loop,cartpole,250,1,0.000509643043283598,3.442886685434132e-05,"[-0.0011886784510570366, -0.0004713657501485563, -0.0048666797300216886, 0.014844716837647466, 5.876049335341445e-05]","[-0.0011998277657839617, -0.0003617069169811406, -0.004877071994732747, 0.015482895422393698, -2.1686369443326377e-19]"
closed_loop,cartpole,250,2,0.0003210944419657469,0.0,"[-0.0010527331857768836, -0.0004480713664913892, -0.006207052549101862, 0.008664215924111011, 0.000146186249404373]","[-0.0010935945953170776, -0.000195241442576334, -0.0062625123425186415, 0.010502777199463591, 6.479546253211806e-19]"
closed_loop,cartpole,250,3,0.0003714234639458202,0.0,"[-0.000261015583053451, -0.0005374408283596763, -0.006224237616825402, 0.007095418705264027, 0.00020761448552285904]","[-0.00033585197970469375, -0.00024153916653192983, -0.006343241390183084, 0.009733866873508749, 1.5916266923903963e-18]"
closed_loop,cartpole,250,4,0.0008108958296977116,0.0,"[0.009003409901292558, -0.0009101174571786738, 0.018198142151026397, -0.006228525376042947, 0.00011400347641771788]","[0.008945650112834975, -0.0008228897048904776, 0.01807145742852835, -0.00529267313533801, -3.3787594062607227e-18]"
closed_loop,cartpole,250,5,0.019561553859701444,0.0,"[0.1800511171258472, -0.015896091569001677, 0.7249786199454317, -0.20980637015758294, -0.0017263857422383582]","[0.17961460366961843, -0.015925378851658113, 0.7221429305818589, -0.20959320013524954, 4.883699882456801e-17]"
closed_loop,cartpole,250,6,0.017420084946304357,0.0,"[0.08924473333844075, -0.009009345142373924, 1.640101553357051, -0.37391449146706757, -0.00018194798994217165]","[0.08998590058108577, -0.009109418796779116, 1.6356397538555252, -0.37372135369377235, 4.557459425689726e-16]"
closed_loop,cartpole,250,7,0.04517770005988764,5.4964621369890665e-06,"[0.2626959018853623, -0.025210145844759356, 2.873654255895683, -0.681999056323183, 0.0003816024937254871]","[0.26269150109970885, -0.025188201012003104, 2.8792179542915237, -0.6827393183637369, 1.9484198584354354e-15]"
closed_loop,cartpole,250,8,0.07224198562028238,1.3220940928704294e-06,"[0.5074076578170699, -0.04283273778659576, 3.6699513578414535, -1.022849077436891, 0.0008538845671191564]","[0.5229001936899663, -0.04403996487256392, 3.8985950448641655, -1.1068414280847112, 1.1900790525726659e-15]"
closed_loop,cartpole,250,9,0.13883744991720043,6.5287046737694254e-06,"[1.0702303358342027, -0.07632436439366208, 5.7791159742800735, -2.1596631837190374, 0.001191418163201785]","[1.0676403235040066, -0.07613573478840738, 5.7620220212105435, -2.151912076672298, 3.3410376025686336e-15]"
closed_loop,cartpole,250,10,0.16112206618723887,0.0,"[2.990017691014053, -0.10412485509703871, 8.408731858310817, -3.5450807371851174, -58.56887475259589]","[2.9875095223908676, -0.1040299630629057, 8.40361553583462, -3.5437329952364585, -58.48604879852106]"
closed_loop,cartpole,250,11,0.044806661155827945,0.0,"[1.083785272463579, -0.05153281655639575, 5.150607447795828, -2.808114997563825, -0.00019932424851276664]","[1.0879221842126785, -0.05144545781414641, 5.1318005670658335, -2.8026537166232797, 1.110005448975131e-16]"
closed_loop,cartpole,250,12,0.048203385016720585,0.0,"[1.2146338403841082, -0.057595760474261015, 4.636132706336586, -2.8722986626722333, -0.0007723227061919857]","[1.2086409295682186, -0.05722013019087791, 4.6072972607679725, -2.8516980256812547, -1.3632816283934809e-15]"
closed_loop,cartpole,250,13,0.048377680393857696,0.0,"[1.2831431175807424, -0.06055567519192984, 3.850237354530959, -2.797252652190919, -0.0007793202792578668]","[1.272495424296842, -0.05989717143757599, 3.806337217336528, -2.7645803470933026, -4.38654133904157e-16]"
closed_loop,cartpole,250,14,0.04575893620205657,0.0,"[1.2761760773832795, -0.059087705755183434, 2.845518178338806, -2.574482160738077, 0.0006014757765075984]","[1.25064519223934, -0.05782318518953682, 2.790420832210547, -2.5226508557461207, -6.866908853376356e-16]"
closed_loop,cartpole,250,15,0.04444782357285764,0.0,"[1.3668132347087456, -0.06221506221472902, 2.117231032976752, -2.5602227288918176, 0.0004961376066239254]","[1.385178681569016, -0.06297273417001867, 2.140494725024568, -2.600420897043872, 1.7982143811085737e-16]"
closed_loop,cartpole,250,16,0.04681357973828771,0.0,"[1.4612918771906096, -0.06604335380065424, 1.3562329581357522, -2.5644418763973547, 0.0003520696202077289]","[1.4388315014586377, -0.06463244056082458, 1.332497126746394, -2.512864240907347, 1.1674248363622195e-16]"
closed_loop,cartpole,250,17,0.0427579800630403,0.0,"[1.4654708785836452, -0.06521624156200216, 0.5090607091827422, -2.376542529319578, 0.00021465742355797346]","[1.4703861882082676, -0.06540971330640823, 0.5106031165095954, -2.384961979842674, -7.7637066352694e-16]"
closed_loop,cartpole,250,18,0.03609977502023201,0.0,"[1.4000161145023204, -0.06138225924226279, -0.264137412115357, -2.0839238306598653, 7.428550944954537e-05]","[1.5082556632962523, -0.06625421914761596, -0.30350033142068017, -2.2750554055082692, -5.032330273188499e-16]"
closed_loop,cartpole,250,19,0.036765826795303186,0.0,"[1.454182241413934, -0.06326976419206716, -1.0408576428922254, -2.0184880892271826, -0.00010648814008895613]","[1.53524847045504, -0.06665966711815806, -1.1089605517537684, -2.1491121121479924, 4.723098696045496e-16]"
closed_loop,cartpole,250,20,0.03688162783723207,0.0,"[1.5478296444884165, -0.06639792991924391, -1.8855186403549191, -2.005192618142614, -0.0002711375754245182]","[1.5677212010393327, -0.06716636446175067, -1.9102675292638724, -2.036876067845366, -1.872939478220718e-15]"
closed_loop,cartpole,250,21,0.03535524589859435,0.0,"[1.4713121792003825, -0.06300651551753908, -2.5170806443036, -1.7520163526381873, -0.00041448713400715764]","[1.5735238664932245, -0.06680514388509992, -2.671119761592531, -1.8836219866916422, -6.561860814095158e-16]"
closed_loop,cartpole,250,22,0.031895397899510486,0.0,"[1.528057592411598, -0.06432872985189876, -3.2958502558020637, -1.666954685464595, -0.000573179046080341]","[1.5941145107257866, -0.06701975839304829, -3.439933069787266, -1.7537067775124824, -6.284936332056596e-18]"
closed_loop,cartpole,250,23,0.03083097007255834,0.0,"[1.5825441023337747, -0.06588681302337679, -4.1164448591828044, -1.5918693547105986, -0.0007495409520101859]","[1.59808574715292, -0.06645148816355859, -4.151979433275975, -1.6130059244673354, 8.351899680195133e-16]"
closed_loop,cartpole,250,24,0.03314613273201038,0.0,"[1.580293707598454, -0.06607960548799759, -4.920727337866778, -1.5034519807160658, 1.2624190223832286]","[1.6709228038527209, -0.06756352025501675, -4.810219296100075, -1.4382082099832032, -2.9014278870677694]"
closed_loop,cartpole,250,25,0.03322661255056234,0.0,"[1.497657817548084, -0.06368659597739772, -5.717119015217312, -1.4624755384572188, 6.173288159350679]","[1.5281333007749998, -0.0643299660224345, -5.660097464462438, -1.4131896047159846, 4.41636796470401]"
closed_loop,cartpole,250,26,0.037071804470198595,0.0,"[0.7081160193632969, -0.04007702862038137, -5.430088910839141, -1.1595398952075384, 23.494457146610713]","[1.292274265412942, -0.05759094456873355, -6.261609067729264, -1.3051943217553987, 12.037916163748974]"
closed_loop,cartpole,250,27,0.03257259625108253,0.0,"[0.47070767438418804, -0.03091958849981003, -5.4497794222170715, -0.9623479403227209, 27.221430842897647]","[0.3596530269467594, -0.0273411555074317, -5.309433005371841, -0.9737246528854014, 30.176581040228584]"
closed_loop,cartpole,250,28,0.027815098809618216,0.0,"[0.8123016456767175, -0.04002581439035361, -6.27850041643728, -0.8576501377438711, 18.064192404428773]","[0.726881382254757, -0.037286066094458906, -6.174656007108149, -0.869941364345199, 20.395199472510807]"
closed_loop,cartpole,250,29,0.024838874397415764,0.0,"[1.1268109743403658, -0.04891411466737083, -7.186323223442796, -0.7664184860279244, 10.45705030250826]","[1.0691713697692904, -0.04706374357222938, -7.106430493449635, -0.7696381809317884, 11.896963309548669]"
closed_loop,cartpole,250,30,0.02529721832437585,0.0,"[1.484001319936937, -0.06028351262851055, -8.446471513306951, -0.7034712139718977, 3.68686897143558]","[1.450573935640617, -0.058977354166870645, -8.303162622224727, -0.6957228338290424, 4.011033601434027]"
closed_loop,cartpole,250,31,0.02664198090284087,0.0,"[1.1535951279924035, -0.04909541024558153, -8.03900498972388, -0.4608464057831441, 7.209686946040527]","[1.3414113781464982, -0.05424288980643008, -8.155569957123193, -0.5131940552059053, 3.3263446738078732]"
closed_loop,cartpole,250,32,0.02044534650302567,0.0,"[1.8556910201871157, -0.0697188788780685, -9.07226066361378, -0.452327989790796, -9.529578059532696]","[1.7870145261201251, -0.06746240005725693, -8.963649981640812, -0.4499897403140898, -7.947325858791913]"
closed_loop,cartpole,250,33,0.019767365978157456,0.0,"[1.8541130911817987, -0.0693793937639339, -9.076205995540302, -0.34792724996247903, -11.064001035237176]","[1.862034636311395, -0.06970339722993997, -9.116385152109247, -0.34882655291508013, -11.129754296917266]"
closed_loop,cartpole,250,34,0.020337803611425953,0.0,"[2.2668606976542476, -0.081997676025725, -9.698583810364454, -0.311640871247457, -21.370743504141693]","[2.3235528972067976, -0.08426906853141723, -10.100964208324655, -0.3285362974606665, -21.21678390708489]"
closed_loop,cartpole,250,35,0.024527960276247946,0.0,"[2.462704363038831, -0.08889669759488035, -9.724888605665814, -0.3054202849573557, -26.860222983038604]","[2.6707121468822055, -0.09612132938072486, -10.767293897764416, -0.36833619649370525, -27.844506024418518]"
closed_loop,cartpole,250,36,0.029675228261190876,0.0,"[3.056143862983231, -0.10899953708393628, -11.260507428188792, -0.3902340694548307, -37.19075206576606]","[2.8340331999341313, -0.10099999938469943, -10.754404410073876, -0.372973861313143, -32.642398221162864]"
closed_loop,cartpole,250,37,0.028168205825825677,0.0,"[2.962931754448647, -0.10561406446444412, -10.377201028049747, -0.46447080790234274, -36.05913219296684]","[2.962154568256902, -0.10563250708564094, -10.374969779866833, -0.46262414717795597, -36.07121488358468]"
closed_loop,cartpole,250,38,0.03112937684648243,0.0,"[2.7457145595162196, -0.09927436712340763, -9.128795096534699, -0.4747346440220769, -33.862078961122556]","[3.073572396746028, -0.11004107879234716, -9.956028610651286, -0.5680676839672535, -38.78803249860741]"
closed_loop,cartpole,250,39,0.02932247866246203,0.0,"[2.8534975531899587, -0.10225985123703481, -8.68099964282521, -0.6098582771995199, -36.16836067036557]","[3.0599141838418205, -0.1098713776795669, -8.829598755938067, -0.6982733481926784, -40.32892958811247]"
closed_loop,cartpole,250,40,0.035947121844188266,0.0,"[2.7664219270108514, -0.10008256119322291, -5.98368797431335, -0.8388750059460655, -40.05935524353386]","[2.831288836064139, -0.10269966853004685, -6.698574836311011, -0.8284680355085827, -39.345904833516485]"
closed_loop,cartpole,250,41,0.03420329661079759,0.0,"[2.380051213157103, -0.08781565839141936, -3.919391004589245, -0.9037318250613815, -35.39411270416581]","[2.3632559196779583, -0.08726720959298549, -3.8140245978830194, -0.9014378051579753, -35.31801018947103]"
closed_loop,cartpole,250,42,0.037333613057774,0.0,"[1.6139457097320868, -0.06370554957650948, 0.2947979332746751, -0.9153428591512776, -27.555273215788077]","[2.1976716816658084, -0.08409309200455181, -1.1342428530944788, -1.1223982901003116, -35.83914617761223]"
closed_loop,cartpole,250,43,0.04896787178691208,0.0,"[1.7014198502634164, -0.06994714684603794, 2.4030126292414344, -1.2192157305096436, -32.01038173811797]","[1.6340417185514233, -0.06782719691969527, 2.599782409338689, -1.2047806151102582, -30.953485999319906]"
closed_loop,cartpole,250,44,0.05335542584640243,0.0,"[1.369450296971287, -0.06143482103589941, 5.509428140949628, -1.3357072437728625, -31.157761177936926]","[0.27055529820633456, -0.024844446136265283, 11.248591676285184, -1.2095795927924642, -22.30348482518535]"
closed_loop,cartpole,250,45,0.06997438530740974,0.0,"[0.49589384527590297, -0.03868974477945751, 11.82436182465661, -1.425401345099387, -24.93153473066835]","[0.08926879739441128, -0.024649370066800978, 14.359726392356864, -1.3972112444984803, -22.841281729409694]"
closed_loop,cartpole,250,46,0.07934981597980481,0.0,"[0.438143171636903, -0.04193224238787074, 13.586931292314798, -1.5315309926452525, -24.95210089340264]","[0.009195097374565694, -0.028957252338392067, 16.75135403239096, -1.5504252813359587, -23.666080992121167]"
closed_loop,cartpole,250,47,0.10861005828310286,0.0,"[0.05854497294836925, -0.0395153048669033, 18.558227592449867, -1.7135862282083885, -25.21311251834591]","[-0.002351750141372844, -0.037163365665522974, 18.869482421292314, -1.6966730422225365, -24.81797016596134]"
closed_loop,cartpole,250,48,0.13578822861493856,0.0,"[0.14713123432799818, -0.05374141304947855, 20.03781306847555, -1.8215391797229217, -26.494471898446015]","[0.09803105615273365, -0.051371124193998384, 20.32307721441212, -1.8202869885675723, -26.063800501658594]"
closed_loop,cartpole,250,49,0.16471623853364586,0.0,"[-0.13192378497901575, -0.05599040220542044, 24.517997019979557, -1.9365528598444088, -27.711243697792423]","[-0.20105733115125055, -0.052795060839585524, 24.812717535427623, -1.9059123520639343, -27.22890396072634]"
closed_loop,cartpole,500,0,0.001445951002507332,1.695826762215802e-05,"[-0.0016348447688700773, -0.0009252281583630495, -0.005473577930658602, 0.032081751635674685, -3.480223974248591e-05]","[-0.0016255104407485897, -0.0009933311048497615, -0.005446865597310113, 0.03178164341049249, 3.65992749117153e-18]"
closed_loop,cartpole,500,1,0.0008489718140139844,7.222051407040908e-05,"[-0.0018073874696968042, -0.0007386456757593758, -0.007651148464444078, 0.018607388460632732, 0.0001197211588960644]","[-0.001833002269182558, -0.0005152830335327567, -0.007687025217487953, 0.019920193898728067, 1.6404928782887873e-19]"
closed_loop,cartpole,500,2,0.0007010601932816172,0.0,"[-0.001770858669340381, -0.0009053726225414433, -0.009617081071361734, 0.010058195607932564, 0.0003531425360016334]","[-0.0018699130597516875, -0.000294156288629004, -0.00975218829620775, 0.014495075268701517, 2.2458923195418426e-17]"
closed_loop,cartpole,500,3,0.0010477567838246215,0.0,"[-0.0011146280692213917, -0.0013547106188643995, -0.010589567407226115, 0.004857054585599835, 0.0007275676191952176]","[-0.0013776049821709905, -0.00031575859612611995, -0.011007672396611708, 0.014108898563808276, -6.030544661182075e-18]"
closed_loop,cartpole,500,4,0.0017732709447721808,0.0,"[0.006014204610752705, -0.0016888999843199435, 0.00509650125636952, -0.006771480668925144, 0.001315443126667097]","[0.0053910210991507425, -0.0006765562104931277, 0.003766963879559938, 0.004040119189416737, -4.8090582019216496e-18]"
closed_loop,cartpole,500,5,0.010280261245897818,0.0,"[0.1326719025185132, -0.010881419375140597, 0.4628701523452254, -0.12897706406958034, -0.0008805116391860327]","[0.1326051653743505, -0.010906086915089798, 0.4592984035777588, -0.128588025144609, -8.609719929228079e-17]"
closed_loop,cartpole,500,6,0.009362234208269864,0.0,"[0.07313755547889347, -0.006769267715297851, 0.9608129398461969, -0.19203892064636124, 2.8220010381618116e-05]","[0.07424740881621908, -0.006893933087149204, 0.9576298595698115, -0.192357787045541, -1.059567841769441e-15]"
closed_loop,cartpole,500,7,0.03148576509911077,0.0,"[0.21599549587261208, -0.021055365276093363, 1.7225831237504017, -0.3187450181173438, 0.0004311400870647686]","[0.21553262147001245, -0.020989986738231797, 1.727096639238813, -0.3194997661666806, 8.409129106543985e-16]"
closed_loop,cartpole,500,8,0.05177141375236026,1.7868281929622754e-06,"[0.3330292125575933, -0.032779810945075996, 1.6662951712188525, -0.2752494501886462, 0.0007399161288129674]","[0.35248542266806926, -0.03404423667373076, 1.8788587855158112, -0.33909222700735403, -2.0018694234763247e-15]"
closed_loop,cartpole,500,9,0.09426898879400855,0.0,"[0.47079509552669324, -0.047932771156319914, 1.4582867416058454, -0.16855056700861137, 0.0008317500572516678]","[0.4855200297276039, -0.04884239194498329, 1.5592472386685976, -0.2069678867204662, 2.6046294737332282e-15]"
closed_loop,cartpole,500,10,0.09755911964339486,0.0,"[1.9604308019751278, -0.055731550972961307, 2.20608542901085, -0.3250112761195689, -61.71948428957384]","[0.1861409027743396, -0.01713712550473645, 1.4627322763766313, -0.2966829910743425, 5.172117214004515e-17]"
closed_loop,cartpole,500,11,0.006126046243860999,0.0,"[0.11725871639091008, -0.008678687340161112, 0.6573627602590406, -0.18735657360278157, 0.00033583486981114685]","[0.16952315603533324, -0.011219517687166568, 0.8942765390460513, -0.29948761966376064, -2.7207569928909232e-17]"
closed_loop,cartpole,500,12,0.00872410424794006,0.0,"[0.23247310233981203, -0.014730473574307625, 1.0035163587929232, -0.3961148144711474, 2.4101737950865676e-05]","[0.2619270642481426, -0.01581651910935058, 1.0715079061488173, -0.4408177904193628, 6.958644985122218e-17]"
closed_loop,cartpole,500,13,0.008336834232798072,0.0,"[0.25824619902705076, -0.015662556254899557, 0.8441750818779669, -0.3894359849300741, 0.00031945392528848204]","[0.2699808984259231, -0.01620414867519692, 0.876710309175402, -0.41101732452860595, -1.7047496626155305e-16]"
closed_loop,cartpole,500,14,0.00793142229923552,0.0,"[0.2628507333077756, -0.015704037032071808, 0.6573344863168098, -0.3603933759357888, 0.00029367624517578905]","[0.307758042014362, -0.01776302645344154, 0.7528960529005377, -0.437751060090507, -3.548526513600127e-17]"
closed_loop,cartpole,500,15,0.007413738416319314,0.0,"[0.2702129722625137, -0.015776779829248463, 0.4795630959732987, -0.33841436568794964, 0.0002578184913532844]","[0.3320810309428446, -0.018659183154050078, 0.5763046283855288, -0.43828130936486537, 1.127590230175074e-16]"
closed_loop,cartpole,500,16,0.009753665776593626,0.0,"[0.3924348745254974, -0.021552812723601187, 0.43135735628018385, -0.49500517218631035, 0.00021040270877836775]","[0.35665141723927657, -0.019527159486544248, 0.3858032380850208, -0.4373708006546777, 2.1347063389192385e-16]"
closed_loop,cartpole,500,17,0.009733222552809355,0.0,"[0.303750796976366, -0.017396535134376032, 0.15813419021484, -0.32960233583638765, 0.00018098634411911618]","[0.3630983640722983, -0.019689025728190156, 0.17499571250558627, -0.40641422869643423, -1.6360476971850654e-16]"
closed_loop,cartpole,500,18,0.008148926151444292,0.0,"[0.38240777867328807, -0.020227846977957764, -0.03751810160034462, -0.3967022044351615, 0.00012494220693892721]","[0.3841760580336633, -0.020312089197042953, -0.03773494137021199, -0.39893402813660134, -6.384923722877207e-17]"
closed_loop,cartpole,500,19,0.007725764100264343,0.0,"[0.3804375939308834, -0.019796800159396652, -0.2465802345172137, -0.35978485931691373, 8.770287828285817e-05]","[0.399072806798537, -0.020639455051205544, -0.2582706142508554, -0.3825016866661095, -2.5827619789690385e-16]"
closed_loop,cartpole,500,20,0.007134939922300144,0.0,"[0.4113851961961698, -0.020694753627166062, -0.4787022802881483, -0.36543870111559423, 3.001223395360242e-05]","[0.4274184704562225, -0.021418571476228516, -0.49681080959626656, -0.3836234172317396, 1.3930991147033137e-16]"
closed_loop,cartpole,500,21,0.007438097663417607,0.0,"[0.43319960938624924, -0.021446045286442603, -0.7234963615370749, -0.35135545652809563, -3.421596511921088e-05]","[0.4328742704972518, -0.02143477116850218, -0.7230896077722035, -0.35099543466255456, 8.730393508402201e-17]"
closed_loop,cartpole,500,22,0.00890266487235588,0.0,"[0.5505528453163033, -0.026348070510575264, -1.1810936452112648, -0.4298617080792908, -0.0001607744855820492]","[0.45958595320484485, -0.022245139344515004, -0.9868636955913348, -0.3421340216352294, 1.5036196101062083e-16]"
closed_loop,cartpole,500,23,0.006692967690748315,0.0,"[0.4944966165440233, -0.02324001926463745, -1.2791883215130242, -0.3442841721944989, -0.0001557842442322377]","[0.4761855292651774, -0.02244185395886585, -1.2332493596905592, -0.3282039047002322, 4.277890852540182e-17]"
closed_loop,cartpole,500,24,0.008361102056681207,0.0,"[0.4859985585097072, -0.02304225657230892, -1.518017001025211, -0.29034026385939343, -0.00025046234939285483]","[0.54399418501558, -0.02516695528857314, -1.651014172003189, -0.33865497329218663, 7.126602152307051e-17]"
closed_loop,cartpole,500,25,0.011377597461049556,0.0,"[0.9455937351708585, -0.03910255514119091, -2.7135191648641044, -0.44310354165959664, -5.821150891496556]","[0.7211681451170195, -0.03221588293758268, -2.45767651502644, -0.4254245163824144, -2.721347886541292e-16]"
closed_loop,cartpole,500,26,0.009548507287543537,0.0,"[0.07349239672266049, -0.00979329769627782, -1.30906987658358, -0.10801149369070029, 8.179585467013897]","[0.5563073340553248, -0.026103677231546624, -2.314256254519795, -0.2786218861996284, 1.2489206605628953]"
closed_loop,cartpole,500,27,0.00960427015492794,0.0,"[0.04885386882194585, -0.01084607012170261, -2.03539745325261, -0.19934092083569344, 14.212505993060232]","[0.03435701397319888, -0.010318028582101273, -1.991982770233587, -0.19224122436836996, 14.321973057454152]"
closed_loop,cartpole,500,28,0.011910609817886005,0.0,"[0.04640158111220313, -0.010957004039444298, -2.421215146370113, -0.1673168750081739, 14.678423287892446]","[0.4329981339249003, -0.02199397569585316, -2.8014340149873176, -0.21799822495704813, 5.491389637137818]"
closed_loop,cartpole,500,29,0.009291043875682718,0.0,"[0.8404724550994886, -0.03466476470622222, -3.8231131423356572, -0.2393389368929117, -2.6056405981371054]","[0.8045963625696072, -0.03343232294450284, -3.73714997831083, -0.2352709581167233, -1.925351405525304]"
closed_loop,cartpole,500,30,0.013432044823632161,0.0,"[0.8449655171788213, -0.03591030776237093, -4.367390268503022, -0.17407040748390845, -1.8428558189407944]","[1.214225476336967, -0.04693249247259728, -4.993093719021964, -0.2672984538112862, -8.603337512246863]"
closed_loop,cartpole,500,31,0.013137458883499709,0.0,"[1.1658802522877945, -0.04521769802828416, -5.119516223110798, -0.17292237657585863, -8.73476855437886]","[1.1188609240331056, -0.04365216514521775, -5.0764352224436955, -0.18471381194229003, -7.101807663761239]"
closed_loop,cartpole,500,32,0.013228633309832885,0.0,"[1.5046025143238602, -0.0556144337609373, -5.979157292796824, -0.18616466637432372, -15.430386629826073]","[1.5934851101733805, -0.05832942173734921, -6.124372015365825, -0.21808454068343802, -16.877387161672097]"
closed_loop,cartpole,500,33,0.01527494067694731,0.0,"[1.6793906958087053, -0.06188296499065606, -6.697836434021127, -0.1835562987928383, -17.618876426919375]","[1.6253745864356715, -0.05989477194470869, -6.4749641049256, -0.17425912283683498, -17.05939246896727]"
closed_loop,cartpole,500,34,0.01987760137443668,0.0,"[2.2033828361929495, -0.07875984637970433, -7.96989839335728, -0.21927230416157983, -27.838380325489684]","[2.1143331438594903, -0.07577129551476065, -7.830424927378244, -0.21321150374758902, -25.662548892589392]"
closed_loop,cartpole,500,35,0.02772355075514664,0.0,"[2.5500675359382767, -0.09188926071903666, -9.20050740035073, -0.27237689534895126, -32.25391560474452]","[2.2982312443014203, -0.08258411573244105, -8.373357072112041, -0.25769703826025303, -27.82159638194767]"
closed_loop,cartpole,500,36,0.024477474548860307,0.0,"[2.6985986808228994, -0.09566708243094828, -9.292407042687884, -0.31898451754207346, -35.3749983792231]","[2.5767146748923513, -0.09151299185282352, -9.16647578861254, -0.30044424975833806, -32.32474402060207]"
closed_loop,cartpole,500,37,0.022970370920993893,0.0,"[2.5645039279388695, -0.09163077281790721, -9.020337659630162, -0.3478351676354115, -31.28084384223346]","[2.6315652444528688, -0.09389228917761473, -9.093193290080887, -0.368972579280647, -32.6579255611041]"
closed_loop,cartpole,500,38,0.023928200622076283,0.0,"[2.383335841997808, -0.08605006062462439, -8.127845326033807, -0.3657143859111946, -28.70813983604194]","[2.5206901676037328, -0.09079523104925169, -8.390897037120883, -0.40941517271568506, -31.01673620981601]"
closed_loop,cartpole,500,39,0.028154302416999354,0.0,"[2.892407189956381, -0.1037222883290443, -9.548217248262445, -0.5602578739630172, -34.703766966153296]","[2.720457982282806, -0.09738606086173202, -8.501176179720495, -0.5450705136559665, -33.93141260580044]"
closed_loop,cartpole,500,40,0.025124759277467813,0.0,"[2.410409717991838, -0.08681017656383694, -6.451731760305604, -0.6204225655396768, -31.198590497999945]","[2.437653176056048, -0.0879838290793403, -6.653754318247597, -0.6174087991568624, -31.247272805610255]"
closed_loop,cartpole,500,41,0.022620172452157073,0.0,"[1.9843123178242041, -0.07261407024694452, -4.0033199705305496, -0.6597260579129859, -27.443720733705703]","[1.9583453712940289, -0.07167641068193517, -4.207843453509508, -0.6318721502317189, -26.32882682908376]"
closed_loop,cartpole,500,42,0.02989573794348743,0.0,"[1.7714396178102645, -0.06793578454261844, -2.1535889557244876, -0.7683024628794027, -25.188211209164578]","[1.5812654458538857, -0.061059053625835046, -1.3133614629674677, -0.7391394889365893, -23.201379751568354]"
closed_loop,cartpole,500,43,0.02893926020379323,0.0,"[1.2000889056215753, -0.04938614016879846, 1.6222898257068397, -0.8275146070660897, -20.94399841526124]","[1.1797928691337805, -0.04922593201486714, 1.6829743852106185, -0.8210670520455224, -20.40385896619008]"
closed_loop,cartpole,500,44,0.03146061498692622,0.0,"[1.0978137359392235, -0.04857021575474643, 2.8721399082994545, -0.8935627586946978, -20.458245153414506]","[0.3430199237681935, -0.02296757797987618, 7.38786462465208, -0.850750835485536, -15.934464414958907]"
closed_loop,cartpole,500,45,0.049516390574429435,0.0,"[0.5271505078165647, -0.0356509671475206, 8.602275622833961, -1.0843547998810072, -19.538297235400766]","[0.14556844743990424, -0.0211269187546666, 10.380149959111053, -0.9975672940654667, -16.260734907720746]"
closed_loop,cartpole,500,46,0.05262479265678577,0.0,"[-0.06760465369910647, -0.018773423895330633, 13.04126152889609, -1.0593199325311962, -16.185150297476866]","[0.0476778794767572, -0.02370168712005014, 12.70691131180761, -1.1135753599854425, -17.03331621613939]"
closed_loop,cartpole,500,47,0.07830530017590916,0.0,"[-0.039358721599626646, -0.029293089450793324, 15.174063962559172, -1.2138955841094576, -18.800434517504996]","[0.015229666343208985, -0.030017801467593832, 14.830440294831515, -1.226426001730436, -18.239571222993256]"
closed_loop,cartpole,500,48,0.09258313883002078,0.0,"[0.07097063925295305, -0.041641008833847096, 16.563140405996155, -1.3294192192452452, -19.656631103264072]","[0.0957183501150609, -0.042310413854781924, 16.345682040200256, -1.324347500624178, -19.654012721574755]"
closed_loop,cartpole,500,49,0.11689807540429896,0.0,"[-0.05635270686189272, -0.04805207184103352, 19.716426740001847, -1.4048929154990595, -21.411811882841015]","[-0.12410791136815506, -0.04490669176002278, 20.05132842808845, -1.3861457066207774, -20.97524810078895]"
open_loop,quadrotor,0,0,347.6555420160015,0.0,"[-58.74600207436797, 5.989310263115361, -0.13557920745496577, 6.093847689588994, 30.073647952439995, 21.81246898992825, 0.0]","[-58.7253413982534, 5.987719382722863, -0.13551565159037213, 6.0946737975157665, 30.085253320299135, 21.784815239654513, 0.0]"
open_loop,quadrotor,0,1,441.85498022118617,0.0,"[-61.23182185239245, 6.179988500282731, -0.21479745308594642, 6.737917064042298, 28.830836594793855, 23.926489474495614, 0.0]","[-61.20882088195301, 6.1784881206684705, -0.214542476450664, 6.740655568037826, 28.768450379866827, 23.908430587615598, 0.0]"
open_loop,quadrotor,0,2,537.7694497812088,0.0,"[-77.36549556586232, 4.717931637223924, -0.593478983443248, 7.740311723689382, 53.80106798501243, 26.231388039366006, 0.0]","[-77.34412156449712, 4.718020642969647, -0.5934840611335226, 7.744685797471157, 53.707576889389685, 26.20422015765559, 0.0]"
open_loop,quadrotor,0,3,517.8323227746977,0.0,"[-72.73807882021451, 6.4478062926587665, -0.4171966514147134, 7.212857119791753, 43.48506362079379, 25.449254942849816, 0.0]","[-72.71059644476871, 6.44833036674013, -0.4170875997137695, 7.218568306289508, 43.41472741786453, 25.4179973409511, 0.0]"
open_loop,quadrotor,0,4,446.86586714318463,0.0,"[-64.97915541535873, 1.4187116763287582, -0.7865050618513846, 6.851691832333718, 48.06105238392598, 24.892313864469394, 0.0]","[-64.9585245378974, 1.4211226929722836, -0.786179827240206, 6.857306283785657, 48.03791628041395, 24.862312392984204, 0.0]"
open_loop,quadrotor,0,5,401.5012316071655,0.0,"[-58.208743106920245, 1.8844956380929547, -0.58621651892701, 6.638187013397002, 36.31610758002907, 24.737116961006937, 0.0]","[-58.1797262148222, 1.884655219124867, -0.5858982792277426, 6.641945304567783, 36.281978469153906, 24.699776627320286, 0.0]"
open_loop,quadrotor,0,6,374.71716224497226,0.0,"[-53.975680970696345, 4.930693081984226, -0.2292200263112998, 6.272885984188864, 23.843167166833876, 22.636860644195433, 0.0]","[-53.95329198132166, 4.929213709309534, -0.2290293996201065, 6.274672083369474, 23.8555600080791, 22.609174483901718, 0.0]"
open_loop,quadrotor,0,7,339.1513732035197,0.0,"[-53.731941772407616, 4.962088335751893, -0.3207426448764702, 5.957988257744602, 24.129157982026857, 22.79042085583634, 0.0]","[-53.69931955934005, 4.962784408411519, -0.32019602426097676, 5.9637291449266465, 24.119512901584876, 22.760153166401977, 0.0]"
open_loop,quadrotor,0,8,500.15740839650044,0.0,"[-71.14793869369838, 2.235556615451431, -0.7774676054495082, 7.1761853264184365, 54.55205445064889, 25.03839236514568, 0.0]","[-71.13470447200598, 2.236253717172245, -0.7771452128268078, 7.1822669547886795, 54.479550030499055, 25.023109832451034, 0.0]"
open_loop,quadrotor,0,9,339.23986737648806,0.0,"[-54.55804720897284, 3.4973773502181245, -0.4691546262842284, 5.995253262957684, 29.412882819583466, 23.19192510528945, 0.0]","[-54.52663767166658, 3.4975502386917308, -0.4687662424501091, 5.999152056559941, 29.37266506403163, 23.151829658356423, 0.0]"
open_loop,quadrotor,0,10,457.6329221649805,0.0,"[-67.38388020775234, 0.697034200079567, -0.8768222599162283, 7.116884047998106, 52.57882565249016, 25.507233799665062, 0.0]","[-67.36163578686235, 0.6993285092091495, -0.8766301731110383, 7.122059558003669, 52.586518314593896, 25.475285040865472, 0.0]"
open_loop,quadrotor,0,11,519.485720669333,0.0,"[-72.03275914998916, 6.605038748508427, -0.36523617405332476, 7.256283217005936, 41.52236398625901, 25.53934859063017, 0.0]","[-72.00734385284159, 6.605473578155679, -0.3651754392644409, 7.260201236280785, 41.51324816893338, 25.504605537845844, 0.0]"
open_loop,quadrotor,0,12,362.3963723633852,0.0,"[-58.52540509791945, 3.4454746952755526, -0.44712369453535944, 6.483832884023875, 33.54195017340876, 23.937072661010053, 0.0]","[-58.491932630497566, 3.4459254626127525, -0.4470566262167561, 6.487831325787297, 33.526013277733554, 23.900026733915873, 0.0]"
open_loop,quadrotor,0,13,497.30366048239904,0.0,"[-71.12003832457134, 5.812356118956471, -0.39560448461773595, 7.535254771637368, 41.108747387473784, 25.90479299101825, 0.0]","[-71.08328708063189, 5.813026381522715, -0.394953711208954, 7.540713589569942, 41.074647430437224, 25.87121266571967, 0.0]"
open_loop,quadrotor,0,14,427.3612858482733,0.0,"[-64.18684208234133, 2.8145015396497644, -0.6934945305301121, 6.735395736080702, 43.22763295962729, 24.594607671352932, 0.0]","[-64.17028435089438, 2.8152301201720444, -0.6937471792396629, 6.738516275185939, 43.21420140192712, 24.56718357242871, 0.0]"
open_loop,quadrotor,0,15,432.30686696321686,0.0,"[-63.882339180837725, 6.9760968938141295, -0.12793196027779377, 6.6673916488477625, 31.381477709887047, 23.565313088111154, 0.0]","[-63.8571115305461, 6.974462364598673, -0.12778396011704815, 6.670370196330401, 31.365806497640953, 23.537888126444336, 0.0]"
open_loop,quadrotor,0,16,320.50582136119584,0.0,"[-54.46600672381937, 4.844234410789053, -0.3299770153226387, 5.960076659855979, 25.89047294548725, 22.67158769597823, 0.0]","[-54.43335915789056, 4.844813938226928, -0.3297662911409179, 5.963038397262274, 25.862706016787126, 22.63324513149224, 0.0]"
open_loop,quadrotor,0,17,505.01940973697265,0.0,"[-72.22782779522558, 1.62125649909392, -0.8514766017491866, 7.267158255470385, 58.60436187201182, 24.48905811832004, 0.0]","[-72.22405067219405, 1.6202617185715644, -0.8517836995098265, 7.269976951504223, 58.64677119773018, 24.482421107329028, 0.0]"
open_loop,quadrotor,0,18,396.95100981220304,0.0,"[-56.18327406817167, 6.846282573947951, -0.05923877207934558, 6.161972056327585, 22.284599045557822, 22.36854822855327, 0.0]","[-56.15975557726536, 6.845534628771598, -0.0591088495281429, 6.162651747352972, 22.27347559045115, 22.33288262466697, 0.0]"
open_loop,quadrotor,0,19,450.27089120153175,0.0,"[-70.9185294018114, 3.5857798988615213, -0.6625096526835271, 7.23972306957393, 49.52402312546052, 25.21875780477515, 0.0]","[-70.90297686504681, 3.5864632109224868, -0.6625305986694316, 7.242718511419729, 49.516081548697244, 25.19311372235492, 0.0]"
open_loop,quadrotor,0,20,516.2987865953766,0.0,"[-70.12533884954844, 5.490575203662377, -0.41163420868908696, 7.316151285772445, 41.68310097611128, 25.491065427044905, 0.0]","[-70.09482470080755, 5.492741138118567, -0.41139049510278, 7.320776077746379, 41.66972786904423, 25.455343061674217, 0.0]"
open_loop,quadrotor,0,21,416.9999658418077,0.0,"[-77.84208191768444, 4.606325437993787, -0.5650444234132688, 7.9417520756711015, 55.06996289113899, 25.647783078588517, 0.0]","[-77.83633033871595, 4.604829155892175, -0.5651085285217439, 7.9440935901277125, 55.00227936811882, 25.643234283561924, 0.0]"
open_loop,quadrotor,0,22,287.92263467521593,0.0,"[-50.666558977959184, 7.00898854594296, 0.030907778300643337, 5.651411802501373, 18.577291977649587, 19.165949982452275, 0.0]","[-50.64971643442039, 7.008523947245778, 0.03093204888143997, 5.651846645350545, 18.56714279854294, 19.14922432297995, 0.0]"
open_loop,quadrotor,0,23,345.2794331808133,0.0,"[-58.58067760570713, 5.519503962696211, -0.23804234445173655, 6.138594275244234, 29.822423036952074, 22.79846108360695, 0.0]","[-58.54700536100943, 5.5187860989723365, -0.23777372387485224, 6.142079010704501, 29.79704632016066, 22.762950163739546, 0.0]"
open_loop,quadrotor,0,24,360.8486294239252,0.0,"[-56.35052411963093, 5.637445342558541, -0.1620165036154926, 6.038360009481393, 26.939107208391132, 22.174408376539766, 0.0]","[-56.32727332828818, 5.636593464735857, -0.16165652683285733, 6.040422044373895, 26.915069238610954, 22.1394984914751, 0.0]"
open_loop,quadrotor,0,25,469.9325490870541,0.0,"[-67.73369631048004, 4.11752392666286, -0.5179925226205033, 7.268121665268875, 41.814671451340516, 25.72262457716585, 0.0]","[-67.70246126790484, 4.117277772249072, -0.5177734186459465, 7.272162378622931, 41.81439934493499, 25.68968943787242, 0.0]"
open_loop,quadrotor,0,26,260.4971697483034,0.0,"[-47.06655654338566, 5.271904407046699, -0.1829441348392634, 5.208972600572061, 18.274270156614445, 20.007305456404037, 0.0]","[-47.04206706042607, 5.271922715183754, -0.1826608788895083, 5.211839121429393, 18.240700865697896, 19.985700978190906, 0.0]"
open_loop,quadrotor,0,27,344.778772396352,0.0,"[-56.00557442285169, 3.2477594814074573, -0.547351202149798, 5.9469213689142455, 32.81689169864335, 23.16046348573172, 0.0]","[-55.97982045776024, 3.246506863116958, -0.5467889939064353, 5.953440626788027, 32.72771218103187, 23.13005125876735, 0.0]"
open_loop,quadrotor,0,28,480.0011803528324,0.0,"[-74.07835265292263, 0.39013340143435854, -0.938090636007443, 7.48311352768467, 63.5937128393317, 25.39105456265148, 0.0]","[-74.07736419832393, 0.3901374023023755, -0.9384172527156706, 7.486185270657429, 63.58298194297449, 25.393944208396142, 0.0]"
open_loop,quadrotor,0,29,300.43745751642155,0.0,"[-54.2734483631404, 6.4444305947871605, -0.05448308325909138, 5.641569900001783, 24.39829637119016, 20.57018904872529, 0.0]","[-54.24771754936028, 6.443058017202755, -0.05434803870927417, 5.642542631683064, 24.377708991530604, 20.538678052341005, 0.0]"
open_loop,quadrotor,0,30,414.90635895007256,0.0,"[-65.36364625129774, 3.2708850464236927, -0.6579516371500038, 6.992472008053469, 41.85148131235042, 25.444475927987305, 0.0]","[-65.33616853917655, 3.271452401025081, -0.6576505250203536, 6.9975501588529445, 41.78434236010452, 25.41296350394898, 0.0]"
open_loop,quadrotor,0,31,337.5894409896219,0.0,"[-55.038934438084176, 7.240685012170931, 0.038242550220148726, 5.899150987529495, 22.236511651602626, 20.68040685717327, 0.0]","[-55.016262469505264, 7.238741147874316, 0.038291368624412736, 5.900188267738326, 22.226028341657102, 20.65745501579397, 0.0]"
open_loop,quadrotor,200,0,195.08730941660235,0.0,"[-274.39805363898694, 143.73148016123682, -0.8648159996761055, 31.25777708654524, 1524.2748602121474, 90.56477057393845, 0.0]","[-274.41790977141085, 143.6569676921858, -0.8659750149203355, 31.168054124847927, 860.5279706987174, 90.9514424102896, 0.0]"
open_loop,quadrotor,200,1,222.18190422601688,0.0,"[-226.68851017957329, 137.2705741076275, 0.19485610730627048, 34.246118776680554, -12454.03512696657, 0.31805883827054915, 0.0]","[-227.60806894736064, 138.74750877527828, 0.19502222382520848, 34.23624347795486, -12852.658698507737, 0.9061697587892382, 0.0]"
open_loop,quadrotor,200,2,244.26555792998772,0.0,"[-214.08831708056303, 118.61385542443074, -1.6662754550925531, 38.3802351166205, -42416.434889334814, 20.64735312192503, 0.0]","[-214.83152728448894, 117.7153079070953, -1.6729926926494634, 38.532131340803645, -44650.657450891624, 21.43437361059831, 0.0]"
open_loop,quadrotor,200,3,238.75436529328567,0.0,"[-327.02253461718874, 168.34069764574767, -1.3045461413471768, 40.78355461458918, -9165.628307594776, 105.5863159041634, 0.0]","[-326.7272780801368, 169.09445889971366, -1.2990980918737398, 40.62025083278137, -9389.43033542629, 104.57750955371085, 0.0]"
open_loop,quadrotor,200,4,180.46453676566668,0.0,"[-223.02464367328915, 115.2957995303265, -4.148157813093102, 28.989517950576694, -10747.576369558923, 77.41668788279085, 0.0]","[-242.41202741621697, 134.64844105093997, -4.401787710962841, 25.765012071380085, -10338.466679312372, 66.2518040880437, 0.0]"
open_loop,quadrotor,200,5,179.61543416390916,0.0,"[-165.05130280253763, 102.67198117250479, -2.133909278637166, 27.39185767170767, -13521.647158942604, -10.509924536556763, 0.0]","[-245.18195323569637, 149.14648609226555, -2.986352062989359, 24.07211879648231, -933.0043175050523, 36.81877362090307, 0.0]"
open_loop,quadrotor,200,6,184.3185454623408,0.0,"[-219.2095684095843, 124.6369044101198, -0.2749827503773284, 29.10592960500469, -5025.486728270879, 35.44602624895585, 0.0]","[-217.69201691535386, 123.70573279817175, -0.2629920180002852, 29.23860097783976, -6022.036559309717, 34.18367298215687, 0.0]"
open_loop,quadrotor,200,7,172.38335561434232,0.0,"[-201.3290005280545, 111.96832861929968, -0.9899714822211879, 26.317023162639405, -2427.6366100535397, 40.73525573064057, 0.0]","[-202.11631337729003, 111.98538405509755, -0.9977694456674135, 26.3246165251147, -2901.572849833767, 41.807922168250926, 0.0]"
open_loop,quadrotor,200,8,204.01823044271603,0.0,"[-246.1847550976259, 128.78579071866164, -4.197316388012054, 31.730085377701858, -13620.198478998147, 72.78106295281836, 0.0]","[-245.75065358611565, 129.11392521150387, -4.18398032022983, 31.680819598471516, -14339.58076204509, 72.08138981619656, 0.0]"
open_loop,quadrotor,200,9,163.6037183921898,0.0,"[-180.15390423520827, 100.39104775928193, -1.8360540671577763, 24.163652508243118, -7679.149308566373, 31.277034735888027, 0.0]","[-180.99470716405148, 102.30269546418994, -1.8231974039880574, 23.92726747415842, -6119.441036600799, 31.608551791881528, 0.0]"
open_loop,quadrotor,200,10,179.08082230535115,0.0,"[-209.64548466469483, 114.9843764769102, -4.0138235532915045, 26.317779898725124, -19218.94276284174, 53.89281919833719, 0.0]","[-203.59196824620346, 109.30508239283382, -3.978338845079761, 26.83936978718826, -23018.350049008728, 52.45764017203422, 0.0]"
open_loop,quadrotor,200,11,245.0998531341414,0.0,"[-342.3595505394532, 173.4191970170982, -1.1685892916857732, 44.58454521304971, -7895.292484928661, 112.19474386694003, 0.0]","[-340.00067706282283, 173.7019538757669, -1.1547329635303805, 44.33476592511175, -8384.7970129039, 109.24085675791196, 0.0]"
open_loop,quadrotor,200,12,173.62618662011667,0.0,"[-204.6409837372861, 117.27763013643981, -1.9979261378266264, 26.13876724780493, -3205.711338880774, 35.01602940352093, 0.0]","[-205.29867770281558, 116.59826639415007, -2.0257784352570964, 26.262025787554016, -4562.525200840459, 36.60785405625801, 0.0]"
open_loop,quadrotor,200,13,228.30681585346954,0.0,"[-245.35241428696372, 164.40240396195082, -0.1023594600613903, 30.032202340678797, -17931.714928652145, -18.15318913258974, 0.0]","[-243.7503719767609, 162.6619574539554, -0.0999517357801644, 30.131404330467568, -19783.330443151983, -18.86849481690823, 0.0]"
open_loop,quadrotor,200,14,180.20555760725964,0.0,"[-229.7947671126367, 119.90502851878632, -3.4962312555019133, 27.302895362103456, -10102.207691563543, 76.6018802899183, 0.0]","[-227.89173538897396, 118.73426586334105, -3.47655217562351, 27.303931494360057, -11345.061971460744, 74.79250026782948, 0.0]"
open_loop,quadrotor,200,15,228.40945395647017,0.0,"[-322.4646415963903, 184.78973982292078, -0.0604009329053474, 35.587047218887825, 4396.606059067823, 65.15248576321802, 0.0]","[-323.4668103342395, 185.5078370955617, -0.061999261499239344, 35.362757464514175, 3194.5335699414227, 67.26066915798222, 0.0]"
open_loop,quadrotor,200,16,166.56125600792802,0.0,"[-197.87246863230595, 106.39934182168204, -1.4206677044905247, 25.611101503074334, -1756.6703537385802, 51.94007545403793, 0.0]","[-199.4929003571446, 105.84860308469798, -1.4490339504591745, 25.687115406924132, -3307.003260242539, 54.751535052895655, 0.0]"
open_loop,quadrotor,200,17,198.93833402674716,0.0,"[-219.12405980657877, 121.68559145289524, -4.212162160168787, 29.45291000755784, -15512.66381021478, 48.10466535137511, 0.0]","[-238.2386383433196, 141.9661150061032, -4.335476621022136, 26.522979306710408, -16583.42540162399, 36.4187755235831, 0.0]"
open_loop,quadrotor,200,18,214.5971496495367,0.0,"[-291.4353385793445, 161.3631685837645, 0.5071675791418123, 34.25517981971917, 5121.615441453143, 69.05085717601155, 0.0]","[-290.6765925889398, 160.72904728758843, 0.51455486894107, 34.34351901939154, 4499.60526565369, 69.26025636656296, 0.0]"
open_loop,quadrotor,200,19,192.30438088138695,0.0,"[-227.16854851972752, 123.98434833941073, -3.14664802387401, 30.421814571614988, -16518.163489560644, 51.34228233732359, 0.0]","[-226.78310811824377, 123.39202404572104, -3.1499482405331523, 30.5287287859358, -17181.567955635903, 51.586647735855166, 0.0]"
open_loop,quadrotor,200,20,241.90627120445217,0.0,"[-317.13957204740126, 179.68064335653062, -0.98742212124999, 38.18470718622945, -12085.238856892582, 66.62601004316407, 0.0]","[-315.3036644019989, 177.08954643602505, -0.9675694389378624, 38.37137578855382, -14409.320923504141, 66.08022244213339, 0.0]"
open_loop,quadrotor,200,21,204.77422271906897,0.00010475447454938447,"[-111.41756763197748, 34.991238013414545, -1.42817109322233, 40.23157844412201, -33478.73319880391, 22.4865404116172, 0.0]","[-91.3443341427244, 21.479843895950516, -1.1410418400300961, 41.010492903362234, -34352.51817073378, 20.45735090792517, 0.0]"
open_loop,quadrotor,200,22,169.09017042898247,0.0,"[-230.8421598609264, 115.6365859318669, 0.6743072159759425, 28.602000523108373, 3647.71472423346, 82.22689857578605, 0.0]","[-230.5743684209336, 115.91842027864477, 0.680019240939395, 28.589827497767185, 3178.150945188782, 82.13310155238422, 0.0]"
open_loop,quadrotor,200,23,188.27112437046148,0.0,"[-253.93576472242594, 137.01439707193884, -1.1237016457910236, 27.398080191810056, -1145.5426349429326, 78.94741719021732, 0.0]","[-253.56288866735406, 136.10873672216167, -1.1301465342825703, 27.50700519538764, -2163.2690701421775, 78.7219557287356, 0.0]"
open_loop,quadrotor,200,24,197.36631818821115,0.0,"[-270.50140927187886, 144.37973502906107, -0.8828387407856747, 31.742599069885443, 2822.023925718341, 79.57250951850405, 0.0]","[-270.76671356821663, 144.27159395335056, -0.8857425665882915, 31.65488818816816, 1827.0293863024988, 80.5871272519507, 0.0]"
open_loop,quadrotor,200,25,206.4361850183429,0.0,"[-268.51155662560575, 174.53624887342588, -1.5985625590697206, 26.846230604795448, -6201.07276691905, 12.271192008187255, 0.0]","[-263.90649073163877, 170.48766631363378, -1.5735269054508445, 27.076327730401903, -8623.802498522826, 9.542130902553964, 0.0]"
open_loop,quadrotor,200,26,144.65670630201885,0.0,"[-181.17127056721728, 90.82985225729148, -0.5830964974825005, 22.50486335112054, 204.84294584593044, 65.07044325585834, 0.0]","[-180.4192900479449, 90.48290855146955, -0.5769052703624815, 22.505001108417403, -604.1331089685707, 65.0589545660839, 0.0]"
open_loop,quadrotor,200,27,163.68783307754236,0.0,"[-207.1101822517632, 105.18230225995899, -2.879374247496655, 24.37842445348326, -6487.269746980795, 78.31894500193737, 0.0]","[-206.15970278529025, 103.9505420893515, -2.879986722958319, 24.422746215061732, -7879.966198098516, 77.44458232006224, 0.0]"
open_loop,quadrotor,200,28,187.34669976689761,0.0,"[-139.73808735142686, 74.54128156500798, -4.223610458336844, 30.600051760177045, -35216.649762337285, 9.523065532851898, 0.0]","[-137.51585283710187, 71.27728792222648, -4.222482331580455, 31.009568653994027, -38165.497327599485, 9.319489213895116, 0.0]"
open_loop,quadrotor,200,29,181.20437269710516,0.0,"[-253.42790124047292, 128.11432504417385, -0.025085294467677433, 27.928889263994282, -275.767232423289, 99.17375079012315, 0.0]","[-252.9387123157972, 127.41079181208039, -0.024105178302840233, 27.977879942732113, -1067.3891690767914, 98.90687575298195, 0.0]"
open_loop,quadrotor,200,30,177.4896375727125,0.0,"[-216.74114529534918, 112.60180866172284, -2.6633460970278637, 28.32259653802135, -14947.658812591948, 68.55233851037657, 0.0]","[-215.04359439718732, 109.81496761256963, -2.6699720429345524, 28.667973595011567, -17309.388127020906, 68.7390679365562, 0.0]"
open_loop,quadrotor,200,31,200.1561998290305,0.0,"[-291.7380200613804, 154.1578815554056, 0.9878685041378535, 31.47164170126836, 4873.150669627916, 97.87687191576929, 0.0]","[-291.9539242500555, 153.33157182885157, 0.9950003465177955, 31.688476916250117, 4072.931308789664, 98.46052115046093, 0.0]"
open_loop,quadrotor,400,0,189.13698006073457,0.0,"[-268.9408000738953, 147.27840450932052, -0.7538787637911469, 31.541580126789498, 4179.924381955394, 85.34337144943098, 0.0]","[-270.0421951403939, 146.53642191961694, -0.7606210915958791, 31.568715483987535, 2349.389537008647, 87.41639967503468, 0.0]"
open_loop,quadrotor,400,1,215.40258580427164,0.0,"[-219.93475658315938, 140.9860046923498, 0.31442874920210084, 34.24319612444732, -11518.259075607915, -4.127993313958285, 0.0]","[-221.90445242538374, 141.14434004900258, 0.3041624123371826, 34.386909841093775, -11812.797813871632, -3.377369380018644, 0.0]"
open_loop,quadrotor,400,2,237.85517838851038,0.0,"[-210.01333917338982, 124.03855481382365, -1.5476053790794935, 38.00651597976075, -38566.257384682634, 16.460741262744726, 0.0]","[-211.10138451083736, 123.93024897257057, -1.554340678388264, 38.158451153748324, -40087.487283384005, 17.490729112146102, 0.0]"
open_loop,quadrotor,400,3,231.44928268732193,0.0,"[-320.53625062092243, 172.54936249721004, -1.1636008487209355, 40.606095129339074, -7298.336399489677, 102.1543137924477, 0.0]","[-319.4604590764021, 172.22248794126554, -1.1686580711383578, 40.57442287573054, -7796.8215886418275, 100.40840672108486, 0.0]"
open_loop,quadrotor,400,4,177.88752011769182,0.0,"[-216.62918018971024, 114.13200576958342, -4.064547119673272, 29.500498276240236, -11881.047824863166, 73.66658486482231, 0.0]","[-236.82102910511637, 136.65499639009496, -4.25700361549611, 25.925359852529603, -8832.091522767767, 63.71880264478572, 0.0]"
open_loop,quadrotor,400,5,174.54461414344055,0.0,"[-162.95626558413377, 107.24548722405365, -2.0189371171251493, 27.27554309525309, -11463.201003907343, -12.592848625269097, 0.0]","[-237.89455551190238, 149.87824831349567, -2.827279629741444, 24.2328008422975, -396.8751133823422, 32.52995904605229, 0.0]"
open_loop,quadrotor,400,6,180.24801736706777,0.0,"[-213.347582305939, 125.79612440739534, -0.16832261309263197, 29.42179137419386, -5223.312509440824, 31.350311345551372, 0.0]","[-213.59681116543626, 125.9558624737805, -0.17182526935805445, 29.47243194684414, -5177.113102079716, 31.686226793135216, 0.0]"
open_loop,quadrotor,400,7,167.92677467801664,0.0,"[-197.30768093634947, 114.85171537471672, -0.8794908923592758, 26.41799730842467, -865.1747427414202, 36.688866269416756, 0.0]","[-197.8920538200027, 113.9073349296012, -0.8981096926734711, 26.664077992546005, -2072.6668164079792, 38.19334943744307, 0.0]"
open_loop,quadrotor,400,8,197.01363699177278,0.0,"[-241.4188454072172, 134.37877903930175, -4.013354564734274, 31.374243552977294, -11128.595746089493, 68.58823117356175, 0.0]","[-265.4961845782677, 161.00991578898115, -4.2090008989102765, 27.30533466548931, -9493.900382078358, 54.94242555308472, 0.0]"
open_loop,quadrotor,400,9,159.77647690434316,0.0,"[-174.5982732526564, 101.59595158348235, -1.7069867971727166, 24.424156140602314, -6660.014322746206, 26.97898529039973, 0.0]","[-176.46478614945084, 103.87720861656267, -1.7106722083630674, 24.211406966390225, -5180.654490901682, 27.911558483732577, 0.0]"
open_loop,quadrotor,400,10,173.72838579906275,0.0,"[-204.09314874884058, 117.27722418357436, -3.8637578208406302, 26.372828928855547, -17369.543492568962, 51.0625392729403, 0.0]","[-199.88154277288214, 112.8992678254826, -3.8490492374010263, 26.822124246978177, -20264.008186802068, 50.2090942858372, 0.0]"
open_loop,quadrotor,400,11,239.57518720018422,0.0,"[-336.55270209100524, 176.15865227824926, -1.063626573550837, 44.691950720144035, -6741.797076036485, 108.53822245066411, 0.0]","[-332.73095777278144, 177.12324801426138, -1.032625653972336, 44.19966592130537, -6781.612328313003, 105.00050781529754, 0.0]"
open_loop,quadrotor,400,12,170.4722202879841,0.0,"[-198.05778725009344, 117.22199298645768, -1.8632413952133753, 26.452665667772965, -2432.0262218664275, 29.17736838478119, 0.0]","[-199.60266828238196, 117.92330354726374, -1.8963887038902436, 26.549737671130302, -3717.4075805695497, 32.1495882401088, 0.0]"
open_loop,quadrotor,400,13,221.4524554066923,0.0,"[-241.44826427061835, 169.78016452273118, 0.01281161510987414, 29.835876078002073, -14822.177807918211, -21.075759246829524, 0.0]","[-236.98723375649482, 165.4409283259008, 0.03335957515321186, 30.038621310308507, -18022.71857408603, -23.562384145404746, 0.0]"
open_loop,quadrotor,400,14,175.83540919481186,0.0,"[-226.33433437347185, 122.12459778973499, -3.3877800524422477, 27.542167080223184, -7917.675063757719, 74.914509928901, 0.0]","[-223.7757403359505, 121.40014845600687, -3.360806810886624, 27.483685592103857, -9592.421448281426, 72.87325413115381, 0.0]"
open_loop,quadrotor,400,15,220.93305907663603,0.0,"[-313.8652888644549, 188.35133234890048, 0.07825814177034504, 35.62297027046507, 5364.044775214963, 59.024944474567064, 0.0]","[-315.014825045388, 187.4593309587093, 0.07389846211826288, 35.654797516576, 4199.947723116437, 60.19453957297415, 0.0]"
open_loop,quadrotor,400,16,163.0872337431697,0.0,"[-195.30952983527237, 108.47174817163545, -1.3334728645923162, 26.010990383771297, -1450.084282364267, 49.960359166212875, 0.0]","[-195.7439646516111, 107.9975065006629, -1.3490416252525423, 26.045245253386124, -2154.995783024074, 51.378671306072455, 0.0]"
open_loop,quadrotor,400,17,194.2327347730306,0.0,"[-210.45231963797377, 122.35708776561617, -4.023352716898933, 29.55283695230361, -15607.161985379433, 41.59077108326492, 0.0]","[-230.384427892356, 143.49913476530836, -4.1466377398795835, 26.554550074066174, -15108.234126712929, 31.732176213683903, 0.0]"
open_loop,quadrotor,400,18,209.11776660472083,0.0,"[-286.2406572067912, 164.29284056046703, 0.6101830430320853, 34.60323194549281, 5612.926773426225, 65.19998195648817, 0.0]","[-285.59910431922276, 163.3855609354142, 0.6162868857848843, 34.73212369461413, 5034.7026987582785, 65.1540031870671, 0.0]"
open_loop,quadrotor,400,19,186.3606118349246,0.0,"[-221.80300588674572, 127.47355427031962, -2.9959071077037276, 30.29056434650639, -13751.624151827078, 47.75864152956931, 0.0]","[-220.0855613643965, 125.1118917292324, -2.996610081893595, 30.66440704956112, -15613.211837197756, 47.983840001741164, 0.0]"
open_loop,quadrotor,400,20,234.922208879098,0.0,"[-312.50995672461886, 184.15911994061585, -0.8776708337871105, 38.20318728094147, -9823.69314560297, 64.50765363788513, 0.0]","[-309.24528651945644, 180.6894494530473, -0.8511896850591673, 38.3939395638886, -12560.049159086331, 63.28089171716711, 0.0]"
open_loop,quadrotor,400,21,200.66730240704857,0.00028858223318017906,"[-107.88756066985583, 37.557383793140815, -1.3079056348572518, 40.42721645115147, -31481.59525573216, 19.31894967170669, 0.0]","[-88.091794767935, 23.78200652334609, -1.020602766789863, 41.26948957360877, -31996.235413345745, 17.757730038723768, 0.0]"
open_loop,quadrotor,400,22,165.50782435930262,0.0,"[-230.77378520828915, 118.7686725505606, 0.7330235385230932, 29.052611553309653, 4336.303257490542, 82.8680126964599, 0.0]","[-228.6923389401808, 118.65721085961835, 0.7451020908718983, 29.013158503621572, 3834.974202594396, 81.43768497417672, 0.0]"
open_loop,quadrotor,400,23,183.7380391670039,0.0,"[-248.56929074756997, 138.95018192333677, -1.015218404242822, 27.856703612054904, 108.65124133218978, 74.3625541193173, 0.0]","[-248.39679091873805, 138.49687445504767, -1.0144601494550727, 27.946233504624374, -334.18185430158576, 74.15928268814272, 0.0]"
open_loop,quadrotor,400,24,192.89774585276268,0.0,"[-267.8627170067231, 147.6943605354992, -0.79274602315616, 32.10173054080781, 4078.5785434262853, 76.88353457559845, 0.0]","[-266.156061565484, 147.08100292226354, -0.7801103988977589, 32.028326708223105, 3062.6111095200777, 76.44471144191324, 0.0]"
open_loop,quadrotor,400,25,202.19210895016963,0.0,"[-258.10410896106777, 173.2824858524024, -1.4341783850417154, 27.059678865687072, -6896.026659277116, 5.9340025361108015, 0.0]","[-256.2072359060506, 172.07836359780498, -1.419754485191851, 27.093491940536023, -7568.615663523713, 4.870263786632891, 0.0]"
open_loop,quadrotor,400,26,141.12455907319693,0.0,"[-179.64009556881308, 93.49585720221332, -0.5119800126499633, 22.75645365334181, 1265.9411584180125, 63.95773847872279, 0.0]","[-178.49169398761973, 92.68899200544195, -0.5119360266008646, 22.85879872525997, 259.95725060672186, 63.889699568924144, 0.0]"
open_loop,quadrotor,400,27,159.20972860403666,0.0,"[-205.86275483807313, 108.51175319008479, -2.811454014985852, 24.60811553105666, -4566.828731662065, 78.61870685956367, 0.0]","[-204.07226409110632, 106.8243236205008, -2.8086533841281627, 24.672750200581802, -6215.433119301484, 77.18603978803336, 0.0]"
open_loop,quadrotor,400,28,181.4574331164362,0.0,"[-135.95528288708806, 79.33700518632597, -4.043272424771912, 30.330594897011924, -32168.504549910605, 5.77768706038542, 0.0]","[-133.3167183089805, 75.10113585067491, -4.056538965185567, 30.818162633673335, -34973.121644379484, 5.071379783002795, 0.0]"
open_loop,quadrotor,400,29,176.86425170672246,0.0,"[-249.73284032009005, 130.3600264679785, 0.05636597104693155, 28.504979703329113, 1084.4602001339053, 96.26423777892971, 0.0]","[-250.02822765089175, 130.67398887085818, 0.06023721138911051, 28.458681257128585, 880.3677276555702, 96.36731192693672, 0.0]"
open_loop,quadrotor,400,30,172.56093368845598,0.0,"[-215.05549292240903, 116.48330458593202, -2.579338347831343, 28.42782988801445, -12556.600710544444, 67.94490979102845, 0.0]","[-211.5690001140384, 112.89357226196701, -2.5685834489917716, 28.81944896368167, -15061.79115178776, 67.50075801788952, 0.0]"
open_loop,quadrotor,400,31,195.4484364255389,0.0,"[-287.36310233734474, 156.22373929452394, 1.0824711203066428, 32.13396287189777, 5718.750491359129, 94.86954057232892, 0.0]","[-288.0221513343728, 156.2653055490264, 1.083721770531363, 32.17733649592301, 5209.030843430854, 95.87501631056189, 0.0]"
open_loop,quadrotor,800,0,179.18330326932863,0.0,"[-258.01107578703926, 151.02365558363783, -0.5215022838559794, 33.06974399789036, 3992.770751963828, 76.5397546160652, 0.0]","[-256.88963851131825, 150.05293510621593, -0.5198919560119376, 33.047806243579295, 1962.644751189092, 77.28758132444929, 0.0]"
open_loop,quadrotor,800,1,203.48423430044747,0.0,"[-305.85342090561556, 201.2147914382721, 0.22180991943575099, 33.73718314602175, 4784.893939028494, 46.6420296899232, 0.0]","[-302.02266663804113, 198.37290497372206, 0.24138250263182462, 33.97351694063006, 3200.6127308284645, 44.592203730203174, 0.0]"
open_loop,quadrotor,800,2,221.10036714198142,0.0,"[-420.2070211320822, 285.3758775069033, -3.0484212056886983, 32.380390268372125, 7878.694215352709, 79.41804576538958, 0.0]","[-419.7950625416704, 283.6125706811722, -3.075854901620377, 33.01634920430862, 6490.679296463198, 80.52277641932486, 0.0]"
open_loop,quadrotor,800,3,217.6374566606455,0.0,"[-294.7881277849197, 170.83250410606644, -0.8332220757745158, 41.89030457425219, -8719.741746834003, 88.58139639859584, 0.0]","[-294.8410714409369, 169.22118280598104, -0.8415325832754724, 42.24532923073144, -9905.937693379363, 88.70159479383103, 0.0]"
open_loop,quadrotor,800,4,167.1869943878037,0.0,"[-210.4855068887833, 129.88825993179012, -3.87487943743394, 27.659784907449012, -11698.972931200735, 52.34751977674135, 0.0]","[-207.8219077171151, 126.39932498660792, -3.8817731968875187, 28.033262305777, -13383.962404366015, 51.49432764696226, 0.0]"
open_loop,quadrotor,800,5,164.0391995304076,0.0,"[-244.25022978007735, 144.99394178906476, -2.7955634367891777, 28.974398677551218, -2327.949736239718, 79.35706625817488, 0.0]","[-243.64467914788375, 143.18374938533202, -2.787868389965199, 29.22061695844931, -3561.166020265968, 79.39474898155702, 0.0]"
open_loop,quadrotor,800,6,171.39352211463233,0.0,"[-192.9762759667948, 123.62435469553888, 0.0910623490749738, 30.76336376540888, -7674.882989022375, 16.002519992516298, 0.0]","[-193.01664653254844, 123.35859254526868, 0.0900721309720708, 30.883277696215, -8208.978835193077, 15.682502772054905, 0.0]"
open_loop,quadrotor,800,7,161.01667702340927,0.0,"[-181.31867981764842, 113.06334315830226, -0.649825678166729, 28.142661870409235, -3394.2290840442574, 23.298437034502214, 0.0]","[-181.16977689583672, 112.9351463727148, -0.6533215012876359, 28.194242746266056, -3877.9420274952568, 23.72708181671753, 0.0]"
open_loop,quadrotor,800,8,185.91099061526373,0.0,"[-229.4459569181066, 150.45489345015812, -3.7228123172965146, 28.889794960078664, -12648.936045879553, 37.33892483407958, 0.0]","[-228.55733496129687, 147.43637117591516, -3.7432734960850533, 29.450562222609157, -15125.935473475292, 37.66493691619498, 0.0]"
open_loop,quadrotor,800,9,151.4919424578874,0.0,"[-156.2345749381067, 100.47683334900262, -1.4142670097774859, 25.710294618463216, -6551.651612529872, 10.67495247300118, 0.0]","[-157.52656135487416, 100.4259419034777, -1.443692176007988, 25.82387683221128, -7526.686719764189, 12.681114868175625, 0.0]"
open_loop,quadrotor,800,10,165.8400826094901,0.0,"[-170.7959163266653, 102.41880460957941, -3.4445309790754663, 28.80417378891925, -24205.574268971803, 37.74867275550207, 0.0]","[-167.22480152681325, 98.50543721513802, -3.428426472985768, 29.190619244000676, -26798.060887501142, 36.816355608018924, 0.0]"
open_loop,quadrotor,800,11,224.62137570486865,0.0,"[-310.4064297709405, 175.40259237823255, -0.7222263037659366, 45.99722567521359, -8509.550008202728, 95.21959732116639, 0.0]","[-308.94073491990247, 175.54213525911288, -0.7127168670808521, 45.70140380985194, -8647.985004328382, 93.18316393227347, 0.0]"
open_loop,quadrotor,800,12,162.50217336689872,0.0,"[-177.85378212252945, 113.80782991453057, -1.5886314349476973, 28.184258094562484, -5785.199287848478, 14.458263693462863, 0.0]","[-177.75488844721988, 113.80556176996684, -1.5891419753191456, 28.171081102013982, -6193.161590019501, 14.955509836185835, 0.0]"
open_loop,quadrotor,800,13,211.9013143656537,0.0,"[-256.89933655125657, 157.2790672305382, 0.31120459197919603, 38.40971355191404, -23260.250209984108, 53.53553612357685, 0.0]","[-251.65917825925345, 152.37586890191966, 0.3368299329205031, 38.68956383389296, -26108.59053490092, 52.00831688859114, 0.0]"
open_loop,quadrotor,800,14,166.52614032933187,0.0,"[-206.0667094441614, 117.99364817353317, -3.1599218961704367, 29.258722959903356, -11380.625734566594, 66.06385204926794, 0.0]","[-204.63500303532848, 117.67553601100194, -3.1270003598178024, 29.144712410685425, -12095.914655821354, 64.09377271532512, 0.0]"
open_loop,quadrotor,800,15,209.63631453389,0.0,"[-287.9143957124147, 187.05188992172134, 0.41645288596625146, 36.90983988429925, 4045.6428131399957, 35.8820062821364, 0.0]","[-289.2958959512018, 187.34803019372043, 0.4118819207308602, 36.82328314644109, 2704.5515592048155, 38.191598790489, 0.0]"
open_loop,quadrotor,800,16,155.08779160546248,0.0,"[-180.8330671041008, 108.35852808644232, -1.1135755264934266, 27.573172866868596, -3061.447528379498, 38.61193116284173, 0.0]","[-181.27155624067953, 107.8404945139549, -1.122576258643168, 27.59047218564087, -3528.198374548502, 39.39090932346304, 0.0]"
open_loop,quadrotor,800,17,185.51520273001321,0.0,"[-189.94913823628232, 127.29159702083354, -3.6255640790327432, 28.68435877877269, -21160.253242634368, 11.09615759339789, 0.0]","[-188.75423210687765, 125.96220081040192, -3.6199674513508233, 28.809576997449728, -22020.956005095086, 10.617418997370224, 0.0]"
open_loop,quadrotor,800,18,198.48905631077162,0.0,"[-266.49384613336025, 165.36706287812868, 0.8821483619153522, 36.03688525244342, 3584.715541070594, 47.50280476067506, 0.0]","[-268.0846311453527, 166.18138892294562, 0.8787424521735574, 36.079927394135886, 3706.594725888981, 49.42714556477937, 0.0]"
open_loop,quadrotor,800,19,177.85008315804333,0.0,"[-186.63659566872516, 112.33649669283503, -2.5985010612504302, 32.80605600268209, -20568.3092641107, 32.611699094188424, 0.0]","[-183.76529772518077, 109.64561465215338, -2.5690076180415233, 32.99596061360365, -21630.276956329948, 31.336911876807804, 0.0]"
open_loop,quadrotor,800,20,223.53848643740395,0.0,"[-273.4515429461868, 170.89063728535373, -0.46922079031557934, 39.971248775987846, -17597.517387899978, 46.69156001781535, 0.0]","[-271.4909264158556, 168.8934181466577, -0.4557297727251028, 40.084548856859456, -19025.80260243254, 46.13517503813292, 0.0]"
open_loop,quadrotor,800,21,196.4934228269724,0.0009207660547962959,"[-97.27072351132506, 34.27398219418089, -1.20776222736426, 43.09343087202153, -35954.53505939699, 10.064778858381555, 0.0]","[-116.74212689539083, 42.49325967934507, -1.1157388626512432, 44.62532241784445, -29788.101718891896, 32.718288305223105, 0.0]"
open_loop,quadrotor,800,22,155.75510770854723,0.0,"[-222.1761822473862, 123.0863338305435, 0.917733244421847, 30.474945144347643, 3804.404098826232, 77.59639897682723, 0.0]","[-221.72591279942029, 123.19025911775091, 0.9206920446513976, 30.483837176913163, 3462.830455622468, 77.21390664951207, 0.0]"
open_loop,quadrotor,800,23,173.70005607565523,0.0,"[-232.01618802785705, 139.67019584441812, -0.7576207081386662, 29.645642402322967, -57.08600482908696, 61.12642542763341, 0.0]","[-232.61556665119298, 139.6628580092643, -0.7569060593153119, 29.508854901077584, -962.3673258061826, 61.88718380816818, 0.0]"
open_loop,quadrotor,800,24,180.44328555599594,0.0,"[-250.66710769761772, 151.58656273370718, -0.5200402091475532, 33.289211021493976, 3435.31089045335, 62.727975845220705, 0.0]","[-251.48041146023934, 150.23619611251686, -0.5318508662618291, 33.40469422601472, 2347.155765090903, 63.681228469610474, 0.0]"
open_loop,quadrotor,800,25,189.6835802914535,0.0,"[-274.950887781367, 169.06179360612094, -1.3758232753266368, 33.47762859795006, -8570.464889465475, 71.17283296559876, 0.0]","[-266.39038945033667, 162.00505457848166, -1.314284916278338, 33.95118924645158, -12776.862539257645, 68.58248952826212, 0.0]"
open_loop,quadrotor,800,26,133.5161039539,0.0,"[-170.45316171227023, 95.38778624005477, -0.3513627940501299, 24.098988637627016, 503.8477640783949, 57.88834502329925, 0.0]","[-170.45637768315092, 94.74532370511537, -0.3564301119364994, 24.236757588162906, -450.323720161183, 58.44896950242032, 0.0]"
open_loop,quadrotor,800,27,151.5184176355953,0.0,"[-194.68636888247875, 107.64110125016956, -2.69683185688369, 26.220239809451378, -6267.886519502647, 75.63845913309929, 0.0]","[-192.33720381027996, 106.49818766174775, -2.676581185840793, 26.15507272963599, -7809.251179555651, 73.48127846078609, 0.0]"
open_loop,quadrotor,800,28,173.88413223595035,0.0,"[-274.11568791218383, 187.48023993314476, -6.256506642304861, 22.557742880132654, -4715.651003182199, 47.20765052098697, 0.0]","[-271.92976478746925, 186.3441219925544, -6.226570134687627, 22.599315755378353, -5524.158938321887, 46.5187712327754, 0.0]"
open_loop,quadrotor,800,29,167.43009460751088,0.0,"[-242.89829156215583, 135.50077065080703, 0.2523237383083959, 30.108686253135474, 2168.638860437193, 90.50259998961896, 0.0]","[-241.93296972669748, 135.72235327784256, 0.2577232515992656, 29.972520625783297, 1160.3061943715234, 90.84997304550261, 0.0]"
open_loop,quadrotor,800,30,163.9962551999849,0.0,"[-186.48060182866354, 104.2548972223438, -2.2601814144523105, 30.883765419593527, -18586.999764758515, 59.423004683076705, 0.0]","[-184.86075534671068, 101.87847488552464, -2.2574106621814174, 31.143351509279835, -20069.791714236402, 59.10761674761154, 0.0]"
open_loop,quadrotor,800,31,183.3775177903049,0.0,"[-274.50582726199576, 160.66745433894386, 1.3180654863132901, 33.70257537641745, 5825.0160397074615, 85.76462086995429, 0.0]","[-277.18896656830054, 161.44092764409135, 1.3117281567237637, 33.68282772959852, 5212.018339345193, 88.32810720117772, 0.0]"
closed_loop,quadrotor,0,0,294.68755715846316,0.0,"[-92.6026254479604, 21.72461736059507, -1.2894688461987993, -6.244584653735512, 1152.2684281544086, 78.0597437886271, 0.0]","[-92.59495745408968, 21.732705259209073, -1.2894298106918283, -6.248970774049489, 1153.3025933072915, 78.04652010714885, 0.0]"
closed_loop,quadrotor,0,1,254.91887957662885,0.00015791019376548698,"[-81.55527814682188, 5.54009922888757, -0.602787918924431, 4.645478115470996, 943.1618799544524, 90.79580678617113, 0.0]","[-81.72228587558008, 5.9084868066339755, -0.5972729235197456, 4.7636963654203806, 943.7491310870489, 91.05691240422153, 0.0]"
closed_loop,quadrotor,0,2,228.67363513841588,6.72411457115496e-05,"[-60.136925307253954, -32.10319002667941, -0.4070661683013913, 6.28202724744126, 737.4130312318877, 87.0969946082821, 0.0]","[-58.84078215034967, -34.802732740202195, -0.4617105001274449, 5.260620154907282, 737.4322224526774, 85.49117178469352, 0.0]"
closed_loop,quadrotor,0,3,223.54123027099237,8.439357801914849e-05,"[-39.394807186037895, -56.253221391347914, -0.42798743124419264, 3.030610098773507, 629.098433570777, 48.528411841064205, 0.0]","[-38.57174666638762, -57.838686022636765, -0.465310512406401, 2.386254126604321, 629.2446189917958, 47.638007664730516, 0.0]"
closed_loop,quadrotor,0,4,214.05475510313764,0.00034315428647008206,"[-28.37813018755124, -57.37502684053143, -0.5285822223230342, -2.0125850263406453, 603.7022787086919, 9.749705064602127, 0.0]","[-27.883457143470004, -58.309084721612166, -0.5527538330389065, -2.3922265820451907, 603.3979578315377, 9.341729779902955, 0.0]"
closed_loop,quadrotor,0,5,168.42595851841764,0.00022250152615455043,"[-25.049210216119672, -50.82340741059262, -0.6450468803808351, -2.7362643844359127, 557.6602914300561, 4.586752642226459, 0.0]","[-24.979746207106313, -50.96359330738898, -0.6483701332841016, -2.780737114870863, 557.3691830089261, 4.550600938459422, 0.0]"
closed_loop,quadrotor,0,6,122.9672700798126,0.0006654925279029889,"[-18.087698652419675, -46.29993801759228, -0.7116244841045514, -2.9124078564745925, 447.97837810766146, 3.0702176933731273, 0.0]","[-18.2615059350034, -46.00612908785511, -0.697856936691622, -2.7143693562514923, 447.88127771718564, 3.133681306432638, 0.0]"
closed_loop,quadrotor,0,7,77.86760236518873,0.00020217265788086136,"[-6.802669012081771, -44.958565074993345, -0.7270270274108639, -2.9554396812307724, 278.3193149172037, 2.2108724844148826, 0.0]","[-7.043220080202792, -44.50655289838478, -0.7071027171345265, -2.71527364501249, 278.1958339066416, 2.234150094999563, 0.0]"
closed_loop,quadrotor,0,8,55.40267684010823,0.000989540723066229,"[3.2786514757720426, -43.957726824148935, -0.6637347984868889, -2.932042495785182, 123.93503546212554, 1.448627371894497, 0.0]","[3.741490577486232, -45.21466196127889, -0.7094359108532957, -3.3324133345534084, 124.39311058516051, 0.800134378598602, 0.0]"
closed_loop,quadrotor,0,9,49.2886282788568,0.0005808312713052599,"[10.976964649231613, -44.94297046547084, -0.7080473139183825, -4.497238070972835, 22.364651165908285, -0.9180507478835884, 0.0]","[9.938104445923225, -42.633966625618854, -0.6007921013909233, -3.4633590094693076, 21.481666258258997, -0.2523788865129041, 0.0]"
closed_loop,quadrotor,0,10,47.58425852597659,0.0,"[13.440722675960567, -41.27716567464791, -0.6152943110270893, -4.791571935742496, -27.4662093924335, -1.7505821230685195, 0.0]","[13.440388993304866, -41.27542582676632, -0.6152025883151558, -4.790477251553154, -27.418743198997817, -1.7469157491498077, 0.0]"
closed_loop,quadrotor,0,11,43.865721762600984,0.0,"[13.192276731910319, -36.67966903487484, -0.5644818820727294, -5.300863366342284, -37.98006608031611, -2.3275055959516657, 0.0]","[13.196887425338094, -36.67149780197382, -0.5645052355413619, -5.299747915430094, -37.9276450141228, -2.3247829119510848, 0.0]"
closed_loop,quadrotor,0,12,36.56806439131624,0.0,"[11.32865093893883, -31.16664687820491, -0.5308617977181017, -5.549916164559636, -28.4232298218176, -2.2797783503834896, 0.0]","[11.328949839001167, -31.16883589062471, -0.5309367981132859, -5.553139303238358, -28.44671820569209, -2.2803011531143076, 0.0]"
closed_loop,quadrotor,0,13,27.44604013415375,0.0,"[8.76052331385867, -25.20199500114038, -0.4849300543240419, -5.308402225622352, -13.432069234028614, -1.7022886376097628, 0.0]","[8.761503994776323, -25.15898645831067, -0.48509197257257736, -5.308855156114252, -13.276548079518406, -1.7009526701825748, 0.0]"
closed_loop,quadrotor,0,14,18.757827116744558,0.0,"[6.207100931054637, -19.192204813717506, -0.41522100185801447, -4.628066400121787, -0.9942742669959038, -0.9083693683303365, 0.0]","[6.211088012341474, -19.17853220737096, -0.41555037244586374, -4.626032846662815, -0.9484292481601254, -0.9067672192058415, 0.0]"
closed_loop,quadrotor,0,15,11.95419905159682,0.0,"[4.0720359541921365, -13.760060675955494, -0.3267218711901385, -3.7235751399862114, 5.730356744037924, -0.1801734816529892, 0.0]","[4.073567549572532, -13.74856122458575, -0.32684784761340235, -3.721996437901711, 5.735949800193608, -0.17730351893044138, 0.0]"
closed_loop,quadrotor,0,16,7.438326332383648,0.0,"[2.481263605995366, -9.231519871407782, -0.23278966406186952, -2.805697921090472, 7.547641761343355, 0.33743050863807034, 0.0]","[2.482402957522423, -9.241083757355938, -0.23297556615185458, -2.8058504518492127, 7.498879109215654, 0.3370275828510144, 0.0]"
closed_loop,quadrotor,0,17,4.854079666468786,0.0008654623124937366,"[1.400542076013228, -5.60606967750168, -0.14601772710395633, -2.030113346044618, 5.708251241994613, 0.611578780289853, 0.0]","[1.3835481958664675, -5.322219453785224, -0.14658689169063832, -2.0324131399018297, 5.109613645903235, 0.6109498991243208, 0.0]"
closed_loop,quadrotor,0,18,3.6022776765536184,0.00045363906585715874,"[0.7704689520516318, -3.649811025165026, -0.07415892942594851, -1.4334632548202775, 4.054820489244417, 0.6929082723613389, 0.0]","[0.7753765773839052, -3.739641461741428, -0.07366019538497608, -1.428489858453387, 4.245748467759084, 0.6948514225631934, 0.0]"
closed_loop,quadrotor,0,19,3.081165204474263,0.0004532910420398384,"[0.4043778700880145, -2.396842485949829, -0.019995368772726136, -1.0117864367796343, 2.1293145097314223, 0.6541748901750448, 0.0]","[0.41065817110576813, -2.569112027536976, -0.018173557147039707, -0.9974761693739872, 2.586145017123885, 0.6596490169549444, 0.0]"
closed_loop,quadrotor,0,20,2.845047296432881,0.00039509684956717805,"[0.20932622875178067, -1.5870777382722938, 0.015226476682465434, -0.7476155787534013, 0.5288531879032816, 0.554992712931518, 0.0]","[0.2131026841398693, -1.7705616123179135, 0.0183231752647171, -0.7242487574263075, 1.029451446735762, 0.559622715480952, 0.0]"
closed_loop,quadrotor,0,21,2.6618856499823424,0.00033266640447515705,"[0.11526646448907785, -1.1063092175882394, 0.0337767239034898, -0.5853126208845476, -0.48435223842555014, 0.4361842158935265, 0.0]","[0.11594477452962373, -1.2666162260390914, 0.03782734897866447, -0.559060790958381, -0.0010946407549328311, 0.4406304836096763, 0.0]"
closed_loop,quadrotor,0,22,2.4328993628197706,0.00024010205770852444,"[0.07479492322112273, -0.8298880712081492, 0.041008564476039296, -0.4879014082632352, -0.9648997434097538, 0.3293289311115305, 0.0]","[0.07381137091282332, -0.955621637564216, 0.04527151431026408, -0.46262571316747697, -0.550516186994726, 0.33072343495369716, 0.0]"
closed_loop,quadrotor,0,23,2.1410520425134663,0.0007672256550244061,"[0.06426451645442492, -0.5491957271785519, 0.03372837045834673, -0.4554570545968495, -1.453881307236492, 0.2451760884939187, 0.0]","[0.057846012823317076, -0.7848608348985024, 0.04420421496087561, -0.39730881161395487, -0.6418711644308186, 0.24371659227669917, 0.0]"
closed_loop,quadrotor,0,24,1.8382055320749147,0.0007017143610401622,"[0.05664182188039233, -0.5119918948891912, 0.03031189467136488, -0.3897566563707331, -1.1532419999526564, 0.18309343983613796, 0.0]","[0.049907742239364526, -0.6655614917975776, 0.039471650628410654, -0.3464156114580933, -0.5473982716952795, 0.17747473130602795, 0.0]"
closed_loop,quadrotor,0,25,1.542718360124245,0.0009223884273950045,"[0.052105109396535655, -0.4359047000774644, 0.02312479695118002, -0.3400567969536889, -1.0074296348497955, 0.14333262831906163, 0.0]","[0.04317256320353302, -0.5745911763574889, 0.03372881640276412, -0.2976712937858795, -0.3930595306129318, 0.13208363497642978, 0.0]"
closed_loop,quadrotor,0,26,1.2727044861203667,0.0008793508382789472,"[0.04317861944339676, -0.42135727515361665, 0.020352857529860994, -0.27598299454008995, -0.6540884465044431, 0.10868030699907409, 0.0]","[0.036657137189349986, -0.5010540527472389, 0.028031176168317108, -0.2494317786675593, -0.22570712864768067, 0.09848632224485802, 0.0]"
closed_loop,quadrotor,0,27,1.0439461722511592,0.0006998584036994604,"[0.0369170399158223, -0.4378755874057985, 0.020170081307938435, -0.20863383935742946, -0.3441898332342955, 0.08130126711624434, 0.0]","[0.033302032847210776, -0.4747354400357842, 0.02458613787386853, -0.19614677907484, -0.10857720326372292, 0.07394024729016671, 0.0]"
closed_loop,quadrotor,0,28,0.856701033900877,0.0005043122121501931,"[0.029069839965306092, -0.40823022358720706, 0.019094599921448144, -0.15954407319407762, -0.176313022385155, 0.0575082968711409, 0.0]","[0.027008694048436692, -0.42435867243121667, 0.021640089659592972, -0.1537972159945805, -0.037515615988152895, 0.052758831755874876, 0.0]"
closed_loop,quadrotor,0,29,0.7037785434037808,0.00012487628782409388,"[0.020439444515131817, -0.3530928942398268, 0.017664732135257252, -0.12303475269541145, -0.08744275732950639, 0.03768386873185728, 0.0]","[0.019566731670077647, -0.3594732061918621, 0.019070587416665695, -0.12074764222272898, -0.0060470537606173, 0.03480713701528457, 0.0]"
closed_loop,quadrotor,0,30,0.5820469103998895,0.0,"[0.014198597065557305, -0.308430505934563, 0.016919913133340018, -0.0942065382996358, -0.027535605152906803, 0.02081586571937978, 0.0]","[0.014011529430454712, -0.3098092381996735, 0.017396648614682212, -0.0939505321905509, 0.002417956911112767, 0.01980409193525221, 0.0]"
closed_loop,quadrotor,0,31,0.48017136503157765,0.0,"[0.008446731867199492, -0.24996091066259785, 0.015350944305100927, -0.07637338596095782, 0.003433036800478688, 0.009052801352467568, 0.0]","[0.008417385437018237, -0.24863281584402297, 0.015301799096885763, -0.07629193893925017, -0.00038557842164601414, 0.009299130791755521, 0.0]"
closed_loop,quadrotor,0,32,0.3992825392099583,0.0005727109593145485,"[0.0031059961319037195, -0.1472336295735818, 0.01051563125209219, -0.06381419252589919, 0.010660922358063273, 0.008959612056250552, 0.0]","[-0.00016489161623090348, -0.0006228394837785471, 0.00037455169022383006, -0.06823345349852367, 0.010398855838011716, 0.033033931366371116, 0.0]"
closed_loop,quadrotor,0,33,0.329016507755012,0.0004065697889501507,"[-8.84390694124886e-05, -0.048436692937741645, 0.0046936696158146485, -0.050878832686458215, 0.01010937367007147, 0.013975323001418391, 0.0]","[-0.0005675922462647299, 0.0006408403323256061, 0.000515251270899766, -0.050462870954225546, 0.0017915884718942626, 0.023543998513103032, 0.0]"
closed_loop,quadrotor,0,34,0.27159778911235,0.00039921722493918566,"[-0.0007498915116410038, -0.035483993827923506, 0.0040329497944915525, -0.039022802140561745, -0.0012347329462909307, 0.008549547122764317, 0.0]","[-0.0009631931779264646, 0.0033565317804267504, 0.0005817980749979867, -0.03648286818745738, -0.007118388963630778, 0.0161256347718026, 0.0]"
closed_loop,quadrotor,0,35,0.22438793106322324,0.00047289232189329233,"[-0.0009190288768280388, -0.026012787701465576, 0.003296693022933423, -0.03020413917231224, -0.006269361081388342, 0.005489827504916586, 0.0]","[-0.0008376901638371679, 0.004072354039836013, 0.0004067311605205527, -0.02634428923335119, -0.008088065698780192, 0.011835619929084093, 0.0]"
closed_loop,quadrotor,0,36,0.18400639109535705,0.0008181918547396361,"[-0.00028737270143806197, -0.04231321894184393, 0.004705497408650392, -0.026466595843996903, -0.0008073329003438934, -0.001829631039503208, 0.0]","[-0.0005620024009378182, 0.0035576675828771736, 0.00022167473509591168, -0.017866099046758645, -0.006026998643453957, 0.008241454508423687, 0.0]"
closed_loop,quadrotor,0,37,0.14924933136227866,0.0008200105416995562,"[-0.000415480702728117, -0.01946485623776057, 0.002556382150381819, -0.018525148008974018, 0.0045758606733917895, 0.0005661395722913127, 0.0]","[-0.0003965243364830687, 0.003545878918370701, 4.1056268989120035e-05, -0.011933231262296406, -0.0034352081955273256, 0.005959738565741828, 0.0]"
closed_loop,quadrotor,0,38,0.12365094179862293,0.0005790834716903337,"[-9.016989868065292e-05, -0.020845795435326143, 0.002980118667976371, -0.015854759354092224, 0.006891639660306723, -0.003336611423227561, 0.0]","[-0.0001454275746221788, 0.00015896499274506686, 0.00020102272930845258, -0.006940232680772339, -0.0036876486397265894, 0.0026668743545073636, 0.0]"
closed_loop,quadrotor,0,39,0.10129126121226711,0.0005741837773380887,"[8.27679696647082e-05, -0.020884763389447822, 0.0032485641945780093, -0.015207066554214669, 0.009427409600833273, -0.005856376923418083, 0.0]","[-1.897702205928703e-05, -0.0021816505770680763, 0.00034891444759420446, -0.0039059253785601695, -0.003610366140080133, 0.00018893012392736633, 0.0]"
closed_loop,quadrotor,0,40,0.08150731920620759,0.0005504397683746554,"[4.367140458599818e-05, -0.016649409592047974, 0.002513122975379708, -0.012216203929590429, 0.004074014234447247, -0.005228515360405884, 0.0]","[7.122144662937617e-05, -0.0030353512270055835, 0.0003253111999683988, -0.002117026051076218, -0.0013268852947395428, -0.000816940615589453, 0.0]"
closed_loop,quadrotor,0,41,0.06561249624988673,0.0006348042001502741,"[0.0001541183915660576, -0.009716309369852735, 0.001895767398487276, -0.010065721787908339, 0.006766676372925639, -0.004297975596760637, 0.0]","[4.749435228334114e-05, -0.0022292234781163328, 0.0002373479926174595, -0.0011708668090307844, -0.00040078962391818836, -0.0009656100834740472, 0.0]"
closed_loop,quadrotor,0,42,0.053928845395265615,0.0005899426433637611,"[-1.2868966582492693e-05, -0.0067368076200307984, 0.001278028256990956, -0.00705061571259658, -0.010827926645295324, -0.0032450772161307373, 0.0]","[2.8488657962300328e-05, -0.0015310279510473124, 0.00016977671506700142, -0.0006631332011850782, -0.0003017208751191537, -0.0008277769636140158, 0.0]"
closed_loop,quadrotor,0,43,0.04375411476630747,0.0005488415583458917,"[-2.0158073329453177e-06, -0.004336258224573107, 0.0009083387278843416, -0.005198799159164683, -0.017260358954322996, -0.0024816599352696232, 0.0]","[7.267369475887097e-06, -0.0003859359093597078, 4.247471301061354e-05, -0.0007383016797213383, 0.0002592535043286179, 3.144607798411431e-05, 0.0]"
closed_loop,quadrotor,0,44,0.03549296846848183,0.0005733339568216866,"[-5.964861122872124e-05, -0.0026793536824935957, 0.0006177594427209201, -0.0036865505014410074, -0.021179947945893438, -0.0017209795764015182, 0.0]","[6.644755231287328e-06, -0.00038206539828558996, 2.5326131548723433e-05, -6.725272196069159e-05, 0.00015158240632738636, -6.327794783527919e-05, 0.0]"
closed_loop,quadrotor,0,45,0.030009269743024855,0.0004916248670863155,"[1.3121782897798423e-05, -0.0033388984585594594, 0.00061253353889604, -0.002871082848867476, -0.029623340628792547, -0.0022759795553057055, 0.0]","[1.6959890360590073e-05, -0.001179288689923693, 6.397806638224511e-05, 0.0007377020718522468, 3.0617109600126396e-06, -0.00036937851801184345, 0.0]"
closed_loop,quadrotor,0,46,0.023876344935807623,0.0005181985130113809,"[-4.5565215352260664e-05, -0.0018473207316749055, 0.00027585751141524507, -0.0011128448353446097, -0.02401741492347625, -0.0014999935268526525, 0.0]","[5.566137390851254e-06, -0.0005404156473474837, 1.912101019865033e-05, 0.00033186237138707446, 5.820797910251548e-05, -1.0024160676757314e-05, 0.0]"
closed_loop,quadrotor,0,47,0.018950723635170724,0.0005131029783609353,"[-0.0001568998116810215, -0.0009174290323725391, 4.090041286513965e-05, 5.8449950489990665e-05, -0.022129709102782, -0.00035651631426025527, 0.0]","[5.51596033329274e-05, 0.00019619542452349242, -4.490172967581898e-06, -0.00034193186303143003, -0.0014348934468895488, 0.0002752072140020654, 0.0]"
closed_loop,quadrotor,0,48,0.014762597864502448,0.0005105593625771565,"[-0.00012959718837896018, -0.00040828902776634054, -5.442597096438311e-05, 0.0005704275624302273, -0.020147458539221917, 0.00019420058785293794, 0.0]","[0.0002711795356315266, 0.0004732627588650437, -5.198833020841141e-06, -0.0008317758687908657, -0.0044646067999581885, 0.00023599752610728707, 0.0]"
closed_loop,quadrotor,0,49,0.010330281264381406,0.0005159830929923892,"[-0.00013397284210561763, -0.0002501843957478004, -5.752665530769802e-05, 0.000461986634227474, -0.011414331077048569, 0.00020920508102334872, 0.0]","[0.00038207742021957787, 0.0004202130578494673, -4.343616126856425e-06, -0.0006358285666981022, -0.006473513329670978, 0.00026833562946819564, 0.0]"
closed_loop,quadrotor,125,0,18.892188412215088,0.0,"[-14.98220929158608, -84.68230158605249, 0.5209955941929122, 23.190250366029638, 1049.8598162172611, 116.50528719380425, 0.0]","[-14.945946183930682, -84.49185072973508, 0.5209688237870959, 23.18043944114275, 1048.9645457068286, 116.33770573356844, 0.0]"
closed_loop,quadrotor,125,1,17.776474209731465,0.0,"[-16.80152797908878, -70.20277588878896, 0.40568756600630496, 18.849552805996872, 1314.8362278693778, 108.71999300585584, 0.0]","[-16.67928320767703, -69.87241222623317, 0.4001936426451348, 18.67633077631586, 1323.2153589747927, 108.23835710147398, 0.0]"
closed_loop,quadrotor,125,2,16.335913209022603,0.0,"[-24.48115208426556, -43.4902479744019, -0.2392893156841867, 10.44017442090261, 3086.1518475773623, 95.81512220922589, 0.0]","[-24.16159338425934, -43.93065182801142, -0.24180780311963904, 10.401530496464336, 3046.8004694561428, 95.68961144831286, 0.0]"
closed_loop,quadrotor,125,3,15.6636317525999,0.0,"[-14.277569370607539, -44.9384271805691, -0.5521640878447229, 8.09202274704792, 2454.228504977757, 67.67751476693125, 0.0]","[-14.225655170272669, -44.856937127646624, -0.5504209197781967, 8.096278975054485, 2445.758663561882, 67.54706689855482, 0.0]"
closed_loop,quadrotor,125,4,11.256774724833235,0.0,"[8.483531024070771, -73.87431417888001, -0.7499576091293213, 3.2567124090968425, 1285.9806872764084, 18.34862244830065, 0.0]","[8.527115479399802, -74.0024111362853, -0.7512390958627694, 3.2445487116748066, 1283.4007399167685, 18.312650216583755, 0.0]"
closed_loop,quadrotor,125,5,8.371453569575037,0.0,"[10.865398528293172, -60.1721695425061, -1.2151004844944482, -1.2156134245896608, 983.0890544099832, 9.582378756558782, 0.0]","[10.551707362887461, -59.91449522880168, -1.2203477489730719, -1.1916324110091698, 1013.0548665671607, 9.849412052563327, 0.0]"
closed_loop,quadrotor,125,6,7.294528210167268,0.0,"[12.505987207977634, -57.99339013347072, -1.4206291649562457, -4.169110057887686, 1084.836413906636, 2.1552203513397847, 0.0]","[12.500982824011714, -58.536637066991936, -1.4302323345118697, -4.252243463998126, 1111.731737697904, 2.013132765921411, 0.0]"
closed_loop,quadrotor,125,7,6.154872984756729,0.0,"[15.376646953288192, -54.40815448775201, -1.4073752655272787, -4.333818761831045, 251.9415851921929, 2.1441741317406606, 0.0]","[15.28771445467626, -54.548908135156964, -1.4130810174566866, -4.386682102037618, 279.08653904471606, 2.087141838464008, 0.0]"
closed_loop,quadrotor,125,8,5.211687515765147,0.0,"[17.61069090707091, -54.302092489996745, -1.2109339487532527, -3.802327047061981, -377.7736301173306, 1.1298397232220225, 0.0]","[17.528968824528754, -54.263317767796806, -1.2122861582066322, -3.8256008557756664, -360.7555800466964, 1.1101670207177954, 0.0]"
closed_loop,quadrotor,125,9,4.604267611232486,0.0,"[17.93415452180033, -52.90811345590703, -1.0427968522743702, -4.516188440386353, -559.0098736826898, -0.3660398555310415, 0.0]","[17.75498492989301, -52.54723246725686, -1.0490835696379428, -4.481352238202318, -533.5351022196802, -0.29979078985580476, 0.0]"
closed_loop,quadrotor,125,10,3.828707623837971,0.0,"[15.269048386653377, -45.439599604247114, -0.8753754462150433, -4.802303713604687, -408.2640003854175, -0.9033573155010178, 0.0]","[15.406504969401631, -45.759271468494596, -0.8681057232696343, -4.8611737427430395, -426.49615957722887, -0.9746572698268151, 0.0]"
closed_loop,quadrotor,125,11,3.0638253750164877,0.0,"[11.213539268048056, -34.12378916472006, -0.6735199824842876, -4.461601188070407, -217.53394136396685, -0.56727437283271, 0.0]","[11.340883659691146, -34.43895945875725, -0.6661493018058077, -4.515973956304201, -235.0849923033627, -0.6232689141367274, 0.0]"
closed_loop,quadrotor,125,12,2.4742886010915566,0.0,"[6.9800551823503865, -21.79580668828946, -0.46440320345585684, -3.4732733874348956, -81.86114811242223, 0.27672241217913063, 0.0]","[7.110012801270974, -22.176407964460093, -0.4570802580999166, -3.5335844509089207, -97.4662134748083, 0.21094927126294424, 0.0]"
closed_loop,quadrotor,125,13,2.0581392412186315,0.0,"[3.3476747065780867, -10.681962456284053, -0.24977099265868846, -2.1107249102464976, -38.29625400326539, 1.1107384122366784, 0.0]","[3.4795595036981166, -11.11830440080376, -0.2436303213239883, -2.181102594922135, -50.391928836297915, 1.0412471504921574, 0.0]"
closed_loop,quadrotor,125,14,1.777688754508463,0.0,"[0.9311710198011465, -2.9776426823514015, -0.06762783697369763, -0.9215316502500508, -56.79129162185003, 1.557128566984737, 0.0]","[1.0130245601101402, -3.2905463698181228, -0.060930331872999434, -0.9654247167843419, -65.8531125280871, 1.510480867959753, 0.0]"
closed_loop,quadrotor,125,15,1.5595759359297658,0.0,"[-0.3742807793078792, 1.2828381733384107, 0.06950670575950263, -0.13979151129693257, -96.48872862389705, 1.604294353156229, 0.0]","[-0.32234877378135723, 1.0522675134701673, 0.07568163900607133, -0.16975229269487338, -102.57782826825155, 1.5724018203145946, 0.0]"
closed_loop,quadrotor,125,16,1.3319200633159167,0.0,"[-0.8805756601714375, 2.9261732100182165, 0.14574341832523005, 0.21511772481372837, -120.03338858243214, 1.3935247326464055, 0.0]","[-0.8555838290337835, 2.782369768978447, 0.15098927982263136, 0.20413520198520801, -123.99632904608698, 1.3757303913904495, 0.0]"
closed_loop,quadrotor,125,17,1.1056383608872156,0.0,"[-0.892148860794658, 2.8719445581923173, 0.17520152554550006, 0.2118600268154256, -121.82796901505206, 1.064211243932287, 0.0]","[-0.8941053660904358, 2.8310126101113724, 0.17956951331205942, 0.22223078891011797, -124.86290963426676, 1.0554489174600516, 0.0]"
closed_loop,quadrotor,125,18,0.900974772469894,0.0,"[-0.7361550520607163, 2.2239792896179504, 0.17087294595702696, 0.08769619300043141, -107.21625743973448, 0.7485438055891634, 0.0]","[-0.7170191711910956, 2.155903899688344, 0.16850388707059655, 0.07236581019205271, -105.49269185465133, 0.7486215864716685, 0.0]"
closed_loop,quadrotor,125,19,0.7330223724648958,0.0,"[-0.5264649785491892, 1.4124711801657523, 0.14745812560453186, -0.08723053292174532, -84.18862102234526, 0.5065579065892708, 0.0]","[-0.4859919840361463, 1.3110785654876282, 0.13866158907731507, -0.12964092628634094, -77.66744563360923, 0.5100010110433199, 0.0]"
closed_loop,quadrotor,125,20,0.5948251141986448,0.0,"[-0.3158704083144622, 0.6663651435952408, 0.11033307466615404, -0.2638249587831345, -55.245926276293574, 0.34889140370838295, 0.0]","[-0.28296937246857234, 0.5929732834323844, 0.10212630590642326, -0.30410654890938726, -49.20507447187796, 0.35372070077063056, 0.0]"
closed_loop,quadrotor,125,21,0.49907640881126325,0.00019767491848554641,"[-0.16956856460605413, 0.20466747611291974, 0.0738438896138948, -0.3606014554146241, -31.354659957954347, 0.26519175717275756, 0.0]","[-0.15058123013886593, 0.22339110584041666, 0.06500399412679508, -0.3978585787937866, -27.00114337663846, 0.2734221016206878, 0.0]"
closed_loop,quadrotor,125,22,0.4364434624714212,0.0007849259703696099,"[-0.08229481445499678, -0.041181816580185285, 0.047339823211091106, -0.38676186374614585, -15.51203904003665, 0.21611633022564147, 0.0]","[-0.07081170700843328, 0.02562950001235429, 0.03794186679504442, -0.4174295480578125, -12.519768795447678, 0.2288064470045135, 0.0]"
closed_loop,quadrotor,125,23,0.38791973298227755,0.000616218020665471,"[-0.039070672021300476, -0.11490280677970449, 0.028153133788762254, -0.35639848995893714, -7.571309366373062, 0.1889871494458341, 0.0]","[-0.03414056480012522, -0.01956181194610506, 0.0197359589958151, -0.3747300869577882, -5.08440697563752, 0.20569322825096395, 0.0]"
closed_loop,quadrotor,125,24,0.3322283897060925,0.0008519620929754446,"[-0.026782051565094188, -0.0076099963827834655, 0.013947034923768064, -0.30066638255618366, -2.8057817644169787, 0.17671651119165505, 0.0]","[-0.019446156031948575, -0.003597322364517807, 0.009766357297672989, -0.3166415565038227, -2.18037551729186, 0.18081277013506092, 0.0]"
closed_loop,quadrotor,125,25,0.2794907863806899,0.0006373782504622838,"[-0.019168682936002136, -0.01069751893487757, 0.011233459740851345, -0.23737137017324614, -2.0530710116726367, 0.14415929638721028, 0.0]","[-0.013996308120754924, -0.022367151321158126, 0.007898604515638874, -0.24644617313365916, -1.6141517766182714, 0.1490491080361284, 0.0]"
closed_loop,quadrotor,125,26,0.23868607872249553,0.0007977614324652382,"[-0.014942679759443892, -0.06262651597431218, 0.01180965302247436, -0.18055446250211726, -1.985573733018156, 0.10863988190502391, 0.0]","[-0.013175814825947917, -0.015852719081701615, 0.007289766945416341, -0.18816813801071394, -1.8808266675382825, 0.11827727468195262, 0.0]"
closed_loop,quadrotor,125,27,0.19957200061707775,0.0008999935490743294,"[-0.012897445163049697, -0.07098511529754839, 0.012387014130391968, -0.1369679173833244, -2.172069444262812, 0.07836486876548904, 0.0]","[-0.01106084359720702, -0.04004861052994423, 0.008807360013449226, -0.13893877954018777, -2.2871630933681764, 0.08733619144231887, 0.0]"
closed_loop,quadrotor,125,28,0.15949569735597713,0.0008269314279008011,"[-0.010538568099080763, -0.07588345836919641, 0.012097970405418535, -0.10485743846953727, -2.0805345543322167, 0.054448959381794934, 0.0]","[-0.00960364197876062, -0.05699341872203885, 0.009949814072018049, -0.10544649343611044, -2.342093037058401, 0.060100374863598253, 0.0]"
closed_loop,quadrotor,125,29,0.12544532624362922,0.00055255119288522,"[-0.008554255073655323, -0.07810555956279107, 0.01146510948087539, -0.08544973456962972, -1.7976480157915822, 0.03576649231259626, 0.0]","[-0.00820635386490162, -0.06529482315975269, 0.010165435468068251, -0.08373243032922784, -2.056428114738543, 0.0389831590873132, 0.0]"
closed_loop,quadrotor,125,30,0.09718900531787614,0.0005956464503049652,"[-0.005937411847468394, -0.07646982457506603, 0.010057923919560958, -0.06927187710707641, -1.2744556692565772, 0.02274561634929686, 0.0]","[-0.007496298388605854, 0.005071887605692854, 0.004069251255967163, -0.06865574854799283, -1.4828200392057356, 0.039268037257988025, 0.0]"
closed_loop,quadrotor,125,31,0.073511325720363,0.00034414435063334636,"[-0.0065377898780171655, -0.026454396562270003, 0.006648961761142402, -0.0573503837230983, -1.1954360638946184, 0.021226328802101443, 0.0]","[-0.006899711771952472, -0.0030270915239935347, 0.004578411051884289, -0.05619431097171359, -1.3762563717916587, 0.026622801955018024, 0.0]"
closed_loop,quadrotor,125,32,0.06192728237259689,0.00035814590242666533,"[-0.007655641039010185, -0.043374222241984575, 0.007509351839828572, -0.04884799207075222, -1.7498006240273276, 0.009554535978705366, 0.0]","[-0.004559047789727632, -0.005493221916624865, 0.003284191258368367, -0.04493730541175257, -0.8591903382515245, 0.020722016640288873, 0.0]"
closed_loop,quadrotor,125,33,0.04762894373720758,0.00040589720569528254,"[-0.004512956682501574, -0.0373477035644332, 0.004922655933515894, -0.038185080729573675, -0.9553465207753952, 0.009131848762984033, 0.0]","[-0.0028643908935684654, -0.00746967486020947, 0.0022996073506038094, -0.03469460048837775, -0.4672927403380681, 0.015764348731363797, 0.0]"
closed_loop,quadrotor,125,34,0.03523963347588563,0.0007994348333300039,"[-0.002209025195880948, -0.022317544201179082, 0.003622859278716585, -0.030295083895324024, -0.21071702077903404, 0.006411827810546982, 0.0]","[-0.0027356363926163076, -0.005817844508704527, 0.0021338071721450605, -0.027139928224547336, -0.40997135308158444, 0.010237089025224638, 0.0]"
closed_loop,quadrotor,125,35,0.02902169092341815,0.000994744380182544,"[-0.001706888940596479, -0.02238791945681254, 0.003346980873972587, -0.025744196404938788, -0.1300580491826167, 0.0032762853423750436, 0.0]","[-0.0015721311197615525, -0.002537418941088612, 0.0011214398555811345, -0.01972540525754636, -0.20748419004056404, 0.008657680149712986, 0.0]"
closed_loop,quadrotor,125,36,0.023550373849688104,0.0009714723784783885,"[-0.0006504232597690997, -0.017341753487476796, 0.002271964998512996, -0.01939568120269734, 0.01639895562473845, 0.0026068947851343657, 0.0]","[-0.0008439035708000902, -0.0017369586379442886, 0.0005991838217531845, -0.013652619316055322, -0.0879686903039656, 0.006451195518485797, 0.0]"
closed_loop,quadrotor,125,37,0.020498013810408562,0.0008875173018623173,"[-0.000928764916254918, -0.015897110553818573, 0.001851214015239252, -0.015981515647040596, -0.08648271431812699, 0.0014822001866949671, 0.0]","[-0.0006540388263056367, -0.0010275970578275133, 0.000435167601229694, -0.010038141803686075, -0.05858595736756421, 0.004600905443413103, 0.0]"
closed_loop,quadrotor,125,38,0.016439005161522115,0.0007134313088614785,"[-0.00037858797586564957, -0.009812816357360862, 0.0016516873929921661, -0.012765922236899728, 0.13446981188786453, -0.00048588590007601993, 0.0]","[-0.0003438740022472906, -0.0031859848837157713, 0.000484406271573128, -0.006880008295807231, -0.026534798159481655, 0.0019195623811939224, 0.0]"
closed_loop,quadrotor,125,39,0.020503756484493707,0.0007892115436081149,"[-0.0016689619287733614, -0.02361929092019347, 0.002074983689857447, -0.013623174748160789, -0.1584135593488757, -0.0030084998693257533, 0.0]","[-0.000274727916719855, -0.004443053862194125, 0.0006069197567450527, -0.005340713600045011, -0.022067680757209013, -0.0001328970628513338, 0.0]"
closed_loop,quadrotor,125,40,0.01264060903486807,0.0002143157770206905,"[-0.0001764150508958409, -0.005816371985174602, 0.0009884304841823758, -0.0071941166594146665, 0.049321699234224234, -0.0016302641376324805, 0.0]","[-7.47118126408688e-05, -0.0017376343030362186, 0.00023589932921424763, -0.003997950421093816, -0.006735057852308711, 0.0009378164368518666, 0.0]"
closed_loop,quadrotor,125,41,0.014202843095013365,0.0009316611360181692,"[-0.0010115767411825762, -0.012129250233869052, 0.0009688554395700037, -0.007383883446286264, -0.0911899378636856, -0.0014005860132818803, 0.0]","[-2.2366945361973808e-05, -0.0010272856276568006, 0.00010556064144280076, -0.001540557958072951, -0.004585115162772211, 0.000509825559356955, 0.0]"
closed_loop,quadrotor,125,42,0.0100610017663487,0.00022557230536923711,"[-0.00010933355015621773, -0.0027405895973340567, 0.0003651964962500874, -0.00293020070790418, -0.028657390358598246, -0.0007085166964615584, 0.0]","[1.4652210237921185e-05, -0.00032939528216551254, 7.559442384084258e-06, -0.0004818730607007241, -0.0013621511337896072, 0.00047507955000004377, 0.0]"
closed_loop,quadrotor,125,43,0.008749726938863549,0.0007157099614643059,"[-0.000342887181346401, -0.004252178232072448, 0.0003629874877835169, -0.0029233349647812493, -0.020788166055032732, -0.00043000154202540633, 0.0]","[-4.350388981068286e-06, -0.00031155742718050826, 1.9997458158676573e-06, -0.00020765729474236483, 0.000221456663289705, 0.00043812041559105437, 0.0]"
closed_loop,quadrotor,125,44,0.007173228877043155,0.0005114678954591945,"[-0.00015100105552878367, -0.0014040705902211583, 0.0001703522894856771, -0.0012553685228129015, -0.0358745054672584, -0.0005317041328817619, 0.0]","[-2.8195940987076952e-06, -0.00012018386962885238, -1.6545986504190794e-05, -2.1125491533708435e-05, -0.00018761779442916728, 0.00042526856754052854, 0.0]"
closed_loop,quadrotor,125,45,0.006873580860634167,0.0003976241900738309,"[6.419662456668067e-05, -0.0021938567497305096, 0.0001873759040473756, -0.0005844716257488722, -0.11684263242883178, -0.0012078248946938, 0.0]","[5.051088335019253e-06, 0.0005527593602821455, 1.3676582120063684e-05, -0.0008110326056725163, -0.04259297601858584, 0.0005931254720756986, 0.0]"
closed_loop,quadrotor,125,46,0.005795875131853569,0.0003612098079994741,"[-5.042603774688403e-05, -0.0026391151239095107, 1.801428020947712e-05, 0.0006168399132112366, -0.1445092930406737, -0.0010469429640372412, 0.0]","[2.5979202764298126e-05, 0.0023101816669655498, 0.00018432374852974477, -0.001581592744925811, -0.2859871329806863, 0.001626673046237694, 0.0]"
closed_loop,quadrotor,125,47,0.003690447104332392,0.00035332023150980163,"[-3.1037602669852474e-05, -0.0004979672857524926, -6.241734447234833e-05, 0.0008705959641857354, -0.009923874358647269, -2.3388294180707247e-05, 0.0]","[0.00018270293524622628, 0.003603991642016761, 0.0003342210489615151, -0.0036131289670732645, -0.49357649167614387, 0.0028132929780384495, 0.0]"
closed_loop,quadrotor,125,48,0.003270045286884257,0.00039039726588541157,"[-4.951260871942016e-05, -0.0014925240412550305, -0.00011679220651547523, 0.0013565698064286274, -0.04957324925443958, 0.00010652972931984544, 0.0]","[0.0002010824283811582, 0.0027992352150615655, 0.00023655374215464806, -0.002992901634860353, -0.4016910082655338, 0.0027838229899204278, 0.0]"
closed_loop,quadrotor,125,49,0.0019747820932933,0.0004211241362270801,"[-3.139246211402163e-05, -0.00046351575738798963, -8.560933987535903e-05, 0.0009206585295487922, -0.027035627585036165, 0.00018539005371807606, 0.0]","[0.00014495350282904258, 0.001115253815564698, 7.408751550986309e-05, -0.0015396341737686163, -0.15839145972452515, 0.001296469576677777, 0.0]"
closed_loop,quadrotor,250,0,18.146481853513027,0.0,"[4.446079345603361, -90.93543511931951, 0.3187722734726465, 13.28718516036778, -1047.603128343379, 83.3345080455429, 0.0]","[4.5237827795874335, -90.51896484546232, 0.3133816057367008, 13.120307888530101, -1064.3623949874109, 83.02010764995055, 0.0]"
closed_loop,quadrotor,250,1,17.021874616178817,0.0,"[4.225859363983592, -75.46247154773312, 0.03788185217887545, 9.07724066288041, -1118.0613793264326, 75.93886086447091, 0.0]","[4.140150958028698, -75.46910755367031, 0.032671775833076476, 9.01220506986265, -1094.6339487437579, 76.10306897467649, 0.0]"
closed_loop,quadrotor,250,2,14.367945741510791,0.0,"[3.678169079756951, -64.1630215779165, -0.360914449458603, 7.277435711307616, -1022.7852155220555, 72.30777973462781, 0.0]","[3.852948584233959, -64.76878893687028, -0.3604886537597684, 7.307312982041187, -1045.0646619316578, 72.43227451072536, 0.0]"
closed_loop,quadrotor,250,3,13.855619750462013,0.0,"[1.9998629908242596, -44.85055920604656, -1.0533737374218246, 1.3213892817676727, 152.63322617095037, 53.62567647179934, 0.0]","[2.060912588807009, -45.30609222229479, -1.061280114716938, 1.287726303725366, 148.53018928735136, 53.792751494433574, 0.0]"
closed_loop,quadrotor,250,4,9.076809170722628,0.0,"[19.835083626771777, -70.4406868201037, -1.2026598668368964, -1.0785339454013259, -859.6218534479545, 14.927254135069576, 0.0]","[19.654442234006957, -70.2220320984432, -1.2002303199948618, -1.040992148625546, -828.1925009346272, 14.993608965796009, 0.0]"
closed_loop,quadrotor,250,5,7.0595058710072465,0.0,"[20.592787676497334, -63.10117815856703, -1.3732696940736913, -2.162508160903001, -981.0864234377691, 9.090047774445711, 0.0]","[20.519955331229742, -63.736913373115996, -1.390066798623611, -2.1815112285245863, -926.9456165841115, 9.174749823417784, 0.0]"
closed_loop,quadrotor,250,6,5.966075897375315,0.0,"[19.790400794708397, -59.66675730031648, -1.4269758351341142, -3.539938204092711, -596.9836433762765, 3.960044646128912, 0.0]","[19.646055804349064, -59.75406434195018, -1.4404702765799917, -3.572697776141051, -546.1566793949363, 3.984075250254915, 0.0]"
closed_loop,quadrotor,250,7,5.203907387203956,0.0,"[19.717282720131834, -55.86559378398698, -1.3254252334693375, -3.6293028544148482, -849.4747759892349, 2.9553635208352436, 0.0]","[19.580458605819288, -55.82908405707976, -1.3321204769051478, -3.7376845200012943, -799.708783666658, 2.854816849012095, 0.0]"
closed_loop,quadrotor,250,8,4.285289259336134,0.0,"[18.541835984234147, -51.71830351534452, -1.0845314945811073, -3.2279783580930004, -952.2122719346663, 1.748202822072002, 0.0]","[18.372201267626977, -51.39022624473246, -1.0852403459281004, -3.2897755705123037, -917.9959914897855, 1.7340747282640596, 0.0]"
closed_loop,quadrotor,250,9,3.6946702697982863,0.0,"[16.018384540719524, -45.0798803645861, -0.8727338491589375, -3.6247103845912023, -788.0543285744152, 0.7739399924112776, 0.0]","[15.856994367635192, -44.685011781035804, -0.8778948393861872, -3.633143186845383, -761.7423385966924, 0.8289355989955285, 0.0]"
closed_loop,quadrotor,250,10,3.145489917513348,0.0,"[12.018176681324919, -34.64913162361034, -0.6668279145818954, -3.4651525298207835, -499.90709008543195, 0.5788590529920025, 0.0]","[12.084258850314022, -34.78786704810249, -0.6556458900363459, -3.526658920547257, -515.4168807085795, 0.518862613071206, 0.0]"
closed_loop,quadrotor,250,11,2.69721697095762,0.0,"[7.50818410544162, -22.140146621567723, -0.4388478522233423, -2.731194005796426, -274.9448101022326, 0.9959932027758478, 0.0]","[7.6983230089313635, -22.695778549579984, -0.4293479071081355, -2.8404030627002284, -295.8066184136491, 0.8960554224830457, 0.0]"
closed_loop,quadrotor,250,12,2.365281533775881,0.0,"[3.7608366995814824, -11.296339694994662, -0.23383948034538635, -1.7483649242302923, -153.5880384399962, 1.546100885146935, 0.0]","[3.90674238645134, -11.768046926751497, -0.2238084975359612, -1.8320890571663675, -172.07821321676812, 1.4671691691181517, 0.0]"
closed_loop,quadrotor,250,13,2.077749459145081,0.0,"[0.8878394875428884, -2.6217927621209403, -0.046405787204979954, -0.633920235676015, -126.89786354018662, 1.9967282913169198, 0.0]","[1.0075960002817115, -3.053900366221121, -0.03709854974793862, -0.7011150437073563, -140.6374900166962, 1.9317064874632173, 0.0]"
closed_loop,quadrotor,250,14,1.790620940464403,0.0,"[-0.7923487387288681, 2.598710941161902, 0.09575013302218821, 0.20704138128419913, -146.44174925481306, 2.0993471569864743, 0.0]","[-0.6985994397880689, 2.2047315715310276, 0.10339394610284879, 0.1520478634167174, -156.2749210479833, 2.051695094135178, 0.0]"
closed_loop,quadrotor,250,15,1.5105369258619825,0.0,"[-1.4129735920255146, 4.458383707019445, 0.18472433634528557, 0.5636574129843757, -170.65226167193123, 1.8628034035059629, 0.0]","[-1.3854487613876516, 4.280539866206125, 0.19204395798091092, 0.5540723733369499, -177.33172151425316, 1.842209334826243, 0.0]"
closed_loop,quadrotor,250,16,1.230611090555107,0.0,"[-1.4767755140083036, 4.54021945789278, 0.2185247066979415, 0.6163230043797494, -172.2890470903757, 1.4970759055980918, 0.0]","[-1.457869723947831, 4.409976011657859, 0.22325770482051507, 0.6060159258819073, -175.7073178803749, 1.4807989556991374, 0.0]"
closed_loop,quadrotor,250,17,0.9944915516385711,0.0,"[-1.2146098519225406, 3.5207161981420523, 0.2188421144385061, 0.4031875805940983, -155.5016642582929, 1.078292048705331, 0.0]","[-1.1927109489508432, 3.445367775433219, 0.21593146889946935, 0.3899593712540041, -153.4108905154802, 1.0782107378648087, 0.0]"
closed_loop,quadrotor,250,18,0.7984379302857031,0.0,"[-0.9188037468002779, 2.46473909527058, 0.19174073306407272, 0.17889547415670126, -125.94229583974796, 0.7548866020445574, 0.0]","[-0.8411191834687121, 2.2586657858416856, 0.17918284395745945, 0.10316003751321684, -115.88363948866125, 0.7479666632319241, 0.0]"
closed_loop,quadrotor,250,19,0.6450559701479184,0.0,"[-0.5894395232853418, 1.3897090811436903, 0.14526436981491075, -0.08596931578004519, -86.3276142374135, 0.518353478167594, 0.0]","[-0.5213481041586581, 1.221262913775581, 0.13349708198749544, -0.1630083239491161, -76.59037804036714, 0.5152599608840291, 0.0]"
closed_loop,quadrotor,250,20,0.5398404652434081,0.0,"[-0.32896394209413066, 0.5949562788414328, 0.09954355184370949, -0.29325171809685124, -50.85580401479716, 0.3712733993666409, 0.0]","[-0.2866150649620934, 0.5050243615863794, 0.09070787176186754, -0.3458069036173649, -43.99634603190833, 0.3726995895801617, 0.0]"
closed_loop,quadrotor,250,21,0.4719842294216119,0.0,"[-0.1740929552331568, 0.1797841337044933, 0.06367833652754779, -0.38194551080305494, -27.025359032633936, 0.29135069138173175, 0.0]","[-0.15069207659994568, 0.15508108599595935, 0.05685696242964572, -0.41246336614076556, -22.569306315357096, 0.29893094587804364, 0.0]"
closed_loop,quadrotor,250,22,0.4228200444677351,0.00011417153656023693,"[-0.08767425886940561, -0.0023692307193346543, 0.03857667087136735, -0.3926033826489833, -12.726228137840142, 0.244577180210583, 0.0]","[-0.07113239336740697, 0.0936875881922682, 0.025879997562704208, -0.4393682590557345, -9.218305923206483, 0.26077734689989474, 0.0]"
closed_loop,quadrotor,250,23,0.3747613459813899,0.0006373073743954905,"[-0.048868390799227605, -0.02466218923330164, 0.02187191303752937, -0.34870870490144235, -5.971477177160764, 0.21563067144329082, 0.0]","[-0.03861662170845821, 0.06792522771334786, 0.011581279419906524, -0.37920661024928715, -4.000534531821162, 0.2331445950858659, 0.0]"
closed_loop,quadrotor,250,24,0.3251259250122761,0.0007775374435152749,"[-0.032049452317423795, -0.011760891550514203, 0.01405419769792235, -0.2919184556309863, -3.6118088019640595, 0.18401238324540517, 0.0]","[-0.02500486078198405, 0.07346774705130105, 0.0050606920450488434, -0.31290427917712593, -2.575447129319585, 0.20055021717783775, 0.0]"
closed_loop,quadrotor,250,25,0.27616143178608105,0.0007762075439932126,"[-0.029618786018026703, 0.03796684725336268, 0.010143411456091385, -0.22904814543567675, -3.976320404438513, 0.1531926201805396, 0.0]","[-0.021157955939239692, 0.0492657462944813, 0.005065655513497151, -0.23930966816094665, -2.6126394439017115, 0.16288164759969886, 0.0]"
closed_loop,quadrotor,250,26,0.2263546458447345,0.0008293703299471211,"[-0.028753609138695534, 0.048045690899557125, 0.009459121401371812, -0.17473123502646878, -4.897283697607654, 0.11901405296596393, 0.0]","[-0.017819189272556005, 0.026596811275660763, 0.005759669271252357, -0.18294232101303312, -2.744331324704985, 0.12703883233520993, 0.0]"
closed_loop,quadrotor,250,27,0.1772061352342359,0.0007045269112071484,"[-0.01254088856540054, -0.0706428128792126, 0.011154299967078998, -0.1351266044036497, -2.145756963664263, 0.08507176984332171, 0.0]","[-0.010846591173492747, -0.030981754394783515, 0.007436364562947413, -0.13803790181633663, -2.4012164621612557, 0.09385415445557681, 0.0]"
closed_loop,quadrotor,250,28,0.14169585728965267,0.0007984187430116751,"[-0.009260568035276062, -0.07808897318381054, 0.010870788153207554, -0.10541577169774634, -1.9637704997245422, 0.060063570384694516, 0.0]","[-0.008361133583628753, -0.05430473901503142, 0.00861453706125047, -0.10571485732034024, -2.2903385442981166, 0.06553706019728253, 0.0]"
closed_loop,quadrotor,250,29,0.1100710356273688,0.0006442684985359381,"[-0.006785046449405167, -0.075222847508156, 0.010145890536699002, -0.0851625423986217, -1.5388984661089375, 0.04123563050101708, 0.0]","[-0.006257507674743244, -0.06649522178851383, 0.008793206804902585, -0.08445972358900251, -1.8386546558984378, 0.04418345600330809, 0.0]"
closed_loop,quadrotor,250,30,0.09142864515590207,0.00034471996479323863,"[-0.009375148192836953, -0.10180233039826839, 0.012066398143289338, -0.06616559809099071, -2.405470561222545, 0.018321386023882752, 0.0]","[-0.0037687828648282594, -0.07884335475167319, 0.00871467548703064, -0.06873016120907051, -1.314265640090861, 0.027480915836427942, 0.0]"
closed_loop,quadrotor,250,31,0.06791631878724885,0.0003538492542682903,"[-0.0011214893555047253, -0.08281033330150285, 0.007584124456467427, -0.058440400449664025, -0.38610733703850586, 0.018405652807923764, 0.0]","[-0.0026392411343461944, -0.07219084094557716, 0.007556662062237301, -0.05801890836843591, -0.8206879310986936, 0.01819098603586327, 0.0]"
closed_loop,quadrotor,250,32,0.058202043802569464,0.00032556207232969925,"[-0.0037125682007903937, -0.0737163330358974, 0.007674728369108092, -0.04897780268676927, -0.8550656864096932, 0.008346709007160238, 0.0]","[-0.0033267719568451327, -0.006688382270802888, 0.0022117032993473895, -0.043412848717813514, -0.4960214763160369, 0.023172351313384614, 0.0]"
closed_loop,quadrotor,250,33,0.045526596604750544,0.0008644698251585314,"[-0.0017690154267742655, -0.0461570116929267, 0.004706746446865476, -0.039022472316619566, -0.1984232209651778, 0.00938644314597665, 0.0]","[-0.0022493485191287543, -0.009315296641337088, 0.0018245485435580623, -0.03425333368669578, -0.2643297801142452, 0.01725835575669016, 0.0]"
closed_loop,quadrotor,250,34,0.039471827096201485,0.00036337488555071573,"[-0.0043910284824634, -0.035984908871144666, 0.0043957062544700155, -0.032692727585128215, -0.7403245139534664, 0.005476934247767507, 0.0]","[-0.0027454022914535246, -0.009637680956205642, 0.002212058028927465, -0.028100726192369762, -0.3192908037554687, 0.01081759867571115, 0.0]"
closed_loop,quadrotor,250,35,0.030057774353222887,0.0009046283229152685,"[-0.0008145630058573859, -0.020309555134199478, 0.0023763335198216558, -0.023915591368279844, -0.007299407207601212, 0.0064429223022717105, 0.0]","[-0.0014745919403746967, -0.005226579886425028, 0.0011110189952462455, -0.020364867586024835, -0.1157609455824473, 0.009420013314985713, 0.0]"
closed_loop,quadrotor,250,36,0.025714368302056544,0.0008411929305480736,"[-0.0011418750091709033, -0.019875878981698354, 0.002220089556269203, -0.019875378164606317, -0.04983486786416733, 0.003678185006243055, 0.0]","[-0.0008104848454559957, -0.0030052548402629115, 0.0005989538928826634, -0.014370358550013949, -0.041607768879726365, 0.007097411898108481, 0.0]"
closed_loop,quadrotor,250,37,0.020975926636462403,0.0007177850637911654,"[-0.0005174526546944513, -0.010028328489539022, 0.0013274050098704727, -0.0142839032348196, 0.0009898448671289087, 0.0034946446980250686, 0.0]","[-0.0005017682915118774, -0.00047470776116460784, 0.0002354256605576949, -0.009866407439120832, -0.013618317615235999, 0.00549732406775037, 0.0]"
closed_loop,quadrotor,250,38,0.019582710367678793,0.0009259623046351528,"[-0.0007831732033646874, -0.0163929403101104, 0.0019851742592618066, -0.014689011266686852, 0.09451641490616405, -0.0003058240402887911, 0.0]","[-0.0002638720607686196, -0.0028396933837809024, 0.0003709700784377843, -0.00710059762863032, 0.0067298722241784185, 0.0025840440484757796, 0.0]"
closed_loop,quadrotor,250,39,0.01818351441982176,0.0007909521899369665,"[-0.0007185669427087884, -0.015076473378649398, 0.001710091566442812, -0.012037281804525443, 0.10683731414469325, -0.0012498652273919264, 0.0]","[-0.00023839213001224455, -0.004451757863443623, 0.0005285189905355064, -0.005704122274426412, 0.017391991449149248, 0.0005596060420363173, 0.0]"
closed_loop,quadrotor,250,40,0.0140329118189619,0.0006912199535169528,"[-6.638227357759023e-05, -0.006596990794302568, 0.0009934987692399473, -0.00759270730214508, 0.0528552184361984, -0.0007958575650582253, 0.0]","[-7.991591383990503e-05, -0.003694888828556155, 0.000421216869731864, -0.004117123403682269, 0.006507633904609185, -7.441567285037376e-05, 0.0]"
closed_loop,quadrotor,250,41,0.0141822410012987,0.0005411331890734505,"[-0.0006396014879366312, -0.010192897772509814, 0.0009209698046218302, -0.00718866773921433, -0.013046195847629134, -0.0007084075684088318, 0.0]","[-3.2568497479780424e-05, -0.002054456502333839, 0.0002506745916476849, -0.0026796635111377533, -5.921508903216134e-05, -6.461459292700966e-05, 0.0]"
closed_loop,quadrotor,250,42,0.011018415389367073,0.0003229578580346004,"[-8.994743952589184e-05, -0.003469878166775211, 0.00044863871314498817, -0.0037466362068288954, -0.006952041942677792, -0.00040698540819769733, 0.0]","[1.5593006547737583e-05, -0.0003175360328011859, 5.040250429344309e-05, -0.0017263953584340666, -0.001966615449930281, 0.0005453051424870861, 0.0]"
closed_loop,quadrotor,250,43,0.00990615704496208,0.00047915982952373426,"[-0.0002458324891326896, -0.004101741818058968, 0.0003658646466195711, -0.0029919259003601513, -0.008930282234102454, -0.0004368934158862829, 0.0]","[8.111074655339056e-06, -0.0005695517109142061, 5.220413932828784e-05, -0.0006769171488757191, 0.0005842326937489314, 0.00013172222375395116, 0.0]"
closed_loop,quadrotor,250,44,0.008101752697471138,0.00027422081049399694,"[-4.4123154865383935e-05, -0.001226774761542063, 0.00015265010878435145, -0.0012435675557268967, -0.027586475536586906, -0.0001947400055063623, 0.0]","[9.391915131782175e-06, -0.00027497725812042405, 1.6381821909878564e-05, -0.000301309064480256, -0.0008083258602895844, 0.0001864398369438273, 0.0]"
closed_loop,quadrotor,250,45,0.007919557940639815,0.00042236038511100915,"[-0.00010281020852920162, -0.0025701161163576083, 0.0002668773985810375, -0.0015573927839477907, -0.009686495572755435, -0.0009317910906336012, 0.0]","[7.525710693146056e-06, -0.0008873166721281244, 4.833022208472802e-05, 0.00017922658813148985, 9.614904457547512e-05, 2.5382242180808456e-05, 0.0]"
closed_loop,quadrotor,250,46,0.006925133625788223,0.00034944826682736796,"[-5.4843153281577545e-05, -0.0013305495465480268, 5.126986027391556e-05, 2.790152755980811e-05, -0.02521647642645773, -0.00048525191868292847, 0.0]","[4.612803437293807e-06, 0.0003905285595616363, 2.2586419438064908e-05, -0.0008351106162450887, -0.03882938668719579, 0.00039040612189287377, 0.0]"
closed_loop,quadrotor,250,47,0.005941486730298205,0.000403213021080262,"[-0.00014506527324634633, -0.001011253426711079, -4.8917586326520375e-05, 0.0005781293525315421, 0.007612740217851633, -0.0001755060825015024, 0.0]","[2.5679421193346205e-05, 0.0023856337676912923, 0.0001529185614584229, -0.0017168560546045979, -0.28902068355070326, 0.00097635050116805, 0.0]"
closed_loop,quadrotor,250,48,0.005164462055194266,0.0003832153939786753,"[-0.00010762246774152125, -0.0005571783433813773, -0.00013418036659988952, 0.0013462723059999983, -0.01893956545151458, -8.555860717403616e-05, 0.0]","[0.0001482962555955091, 0.0034770290293276644, 0.00019053414284460105, -0.002430643342485142, -0.41724225290294403, 0.0012918107619400072, 0.0]"
closed_loop,quadrotor,250,49,0.0032270637170504404,0.0003726110164625762,"[-1.0900272915471595e-05, 3.213234890202027e-06, -8.661857127272646e-05, 0.0008130049202675025, -0.014368031382558525, 0.0001130915523300724, 0.0]","[0.00023701256386593844, 0.0031997237675581583, 0.0001669896699167497, -0.0023296840607303446, -0.41237366991212254, 0.0013959597929315845, 0.0]"
closed_loop,quadrotor,500,0,16.713492988701727,0.0,"[6.055117660511094, -62.40110627136109, 0.19189945881901102, 9.547972157970872, -1763.2313463694638, 65.97380655323023, 0.0]","[6.212418634987563, -62.69412355624717, 0.1964107226926391, 9.625720059862527, -1784.312373974244, 65.87391843843733, 0.0]"
closed_loop,quadrotor,500,1,15.794551047365205,0.0,"[2.1969315930299813, -48.47909259195807, -0.1326819113735059, 6.346881244462686, -1138.1314696172226, 65.37364337956396, 0.0]","[2.7709305350065083, -48.9352258466619, -0.1378604270513218, 6.200256722542073, -1216.684306993372, 64.7809421487525, 0.0]"
closed_loop,quadrotor,500,2,13.231901012092633,0.0,"[2.8587613763643325, -41.735085697802525, -0.5147646610980272, 5.078040615777261, -1163.4416695157781, 61.996923352463554, 0.0]","[3.128944934435585, -42.488675254226536, -0.5182056372402616, 5.064146657919821, -1195.4918492995419, 62.10963180166403, 0.0]"
closed_loop,quadrotor,500,3,12.791914023348788,0.0,"[-0.8916534085304119, -25.846605838843303, -1.1287539225344148, 0.5439546103942177, 188.11219671156286, 51.716479244586765, 0.0]","[-0.915896953888379, -25.02043675050459, -1.1707407641502063, 0.13061165798402782, 168.605209935043, 51.67771760140762, 0.0]"
closed_loop,quadrotor,500,4,7.919841736141104,0.0,"[16.420330071124166, -52.036847152669004, -1.234448982600493, -1.3541964783462916, -834.0436924044543, 15.071578867180172, 0.0]","[16.486033919002082, -52.53471938144995, -1.23870144982317, -1.32374609598681, -831.0839778843799, 15.188069337050427, 0.0]"
closed_loop,quadrotor,500,5,6.111442190045589,0.0,"[17.45953996598535, -50.162162431323914, -1.3272032825245432, -1.8554317415713633, -831.1456725948411, 9.32608158036432, 0.0]","[17.23630545542091, -50.38160107576716, -1.3366906198083828, -1.8296333492607266, -758.7702317159747, 9.441069042308479, 0.0]"
closed_loop,quadrotor,500,6,5.109520759110191,0.0,"[16.77841360755234, -47.469565485849564, -1.3395611680241746, -3.04882375622975, -515.1382138997311, 4.82224079685894, 0.0]","[16.673034712299607, -47.62827972895151, -1.3515240174441443, -3.054283020071796, -472.0109593163618, 4.885536780796762, 0.0]"
closed_loop,quadrotor,500,7,4.447922687424666,0.0,"[16.538322507111396, -44.71025469285515, -1.2272580770397012, -3.211556020441564, -673.5202377566308, 3.714374271050158, 0.0]","[16.4012021843374, -44.60799599578902, -1.2332792710554699, -3.319298519977415, -627.251728455314, 3.624203755900941, 0.0]"
closed_loop,quadrotor,500,8,3.649752964960216,0.0,"[15.348981522342335, -41.23286304914645, -0.9868659025707871, -2.752370279640264, -751.8082750597597, 2.5840299410965057, 0.0]","[15.166956315638172, -40.83168645182531, -0.9847547634527857, -2.825214737384539, -720.5552609946474, 2.5639296021682623, 0.0]"
closed_loop,quadrotor,500,9,3.190979491218951,0.0,"[13.100723042852602, -35.61874974941803, -0.786378371346088, -3.057966016359837, -609.935173587404, 1.6572465690330915, 0.0]","[13.025305215409555, -35.418511088882084, -0.781933610917681, -3.0970538052296677, -601.6955696081535, 1.6485104194029456, 0.0]"
closed_loop,quadrotor,500,10,2.7721410873517316,0.0,"[9.879637506855758, -27.50408622225876, -0.5857332712494543, -2.9291877498339787, -399.66101183169417, 1.2395655567291595, 0.0]","[9.94003606583442, -27.63191242447128, -0.5727195496277181, -3.0046207925920743, -414.73826213316966, 1.1735953423924228, 0.0]"
closed_loop,quadrotor,500,11,2.4043827106969697,0.0,"[6.193675540200624, -17.621330178212787, -0.38112758041236927, -2.375442817979713, -224.24340286466887, 1.3889858317101471, 0.0]","[6.28231690195925, -17.86527245109882, -0.3682324279542398, -2.443103914894407, -242.7225130342881, 1.328298318774021, 0.0]"
closed_loop,quadrotor,500,12,2.116500759090048,0.0,"[3.0119864178139286, -8.695860945132369, -0.2012116745941939, -1.5651892308520412, -128.95244738508953, 1.7564080928367334, 0.0]","[3.116263668308915, -9.02947556119645, -0.18964473247394315, -1.628362777582353, -144.7921971659119, 1.6908246338464905, 0.0]"
closed_loop,quadrotor,500,13,1.841806482651903,0.0,"[0.6209728180071543, -1.7153130522694087, -0.04133940356673061, -0.6685402960734144, -109.65195350709423, 2.0335205586196268, 0.0]","[0.7034225601103677, -2.014003095616192, -0.03179017749525234, -0.7182403628914683, -120.836189615467, 1.9891436803198084, 0.0]"
closed_loop,quadrotor,500,14,1.5729169207260532,0.0,"[-0.6971817789501056, 2.197356256500712, 0.07672901461351112, -0.05063723346565041, -126.51264590370913, 2.023640684064672, 0.0]","[-0.7025209818639458, 2.167847150833265, 0.08438287977783433, -0.038240308993541076, -133.29933244179233, 2.0175050591488897, 0.0]"
closed_loop,quadrotor,500,15,1.321759981506551,0.0,"[-1.257392885105424, 3.8064456605346955, 0.15477450698285905, 0.27030903155960173, -146.82601021605797, 1.7912903073345334, 0.0]","[-1.2544433290540113, 3.761996793093933, 0.15778819842023575, 0.27719545414870544, -149.7041980884287, 1.7850886554451788, 0.0]"
closed_loop,quadrotor,500,16,1.0841773036884228,0.0,"[-1.6535067406911386, 5.066538742553436, 0.189640173260268, 0.6356172385879653, -158.93425626111943, 1.591214660720989, 0.0]","[-1.2790578273493778, 3.747080429081616, 0.18082908129340192, 0.303529211055733, -145.3266668195122, 1.4370941710606362, 0.0]"
closed_loop,quadrotor,500,17,0.847966279571604,0.0,"[-0.9802760942326404, 2.7197733152857126, 0.1659301885690787, 0.06463575200728422, -118.6480808071453, 1.052909707988252, 0.0]","[-0.9648444185604624, 2.666637299671177, 0.16428315834208557, 0.05700456298922567, -117.60975209543746, 1.0517808078190318, 0.0]"
closed_loop,quadrotor,500,18,0.6997724037536787,0.0,"[-0.7873450495211723, 2.04544265800822, 0.1500413111709216, -0.03727625139746116, -99.29039926776562, 0.7792359966888288, 0.0]","[-0.6860967163807284, 1.767748229416308, 0.13651320344578438, -0.13692627151932604, -88.43637153004127, 0.7645808666685391, 0.0]"
closed_loop,quadrotor,500,19,0.5741626234169633,0.0,"[-0.4899621261527669, 1.1181701543664961, 0.111531846770189, -0.24771579503815722, -65.71095710322413, 0.5591451729172997, 0.0]","[-0.42200424551031085, 0.9493057250544162, 0.10067542499994211, -0.3219003800770124, -57.451544331137605, 0.5566922884328905, 0.0]"
closed_loop,quadrotor,500,20,0.4905236790510268,0.0,"[-0.27538693566462963, 0.4822677558324554, 0.07704988074643598, -0.3817525678867837, -38.733425288290576, 0.4162773906002691, 0.0]","[-0.23089629005680104, 0.3896257812148028, 0.06844502725298213, -0.4358546793606138, -32.78919415370904, 0.4220608280944007, 0.0]"
closed_loop,quadrotor,500,21,0.42869520317298676,0.0,"[-0.14573321402995398, 0.15526960074107268, 0.04856134766049209, -0.4255142610003527, -20.264005617936387, 0.3387777907390352, 0.0]","[-0.1209633161419776, 0.11869685621423555, 0.04278326201891459, -0.4594131070694769, -16.741023471673685, 0.34517290559260766, 0.0]"
closed_loop,quadrotor,500,22,0.38235073875327086,0.0,"[-0.07251268475503363, -0.013930999281699549, 0.03066993824176853, -0.4111410972866879, -9.47939468201682, 0.2825127330554513, 0.0]","[-0.06007355404411861, -0.018496897830989522, 0.02689344411265825, -0.43120086028726706, -7.751968781676585, 0.2876142927347061, 0.0]"
closed_loop,quadrotor,500,23,0.3373070490353511,0.0,"[-0.04028186032323444, -0.04986214471907459, 0.019028666019697865, -0.35505483231424706, -4.684252805724149, 0.2421647227331698, 0.0]","[-0.035040540094475194, -0.03351346583301088, 0.016443002630442047, -0.3666417288409924, -4.023471297766258, 0.24706892204406541, 0.0]"
closed_loop,quadrotor,500,24,0.293147030070282,0.0,"[-0.025875168716714744, -0.04183452419394238, 0.013008176574707871, -0.2955320157573364, -2.833752143832551, 0.20243754259520963, 0.0]","[-0.02429057805502436, -0.024252221596540204, 0.011551724644324947, -0.303119437752166, -2.97626021248185, 0.20478445920117896, 0.0]"
closed_loop,quadrotor,500,25,0.2519411351564488,0.00022045226227107584,"[-0.019465382121904653, -0.05490396105562314, 0.01081488559482845, -0.23318158362522767, -2.1076185931205065, 0.16376936272491643, 0.0]","[-0.013168756635231293, 0.026365979101634265, 0.0028191830507766466, -0.25082793836794876, -1.6862008211390052, 0.17994860876373844, 0.0]"
closed_loop,quadrotor,500,26,0.21048151504394674,0.0004696266116703818,"[-0.015719656869658514, -0.045087278807879744, 0.009250845700376303, -0.18192557297670534, -1.9837734913344778, 0.12996444758327352, 0.0]","[-0.011351739659440406, 0.012840027161576452, 0.0035490810753403858, -0.19231453443096894, -1.9684279044161481, 0.14166786737521192, 0.0]"
closed_loop,quadrotor,500,27,0.17463800832031767,0.00042685618095172906,"[-0.0069140238145334616, -0.08237765768378309, 0.009593668707987951, -0.14116999177333744, -1.619680177363267, 0.09596755223933467, 0.0]","[-0.005307327799155169, -0.03609434318211466, 0.005459441430139379, -0.1451307503706296, -1.953290012539318, 0.10559827913366243, 0.0]"
closed_loop,quadrotor,500,28,0.14256746919425012,0.00034935309284644944,"[-0.0043827305742431604, -0.09702993329014872, 0.010128603473927487, -0.11044941353781407, -1.530333323101197, 0.06668341163041455, 0.0]","[-0.0020535854524555974, -0.06458235569379514, 0.00668115856554049, -0.11175163753747336, -1.6946786009606538, 0.07574117209116363, 0.0]"
closed_loop,quadrotor,500,29,0.11490907664018785,0.0005489015997419688,"[-0.000984047270524799, -0.09793352539487803, 0.008891725037580045, -0.0898088002375551, -0.9421655805818973, 0.0487646213821621, 0.0]","[-0.00012131509978161216, -0.07719137866438115, 0.006949302994982986, -0.08898947681574468, -1.239759870470295, 0.05335404152142726, 0.0]"
closed_loop,quadrotor,500,30,0.09416156935712544,0.0005313436498424196,"[0.0009765467132836716, -0.10015865943875672, 0.00832556202158245, -0.07297172337356461, -0.6025697205947739, 0.03179896176604014, 0.0]","[0.001855449487685226, -0.08838641675684374, 0.007090331222226054, -0.07169693405900762, -0.8142073720403094, 0.035286102482897555, 0.0]"
closed_loop,quadrotor,500,31,0.07703554535108773,0.00042215135611978205,"[-0.00203742881111757, -0.09084377436553412, 0.008684280843225504, -0.06001224815812407, -0.7618376757764359, 0.017809316076723262, 0.0]","[0.0015190787331775953, -0.07805720084297929, 0.006413214931099842, -0.05968340183381532, -0.5654613599577526, 0.02404411574466046, 0.0]"
closed_loop,quadrotor,500,32,0.06430171463759883,0.0004322295702192669,"[0.0023322192556767584, -0.08755679445156743, 0.0063259788221442445, -0.05022582983542573, -0.034150145673647526, 0.014487358316950756, 0.0]","[0.001685861219539045, -0.07920371697462837, 0.006201207084279052, -0.04990859304131683, -0.16873531123817517, 0.014707922245588078, 0.0]"
closed_loop,quadrotor,500,33,0.054042662659284695,0.0003624728619773254,"[0.001882025565379956, -0.0706600234450973, 0.005279000580549267, -0.04183008811728359, 0.05838954942424005, 0.009602075353870466, 0.0]","[0.0014000449576891786, -0.06768746616675644, 0.005350788473302422, -0.041729154443023, -0.03336768451038277, 0.009291792406857525, 0.0]"
closed_loop,quadrotor,500,34,0.04601429748824981,0.0002826661608885672,"[8.334611217145588e-06, -0.0541143806730287, 0.004868348777532218, -0.03559286394449, -0.003470181976804739, 0.004646513058900549, 0.0]","[-0.00029213176786461564, -0.05097634505926431, 0.004800840558520374, -0.035210426429136174, -0.11782857185536827, 0.004794605925634617, 0.0]"
closed_loop,quadrotor,500,35,0.04458684119338535,0.0003904944492338913,"[-0.0012531247555197216, -0.06179706244300361, 0.004475608394448338, -0.030808746014598994, -0.5620367758146834, 0.0017910863966779222, 0.0]","[-0.00042033320698271645, -0.0432334261423808, 0.0040671042063108245, -0.02992046356978123, 0.004620798543656229, 0.0031732170452185675, 0.0]"
closed_loop,quadrotor,500,36,0.03415031266744948,0.00042349145735487426,"[0.00124304261980419, -0.03120311004074167, 0.0019970981155238467, -0.019970081692966275, -0.11229820138219099, 0.004716207832730309, 0.0]","[-0.000709283906777492, -0.006568099598845647, 0.0008119787050826244, -0.01596012224865847, 0.047206998298329285, 0.006977121345479603, 0.0]"
closed_loop,quadrotor,500,37,0.029100028097009067,0.0009150154070241001,"[-0.0003607344919977971, -0.024506028998350183, 0.0023995464599781504, -0.01936672402142786, 0.08513227323728292, 0.0019580795145910353, 0.0]","[-0.0009123183196496599, -0.006835379539885464, 0.0009468996988967111, -0.013482545032269458, 0.02599476855708466, 0.0048124751193522166, 0.0]"
closed_loop,quadrotor,500,38,0.02786123816408043,0.000799095638238656,"[-0.0009279815506627014, -0.024159726942760217, 0.002390258754875377, -0.01727011838207307, 0.12178109753535071, -0.00016948422490400484, 0.0]","[-0.0007852830092990228, -0.011041295136711893, 0.0012627765658550915, -0.01206767132213627, 0.08586206041184921, 0.0017637590758835897, 0.0]"
closed_loop,quadrotor,500,39,0.025295974074332282,0.0007530509144322295,"[-0.0007760490896020037, -0.019565634723044744, 0.001999894686488281, -0.013944497856424426, 0.16296966888070893, -0.0012168454557910451, 0.0]","[-0.0006801449122838915, -0.011614080930993856, 0.0012725554554617652, -0.010389466237169803, 0.11292779141108315, 0.0001675886410514155, 0.0]"
closed_loop,quadrotor,500,40,0.02168894161710027,0.0009818462681459028,"[-0.00025448935133799754, -0.014710480044508084, 0.001495458034875284, -0.010842407656257333, 0.130543523874727, -0.0012289843861428135, 0.0]","[-0.00016643699864930014, -0.0060978670573802254, 0.0006328508135026087, -0.006175411643362527, 0.06561992804602577, 6.146306497797855e-05, 0.0]"
closed_loop,quadrotor,500,41,0.019182424474121038,0.0008823198630796281,"[-0.0002496413680581861, -0.009938471248212058, 0.0010032405480997245, -0.007859943205787067, 0.09522915210132141, -0.000364436382346036, 0.0]","[-0.00010729636195207211, -0.003808991545289307, 0.0004042779220208854, -0.004282909538122223, 0.04377298069482973, 0.00012474240803957243, 0.0]"
closed_loop,quadrotor,500,42,0.01675580448762543,0.0008485360031587064,"[-0.00013525176479970666, -0.005839460002514983, 0.0006432408651372435, -0.005245420819148378, 0.050894044472584374, -0.000272136803066978, 0.0]","[-7.33916916663231e-05, -0.0028994451963137925, 0.0003055269996658307, -0.003074194991668835, 0.03622290863212007, -8.212280443354046e-05, 0.0]"
closed_loop,quadrotor,500,43,0.014713896869182192,0.0008030310383793093,"[-8.788473520762778e-05, -0.00390547847104663, 0.00044159833841729963, -0.0036127493670603953, 0.01754818764970197, -0.00042888004870046676, 0.0]","[-1.326056894629663e-05, -0.0016392632214929515, 0.00018582637744712647, -0.0018597784641912855, 0.015041070888968857, -0.0002399960849805771, 0.0]"
closed_loop,quadrotor,500,44,0.013120749916924867,0.0007182249765211868,"[-5.3324187643463626e-05, -0.002539235743570993, 0.00024873538849004204, -0.002106722217237547, -0.0099902173484701, -0.0004740219651841988, 0.0]","[5.542265051356605e-06, -0.0009918488346228513, 0.00011922272607809028, -0.0011651865559680317, 0.006310162401167635, -0.0002554974409227409, 0.0]"
closed_loop,quadrotor,500,45,0.011974841547478497,0.0005856263163495079,"[5.926472848927585e-06, -0.002336920830161403, 0.0002989640113893524, -0.0019523640136158821, -0.00810118649904782, -0.0008668788437272976, 0.0]","[2.2087576695799558e-05, -0.0017987452567189421, 0.00019310208927096089, -0.001193506198473395, 0.007685891872687592, -0.0006518858230219825, 0.0]"
closed_loop,quadrotor,500,46,0.010397613111190368,0.0004946442640960669,"[7.056348233560208e-06, -0.0008897708514474344, 0.0001063379056812444, -0.0005805927510094686, -0.0038022086794145355, -0.0006713502137333347, 0.0]","[9.356658420660416e-06, -0.0007761738936130158, 8.562739392282681e-05, -0.0007065522951928034, 0.004042247551490425, -0.0002098270924510259, 0.0]"
closed_loop,quadrotor,500,47,0.009278410543119672,0.00039428973698596437,"[-3.6653735172089096e-05, -0.0004908273196910272, -2.2782927366195615e-05, 0.00026960090666046236, 0.005945217298156926, -0.0003044585083640179, 0.0]","[3.666703320529165e-06, -0.0001600973841300559, 2.5302449138258417e-05, -0.00034893196641781223, 0.001556439741940917, -6.590734859487506e-05, 0.0]"
closed_loop,quadrotor,500,48,0.007794198729843744,0.0003794958667406867,"[1.536156445744675e-05, 0.0003478220158706645, -9.000579039672659e-05, 0.0008131522044262537, -0.004246043811985182, -0.0001757634762968137, 0.0]","[5.736709592714146e-06, 0.00018491716178181594, -1.1024673410800226e-06, -0.0002943165681400279, -0.00025248060557319583, -3.7939892768913034e-05, 0.0]"
closed_loop,quadrotor,500,49,0.006132455729373734,0.00034460270368308343,"[-5.389484077980142e-06, 0.0001639520999285539, -8.754886984544537e-05, 0.0007683832941726257, -0.012106997308580815, -0.00013811920864000967, 0.0]","[5.6651604331560314e-06, 7.265277957742613e-05, -5.492137296006074e-06, -0.00014513320239651693, 0.003026057584651083, 1.6657052177014106e-05, 0.0]"
open_loop,robot_arm,0,0,30.412873869934728,0.0,"[-22.174432486241173, -1.529434311607147, 21.767240654256394, 24.165187223197023, 0.0]","[-22.178703108039855, -1.5344263526845032, 21.792068252166843, 24.171050704450664, 0.0]"
open_loop,robot_arm,0,1,22.776567684000746,0.0,"[-23.741720183942274, -1.279068101836392, 21.008569182330532, 25.84706729509703, 0.0]","[-23.749451569852557, -1.2786669291096133, 21.006220656402117, 25.856402197941694, 0.0]"
open_loop,robot_arm,0,2,27.653723790923777,0.0,"[-20.9115660341915, -2.2233686400292707, 20.24008193337234, 24.747308128791065, 0.0]","[-20.92204012317866, -2.224818964481939, 20.27489364695819, 24.750353521050393, 0.0]"
open_loop,robot_arm,0,3,31.51154117885101,0.0,"[-18.630784348814345, -2.811917066536796, 19.05157938902432, 23.65345147207489, 0.0]","[-18.63436951788093, -2.81506818460461, 19.0819719842324, 23.6556092571651, 0.0]"
open_loop,robot_arm,0,4,20.47098288275393,0.00012642148592328928,"[-22.482274036772168, -1.2127445361914362, 23.802230466477404, 23.14160735726037, -20.62784000708991]","[-22.16791404561457, -1.3064441549046826, 24.199506471736495, 22.74788510640827, -22.728352368531034]"
open_loop,robot_arm,0,5,17.479507856848624,0.0004318893443604199,"[-29.53369035846318, -1.2489497302678958, 30.123769998323745, 29.865247886177386, -0.08621850810417708]","[-29.727813016783067, -1.2616042362492346, 30.219758612634983, 30.144944711757198, 1.250610447716044]"
open_loop,robot_arm,0,6,19.37759956398444,0.0009337007756341498,"[-24.511075724566144, -0.9971572616011918, 24.403893918157117, 25.197263442062418, -19.995998365501485]","[-20.556972967849596, -1.125332741317058, 21.87330748082356, 21.09460921228673, -44.334618768109614]"
open_loop,robot_arm,0,7,23.727159434570464,0.0,"[-24.7791476565057, -0.9556151639316088, 22.79283475723223, 25.775223802645623, 0.0]","[-24.78377266938173, -0.9586956382869068, 22.814441671917177, 25.767887795484135, 0.0]"
open_loop,robot_arm,0,8,25.39421133456071,0.0,"[-25.39380899191543, -0.9547377203531008, 22.219779873510138, 26.74322777261837, 0.0]","[-25.395731057151952, -0.9580209348945558, 22.250025598842104, 26.752733440194795, 0.0]"
open_loop,robot_arm,0,9,21.287809474781476,0.0006393677646450852,"[-23.47726244782606, -0.7918033981898289, 21.603796257881605, 24.185038030752356, -17.95739487096919]","[-20.460504633561975, -1.2456702084953781, 22.165891982594683, 21.151666576710905, -39.53170982488874]"
open_loop,robot_arm,0,10,19.311794172859436,0.00014967555035674818,"[-23.94882571447913, -1.1970273648556213, 25.598706224634544, 24.36191991908694, -15.904301223828693]","[-23.79587299851293, -1.2690995345497802, 25.926875714190658, 24.11966762967339, -16.885393291858684]"
open_loop,robot_arm,0,11,31.346373080731546,0.0,"[-18.723667958118032, -2.7742942182376806, 18.90295585023765, 23.739028636142784, 0.0]","[-18.728562062077184, -2.7765124832722234, 18.937470644363835, 23.736597366686798, 0.0]"
open_loop,robot_arm,0,12,21.131378256102526,0.0007495239890184385,"[-23.058469401238984, -0.8923793566029672, 21.72228062975916, 23.932639274060893, -16.70969529579211]","[-21.205457649406455, -1.3082910664619551, 23.174256023014564, 21.89025794042515, -29.383381238227045]"
open_loop,robot_arm,0,13,22.689354534289794,0.0,"[-24.340503790570402, -1.39696641313785, 21.37442683732663, 26.75538857178319, 0.0]","[-24.345117465909794, -1.395954536261901, 21.38316759300929, 26.76143131135718, 0.0]"
open_loop,robot_arm,0,14,25.776116662599197,0.0,"[-23.496421114851078, -1.1805653317286329, 22.40973573569952, 24.782501173560703, 0.0]","[-23.48895672546411, -1.182332679392804, 22.42812536026009, 24.781726041277697, 0.0]"
open_loop,robot_arm,0,15,24.7634734061697,0.0,"[-23.13755663977321, -1.6742368518027042, 21.975681129781368, 25.683576982590537, 0.0]","[-23.14723289297632, -1.6758129472768155, 21.989155020649733, 25.67526410748405, 0.0]"
open_loop,robot_arm,0,16,25.237495043921523,0.0,"[-22.602802368668524, -0.8481681228746893, 19.098305598739103, 24.058384900724974, 0.0]","[-22.603685344619016, -0.8488530938769614, 19.099843128252374, 24.056082546367374, 0.0]"
open_loop,robot_arm,0,17,21.60931172572365,0.0007025862682582124,"[-23.849101342467797, -1.2193102859521312, 24.35763979314862, 24.81195503342654, -19.39685422321729]","[-20.045853591422876, -1.4090161078334247, 22.172896212291324, 21.006709702046003, -45.814337350340146]"
open_loop,robot_arm,0,18,21.775497010489126,0.0005874881715740438,"[-20.986695837298985, -1.367633297872622, 19.068730879485084, 23.3342279829773, -14.496719250064448]","[-19.413138321759167, -1.7394489160983864, 20.218970278205095, 21.686470294616957, -23.13883574470357]"
open_loop,robot_arm,0,19,29.753974876863666,0.0,"[-20.722922084369536, -1.684199682694628, 18.90658165870249, 23.704189128168025, 0.0]","[-20.727694870739096, -1.682178371958273, 18.902764827362216, 23.706791704020638, 0.0]"
open_loop,robot_arm,0,20,22.864834405132708,0.0,"[-24.142908430553906, -1.4333621850092102, 21.253507468959405, 26.64750673893564, 0.0]","[-24.15155107346084, -1.4335487578054869, 21.268366926581567, 26.644456553575516, 0.0]"
open_loop,robot_arm,0,21,31.868409485873148,0.0,"[-17.762872585467058, -2.999696726568317, 19.71535290511467, 22.755808692171478, 0.0]","[-17.771695712122092, -3.0011594328572655, 19.73324541276237, 22.759235610991276, 0.0]"
open_loop,robot_arm,0,22,25.74125464205891,0.0,"[-24.40236713694621, -1.0948038427512836, 22.654140154898595, 25.65970899417061, 0.0]","[-24.401928905385212, -1.097157524071152, 22.686244522745454, 25.654507673801557, 0.0]"
open_loop,robot_arm,0,23,29.985809188291082,0.0,"[-22.433329372556315, -1.4788421940293395, 21.928096613647813, 24.318967565425005, 0.0]","[-22.438834149468743, -1.4828855800023295, 21.957238870956456, 24.321906020723596, 0.0]"
open_loop,robot_arm,0,24,25.50643021809723,0.0,"[-25.014116526798837, -1.0187430674191935, 22.560403731104067, 26.269508456993922, 0.0]","[-25.008927907106404, -1.0228566841955158, 22.619236497370903, 26.278794712334246, 0.0]"
open_loop,robot_arm,0,25,21.998151729255323,0.00015299360266045336,"[-21.241532545446535, -1.5530329390115294, 22.384222749683033, 22.866962150352006, -22.459973123711297]","[-20.720831438369448, -1.6766772116857553, 22.781560938455726, 22.287023575039743, -25.41647367075326]"
open_loop,robot_arm,0,26,21.781368645015526,0.0,"[-25.790642200108042, -0.5497830669474281, 22.145521544424412, 26.329471591932254, 0.0]","[-25.797411939447755, -0.5519745382262781, 22.16600963112554, 26.33215422024523, 0.0]"
open_loop,robot_arm,0,27,24.080214452434895,0.0,"[-23.814438495468966, -0.7950990326951914, 21.169595578989465, 24.73465364416229, 0.0]","[-23.814925061617796, -0.7961890954675678, 21.161515333456506, 24.737766532037405, 0.0]"
open_loop,robot_arm,0,28,24.23736088154355,0.0,"[-25.141011677828367, -0.9511931127692592, 22.909881100109985, 26.17301238370477, 0.0]","[-25.14111323709671, -0.9535579074214643, 22.928968280827977, 26.17164102477822, 0.0]"
open_loop,robot_arm,0,29,29.062143266167755,0.0,"[-22.89266695705452, -1.3944109441184533, 22.097308683468217, 24.638303544541717, 0.0]","[-22.901128500344235, -1.3974087481304085, 22.13975322184589, 24.64455207585381, 0.0]"
open_loop,robot_arm,0,30,29.701892190960397,0.0,"[-22.077343003889716, -1.5056636670327344, 21.956034729081637, 23.921593764139253, 0.0]","[-22.078793404069625, -1.5080772691699451, 21.956090823005805, 23.921487642904136, 0.0]"
open_loop,robot_arm,0,31,25.444275510098414,0.0,"[-23.562030601410108, -1.0998410898300852, 19.70859784022078, 25.663561847775615, 0.0]","[-23.56386341866589, -1.1042429318624776, 19.735947364018838, 25.66227787340312, 0.0]"
open_loop,robot_arm,200,0,19.41356545144513,0.0,"[13.022391624549293, -9.352895089241553, 0.7015621553532538, 20.90062136460431, 0.0]","[13.014836509591875, -9.3531238228546, 0.9887995289700925, 20.879515077607028, 0.0]"
open_loop,robot_arm,200,1,12.797712369787755,0.0,"[14.625907033544056, -9.179424006111644, -8.698307456950408, 9.277577862975786, 0.0]","[14.622889607907096, -9.171599835234757, -9.021789619755731, 9.337801569286578, 0.0]"
open_loop,robot_arm,200,2,16.55603000608255,0.0,"[18.139157530929808, -12.797675914943829, -7.243632301279709, 27.18889017955292, 0.0]","[18.11071402630219, -12.777998602923867, -6.310239168920508, 27.35195853214199, 0.0]"
open_loop,robot_arm,200,3,20.28686788799688,0.0,"[20.001511474669062, -14.709880358504273, -0.9285628656831943, 36.36143742750403, 0.0]","[20.009913273154126, -14.7167377485578, -0.7398501937265574, 36.31252205792572, 0.0]"
open_loop,robot_arm,200,4,9.434504544410622,0.0,"[7.781026763383863, -5.232086767981422, -1.9455437024267153, 8.581868362005357, 0.0]","[7.836357337525286, -5.237045548844071, -2.8052122101331602, 8.460876189208575, 0.0]"
open_loop,robot_arm,200,5,4.269658618796105,0.0,"[-3.374741241780332, -0.3694816901073768, -3.5451720413268784, 27.44707143085876, 0.0]","[-3.367640132438286, -0.36818797894998356, -3.942766841188242, 27.429532558117696, 0.0]"
open_loop,robot_arm,200,6,7.07971462306673,0.0,"[-3.7107973317988536, -0.7547639986079924, 13.128442041584039, 31.79342881720049, 0.0]","[-3.7000265369548453, -0.7525158275699854, 13.048613319398523, 31.80094520208297, 0.0]"
open_loop,robot_arm,200,7,12.933250566169797,0.0,"[10.34181029847429, -6.860900832227319, -4.703585792463448, 10.728425175752761, 0.0]","[10.353101300764465, -6.862598426057424, -4.862746013139317, 10.682139893527252, 0.0]"
open_loop,robot_arm,200,8,13.810091228848945,0.0,"[10.974419258161657, -7.662108069287192, 2.2159383913381463, 14.580891555838175, 0.0]","[10.994312641374757, -7.661447044043449, 2.2891843578361013, 14.661390270983338, 0.0]"
open_loop,robot_arm,200,9,9.549649923530376,0.0,"[6.820389080733887, -5.077104417017667, 3.1698912884544783, 12.580558465272777, 0.0]","[6.799605009457448, -5.071492370166695, 3.463413768529595, 12.650973814552977, 0.0]"
open_loop,robot_arm,200,10,8.075125236445297,0.0,"[6.7103397525011035, -4.606967894668349, -1.259183189930408, 8.512736775142429, 0.0]","[6.7234126630250115, -4.607663436656695, -1.5356988299425482, 8.46682469310126, 0.0]"
open_loop,robot_arm,200,11,20.180009415023594,0.0,"[20.021741498924065, -14.647642557059608, -1.630163380014591, 35.5304316463326, 0.0]","[20.01586893671272, -14.647207490105354, -1.602086376417769, 35.583953221582654, 0.0]"
open_loop,robot_arm,200,12,9.887922988720804,0.0,"[7.6810387847860735, -5.343672800139601, -0.48066171315977213, 10.242972658263279, 0.0]","[7.719481231633905, -5.345516381684418, -0.5661349638612124, 10.198277081255485, 0.0]"
open_loop,robot_arm,200,13,11.489688455205444,0.0,"[14.775536751132908, -10.044987581071656, -3.3046329719163463, 17.490834036949575, 0.0]","[14.762363840575967, -10.036350428461498, -2.803672687701696, 17.5790395128633, 0.0]"
open_loop,robot_arm,200,14,15.267218145312345,0.0,"[11.577895043091724, -7.679940489259701, -6.650288413750004, 12.24201105679696, 0.0]","[11.582284800051125, -7.682973924316367, -6.552940499134117, 12.167173396324925, 0.0]"
open_loop,robot_arm,200,15,13.872449877595178,0.0,"[15.112548172644729, -10.492941573290409, -1.7951836646637216, 20.348193467777683, 0.0]","[15.14508150228272, -10.498470270434849, -2.1083915725320748, 20.271243555580096, 0.0]"
open_loop,robot_arm,200,16,14.641417022961752,0.0,"[10.430947680675587, -7.092762785886676, -3.7528737150347045, 12.565964045045234, 0.0]","[10.412314784736797, -7.08702601582068, -3.1686281121812705, 12.655405667630337, 0.0]"
open_loop,robot_arm,200,17,9.694388747340371,0.0,"[8.533388081571692, -6.067762631852521, 5.22250459324773, 12.231844757797104, 0.0]","[8.50381580632502, -6.059918622231954, 5.766626999367703, 12.348688505460565, 0.0]"
open_loop,robot_arm,200,18,11.71998324381037,0.0,"[13.505903710105356, -8.441038430563085, -6.396754557223957, 8.01063690044803, 0.0]","[13.498891541211291, -8.439416721205578, -6.408698421678434, 8.042826568360399, 0.0]"
open_loop,robot_arm,200,19,19.20763196301361,0.0,"[15.44974000491779, -10.77115863999827, -3.4173012980094137, 21.515409458754327, 0.0]","[15.466168340750414, -10.774450639590997, -3.1656174746879797, 21.458314166456326, 0.0]"
open_loop,robot_arm,200,20,11.67647587924737,0.0,"[14.982961012392629, -10.179382114180076, -3.438488705882401, 17.88017049047133, 0.0]","[14.98060598137269, -10.179932306941964, -3.3677993665227537, 17.854648055289505, 0.0]"
open_loop,robot_arm,200,21,20.69424312516202,0.0,"[19.8220352368004, -14.813915966544624, -7.921411613047412, 39.71234799768223, 0.0]","[19.797609409552468, -14.809160569822568, -7.346710575854582, 39.71144790054811, 0.0]"
open_loop,robot_arm,200,22,14.493375579094218,0.0,"[10.668808285834853, -7.606144025507567, 3.2466767509524828, 16.301223958827528, 0.0]","[10.714821101442663, -7.616708182169091, 2.359388634681612, 16.010635411910698, 0.0]"
open_loop,robot_arm,200,23,18.953461469884047,0.0,"[12.673585456697833, -9.122966371760812, 1.55994191702659, 20.49587010144895, 0.0]","[12.677772055073357, -9.124711785117087, 1.5536432092790455, 20.418463974439444, 0.0]"
open_loop,robot_arm,200,24,13.990866448225889,0.0,"[10.600673933614212, -7.578059427815171, 4.368020648671688, 16.11210129810342, 0.0]","[10.625258736133752, -7.585382212708959, 4.099908659780201, 16.01168485961588, 0.0]"
open_loop,robot_arm,200,25,11.140751256497053,0.0,"[11.275676909769963, -7.4221919587788205, -1.6717050733874956, 10.60987579803459, 0.0]","[11.278480386782354, -7.4264862369446245, -1.4313042354844099, 10.535648260547438, 0.0]"
open_loop,robot_arm,200,26,9.831651262909336,0.0,"[7.015093837779223, -5.167539317794524, -1.312847200693728, 12.875823845381923, 0.0]","[6.991375010177669, -5.161613877742232, -0.7817110351528699, 12.986638958913565, 0.0]"
open_loop,robot_arm,200,27,12.778358513745747,0.0,"[8.992429142428666, -6.2565923261777625, -8.138697919392827, 13.179209372999203, 0.0]","[8.431980620297765, -6.214047987089012, 3.739795160053675, 14.894749198342916, 0.0]"
open_loop,robot_arm,200,28,12.962822407616871,0.0,"[9.983095788290038, -7.017238438314759, 1.366263026631656, 14.13344373298371, 0.0]","[9.98802600573598, -7.020473559825804, 1.563153355419613, 14.08862677343746, 0.0]"
open_loop,robot_arm,200,29,18.023272922880043,0.0,"[12.265681961806449, -8.816993600328177, 1.841792153620421, 19.072886323465582, 0.0]","[12.280003523635697, -8.810877423728437, 2.014096187145248, 19.389019200504126, 0.0]"
open_loop,robot_arm,200,30,18.996894185169573,0.0,"[12.883881442792285, -9.027797620224032, -2.483059349712724, 18.95789161728364, 0.0]","[12.884590955159494, -9.032811139875522, -2.68545356561311, 18.541767236270417, 0.0]"
open_loop,robot_arm,200,31,14.72003855574158,0.0,"[13.227475457357142, -8.841600040041236, -2.617173629146426, 13.983937620254213, 0.0]","[13.23039823891156, -8.840743130938, -2.609685671513749, 13.981478551400205, 0.0]"
open_loop,robot_arm,400,0,3.8493923126494574,0.0,"[51.68124791890171, -22.43746221661691, 2.8322411420937725, 296.6037747061515, 0.0]","[51.68236765150324, -22.44609084210994, 2.986992172178815, 300.74579610010136, 0.0]"
open_loop,robot_arm,400,1,3.680102544159952,0.0,"[28.02255186709882, -11.463685933968092, -9.536293501188606, -49.657091368828624, 0.0]","[27.549235783650555, -11.16391806463456, -11.834583229255976, -143.48223875080234, 0.0]"
open_loop,robot_arm,400,2,3.953195647734078,7.03358062452697e-05,"[52.04655793251412, -22.269859496115217, -0.20826533705998473, -21.640890816885765, 0.0]","[51.76414111252372, -22.079984367353205, -0.8029098989889324, -19.589277712651345, 0.0]"
open_loop,robot_arm,400,3,3.949321007389246,0.0,"[52.264601365768, -22.27082682672534, -1.3949997152533458, 15.755575668192403, 0.0]","[52.26581850981333, -22.272249619369664, -1.7620075586488968, 5.649142629586174, 0.0]"
open_loop,robot_arm,400,4,4.533924695699716,0.0,"[50.88351855758849, -20.92889275303179, -18.60832020865059, -62.569391802935854, 0.0]","[50.47542728207478, -20.705863155534797, -18.735050469011128, -94.85832828795465, 0.0]"
open_loop,robot_arm,400,5,1.343751264946178,0.0,"[-1.2826662351064992, -0.24067289971954528, 18.01347413427291, 38.561594994248864, 0.0]","[-1.1973359749662733, -0.25684723166719714, 17.535310056317837, 24.964369459168847, 0.0]"
open_loop,robot_arm,400,6,3.727786745704598,0.0,"[51.11861149596011, -21.977613125264316, 2.9359171052407325, -15.952242988511744, 0.0]","[50.901627377512696, -21.823374984290446, 1.8507346117735561, -21.465421261661927, 0.0]"
open_loop,robot_arm,400,7,4.4185711515846755,0.0,"[50.79714605708036, -20.549742662035634, -26.14747348746452, -58.703926280681316, 0.0]","[50.296104553728924, -20.22921916975151, -27.77047523480391, -112.94259531279377, 0.0]"
open_loop,robot_arm,400,8,3.9967424046981606,0.0,"[52.75438182316656, -22.768428224555887, 2.13806009619095, 180.96609368564103, 0.0]","[52.60898551133146, -22.64683075222664, 0.731523594594848, 168.15209800796583, 0.0]"
open_loop,robot_arm,400,9,4.417505305524186,0.0,"[53.16912647023338, -22.64948137655948, -4.008614138229599, 70.8271543069325, 0.0]","[52.717828066697855, -22.3542848090326, -5.218207798652027, 54.77363132552296, 0.0]"
open_loop,robot_arm,400,10,4.433439883614359,0.0,"[50.26860466098973, -20.622275829979237, -17.661070322706212, -104.1557475051203, 0.0]","[50.16710838453047, -20.553645716075284, -18.394699142347683, -141.74059820821364, 0.0]"
open_loop,robot_arm,400,11,3.936507479798825,0.0,"[52.187084059746695, -22.345830902924735, -0.24790683848684136, 24.24527178411909, 0.0]","[51.67327182708256, -22.008597108173223, -1.9394800586008871, 1.9625624283814536, 0.0]"
open_loop,robot_arm,400,12,4.406519335610126,0.0,"[51.37196468192486, -21.43612754356053, -12.522204590192892, 15.171377016226343, 0.0]","[51.103455608095594, -21.270397421535137, -13.232557460206356, -13.506596862290362, 0.0]"
open_loop,robot_arm,400,13,3.9628225231641854,0.0001244686108310411,"[52.09160407601689, -22.292243416672125, 0.394200553744398, -12.510606458904997, 0.0]","[51.949545283841125, -22.14226434454271, -1.2183002317522633, -18.53150191276321, 0.0]"
open_loop,robot_arm,400,14,4.456360371153235,0.0,"[50.97882980341357, -20.60303855036303, -27.173130058984835, -7.221997306703272, 0.0]","[50.704143912048224, -20.447366298273824, -27.771941182840006, -54.258164880117214, 0.0]"
open_loop,robot_arm,400,15,2.9711090405861764,0.0,"[19.794006942898793, -9.136999514135846, 12.286561667430117, 184.0374477541749, 0.0]","[19.70531904627801, -9.079326200254535, 12.073559517529612, 186.25882228881667, 0.0]"
open_loop,robot_arm,400,16,4.46419260147168,0.0,"[51.78602370521326, -21.71807738738365, -11.764829422556641, 156.04683101871748, 0.0]","[51.85714329299863, -21.74268752105317, -12.353641233129249, 137.30515479000678, 0.0]"
open_loop,robot_arm,400,17,3.9361203858004847,0.0,"[52.47252206431719, -22.615499454715493, 2.5929690847834426, 77.62851291117684, 0.0]","[52.009817752466844, -22.28542865614829, 0.27400127888026293, 53.276538773935265, 0.0]"
open_loop,robot_arm,400,18,3.5801081843992693,0.0,"[31.416402431036207, -13.04951281511218, -7.306204861336278, -20.030758568404153, 0.0]","[31.018872341127167, -12.762370858277235, -9.923452958818137, -98.6405961323477, 0.0]"
open_loop,robot_arm,400,19,2.928904988604566,0.0,"[37.53684252794799, -16.478327627634336, 4.840912603920953, 288.5388906119121, 0.0]","[37.17496409138888, -16.240465175219907, 3.615670908560056, 259.63395951131395, 0.0]"
open_loop,robot_arm,400,20,3.925060334785248,0.0001300395051793135,"[51.81268657896405, -22.1130325565674, -0.4084213064848813, -8.657402050021703, 0.0]","[51.86480390099635, -22.115621817991645, -1.0952742461510947, -12.738047765738285, 0.0]"
open_loop,robot_arm,400,21,3.6878984630239886,0.0,"[50.78361158656987, -21.762521808292593, 0.9177033209996762, 54.6018772710339, 0.0]","[50.98606478948922, -21.889697448684057, 1.1893449743956568, 56.982483767180234, 0.0]"
open_loop,robot_arm,400,22,3.877894409617462,0.0,"[49.57090749533035, -19.755547407534443, -30.772438227694533, -56.31858955066077, 0.0]","[53.84540872248869, -22.56845041524518, -13.86743183454401, 191.65477306819358, 0.0]"
open_loop,robot_arm,400,23,3.9246229680688787,0.0,"[54.48859404850924, -22.864652260365038, -15.052657211295053, 288.05599940332075, 0.0]","[54.49778507320644, -22.868810456480762, -15.123674712615031, 292.4790622171414, 0.0]"
open_loop,robot_arm,400,24,3.9198744040212943,0.0,"[52.50858708439709, -22.71663956795865, 2.5606069427567197, 179.90443653140005, 0.0]","[52.2885336845962, -22.57702925127785, 2.100147697708889, 179.74383295356654, 0.0]"
open_loop,robot_arm,400,25,3.1261684124012863,0.0,"[41.22545316964303, -17.70698184006191, -0.4663454148694369, 119.38247734776216, 0.0]","[40.29978484923463, -17.125523057281267, -3.371409589022637, 55.97905775504659, 0.0]"
open_loop,robot_arm,400,26,4.507037739877388,0.0,"[54.26216589017959, -23.13032078339983, -2.175546507216784, 74.15582389568996, 0.0]","[54.19427310283453, -23.052225551700925, -3.6620648734649315, 55.0447791054384, 0.0]"
open_loop,robot_arm,400,27,4.483464249799475,0.0,"[54.08557855069908, -23.144740582157613, -2.0155490402267966, 180.9307614211463, 0.0]","[53.886770131131605, -22.99492212290909, -3.739445514664248, 158.89115132950215, 0.0]"
open_loop,robot_arm,400,28,3.9598591638537672,0.0,"[49.54078156159094, -19.770177076058385, -29.997618395718753, -92.36103752101857, 0.0]","[53.93051452478512, -22.64158413447408, -12.416112825844223, 157.69809933280266, 0.0]"
open_loop,robot_arm,400,29,3.9004597502131384,0.0,"[54.16082502512717, -22.577656967888664, -16.328365302695623, 260.06752204653196, 0.0]","[54.890406757533604, -23.0202747879203, -15.138396075414278, 271.3646308757584, 0.0]"
open_loop,robot_arm,400,30,4.077378230179798,0.0,"[50.57250767321163, -20.344094047281292, -29.210512516943044, 38.14533824310946, 0.0]","[50.37654823660668, -20.20921240084431, -30.663177318631174, -19.477268558458945, 0.0]"
open_loop,robot_arm,400,31,3.1310938869379816,0.0,"[41.51297013383137, -17.74026746175857, -1.9574103204345779, 172.31856943791567, 0.0]","[41.48726515029573, -17.713961564145603, -2.885531271884821, 136.43135604138774, 0.0]"
open_loop,robot_arm,800,0,0.8121330509902166,0.0,"[12.451381798662695, -5.821326358767212, 10.86307255141284, 714.6914081690979, 0.0]","[12.563149151835669, -5.886801266974625, 10.852850547485678, 722.5634298331587, 0.0]"
open_loop,robot_arm,800,1,1.2248140111772423,0.00019264827184550803,"[7.73651371370278, -2.8807762902583165, 10.928662156662817, 55.46638575088848, 0.0]","[7.776938008504149, -2.844560809623538, 9.996036281675813, 48.01908148602582, 0.0]"
open_loop,robot_arm,800,2,0.46291563747887343,0.0004362118466694209,"[3.5683111765490567, -1.4112259784418764, 10.350313725885453, -4.430719441699988, 0.0]","[3.281134544506964, -1.2894016542445808, 10.086011150905446, -15.495611629145518, 0.0]"
open_loop,robot_arm,800,3,0.48822477366630673,0.0,"[4.3050074794655835, -1.6516289313274624, 10.463902531135668, -2.485702589177575, 0.0]","[3.966406983014168, -1.4985964362685722, 9.756131386763213, -14.177210155012283, 0.0]"
open_loop,robot_arm,800,4,1.0302905280171295,0.0,"[7.47443092566713, -2.8525530859945882, 11.10699950574215, 77.94689192067852, 0.0]","[7.457950065585173, -2.8464916653754395, 11.218209853510734, 77.98305504934515, 0.0]"
open_loop,robot_arm,800,5,0.6997809367834434,0.0,"[2.744901714552144, -1.0452387383284174, 8.675644174366381, -30.949566385550543, 0.0]","[3.7621009763145854, -1.692805410160713, 14.835687835996788, 35.82285068884037, 0.0]"
open_loop,robot_arm,800,6,0.3467791489224523,0.0,"[3.767707997036117, -1.3567560384120658, 5.149667390934608, 6.629369138459484, 0.0]","[3.841687708184057, -1.3264469138199286, 4.101505924749605, -0.656268302260316, 0.0]"
open_loop,robot_arm,800,7,0.9113949077887049,0.0,"[9.269792149518894, -3.8486188425361827, 11.037916387388714, 266.7377385526992, 0.0]","[9.017363068817257, -3.729289956830108, 10.844612892729883, 257.76093172804, 0.0]"
open_loop,robot_arm,800,8,0.6076814622930994,0.0,"[7.641003237707668, -3.5573941867255243, 13.879289764559083, 336.33053496724256, 0.0]","[7.641776171964779, -3.548529204796397, 13.665036875285878, 334.1068084433582, 0.0]"
open_loop,robot_arm,800,9,0.706204120218765,0.0,"[8.764633699747765, -3.084400495974591, 8.069061724083301, 39.97920425016144, 0.0]","[8.524196523215279, -3.0392364645687624, 9.027323882722792, 42.3700606682537, 0.0]"
open_loop,robot_arm,800,10,1.0004954220244622,0.0,"[6.217919993675135, -2.4419311798698127, 11.676155442125498, 64.10084698183053, 0.0]","[6.458430472229905, -2.5260055051890675, 11.864820951554991, 67.06894569460415, 0.0]"
open_loop,robot_arm,800,11,0.483673446900127,0.0,"[2.9947249874364488, -1.2452343967036676, 10.810428456711625, 1.0903546972817937, 0.0]","[3.1104422414438293, -1.230512226519516, 10.055575752680571, -17.401532282632317, 0.0]"
open_loop,robot_arm,800,12,0.9159017557589382,0.0,"[6.7709043778615685, -2.266036000221385, 5.200019727985076, -3.7921260373044405, 0.0]","[8.07501394984753, -3.0689255237587205, 11.906864610001476, 81.67971656726618, 0.0]"
open_loop,robot_arm,800,13,0.4613698415913549,0.0006252023904467219,"[4.005793672761339, -1.5532768042733587, 10.454368932174368, 0.4472978842512676, 0.0]","[3.483276927030879, -1.34362910729492, 9.905934436029264, -17.38092289336815, 0.0]"
open_loop,robot_arm,800,14,1.0268922147266348,0.0,"[11.467799822583064, -4.983243608569186, 11.763900362451603, 457.86911449749, 0.0]","[11.279071602640261, -4.875895928704332, 12.079151751170109, 435.88014877252846, 0.0]"
open_loop,robot_arm,800,15,0.42319137471325324,0.00030876612856900465,"[2.1885212679338095, -0.9758996647999449, 8.606996165528344, 16.772149781833324, 0.0]","[1.9613681840282564, -0.8513385756231044, 7.7877355608100265, 4.056951505935958, 0.0]"
open_loop,robot_arm,800,16,1.089269968324506,0.0,"[10.506231311535597, -4.359712043725574, 7.819537382192392, 348.50161399149994, 0.0]","[9.861690893876442, -3.9870212339392572, 7.581943091480419, 296.17921456861325, 0.0]"
open_loop,robot_arm,800,17,0.4652431019714286,0.0,"[3.814363927379449, -1.745051105715643, 12.612533746990108, 80.20100052051035, 0.0]","[4.524670161628497, -1.7302502585740513, 10.474221544587932, 1.524689982993014, 0.0]"
open_loop,robot_arm,800,18,1.2175384185583207,0.00019134567062684127,"[7.991145793389902, -2.9744919312411873, 11.44948892124355, 51.936958765397655, 0.0]","[7.620220333973538, -2.8168495849978092, 10.919419321172226, 45.78118166192865, 0.0]"
open_loop,robot_arm,800,19,0.696330361326324,0.0,"[4.7616246308159, -2.2147918788290233, 11.639656375663508, 168.1604993927295, 0.0]","[4.407297873075638, -2.033164467968695, 10.809389495408793, 148.97560962897748, 0.0]"
open_loop,robot_arm,800,20,0.4848847421192335,0.0006270617404946499,"[3.686254039944864, -1.4688362939349517, 10.944237502986491, -3.1804277844660263, 0.0]","[3.3345518190746715, -1.3063428477930716, 10.12953797917496, -16.00172656552436, 0.0]"
open_loop,robot_arm,800,21,0.3498419667646581,0.0,"[5.1038456000447905, -1.757888863341918, 3.751647914609687, 18.609310834097588, 0.0]","[5.090655285606483, -1.7379190594528837, 3.5707536985495603, 14.322927040840584, 0.0]"
open_loop,robot_arm,800,22,0.5982966982604696,0.0,"[9.060737844515232, -4.041392326128986, 10.371472163489706, 393.0993101093026, 0.0]","[8.902092305522778, -3.9286078760742122, 9.687221178391152, 377.88668835302377, 0.0]"
open_loop,robot_arm,800,23,0.8824427798399278,0.0,"[12.698336367434509, -6.041762450984584, 11.65787253642608, 741.6795446905525, 0.0]","[12.337647723495785, -5.804168252524879, 11.33895158312669, 711.105323930137, 0.0]"
open_loop,robot_arm,800,24,0.4956928479995269,0.0,"[8.945056456349958, -3.8539952828868573, 8.099754592905235, 357.66581380543124, 0.0]","[8.91501886628422, -3.8122811587850456, 7.6088388448549615, 350.90301357486277, 0.0]"
open_loop,robot_arm,800,25,0.7738350078720729,5.5424679843874e-05,"[2.3186084745983475, -1.218928665273826, 14.47931250349608, 31.807842214683156, 0.0]","[2.42187622646757, -1.2647564974741696, 14.778967958392132, 33.84144056049501, 0.0]"
open_loop,robot_arm,800,26,0.6350783350272242,0.0,"[11.196569077393354, -3.9583460571816813, 9.476963714770886, 71.91057681778466, 0.0]","[10.985676633647486, -3.8316097173178276, 8.684201778472563, 54.546120480492775, 0.0]"
open_loop,robot_arm,800,27,0.7164156808656394,0.0,"[10.460152447426744, -4.268758651586987, 12.867155639975229, 258.1947035002145, 0.0]","[11.631442036961237, -4.099690118480071, 8.694777970883873, 83.32794423416563, 0.0]"
open_loop,robot_arm,800,28,0.6075288943327688,0.0,"[8.463997002868448, -3.6811080116425683, 10.664882247271965, 302.2984829142518, 0.0]","[7.813058622254767, -3.334225074915294, 9.703898492815757, 265.3655586310773, 0.0]"
open_loop,robot_arm,800,29,0.763992154399997,0.0,"[11.911172701727626, -5.49927845884021, 10.866718123911909, 642.8517752178064, 0.0]","[11.954222463705667, -5.514498285452121, 10.87687043939402, 641.6154977673646, 0.0]"
open_loop,robot_arm,800,30,0.962702254210013,0.0,"[13.126844152065319, -6.118459161082214, 12.440887142410844, 726.2075483161376, 0.0]","[13.127380688855549, -6.116364243206436, 12.663512944121724, 722.4148140887647, 0.0]"
open_loop,robot_arm,800,31,0.779073273360504,0.0,"[3.0618134976093443, -1.4485015929032725, 10.324741524753465, 88.36005934565982, 0.0]","[4.032366551062996, -2.0479324959529106, 15.620576881496754, 146.29349209539015, 0.0]"
closed_loop,robot_arm,0,0,11.3100827391528,0.0007653979423369456,"[-29.971479459134883, -0.8323097296584672, 34.449394206885174, 81.90083928233443, -15.8124764870235]","[-28.567813216648165, -1.0433840196659012, 33.74303401376254, 81.61598277450241, -17.90480670689254]"
closed_loop,robot_arm,0,1,11.579664319659122,8.206457742040985e-05,"[-34.21053480770892, 0.5305783998757073, 35.5948258465848, 59.08884821480698, -26.190547795410485]","[-33.509353670840966, 0.43653722684528107, 35.21144324191712, 58.59185630529356, -27.56119787558096]"
closed_loop,robot_arm,0,2,11.49163585109903,0.00014359599035898563,"[-35.45109146375688, 0.4390029232832464, 37.186860064460745, 63.843644577509075, -25.04823563685748]","[-34.844638761872694, 0.3638568455391896, 36.771473111781546, 63.02160187686631, -26.535406371985832]"
closed_loop,robot_arm,0,3,11.08466516018611,0.00016977861406290706,"[-36.24637119416472, 0.2137998038492779, 38.52071040128933, 70.3097293802987, -19.097229208303364]","[-35.86238522789286, 0.17396491989742632, 38.201452826939644, 69.51937800801281, -20.35688905986976]"
closed_loop,robot_arm,0,4,11.043083479256863,0.0002432819917466411,"[-37.434586280942106, 0.15306668922802474, 39.669234151777665, 74.20091116962261, -13.704587799318476]","[-37.25535477294341, 0.13373980014967818, 39.47565401434885, 73.60383464185264, -14.838991364353367]"
closed_loop,robot_arm,0,5,11.208291357243667,0.0,"[-38.7936833568514, 0.14121805203068, 40.63831298723786, 77.0218989565855, 0.0]","[-38.76520098834844, 0.14130054039129827, 40.63049087959738, 76.9782486932973, 0.0]"
closed_loop,robot_arm,0,6,10.800864466433609,0.0,"[-34.34531802900168, -0.14645485895379867, 36.96488827813552, 74.00704776465355, 0.0]","[-34.3264563270543, -0.14651781725867105, 36.959045267992934, 73.97407617722585, 0.0]"
closed_loop,robot_arm,0,7,10.842069445461904,0.0,"[-35.411790966273514, -0.13917307982917207, 37.355175760808905, 76.80507709921702, 0.0]","[-35.4158269585529, -0.1389760358209773, 37.361511521660795, 76.78734861057465, 0.0]"
closed_loop,robot_arm,0,8,9.84751252677026,0.0,"[-29.660515407718506, -0.10480738040461007, 28.386488502895336, 66.94660933344065, 0.0]","[-29.673666241471928, -0.10453871926186685, 28.399181102403688, 66.94449387595789, 0.0]"
closed_loop,robot_arm,0,9,8.182667062963935,0.0,"[-22.76705243760571, -0.00627544304323344, 17.699910441676533, 53.670678423149084, 0.0]","[-22.785429123033314, -0.006149224639578295, 17.70329442461455, 53.65490219460602, 0.0]"
closed_loop,robot_arm,0,10,7.181594686340621,0.0,"[-16.775804489846966, 0.023321860657969314, 11.334360870933894, 40.52159708658542, 0.0]","[-16.772052881955123, 0.023133541179702972, 11.332465974628079, 40.50186074766491, 0.0]"
closed_loop,robot_arm,0,11,6.212082311719896,0.0,"[-11.022496321550657, 0.036023397585843005, 6.880392156470545, 26.67508246934264, 0.0]","[-11.02499659002807, 0.03595902159904109, 6.882202515254667, 26.671936286765387, 0.0]"
closed_loop,robot_arm,0,12,5.095239844200204,0.0,"[-5.117028261011446, 0.061486920160328744, 2.9142591287323256, 11.482875399190942, 0.0]","[-5.096533338169842, 0.06171428834161514, 2.9100073718551887, 11.473802102866161, 0.0]"
closed_loop,robot_arm,0,13,4.500631558934785,0.0,"[-0.8889989962297542, 0.09040764062254691, 0.25240269788548947, 0.2738381499028133, 0.0]","[-0.8922604886698121, 0.09033433374698357, 0.2541029994932168, 0.2758526884200221, 0.0]"
closed_loop,robot_arm,0,14,4.275550044265748,0.0,"[1.3677984653099817, 0.11076195702809026, -1.1242911265446187, -5.909814005372177, 0.0]","[1.3758823608901207, 0.11087477020591446, -1.1303726395189626, -5.941128986512842, 0.0]"
closed_loop,robot_arm,0,15,4.069201273582368,0.0,"[2.422981471914276, 0.12107200756828848, -1.750993678353397, -8.858485092145623, 0.0]","[2.444170314409209, 0.12168454482759014, -1.762942711786944, -8.917203132705243, 0.0]"
closed_loop,robot_arm,0,16,3.786207720622574,0.0,"[2.817983673280754, 0.12420693050719979, -1.9756007219922824, -9.965360051053288, 0.0]","[2.823189003031286, 0.124426149910836, -1.9741094917589812, -9.959009880339439, 0.0]"
closed_loop,robot_arm,0,17,3.4237577033418067,0.0,"[2.816583941293672, 0.12090070134195555, -1.9444030163656167, -9.852676464996732, 0.0]","[2.8171136947639996, 0.12089428693819362, -1.9511248689117262, -9.87471258947357, 0.0]"
closed_loop,robot_arm,0,18,3.026724421746611,0.0,"[2.6114058953716546, 0.1131514920492248, -1.8111967620337677, -9.166222863054342, 0.0]","[2.6207047060996134, 0.1135353362855743, -1.8189201358634806, -9.209165465791521, 0.0]"
closed_loop,robot_arm,0,19,2.6213665206534444,0.0,"[2.313798551781038, 0.10302677416230957, -1.6100172053531117, -8.167277396677193, 0.0]","[2.315346735867712, 0.10308105587546643, -1.6156097171018395, -8.196875216750348, 0.0]"
closed_loop,robot_arm,0,20,2.2398357718296316,0.0,"[1.989738068075033, 0.09149680413540276, -1.401005015942951, -7.111635482877159, 0.0]","[1.9900032852410132, 0.09150981074535683, -1.399188871344059, -7.107316650607669, 0.0]"
closed_loop,robot_arm,0,21,1.8891203691704308,0.0,"[1.6844177123228128, 0.0799826986472361, -1.189978544245377, -6.045827415316715, 0.0]","[1.6896182070505341, 0.08023324113933314, -1.1981788485263718, -6.0877090635766, 0.0]"
closed_loop,robot_arm,0,22,1.5814334461707447,0.0,"[1.4116748344846988, 0.06920979949036801, -1.009726282182864, -5.120239013513038, 0.0]","[1.4141031917872304, 0.06933233384106158, -1.0133022720589806, -5.139078534585706, 0.0]"
closed_loop,robot_arm,0,23,1.3133940679442,0.0,"[1.1696605890314482, 0.059087734533911127, -0.8431741019948664, -4.271966229963634, 0.0]","[1.1731807415372664, 0.059272357597043655, -0.8472991635780389, -4.300699579774274, 0.0]"
closed_loop,robot_arm,0,24,1.0868042352896403,0.0,"[0.9696042009340768, 0.05032332683044344, -0.7080318801629408, -3.584213041703391, 0.0]","[0.9697747307225167, 0.05033234251643379, -0.7067720634468486, -3.5820825189139023, 0.0]"
closed_loop,robot_arm,0,25,0.8885135923362064,0.0,"[0.787508149101244, 0.04195782883336712, -0.5773753137025175, -2.920174751238604, 0.0]","[0.7906934434823457, 0.0421305231011586, -0.5812555630855963, -2.942924511176321, 0.0]"
closed_loop,robot_arm,0,26,0.7274232302595178,0.0,"[0.6413596026141716, 0.03499865519590663, -0.47418269308457406, -2.398845612321339, 0.0]","[0.6429711130477522, 0.035093970738749786, -0.47661193029429, -2.4100220522113993, 0.0]"
closed_loop,robot_arm,0,27,0.5935180301649341,0.0,"[0.5225522886905067, 0.029122409752125825, -0.3882053058028649, -1.9624825707611322, 0.0]","[0.5244083929357941, 0.02922999498810617, -0.3920689494727748, -1.9774571387814641, 0.0]"
closed_loop,robot_arm,0,28,0.483007009099069,0.0,"[0.42342596334232196, 0.024059457629293214, -0.3176425503537155, -1.5967818327744792, 0.0]","[0.42489812991062054, 0.024147129330131356, -0.3199338843410807, -1.611550990407508, 0.0]"
closed_loop,robot_arm,0,29,0.3936794744241298,0.0,"[0.34522373767471864, 0.019952412832125014, -0.2603358313546563, -1.3149743570987344, 0.0]","[0.3453705922365003, 0.019962097542700858, -0.26174105624789706, -1.3165944682733546, 0.0]"
closed_loop,robot_arm,0,30,0.31852470199687477,0.0,"[0.2782710889276729, 0.016333320514032384, -0.21018283199662774, -1.0615432896467514, 0.0]","[0.27930564040970873, 0.016396027224867604, -0.21282446263423788, -1.0699063298384968, 0.0]"
closed_loop,robot_arm,0,31,0.2584103736401103,0.0,"[0.22600507703905154, 0.013456523106577108, -0.1727757181668319, -0.8708738760553842, 0.0]","[0.22559271739551176, 0.01343630783534738, -0.17306857446325818, -0.8678163487458705, 0.0]"
closed_loop,robot_arm,0,32,0.2084629933319165,0.0,"[0.1808345031361091, 0.010905529368008917, -0.1386034612490576, -0.6955377762588337, 0.0]","[0.1814364620942085, 0.010943418370992043, -0.14049886520293248, -0.7000755235592027, 0.0]"
closed_loop,robot_arm,0,33,0.1689694332921368,0.0,"[0.1465824753955753, 0.00893853121467582, -0.113498982767736, -0.5664770097608355, 0.0]","[0.1470454196746497, 0.008967453801206575, -0.11436261288697219, -0.5693406540647248, 0.0]"
closed_loop,robot_arm,0,34,0.13612531447329226,0.0,"[0.1178633612948923, 0.007259662390685621, -0.09143791877927866, -0.4560695510805729, 0.0]","[0.11849658624081369, 0.007300253528527751, -0.09244616349859937, -0.4603619921385893, 0.0]"
closed_loop,robot_arm,0,35,0.11001462566054385,0.0,"[0.09491951403909932, 0.005897003469014756, -0.07361680711111246, -0.3660078674327738, 0.0]","[0.09592413618515133, 0.005961258584105352, -0.07520300881834208, -0.3735913667227136, 0.0]"
closed_loop,robot_arm,0,36,0.08803836863213906,0.0,"[0.07605872149376466, 0.004764608450968732, -0.059319249943880534, -0.29362653982186715, 0.0]","[0.07655946641159658, 0.00479835235513846, -0.06013778639995743, -0.29906934023204407, 0.0]"
closed_loop,robot_arm,0,37,0.07099075823657038,0.0,"[0.061041869472740526, 0.00385603952274426, -0.04776660083527962, -0.2389500214713775, 0.0]","[0.06122836057193394, 0.0038681746247993427, -0.048040551288845136, -0.24000242582138878, 0.0]"
closed_loop,robot_arm,0,38,0.057598348425086765,0.0,"[0.049975031992233084, 0.0031739068034365827, -0.03872229256011196, -0.19492425063299695, 0.0]","[0.05006918605255538, 0.0031805060739740587, -0.03938347339658606, -0.19659536811034686, 0.0]"
closed_loop,robot_arm,0,39,0.04610097153435671,0.0,"[0.0396611232724713, 0.002533451070215769, -0.031119391469266726, -0.1543065307416924, 0.0]","[0.04003649405681371, 0.0025590866956668617, -0.031742013661013355, -0.15734918295107597, 0.0]"
closed_loop,robot_arm,0,40,0.03703702459399084,0.0,"[0.03193947501119319, 0.0020509610286284555, -0.024939740855263303, -0.12589704231105397, 0.0]","[0.03203270562501971, 0.0020578786291831045, -0.025441939286367815, -0.12610721685525347, 0.0]"
closed_loop,robot_arm,0,41,0.029493854280256526,0.0,"[0.025266583861445122, 0.0016253849739129532, -0.019526592568958945, -0.10001360955065569, 0.0]","[0.025180631585538796, 0.001626703621080248, -0.020233897333622415, -0.09912315227161331, 0.0]"
closed_loop,robot_arm,0,42,0.02437271364275554,0.0,"[0.02105637543902311, 0.001361186166142052, -0.017163407867475867, -0.08317089264562275, 0.0]","[0.021099101436416225, 0.0013679972174229255, -0.017262108854828803, -0.08287249859204097, 0.0]"
closed_loop,robot_arm,0,43,0.019025305648225885,0.0,"[0.016232114561418414, 0.0010563025456925047, -0.013426301991854482, -0.06346842198800749, 0.0]","[0.016260084867117996, 0.0010589797627045929, -0.013350775494375829, -0.06393646759208066, 0.0]"
closed_loop,robot_arm,0,44,0.01579513534548238,0.0,"[0.013809928829685162, 0.000899693184936748, -0.011731354516903419, -0.05473099620647552, 0.0]","[0.013775698269655237, 0.0008993354198229649, -0.01119976712780067, -0.05433265513189129, 0.0]"
closed_loop,robot_arm,0,45,0.012432273473492626,0.0,"[0.010435126470943273, 0.0006810212153492954, -0.008453877633599118, -0.04220105558309053, 0.0]","[0.010481582112972026, 0.0006868614621005414, -0.00840849139622066, -0.0415179743005213, 0.0]"
closed_loop,robot_arm,0,46,0.010223480506267977,0.0,"[0.008488691553523421, 0.0005564000851265668, -0.0072624397183205505, -0.03550226459194152, 0.0]","[0.008598252113050408, 0.0005647090591907418, -0.006783020301818263, -0.03420422847182861, 0.0]"
closed_loop,robot_arm,0,47,0.008102619680879648,0.0,"[0.00678228743686888, 0.00044277056115980855, -0.005928555497718423, -0.028393273912818037, 0.0]","[0.006846232971530808, 0.0004510484038910794, -0.005309071514536216, -0.027361600937012676, 0.0]"
closed_loop,robot_arm,0,48,0.006636814487624341,0.0,"[0.0052195318815744605, 0.0003430083088733015, -0.0042055839270927885, -0.023334599506371446, 0.0]","[0.005463625312059814, 0.00036067062889474385, -0.004162747822621462, -0.021927831260850388, 0.0]"
closed_loop,robot_arm,0,49,0.005492634274036877,0.0,"[0.004640810934048142, 0.0003046667887091832, -0.003663801031113311, -0.01918085416118722, 0.0]","[0.004610443965695238, 0.0003049706584172889, -0.003546765352054614, -0.01848512085959113, 0.0]"
closed_loop,robot_arm,125,0,3.6765190551377787,0.0007601893317051578,"[-2.011529713029248, 0.1667801551264473, 9.953869319353567, -8.367511477579052, -21.251652585617975]","[-0.39434915548260113, -0.12411996507250046, 9.13118603383034, -4.692208434622177, -22.316163941065312]"
closed_loop,robot_arm,125,1,3.6522422492722115,0.0007700959365799925,"[-2.061650591685795, 0.23366483153699388, 9.573419024300991, -13.3832911145267, -21.009539668207946]","[-0.4665131514804185, -0.12670368587726882, 9.559374723742836, -2.0541082279768488, -21.773693529902918]"
closed_loop,robot_arm,125,2,1.240418122367577,0.0007371708148895956,"[-1.8625194761263701, 0.18396522049810982, 9.425519923651262, -10.438933113794395, -20.650434480482275]","[-0.41050665054964774, -0.1254292869808425, 9.256245529402987, -4.003608120961114, -21.671768941901437]"
closed_loop,robot_arm,125,3,1.1787558019931288,0.0007371708148895956,"[-0.300572927661725, -0.12194929411601808, 8.633842899070807, -8.341413905229212, 0.0]","[-0.4038558366628099, -0.1241850013002247, 9.144707944927415, -3.9314348772024346, -11.072618157779715]"
closed_loop,robot_arm,125,4,1.1700207575923893,0.0007371708148895956,"[-0.22522169526647975, -0.11969758606070849, 8.116269958894595, -10.575740519556286, 0.0]","[-0.3246525815826559, -0.12101170101295397, 8.636989160157318, -6.529369195536278, -11.087522102731755]"
closed_loop,robot_arm,125,5,1.1534098478901411,0.0,"[-0.30077970349817773, -0.11978116868098512, 8.548454484833332, -7.5087668281151005, 0.0]","[-0.25665248298012916, -0.11882800943835974, 8.262032403567424, -9.242792682302378, 0.0]"
closed_loop,robot_arm,125,6,1.1408669762908337,0.0,"[-0.27291729663251424, -0.11679541725263329, 8.258801398846087, -8.175566542569396, 0.0]","[-0.25945611804520724, -0.11731686227990183, 8.174371539055908, -8.792563237927311, 0.0]"
closed_loop,robot_arm,125,7,0.4894645366512706,0.0,"[-0.24995708112910903, -0.11856095714673168, 8.053190576398004, -10.942971977583548, 0.0]","[-0.21545487259740984, -0.11710809396825402, 8.008131355226695, -10.786298872183234, 0.0]"
closed_loop,robot_arm,125,8,0.48358984033834074,0.0,"[-0.27695332452167126, -0.11720227027298553, 8.115032520889205, -9.139944054524037, 0.0]","[-0.24381880572157333, -0.11705242021848242, 8.11215515527357, -9.589562992647332, 0.0]"
closed_loop,robot_arm,125,9,0.16888815138333207,0.0,"[0.17558526210251685, -0.023871044579856948, 0.7830490638839582, -11.636909449013487, 0.0]","[0.18656392068902886, -0.024619236278486986, 0.8413228606865795, -12.482509520951727, 0.0]"
closed_loop,robot_arm,125,10,0.1364820827885796,0.0,"[0.31562018091368804, -0.0001635892585794748, -1.2673196734606889, -13.401283670086844, 0.0]","[0.3443276276919617, 0.0012365091027041848, -1.4012357474383637, -13.908358779106193, 0.0]"
closed_loop,robot_arm,125,11,0.13078565717577703,0.0,"[0.3522410659366777, 0.0016591594492569586, -1.4690780867162923, -15.831941845052288, 0.0]","[0.3532560457131534, 0.0005643881681631318, -1.394500114632631, -14.385602347399823, 0.0]"
closed_loop,robot_arm,125,12,0.12155085335739971,0.0,"[0.23478076023736325, 0.007179350031393404, -1.3467098043018266, -8.260347397678771, 0.0]","[0.33396535979528785, 0.0015439230555324454, -1.3633379436040418, -13.669962833719627, 0.0]"
closed_loop,robot_arm,125,13,0.10996013255353977,0.0,"[0.18809657853490114, 0.013357952996854671, -1.5669032931418472, -7.083811929617146, 0.0]","[0.18790000275381136, 0.01343218445402941, -1.523840260078674, -5.775134326834586, 0.0]"
closed_loop,robot_arm,125,14,0.09625148623187081,0.0,"[0.18089724336239074, 0.0144821380224198, -1.5955375522958561, -6.280786311890146, 0.0]","[0.18284020308043655, 0.014379575950730654, -1.5551805983599412, -5.511447100731949, 0.0]"
closed_loop,robot_arm,125,15,0.08603795784394433,0.0,"[0.1391581281287824, 0.011843381773701115, -1.377104961008197, -6.521794914276035, 0.0]","[0.18221926654020856, 0.011504124225241535, -1.3968720409072892, -5.680490764024487, 0.0]"
closed_loop,robot_arm,125,16,0.07047740314273603,0.0,"[0.16479125515294882, 0.008397963597524307, -1.230670651951572, -6.8239536971300865, 0.0]","[0.1693721956199903, 0.00840727777313993, -1.1687350018691864, -5.515202808898892, 0.0]"
closed_loop,robot_arm,125,17,0.05592635738539166,0.0,"[0.11834800141437868, 0.005343190485931996, -0.9271026852854362, -5.637856104836827, 0.0]","[0.12574067767141553, 0.005452142709700286, -0.8245683271375228, -4.151926126231995, 0.0]"
closed_loop,robot_arm,125,18,0.03593124498676557,0.0,"[0.036216231962345684, 0.0033353302790796184, -0.39267451326527575, -1.856250123759802, 0.0]","[0.08534378232546808, 0.0038193227979271254, -0.5641144081107388, -2.8380175152541085, 0.0]"
closed_loop,robot_arm,125,19,0.03014615101195653,1.9104903141498042e-05,"[0.07000718991945173, 0.002708068215407415, -0.4507855099470506, -2.7030258772503934, 0.0]","[0.06662675545734795, 0.002568923633406028, -0.4055632113334433, -2.419274156896158, 0.0]"
closed_loop,robot_arm,125,20,0.01720529151085077,0.0,"[0.03127441490991058, 0.0011427107216724706, -0.2160003114315022, -1.4921894469833241, 0.0]","[0.03387768750851167, 0.0014134677197776694, -0.2167699015815909, -1.1559905910932167, 0.0]"
closed_loop,robot_arm,125,21,0.01277408243662864,0.0,"[0.019671165883291472, 0.00029302690139621076, -0.14293179657169797, -1.870383109766812, 0.0]","[0.020186687471324936, 0.0008421392943872694, -0.12959970703925996, -0.6826276751121019, 0.0]"
closed_loop,robot_arm,125,22,0.015963985624038453,1.3840802540632247e-05,"[0.006969135873382577, -0.001345821664186371, -0.14809806441544066, -3.595073363335078, 0.0]","[0.0113728062233288, 0.0005189443214148504, -0.07519358849291032, -0.38485651510442176, 0.0]"
closed_loop,robot_arm,125,23,0.0046685907203079646,0.0,"[0.005496698232082484, -4.354721740676586e-05, -0.04794502915768644, -0.6792828258039838, 0.0]","[0.0057948206914517075, 0.00025832270450092695, -0.03860837309209479, -0.18768361543997752, 0.0]"
closed_loop,robot_arm,125,24,0.0035094135835151592,0.0,"[0.002698292801798997, -8.639741078021702e-05, -0.04154215090134791, -0.32243957153729336, 0.0]","[0.003910115918337374, 0.0001601416803782115, -0.02538350785210545, -0.12616424371586996, 0.0]"
closed_loop,robot_arm,125,25,0.0017827404033824057,0.0,"[0.001973340779745288, -0.00010203794489597941, -0.016904197171849756, -0.2904826731974298, 0.0]","[0.0019201499080790513, 8.469234497840008e-05, -0.012842842579850931, -0.06081828299129619, 0.0]"
closed_loop,robot_arm,125,26,0.0030300118329571325,5.469861033891021e-06,"[-0.0005549753943949798, -0.0005635939993895633, -0.015917198065238017, -0.9347646262312452, 0.0]","[0.0008762392885571949, 4.06788720502791e-05, -0.005982818229556563, -0.027463868823873906, 0.0]"
closed_loop,robot_arm,125,27,0.0017791727913986392,0.0,"[-0.0001221547076400433, -0.0002719440799784099, -0.012222321051403529, -0.5234160164998178, 0.0]","[0.0005321057719242402, 2.6700645012120645e-05, -0.0037564130744955136, -0.016308803683046276, 0.0]"
closed_loop,robot_arm,125,28,0.002183190015581809,1.6268396792362694e-05,"[-0.0026302733584689718, -0.0005015611438291741, -0.014617057846141441, -0.5502400542961139, 0.0]","[0.0001696172173033398, 1.5155768785283623e-05, -0.0015351080489365346, -0.004998818802119791, 0.0]"
closed_loop,robot_arm,125,29,0.002810962240775738,2.0612942008835233e-07,"[-0.002398013430332976, -0.0007202354011755003, -0.017215888913802133, -0.8686758141189097, 0.0]","[0.00014376167540826594, 7.553509366658552e-06, -0.0011125331158920735, -0.003171622852671415, 0.0]"
closed_loop,robot_arm,125,30,0.0011002657486114799,7.99692755470982e-06,"[-0.0010501675309069047, -0.0002583497967128366, -0.004820379845332765, -0.3247630426085967, 0.0]","[7.882895204462487e-05, 2.9898432766745703e-06, -0.0005206867657522843, -0.0021759377059504563, 0.0]"
closed_loop,robot_arm,125,31,0.002951827961408276,0.0,"[-0.0020442028551947884, -0.0007119103744787246, -0.010817546422937115, -1.0839800852260528, 0.0]","[2.99310418591916e-05, 1.5797322247536754e-06, -0.00020687851642713385, -0.0008956511094456069, 0.0]"
closed_loop,robot_arm,125,32,0.001792726516653923,1.13201765181703e-05,"[-0.0009206482640617879, -0.00042855689690414456, -0.004483361046653408, -0.7198775523698144, 0.0]","[3.5069734668834603e-05, 2.187078003591154e-06, -0.00026216789179355344, -0.0009942270141310525, 0.0]"
closed_loop,robot_arm,125,33,0.002873025484195671,8.264674557501017e-06,"[-0.0026929572333009317, -0.0007800746165470585, -0.009141901309310564, -1.0573455342365665, 0.0]","[3.811794336154436e-06, 1.9526406742440455e-06, -7.435753838884813e-05, -0.0006189682234026176, 0.0]"
closed_loop,robot_arm,125,34,0.007577926980949674,2.1589126283472204e-05,"[-0.0058529274577987555, -0.0018511485287201995, -0.0368713057771672, -2.778985847197073, 0.0]","[1.0264159691689145e-05, 1.4676298940993379e-06, -0.00011473824168115741, -0.00032754830693496414, 0.0]"
closed_loop,robot_arm,125,35,0.004473410083174446,0.0,"[-0.003157015211721031, -0.0011958962770763533, -0.019667228751404232, -1.8777200840992432, 0.0]","[1.0634094652608964e-05, -8.347293197320341e-08, -7.857242277853747e-05, 0.00025460136890494714, 0.0]"
closed_loop,robot_arm,125,36,0.002975003919944866,0.0,"[-0.0021828984341699872, -0.0008171491480744564, -0.011719285824538121, -1.2123498852734382, 0.0]","[1.470121097519778e-06, -1.4332576437409733e-07, -4.29525663791267e-06, 0.00020880441671098258, 0.0]"
closed_loop,robot_arm,125,37,0.0009953045610658893,1.918966759018037e-05,"[-0.0011000712793344121, -0.00021837026724900573, -0.006293940276992562, -0.2322693081206368, 0.0]","[-1.4070573245433892e-06, -4.747486672710192e-07, -3.3013784645480266e-06, 0.0007804454610845067, 0.0]"
closed_loop,robot_arm,125,38,0.0016954013242412558,0.0,"[-0.0013336459659238154, -0.00037422081022633067, -0.012073708226629636, -0.5035238394361633, 0.0]","[9.555919690884897e-06, 1.021400867549503e-06, 3.301036664493145e-06, -0.001567594990859831, 0.0]"
closed_loop,robot_arm,125,39,0.002754083489991583,0.0,"[-0.0016412921708476398, -0.0006808996212920899, -0.008533800991367862, -1.219826824281825, 0.0]","[2.5943030328520888e-06, 2.7556260686673646e-07, -2.6946150173104555e-05, 3.7371311902500496e-05, 0.0]"
closed_loop,robot_arm,125,40,0.0021373714596026783,0.0,"[-0.0013558946887940154, -0.0004906872852731539, -0.009270737088093225, -0.8783678897632161, 0.0]","[6.495895483417621e-06, -2.264248390101478e-07, -5.4208344574895865e-05, 0.00036991184499509083, 0.0]"
closed_loop,robot_arm,125,41,0.00121354372299493,0.0,"[-0.0007949736817513327, -0.0002791729608025217, -0.004112329232888639, -0.500261136581164, 0.0]","[-1.5328055597198557e-05, 2.0462090677463592e-06, 9.774190632542345e-05, -0.0013128793268182165, 0.0]"
closed_loop,robot_arm,125,42,0.0023197079059459474,1.8180371397558126e-05,"[-0.0017714895515754938, -0.0004464516367056664, -0.007919463562036353, -0.808502049840164, 0.0]","[2.3991197538315445e-06, 7.666217631409089e-08, -2.838394842684419e-05, 0.00018143595503141216, 0.0]"
closed_loop,robot_arm,125,43,0.010284258168114319,2.427872518306895e-05,"[-0.0065529397128856505, -0.002611446669054991, -0.024222241742883184, -4.429990439744785, 0.0]","[4.1989589486388713e-07, 1.1267092501393402e-07, -4.896255823552753e-06, 1.6307985483583106e-05, 0.0]"
closed_loop,robot_arm,125,44,0.002151959040405456,8.356961890942927e-06,"[-0.0011650299401744755, -0.000445531808737941, -0.005739654521956794, -0.7952957934692932, 0.0]","[7.497463064776882e-05, 4.0083334795088485e-06, -0.00030787091344908787, -0.005523444754280636, 0.0]"
closed_loop,robot_arm,125,45,0.004497299176867547,4.670199853507029e-06,"[-0.0025840297199356994, -0.0011733323907812693, -0.00827056235935995, -2.0198423072197476, 0.0]","[-6.4528936958941654e-06, 5.251627210945908e-07, 1.257918902881547e-05, 0.00012716029471895556, 0.0]"
closed_loop,robot_arm,125,46,0.003139463889957696,1.2120437653861948e-05,"[-0.0020516075230560373, -0.0007560094195257788, -0.010863327932896395, -1.2774904392429347, 0.0]","[2.671858452634516e-05, 4.717911873708221e-06, 3.542727847290574e-05, -0.006175405048103265, 0.0]"
closed_loop,robot_arm,125,47,0.0009620611048125718,6.828017720672541e-06,"[-0.0006393111347939859, -0.00017300766618607926, -0.003823719446665752, -0.35229058462984475, 0.0]","[1.8088965379656646e-06, 3.210109299250741e-07, 3.877205515289437e-06, -0.00030679511556482844, 0.0]"
closed_loop,robot_arm,125,48,0.005223519510121688,1.5992941671538752e-05,"[-0.003761318357793888, -0.0012616188374319224, -0.015062747188475525, -1.9900568395161664, 0.0]","[5.696291996298192e-07, 1.7798588756809441e-07, -4.633545378952895e-06, -4.1424078015706825e-05, 0.0]"
closed_loop,robot_arm,125,49,0.0011363297763010236,1.3156429084726362e-05,"[-0.0007828094439622862, -0.0002609750849550042, -0.0027116754511575135, -0.24383713048103522, 0.0]","[5.070106442554037e-05, 2.865669307570074e-06, -0.00015522201609815186, -0.004335229752680196, 0.0]"
closed_loop,robot_arm,250,0,0.8805318412070151,0.00011074273658043254,"[-0.47444922334632444, 0.025736615523046662, 1.04477132006096, 19.665451816158033, -19.78801934272492]","[-0.326381926915481, -0.017189133433843765, 1.1558464355474827, 20.415938775976226, -19.889101488022295]"
closed_loop,robot_arm,250,1,0.880880659774744,7.89118806395761e-05,"[-0.4776347291502477, 0.04600437333014067, 0.8782207106513624, 17.016436059483077, -19.693411130266384]","[-0.3724397703460263, -0.01910944479294907, 1.568532950811626, 22.664517165365336, -19.355017123320273]"
closed_loop,robot_arm,250,2,0.7023691567940128,7.89118806395761e-05,"[-0.3093010463867136, -0.016840372309452865, 1.2467499892543203, 19.555947458325793, 0.0]","[-0.34929471893347136, -0.018262413065247583, 1.2449411385911127, 21.786897376522187, 5.8278741439279225]"
closed_loop,robot_arm,250,3,0.7001408973893569,0.00032110121197959085,"[-0.2686627429842267, -0.03862224531959697, 1.5809887007198375, 21.6732305544515, 6.504220063910243]","[-0.40169502093296655, -0.020609212941344143, 1.748557894491753, 24.34169996165429, 5.776762739999847]"
closed_loop,robot_arm,250,4,0.6939886043967676,0.000991501349648094,"[-0.0008171194927551534, -0.054701973505933234, 0.3350766186019977, 14.362349324174895, 3.7962916400167965]","[-0.35489921889900594, -0.01841616666322591, 1.2073202590723995, 22.190525705035764, 7.030920684765938]"
closed_loop,robot_arm,250,5,0.694570883593199,0.000991501349648094,"[-0.2691584404495709, -0.015202233749981562, 0.9940482019424632, 17.289679426803815, 0.0]","[-0.28145363376584165, -0.014976248823208842, 0.17145209303866657, 19.151817882520746, 10.387078891172457]"
closed_loop,robot_arm,250,6,0.6898101862440189,0.0,"[-0.3046956942275824, -0.016102630489196117, 1.2539952657823148, 18.794551356344925, 0.0]","[-0.3239665522244524, -0.01695617763427411, 1.4938307801295383, 19.600720073175022, 0.0]"
closed_loop,robot_arm,250,7,0.03375140664976788,0.0,"[-0.3111752542752554, -0.01688613817867397, 1.3782758284470693, 19.239382977627507, 0.0]","[-0.31119802000319347, -0.01708252727278495, 1.4011231329283005, 19.174702340722312, 0.0]"
closed_loop,robot_arm,250,8,0.033963389363685724,0.0,"[-0.2949586481694995, -0.016393468424458754, 1.1815657784119058, 18.521157755500194, 0.0]","[-0.3326089411537991, -0.01795351704589114, 1.5566125094625476, 20.277896471416895, 0.0]"
closed_loop,robot_arm,250,9,0.033548549612043926,0.0,"[-0.31934124707222644, -0.017231735871317256, 1.5048792084374778, 19.60185142720522, 0.0]","[-0.3245747566537136, -0.017690985618121765, 1.4889785701560816, 19.903810512309484, 0.0]"
closed_loop,robot_arm,250,10,0.026003217571069135,0.0,"[-0.23462453215016682, -0.013664321022476698, 1.5369418538722293, 13.871971133901827, 0.0]","[-0.36074100207338256, -0.019346285537194047, 2.66200826213258, 20.188414400467845, 0.0]"
closed_loop,robot_arm,250,11,0.025194633691915228,4.269516001520479e-06,"[-0.36326766852332454, -0.017682696434112664, 3.3748134225935953, 18.48651139048545, 0.0]","[-0.39137803370579294, -0.018772441912370114, 3.578761385976189, 19.85886463561253, 0.0]"
closed_loop,robot_arm,250,12,0.02356550297928709,0.0,"[-0.29635546401875434, -0.014288521114524359, 2.791147683689478, 15.01181054740688, 0.0]","[-0.4399612245537774, -0.021112311558835577, 4.122209045867375, 22.148207698177384, 0.0]"
closed_loop,robot_arm,250,13,0.01722803313066086,0.0,"[-0.23840250103626856, -0.012391353280674932, 2.246502944151377, 12.198436063209199, 0.0]","[-0.2450032741596654, -0.012811567115895577, 2.3570226342465057, 12.601466998983057, 0.0]"
closed_loop,robot_arm,250,14,0.010420664508988646,0.0,"[-0.13058253641264728, -0.007339193645091658, 1.2279392046203503, 6.474325884266908, 0.0]","[-0.12362057995267507, -0.006932898843013395, 1.2193721730395375, 6.472193360766694, 0.0]"
closed_loop,robot_arm,250,15,0.0047199826039203046,0.0,"[-0.03781057448728317, -0.0022799688653637384, 0.32545290189672, 1.6529995919125733, 0.0]","[-0.060494703287954386, -0.003554798529610244, 0.6010194490258756, 3.217656293560236, 0.0]"
closed_loop,robot_arm,250,16,0.003699099430939731,0.0,"[-0.0405679556033545, -0.0025477517129489694, 0.36910367416850676, 2.0136712156065646, 0.0]","[-0.03236547547272678, -0.0019594573679577727, 0.32191177303094404, 1.7415248363924019, 0.0]"
closed_loop,robot_arm,250,17,0.0021044651191111214,0.0,"[-0.007510673802325061, -0.0005538790415784135, 0.04408847124446632, 0.08461514556574823, 0.0]","[-0.011148506764809775, -0.0007052297675401967, 0.11824472914276482, 0.5974581275472511, 0.0]"
closed_loop,robot_arm,250,18,0.0011614813443834788,0.0,"[-0.0029993684408477434, -0.0002931722984890148, 0.0033739486612359058, -0.029106358571179762, 0.0]","[-0.004819077643992032, -0.00028840684179305513, 0.0436024760875835, 0.26593022778174275, 0.0]"
closed_loop,robot_arm,250,19,0.0014334264165559514,0.0,"[-0.0008109596403746883, -0.00012830097585089583, -0.03736892851932482, -0.31021688283315874, 0.0]","[-0.003095010841883428, -0.00018836002063098124, 0.029862408986395632, 0.16855892634114783, 0.0]"
closed_loop,robot_arm,250,20,0.0021451198086821642,8.139888425739983e-06,"[-0.004458980920978627, -0.0004147454455963419, -0.03599633564522623, -0.24956911337256404, 0.0]","[-0.002056067953679179, -0.0001329162958407578, 0.0217904802428685, 0.11127806790288129, 0.0]"
closed_loop,robot_arm,250,21,0.0020709501614614456,0.0,"[-0.0028582607243197835, -0.0003008066594206757, -0.029903348838126096, -0.3211009383766712, 0.0]","[-0.0007828801802172086, -5.2878329581289185e-05, 0.008490576491425752, 0.04283822845718693, 0.0]"
closed_loop,robot_arm,250,22,0.0010859076462914358,0.0,"[-0.0007749844274732008, -0.00011078848209564594, -0.03520866203594534, -0.1822560351690982, 0.0]","[-0.0004161705541790665, -2.6095041445651663e-05, 0.003630871010033993, 0.023679450038803024, 0.0]"
closed_loop,robot_arm,250,23,0.0004238762479410604,0.0,"[-0.0003554214205188802, -6.152212807944284e-05, -0.011091333883296322, -0.02783043123769508, 0.0]","[-0.0002142650659618664, -1.4539690729343586e-05, 0.0022961143745671214, 0.011804833668986603, 0.0]"
closed_loop,robot_arm,250,24,0.0033558280195466147,1.4730038258137235e-05,"[-0.0018348972818712775, -0.00029939270251857483, -0.05527507672413196, -0.8908902455879799, 0.0]","[2.8560870398362886e-05, 2.7001363863834233e-06, -0.0006231109081729155, -0.001194762449598562, 0.0]"
closed_loop,robot_arm,250,25,0.00263361156252748,5.431620266893589e-06,"[-0.0014957506055511929, -0.00019443730133538315, -0.09588709700498031, -0.615597831510733, 0.0]","[-4.065134288367698e-05, -1.080814257980999e-06, 0.0005542494762216548, 0.0015124069415271828, 0.0]"
closed_loop,robot_arm,250,26,0.0028982399745564077,1.3421042526995386e-05,"[-0.0024777002195870606, -0.00038539631734835016, -0.05540101028201776, -0.5305644882437881, 0.0]","[-3.147550132218814e-05, -1.7979353617450947e-06, 0.0005061784759017478, 0.0013166426449138227, 0.0]"
closed_loop,robot_arm,250,27,0.0017508635906680675,1.4248201857580689e-05,"[-0.001101604358658231, -0.0001710674954545177, -0.05587481700312236, -0.47076640938518505, 0.0]","[-1.7861693736443444e-06, 6.917908871229826e-08, 1.9467210506031335e-06, 0.00011894138603736654, 0.0]"
closed_loop,robot_arm,250,28,0.0007471874856799696,0.0,"[-0.0003781184285109936, -7.954744641073556e-05, -0.02064666125093779, -0.16546215605873935, 0.0]","[8.819800659377067e-06, 6.845005389739401e-07, -0.00011110470446349397, -0.0004360120020246428, 0.0]"
closed_loop,robot_arm,250,29,0.0018264228879526618,0.0,"[-0.0009678522154684707, -0.0001612516811320786, -0.05594591725670442, -0.5254627861767911, 0.0]","[1.725833290208093e-05, 1.3596810761575912e-06, -0.00031873204040125223, -0.0006976759500882666, 0.0]"
closed_loop,robot_arm,250,30,0.0010428531755025724,1.3823985952288176e-05,"[-0.000854300621428771, -0.00013846275968645234, -0.03694371291245855, -0.26405419958644794, 0.0]","[1.8280112677879056e-05, 1.4509519517459333e-06, -0.00010194843520537939, -0.0012034594047355598, 0.0]"
closed_loop,robot_arm,250,31,0.0005643736052445464,1.717121531419341e-05,"[-0.00015278819648120658, -4.040089554895149e-05, -0.009381705951162351, -0.08989055737114914, 0.0]","[9.212132528330835e-06, 5.685218811132592e-07, -8.246602944441687e-05, -0.00042144682273563246, 0.0]"
closed_loop,robot_arm,250,32,0.0012671710872248795,0.0,"[-0.0009108966447943229, -0.00022154617169487762, -0.025569636724496966, -0.2858608299934666, 0.0]","[6.841408293753696e-06, 6.754299874281489e-07, -0.0001389816193176627, -0.00022945638963866276, 0.0]"
closed_loop,robot_arm,250,33,0.001214337793325185,4.4327868893301314e-06,"[-0.001017938353698189, -0.00012278064398179762, -0.031697128010440306, -0.22929187107539475, 0.0]","[2.744723156267081e-05, 4.328110932638011e-06, -0.0012322712369253657, -0.0006468902471349713, 0.0]"
closed_loop,robot_arm,250,34,0.00034184383077140814,0.0,"[-0.0001534290341215262, -4.46668582770669e-05, -0.019691955708974574, -0.019884884198877708, 0.0]","[5.9925996887419604e-05, 4.0532585184251905e-06, -0.0007096874551152216, -0.0031296649953512887, 0.0]"
closed_loop,robot_arm,250,35,0.0007962886033572708,3.718594464574565e-06,"[-0.00019301755627389253, -0.00010281033538926774, -0.008068580812936852, -0.14458989859388374, 0.0]","[8.370859732307468e-05, 6.110209991753205e-06, -0.00020037648622644254, -0.005967840286416579, 0.0]"
closed_loop,robot_arm,250,36,0.0009215987833346067,1.963113535219385e-05,"[-0.0011807526742552315, -0.00011000807517834831, -0.02812489883691289, -0.19775143831254877, 0.0]","[3.325268196466187e-05, 2.3276724232259365e-06, -0.00012568816589144868, -0.0021632506298426275, 0.0]"
closed_loop,robot_arm,250,37,0.0036509539187626738,0.0,"[-0.00234523837672416, -0.000241618878986907, -0.12410808677973707, -0.9095324833881118, 0.0]","[3.849866467485412e-06, 8.672220812058151e-07, 1.110031025569925e-05, -0.00035335663627567845, 0.0]"
closed_loop,robot_arm,250,38,0.00235311945214066,3.8999693690033865e-06,"[-0.00227742138931772, -0.00029149983751637734, -0.07588101865660443, -0.5147420419809116, 0.0]","[2.7677338475455844e-05, 1.8490598814841279e-06, -0.000479347754878255, -0.001133572775940272, 0.0]"
closed_loop,robot_arm,250,39,0.00102674033488334,0.0,"[-0.0007526460665128404, -0.00014698238311071441, -0.028124052616919294, -0.21689875070079123, 0.0]","[1.2898625781319691e-05, 9.396299964314643e-07, -0.00023617551063775675, -0.0004960780510869013, 0.0]"
closed_loop,robot_arm,250,40,0.0022705208855662807,1.0959178408653791e-05,"[-0.0016406080666091188, -0.0002439219754780465, -0.06185513630092862, -0.5009590809919247, 0.0]","[5.377031846032909e-05, 3.5319853910032753e-06, -0.00048497504744798625, -0.0030400206408497566, 0.0]"
closed_loop,robot_arm,250,41,0.0009585548707124375,1.9310620977264215e-05,"[-0.001285789958631377, -0.000129521983743362, -0.018999266906358173, -0.17817725480141094, 0.0]","[1.3973226982887948e-05, 9.338344467636062e-07, -0.00015214091527384566, -0.0007334191512820833, 0.0]"
closed_loop,robot_arm,250,42,0.0006601433619929065,0.0,"[-0.00036530237901342695, -7.348019822385216e-05, -0.01110990744459122, -0.1273712018969947, 0.0]","[8.179706623293823e-05, 5.8243556474081126e-06, -0.000480881139110947, -0.005274255973013396, 0.0]"
closed_loop,robot_arm,250,43,0.00016582452569726346,0.0,"[-8.63132437312443e-05, -2.1129242404094258e-05, -0.005983053723194001, -0.016172753337671646, 0.0]","[4.222140617888205e-05, 2.812644496999565e-06, -0.0004180433480551379, -0.0023226616881894323, 0.0]"
closed_loop,robot_arm,250,44,0.0016794188573276544,6.5019550588019115e-06,"[-0.0016606451644286934, -0.00015965020713026764, -0.03225512421862943, -0.3400680885650448, 0.0]","[3.142803807945021e-05, 2.1562288324485922e-06, -0.00023532383109686284, -0.0018701272525741012, 0.0]"
closed_loop,robot_arm,250,45,0.0009760863536922769,0.0,"[-0.0008347692760800672, -0.00010632291137404552, -0.023172517521363404, -0.22023043413203122, 0.0]","[-1.276023836746333e-06, 4.3433195432669917e-07, -5.322448886622328e-05, 4.0221928370142216e-05, 0.0]"
closed_loop,robot_arm,250,46,0.001113092362821698,0.0,"[-0.0004719519851755277, -0.00011137603164060986, -0.031362488634380375, -0.25323668882823697, 0.0]","[1.737119385077165e-05, 9.899568554994078e-07, -0.00018555562125633761, -0.0007981832475803016, 0.0]"
closed_loop,robot_arm,250,47,0.0008860587161903168,0.0,"[-0.0009614494354974269, -0.00014814776721840074, -0.02673932882350862, -0.16899547992448213, 0.0]","[3.889582221287481e-06, 1.4067493236328277e-07, -0.00011985038248545546, 5.081544840927833e-05, 0.0]"
closed_loop,robot_arm,250,48,0.0023698362467075187,3.6966311706132515e-06,"[-0.0011827841041818165, -0.00016590557204118297, -0.04033858010256591, -0.5210672416198655, 0.0]","[3.2524948602261095e-05, 2.634080336172531e-06, -0.000592485734479673, -0.0014496193960850368, 0.0]"
closed_loop,robot_arm,250,49,0.0003852687780739943,0.0,"[-0.00011433497547249058, -5.277788475108488e-05, 0.0034048904880985887, -0.019341041408956896, 0.0]","[2.5307297120059906e-05, 2.443619881021129e-06, -0.0005986993318511009, -0.000897708905943001, 0.0]"
closed_loop,robot_arm,500,0,0.05571903351983122,0.0007115740959477146,"[2.310260705706137, -0.30401873373836225, -0.527441503300542, 9.489473970894846, 0.9983373000903314]","[2.0142907817358346, -0.303416433503064, 1.1992574458806298, 18.576750762113466, 3.9527652534130007]"
closed_loop,robot_arm,500,1,0.06510709661674229,0.0005034939309265241,"[2.410076950278009, -0.35156546657633214, 0.40986937537722135, 18.86972364853057, 1.9410419613991032]","[2.116712874106547, -0.3196386684725586, 1.1814874986578825, 20.44016311769301, 4.1349629235076755]"
closed_loop,robot_arm,500,2,0.04574879387581893,0.0005034939309265241,"[2.0726904008402602, -0.3030008216779801, 0.952814551857957, 16.358569414253747, 0.0]","[1.6965676809122203, -0.270387846644911, 1.9041956617618117, 18.554525744806515, -10.135089527468065]"
closed_loop,robot_arm,500,3,0.04530409414000867,0.0005034939309265241,"[1.8632472895046035, -0.2910551713300524, 1.8513099310335983, 19.83216951708779, 0.0]","[1.6709742704171604, -0.27566849359825685, 2.2736882089930575, 21.110463233301836, -10.259979608388978]"
closed_loop,robot_arm,500,4,0.05280787739079668,0.0005034939309265241,"[2.5237247991718097, -0.35647930529349414, -0.02726685646800034, 18.01290837367557, 0.0]","[1.7054180051134602, -0.2732717952922327, 1.9457126697835165, 19.28520868659664, -10.235929265388263]"
closed_loop,robot_arm,500,5,0.04606312516686307,0.0005034939309265241,"[1.9140552874399277, -0.2947100327776842, 1.6508216787192131, 18.447429364047174, 0.0]","[1.7152923057491847, -0.26976161797889875, 1.752307086843319, 17.781648665617887, -10.14586119026834]"
closed_loop,robot_arm,500,6,0.04752531539742366,0.0,"[2.1711900946661093, -0.31957049117778774, 0.8338743068497282, 18.443634784881574, 0.0]","[2.091112561036013, -0.3118496009311512, 1.0648551373944182, 18.615094472796432, 0.0]"
closed_loop,robot_arm,500,7,0.04371327400780073,0.0,"[-0.8990215582503851, -0.060314252853492234, 10.230744550069428, 33.49194269621942, 0.0]","[-0.6580407727880238, -0.05249503665566442, 8.610753048556624, 24.492106164726135, 0.0]"
closed_loop,robot_arm,500,8,0.03751481949015529,0.0,"[-0.6600554882442764, -0.05279064559145498, 8.640848911188392, 24.521928000342935, 0.0]","[-0.6857767854924609, -0.05341585561310239, 8.81347320300112, 25.767322293131635, 0.0]"
closed_loop,robot_arm,500,9,0.02709282200718792,0.0,"[-0.5864577385961108, -0.029113524537373293, 5.517965264502845, 24.95289578734233, 0.0]","[-0.5899579724528655, -0.029301596337443392, 5.552038632127884, 25.085999118714515, 0.0]"
closed_loop,robot_arm,500,10,0.025118770502029576,0.0,"[-0.5337615942439147, -0.02013247454674242, 4.026832437806712, 24.880785250099436, 0.0]","[-0.5320847531217439, -0.02000970803956804, 4.025802124649773, 24.950623500516002, 0.0]"
closed_loop,robot_arm,500,11,0.01986700410752463,0.0,"[-0.544801957010308, -0.023060231926619296, 4.545405684125942, 24.49481217644441, 0.0]","[-0.5498646498675895, -0.023287303446649484, 4.582019385745985, 24.702555713259116, 0.0]"
closed_loop,robot_arm,500,12,0.023448560500386115,0.0,"[-0.5760772525639773, -0.022088596539794652, 4.483073155426402, 26.33501933386632, 0.0]","[-0.5696072721461196, -0.021786346729619224, 4.441527479057025, 26.12020794877912, 0.0]"
closed_loop,robot_arm,500,13,0.015312322402577981,0.0,"[-0.28055831028529754, -0.010286527443375567, 1.9457746003459047, 11.69127308657965, 0.0]","[-0.3030995435450715, -0.010438632793488783, 2.220628746230189, 14.113914169214729, 0.0]"
closed_loop,robot_arm,500,14,0.006519213921019478,0.0,"[-0.12116648651721673, -0.0033361311762634947, 0.7520868463977807, 5.072547481756762, 0.0]","[-0.13552945150937518, -0.004367145219647451, 0.9481728666832777, 6.412702985044433, 0.0]"
closed_loop,robot_arm,500,15,0.005520576842644676,0.0,"[-0.08660062879389382, -0.002248122388154767, 0.4515697430395493, 3.42741041145501, 0.0]","[-0.05121472934466804, -0.0014245063101355438, 0.32813558526315173, 2.4787659251965795, 0.0]"
closed_loop,robot_arm,500,16,0.002946630490934591,3.3847333635872445e-07,"[-0.024400933406469347, -0.0006975852134294944, 0.10894298718856128, 0.834007962209394, 0.0]","[-0.006238373080687908, 0.00016004105092764639, 0.0004861598293629579, 0.3532902802559279, 0.0]"
closed_loop,robot_arm,500,17,0.003902530340797368,2.706000655883223e-06,"[0.0015117295240167621, -1.3130840074603757e-05, -0.08151235613719808, -0.9359738590532191, 0.0]","[0.00789067498598546, 0.0005210141398242614, -0.08226530443308143, -0.3594886069579638, 0.0]"
closed_loop,robot_arm,500,18,0.00505377910894434,2.3010066254824935e-05,"[-0.009801935923188633, -0.00047311507276909335, -0.049293677266798, -0.8602601455077771, 0.0]","[0.008516085005547324, 0.0005916560947233914, -0.09202278801297997, -0.38488963881233257, 0.0]"
closed_loop,robot_arm,500,19,0.004603068110211753,0.0,"[0.00981429532020324, 0.00021518592160265222, -0.14858339115727165, -1.476839098097509, 0.0]","[0.008944726938074191, 0.0004966420667478353, -0.07880018844516372, -0.44204800337994, 0.0]"
closed_loop,robot_arm,500,20,0.0018603833843601003,0.0,"[0.003002657197666489, 4.0391473116148757e-05, -0.0426206583075891, -0.6229773915188965, 0.0]","[0.0030780114314376385, 0.00018026210371117673, -0.028809179076007333, -0.14712466487589093, 0.0]"
closed_loop,robot_arm,500,21,0.001336434275617796,1.2937518959921235e-05,"[-0.0009081746775002793, -0.00015206255696884025, -0.007675623223089272, -0.2615807193535222, 0.0]","[0.0017774021169338111, 0.00010555454462891366, -0.016996065071615284, -0.08360409554141408, 0.0]"
closed_loop,robot_arm,500,22,0.0016830900661908323,0.0,"[0.0012739489845786736, 1.4696401311082404e-05, -0.03449917774339926, -0.365844773927266, 0.0]","[0.000957118865963817, 6.823228842039665e-05, -0.01044020015032718, -0.043603319444973566, 0.0]"
closed_loop,robot_arm,500,23,0.0004076066438617531,0.0,"[0.00038100910445257644, 5.672682809748449e-07, -0.006176026623709314, -0.04004281908658245, 0.0]","[0.0004087173190768132, 2.4228563009570848e-05, -0.0038882365888223257, -0.019312265760910666, 0.0]"
closed_loop,robot_arm,500,24,0.00022663427399043586,0.0,"[0.0001416633745733821, -2.3165260612750157e-06, -0.0013292795533743817, -0.0016316076712426042, 0.0]","[0.0004832686038096703, 2.7207751525266015e-05, -0.004567657755851715, -0.022092247919633077, 0.0]"
closed_loop,robot_arm,500,25,0.003232817242084543,9.887796098673185e-06,"[-0.00264655319788126, -0.0005304145394869855, -0.03594029910091239, -1.099666997455351, 0.0]","[0.0002903510648354551, 1.6425255115877492e-05, -0.0026347518247420896, -0.01391014335761708, 0.0]"
closed_loop,robot_arm,500,26,0.0017468451232969964,5.867456367436574e-07,"[-0.0009329260661295232, -0.00031365838854715514, -0.008254943942634957, -0.628890571787299, 0.0]","[0.00016130553497343332, 8.998117237565123e-06, -0.0014123483827416514, -0.00799951568911, 0.0]"
closed_loop,robot_arm,500,27,0.0011908303553253012,0.0,"[-0.0008058969559925225, -0.00018721958695286264, -0.012703069243999493, -0.37958427038294495, 0.0]","[7.9935941459358e-05, 5.041716861211063e-06, -0.0007879556814438938, -0.003702717766605261, 0.0]"
closed_loop,robot_arm,500,28,0.0021268747849992353,0.0,"[-0.0009852258329641434, -0.0004088968754800448, -0.013869966105408839, -0.7839538246763029, 0.0]","[4.5819140534327986e-05, 2.8586088213038707e-06, -0.00043138300256520215, -0.0021926547171098637, 0.0]"
closed_loop,robot_arm,500,29,0.0010011849420412595,0.0,"[-0.000980346666160719, -0.00015302243998035055, -0.018895382163883104, -0.3485492755555849, 0.0]","[1.3732284735957827e-05, 2.618849750492516e-06, -0.00038079928774245803, -3.888701016932637e-05, 0.0]"
closed_loop,robot_arm,500,30,0.0037638098072795135,1.8865803474543696e-05,"[-0.004078484744479676, -0.0007087029070153195, -0.024166381416511194, -1.1807974740840492, 0.0]","[5.184930477852035e-05, 3.110912969553971e-06, -0.0003129462787511445, -0.0034828881536722585, 0.0]"
closed_loop,robot_arm,500,31,0.0017422696407457413,0.0,"[-0.0008365936050593811, -0.0002963085045212764, -0.014327043746506417, -0.61815367517345, 0.0]","[2.6882233177125525e-05, 1.4398011511593648e-06, -0.00020927847091845934, -0.0013265225130161477, 0.0]"
closed_loop,robot_arm,500,32,0.0009046924224854621,7.934951859023265e-06,"[-0.0016838593690844917, -0.00019855699008971617, -0.008344811746261352, -0.1809511923585965, 0.0]","[5.309047521793557e-06, 1.0029022599247774e-06, -9.741980140701869e-05, -0.00019077551538058358, 0.0]"
closed_loop,robot_arm,500,33,0.0011960946830588766,0.0,"[-0.001486103164337867, -0.0001612771324953173, -0.021758600374623304, -0.2555305336277548, 0.0]","[4.970473953438341e-05, 2.7114509836437526e-06, -0.0004005528801392836, -0.002585315691164282, 0.0]"
closed_loop,robot_arm,500,34,0.0006340530759293843,0.0,"[-0.0004520642544401368, -0.00015800734054808717, -0.00785066354537646, -0.13851408595448325, 0.0]","[8.21004078870829e-05, 5.357202739583347e-06, -0.0008510488358729625, -0.0036719732873985306, 0.0]"
closed_loop,robot_arm,500,35,0.004619215500558591,1.3338685394770344e-05,"[-0.004968165860866592, -0.0011270575180199404, -0.021668404365855716, -1.3825088690742775, 0.0]","[4.353633900380665e-05, 2.58354537549744e-06, -0.0007913214145959249, 0.0002940044406708019, 0.0]"
closed_loop,robot_arm,500,36,0.003733521740957266,1.6710875011538562e-05,"[-0.0036000635078904126, -0.0005806458303094307, -0.050257247939704854, -1.2292777712852054, 0.0]","[5.75800286539436e-05, 4.5892946117358365e-06, -0.00010534627506209055, -0.005884858930466819, 0.0]"
closed_loop,robot_arm,500,37,0.0018333882903560769,0.0,"[-0.0011627313150469126, -0.000507565612373886, -0.004766925949341352, -0.6769848009592914, 0.0]","[-5.452742840644381e-06, -1.0440267444520848e-07, 5.87897675301502e-05, 0.00035213202387323163, 0.0]"
closed_loop,robot_arm,500,38,0.002322286395454218,1.4244769378946032e-05,"[-0.0021290041497751032, -0.00044052585760260567, -0.022627167104118794, -0.8384824120771233, 0.0]","[2.234674847508329e-05, 1.1728634207999041e-06, -0.00018745851545224184, -0.0010428566214031923, 0.0]"
closed_loop,robot_arm,500,39,0.0017275024766630128,0.0,"[-0.0010605271841245074, -0.0003080597980835455, -0.0109970623238975, -0.6201227169297061, 0.0]","[3.879164872014826e-06, 2.2735908265854974e-07, -4.081422678662361e-05, -5.944011304907264e-05, 0.0]"
closed_loop,robot_arm,500,40,0.00014964875471240382,0.0,"[-0.0001590218470828103, -3.6104777074890144e-05, -0.0012228955277313082, -0.026034933680755934, 0.0]","[3.715713392059692e-06, -2.247285077028562e-08, -6.135519424071342e-05, 0.00016601962225862315, 0.0]"
closed_loop,robot_arm,500,41,0.0009226890952296768,1.7761755706224847e-05,"[-0.001130484746690577, -0.00015776992220762758, -0.010588448844116784, -0.23279703962976256, 0.0]","[-2.239627065514035e-06, -2.4498473824302476e-07, -7.641351813541309e-06, 0.0003794777195877154, 0.0]"
closed_loop,robot_arm,500,42,0.0031588854651028384,1.0410326102605616e-05,"[-0.0039705431854521, -0.0004747367760517776, -0.038060638058429574, -0.6989689487145246, 0.0]","[4.560586649859754e-05, 4.160506281260666e-06, -0.00011595992766774638, -0.004823836878821999, 0.0]"
closed_loop,robot_arm,500,43,0.001910348769934724,0.0,"[-0.0013472473371086318, -0.00048671948611199445, -0.012151855243085298, -0.6415388826789505, 0.0]","[2.7521923654208304e-05, 1.5494833788814907e-06, -0.00020407987712048854, -0.0015362898662615234, 0.0]"
closed_loop,robot_arm,500,44,0.005856558883454139,1.4803263744478379e-05,"[-0.004093711117828301, -0.001041065282778799, -0.047447690904939444, -2.003336913964058, 0.0]","[4.7138426177820026e-05, 2.787650513549971e-06, -0.0005365638860742993, -0.0016206593642281498, 0.0]"
closed_loop,robot_arm,500,45,0.0038535061931124427,1.8646280593004327e-05,"[-0.0033696756983331135, -0.0007190559827092986, -0.04741136119763379, -1.1638349431391413, 0.0]","[2.309051391662818e-06, 1.7569681533786665e-07, -2.457750694315107e-05, -5.865060146296743e-05, 0.0]"
closed_loop,robot_arm,500,46,0.003014235630054988,3.6938565526334344e-06,"[-0.001728247604107781, -0.0003449788379768012, -0.04150083133998326, -1.0200872251304955, 0.0]","[3.852791523594149e-05, 5.882360787600976e-06, 0.0001666525400524605, -0.006900840007055443, 0.0]"
closed_loop,robot_arm,500,47,0.001028277828765487,9.977344620493156e-06,"[-0.001556537017022029, -0.0001329796394280873, -0.01413976885659975, -0.18781267204799817, 0.0]","[1.481689651070836e-05, 3.827860861633842e-07, -9.720068697757683e-05, -0.00056091594885494, 0.0]"
closed_loop,robot_arm,500,48,0.0008959242461001976,4.912234815579453e-06,"[-0.0007392077039166334, -0.00011004393906769309, -0.01841603408261375, -0.13785880117205213, 0.0]","[9.813782829958119e-05, 6.131668991941922e-06, -0.0010416992741376114, -0.004071194807367675, 0.0]"
closed_loop,robot_arm,500,49,0.0022226221304497192,1.822380780802657e-05,"[-0.0017860625536778984, -0.00023085912756068508, -0.032491713969250574, -0.6042519154082845, 0.0]","[6.768199137050288e-05, 9.41241676547429e-06, -0.001169838282981703, -0.002782277703451348, 0.0]"
