epoch,loss,loss_std,loss_u,loss_x,theta_rel_error,grad_norm,constraint_violation_inf,solve_convergence_error,sqp_num_iter,forward_time_ms,backward_time_ms,value_grad_time_ms,total_sample_time_ms,build_rss_delta_mb,build_gpu_used_delta_mb,rss_mb,rss_delta_mb,rss_peak_delta_mb,gpu_used_mb,gpu_used_delta_mb,nonfinite_sample_grad_count,finite_grad_sample_count,theta
0,24.860208283457073,3.9509514021284606,22.130415046174736,2.7297932372823386,0.8788834949472446,40.60802334674244,0.00014414295426332102,0.0005556707374791952,9.4375,48.1729696560933,2.8507367188694843,49.37475087513121,49.37475087513121,347.06640625,134.0,1139.07421875,0.0,0.0,4256.0,0.0,0,32,"[0.5118216247002567, 0.9504636963259353, 0.14415961271963373, 0.4, 0.06349896734588635]"
1,24.82568991035107,3.949558847676786,22.105533542998998,2.72015636735207,0.8788708776014849,40.69922196684934,0.0010142185153925731,0.0002210911005276952,5.96875,24.060612968810347,1.2063398435770978,23.547665093701653,23.547665093701653,347.06640625,134.0,1139.07421875,0.0,0.0,4256.0,0.0,0,32,"[0.5123733152320006, 0.9504994805119599, 0.14362256121077796, 0.3994025314432797, 0.06372024556393112]"
2,24.785441492025207,3.9530782709384824,22.076532700307652,2.708908791717556,0.8788581743904601,40.59617478974924,0.0010919163365456647,0.00021861287960991374,6.15625,27.837021812445073,1.8773365000015474,26.25433303103364,26.25433303103364,347.06640625,134.0,1139.07421875,0.0,0.0,4256.0,0.0,0,32,"[0.5129121070472538, 0.9505367698735904, 0.14308547168223854, 0.3988157351817498, 0.0639950507114689]"
3,24.745520012898357,3.956294514728744,22.047713044756634,2.6978069681417196,0.8788454821825042,40.492485214882564,0.001169270729616742,0.0002533722982600013,6.03125,25.63979293762486,1.4785340622438525,24.683074187407783,24.683074187407783,347.06640625,134.0,1139.07421875,0.0,0.0,4256.0,0.0,0,32,"[0.5134497409512956, 0.9505741060448112, 0.14254834059678417, 0.3982280143886205, 0.0642700602784032]"
4,24.70547157706702,3.959835948111087,22.018874135056798,2.6865974420102203,0.8788328005164908,40.38558541278408,0.0012467780860294098,0.00024397926514891106,6.21875,25.199964500131955,2.1416954998585425,26.745704906318224,26.745704906318224,347.06640625,134.0,1139.07421875,0.0,0.0,4256.0,0.0,0,32,"[0.5139861977720507, 0.950611494553263, 0.14201108972366652, 0.3976394073086121, 0.06454523183143765]"
5,24.665714319228364,3.963098636513816,21.990183870496768,2.6755304487315983,0.8788201294799755,40.37558879350454,0.0013244576218338633,0.0002662061227209613,6.09375,25.9015636560207,1.4763071251309157,25.540103843809447,25.540103843809447,347.06640625,134.0,1139.07421875,0.0,0.0,4256.0,0.0,0,32,"[0.5145214919723713, 0.9506489330103556, 0.14147380661433132, 0.39704987165504746, 0.06482060985276976]"
6,24.625805953596682,3.9666183178334293,21.961422842894855,2.6643831107018254,0.878807454361098,40.347088289351056,0.001401977647914665,0.000270915325987566,6.25,25.767387437610978,2.657681124901501,25.302510343692575,25.302510343692575,347.06640625,134.0,1139.07421875,0.0,0.0,4256.0,0.0,0,32,"[0.5150550557468622, 0.9506865904571685, 0.14093436414141824, 0.3964604949248373, 0.06509543434868457]"
7,24.58614873620372,3.9699883899687225,21.93277190674582,2.653376829457903,0.8787947711988577,40.242139336202854,0.001486782282705379,0.0002602634434165007,6.25,26.118351343711765,1.8773095936808204,26.36221021862184,26.36221021862184,347.06640625,134.0,1139.07421875,0.0,0.0,4256.0,0.0,0,32,"[0.5155846183616725, 0.9507246336167404, 0.14039442481006742, 0.3958732370958149, 0.06538128381206937]"
8,24.546621189190006,3.9734031451433953,21.904285766546096,2.6423354226439115,0.8787820980589864,40.13678475934103,0.0015716939956915976,0.000301421995182919,6.28125,25.436167687246325,2.1761959691843913,27.101826531406914,27.101826531406914,347.06640625,134.0,1139.07421875,0.0,0.0,4256.0,0.0,0,32,"[0.5161130187158899, 0.9507627325537931, 0.13985438464155198, 0.39528507357508114, 0.06566722406094351]"
9,24.50717311763858,3.976851054546473,21.875838860172706,2.6313342574658747,0.878769435350852,40.03329928137097,0.0016567500816333236,0.00031025977472356,6.28125,25.41763640613226,2.6774000002660614,26.031377093886476,26.031377093886476,347.06640625,134.0,1139.07421875,0.0,0.0,4256.0,0.0,0,32,"[0.5166402601295302, 0.9508008835481464, 0.13931430290982472, 0.3946959899579239, 0.06595332405818874]"
10,24.467811395074563,3.980297216320001,21.8474606627559,2.620350732318669,0.8787567832486289,40.02953170726668,0.001741953811427388,0.00030041869306747797,6.34375,26.64503990627054,2.0079498123664052,26.185282406004262,26.185282406004262,347.06640625,134.0,1139.07421875,0.0,0.0,4256.0,0.0,0,32,"[0.5171663436913068, 0.9508390851552784, 0.1387741943601467, 0.3941059832913575, 0.0662395959764989]"
11,24.42852295267086,3.983560165450114,21.81909918455193,2.609423768118929,0.8787441281488133,39.92443994728693,0.001826953611028026,0.000300037850858256,6.34375,23.764007843851687,2.7444623123642486,26.3741729061735,26.3741729061735,347.06640625,134.0,1139.07421875,0.0,0.0,4256.0,0.0,0,32,"[0.517690697112809, 0.9508774991847707, 0.1382318675358959, 0.3935161862380104, 0.06652525119395185]"
12,24.389142976916396,3.987009541057772,21.790684395826375,2.598458581090024,0.8787314834123887,39.91945079001943,0.001912130239803328,0.00028397361080123373,5.96875,22.600850874823664,2.3869068438671093,24.4800196873598,24.4800196873598,347.06640625,134.0,1139.07421875,0.0,0.0,4256.0,0.0,0,32,"[0.5182138734543333, 0.9509159670170048, 0.1376895161708487, 0.39292548255360793, 0.06681113735244382]"
13,24.35001794514067,3.99066032249339,21.762514148321117,2.587503796819555,0.8787188869666335,39.80789248502155,0.0020120379303939784,0.00027837356393853476,6.15625,25.202161000095202,1.985144937464156,25.711877499986713,25.711877499986713,347.06640625,134.0,1139.07421875,0.0,0.0,4256.0,0.0,0,32,"[0.5187317983070214, 0.9509544572803059, 0.13715117543379246, 0.3923379080639035, 0.06711971119526487]"
14,24.311158203704505,3.994086202159902,21.734489721160713,2.57666848254379,0.8787062998963372,39.749340204385824,0.0021119615432000916,0.0002933825906495256,6.0625,24.89225993741684,2.1880920312469243,24.744206250090883,24.744206250090883,347.06640625,134.0,1139.07421875,0.0,0.0,4256.0,0.0,0,32,"[0.5192486204752691, 0.9509930048057685, 0.13661281300883427, 0.391749355260884, 0.06742822445614612]"
15,24.272305526719066,3.997553227977439,21.706458222773968,2.5658473039450973,0.8786937172486563,39.74405381705609,0.0022102940210049216,0.00029757818612260095,6.1875,24.08667049991209,2.042560375116409,25.472872718864892,25.472872718864892,347.06640625,134.0,1139.07421875,0.0,0.0,4256.0,0.0,0,32,"[0.5197645661316167, 0.9510316419973033, 0.13607310122236974, 0.39115990643784077, 0.06773411417432992]"
16,24.233353123174915,4.0010709201444365,21.678351204077362,2.555001919097548,0.8786811323145698,39.63745618874381,0.0023082214922457434,0.0003065801441157061,5.78125,22.90506381251589,2.250893375105534,24.276133750163353,24.276133750163353,347.06640625,134.0,1139.07421875,0.0,0.0,4256.0,0.0,0,32,"[0.5202788745528, 0.9510704809162124, 0.1355311624827884, 0.39057060143774364, 0.06803907385310647]"
17,24.19459856212562,4.004584365044058,21.65037819088289,2.5442203712427287,0.8786685566049023,39.642993236856526,0.0024060574136620383,0.0003312730202671382,5.84375,21.511421562649957,2.9780547497466614,23.785420906051513,23.785420906051513,347.06640625,134.0,1139.07421875,0.0,0.0,4256.0,0.0,0,32,"[0.5207920893217713, 0.9511093781418714, 0.13498913948758762, 0.3899803214098876, 0.06834383305006944]"
18,24.156551049601653,4.007366332705053,21.62282098923162,2.533730060370036,0.8786559792683246,39.540581541536945,0.002503434545619132,0.0003412460824740617,5.5625,21.521180875026857,1.80238962502699,22.902465062429656,22.902465062429656,347.06640625,134.0,1139.07421875,0.0,0.0,4256.0,0.0,0,32,"[0.5213036505961713, 0.951148474393056, 0.13444479029704615, 0.38939024350139706, 0.06864759046371699]"
19,24.117959022244108,4.010561599420785,21.594902425986753,2.5230565962573506,0.8786434126614587,39.54450299159778,0.002601054788774787,0.0003485962907845288,5.5625,21.832806687484663,1.7713595000259375,23.187017999987347,23.187017999987347,347.06640625,134.0,1139.07421875,0.0,0.0,4256.0,0.0,0,32,"[0.5218140087019164, 0.9511876251363117, 0.13390041033293784, 0.3887993227826823, 0.06895167101566647]"
20,24.077925687227143,4.014652298849147,21.566048482454054,2.5118772047730884,0.8786308442863003,39.42805158968949,0.0026982508239671577,0.00035514142552837995,6.0625,24.977129843648527,1.9665873437588743,25.140661375019135,25.140661375019135,347.06640625,134.0,1139.07421875,0.0,0.0,4256.0,0.0,0,32,"[0.5223226673183062, 0.9512269799801114, 0.1333536417397355, 0.3882086724005328, 0.06925481098300185]"
21,24.03908261385522,4.018067638833523,21.537978799157365,2.501103814697853,0.8786182817493976,39.31673450495447,0.0027947014474488385,0.0003726121311152285,6.3125,25.123501562575257,1.7243580312538143,24.679023375142606,24.679023375142606,347.06640625,134.0,1139.07421875,0.0,0.0,4256.0,0.0,0,32,"[0.5228303775404403, 0.9512664093189166, 0.13280659556453628, 0.3876168696725382, 0.06955678063531817]"
22,24.00075882612088,4.020768246856392,21.510191785597293,2.4905670405235902,0.8786057276146011,39.20554058838566,0.002890986744164381,0.0003789816259112469,6.15625,25.49261193746588,2.436365312576072,24.93579518761635,24.93579518761635,347.06640625,134.0,1139.07421875,0.0,0.0,4256.0,0.0,0,32,"[0.5233369933087965, 0.9513059030350078, 0.13225946456384066, 0.38702406958335256, 0.06985846993241289]"
23,23.96204775352101,4.024260600309168,21.482253596924,2.479794156597009,0.8785931824093327,39.19512169566334,0.002987252926786893,0.0003682186190808209,6.5,24.105311749906377,2.0591172499848653,25.01358756251193,25.01358756251193,347.06640625,134.0,1139.07421875,0.0,0.0,4256.0,0.0,0,32,"[0.5238424663693815, 0.9513454606698631, 0.13171225580255796, 0.38643033507637226, 0.07016008903880998]"
24,23.92378563066044,4.02744292363856,21.45458798751877,2.469197643141666,0.8785806320810008,39.083691064342545,0.003095312960773533,0.00036127430440277336,6.5625,24.842937031507972,2.095619249871561,26.52391528130238,26.52391528130238,347.06640625,134.0,1139.07421875,0.0,0.0,4256.0,0.0,0,32,"[0.5243424541423962, 0.9513854926605095, 0.13116614501725013, 0.3858401434238811, 0.07047922300763951]"
25,23.88571913992599,4.030566394560444,21.427071716454012,2.4586474234719793,0.8785680893770594,38.975476988439766,0.003203220123347228,0.000369021623785557,6.59375,23.98403068747257,1.373233531353435,24.466517968733115,24.466517968733115,347.06640625,134.0,1139.07421875,0.0,0.0,4256.0,0.0,0,32,"[0.524841388652709, 0.9514255928246187, 0.13061993406127456, 0.38524892071495553, 0.07079791663995787]"
26,23.847686942425465,4.0337311755613605,21.399595812998413,2.4480911294270484,0.8785555550606859,39.04215287181594,0.0033111314692426674,0.0004055513287327138,6.59375,23.868559468837702,2.8046999998423416,25.828708968731462,25.828708968731462,347.06640625,134.0,1139.07421875,0.0,0.0,4256.0,0.0,0,32,"[0.5253392743477209, 0.951465754820426, 0.1300736733541858, 0.3846566591450583, 0.0711162283134936]"
27,23.80990135741329,4.036999276686085,21.37231464773572,2.4375867096775643,0.8785430564121093,39.03414298579922,0.003439124910734892,0.0004240248221495469,7.09375,26.567875531327445,2.365759343604168,27.787715812451097,27.787715812451097,347.06640625,134.0,1139.07421875,0.0,0.0,4256.0,0.0,0,32,"[0.5258294634045731, 0.9515062418062877, 0.12953180393608538, 0.38407028427290407, 0.07146352866700875]"
28,23.766076365796255,4.045844495337541,21.340887335757788,2.4251890300384678,0.8785305524785366,38.89334587905477,0.0009981411313494393,0.00030710824760233284,7.9375,29.634391906199653,1.5923656874292647,30.01857553095988,30.01857553095988,347.06640625,134.0,1139.07421875,0.0,0.0,4256.0,0.0,0,32,"[0.5263181459529143, 0.951546947276337, 0.1289874089656406, 0.38348399225583873, 0.07180911254761485]"
29,23.727927733921277,4.049355959422468,21.31332329543487,2.414604438486405,0.8785180382501001,38.77929405766802,0.0009992568555072245,0.00031402776435663715,8.25,29.188838062395916,3.616228218845663,30.85282593752936,30.85282593752936,347.06640625,134.0,1139.07421875,0.0,0.0,4256.0,0.0,0,32,"[0.5268065022841931, 0.9515878112556829, 0.12844132769144673, 0.382896025575875, 0.07214959551946382]"
30,23.689906521884737,4.052838083666327,21.28587218775076,2.4040343341339794,0.8785055294379152,38.77949930344861,0.0010329439572726862,0.00032802406361279597,9.53125,34.9189691249876,2.8889159686968924,36.734969656208705,36.734969656208705,347.06640625,134.0,1139.07421875,0.0,0.0,4256.0,0.0,0,32,"[0.5272939246508684, 0.9516287533347086, 0.12789495378945823, 0.3823069377521297, 0.07248899834468857]"
31,23.651892763240795,4.056330292194447,21.25837852066061,2.393514242580185,0.8784930169690558,38.71286506395175,0.0011345580222991425,0.00034345882701134904,10.53125,36.766664406229665,1.5467030625018197,35.5846964375246,35.5846964375246,347.06640625,134.0,1139.07421875,0.0,0.0,4256.0,0.0,0,32,"[0.5277798673471795, 0.9516699010875121, 0.12734589126303875, 0.3817179637335006, 0.07282635054314414]"
32,23.61392189548874,4.059711604148241,21.23089978439219,2.3830221110965533,0.8784805004870414,38.720517791504015,0.0012343449319647815,0.00034118386840338696,11.5,38.7120128124252,3.41697837512811,41.624143937440294,41.624143937440294,347.06640625,134.0,1139.07421875,0.0,0.0,4256.0,0.0,0,32,"[0.5282651647563202, 0.9517111868330904, 0.1267949746547131, 0.38112783456531674, 0.07315954773314277]"
33,23.576052766573774,4.0628582863763745,21.203441924955957,2.3726108416178144,0.8784679802736256,38.60826064168492,0.001333553926823855,0.0003455535385489175,11.5625,38.69078699995043,2.6929261252348624,40.79022934394061,40.79022934394061,347.06640625,134.0,1139.07421875,0.0,0.0,4250.0,0.0,0,32,"[0.5287489062266463, 0.951752685468066, 0.12624126246497175, 0.38053792773121564, 0.07349073467611401]"
34,23.538330732359064,4.0659188286923795,21.17608743766828,2.3622432946907836,0.8784554657594341,38.49604102208977,0.0014324366593055915,0.0003826566697539132,11.5625,42.20673400021724,2.7278361872049572,42.00151834368171,42.00151834368171,347.06640625,134.0,1139.07421875,0.0,0.0,4250.0,0.0,0,32,"[0.5292316785805328, 0.9517942622514919, 0.1256872859311715, 0.3799469205930544, 0.07382092066619236]"
35,23.500638541818248,4.069036021813229,21.1487554285982,2.351883113220044,0.8784429571087812,38.38190909937484,0.0015310141984898606,0.00041361781146729166,11.75,39.86348424990638,3.507604906189954,41.48049521870689,41.48049521870689,347.06640625,134.0,1139.07421875,0.0,0.0,4250.0,0.0,0,32,"[0.5297134781736714, 0.951835915905559, 0.12513308149949032, 0.3793548063120828, 0.07415015045118872]"
36,23.46306677904184,4.07210383030651,21.12153395234339,2.3415328266984465,0.878430454198546,38.335152174004655,0.0016292845854160853,0.00042953576323834165,11.78125,42.166758187704545,4.552050437609978,44.14706815640557,44.14706815640557,347.06640625,134.0,1139.07421875,0.0,0.0,4261.0,5.0,0,32,"[0.5301943003321439, 0.9518776477109658, 0.12457864099453261, 0.37876158795708725, 0.07447841287379907]"
37,23.425611019887427,4.075113222750764,21.09438305477397,2.331227965113456,0.8784179459654791,38.28233838615284,0.0017258486200746048,0.00047216730701463947,11.78125,40.26438596861226,2.176341343954391,41.396592531270926,41.396592531270926,347.06640625,134.0,1139.07421875,0.0,0.0,4255.0,0.0,0,32,"[0.5306742287820925, 0.9519195490083717, 0.12402196246243229, 0.37816757509672083, 0.07480271319421766]"
38,23.388282198171737,4.0781220840640735,21.067333735076808,2.320948463094928,0.878405418705927,38.355142131746916,0.0018269859577741687,0.0004821919970880528,11.75,41.414733187480124,2.6709013123422665,42.609834218581,42.609834218581,347.06640625,134.0,1139.07421875,0.0,0.0,4256.0,0.0,0,32,"[0.5311504677039366, 0.9519619195203829, 0.12346477207522447, 0.37757536029747213, 0.07513470978002333]"
39,23.350797363814024,4.0812011712300365,21.040093448835044,2.3107039149789808,0.8783928822643097,38.753184801381934,0.0019257957485571964,0.00047226806823383343,12.21875,40.31540493741659,2.333158812518832,41.16424025005472,41.16424025005472,347.06640625,134.0,1139.07421875,0.0,0.0,4256.0,0.0,0,32,"[0.5316254839664787, 0.9520045321330521, 0.12290301107140633, 0.37698339305898554, 0.07546111915291245]"
40,23.31355686426232,4.084187175425701,21.012897958922245,2.3006589053400712,0.8783804032310757,38.71427899100967,0.00203069182582144,0.000529143309626731,12.65625,43.79627115616813,4.173931000082121,47.14352815642542,47.14352815642542,347.06640625,134.0,1139.07421875,0.0,0.0,4256.0,0.0,0,32,"[0.5320963043892597, 0.9520471076609254, 0.12233906252033255, 0.3763957811362596, 0.07579755594330667]"
41,23.27562799891635,4.088092969024095,20.98516821103042,2.290459787885931,0.8783679389866312,38.60632175550525,0.0021327545811254123,0.0005519998913082056,13.25,44.116968124853884,3.5840423126387577,46.44887196883474,46.44887196883474,347.06640625,134.0,1139.140625,0.0,0.0,4255.0,0.0,0,32,"[0.5325670475107481, 0.952089640283547, 0.12177310084850604, 0.3758066864090864, 0.07612808079566163]"
42,23.238034640687125,4.09166173722195,20.957670455214142,2.2803641854729824,0.878355479929785,38.50011214297793,0.002234274500147737,0.0005476475795857243,13.4375,46.706794250212624,1.7596585936416886,46.81292521877367,46.81292521877367,347.06640625,134.0,1139.140625,0.0,0.0,4255.0,0.0,0,32,"[0.5330368711573527, 0.9521322524662099, 0.12120669353612114, 0.3752164680555875, 0.0764571324552075]"
43,23.201666752151148,4.093576834166072,20.931006586293456,2.270660165857695,0.8783430266343958,38.39969646769314,0.0023353094065128033,0.0005829412510992255,12.84375,42.923801499966885,3.227949312702094,44.78961412513627,44.78961412513627,347.06640625,134.0,1139.20703125,0.0,0.0,4255.0,0.0,0,32,"[0.533505762476459, 0.9521749404887104, 0.12063989778766959, 0.37462513211158194, 0.07678482597736815]"
44,23.163024635150773,4.0987674563893535,20.902876559754326,2.2601480753964456,0.8783305815527203,38.792672402707225,0.0024363005119935888,0.0005955006759299612,13.46875,48.809412812261144,3.774045437580753,50.37580528124863,50.37580528124863,347.06640625,134.0,1139.20703125,0.0,0.0,4255.0,0.0,0,32,"[0.5339735692065685, 0.9522176967806484, 0.12007288273050774, 0.37403285917974183, 0.07711198872268799]"
45,23.12500519374962,4.102120866194919,20.87517263843464,2.2498325553149776,0.8783182525993439,38.68615578900808,0.0025614548685037875,0.0005451740558162105,12.21875,43.63723984357648,3.6003832500455246,44.11059940616724,44.11059940616724,347.06640625,134.0,1141.1328125,0.0,0.0,4255.0,0.0,0,32,"[0.5344304245576841, 0.9522604533463243, 0.11951291389361568, 0.3734515697710065, 0.07748346226044076]"
46,23.087455704965713,4.106121027124154,20.847844867524053,2.2396108374416572,0.8783059284612482,38.72216674685756,0.0026863193324113688,0.0005604150678045622,12.25,42.458118000070044,4.666323968933739,45.657099094057685,45.657099094057685,347.06640625,134.0,1141.1328125,0.0,0.0,4255.0,0.0,0,32,"[0.5348862603132789, 0.9523033023572849, 0.11895242906203508, 0.372869356725651, 0.07785395173339109]"
47,23.049195470260315,4.110034998287963,20.820101056446852,2.2290944138134643,0.8782936235033575,38.71617779994009,0.0027628445911973554,0.0005187996974240449,12.125,40.35072406270501,3.0072270312189175,42.620222562561594,42.620222562561594,347.06640625,134.0,1141.1328125,0.0,0.0,4256.0,0.0,0,32,"[0.5353361778228836, 0.9523465103451496, 0.1183948568925384, 0.37229147228858733, 0.07824237181209213]"
48,23.00985608223636,4.114316184902454,20.79160840179804,2.2182476804383215,0.8782813092577915,38.580750947982274,0.0027180260585986382,0.00044029571402978674,11.03125,39.93661387511338,1.2588580001988703,38.743447812748855,38.743447812748855,347.06640625,134.0,1141.34375,0.0,0.0,4261.0,5.0,0,32,"[0.5357849940167815, 0.9523899429615575, 0.11783369694938058, 0.37171345867086614, 0.07862665999542708]"
49,22.972818460397413,4.117903140064849,20.76461693643362,2.208201523963795,0.8782689878425451,38.76813116778825,0.0028561114419984046,0.0005183640274455388,10.4375,35.367693156103996,3.5656267502304217,37.783585062697966,37.783585062697966,347.06640625,134.0,1141.34375,0.0,0.0,4250.0,0.0,0,32,"[0.5362335611797322, 0.9524335003374678, 0.11727109764056114, 0.37113364886610284, 0.07900638734938309]"
50,22.935914462148226,4.12154780241181,20.737750242578123,2.1981642195701,0.8782567739600278,38.77113187358973,0.0030029165999333474,0.0004882607333252337,10.46875,37.9665416876378,3.6425301561848755,39.871416750031585,39.871416750031585,347.06640625,134.0,1141.3515625,0.0,0.0,4261.0,5.0,0,32,"[0.5366784607342079, 0.9524765884376276, 0.11671221847855495, 0.37055686230374385, 0.07940031519278758]"
51,22.898995503823322,4.12500187382746,20.710841602210394,2.1881539016129334,0.8782445540368352,38.65209937781251,0.0031480589319653474,0.0004704523529419158,10.59375,38.2488994998198,2.214691375286293,37.45524593762184,37.45524593762184,347.06640625,134.0,1141.3515625,0.0,0.0,4260.0,4.0,0,32,"[0.5371220864514324, 0.9525198892598906, 0.11615006032734083, 0.3699801269940259, 0.07979105277398038]"
52,22.85715738166267,4.132552857365119,20.680840789735143,2.1763165919275296,0.8782323356909539,38.387095977894205,0.002268975061395756,0.00045715577788965536,10.34375,38.29101343757202,2.869855906169505,39.98139268747991,39.98139268747991,347.06640625,134.0,1141.3515625,0.0,0.0,4255.0,0.0,0,32,"[0.5375649846784779, 0.9525632845003329, 0.11558725251742338, 0.3694021210737725, 0.08017978730915169]"
53,22.820314876956296,4.135416723295555,20.65391415419451,2.166400722761786,0.8782200223120504,38.2728786628632,0.002390339991628826,0.0004768363741866313,10.1875,37.47677503122304,3.6448733436031944,38.785684312358626,38.785684312358626,347.06640625,134.0,1141.37890625,0.0,0.0,4256.0,0.0,0,32,"[0.5380093288573812, 0.9526073502473928, 0.1150167341105203, 0.3688203933178609, 0.08054954131656424]"
54,22.78174554425574,4.138657756576823,20.62588214624541,2.1558633980103297,0.8782077116227679,38.145911745321065,0.000992585222754444,0.0003692879562281084,8.5625,34.710337718706796,4.185552906506018,36.76269581262659,36.76269581262659,347.06640625,134.0,1141.37890625,0.0,0.0,4256.0,0.0,0,32,"[0.5384528627360283, 0.9526515070634531, 0.1144456470524336, 0.36823744192984187, 0.08091744772501651]"
55,22.744228377685396,4.14216119088444,20.59858825256905,2.145640125116342,0.8781953973247127,37.8636145317645,0.0009928622795985775,0.0003872495498913422,9.28125,35.29317890621542,3.963683031315668,37.558642281226184,37.558642281226184,347.06640625,134.0,1141.3828125,0.0,0.0,4256.0,0.0,0,32,"[0.5388959419025823, 0.9526957769951652, 0.11387334414025005, 0.36765289807790824, 0.08128145169090815]"
56,22.707243665609944,4.145274771362202,20.571510884345074,2.1357327812648705,0.8781829741832373,37.74859622715412,0.0011009653950735943,0.00038647397238127047,9.5,36.35935818783764,2.11560837487923,36.31073334378243,36.31073334378243,347.06640625,134.0,1141.3828125,0.0,0.0,4256.0,0.0,0,32,"[0.5393405220611157, 0.9527408181756816, 0.11329336216884243, 0.36706417616143017, 0.08162401145590778]"
57,22.67034116501717,4.148161327854856,20.544446439450965,2.125894725566206,0.8781705529314181,38.157056139790015,0.0012163657856473775,0.00040122269226743187,9.53125,34.73415968721838,2.3160662186114678,35.46192724968478,35.46192724968478,347.06640625,134.0,1141.3828125,0.0,0.0,4256.0,0.0,0,32,"[0.5397843284713157, 0.9527859524543066, 0.1127128053944679, 0.366474122292703, 0.08196428932895607]"
58,22.633392680805848,4.151167083201491,20.517331759037887,2.116060921767963,0.8781582327962706,38.261561276910605,0.0013411546453805379,0.0004421788759523456,9.90625,39.22792093754879,3.2339270625243444,39.35859540615638,39.35859540615638,347.06640625,134.0,1141.40234375,0.0006103515625,0.0006103515625,4256.0,0.0,0,32,"[0.5402229678153885, 0.9528308044262274, 0.11213236800393203, 0.3658899593459878, 0.08232126259658158]"
59,22.596271125378415,4.154144301591212,20.490089432488787,2.1061816928896278,0.8781459562805718,38.14182966903112,0.0014770583317772756,0.0004353214767907192,9.84375,37.6163132500551,2.1127338437167964,37.34998778111276,37.34998778111276,347.06640625,134.0,1141.40234375,0.0,0.0,4256.0,0.0,0,32,"[0.5406554413415882, 0.9528758604975678, 0.11155508508243618, 0.36531101711641006, 0.08269876348788197]"
60,22.55952535752796,4.1571123312437015,20.463096844906904,2.0964285126210562,0.8781336797284786,38.52906234474958,0.0016119271858479889,0.0004349416715249339,9.9375,33.994609218552796,3.309899156533902,36.35433937512289,36.35433937512289,347.06640625,134.0,1141.42578125,0.0,0.0,4256.0,0.0,0,32,"[0.5410872419950924, 0.9529210183564572, 0.11097698111548067, 0.3647307095386473, 0.08307366064977469]"
61,22.522766242465423,4.160312730123251,20.43615190942766,2.08661433303776,0.8781215406371639,38.400967911071206,0.001769010768396806,0.0004680319921203245,10.34375,43.464252687442695,1.848719906433871,39.38395071861578,39.38395071861578,347.06640625,134.0,1141.42578125,0.0,0.0,4256.0,0.0,0,32,"[0.5415109403842159, 0.9529658479141577, 0.11040509173344633, 0.36415903194648674, 0.08347936651755138]"
62,22.48599758866217,4.163504102964713,20.40927188253409,2.0767257061280784,0.8781093997724184,37.947205006275986,0.0019352923000992561,0.00044214400543342373,10.6875,39.875076156420164,2.657078406173241,40.46044646872815,40.46044646872815,347.06640625,134.0,1141.42578125,0.0,0.0,4256.0,0.0,0,32,"[0.5419340272272124, 0.9530107878979066, 0.10983236216503202, 0.3635859333869429, 0.08388250024679844]"
63,22.449470149196838,4.166080350702985,20.382629593030366,2.066840556166474,0.8780971406526877,37.85406213856564,0.002082035981057384,0.0004523636352174541,10.84375,39.87982281233826,2.509324249956535,40.68575228109239,40.68575228109239,347.06640625,134.0,1141.44140625,0.0,0.0,4256.0,0.0,0,32,"[0.5423595756452654, 0.9530564610465332, 0.10925388173747404, 0.36300667951669274, 0.08426544653039401]"
64,22.412902913309896,4.169135505215528,20.355910046089452,2.056992867220443,0.8780848756730425,37.73196336734955,0.002160104135632779,0.00047957952476997134,11.3125,38.63543218756149,1.8484181875351169,39.64732206264898,39.64732206264898,347.06640625,134.0,1141.44140625,0.0,0.0,4256.0,0.0,0,32,"[0.5427854583500059, 0.9531022081068938, 0.10867256280289982, 0.36242523460109377, 0.08464030815113005]"
65,22.37608315708531,4.17259751124694,20.329018443214146,2.0470647138711664,0.8780726100670747,37.62882029091693,0.0022361999784720477,0.00045430497298369095,12.125,45.45226643750766,3.013807000172619,45.99017259374705,45.99017259374705,347.06640625,134.0,1141.44140625,0.0,0.0,4256.0,0.0,0,32,"[0.543210650147314, 0.9531480616547915, 0.10809050745682068, 0.3618423940071281, 0.08501262227089129]"
66,22.339692632922883,4.1754313130091,20.30246842681497,2.037224206107914,0.878060339885086,37.20061513229021,0.002313084982033975,0.00045859861677445215,12.71875,46.008704749795015,5.045708375234881,49.12901231273281,49.12901231273281,347.06640625,134.0,1141.44140625,0.0,0.0,4256.0,0.0,0,32,"[0.5436339799255088, 0.9531941437579871, 0.10750831852936393, 0.36125941396412525, 0.08538659908951211]"
67,22.30331448739289,4.178338615523548,20.275905847921603,2.0274086394712825,0.8780479560728305,37.072126537441044,0.0023766452032191465,0.0005421943744566342,13.125,47.929704906550796,2.5510883123160966,48.41726071856556,48.41726071856556,347.06640625,134.0,1141.44140625,0.0,0.0,4256.0,0.0,0,32,"[0.5440595518791859, 0.9532409450992023, 0.10692063085066393, 0.3606704185163413, 0.08573931101374761]"
68,22.267295062125815,4.180907086840054,20.249540687773646,2.0177543743521693,0.8780355704314227,36.993426522781185,0.0024381506526661434,0.0005339379444941167,13.5,49.28374643748157,3.6379442188945177,49.0469392813111,49.0469392813111,347.06640625,134.0,1141.44140625,0.0,0.0,4256.0,0.0,0,32,"[0.5444844635837816, 0.9532878577845084, 0.10633228926963721, 0.3600798970813238, 0.08608915078003332]"
69,22.231196004793002,4.183538393112701,20.223147378289816,2.0080486265031823,0.8780231847205396,36.62695662986458,0.002494502760695516,0.0005215847189256292,13.75,48.9101291562406,4.480637874962667,52.29524471866398,52.29524471866398,347.06640625,134.0,1141.44140625,0.0,0.0,4256.0,0.0,0,32,"[0.5449094913394011, 0.9533348189067645, 0.10574129442540729, 0.35948741710862814, 0.0864309674501908]"
70,22.194844924293847,4.186205232760395,20.19655326782329,1.9982916564705522,0.8780107106863866,36.49589381208582,0.002538774618061179,0.000591718108407547,13.75,54.29839437499595,3.7261683125393574,52.8562471874352,52.8562471874352,347.06640625,134.0,1141.44140625,0.0,0.0,4256.0,0.0,0,32,"[0.5453361819476927, 0.9533823591053426, 0.10514594292146406, 0.35888970601110165, 0.08675341602742621]"
71,22.158935258294314,4.188795384882731,20.170090709073293,1.9888445492210167,0.8779982359066197,36.37155249339231,0.002581057642767809,0.0006363532221338853,14.15625,49.79717718759957,3.3560679688662276,49.79782318770276,49.79782318770276,347.06640625,134.0,1141.44140625,0.0,0.0,4256.0,0.0,0,32,"[0.5457621326506357, 0.9534300064947462, 0.10455010654296758, 0.3582904715534836, 0.0870730921131893]"
72,22.122985562385825,4.191152040367519,20.143838709090694,1.97914685329513,0.8779857626719846,36.2407590112696,0.0026213960256826485,0.0005878446905741097,14.15625,53.9781422810961,2.7204791877011303,54.41604365643116,54.41604365643116,347.06640625,134.0,1144.10546875,0.0,0.0,4256.0,0.0,0,32,"[0.5461873816408612, 0.9534777402704887, 0.1039539323485407, 0.35768966702125865, 0.08739010161923433]"
73,22.087050669740687,4.193666112172686,20.117587644543526,1.9694630251971623,0.8779732892458981,36.1049443086967,0.0026598388773635406,0.0005672883688545456,15.0,50.27771400011716,2.327567906149852,49.72003965616523,49.72003965616523,347.06640625,134.0,1144.10546875,0.0,0.0,4256.0,0.0,0,32,"[0.5466118982048137, 0.9535255753410512, 0.10335745081861789, 0.35708728594342437, 0.08770449677581653]"
74,22.051273439928664,4.195980619144055,20.091516563503113,1.9597568764255495,0.8779608138263497,35.9704275895561,0.0026959671389784057,0.0005825690536536122,15.75,55.50745881242847,5.432094968853107,60.27904434370157,60.27904434370157,347.06640625,134.0,1144.109375,0.0,0.0,4256.0,0.0,0,32,"[0.5470357946840838, 0.9535735160450735, 0.10276059440804983, 0.35648315416028564, 0.08801562484836166]"
75,22.014805199767043,4.19840120626114,20.065128227716528,1.9496769720505136,0.8779483370410226,35.82530818166727,0.0027298268939848214,0.0005934832689974436,17.125,63.00132453139895,3.266713156165224,62.918568937504915,62.918568937504915,347.06640625,134.0,1144.109375,0.0,0.0,4256.0,0.0,0,32,"[0.5474590778624382, 0.9536215564107265, 0.10216346721882523, 0.35587724006596005, 0.08832357079228119]"
76,21.97917106097154,4.200544221974022,20.039288427790996,1.9398826331805434,0.8779358542609657,36.09075548868293,0.00276086296536035,0.0005641615669324104,17.65625,57.987523343854264,6.727651906032861,64.25071787492698,64.25071787492698,347.06640625,134.0,1144.109375,0.0,0.0,4256.0,0.0,0,32,"[0.5478818246452177, 0.9536697260674315, 0.10156578560120613, 0.35526941945446344, 0.0886273727508374]"
77,21.94364674820042,4.202521351525852,20.01360055089243,1.9300461973079897,0.8779234445685206,35.87842984426337,0.0017346804284996409,0.0005054166693617442,15.9375,58.53391221853599,5.938594687677323,61.731265906416866,61.731265906416866,347.06640625,134.0,1144.109375,0.0,0.0,4256.0,0.0,0,32,"[0.5483015995187595, 0.9537176422046637, 0.10096792495165777, 0.3546643598874903, 0.08894035623837568]"
78,21.908414012196346,4.204617965066725,19.98797720999003,1.9204368022063174,0.8779110415877721,35.81424450491061,0.0017845971404253091,0.0004885998023068609,15.875,53.44471912502513,3.4823460622988023,55.40446578106639,55.40446578106639,347.06640625,134.0,1144.109375,0.0,0.0,4256.0,0.0,0,32,"[0.54872041676132, 0.9537656115546307, 0.1003718976043303, 0.3540575682927814, 0.08925475474445696]"
79,21.872861245100825,4.207374272400693,19.961637217287418,1.9112240278134045,0.8778986293888958,35.746488499854586,0.00182942088402277,0.0006604056740754389,16.96875,62.13673121857255,3.4178485940401515,61.672686469023574,61.672686469023574,347.06640625,134.0,1144.109375,0.0,0.0,4260.0,4.0,0,32,"[0.5491390456196038, 0.9538137161146227, 0.0997737991818558, 0.35344874404655874, 0.08956142581346241]"
80,21.837765990212453,4.209582824900647,19.935838486633806,1.9019275035786527,0.8778862211919048,35.611258366862316,0.0018679636674244493,0.0007113350379600174,17.0625,55.80939834396759,4.111355843747333,57.25306771847727,57.25306771847727,347.06640625,134.0,1144.109375,0.0,0.0,4255.0,0.0,0,32,"[0.5495579435595819, 0.953861824125202, 0.099173435035119, 0.35283757142578065, 0.08985847977173336]"
81,21.802658620537585,4.211833896231746,19.91003276218806,1.8926258583495223,0.8778738127716637,35.47912529551596,0.0019045247574470958,0.0007892709464409511,17.34375,61.355821031327196,2.5456855311176696,60.17701596886127,60.17701596886127,347.06640625,134.0,1144.109375,0.0,0.0,4255.0,0.0,0,32,"[0.5499761101674709, 0.9539100310705957, 0.09857299795584172, 0.35222471005198286, 0.09015290977835304]"
82,21.767732216944488,4.2140284201179705,19.884377205089052,1.8833550118554334,0.8778614038098086,35.34734007724589,0.0019388384360776723,0.000891168292120828,17.6875,61.41319050010452,3.587570437616705,62.96976690651945,62.96976690651945,347.06640625,134.0,1144.109375,0.0,0.0,4255.0,0.0,0,32,"[0.5503936404462196, 0.9539583312146597, 0.09797251467441062, 0.35161001035717376, 0.09044428526863112]"
83,21.732878306879023,4.216463319929817,19.858785038590355,1.8740932682886688,0.8778489943616049,35.212289505922534,0.001970833512877468,0.0009813504835150073,17.34375,59.9528794998605,6.0026018439884865,63.784613687630554,63.784613687630554,347.06640625,134.0,1144.109375,0.0,0.0,4255.0,0.0,0,32,"[0.5508105639576547, 0.9540067213136404, 0.09737203877138875, 0.3509934134076814, 0.09073250406694254]"
84,21.698240424231514,4.218581070534398,19.833257195480837,1.8649832287506802,0.8778365833735455,35.075690523247886,0.0020003138212449645,0.0010168714138114438,17.65625,61.71286243761642,5.991666468503354,65.82573915608236,65.82573915608236,347.06640625,134.0,1144.109375,0.0,0.0,4255.0,0.0,0,32,"[0.5512269265857398, 0.9540552053260688, 0.0967715755687367, 0.3503748295751779, 0.09101726615518291]"
85,21.663696496828777,4.220666899590252,19.8079027004767,1.8557937963520799,0.8778241718913762,34.94027549423546,0.002097959275701111,0.001133345800324083,17.625,60.415982375104704,4.5368658437610065,61.69885015640375,61.69885015640375,347.06640625,134.0,1144.109375,0.0,0.0,4255.0,0.0,0,32,"[0.5516425854141342, 0.9541037858293014, 0.09617125493967849, 0.34975442557907016, 0.09129936843632246]"
86,21.629313108350555,4.222695925907969,19.782650384052758,1.8466627242978002,0.8778117589264892,34.79526991174162,0.0021993494692440774,0.0013065209661552906,17.625,63.622216718613345,3.774476093951762,61.934827156449046,61.934827156449046,347.06640625,134.0,1144.109375,0.0,0.0,4255.0,0.0,0,32,"[0.5520576591935573, 0.9541524605422065, 0.09557107632409124, 0.34913201756351886, 0.09157818454333272]"
87,21.595154431512977,4.224466450737326,19.757677422311833,1.8374770092011437,0.8777993427394005,34.734423793843646,0.0022977737213737415,0.0013787513207839798,17.9375,64.94312168740635,5.52045553104108,67.41533343722494,67.41533343722494,347.06640625,134.0,1144.109375,0.0,0.0,4255.0,0.0,0,32,"[0.5524721401985853, 0.9542012423394433, 0.09497107384848186, 0.34850756133916566, 0.09185364286297208]"
88,21.56075188652569,4.22645950060312,19.732444142040336,1.8283077444853555,0.8777869270331221,34.59512787741791,0.0023442258990739595,0.0015462391207436916,17.6875,61.770717000172226,3.4414138436886788,63.5758623750462,63.5758623750462,347.06640625,134.0,1144.109375,0.0,0.0,4255.0,0.0,0,32,"[0.552886672242961, 0.9542500749546629, 0.09436836700205962, 0.3478809730009034, 0.09211804799058135]"
89,21.52499052546003,4.229677904705786,19.705741879275326,1.8192486461847026,0.8777745089789374,34.61025477019102,0.002387824510380221,0.0006974518524929182,17.71875,63.96919928124589,4.909563750004509,65.02995465626782,65.02995465626782,347.06640625,134.0,1144.109375,0.0,0.0,4255.0,0.0,0,32,"[0.5533006288933058, 0.9542990061804052, 0.0937659179713604, 0.34725228485535986, 0.09237891578822069]"
90,21.491979244334043,4.230126905487735,19.682075636483162,1.809903607850881,0.8777620782076785,34.478617500282425,0.002423605376742355,0.001989121750845458,16.78125,61.11076753137468,9.089356531035264,68.10291087492715,68.10291087492715,347.06640625,134.0,1144.109375,0.0,0.0,4255.0,0.0,0,32,"[0.5537134857806778, 0.9543481988198091, 0.09315803596655114, 0.346623408971625, 0.0926281623847145]"
91,21.45702155544291,4.232838514560866,19.65573725102475,1.8012843044181637,0.87774966461128,34.3427416002318,0.002461542448715076,0.0007501521195524888,17.125,57.814470687731045,6.996665906058297,63.04822365615337,63.04822365615337,347.06640625,134.0,1144.109375,0.0,0.0,4255.0,0.0,0,32,"[0.5541252893237129, 0.954397365825033, 0.09255278785472838, 0.34599288002765805, 0.09288135879364619]"
92,21.423019057746423,4.234521616445711,19.630704637092208,1.792314420654217,0.8777372321597099,34.30034550598575,0.0024918210801384844,0.0007311053449652268,17.40625,60.69749096872101,4.943378625000605,63.00885940623857,63.00885940623857,347.06640625,134.0,1144.109375,0.0,0.0,4255.0,0.0,0,32,"[0.5545370109466335, 0.9544467297510829, 0.09194574211964643, 0.3453597069286693, 0.09312350711649879]"
93,21.38933985880713,4.236377391012354,19.605828685844777,1.7835111729623507,0.8777248410244426,34.31478262218264,0.002532548316767913,0.0007417153138723468,17.21875,62.12755468766318,4.580190781155125,63.43535518749377,63.43535518749377,347.06640625,134.0,1144.109375,0.0,0.0,4255.0,0.0,0,32,"[0.5549459990419776, 0.9544960126427491, 0.09134279173243542, 0.3447273300124291, 0.09338206117433684]"
94,21.35520441370551,4.238764051570621,19.58077358461358,1.7744308290919288,0.877712471758126,34.16966170033772,0.0025775001897244965,0.0007198561725851431,17.0625,60.65947784384207,2.4704016873329238,61.89134999993939,61.89134999993939,347.06640625,134.0,1144.109375,0.0,0.0,4255.0,0.0,0,32,"[0.5553518723670822, 0.9545454354105016, 0.0907381269906907, 0.3440973270005642, 0.09364720451128547]"
95,21.32079624432492,4.24067863463711,19.555793869324148,1.765002375000774,0.8777000978446252,34.178398578849894,0.0021536395752343174,0.0007285560297382311,16.625,57.05974046867368,3.637788781134077,58.698211124863064,58.698211124863064,347.06640625,134.0,1144.109375,0.0,0.0,4255.0,0.0,0,32,"[0.5557571763988816, 0.9545949728900133, 0.090133698587237, 0.343465159451608, 0.09390855709894416]"
96,21.287849998203647,4.242742162903596,19.5308938265162,1.7569561716874447,0.8776877315150928,34.228723187189125,0.0026551757677814314,0.0007703735035832207,17.15625,59.167985468832285,5.119903281183724,61.36633640619493,61.36633640619493,347.06640625,134.0,1144.109375,0.0,0.0,4255.0,0.0,0,32,"[0.5561613982524334, 0.9546446068477574, 0.08952559733100043, 0.3428327281462621, 0.09416229844270162]"
97,21.252013028670795,4.244963349724873,19.50534507585486,1.7466679528159368,0.877675383744136,34.06204990871375,0.002165366502835886,0.0006967264206084721,15.78125,57.65117468763492,5.825881843520619,60.466295374794754,60.466295374794754,347.06640625,134.0,1144.109375,0.0,0.0,4255.0,0.0,0,32,"[0.5565637346654397, 0.9546943158075015, 0.08891453801107232, 0.3422011889778668, 0.09441413016509147]"
98,21.21929776384969,4.24652861333391,19.480654465737757,1.73864329811193,0.8776630200477499,33.93426873155189,0.0027221567223864596,0.0007722446239531334,16.375,57.85369465598933,6.031086031327959,60.82464125000797,60.82464125000797,347.06640625,134.0,1144.109375,0.0,0.0,4255.0,0.0,0,32,"[0.5569653306408052, 0.9547442400204585, 0.08830314925850255, 0.3415676052531206, 0.09466111944117193]"
99,21.18544211176065,4.248660811578726,19.455543143779607,1.7298989679810441,0.8776506594689273,33.792338953361025,0.002754315507478289,0.0008016950476260342,16.0,58.78858353111127,3.950918749922039,60.03049209363098,60.03049209363098,347.06640625,134.0,1144.109375,0.0,0.0,4260.0,4.0,0,32,"[0.5573659696580068, 0.9547942476995243, 0.08769265355337731, 0.3409323690570036, 0.09490760996654088]"
100,21.15196887406516,4.250277596990431,19.43057123243716,1.7213976416279995,0.8776382967582439,33.655276643036274,0.0027833111779069775,0.000782871498901154,15.9375,61.53526437520895,3.0799000000456545,61.75098078148267,61.75098078148267,347.06640625,134.0,1144.109375,0.0,0.0,4250.0,0.0,0,32,"[0.5577658253212012, 0.9548443660320465, 0.0870827179759515, 0.34029520587301054, 0.09515175187140489]"
101,21.118690443338032,4.251877773347322,19.406448644537445,1.7122417988005845,0.8776259335812834,33.34750710859849,0.0028109426781502966,0.0008150247964755903,15.96875,59.287334093596655,3.203469781453805,59.18639359373401,59.18639359373401,347.06640625,134.0,1144.109375,0.0,0.0,4250.0,0.0,0,32,"[0.5581648274259922, 0.9548945860706279, 0.0864736279000118, 0.33965617471317294, 0.09539449396549989]"
102,21.08588707766438,4.252754989409623,19.382299071249854,1.703588006414524,0.8776135113578691,33.19209806061992,0.002829190565283496,0.0008556717130330373,16.0,53.55467356258714,4.462971905809354,57.21847974979255,57.21847974979255,347.06640625,134.0,1144.109375,0.0,0.0,4256.0,0.0,0,32,"[0.5585641234859906, 0.9549452558121839, 0.08586417732967269, 0.3390127337337045, 0.09562372952560003]"
103,21.052120829448548,4.254720858626369,19.35767653978904,1.6944442896595064,0.8776010835092939,33.03369666125501,0.0028452489246435786,0.0007993954760528689,15.1875,54.10895181245223,2.5934900626793933,53.859494219011594,53.859494219011594,347.06640625,134.0,1144.109375,0.0,0.0,4255.0,0.0,0,32,"[0.5589627403299305, 0.9549960498824678, 0.08525571939735749, 0.3383670145875103, 0.09585033557801761]"
104,21.019278330785625,4.256223418641185,19.333274859254395,1.6860034715312269,0.8775886455699696,32.96444692526202,0.002859218307021072,0.0008535142598557051,15.09375,53.95433831262153,3.046651500085318,54.60975653136302,54.60975653136302,347.06640625,134.0,1144.109375,0.0,0.0,4255.0,0.0,0,32,"[0.5593605090167847, 0.9550470163667701, 0.08464800146695922, 0.3377192189610647, 0.09607443875217318]"
105,20.986339895097583,4.257741768579007,19.308971303960348,1.677368591137232,0.8775762181873461,32.99135090437096,0.0028663108386995095,0.0008889314546329803,14.96875,55.26513912519704,3.1356524685293152,54.57575434354567,54.57575434354567,347.06640625,134.0,1144.109375,0.0,0.0,4255.0,0.0,0,32,"[0.5597583453339079, 0.955097943773659, 0.08403961979362488, 0.33706877458137185, 0.09628874347093185]"
106,20.953735579938147,4.2589254121108855,19.28497153338293,1.668764046555216,0.8775638052508277,32.82772806058262,0.0028700768732945747,0.0009122277680425677,15.28125,59.422365624982376,3.250982437464245,56.722012249906584,56.722012249906584,347.06640625,134.0,1144.109375,0.0,0.0,4255.0,0.0,0,32,"[0.5601546120012639, 0.9551489503292875, 0.08342828989620156, 0.33641860472223506, 0.09649832870517293]"
107,20.921139550891183,4.26018177724999,19.26083840311326,1.6603011477779228,0.8775513860383237,32.84922640777468,0.0028717833885044675,0.0009636369843501109,15.25,57.607656343918734,4.860053499839978,59.33611003115402,59.33611003115402,347.06640625,134.0,1144.109375,0.0,0.0,4255.0,0.0,0,32,"[0.5605502101062967, 0.9552000829035601, 0.08281826921314132, 0.3357660375561979, 0.09670549641306118]"
108,20.88893319182248,4.260605640550195,19.237555202094885,1.6513779897275933,0.8775389814371789,32.665384791191066,0.0028707099954614623,0.0010351780310250912,15.5625,56.698173406175556,4.081470312769397,58.808501437738414,58.808501437738414,347.06640625,134.0,1144.109375,0.0,0.0,4255.0,0.0,0,32,"[0.560944137811604, 0.9552512997981232, 0.08220548154283873, 0.335113839326953, 0.09690878569855738]"
109,20.855929464261095,4.2610468553075656,19.213738572987367,1.642190891273727,0.8775265651866339,33.06646193055132,0.0019970154325043843,0.0010656658824386223,14.65625,56.10562209375303,4.275067812386624,58.28995596880304,58.28995596880304,347.06640625,134.0,1144.109375,0.0,0.0,4255.0,0.0,0,32,"[0.5613376412536851, 0.9553026626526256, 0.0815940731792652, 0.33445874715961155, 0.09710765993894035]"
110,20.824134855910074,4.260952322750957,19.190542682100823,1.6335921738092498,0.8775141985970561,33.057088435647486,0.0019663028000695137,0.0008888587549838447,15.125,57.9314254062524,2.342969968765374,56.55014146884696,56.55014146884696,347.06640625,134.0,1144.109375,0.0,0.0,4255.0,0.0,0,32,"[0.5617263433935029, 0.9553541629808515, 0.08097208702924966, 0.33381102958737335, 0.09730729344939484]"
111,20.792990235013853,4.260548444867147,19.167195408421897,1.6257948265919557,0.877501864504265,33.07418943517202,0.0025830286051266305,0.0005398694066750395,14.90625,52.28348487509038,4.08800028077394,55.16296331211379,55.16296331211379,347.06640625,134.0,1144.109375,0.0,0.0,4255.0,0.0,0,32,"[0.5621159722788179, 0.9554054028200382, 0.08034908430723256, 0.3331598696055438, 0.09749011056301207]"
112,20.759962967445816,4.261651452159814,19.142520812887366,1.617442154558454,0.8774895457581594,33.18298157831184,0.002532067290557216,0.0005580897613132953,14.6875,56.89196221896964,3.18728565616766,56.13306012509156,56.13306012509156,347.06640625,134.0,1144.109375,0.0,0.0,4260.0,4.0,0,32,"[0.5625038894216771, 0.9554567152736201, 0.07972435313264183, 0.3325088714342542, 0.09767121733498817]"
113,20.726890159813106,4.262838399227439,19.11759528389463,1.6092948759184758,0.8774772596422781,33.0349299296164,0.002467943222109331,0.000527887776881619,14.84375,57.05823765629248,5.113399499862226,58.70995034365478,58.70995034365478,347.06640625,134.0,1144.109375,0.0,0.0,4250.0,0.0,0,32,"[0.5628916406467747, 0.9555078839271336, 0.07909541840466373, 0.331856667747509, 0.09783277913515116]"
114,20.693909361281538,4.264013166014208,19.09263038209513,1.6012789791864064,0.8774649696291357,32.8875220299559,0.002402085691091349,0.0005041599813252709,15.03125,54.62463449981669,5.353628750071948,57.98062165615647,57.98062165615647,347.06640625,134.0,1144.109375,0.0,0.0,4250.0,0.0,0,32,"[0.5632785042217557, 0.9555591805152852, 0.07846745162336316, 0.3312024462878046, 0.09799201869569465]"
115,20.661142030546515,4.265118799867617,19.0678895609773,1.593252469569217,0.8774526760205977,32.73816901154622,0.0023344318735567804,0.0004616191070331177,14.78125,56.27474453126524,3.323703781234144,56.37769940625503,56.37769940625503,347.06640625,134.0,1144.109375,0.0,0.0,4250.0,0.0,0,32,"[0.5636645443364506, 0.9556105958504792, 0.07784063998758481, 0.33054606165977696, 0.09814884945318536]"
116,20.628819065084528,4.266033849823248,19.043083563780055,1.5857355013044723,0.8774403780936488,32.74625787493609,0.0022648948498414645,0.0005325260971837244,15.78125,59.666477562586806,2.4604183750511766,56.70294256253783,56.70294256253783,347.06640625,134.0,1144.109375,0.0,0.0,4250.0,0.0,0,32,"[0.5640497848545184, 0.9556621332656317, 0.07721504500644294, 0.3298874535655062, 0.09830312173134764]"
117,20.59602198810493,4.267163802042201,19.018344634334454,1.5776773537704756,0.8774281101464971,32.59360512929961,0.002188865472069257,0.0005709397056916376,15.65625,56.840816156238816,3.0033198124783667,56.57803553145868,56.57803553145868,347.06640625,134.0,1144.109375,0.0,0.0,4250.0,0.0,0,32,"[0.5644346195269152, 0.9557135368570762, 0.07658829658465137, 0.329227238864117, 0.09844651946340519]"
118,20.56351069003839,4.268197234500463,18.993736090699972,1.5697745993384227,0.8774158356286396,32.44131642675657,0.002109627271212333,0.0005662262325694229,15.96875,60.24605406258843,4.300083405951227,61.67252678096702,61.67252678096702,347.06640625,134.0,1144.109375,0.0,0.0,4250.0,0.0,0,32,"[0.5648188127677011, 0.9557650696341643, 0.07596269826203544, 0.3285645136191025, 0.09858494603231699]"
119,20.531154285327936,4.269226675150213,18.96913323426135,1.562021051066583,0.8774035565122342,32.49049478376542,0.0020286416901836024,0.0005631961211965792,15.71875,60.57708178116172,4.82296187499287,60.794697187532165,60.794697187532165,347.06640625,134.0,1144.109375,0.0,0.0,4250.0,0.0,0,32,"[0.56520224796108, 0.9558167202076012, 0.07533867274559942, 0.32789939852609723, 0.09872104797438779]"
120,20.498831949189007,4.269973249987489,18.944678381534054,1.5541535676549532,0.877391299820356,32.34031178012132,0.0019457338994470774,0.0005651633114954841,15.65625,61.467820281222885,3.066776375135305,58.51759456260197,58.51759456260197,347.06640625,134.0,1144.109375,0.0,0.0,4250.0,0.0,0,32,"[0.5655837030373426, 0.9558684239574038, 0.07471178447888323, 0.3272352009888597, 0.09885398209202134]"
121,20.46655775783344,4.270659968100924,18.920268192326837,1.546289565506601,0.8773790381684818,32.7961279205757,0.0018609246072744945,0.0005883304957812598,15.78125,55.31304796869563,8.31490746872987,61.838213281191656,61.838213281191656,347.06640625,134.0,1144.109375,0.0,0.0,4255.0,0.0,0,32,"[0.5659644173209918, 0.9559202474320356, 0.07408648043638308, 0.32656858292606944, 0.09898431311095911]"
122,20.434133097507925,4.271170183953923,18.89586391543255,1.5382691820753727,0.8773669000495739,32.63292233684349,0.0018115059597788863,0.000565337889341393,16.125,57.39241371884418,4.4058719374220345,59.02332715589864,59.02332715589864,347.06640625,134.0,1144.109375,0.0,0.0,4256.0,0.0,0,32,"[0.5663373769914691, 0.9559717811787031, 0.07346043183064271, 0.32591340865091356, 0.09917681030464355]"
123,20.401762323520053,4.271528053819641,18.87145247914309,1.530309844376962,0.8773547537613665,32.678435619064565,0.0017601819249171424,0.0005921536101037978,16.1875,60.89854631250091,2.970646906192087,61.08650925006032,61.08650925006032,347.06640625,134.0,1144.109375,0.0,0.0,4256.0,0.0,0,32,"[0.5667096560616186, 0.9560234533662818, 0.0728358813059533, 0.3252557220904849, 0.09936687163501151]"
124,20.369611962403606,4.271729597251151,18.84685179103124,1.5227601713723653,0.877342628552226,32.52758013207668,0.002320688428262746,0.000678445891168196,16.6875,59.019251937399986,3.1519262187771346,59.35560278118146,59.35560278118146,347.06640625,134.0,1144.109375,0.0,0.0,4255.0,0.0,0,32,"[0.5670800379054701, 0.9560751835674437, 0.07220826700349653, 0.3245988924057394, 0.0995534629762408]"
125,20.33738117942785,4.271899143291442,18.822482192345404,1.514898987082442,0.8773304993894135,32.3615628357003,0.0022659154599403153,0.0006583136489156496,16.59375,66.51454521880851,2.8507929999932458,61.77681537491253,61.77681537491253,347.06640625,134.0,1144.109375,0.0,0.0,4256.0,0.0,0,32,"[0.5674496219443558, 0.956127028148064, 0.0715823893196317, 0.323939763184861, 0.09973932736951041]"
126,20.30533398217733,4.271873606761663,18.79819854656099,1.5071354356163438,0.8773183614432014,32.63179473594129,0.0022079688901942007,0.0006376358594769216,16.75,57.26322143732432,5.049296656352453,61.307840156189286,61.307840156189286,347.06640625,134.0,1144.109375,0.0,0.0,4256.0,0.0,0,32,"[0.5678185513289081, 0.9561790115727046, 0.0709582153379264, 0.3232780062313597, 0.09992283052433702]"
127,20.273038011495544,4.271631056347322,18.773693652082457,1.4993443594130884,0.8773062815024303,32.46776051443586,0.0021482347413267766,0.0006367682675692777,16.5,58.06423328112942,4.7113295311191905,59.752593718656044,59.752593718656044,347.06640625,134.0,1144.109375,0.0,0.0,4256.0,0.0,0,32,"[0.5681843984329851, 0.9562309145499345, 0.0703263652793269, 0.3226205951934468, 0.10010182272548358]"
128,20.240811717468432,4.271328481766156,18.74936427159649,1.4914474458719407,0.8772941930591178,32.72197126443326,0.002087021575130771,0.0006024077644199452,16.75,59.81736862509024,4.498260969000967,61.55878265650472,61.55878265650472,347.06640625,134.0,1144.109375,0.0,0.0,4256.0,0.0,0,32,"[0.5685495444243636, 0.9562829583319895, 0.06969614375698004, 0.3219606387864875, 0.10027856610842559]"
129,20.20837939550772,4.271147359732862,18.724601195526734,1.4837781999809834,0.8772821721179859,32.94275080680611,0.002018173129203771,0.0006204640272381308,16.53125,61.265149843563904,7.230035968973425,66.24126140621911,66.24126140621911,347.06640625,134.0,1144.109375,0.0,0.0,4256.0,0.0,0,32,"[0.5689137916545206, 0.9563346701877526, 0.06906003906038943, 0.32130152186636085, 0.10043852091415077]"
130,20.175800407704546,4.271162611459118,18.69967472272402,1.4761256849805289,0.8772701983207535,32.788207916677386,0.0019509827297323479,0.0006066021403361379,15.9375,55.33431700018809,5.851650562476607,59.386704937537615,59.386704937537615,347.06640625,134.0,1144.109375,0.0,0.0,4256.0,0.0,0,32,"[0.5692740162133139, 0.9563864497303509, 0.06841680362014914, 0.3206478333493535, 0.10060129879152388]"
131,20.143398461647728,4.271055505030924,18.674930914419605,1.468467547228122,0.8772582188389236,32.624340130228006,0.0018823565629746408,0.0006062438171020871,15.34375,59.295973218638665,2.9196776564504034,58.01108303131741,58.01108303131741,347.06640625,134.0,1144.109375,0.0,0.0,4256.0,0.0,0,32,"[0.5696335101207629, 0.9564383528683313, 0.06777507019164114, 0.319991725142031, 0.10076183047622896]"
132,20.110922769124354,4.271103895086071,18.649975296120452,1.4609474730039045,0.8772462314993592,32.76561813531627,0.001812308953881181,0.0005793554033284374,14.65625,56.000529499954155,4.223557499869912,56.55044315608393,56.55044315608393,347.06640625,134.0,1144.109375,0.0,0.0,4256.0,0.0,0,32,"[0.5699922566212663, 0.9564903962254732, 0.06713490271975235, 0.31933315569024134, 0.10092014763404494]"
133,20.07852343935801,4.271551366260247,18.625223783917683,1.4532996554403288,0.8772343250820858,32.75535485921034,0.0017596107359844348,0.0005515568173323961,14.40625,52.760269187558606,1.825937281125789,51.09256740604451,51.09256740604451,347.06640625,134.0,1144.109375,0.0,0.0,4256.0,0.0,0,32,"[0.5703473469393633, 0.9565421175227051, 0.06650017696338029, 0.3186778511729024, 0.10111746711397415]"
134,20.04609525552261,4.272019197557911,18.600492790110835,1.445602465411775,0.8772224251817171,33.03645406785604,0.0017013636931669518,0.0005804966528693021,14.78125,52.26813968749866,3.2943927812993934,53.65867259371271,53.65867259371271,347.06640625,134.0,1144.109375,0.0,0.0,4256.0,0.0,0,32,"[0.5707018888980296, 0.9565938876824445, 0.06586351412962202, 0.31802077159651143, 0.10130328077468372]"
135,20.01317460360471,4.272847497852156,18.575064037897796,1.4381105657069135,0.8772105790994633,33.06425290922397,0.0016429344749542274,0.0005846517007402094,14.375,51.7148767502249,3.7103055623219916,53.898328562524966,53.898328562524966,347.06640625,134.0,1144.109375,0.0,0.0,4256.0,0.0,0,32,"[0.5710526464840051, 0.9566456673309851, 0.06521893851012545, 0.3173690656235719, 0.10148791441046877]"
136,19.980796867969197,4.273358051583782,18.54958454558407,1.431212322385126,0.8771987527001017,32.90719117551072,0.0015848557318811907,0.000569482431139263,15.53125,56.588361624960726,3.9830149063959652,58.58919353136116,58.58919353136116,347.06640625,134.0,1144.109375,0.0,0.0,4256.0,0.0,0,32,"[0.5714008817327619, 0.9566975631664575, 0.06457153501331317, 0.3167190774250065, 0.1016734490105434]"
137,19.94789049457647,4.274130295427096,18.524686045293947,1.4232044492825238,0.8771869213165943,32.720000569362824,0.001039871936213771,0.0005400770913566834,14.5625,58.67487303152075,4.420301624918466,60.70338668718023,60.70338668718023,347.06640625,134.0,1144.109375,0.0,0.0,4256.0,0.0,0,32,"[0.5717482882361786, 0.9567495834061737, 0.06392577395166307, 0.3160668200481674, 0.10185826129817385]"
138,19.915712572563844,4.274234043563764,18.50002353798505,1.4156890345787967,0.8771750735591084,32.789061242090185,0.0010770604778429782,0.0005360065995444602,14.03125,54.7553316563949,2.8704227186722164,54.895768031258285,54.895768031258285,347.06640625,134.0,1144.109375,0.0,0.0,4256.0,0.0,0,32,"[0.5720951652304236, 0.9568017899311383, 0.06328141211788603, 0.3154116077110314, 0.10203838750407136]"
139,19.883113683812848,4.275071096272031,18.474957260951044,1.4081564228618038,0.8771632503095909,32.802482904163824,0.001035388254995856,0.0005365042207772033,13.59375,51.82894571862562,3.4281054374787345,53.40145018737985,53.40145018737985,347.06640625,134.0,1144.109375,0.0,0.0,4256.0,0.0,0,32,"[0.5724397534800449, 0.9568540629557635, 0.06263377827287621, 0.31475793783806916, 0.10221674828759399]"
140,19.85060889517193,4.275993858098489,18.449904805929506,1.4007040892424265,0.8771514435506286,32.62168148039887,0.001023413956945357,0.0005278768192076271,13.3125,48.28523646887106,2.9435370623787094,50.23948015616497,50.23948015616497,347.06640625,134.0,1146.47265625,0.0,0.0,4256.0,0.0,0,32,"[0.5727818564878989, 0.9569064705566969, 0.061983603358596345, 0.3141058128326192, 0.10239626021892352]"
141,19.817912628385763,4.277564272058007,18.424665112358817,1.3932475160269473,0.8771396233837544,32.69511407017961,0.001002419127426185,0.0005035718760731848,13.4375,50.69374828156015,3.679052593668075,51.873402125011125,51.873402125011125,347.06640625,134.0,1146.47265625,0.0,0.0,4256.0,0.0,0,32,"[0.5731233012621039, 0.956959050089399, 0.06133514869339023, 0.31345094093573966, 0.10257317885773469]"
142,19.78541339346536,4.2787916174246945,18.399570632875555,1.385842760589803,0.8771278311854099,32.51140517387004,0.0009987806634639551,0.000494467893018387,13.21875,47.537221875018076,6.78671596881486,53.78537143764106,53.78537143764106,347.06640625,134.0,1153.671875,0.1893310546875,0.1893310546875,4256.0,0.0,0,32,"[0.5734623552648218, 0.9570116792764101, 0.06068337517722527, 0.3127978457766356, 0.1027490496873123]"
143,19.753582686932198,4.279710202997826,18.374656380336035,1.378926306596161,0.8771160239005394,32.34037853991714,0.0016620582351752344,0.0005286495439248862,14.03125,52.1922528749883,5.69398962500145,55.714139531119145,55.714139531119145,347.06640625,134.0,1153.671875,0.0,0.0,4256.0,0.0,0,32,"[0.5738007883640466, 0.9570644881548536, 0.06003350301370129, 0.31214187105470054, 0.10292236326140733]"
144,19.721580522853124,4.280745437380669,18.35000023315102,1.3715802897021026,0.8771042060147772,32.14250722114689,0.0016979670877927677,0.0005341201973496355,13.625,48.878558437252195,2.6495343751662404,49.81791296876281,49.81791296876281,347.06640625,134.0,1153.671875,0.0,0.0,4256.0,0.0,0,32,"[0.5741384480603295, 0.9571174518018432, 0.05938596240301251, 0.31148327324071434, 0.10309591687999545]"
145,19.689618760367996,4.2820677132354605,18.325357506459497,1.3642612539084966,0.8770923692053831,31.946317565640506,0.0017313137379431631,0.0005274062622335451,13.46875,51.63810834346805,4.07873050011176,51.38753071867086,51.38753071867086,347.06640625,134.0,1153.671875,0.0,0.0,4256.0,0.0,0,32,"[0.5744755127660367, 0.9571706187516018, 0.058740643207843175, 0.3108216117117996, 0.10326717054308096]"
146,19.65823802982303,4.282524268187776,18.301208825020023,1.357029204803006,0.8770805133862879,32.087215615965874,0.0017629612357127067,0.0005456883715129302,13.1875,45.96177099995202,2.370574656254121,46.86183612500372,46.86183612500372,347.06640625,134.0,1153.671875,0.0,0.0,4256.0,0.0,0,32,"[0.5748120294367896, 0.9572239833791202, 0.0580978346498195, 0.31015675230351497, 0.10343648643655277]"
147,19.626551330029496,4.28375455701112,18.276759340299336,1.3497919897301633,0.8770687033683647,31.883814455774008,0.0017888292487410473,0.0005210249890743245,13.75,48.09627606243794,3.7893511563993343,50.346509812641216,50.346509812641216,347.06640625,134.0,1153.671875,0.0,0.0,4256.0,0.0,0,32,"[0.575147009135398, 0.957277205203954, 0.05745107447691978, 0.30949279615232883, 0.10359717105602347]"
148,19.594924388077665,4.2850432283801805,18.25234799691674,1.3425763911609252,0.877056872386992,31.67789846294517,0.001812869235883946,0.0005175699200136575,13.65625,49.109520374940985,2.6492322814988256,50.23682640660354,50.23682640660354,347.06640625,134.0,1153.671875,0.0,0.0,4256.0,0.0,0,32,"[0.5754815189893817, 0.957330631237491, 0.0568070679121991, 0.3088254356406043, 0.10375570909094141]"
149,19.563173227972634,4.286773181675167,18.227826350271854,1.3353468777007809,0.8770450189963284,31.729610979836405,0.0018351736310590339,0.0005072710225532719,13.96875,50.919662874775895,5.3227149375061344,54.2887591563499,54.2887591563499,347.06640625,134.0,1153.671875,0.0,0.0,4256.0,0.0,0,32,"[0.575815556849255, 0.9573842705170118, 0.056165971480791055, 0.3081545950279858, 0.10391226506802738]"
150,19.53151080753306,4.288391702186411,18.203394775761232,1.3281160317718284,0.8770331910804074,31.7856502691467,0.0018571731490364118,0.0005047302002323075,14.1875,53.97717196871099,4.076966656214154,53.96893796870472,53.96893796870472,347.06640625,134.0,1153.671875,0.0,0.0,4256.0,0.0,0,32,"[0.5761472090962444, 0.9574379732166769, 0.055521905241026084, 0.3074853868555698, 0.1040686680983122]"
151,19.50002579305424,4.289817665418362,18.179049762668786,1.3209760303854576,0.8770213893720543,31.841587940120938,0.0018786730497488413,0.0004750498134323034,14.59375,49.8754130311454,3.5135454688202117,52.131575999908364,52.131575999908364,347.06640625,134.0,1153.671875,0.0,0.0,4256.0,0.0,0,32,"[0.5764765300383202, 0.9574917295571929, 0.054874930989459496, 0.30681773421919634, 0.10422462401489757]"
152,19.46826878364378,4.291026497688712,18.154424412132784,1.3138443715109962,0.8770096138531486,31.91640865426249,0.0018999339527216164,0.0004846394086963866,14.3125,52.93747925009029,3.9933170935455564,54.396918562417795,54.396918562417795,347.06640625,134.0,1153.671875,0.0,0.0,4259.0,3.0,0,32,"[0.5768034761143853, 0.9575455431260289, 0.054225079280756844, 0.3061517060925942, 0.10438053955108878]"
153,19.43666231174257,4.291995697652818,18.129922728526957,1.3067395832156132,0.8769978751481113,31.70074688476392,0.0019188959489492008,0.00047689116143745445,14.21875,48.77959124996778,5.652304249849749,52.78579756236468,52.78579756236468,347.06640625,134.0,1153.671875,0.0,0.0,4259.0,3.0,0,32,"[0.5771283605246111, 0.9575993145577268, 0.053572000140463455, 0.3054870735877948, 0.10453321575487678]"
154,19.405219386791615,4.293072002843442,18.105609560930255,1.299609825861356,0.8769861100991607,31.472512152819753,0.001936075191625225,0.00046784004578196445,14.1875,53.072688343888785,3.253703812333697,53.33288893757526,53.33288893757526,347.06640625,134.0,1153.671875,0.0,0.0,4259.0,3.0,0,32,"[0.5774527748513069, 0.9576533270936876, 0.05292189714186213, 0.30481885727911395, 0.10468385123083175]"
155,19.373801650768172,4.294567730277674,18.08133869010087,1.2924629606673044,0.8769743152484616,31.61851253891279,0.0019514755464190847,0.0005185316565105753,13.65625,48.41233546881085,3.507555093733572,51.193956093868564,51.193956093868564,347.06640625,134.0,1153.671875,0.0,0.0,4257.0,1.0,0,32,"[0.5777767636542189, 0.957707600078693, 0.05227505392342199, 0.3041468503590216, 0.10483246566079149]"
156,19.342520471304887,4.295542810672904,18.056923759504485,1.2855967118004026,0.8769625626688312,31.98922472007292,0.001947957434678682,0.0004977330966216774,14.28125,53.7771290001956,4.352217374844258,55.72108343750415,55.72108343750415,347.06640625,134.0,1153.671875,0.0,0.0,4257.0,1.0,0,32,"[0.5781017096913156, 0.95776154799043, 0.05162653126584065, 0.3034711276179466, 0.10495211864066295]"
157,19.311276213324966,4.295783545618581,18.03243035662578,1.278845856699189,0.8769509096507432,32.08546427845236,0.0019437765231207493,0.0005418888732286296,13.65625,47.03107103131288,4.7659964688477885,50.91866559382652,50.91866559382652,347.06640625,134.0,1153.671875,0.0,0.0,4257.0,1.0,0,32,"[0.5784226502891117, 0.9578152000010997, 0.050968682053431066, 0.30280231616661835, 0.10507062708231028]"
158,19.278942862983122,4.297415007735777,18.00686424744518,1.2720786155379398,0.8769393018634742,31.869879689781047,0.0019372287674949973,0.0005510711909911765,14.125,53.399599906242656,3.0644799687706836,55.339773468688236,55.339773468688236,347.06640625,134.0,1153.671875,0.0,0.0,4257.0,1.0,0,32,"[0.5787415828395236, 0.9578687439360571, 0.05030777551874528, 0.3021349593174164, 0.10518574642712199]"
159,19.247462147731135,4.297649871918002,17.98221825005179,1.2652438976793468,0.8769276695103784,31.643688764617547,0.0019290814770691611,0.0005123462989672881,13.71875,51.119910562420046,2.291398500176456,50.92120003121181,50.92120003121181,347.06640625,134.0,1153.671875,0.0,0.0,4257.0,1.0,0,32,"[0.5790600531682404, 0.9579225130327721, 0.04965003536411086, 0.3014639759037411, 0.10529908080637018]"
160,19.215931745172412,4.298291796929465,17.957420532956853,1.2585112122155584,0.8769160068813104,31.64414947344994,0.0019188831986954868,0.0005517481929078699,13.34375,52.50257243756096,2.5372682813440406,51.46421318772809,51.46421318772809,347.06640625,134.0,1153.671875,0.0,0.0,4257.0,1.0,0,32,"[0.5793781815234945, 0.9579765371410859, 0.04899584348222359, 0.3007889809703382, 0.1054099436353861]"
161,19.18413774051837,4.299717538335092,17.93236484696051,1.2517728935578587,0.8769043627788852,31.72417635113264,0.0018977107196817,0.0005484465658666922,14.28125,51.985471812599826,4.185379968703273,54.24012534376743,54.24012534376743,347.06640625,134.0,1153.671875,0.0,0.0,4257.0,1.0,0,32,"[0.5796967356275523, 0.9580304233452789, 0.048343335891082445, 0.30011003723033, 0.10550422407446279]"
162,19.152788441367477,4.300164633948783,17.907411585101805,1.2453768562656728,0.8768927536985631,31.490773126808772,0.001876947701081294,0.0005428020543611737,15.15625,52.9676786874802,4.361937343844602,54.77505587509768,54.77505587509768,347.06640625,134.0,1153.671875,0.0,0.0,4257.0,1.0,0,32,"[0.5800128536679602, 0.9580843063415551, 0.047687803957731555, 0.29943300131110173, 0.1055994409620041]"
163,19.12168821386536,4.300522583221532,17.88277934000831,1.2389088738570535,0.8768811116986516,31.913244874738975,0.0018403834769759042,0.000532029870721464,14.21875,49.42270578141006,5.565873937143806,53.743053749713,53.743053749713,347.06640625,134.0,1153.671875,0.0,0.0,4257.0,1.0,0,32,"[0.580328757273117, 0.958138448322952, 0.04703646054098357, 0.29875157793700075, 0.10569264770418121]"
164,19.08988938148562,4.301570418372507,17.85748193176688,1.2324074497187418,0.8768695884165356,31.68261235809249,0.001794583358885854,0.0005657570973241866,14.3125,52.96407187518071,3.8691771560479538,54.23688940607008,54.23688940607008,347.06640625,134.0,1153.671875,0.0,0.0,4257.0,1.0,0,32,"[0.5806404701511039, 0.958192173333734, 0.046375135936117785, 0.29807789219440817, 0.10578616771348531]"
165,19.058312771219498,4.302540176950705,17.83240067772758,1.2259120934919134,0.8768580336268396,31.43655370680038,0.0017466878844105416,0.0006649782847494055,14.8125,53.3871920938509,2.2870179377036948,53.14689871880773,53.14689871880773,347.06640625,134.0,1153.671875,0.0,0.0,4257.0,1.0,0,32,"[0.580951883162379, 0.9582461558138267, 0.0457176924589353, 0.2974000322532286, 0.10587771989918184]"
166,19.02732232204247,4.3025341627496605,17.807913236313386,1.2194090857290838,0.8768464422675748,31.868449959633303,0.0016964568389853385,0.0005119255336991609,13.75,51.1613431559681,3.6406840940230722,51.63396931243369,51.63396931243369,347.06640625,134.0,1153.671875,0.0,0.0,4257.0,1.0,0,32,"[0.5812631290270632, 0.9583004181561143, 0.045064667136206354, 0.2967175793137665, 0.10596714877159313]"
167,18.99531106844404,4.303400248788523,17.78248737635495,1.2128236920890927,0.8768349739011284,31.897245869141976,0.001646622011455351,0.0007899072650074269,14.25,52.4342971251599,6.029495562529519,56.083434781442065,56.083434781442065,347.06640625,134.0,1153.671875,0.0,0.0,4257.0,1.0,0,32,"[0.5815700869606952, 0.9583542424778508, 0.044401379644339586, 0.29604316178575424, 0.10605709581386205]"
168,18.963564297977154,4.303584697521254,17.75711935635598,1.2064449416211742,0.8768235080581035,32.36249219181222,0.0015782336591447788,0.0005418667119025505,13.625,50.55220787488679,1.8509947813640792,50.11841581273302,50.11841581273302,347.06640625,134.0,1153.671875,0.0,0.0,4257.0,1.0,0,32,"[0.5818747041153209, 0.9584083360669359, 0.04373299229831841, 0.29536988169134964, 0.10612216917926587]"
169,18.931260094453012,4.304527650409975,17.731108393270432,1.200151701182581,0.8768121655783517,32.27725287826526,0.0015145603768219884,0.0009408543892529926,13.21875,49.31884740648229,3.4748162186133413,51.53216393750881,51.53216393750881,347.06640625,134.0,1153.671875,0.0,0.0,4257.0,1.0,0,32,"[0.5821743266236244, 0.95846204820258, 0.04305370714982145, 0.29470594756242263, 0.10619361509223399]"
170,18.899164038429443,4.305427457462192,17.70522002497743,1.1939440134520112,0.8768008139699441,32.04032389802629,0.0014440620824230643,0.0010211352447694773,12.78125,49.12515531248118,2.2224644058610465,48.22017362477027,48.22017362477027,347.06640625,134.0,1153.671875,0.0,0.0,4257.0,1.0,0,32,"[0.5824740901711437, 0.9585158266278753, 0.04237799973980525, 0.29403762262789485, 0.10625694734696257]"
171,18.866931052398023,4.30719540350087,17.67907961963235,1.1878514327656737,0.876789427134451,31.787773727156285,0.0013712882895999534,0.0005698831597648734,12.46875,46.171666374903,1.8061694688071839,45.83630125017635,45.83630125017635,347.06640625,134.0,1153.671875,0.0,0.0,4257.0,1.0,0,32,"[0.5827736216065094, 0.9585698813228583, 0.04170644224387791, 0.29336487423693436, 0.1063184220677994]"
172,18.835762349098417,4.307229758999423,17.653847603692963,1.1819147454054548,0.8767780017751056,31.524940077979632,0.0016774504806260915,0.0010696479885844423,13.46875,49.50440974999992,4.786364874917126,51.773025718603094,51.773025718603094,347.06640625,134.0,1153.671875,0.0,0.0,4257.0,1.0,0,32,"[0.5830729145455948, 0.9586242343471245, 0.04103926854818394, 0.29268760632122787, 0.10637889450363032]"
173,18.804438212265254,4.308220731806923,17.62882396388219,1.1756142483830618,0.8767665305706,31.248783957315283,0.0015501010221659617,0.0010099231907390092,13.28125,47.633158531368736,3.43927721860382,50.15221843740392,50.15221843740392,347.06640625,134.0,1153.671875,0.0,0.0,4257.0,1.0,0,32,"[0.5833722150149188, 0.9586789140330169, 0.040377299766791275, 0.2920051195939383, 0.10643753374431741]"
174,18.773424125555927,4.309176847395059,17.603996545568137,1.1694275799877905,0.8767550092155828,30.953065567185412,0.0014195405029524821,0.0009268480896455059,13.15625,48.71401956245336,3.378575500050829,47.89516046866993,47.89516046866993,347.06640625,134.0,1153.671875,0.0,0.0,4257.0,1.0,0,32,"[0.5836715505126997, 0.9587339484778387, 0.039720802337502484, 0.29131722859049847, 0.10649398338891466]"
175,18.742266568776913,4.310294760651529,17.578996726610956,1.1632698421659549,0.876743430472986,31.32050978823391,0.0010588711877227708,0.0007952452656101976,11.6875,45.79607443753275,1.847940062532416,44.71446099995546,44.71446099995546,347.06640625,134.0,1153.671875,0.0,0.0,4257.0,1.0,0,32,"[0.583971041508701, 0.9587893755249896, 0.03907045653448028, 0.2906234638963471, 0.10654851660263473]"
176,18.7109284564672,4.311382177836271,17.55366173028129,1.157266726185909,0.876731963295737,31.825769687666494,0.000998865965672474,0.0006042410654873302,10.53125,39.375354093635906,5.220940718857037,43.58453309379229,43.58453309379229,347.06640625,134.0,1153.671875,0.0,0.0,4257.0,1.0,0,32,"[0.5842692254902236, 0.9588441769234195, 0.038416338549849764, 0.2899314601382043, 0.10658517149033972]"
177,18.679416346904155,4.312217125857001,17.52824502886319,1.1511713180409644,0.8767206458844835,32.41639397403194,0.0009774354252768402,0.0007451821697926041,9.34375,35.666857437547606,4.39215396892223,38.89068396898665,38.89068396898665,347.06640625,134.0,1153.671875,0.0,0.0,4257.0,1.0,0,32,"[0.5845628420977101, 0.9588983736210542, 0.03775061697051202, 0.2892487575127159, 0.10662496985373421]"
178,18.64732315099052,4.312578099579366,17.50190160654953,1.1454215444409912,0.8767095184376299,32.14638603837853,0.0019251712219402195,0.0011047086725583036,10.375,39.02509318737657,3.502484500131686,41.484370625141764,41.484370625141764,347.06640625,134.0,1153.671875,0.0,0.0,4257.0,1.0,0,32,"[0.5848517457169237, 0.9589516476316887, 0.03707444000451333, 0.2885765539367026, 0.1066929672187125]"
179,18.615446241878505,4.312893449390365,17.476261489574302,1.139184752304204,0.8766983445963485,32.21172969721388,0.0009933631283448874,0.0015353145656632056,9.0,35.23063971880447,2.490041156306688,36.58755421878368,36.58755421878368,347.06640625,134.0,1153.671875,0.0,0.0,4257.0,1.0,0,32,"[0.5851406862230211, 0.9590052497375815, 0.036403396776291654, 0.28789907236990314, 0.1067589968384661]"
180,18.58333073165982,4.312825768229606,17.450233556392483,1.1330971752673373,0.8766871923026476,32.35313361213643,0.0009587764249336939,0.0020707787062399256,8.8125,36.657671781313184,1.9957070310852032,36.29696515611158,36.29696515611158,347.06640625,134.0,1153.671875,0.0,0.0,4257.0,1.0,0,32,"[0.5854267221207515, 0.9590589838268035, 0.03572913657319561, 0.2872239926656147, 0.10682925838017764]"
181,18.551344965272833,4.3124500757815705,17.424294229178464,1.1270507360943678,0.8766760991151704,32.500640318006745,0.0009818144264593653,0.0027621468869360242,8.71875,36.869271312639285,2.9522851560841445,37.645371500047986,37.645371500047986,347.06640625,134.0,1153.671875,0.0,0.0,4257.0,1.0,0,32,"[0.5857105926658565, 0.9591125246707369, 0.0350515694797004, 0.2865509172387971, 0.10689576548716212]"
182,18.51918538540521,4.311887369048689,17.39851369874613,1.120671686659077,0.8766650680959509,32.14950351426779,0.0009547482486568226,0.003598487242186231,8.96875,34.03477053109327,3.4119139692165845,36.51632675041583,36.51632675041583,347.06640625,134.0,1153.671875,0.0,0.0,4257.0,1.0,0,32,"[0.5859923607982064, 0.9591658436004417, 0.03437083496576041, 0.28587978548733783, 0.10695858670206011]"
183,18.48743621069766,4.311265840538247,17.372656932574447,1.114779278123207,0.8766539460043035,31.833713868969156,0.0009986272253065809,0.0046560398386991594,8.84375,34.59324403144137,4.163891499956662,38.48580600015339,38.48580600015339,347.06640625,134.0,1153.671875,0.0,0.0,4257.0,1.0,0,32,"[0.5862742843980959, 0.9592198455417257, 0.0336947207814548, 0.2852020217985572, 0.10699188634341085]"
184,18.455715616011883,4.310691003791187,17.346622621798147,1.1090929942137346,0.8766427593728198,31.942175899512335,0.000979055438628501,0.005868583583452097,8.40625,34.26115859377887,4.8472713750129515,36.66689812502,36.66689812502,347.06640625,134.0,1153.671875,0.0,0.0,4257.0,1.0,0,32,"[0.586556502112175, 0.959274277720886, 0.03302505114542776, 0.28451793016937504, 0.10702273308064802]"
185,18.424986828075497,4.308784905836119,17.321611165278572,1.1033756627969262,0.8766316190135752,31.60736415298145,0.0009623219066094979,0.006876687397080988,8.96875,35.12978725001403,4.820846874906692,39.52196684372211,39.52196684372211,347.06640625,134.0,1153.671875,0.0,0.0,4257.0,1.0,0,32,"[0.5868363744597636, 0.9593286149406599, 0.03235246588274417, 0.28383578275506005, 0.10705471596930326]"
186,18.3934139232231,4.308207041203997,17.295934333656714,1.0974795895663885,0.8766204059103236,31.714505242779698,0.00098766465429162,0.0072953848653915365,9.375,37.97876334380135,4.086581187550564,39.39433496884703,39.39433496884703,347.06640625,134.0,1153.671875,0.0,0.0,4257.0,1.0,0,32,"[0.5871166888478287, 0.9593834197473418, 0.03168716707834912, 0.2831467714549701, 0.10708729212971317]"
187,18.36182967023835,4.308006356125359,17.270173947871207,1.091655722367142,0.8766092450115048,31.339283437249847,0.0010170154034147838,0.003854292489456293,9.78125,39.476083343572554,4.323516468843991,42.51080931248907,42.51080931248907,347.06640625,134.0,1153.671875,0.0,0.0,4257.0,1.0,0,32,"[0.5873951012940152, 0.9594380512564212, 0.03101962546242607, 0.2824589995165366, 0.10711661549477319]"
188,18.330268136265666,4.307903129139943,17.24445236644985,1.085815769815817,0.8765979971291967,31.406010508453647,0.00104152509054109,0.0022624146418448983,9.59375,36.754918468830056,2.5036484373117673,38.100074999988465,38.100074999988465,347.06640625,134.0,1153.671875,0.0,0.0,4257.0,1.0,0,32,"[0.587674176360664, 0.9594932354631699, 0.0303602977244153, 0.28176354958299193, 0.1071432262881252]"
189,18.29826717048656,4.309465814939989,17.218267747847584,1.0799994226389797,0.876586779286752,31.00461148140405,0.0010239672754367712,0.0032655297876495984,9.4375,34.461762125090445,2.9553714999792646,35.346242343678114,35.346242343678114,347.06640625,134.0,1153.671875,0.0,0.0,4257.0,1.0,0,32,"[0.587950890625657, 0.9595484404467861, 0.029698419897077333, 0.281069681299111, 0.10717231531759935]"
190,18.26772298787749,4.3083820079960296,17.193750663712954,1.0739723241645376,0.8765754636296359,31.465005860730034,0.0011602588652546153,0.0005614999508618865,9.5,37.52652800011447,2.275791718943765,36.72742106272153,36.72742106272153,347.06640625,134.0,1153.671875,0.0,0.0,4257.0,1.0,0,32,"[0.5882283314397613, 0.9596042662130928, 0.02904544231560594, 0.2803677054407563, 0.10719988796470449]"
191,18.236011511933658,4.31002713835196,17.16803443315185,1.067977078781807,0.8765643035189455,31.012382595319437,0.001214756629715319,0.003119216107061956,9.375,36.120284749983966,1.8569655624105508,36.620079687565976,36.620079687565976,347.06640625,134.0,1153.671875,0.0,0.0,4257.0,1.0,0,32,"[0.5885012026309522, 0.9596594483059411, 0.028380603175267097, 0.2796751597161409, 0.10722930881509009]"
192,18.20506343681531,4.310868299524774,17.14320629970579,1.0618571371095247,0.8765530207302026,30.556407901267136,0.001157147474115633,0.0026492923373448007,9.3125,35.38078296878666,2.7969347501084485,36.740604843885194,36.740604843885194,347.06640625,134.0,1153.671875,0.0,0.0,4262.0,6.0,0,32,"[0.5887745819090129, 0.9597154439900545, 0.027724918699047665, 0.27897424607897436, 0.10725974225995766]"
193,18.174185360485836,4.312048603816293,17.118533377406287,1.0556519830795503,0.8765416151807913,30.587715223350504,0.0010376921567697428,0.0013194336817880454,9.34375,38.23934340624646,3.5423019687073065,38.05263765610789,38.05263765610789,347.06640625,134.0,1153.671875,0.0,0.0,4251.0,0.0,0,32,"[0.5890490265372487, 0.959772202799429, 0.027079974172804767, 0.27826379261422357, 0.10728732877992335]"
194,18.14390426829213,4.312848254450195,17.094408940828956,1.0494953274631713,0.8765302320810066,30.58432276507708,0.000977807478530518,0.0004518717472473408,8.71875,34.86507284367235,3.184249687308238,35.312747593593485,35.312747593593485,347.06640625,134.0,1153.671875,0.0,0.0,4252.0,0.0,0,32,"[0.5893213876768748, 0.9598290108414546, 0.02643329211561701, 0.27755415051122395, 0.10731566000906033]"
195,18.113437764269307,4.314671008600034,17.070013794212684,1.0434239700566217,0.8765188563613677,30.61925928716964,0.000986212786961288,0.00046409790098248384,8.28125,31.398663500056045,2.7245772502055843,33.13045084394162,33.13045084394162,347.06640625,134.0,1153.671875,0.0,0.0,4252.0,0.0,0,32,"[0.5895917755663539, 0.9598859634469965, 0.025785633286867803, 0.27684471630742663, 0.10734545836422836]"
196,18.083178387335003,4.316996285871454,17.045820117002208,1.0373582703327973,0.8765075002757737,30.079882871326312,0.0009907790899357505,0.00047826058835320686,8.125,31.76016834396478,1.7798701871925005,32.19530109367952,32.19530109367952,347.06640625,134.0,1153.671875,0.0,0.0,4252.0,0.0,0,32,"[0.5898601719327607, 0.9599429785648391, 0.025136508812367803, 0.2761358844342004, 0.10737558242339539]"
197,18.05292471408515,4.319685065020428,17.02153059869304,1.0313941153921136,0.8764959836892527,30.06478212623448,0.0009969645800995686,0.0004860197254725441,8.25,32.25426381243324,2.2054534374547075,33.080407781142185,33.080407781142185,347.06640625,134.0,1153.671875,0.0,0.0,4252.0,0.0,0,32,"[0.5901299736962144, 0.9600009878578809, 0.024500498156129362, 0.27541578287178514, 0.10740362017145595]"
198,18.02202019208189,4.323855982755056,16.99674369844311,1.0252764936387764,0.8764844701460585,30.600424535630538,0.0009748215571686591,0.001198727118115227,7.4375,27.483434250086702,3.7708606250816956,30.852108906458398,30.852108906458398,347.06640625,134.0,1153.671875,0.0,0.0,4252.0,0.0,0,32,"[0.5903978290436813, 0.9600591670747245, 0.023863785567271666, 0.2746956647210237, 0.10743354707732584]"
199,17.991936603637612,4.326474651321088,16.97259419720597,1.0193424064316434,0.8764731365989045,30.665780364291738,0.000999749124237559,0.0005057126381119046,7.25,27.929883656156562,2.7356272814813565,29.557874187617017,29.557874187617017,347.06640625,134.0,1153.671875,0.0,0.0,4252.0,0.0,0,32,"[0.5906601973289757, 0.9601166243862512, 0.02321152603809756, 0.2739875875325076, 0.10746588501060143]"
200,17.96141274038261,4.328896760575898,16.948223561431565,1.0131891789510468,0.8764618473688804,30.680028904274238,0.0009745529367216621,0.002310346972017263,7.53125,30.42284550002705,2.6068107185892586,31.21202924995714,31.21202924995714,347.06640625,134.0,1153.671875,0.0,0.0,4258.0,2.0,0,32,"[0.5909211599270687, 0.9601739215552019, 0.02255832515025038, 0.2732795551469819, 0.10749107028386058]"
201,17.93126819407541,4.331612058680781,16.92416600374527,1.0071021903301396,0.8764505689576709,30.048017388026114,0.0009587427168167018,0.0047708693058708665,7.375,30.60288175009873,3.3302570624869077,32.67439715608589,32.67439715608589,347.06640625,134.0,1153.671875,0.0,0.0,4258.0,2.0,0,32,"[0.5911798863522711, 0.9602313650114562, 0.021903417091788377, 0.2725723715692849, 0.10751841454528269]"
202,17.902077954096384,4.333136308084164,16.901213248650365,1.0008647054460162,0.8764390917603877,29.94765436683952,0.0009883011926388463,0.005624245684767836,7.0625,30.439390531057597,2.778060937430382,32.260706374927395,32.260706374927395,347.06640625,134.0,1153.671875,0.0,0.0,4257.0,1.0,0,32,"[0.5914402062429835, 0.9602900527564215, 0.021263190467224753, 0.2718525248894931, 0.10754524605442636]"
203,17.87277380970361,4.333641861465563,16.878131730024403,0.9946420796792059,0.8764276110081899,29.892580444112053,0.000744678084298539,0.005435829397964737,6.9375,30.165054343910924,2.6333588438092193,29.87073937532614,29.87073937532614,347.06640625,134.0,1153.671875,0.0,0.0,4257.0,1.0,0,32,"[0.5916988038211526, 0.9603489369693224, 0.02062300303959241, 0.2711321660258111, 0.10757529779401735]"
204,17.84488684115859,4.331376151728252,16.856147936637406,0.9887389045211858,0.8764161369108885,29.67178368002423,0.0024677769142844586,0.004319190670064933,6.875,30.12765065631129,2.148022062556265,30.355269937501816,30.355269937501816,347.06640625,134.0,1153.671875,0.0,0.0,4257.0,1.0,0,32,"[0.5919557511786083, 0.9604079417333659, 0.019982649694834032, 0.27041138800633685, 0.10760568091130716]"
205,17.812746385785314,4.338777990586852,16.829348422208085,0.9833979635772272,0.876404605265944,29.232227418398388,0.000977759799522443,0.0004890720002065933,6.625,28.46388728136162,1.8009408436228114,26.753911999946922,26.753911999946922,347.06640625,134.0,1153.671875,0.0,0.0,4257.0,1.0,0,32,"[0.5922101751400741, 0.9604675735433719, 0.019343050088468185, 0.26968995815799196, 0.10765219770957583]"
206,17.785527104228137,4.337295666808781,16.808019162590966,0.977507941637169,0.8763928833522558,28.264294429293628,0.003539195529309813,0.012100507229544553,6.65625,27.540088812315844,1.4505105000921503,27.418333937646366,27.418333937646366,347.06640625,134.0,1153.671875,0.0,0.0,4257.0,1.0,0,32,"[0.5924671556992238, 0.9605283160150562, 0.018720288978113755, 0.2689541661363354, 0.10768460210201591]"
207,17.755667319921898,4.341532608664054,16.78430067606414,0.9713666438577557,0.8763808273182474,29.13404272934937,0.0009958679801169712,0.0004987706222628961,6.59375,26.340724218698597,2.8090487811596176,28.529027156139364,28.529027156139364,347.06640625,134.0,1153.671875,0.0,0.0,4257.0,1.0,0,32,"[0.5927267225895324, 0.9605911170936742, 0.018122706176964924, 0.2681993776653655, 0.10772784807109928]"
208,17.727328061166364,4.342254024630903,16.76193782110855,0.9653902400578162,0.8763690948137353,28.271675741239243,0.0009875494391330952,0.000572410448344364,6.5,29.119927500062204,2.1908869373419293,30.185183781100022,30.185183781100022,347.06640625,134.0,1153.671875,0.0,0.0,4257.0,1.0,0,32,"[0.5929805747336273, 0.9606522482131057, 0.017501045673358365, 0.2674616085464655, 0.10776035992476204]"
209,17.69684680200887,4.346872053771255,16.736705630965332,0.9601411710435419,0.8763570280865776,29.849826446030598,0.0016088569725185853,0.01103267062648171,6.4375,26.39284849993828,3.4233857187473404,28.720116531133044,28.720116531133044,347.06640625,134.0,1153.671875,0.0,0.0,4257.0,1.0,0,32,"[0.5932370380629769, 0.960715465148625, 0.016903679695993094, 0.26670524096843495, 0.10779630649279175]"
210,17.671021532732187,4.340462191063475,16.7177329168292,0.9532886159029835,0.8763455721473035,29.68695510803853,0.0007912190731336477,0.001940126608895027,6.34375,27.29531206256297,1.3407691249653908,26.30523540625518,26.30523540625518,347.06640625,134.0,1153.671875,0.0,0.0,4257.0,1.0,0,32,"[0.5934832020778734, 0.960775402692331, 0.016261820781411057, 0.2659823916317847, 0.10783259338988153]"
211,17.640884292564337,4.343523006953762,16.69325653031429,0.9476277622500493,0.8763341045809776,28.84544209056454,0.0006502817131235905,0.0004944548210130696,6.84375,28.879453968897906,2.890257999581536,29.980768843586247,29.980768843586247,347.06640625,134.0,1153.671875,0.0,0.0,4257.0,1.0,0,32,"[0.5937271328921874, 0.9608356472833196, 0.015618979349415666, 0.2652601084126919, 0.10787652733816518]"
212,17.61275752287078,4.3437104794459565,16.671094275818437,0.9416632470523411,0.8763223156483281,29.67357229290003,0.0006591296421259718,0.00048583318721683483,6.125,28.152897750032935,3.0407191874246564,29.376112593695325,29.376112593695325,347.06640625,134.0,1153.671875,0.0,0.0,4257.0,1.0,0,32,"[0.5939742181096616, 0.9608978417910221, 0.014999852860874888, 0.2645184738053796, 0.10791825549342413]"
213,17.584413691695314,4.344655729153456,16.64863366088079,0.9357800308145239,0.8763108498206317,29.228749154211574,0.0007152982887205506,0.000490627014795911,5.96875,26.88487893732372,1.9507192187688815,28.504858906046593,28.504858906046593,347.06640625,134.0,1153.671875,0.0,0.0,4257.0,1.0,0,32,"[0.5942130623481015, 0.9609585572621039, 0.014353847660011932, 0.26379844530296215, 0.1079774441536548]"
214,17.555536265023854,4.347904186810157,16.62547883846016,0.9300574265636946,0.8762991511731164,28.177936557830368,0.0006975116642862211,0.00046606600754797115,6.15625,27.533470718537956,3.0873035626086676,29.216977406065325,29.216977406065325,347.06640625,134.0,1153.671875,0.0,0.0,4257.0,1.0,0,32,"[0.5944562186144458, 0.9610205197536659, 0.013729880134804433, 0.2630592054740413, 0.10801243961908247]"
215,17.52752194675364,4.351588566081269,16.603206429702723,0.9243155170509155,0.8762870097796989,28.0180885905384,0.0007523504494599265,0.000464630108935538,6.4375,27.89441859363251,2.0629539687320175,28.979263156145407,28.979263156145407,347.06640625,134.0,1153.671875,0.0,0.0,4257.0,1.0,0,32,"[0.5947029808647173, 0.9610852305392968, 0.013137076721465902, 0.26229630577198154, 0.10805102800846626]"
216,17.49993771686749,4.353998754508843,16.58134662423123,0.9185910926362588,0.8762747996637674,27.860654145097005,0.0008092111138900404,0.00047613319471427026,6.34375,27.421473281265207,2.391359562523121,28.861524093883872,28.861524093883872,347.06640625,134.0,1153.671875,0.0,0.0,4257.0,1.0,0,32,"[0.5949490509998303, 0.9611504951481642, 0.012549876324905623, 0.26152881636031455, 0.10808771201987981]"
217,17.471495294624344,4.3549370459383345,16.558580261650413,0.9129150329739333,0.8762625195761636,28.81414734859357,0.0008745474236440953,0.0004857636445794688,6.3125,26.20123703138688,2.5790145310793378,27.965714718845902,27.965714718845902,347.06640625,134.0,1153.671875,0.0,0.0,4257.0,1.0,0,32,"[0.5951944388758849, 0.9612163227153276, 0.011968401353392817, 0.26075671707609216, 0.10812236854154969]"
218,17.442549559716525,4.355792039201619,16.53521701378766,0.907332545928869,0.8762506506076192,29.801494566130824,0.0009556370252944701,0.0004767200623949243,6.28125,27.317511437672692,1.469923718730115,26.831784000023617,26.831784000023617,347.06640625,134.0,1153.671875,0.0,0.0,4257.0,1.0,0,32,"[0.5954327496283838, 0.9612799738913467, 0.011355869295780906, 0.2600063929598417, 0.10815358891959803]"
219,17.412824258281304,4.356504451163745,16.51101128228268,0.901812975998628,0.8762391760390827,29.71321611577927,0.0009430032134912225,0.000514783468554754,6.21875,25.204195875176083,2.6098625623944827,27.25249446871203,27.25249446871203,347.06640625,134.0,1153.671875,0.0,0.0,4257.0,1.0,0,32,"[0.5956631830080661, 0.9613416252474059, 0.010713642184282869, 0.25927903653163276, 0.10819354553887874]"
220,17.38295739705149,4.356343221830128,16.486462353391296,0.8964950436601924,0.876227666671395,29.681960310205262,0.0009360667108917753,0.0005423051639527335,7.03125,28.444496937538588,2.7531412188750437,28.555936593932074,28.555936593932074,347.06640625,134.0,1153.671875,0.0,0.0,4257.0,1.0,0,32,"[0.5958922785714665, 0.9614036603255048, 0.01007341692020994, 0.25854941610504645, 0.10823139413550074]"
221,17.353604793541095,4.356355624484607,16.462606678511257,0.890998115029837,0.8762161440603512,29.51670502242176,0.0009266397132534077,0.0005458300272580411,6.90625,27.841892437493243,1.3164902186986183,27.639820312629126,27.639820312629126,347.06640625,134.0,1153.671875,0.0,0.0,4257.0,1.0,0,32,"[0.5961197486458764, 0.9614659501343593, 0.009433942078057733, 0.25781863649758596, 0.10826894991448556]"
222,17.324816077820056,4.356371345439642,16.439314198953845,0.8855018788662086,0.8762045534293497,28.051401054168956,0.0009139109585052929,0.0005468901170393155,6.8125,26.209719531493647,2.912962312223044,28.352831406095902,28.352831406095902,347.06640625,134.0,1153.671875,0.0,0.0,4257.0,1.0,0,32,"[0.5963464281038842, 0.9615288023197436, 0.008799073274255083, 0.2570835127857875, 0.10830360184689246]"
223,17.296627060468364,4.355983385902146,16.416666896129954,0.879960164338409,0.8761923248171134,27.659265993637415,0.00089350727591192,0.0005536891294792725,6.6875,26.430960687832794,3.4926096560639053,29.772038187559247,29.772038187559247,347.06640625,134.0,1153.671875,0.0,0.0,4257.0,1.0,0,32,"[0.596579619065247, 0.9615954945081442, 0.008209947917012659, 0.2563134318431421, 0.10833647710770271]"
224,17.26881559802301,4.35560920374326,16.39437054087697,0.8744450571460396,0.8761799030104923,27.257801613311923,0.0008674569693410406,0.0005661182488670085,6.59375,29.101831718719495,2.2400263127337894,28.098014781392067,28.098014781392067,347.06640625,134.0,1153.671875,0.0,0.0,4257.0,1.0,0,32,"[0.5968133833339804, 0.9616634905310654, 0.007635178141808612, 0.2555327365761096, 0.1083662329991423]"
225,17.24240238159648,4.35508810447518,16.373431469995182,0.8689709116013011,0.8761672748513943,26.6822439123731,0.0009966971578122263,0.0005541963288207416,6.5,29.330408875125613,1.8092317812943293,28.057278437529476,28.057278437529476,347.06640625,134.0,1153.671875,0.0,0.0,4257.0,1.0,0,32,"[0.5970478537674702, 0.9617328668378806, 0.007076383319844228, 0.25474074179097006, 0.10839274999613269]"
226,17.216739839384967,4.354849728220077,16.353290622073345,0.8634492173116233,0.8761543504484983,25.032654596130715,0.0009673999602639316,0.0005709161039731565,6.46875,26.452080968851988,2.6797008125072352,27.96565968753839,27.96565968753839,347.06640625,134.0,1153.671875,0.0,0.0,4257.0,1.0,0,32,"[0.5972848054680948, 0.9618040788358871, 0.006544159300557989, 0.25393132765238335, 0.10841196167127429]"
227,17.192647580664186,4.354530286556704,16.334806181495583,0.8578413991686,0.8761404900517423,23.61553758008276,0.0007427980510931187,0.0005708163437200324,6.3125,25.15271921885187,2.356240656126829,26.114151249885253,26.114151249885253,347.06640625,134.0,1153.671875,0.0,0.0,4257.0,1.0,0,32,"[0.5975307051410105, 0.961880924932927, 0.006100263341952395, 0.25307324042378604, 0.10842841506853704]"
228,17.169492426350708,4.354758812847769,16.317252227898635,0.8522401984520763,0.8761256923844859,23.420539384943318,0.0005338383519540857,0.0005653599031560157,6.28125,25.297624843972244,1.7571193435514942,25.350356187686884,25.350356187686884,347.06640625,134.0,1153.671875,0.0,0.0,4257.0,1.0,0,32,"[0.59778428649586, 0.9619634772761073, 0.005768084913574904, 0.2521686042886465, 0.10844155134763518]"
229,17.146555158110438,4.3554703618692026,16.299867669025367,0.84668748908507,0.8761107258509065,22.576906410596347,0.0003536525639451782,0.0005901413464626426,6.21875,24.1982505937699,3.343449374881402,26.24217434356524,26.24217434356524,347.06640625,134.0,1153.671875,0.0,0.0,4262.0,6.0,0,32,"[0.5980374496387625, 0.9620472338947025, 0.005458663246705849, 0.2512558835892483, 0.1084511643013534]"
230,17.124218009862254,4.356335243554769,16.28299008831197,0.8412279215502818,0.876095087535748,22.158780547370526,0.0003493203056922356,0.0006000683482029995,6.0,25.00037081250639,1.742210812437861,25.309028343770024,25.309028343770024,347.06640625,134.0,1153.671875,0.0,0.0,4252.0,0.0,0,32,"[0.5982934281073883, 0.9621352580575121, 0.005261739055807901, 0.2503135944257408, 0.10845739051507079]"
231,17.102187462191836,4.35738742210686,16.266272467697185,0.8359149944946531,0.8760790500625291,21.96850511427129,0.0003523683382522236,0.0005979185871628282,6.125,25.01470721864507,1.6925956563227373,26.004712593646673,26.004712593646673,347.06640625,134.0,1153.671875,0.0,0.0,4262.0,6.0,0,32,"[0.5985485462255123, 0.9622260049776264, 0.005154704934403793, 0.2493569277768777, 0.10846090649329528]"
232,17.08028919308391,4.358744474037457,16.249507194991306,0.8307819980926047,0.8760627846036216,21.881142692712697,0.0004264874067751445,0.0006347238300975942,5.65625,22.488207593653442,1.7747315002338837,23.71880003147453,23.71880003147453,347.06640625,134.0,1153.671875,0.0,0.0,4257.0,1.0,0,32,"[0.5988008894430258, 0.9623185040545289, 0.005108368369608587, 0.24839483805347562, 0.10846266951181169]"
233,17.058569944017762,4.360104189186929,16.23286127761579,0.8257086664019697,0.8760463780438073,21.8221307444973,0.0005454575270930628,0.000642130620515503,5.5,21.522505249834012,1.4905332816397276,22.46315078156158,22.46315078156158,347.06640625,134.0,1153.671875,0.0,0.0,4257.0,1.0,0,32,"[0.5990499949145508, 0.9624122446955883, 0.005095391527340545, 0.24743099697117443, 0.10846373059773301]"
234,17.036684530202013,4.361694578473355,16.215975691255117,0.820708838946892,0.8760298574437467,21.904214259517236,0.0008351141182027511,0.000593137020884101,5.40625,23.402446718876035,2.212212125016322,23.490591031304575,23.490591031304575,347.06640625,134.0,1153.671875,0.0,0.0,4257.0,1.0,0,32,"[0.599295845669894, 0.9625070684427767, 0.005102280625789194, 0.24646636349231651, 0.10846453982906967]"
235,17.014938606326155,4.363251248101824,16.199378991446338,0.8155596148798163,0.876013380237113,21.757125668949133,0.000871538903895408,0.00060487057175447,5.5,22.34181350002018,1.9672739687734975,23.512070218714598,23.512070218714598,347.06640625,134.0,1156.7421875,0.095947265625,0.095947265625,4257.0,1.0,0,32,"[0.5995394029925036, 0.9626020122037467, 0.005021171300715048, 0.24550459619395193, 0.10847405056188085]"
236,16.99343509624157,4.364674287522046,16.182701599997806,0.8107334962437667,0.8759966998891463,21.640344150053313,0.0010988707183021418,0.0005887372149199828,6.21875,23.97565409364688,2.367521937856054,26.04244628150809,26.04244628150809,347.06640625,134.0,1156.7421875,0.0,0.0,4257.0,1.0,0,32,"[0.5997797159464592, 0.9626985863379812, 0.004995780395138161, 0.2445390862632779, 0.10848235697156333]"
237,16.971740903614048,4.366210901499516,16.166103454560847,0.8056374490532026,0.875979834442577,21.76266430998451,0.0009960553279910467,0.0005693993117514282,5.9375,24.71140628114199,1.5366977810344906,24.830005312253434,24.830005312253434,347.06640625,134.0,1156.7421875,0.0,0.0,4257.0,1.0,0,32,"[0.6000159093003418, 0.962796795709892, 0.004999389042357137, 0.24357253247611166, 0.1085004780374938]"
238,16.95009273369279,4.368152473036209,16.14959855844311,0.8004941752496825,0.8759630555490857,21.8669097989994,0.0009747434650845543,0.0005600540037994615,5.3125,21.72716150028009,1.5171054372444814,22.404650875046173,22.404650875046173,347.06640625,134.0,1156.7421875,0.0,0.0,4257.0,1.0,0,32,"[0.6002502961634617, 0.962894778778561, 0.004917349560780633, 0.24260897763532274, 0.10851761597511388]"
239,16.928544696633303,4.369998770792755,16.13330911504889,0.7952355815844165,0.8759463128754323,21.610605800363846,0.0009737193942830624,0.000532814192263712,5.03125,19.261176343832176,2.080564968650833,21.24740484373433,21.24740484373433,347.06640625,134.0,1156.7421875,0.0,0.0,4257.0,1.0,0,32,"[0.6004811879460504, 0.9629929570729586, 0.0047856175575569666, 0.24165028955117235, 0.1085423918479925]"
240,16.90799812702704,4.370690349535967,16.11774393704472,0.7902541899823148,0.875929261729554,21.500078666763663,0.0010029427313990869,0.0005282799889426505,4.75,20.30311718772282,1.54638078095104,20.799115093495857,20.799115093495857,347.06640625,134.0,1156.7421875,0.0,0.0,4257.0,1.0,0,32,"[0.6007092503802812, 0.9630934337516341, 0.004728327747778628, 0.24068382458337212, 0.10856595679750537]"
241,16.88649452461039,4.372236645879143,16.101288173178972,0.785206351431421,0.8759120296528037,21.43538495185857,0.00112705642555877,0.0005129457199951795,4.71875,18.988998062297924,3.0680694064244562,21.940671562560965,21.940671562560965,347.06640625,134.0,1156.7421875,0.0,0.0,4257.0,1.0,0,32,"[0.6009337256171238, 0.9631954384848486, 0.004714671528068255, 0.23971517677137938, 0.10859317492439181]"
242,16.86531607230998,4.374256684452173,16.08505819387518,0.7802578784348019,0.8758946645699833,21.385460639087096,0.001000585267258075,0.0004940600155935349,4.53125,20.574957656322113,1.4430946562242752,20.189863500036154,20.189863500036154,347.06640625,134.0,1156.7421875,0.0,0.0,4257.0,1.0,0,32,"[0.6011546556603661, 0.9632986802848914, 0.004724340889554649, 0.23874577896143936, 0.10861973497425668]"
243,16.844140665789375,4.376317392328437,16.06885315712406,0.775287508665317,0.8758771803596322,21.340487163585607,0.000984252018416898,0.00047671809847099394,4.375,19.015217281321384,1.1082764997354388,19.439347218565217,19.439347218565217,347.06640625,134.0,1156.7421875,0.0,0.0,4257.0,1.0,0,32,"[0.6013721273802752, 0.9634030729029667, 0.0047492584775600056, 0.2377759889528363, 0.10864609185860974]"
244,16.822994042138944,4.378226953807401,16.05267737809619,0.7703166640427547,0.8758595861340176,21.29681635172567,0.000986118100006067,0.00047116172653963965,4.0625,19.281993843719647,1.4840355001979333,19.09605059393016,19.09605059393016,347.06640625,134.0,1156.7421875,0.0,0.0,4257.0,1.0,0,32,"[0.6015863136336491, 0.9635085555607992, 0.00478148869612057, 0.23680577509886575, 0.10867146799577415]"
245,16.801917785739153,4.379872552337422,16.036470627745395,0.7654471579937581,0.8758418842876711,21.378662887096286,0.0009983231310880247,0.00047252772404245385,3.75,16.7970603126264,1.1130099063052512,16.354760906381216,16.354760906381216,347.06640625,134.0,1156.7421875,0.0,0.0,4257.0,1.0,0,32,"[0.6017972953923427, 0.9636151131565706, 0.0048171351636186474, 0.23583506750656763, 0.10869572239520431]"
246,16.780668170048052,4.381844252297614,16.020397037467912,0.7602711325801355,0.875824245880773,21.2733482459098,0.0009771885136064806,0.0004714754499139967,3.375,15.625974593717729,1.7824598753577447,17.0895305002432,17.0895305002432,347.06640625,134.0,1156.74609375,0.0,0.0,4257.0,1.0,0,32,"[0.6020072310786688, 0.9637215595457472, 0.004758527373859113, 0.2348652250842383, 0.10871953366707132]"
247,16.759485252043792,4.383553363477658,16.004269022561445,0.7552162294823485,0.8758064227750607,21.207578033862408,0.0009375834540044092,0.0004724446506121127,2.875,14.183903281207222,2.1173885938310377,15.733674344005522,15.733674344005522,347.06640625,134.0,1156.74609375,0.0,0.0,4257.0,1.0,0,32,"[0.6022135388773033, 0.9638295752042625, 0.004742449704962322, 0.23389308877620318, 0.10874103289730962]"
248,16.738247806364758,4.385347882717997,15.988039649165797,0.7502081571989587,0.8757884565421249,21.159571461848987,0.0009926028902535189,0.0004604415738450715,2.9375,14.532855124969046,1.1111194374961997,15.280155406287577,15.280155406287577,347.06640625,134.0,1156.74609375,0.0,0.0,4257.0,1.0,0,32,"[0.6024161659017726, 0.963938911133366, 0.004751361963560101, 0.23292019438272732, 0.1087606546798923]"
249,16.717179125514885,4.386956843991518,15.971904630107623,0.7452744954072612,0.8757703658343058,21.113431072134272,0.0009856127308260354,0.0004820528645975861,2.96875,14.67534784376312,1.716293218919418,15.445781875200737,15.445781875200737,347.06640625,134.0,1156.74609375,0.0,0.0,4257.0,1.0,0,32,"[0.602615231888339, 0.9640494470609171, 0.004775080986180448, 0.23194691401539722, 0.10877846692984836]"
250,16.69607471970642,4.38857409558312,15.955723632377563,0.7403510873288579,0.875752159571637,21.00406787904927,0.0009823915937549887,0.000495337578783025,2.9375,15.622400375093548,1.3274158124545465,15.916954218766932,15.916954218766932,347.06640625,134.0,1156.74609375,0.0,0.0,4257.0,1.0,0,32,"[0.6028109621256906, 0.9641611255558122, 0.00480235035250417, 0.23097315955930153, 0.10879508706397333]"
251,16.675250819748022,4.389662050769398,15.939825770907113,0.7354250488409084,0.8757337634017633,21.09351647904467,0.0009843629016676736,0.0004812370897687916,2.1875,12.631725156268203,1.5499604998581162,14.022333218576932,14.022333218576932,347.06640625,134.0,1156.74609375,0.0,0.0,4257.0,1.0,0,32,"[0.6030023233413696, 0.9642745602794083, 0.004832763139412578, 0.22999906786584348, 0.10882217735273253]"
252,16.65421831019497,4.391314055760495,15.923866047346436,0.7303522628485317,0.8757154309299976,20.98294525086554,0.0009892026754088346,0.0004824709566879095,1.875,12.688248812366965,1.58432731262792,13.276425093692978,13.276425093692978,347.06640625,134.0,1156.74609375,0.0,0.0,4257.0,1.0,0,32,"[0.60319255805073, 0.9643878819755699, 0.004773001991771812, 0.22902606524688254, 0.10884793501686174]"
253,16.63329452709291,4.392888150267679,15.907974887253127,0.7253196398397834,0.8756968972026495,20.90725525259075,0.0008831499664686548,0.00043437265837478853,1.875,11.665799812419664,1.868203718629502,13.35676912492545,13.35676912492545,347.06640625,134.0,1156.74609375,0.0,0.0,4257.0,1.0,0,32,"[0.6033789051910323, 0.9645029151676121, 0.0047552850022930665, 0.22805080363004418, 0.10887228650624883]"
254,16.612346860397444,4.394268245877809,15.891968281342796,0.720378579054648,0.8756781949809543,20.857270922747954,0.0008741183318485002,0.0004315036024753327,1.84375,11.891038875035065,1.7694234375085216,13.567011906275184,13.567011906275184,347.06640625,134.0,1157.01171875,0.0,0.0,4257.0,1.0,0,32,"[0.6035611662578386, 0.9646194712699904, 0.0047690107202290125, 0.22707484978191095, 0.10889511783354444]"
255,16.591368934641913,4.395963067202903,15.875902147796806,0.715466786845111,0.8756593610067014,20.807873048140294,0.0008550769154842541,0.00047248818519628135,1.78125,13.249327156245272,1.719098156399923,13.132160062582443,13.132160062582443,347.06640625,134.0,1157.01171875,0.0,0.0,4257.0,1.0,0,32,"[0.6037397941420877, 0.9647372987540253, 0.004792042772852081, 0.22609852642833395, 0.10891682029393075]"
256,16.57057050813462,4.3976041227963805,15.859992939706911,0.710577568427707,0.8756404008671487,20.868919421111062,0.0008357266267488006,0.0004337585921794782,1.84375,13.448544281345676,1.1339513750385777,14.092892750056762,14.092892750056762,347.06640625,134.0,1157.01171875,0.0,0.0,4257.0,1.0,0,32,"[0.6039149615396942, 0.964856364316056, 0.00481510448848228, 0.22512169575154137, 0.10893706284572766]"
257,16.549665763983196,4.399303952592396,15.84413133111458,0.7055344328686132,0.8756214605912904,20.742261042132505,0.0008190551057560558,0.0004387738173752667,1.84375,12.35370843750161,1.8729021562080561,14.157002093668325,14.157002093668325,347.06640625,134.0,1157.01171875,0.0,0.0,4257.0,1.0,0,32,"[0.6040880276395867, 0.9649757134360777, 0.004746123952731435, 0.22414685503317466, 0.10896410304025148]"
258,16.528962097851373,4.401078656505074,15.828362963712246,0.7005991341391269,0.8756022890180991,20.66174268655558,0.0008476137677167206,0.000424407287944785,1.84375,12.12679109352166,1.659961687721534,13.100887656321447,13.100887656321447,347.06640625,134.0,1157.01171875,0.0,0.0,4257.0,1.0,0,32,"[0.6042569532134229, 0.9650970012945058, 0.0047234305680344865, 0.22316932557906896, 0.1089900757672705]"
259,16.508136636632777,4.402881878436639,15.812392256901772,0.6957443797310062,0.8755829358950541,20.60888688858627,0.0008268378701737911,0.00044942378886470263,1.75,11.269784343710398,1.344981156250924,12.483584156200322,12.483584156200322,347.06640625,134.0,1158.98828125,0.0,0.0,4257.0,1.0,0,32,"[0.604421649729206, 0.9652199178865972, 0.00473192546156492, 0.22219103362754014, 0.10901535942672362]"
260,16.487540113735083,4.40490223403407,15.796620101114865,0.6909200126202176,0.8755634375525926,20.56075054585328,0.0008060488319577841,0.00044285028656710203,1.6875,11.606342437460171,1.3065436564829724,12.650170718984555,12.650170718984555,347.06640625,134.0,1158.98828125,0.0,0.0,4257.0,1.0,0,32,"[0.6045824897763656, 0.9653442150363741, 0.004752596555214496, 0.22121243545555108, 0.1090398343415149]"
261,16.46719147533979,4.406664497694001,15.781032028945727,0.6861594463940671,0.8755437996815301,20.536668316971916,0.0008437126237134385,0.00044196487834925584,1.65625,11.680852968822819,1.3422390939012985,12.713162593797733,12.713162593797733,347.06640625,134.0,1158.98828125,0.0,0.0,4257.0,1.0,0,32,"[0.6047395608258169, 0.9654698546387444, 0.004781484583835569, 0.22023358278815244, 0.10906342063137726]"
262,16.44681538368092,4.408758903546616,15.765405004565839,0.6814103791150792,0.8755240530226612,20.463587574136813,0.0008137446468872156,0.0004261206429770233,1.59375,10.881160156316128,1.2883227811357756,12.033381156129508,12.033381156129508,347.06640625,134.0,1158.98828125,0.0,0.0,4257.0,1.0,0,32,"[0.6048932935060584, 0.965596586144654, 0.004817042547911466, 0.21925445736096724, 0.10908224660986052]"
263,16.426587368147672,4.410471526967493,15.74986109282726,0.6767262753204104,0.875504134150925,20.415011102102017,0.0008642637123358887,0.0004196046917890212,1.53125,10.917866312411206,1.0570818748760757,11.668172749921268,11.668172749921268,347.06640625,134.0,1159.03125,0.0,0.0,4257.0,1.0,0,32,"[0.6050428233930255, 0.9657249375407242, 0.004857482180257373, 0.2182751569665737, 0.10910465432520233]"
264,16.406382318361153,4.4120011285948255,15.734330704910768,0.6720516134503853,0.87548407448979,20.491351710244384,0.0009266358628345905,0.0003893082078788464,1.5,10.76333456262546,1.8776411247927172,12.609739281117527,12.609739281117527,347.06640625,134.0,1159.03125,0.0,0.0,4257.0,1.0,0,32,"[0.6051886374052048, 0.9658546509588382, 0.004899788396043441, 0.21729555152058558, 0.10912692666925625]"
265,16.38617893009728,4.414303264710229,15.718961894824382,0.6672170352728986,0.8754640611825198,20.409223114525584,0.0008635751133190261,0.0003947196092493252,1.4375,10.089190687551763,1.545456312612714,11.369597343787063,11.369597343787063,347.06640625,134.0,1159.03125,0.0,0.0,4257.0,1.0,0,32,"[0.6053334821139987, 0.9659843700708077, 0.004847369607161349, 0.21631628359712946, 0.10914882568718699]"
266,16.365800972114744,4.41645286603481,15.703362477695862,0.6624384944188824,0.8754438527642497,20.312081842238715,0.0007481026261405843,0.0003764272623866111,1.375,10.099912968598801,0.956451281297177,10.804760937389801,10.804760937389801,347.06640625,134.0,1159.03125,0.0,0.0,4257.0,1.0,0,32,"[0.6054742893451789, 0.9661157761786523, 0.004836792236001672, 0.21533521522468332, 0.10916610938684239]"
267,16.34567756827326,4.417980726358243,15.687966053055497,0.6577115152177642,0.8754234246212738,20.257741287904576,0.0006645415888555384,0.00035890467174692626,1.40625,10.379804031231288,2.0791319687418763,11.885266687443163,11.885266687443163,347.06640625,134.0,1159.03125,0.0,0.0,4257.0,1.0,0,32,"[0.6056102066205593, 0.9662491572737822, 0.004850360325418875, 0.21435383921548545, 0.10918739349442362]"
268,16.325448290022607,4.419663562004312,15.672447560790356,0.6530007292322507,0.8754028329963466,20.20993758441978,0.0007276204390302965,0.000365241788160235,1.375,10.196431593840316,2.0713509061920377,11.999921874974007,11.999921874974007,347.06640625,134.0,1159.03125,0.0,0.0,4257.0,1.0,0,32,"[0.6057419371460396, 0.9663840758233064, 0.004878262494081732, 0.21337239680662665, 0.109208281786079]"
269,16.305231443492666,4.421420555145364,15.656903591112055,0.6483278523806103,0.8753820901778198,20.145845450181906,0.00031651029006563025,0.00035205647031687226,1.375,11.167065843835644,0.7492316563002532,11.228046125040692,11.228046125040692,347.06640625,134.0,1159.03125,0.0,0.0,4257.0,1.0,0,32,"[0.605869721658435, 0.9665204432495182, 0.00491160577470632, 0.21239078405471265, 0.10922827364385294]"
270,16.285128057417133,4.4227732877842625,15.641439454214764,0.6436886032023682,0.8753611573970664,20.099401446507386,0.00015702197528144612,0.0003621888936179014,1.40625,11.134998093837112,1.1541849374907542,11.662496968881442,11.662496968881442,347.06640625,134.0,1159.03125,0.0,0.0,4257.0,1.0,0,32,"[0.6059930866054242, 0.9666586132229675, 0.004948685820052996, 0.2114087890930539, 0.1092272182740911]"
271,16.264806393213632,4.42468209756487,15.62574073624364,0.6390656569699953,0.875340075006375,20.04861113162367,5.936878555878877e-06,0.00037496685840887064,2.0,12.687954937575796,1.6113676249460696,12.749631031226727,12.749631031226727,347.06640625,134.0,1159.03125,0.0,0.0,4257.0,1.0,0,32,"[0.6061125950397126, 0.9667982253225035, 0.004985949753160022, 0.21042652949859836, 0.10922529885061366]"
272,16.24491915900375,4.426051071043258,15.610480907676155,0.6344382513275975,0.8753188372903742,20.002671367478275,6.212842533326324e-06,0.000351762725740475,2.0625,10.709663343675402,2.0181471878686352,12.564385187715743,12.564385187715743,347.06640625,134.0,1159.03125,0.0,0.0,4257.0,1.0,0,32,"[0.606228183892011, 0.9669393296620236, 0.005021347650365258, 0.20944394661076765, 0.10922272202918835]"
273,16.224757122349498,4.427344025264431,15.594896139283996,0.6298609830655011,0.8752974410894633,19.956815989360678,6.312350504966702e-06,0.0003906795525840033,2.0,11.276654124912966,1.3890281252884051,12.168799437631606,12.168799437631606,347.06640625,134.0,1159.03125,0.0,0.0,4257.0,1.0,0,32,"[0.6063396586649242, 0.9670819480613225, 0.00506346660836058, 0.2084613749227031, 0.10921922369004712]"
274,16.204722766769727,4.4286422204153695,15.57943026319694,0.6252925035727848,0.8752758956161545,19.913654788038514,0.0008477913409556947,0.00045613369577098207,1.9375,10.960062125093373,1.5739054999244217,12.42298668745434,12.42298668745434,347.06640625,134.0,1159.03125,0.0,0.0,4257.0,1.0,0,32,"[0.6064473844634959, 0.9672260119055831, 0.005098859823954146, 0.20747833435579924, 0.109214827645206]"
275,16.18454796059612,4.430062565237856,15.563845624410693,0.6207023361854289,0.8752542011131741,19.849421625090123,0.0008737878563382928,0.00043158426662621974,2.0,11.459895031521228,1.6218737497410984,12.670390312507607,12.670390312507607,347.06640625,134.0,1159.03125,0.0,0.0,4257.0,1.0,0,32,"[0.6065513110317599, 0.9673715197845867, 0.005129316006899844, 0.20649493679302314, 0.10920950035666763]"
276,16.164533343563264,4.431151612004071,15.54836883680893,0.6161645067543331,0.8752323184714433,19.802513199445677,0.0006749183538063974,0.0004335411335325008,1.96875,10.778966187444894,1.1757322188259423,11.587304000101994,11.587304000101994,347.06640625,134.0,1159.03125,0.0,0.0,4257.0,1.0,0,32,"[0.6066507117903347, 0.9675187895305645, 0.0051654355507191555, 0.20551151950593802, 0.1092053858541709]"
277,16.14468034730095,4.432165992323813,15.533033883128237,0.6116464641727132,0.8752102722766463,19.762562763799522,0.0007885168782832963,0.0004421281067909648,2.0,11.20223499998474,1.581977281205127,12.468963437470393,12.468963437470393,347.06640625,134.0,1161.0078125,0.0,0.0,4257.0,1.0,0,32,"[0.6067460212501435, 0.9676676226508472, 0.005201172311472727, 0.20452792159574787, 0.10920060629579575]"
278,16.124878762349827,4.433353879592631,15.517737578564738,0.6071411837850883,0.8751880704920495,19.71180306798442,6.807987307233532e-06,0.00040545111740555926,2.0,12.269889531182798,1.6726646249480837,13.02625843743499,13.02625843743499,347.06640625,134.0,1161.0078125,0.0,0.0,4257.0,1.0,0,32,"[0.6068372901862509, 0.9678179544263736, 0.005238949196424741, 0.20354426021646518, 0.10919328943581945]"
279,16.105043264998447,4.434493488630235,15.502344930470425,0.6026983345280221,0.8751656924520945,19.666382314423448,1.3295365729248942e-05,0.0004068013990998082,1.96875,11.28926574989464,1.245485125139112,11.986178375025247,11.986178375025247,347.06640625,134.0,1161.0078125,0.0,0.0,4257.0,1.0,0,32,"[0.6069241786525728, 0.9679699531296656, 0.005282102959324069, 0.20256067901797212, 0.10918603910228505]"
280,16.085630756204388,4.436022980099907,15.487377807232258,0.5982529489721319,0.8751431509838852,19.616790486615436,6.866651445225358e-06,0.000389714887381072,1.96875,12.548161500092192,1.7151580311178805,13.543906718780363,13.543906718780363,347.06640625,134.0,1161.0078125,0.0,0.0,4257.0,1.0,0,32,"[0.6070070500614413, 0.968123516544913, 0.0053207459319232885, 0.2015768063581627, 0.10917883375441552]"
281,16.066199040898766,4.437527431615551,15.472349201799275,0.5938498390994882,0.8751204315313432,19.57520569279893,6.970556733154609e-06,0.0003989779452369215,1.9375,12.13243574994749,1.2142475938503594,12.83099571890034,12.83099571890034,347.06640625,134.0,1161.0078125,0.0,0.0,4257.0,1.0,0,32,"[0.6070855063751749, 0.9682787623703596, 0.005365260931984201, 0.2005930837040091, 0.10917165775334493]"
282,16.046692784272295,4.439288593787808,15.457246621686163,0.5894461625861322,0.8750975459181836,19.53292540128404,7.068497799522788e-06,0.00037300521317226536,2.0625,11.775329468605378,1.7351235942442145,13.206669375279034,13.206669375279034,347.06640625,134.0,1161.0078125,0.0,0.0,4262.0,6.0,0,32,"[0.6071598498913244, 0.9684355947271515, 0.005408582227929567, 0.19960923946010886, 0.10916455687089248]"
283,16.027254778116887,4.4407676883889255,15.44216276923844,0.585092008878448,0.8750744883391413,19.485456132679236,7.175303088580165e-06,0.0003897088863787868,1.90625,11.434288218708843,1.0461565001946838,11.986600968782568,11.986600968782568,347.06640625,134.0,1161.0078125,0.0,0.0,4252.0,0.0,0,32,"[0.6072298806371258, 0.9685940619913948, 0.005455175193029047, 0.1986254898461934, 0.10915751318363441]"
284,16.007948878611824,4.442285345276462,15.427205678408535,0.5807432002032903,0.8750512558007915,19.439932839650815,7.2721539230435894e-06,0.000371065708829397,1.875,11.58929768746475,1.3605833437395631,12.148029281206618,12.148029281206618,347.06640625,134.0,1161.0078125,0.0,0.0,4252.0,0.0,0,32,"[0.607295693569217, 0.9687541918565145, 0.0054989865074081485, 0.1976415900989357, 0.10915051744601013]"
285,15.98883806891498,4.44348659091033,15.412403568427875,0.5764345004871068,0.8750278431962012,19.441483457414794,7.3803351039458676e-06,0.00036245512001938785,1.875,10.024513062603546,1.8785791875188806,11.688924437578407,11.688924437578407,347.06640625,134.0,1161.0078125,0.0,0.0,4252.0,0.0,0,32,"[0.6073570571164991, 0.9689160258343047, 0.005546901324639167, 0.1966578725150316, 0.10914357740961694]"
286,15.969151372246994,4.445006894227338,15.397144279537702,0.5720070927092911,0.8750043559828321,19.37363343364793,1.0858088829390766e-05,0.0003412860472180385,1.78125,10.199162781361792,1.9452704062246085,12.0113851250494,12.0113851250494,347.06640625,134.0,1161.0078125,0.0,0.0,4252.0,0.0,0,32,"[0.6074162902120854, 0.9690787624190123, 0.005530472304818469, 0.1956731434946698, 0.10913671532903148]"
287,15.949953714204206,4.446292814333213,15.382304914816798,0.5676487993874095,0.8749806432312377,19.321085138271297,0.0007657998767469643,0.0003421079281671365,1.90625,11.352509687640122,1.4909793437141161,12.583973968901319,12.583973968901319,347.06640625,134.0,1161.0078125,0.0,0.0,4252.0,0.0,0,32,"[0.6074703944989156, 0.9692435415435001, 0.005537460898778536, 0.19468834700946516, 0.10912981543318599]"
288,15.930622505653279,4.447478747806765,15.367270200314953,0.5633523053383274,0.8749567250401876,19.27617394702609,0.0006560809084139585,0.0003251866106220114,1.9375,10.982373624869979,1.6322600936291565,12.253389531167613,12.253389531167613,347.06640625,134.0,1161.0078125,0.0,0.0,4252.0,0.0,0,32,"[0.6075195425085815, 0.9694102175690776, 0.005562910861658871, 0.19370391430746559, 0.1091228778351336]"
289,15.911356556242481,4.448490201036907,15.352246064238162,0.5591104920043197,0.8749326150728193,19.231664895402446,0.0006683664005460166,0.0003441450602348404,1.84375,10.965722312619164,1.6699216561164576,12.334998750020532,12.334998750020532,347.06640625,134.0,1161.0078125,0.0,0.0,4252.0,0.0,0,32,"[0.6075639782559937, 0.96957869329968, 0.005597009442537518, 0.1927198253140389, 0.10911598346435832]"
290,15.892143313277618,4.44950653970899,15.337263484886124,0.5548798283914949,0.8749083176346845,19.189463250860005,0.0006897237820679969,0.0003350766770916982,1.875,12.031637406209938,1.4282350001622035,12.489163374880263,12.489163374880263,347.06640625,134.0,1161.0078125,0.0,0.0,4252.0,0.0,0,32,"[0.6076038668667623, 0.9697489390787386, 0.005633088810669191, 0.19173591640705293, 0.10910914128688523]"
291,15.873044948324583,4.450459301931584,15.322366521638468,0.5506784266861173,0.8748838304691052,19.142265154473975,0.0007251823881619934,0.00031840682138875907,1.9375,10.44905996889156,1.0694379999449666,11.326777156284606,11.326777156284606,347.06640625,134.0,1161.0078125,0.0,0.0,4252.0,0.0,0,32,"[0.607639124587237, 0.9699209737919181, 0.005673161429012695, 0.19075229613102268, 0.10910233772535753]"
292,15.8539224425902,4.451326885966211,15.307411412704898,0.5465110298853011,0.8748591456414732,19.097112211479264,0.0007603477126085778,0.0003028564316613563,1.96875,11.7866276250993,1.5923579060768134,12.418289218715017,12.418289218715017,347.06640625,134.0,1161.0078125,0.0,0.0,4252.0,0.0,0,32,"[0.6076696157022281, 0.9700948654018914, 0.0057179445995918015, 0.18976904611116852, 0.10909556528287578]"
293,15.834671191974236,4.452124335626048,15.292293311930075,0.5423778800441601,0.8748342649968048,19.05755709271499,0.0007948643294111157,0.00032812424904778636,1.90625,11.800824125089093,1.774962218746623,12.785427437563612,12.785427437563612,347.06640625,134.0,1161.0078125,0.0,0.0,4252.0,0.0,0,32,"[0.6076954168070902, 0.970270600628692, 0.005764379175794121, 0.18878606603777967, 0.10908882447412294]"
294,15.815423611575973,4.452860672745337,15.277160665121272,0.5382629464547015,0.874809198560542,19.018553987448946,0.0007254693949758639,0.00035542299917961945,1.90625,10.97177040594488,1.1246832190181522,11.73445003132656,11.73445003132656,347.06640625,134.0,1161.0078125,0.0,0.0,4252.0,0.0,0,32,"[0.6077167933966887, 0.9704480978813455, 0.00580597421269287, 0.18780307931076262, 0.10908213761153203]"
295,15.796255744739128,4.453475792990504,15.26209395292917,0.5341617918099593,0.8747839447033221,18.977712613529686,0.0007250591488787705,0.00037644816880684186,1.84375,10.669550281136253,2.0997145937826645,12.563131687329587,12.563131687329587,347.06640625,134.0,1161.0078125,0.0,0.0,4252.0,0.0,0,32,"[0.6077336812734968, 0.9706273718558105, 0.005843794459642126, 0.18682017473777368, 0.10907551409173166]"
296,15.777284089746214,4.45412661269713,15.24720364367451,0.530080446071701,0.8747584976622685,18.934332278769755,0.0009459588711107081,0.00040621920757732337,1.78125,11.561684250011695,1.3540487188379302,12.13792321885876,12.13792321885876,347.06640625,134.0,1161.0078125,0.0,0.0,4252.0,0.0,0,32,"[0.6077459422937306, 0.9708084709207769, 0.005880240717169833, 0.1858374840771298, 0.10906891622490528]"
297,15.758307273098234,4.454900390171943,15.232286584466973,0.5260206886312595,0.8747328488154249,18.895212660675256,0.000723292640385953,0.00037086026207030056,1.8125,10.695439281334984,1.2518184376517638,11.463637656390802,11.463637656390802,347.06640625,134.0,1161.0078125,0.0,0.0,4252.0,0.0,0,32,"[0.6077533944375764, 0.9709914667883404, 0.005918183130699939, 0.18485515240752534, 0.10906244767371646]"
298,15.739517207308658,4.455465024766923,15.217534654106206,0.5219825532024526,0.8747069991197381,18.857413997848568,0.0007228445541644923,0.00035872176753177446,1.5,11.420098687381142,1.391347062622117,11.816983968742534,11.816983968742534,347.06640625,134.0,1161.0078125,0.0,0.0,4252.0,0.0,0,32,"[0.6077559649394523, 0.9711763504407386, 0.005961557571045766, 0.18387337412256086, 0.1090560068125274]"
299,15.720717399060193,4.456470294150154,15.202729004579904,0.517988394480291,0.8746809498649978,18.81906860244457,0.0007228618428927192,0.0003303370160387084,1.84375,11.21304884361507,1.176134625211489,12.098375750042578,12.098375750042578,347.06640625,134.0,1161.0078125,0.0,0.0,4252.0,0.0,0,32,"[0.6077537085611481, 0.9713631132991692, 0.00600818030140525, 0.18289210046985696, 0.10904945830195314]"
300,15.70200948819991,4.457386137018736,15.187993206175648,0.514016282024262,0.8746546963402556,18.785117044251834,0.0007233268725608255,0.00030701075052749294,1.9375,11.297181656175326,1.1866718752457928,12.275785218889723,12.275785218889723,347.06640625,134.0,1161.0078125,0.0,0.0,4252.0,0.0,0,32,"[0.6077465524500874, 0.9715517958110436, 0.006057743484734972, 0.1819113600686534, 0.10904317689346334]"
301,15.683405169387473,4.458143744208715,15.173328253245163,0.510076916142312,0.8746282450314857,18.747741645158175,0.0007241721624451358,0.00028809427341421696,1.9375,11.0671528125863,0.9024375935950957,11.508302718652885,11.508302718652885,347.06640625,134.0,1161.0078125,0.0,0.0,4252.0,0.0,0,32,"[0.6077345873184282, 0.9717423444016475, 0.006109895578881776, 0.18093116143484406, 0.10903694250515163]"
302,15.66481740936047,4.458736300036981,15.158655713487594,0.5061616958728747,0.8746015890857547,18.71388138968247,0.0008744736141870213,0.00031276584685032045,1.8125,11.686431750092652,1.0260399375283669,12.312962406213046,12.312962406213046,347.06640625,134.0,1161.0078125,0.0,0.0,4252.0,0.0,0,32,"[0.6077177755822956, 0.97193481791885, 0.006162174386526832, 0.17995141649434632, 0.1090307709134416]"
303,15.646231817441812,4.459383205901392,15.143972403120141,0.5022594143216685,0.8745747338753311,18.67768171239898,0.0009337549150325586,0.00030588436960288896,1.84375,10.73532993768822,1.9826528750854777,12.466951156454797,12.466951156454797,347.06640625,134.0,1161.0078125,0.0,0.0,4252.0,0.0,0,32,"[0.6076962877798326, 0.9721291722161097, 0.006210166880019224, 0.17897191453008374, 0.10902466320879119]"
304,15.627624430982806,4.460013608063344,15.129250229715497,0.4983742012673097,0.8745476704834751,18.647390872322372,8.842868350011912e-06,0.00024629489798976977,1.84375,10.652583531225446,1.2942051249638098,11.66975337491749,11.66975337491749,347.06640625,134.0,1161.0078125,0.0,0.0,4252.0,0.0,0,32,"[0.6076698437987198, 0.9723254829187677, 0.006259732862683374, 0.17799300219899328, 0.109018606370806]"
305,15.60908554946893,4.460611227717088,15.114553483470074,0.49453206599885774,0.8745204056064372,18.614938043718745,9.317339719761009e-06,0.00023760071929471426,1.84375,10.467607000066437,1.6036746874874552,11.973770218844493,11.973770218844493,347.06640625,134.0,1161.0078125,0.0,0.0,4252.0,0.0,0,32,"[0.6076384898212717, 0.9725236940451417, 0.0063126451514171214, 0.17701479370221232, 0.10901246601200279]"
306,15.590501791987233,4.461117765216241,15.09978572319664,0.49071606879059293,0.8744929354096338,18.582107557998278,9.389067435083831e-06,0.0002434436345235203,1.84375,10.723614437665674,2.117692718627495,12.244721312526963,12.244721312526963,347.06640625,134.0,1161.0078125,0.0,0.0,4252.0,0.0,0,32,"[0.6076022671180477, 0.9727238390842339, 0.0063644845105671494, 0.1760370894294738, 0.1090063902396486]"
307,15.5720315418168,4.461545810001234,15.085105669020448,0.48692587279635335,0.8744652589498092,18.55223165793877,9.806787840460629e-06,0.0002602935613024144,1.875,12.945582718714377,1.2960655000142651,13.238357343766438,13.238357343766438,347.06640625,134.0,1161.0078125,0.0,0.0,4252.0,0.0,0,32,"[0.6075612029221779, 0.9729259272353614, 0.0064129728191625055, 0.17505980392203133, 0.10900038758491278]"
308,15.553382952155374,4.462076093186625,15.07020446850904,0.4831784836463372,0.8744373779763379,18.55770859186913,0.00013430226073107843,0.00026312351204682083,1.75,10.288576968889629,1.3342120624315612,11.351051781161914,11.351051781161914,347.06640625,134.0,1161.0078125,0.0,0.0,4252.0,0.0,0,32,"[0.6075152572970204, 0.973129944006366, 0.006460587107231214, 0.17408309314569761, 0.10899446342733139]"
309,15.53479671560681,4.462392181620914,15.055508430267727,0.4792882853390815,0.8744093799085872,18.511336378992365,6.578520288691436e-05,0.0002478686054385677,1.75,10.747371375089187,1.5808371249477204,12.10220890624214,12.10220890624214,347.06640625,134.0,1161.0078125,0.0,0.0,4252.0,0.0,0,32,"[0.607466467137743, 0.973335203011886, 0.006454167781063638, 0.17310563864120998, 0.10898900953707016]"
310,15.516411888365809,4.462781511140957,15.040884913880406,0.47552697448540376,0.8743811309194751,18.474531278526616,0.0009734460355019792,0.0003143788165317754,1.65625,10.097263312729865,1.1894078434693256,11.09741271858411,11.09741271858411,347.06640625,134.0,1161.0078125,0.0,0.0,4252.0,0.0,0,32,"[0.6074118863612232, 0.9735427563497292, 0.006467262603119222, 0.1721290442193955, 0.10898314338834418]"
311,15.498018471867013,4.463004459044877,15.026239529500156,0.4717789423668589,0.8743526511097391,18.44166134737625,0.0008639560831853466,0.00027695609119664835,1.6875,10.779787875151214,1.4247077186837487,11.670910781276689,11.670910781276689,347.06640625,134.0,1161.0078125,0.0,0.0,4252.0,0.0,0,32,"[0.6073518416575788, 0.9737524523340437, 0.006490433826185283, 0.17115341345914092, 0.10897767147886607]"
312,15.479604087702345,4.463243594810569,15.01152793300104,0.468076154701307,0.874323942806879,18.412037106191146,0.0008810057761090562,0.00027813536147276957,1.6875,9.83314921887768,1.9665441873257805,11.564086156113262,11.564086156113262,347.06640625,134.0,1161.0078125,0.0,0.0,4262.0,6.0,0,32,"[0.6072862756066513, 0.9739642741296628, 0.006526428578781396, 0.17017898685358393, 0.10897221363728793]"
313,15.461269450740414,4.463546316210607,14.996869047335135,0.46440040340527866,0.8742950136899426,18.38738133318187,0.0009376685921251848,0.00025948270678319724,1.65625,10.762634406376037,1.4774401873296483,11.622483062467381,11.622483062467381,347.06640625,134.0,1161.0078125,0.0,0.0,4258.0,2.0,0,32,"[0.6072154134702736, 0.9741781650236805, 0.006567066898678241, 0.16920556590631847, 0.10896678874419315]"
314,15.44311603154517,4.463363063906763,14.982286683416596,0.4608293481285731,0.8742658677114309,18.36296804815049,0.0007759905663013988,0.00025223585465082425,1.78125,11.671863343792666,1.41600303135192,11.795718218877482,11.795718218877482,347.06640625,134.0,1161.0078125,0.0,0.0,4258.0,2.0,0,32,"[0.6071392682231114, 0.9743940925605874, 0.006613596571804139, 0.1682332577109469, 0.10896140702773652]"
315,15.424839407568157,4.463351182624734,14.967644941828372,0.45719446573978695,0.8742365057047756,18.3395673865458,0.0007710314312512345,0.0002521889969593528,1.71875,11.88875434354486,0.836032562631317,11.840641156254605,11.840641156254605,347.06640625,134.0,1161.0078125,0.0,0.0,4257.0,1.0,0,32,"[0.6070578641198842, 0.9746120499538699, 0.006665529827602566, 0.16726209937078323, 0.10895667818390518]"
316,15.406527945249008,4.463418025687928,14.952934813090664,0.45359313215834407,0.8742069299201094,18.31488341597733,0.0009882362021129687,0.00028709477730186995,1.625,10.172938062794401,1.7193494059029035,11.351122656151347,11.351122656151347,347.06640625,134.0,1161.0078125,0.0,0.0,4257.0,1.0,0,32,"[0.6069713517631489, 0.9748320218774872, 0.00671681186049992, 0.16629180446677472, 0.10895158727934534]"
317,15.38831331180705,4.463345383347266,14.938249329484314,0.4500639823227346,0.8741771375570611,18.291408399136156,0.0009813728863194981,0.0003333281852183796,1.625,10.176595093696506,1.3127596876074676,10.964223687665253,10.964223687665253,347.06640625,134.0,1161.0078125,0.0,0.0,4257.0,1.0,0,32,"[0.6068797279075091, 0.9750540331412705, 0.006765168022685903, 0.16532229425707737, 0.10894632394368305]"
318,15.369912604860442,4.46337062205023,14.92333491049646,0.44657769436398254,0.8741471269058336,18.26870505064751,0.0009535748663966892,0.0003198390480215594,1.65625,10.778879468659852,1.706458843841574,11.72743412496402,11.72743412496402,347.06640625,134.0,1161.80078125,0.0,0.0,4257.0,1.0,0,32,"[0.606782916674608, 0.9752780976847127, 0.006812592903250188, 0.1643537127249767, 0.10894149052530834]"
319,15.351501648816459,4.463353555169559,14.908396984715859,0.4431046641006,0.8741168955385314,18.248833153790105,0.0009649672917894092,0.0002815536511646071,1.625,10.681841062421427,1.4350135938343556,11.97796284384367,11.97796284384367,347.06640625,134.0,1161.80078125,0.0,0.0,4257.0,1.0,0,32,"[0.6066808479701774, 0.975504236692595, 0.006859653840407928, 0.16338613233258054, 0.10893741853142416]"
320,15.333018283860229,4.46327340804937,14.893389660586566,0.4396286232736616,0.8740864455318278,18.22836228658488,0.0009874589536980338,0.00027731683393027114,1.5625,10.467335031592029,1.795613093349857,11.921393499790156,11.921393499790156,347.06640625,134.0,1161.80078125,0.0,0.0,4257.0,1.0,0,32,"[0.6065735274338548, 0.9757324334890599, 0.006906978795355942, 0.16241961452912487, 0.10893392442080688]"
321,15.31470174547969,4.463092501685909,14.878528757678033,0.43617298780165503,0.8740557759423857,18.210052417872706,0.0009886719996527737,0.00030498310136718775,1.5,10.137377656349145,1.7826501561444275,11.743456468650493,11.743456468650493,347.06640625,134.0,1161.80078125,0.0,0.0,4257.0,1.0,0,32,"[0.6064609754909147, 0.975962698354193, 0.006952310337272696, 0.16145408673713973, 0.10893056492123081]"
322,15.296543971718826,4.4628759267540925,14.863828184459106,0.4327157872597226,0.8740248885552582,18.189703566522265,0.0008782150753793017,0.00029944510484250237,1.5,10.871591812133374,1.8072275312874808,12.099857280986726,12.099857280986726,347.06640625,134.0,1161.80078125,0.0,0.0,4257.0,1.0,0,32,"[0.6063432050162716, 0.9761950168274185, 0.006995966634988052, 0.1604895963736119, 0.1089272925165714]"
323,15.278560042139581,4.462637012876336,14.849253345309338,0.4293066968302448,0.8739937742589403,18.17430345261653,0.0009036027871464902,0.0002780210365202415,1.46875,13.89554518738123,2.2427087812957325,14.210781593703814,14.210781593703814,347.06640625,134.0,1161.80078125,0.0,0.0,4257.0,1.0,0,32,"[0.6062199798773502, 0.976429466745016, 0.00704207573246853, 0.15952641872612924, 0.10892389078235525]"
324,15.260485738156142,4.462415088197203,14.834554571837996,0.4259311663181451,0.8739624365926766,18.157171581110237,0.0009637821799410307,0.00025783228651874264,1.4375,10.394200718849333,1.3834394687251006,10.935971718765813,10.935971718765813,347.06640625,134.0,1161.80078125,0.0,0.0,4257.0,1.0,0,32,"[0.6060913070964066, 0.9766660179634282, 0.007092500026235875, 0.15856468402751023, 0.10892063554317681]"
325,15.242465690245435,4.461971619492028,14.819898133874222,0.42256755637121024,0.8739308723993631,18.14092926221583,0.0008880853830141866,0.00023906464995379455,1.40625,11.512780312500581,2.151689250013078,12.4455291876302,12.4455291876302,347.06640625,134.0,1161.80078125,0.0,0.0,4257.0,1.0,0,32,"[0.6059571818883223, 0.9769046988239671, 0.007144715056975594, 0.15760431621036802, 0.10891761532279914]"
326,15.224427982715026,4.461508111543953,14.805214984567158,0.4192129981478691,0.8738990821269851,18.12722603947969,0.0008441339233780099,0.00023349187565166885,1.375,9.411834000161434,1.0957957185837586,10.164639624974825,10.164639624974825,347.06640625,134.0,1161.80078125,0.0,0.0,4257.0,1.0,0,32,"[0.6058176199712815, 0.977145506832381, 0.007198002093035955, 0.15664531409705376, 0.10891454728721436]"
327,15.20634923131993,4.4610415324977835,14.790460564165759,0.41588866715417294,0.8738670695504089,18.117712076208324,0.0008492534578969924,0.0002390962848168214,1.375,11.044123406122708,1.4098136564371089,11.581183187558963,11.581183187558963,347.06640625,134.0,1161.80078125,0.0,0.0,4257.0,1.0,0,32,"[0.6056727146016944, 0.9773884111681503, 0.007250394544102715, 0.15568758601986693, 0.10891110072827294]"
328,15.18836706283574,4.460577066132103,14.775791042897392,0.41257601993834847,0.8738348404722422,18.106622520462615,0.0009964176961783089,0.0002866484132090447,1.28125,10.07600703138678,1.6791978437709076,10.949000374978368,10.949000374978368,347.06640625,134.0,1161.80078125,0.0,0.0,4257.0,1.0,0,32,"[0.6055225452493548, 0.9776333631775852, 0.007301556905533524, 0.15473112598294375, 0.10890732061802831]"
329,15.170381780146993,4.460103358899347,14.761095017885717,0.4092867622612748,0.8738023902339495,18.098965647481794,0.00095713590540214,0.00026378442106234334,1.3125,11.6055791561962,2.293421249930816,12.69769712479274,12.69769712479274,347.06640625,134.0,1161.80078125,0.0,0.0,4257.0,1.0,0,32,"[0.6053670428429287, 0.9778804037755666, 0.007350728140767839, 0.1537759530366963, 0.10890322465328665]"
330,15.152378854444228,4.459535452444636,14.746349341428289,0.4060295130159393,0.8737697185439235,18.089396856566207,0.0009660032803382457,0.00025600059239805643,1.3125,9.032113625096372,1.6723588751688112,10.500917500280593,10.500917500280593,347.06640625,134.0,1161.80078125,0.0,0.0,4257.0,1.0,0,32,"[0.605206079414217, 0.9781295361329175, 0.007402614735814806, 0.1528223747032368, 0.10889875404379838]"
331,15.134319691758481,4.458903795825175,14.731521179912573,0.40279851184591153,0.8737368230133951,18.08343550038522,0.000974989055046116,0.0002589738737956228,1.28125,10.926110874891037,1.2951536562582078,11.129450656312656,11.129450656312656,347.06640625,134.0,1161.80078125,0.0,0.0,4257.0,1.0,0,32,"[0.6050396486328464, 0.9783807816516719, 0.007455559789146992, 0.15187035062134097, 0.10889391119997956]"
332,15.11620861276863,4.458229300576071,14.716620716267059,0.3995878965015707,0.8737037080438126,18.078665196828474,0.0009837922754947215,0.00025790069096554827,1.34375,9.650767531297788,1.8173383434714196,10.804026218465879,10.804026218465879,347.06640625,134.0,1161.80078125,0.0,0.0,4257.0,1.0,0,32,"[0.6048678377908088, 0.978634103730407, 0.007508135963636713, 0.15091981561546783, 0.10888862844791442]"
333,15.098112986662606,4.457455025616424,14.701707182176797,0.396405804485811,0.8736703740204508,18.074027317616462,0.0009233697001258534,0.00022379458279267033,1.40625,10.550625406324343,1.7630603123279798,11.521381905993167,11.521381905993167,347.06640625,134.0,1161.80078125,0.0,0.0,4257.0,1.0,0,32,"[0.6046906185120773, 0.9788895002010245, 0.007560924399186018, 0.14997084422011636, 0.10888291513722903]"
334,15.080048544220046,4.456611348843404,14.686798466874947,0.39325007734509715,0.8736368185590667,18.027983933465823,0.0009238515999783203,0.00021902504443465617,1.40625,10.783327093975004,2.143220499817744,12.576338187500369,12.576338187500369,347.06640625,134.0,1161.80078125,0.0,0.0,4257.0,1.0,0,32,"[0.6045079130052845, 0.9791469923437562, 0.007615271531125731, 0.14902357180395986, 0.10887676265333868]"
335,15.062015032776195,4.455645732784271,14.671888545493397,0.39012648728279825,0.8736029471761401,18.025352324241407,0.0009241302043427879,0.00021825482752542655,1.40625,10.970258562622348,1.5036038124094375,11.240279249932428,11.240279249932428,347.06640625,134.0,1161.80078125,0.0,0.0,4257.0,1.0,0,32,"[0.6043183255035024, 0.9794073787757279, 0.007670074171350121, 0.14807845162332806, 0.10887676265333868]"
336,15.044032826477123,4.454603863868835,14.657003938239974,0.38702888823714915,0.8735688532590561,18.02139956467179,0.0009474898666623766,0.000217744909012826,1.375,10.05712053120078,2.0659040626469505,11.62382368750059,11.62382368750059,347.06640625,134.0,1161.80078125,0.0,0.0,4257.0,1.0,0,32,"[0.6041232757121626, 0.9796698711256088, 0.007724061479941873, 0.14713497999383232, 0.10887676265333868]"
337,15.02601734974802,4.453448957686874,14.642059194284656,0.38395815546336287,0.8735345324858174,18.01838793241916,0.0009853228824034943,0.00022088799114251148,1.375,10.579888281199601,2.4475859689232493,12.478134468722146,12.478134468722146,347.06640625,134.0,1161.80078125,0.0,0.0,4257.0,1.0,0,32,"[0.6039226719773878, 0.9799345073186323, 0.007777880819300067, 0.14619326384464112, 0.10887676265333868]"
338,15.008091377021714,4.452174558254319,14.627178148067557,0.38091322895415614,0.8734999846894619,18.017731326601307,0.000983315987023392,0.0002160254317543665,1.40625,9.501055468774666,1.273982718885236,10.220230281277054,10.220230281277054,347.06640625,134.0,1161.80078125,0.0,0.0,4257.0,1.0,0,32,"[0.6037165033879149, 0.9802012897387683, 0.007831314772160553, 0.14525333487620637, 0.10887676265333868]"
339,14.990118871455456,4.450821640330139,14.612220417397827,0.377898454057627,0.873465211620452,18.02106407045825,0.0009829541849319945,0.00022160791729768808,1.4375,11.653028468742832,1.9550145625544246,12.582312312531485,12.582312312531485,347.06640625,134.0,1161.80078125,0.0,0.0,4257.0,1.0,0,32,"[0.6035047529376785, 0.9804702043255255, 0.007885735855824257, 0.14431531300145786, 0.10887676265333868]"
340,14.972059334404875,4.449501621223457,14.597148974607958,0.3749103597969175,0.8734302205375312,18.02445225013164,0.000982432843124048,0.00023750572728704257,1.40625,10.88299584375818,1.3950682813401727,11.219144406368287,11.219144406368287,347.06640625,134.0,1161.80078125,0.0,0.0,4262.0,6.0,0,32,"[0.603287564693664, 0.980741189468083, 0.007939447018327415, 0.1433790911099185, 0.10887676265333868]"
341,14.95396686337567,4.448137611321805,14.58202510069773,0.37194176267794093,0.8733950093136563,18.02989427951663,0.0009818331715809592,0.0002449812125479868,1.375,10.311941781310452,1.7670604376576193,11.20505362524682,11.20505362524682,347.06640625,134.0,1161.80078125,0.0,0.0,4259.0,3.0,0,32,"[0.6030649184013781, 0.9810142643679612, 0.007991301636028802, 0.14244465554434382, 0.10887676265333868]"
342,14.935762746343265,4.446823162637942,14.566760236439873,0.3690025099033939,0.8733595798333208,18.03422792119993,1.2068391227249009e-05,0.00018806250252264504,1.4375,10.85308149993125,1.5798612815274282,11.266864250160324,11.266864250160324,347.06640625,134.0,1161.80078125,0.0,0.0,4252.0,0.0,0,32,"[0.6028367891467861, 0.9812894141077905, 0.008042659103897242, 0.14151212561218865, 0.10887676265333868]"
343,14.917694441585606,4.445314584432938,14.551608174854993,0.36608626673061495,0.8733239262941566,18.039261293737894,1.214172331343022e-05,0.00018366820992866864,1.5,10.650807062347667,1.548456937712217,11.367805593920366,11.367805593920366,347.06640625,134.0,1161.80078125,0.0,0.0,4252.0,0.0,0,32,"[0.6026029993754461, 0.9815666897909056, 0.008096394078129773, 0.14058176380573154, 0.10887676265333868]"
344,14.899620005066051,4.4437954375900555,14.536422060312704,0.36319794475334655,0.873288048229546,18.04843486750659,1.2214460367143687e-05,0.0001825639112971177,1.5,12.186347718625257,1.3781570626179018,12.354165437500342,12.354165437500342,347.06640625,134.0,1161.80078125,0.0,0.0,4252.0,0.0,0,32,"[0.6023635952966704, 0.9818460959765969, 0.008150100694649724, 0.13965346780239807, 0.10887676265333868]"
345,14.881472955907114,4.442263576334128,14.521136278852708,0.3603366770544027,0.8732519530207323,18.06009607911665,1.2285131719025344e-05,0.00018923821269344786,1.46875,8.895752906141752,1.661833468858731,10.46627062493144,10.46627062493144,347.06640625,134.0,1161.80078125,0.0,0.0,4252.0,0.0,0,32,"[0.602118688176758, 0.9821275700510325, 0.008203488236383406, 0.13872721588287268, 0.10887676265333868]"
346,14.863307271073966,4.440662090746814,14.505806646833914,0.35750062424005197,0.873215644788584,18.06982308233317,1.235083970296813e-05,0.00020051713006710177,1.46875,11.661485624870238,1.1067447188111146,11.899154343666396,11.899154343666396,347.06640625,134.0,1161.80078125,0.0,0.0,4252.0,0.0,0,32,"[0.6018683525632275, 0.9824110774407578, 0.008255576281913877, 0.1378029634952197, 0.10887676265333868]"
347,14.84526142433008,4.438929485279134,14.490574029659424,0.3546873946706567,0.8731791180001172,18.2391542015295,0.0009749853995368873,0.00023854451647579167,1.46875,10.617636343908998,1.9498920311207257,11.597796624926104,11.597796624926104,347.06640625,134.0,1161.80078125,0.0,0.0,4263.0,7.0,0,32,"[0.6016124880965237, 0.982696666688685, 0.008306400331334084, 0.1368807980696331, 0.10887676265333868]"
348,14.827136599269163,4.437310491582593,14.475257704044946,0.35187889522421534,0.873142837701295,18.253339268159095,0.000951444917338673,0.00023493199929500096,1.46875,11.097333156214972,2.2113911874157566,12.405332624837229,12.405332624837229,347.06640625,134.0,1161.80078125,0.0,0.0,4257.0,1.0,0,32,"[0.6013584638110702, 0.9829803365374725, 0.008352530050817484, 0.13595728568299764, 0.10887676265333868]"
349,14.808968706832228,4.435833154366878,14.459864283075692,0.349104423756536,0.8731063433850895,18.267801285565813,0.0009560924091771561,0.0002257210536630424,1.4375,10.885657593973974,2.064753655986351,12.371564937268431,12.371564937268431,347.06640625,134.0,1161.80078125,0.0,0.0,4257.0,1.0,0,32,"[0.6010988693508154, 0.9832660498774048, 0.008401589539857781, 0.13503610612931397, 0.10887676265333868]"
350,14.790770719797573,4.434275436556953,14.444409606229577,0.34636111356799454,0.8730696336311745,18.286514547947196,0.0009611169543704001,0.00021690730045494642,1.4375,11.57027400000743,2.003864875007366,12.301383093813456,12.301383093813456,347.06640625,134.0,1161.80078125,0.0,0.0,4256.0,0.0,0,32,"[0.6008336705886109, 0.9835538198790236, 0.008453742157465962, 0.1341173362195051, 0.10887676265333868]"
351,14.772637607015188,4.432568136559003,14.428992477617609,0.3436451293975803,0.8730327160462551,18.307941905075474,0.0009695931502653465,0.00023815741108870132,1.375,10.16890209371013,1.923726656116287,11.157983374744163,11.157983374744163,347.06640625,134.0,1161.80078125,0.0,0.0,4256.0,0.0,0,32,"[0.600562997194723, 0.9838435820055016, 0.008508091634411435, 0.13320091930660147, 0.10887676265333868]"
352,14.754405406713584,4.430807966809313,14.41344686169819,0.3409585450153943,0.87299559588627,18.330622509775093,0.0009717207822839136,0.00023105659556031116,1.375,12.225108312463817,1.8686507500547123,12.598413875025471,12.598413875025471,347.06640625,134.0,1161.80078125,0.0,0.0,4256.0,0.0,0,32,"[0.6002869686266253, 0.9841352914437541, 0.008562949613701142, 0.13228675059387027, 0.10887676265333868]"
353,14.736132233140664,4.428990597637935,14.39783223420439,0.3382999989362734,0.872958273007754,18.351326819615583,0.0009777039021940936,0.00022692287791804762,1.40625,13.496396968662339,2.6482705938519757,14.758403218706917,14.758403218706917,347.06640625,134.0,1161.80078125,0.0,0.0,4256.0,0.0,0,32,"[0.6000055572802295, 0.9844289503949682, 0.008618842803548691, 0.13137491287485434, 0.10887676265333868]"
354,14.717787911429912,4.427083933376408,14.382120733005488,0.3356671784244233,0.8729207414419823,18.37609565379005,0.0009847737056065675,0.00022317085260986804,1.4375,14.631116749967532,1.5514345312226396,14.27654937498346,14.27654937498346,347.06640625,134.0,1161.80078125,0.0,0.0,4256.0,0.0,0,32,"[0.5997186671537319, 0.984724611096556, 0.008675369425863864, 0.13046547153764534, 0.10887676265333868]"
355,14.699379034069349,4.425106553424859,14.366316950903133,0.33306208316621466,0.8728830092375477,18.400737034766124,0.0009917985520280226,0.00022938615123394354,1.4375,11.536006062442539,1.8159058125775118,11.90490662514776,11.90490662514776,347.06640625,134.0,1161.80078125,0.0,0.0,4256.0,0.0,0,32,"[0.5994264221787885, 0.9850222050229562, 0.008732112023509483, 0.12955838223266905, 0.10887676265333868]"
356,14.680925977413729,4.423053559642963,14.350443758137512,0.33048221927621557,0.872845075762503,18.429562334026166,0.0009986124276446517,0.0002408884505636822,1.4375,10.205823875025999,2.041187375084519,11.91046334378143,11.91046334378143,347.06640625,134.0,1161.80078125,0.0,0.0,4256.0,0.0,0,32,"[0.5991288348380795, 0.9853217380849065, 0.008787858053011917, 0.1286536092779212, 0.10887676265333868]"
357,14.66238712942814,4.421016203631355,14.334460538119854,0.32792659130828644,0.8728069486887502,18.46235364887251,0.0009991945479801423,0.000211851468312464,1.46875,9.45028746866683,1.454254375232722,10.345119281339521,10.345119281339521,347.06640625,134.0,1161.80078125,0.0,0.0,4256.0,0.0,0,32,"[0.598826024767106, 0.9856231448572997, 0.008842267905265308, 0.12775111296964603, 0.10887676265333868]"
358,14.64385443434832,4.418824732422735,14.318457867275708,0.32539656707261383,0.8727686320842527,18.491243751063884,1.3097118664262553e-05,0.0001783512915699267,1.5,10.576656499949877,1.779357718760366,11.88738946882495,11.88738946882495,347.06640625,134.0,1161.80078125,0.0,0.0,4256.0,0.0,0,32,"[0.5985179781255976, 0.985926391790554, 0.00889769194392319, 0.12685107033728568, 0.10887676265333868]"
359,14.625285713230216,4.416625175548692,14.302395427236558,0.3228902859936559,0.8727301161822016,18.554105746910125,1.3159270250806543e-05,0.00017619257939288248,1.5,11.181523874938648,1.5590806252134826,11.709531718906874,11.709531718906874,347.06640625,134.0,1161.80078125,0.0,0.0,4256.0,0.0,0,32,"[0.5982045187347348, 0.9862315641026367, 0.008954511965496788, 0.12595363813629978, 0.10887676265333868]"
360,14.606624518149037,4.414396629575999,14.286274477030817,0.3203500411182195,0.8726914891061659,18.583300117304184,1.3122819794375573e-05,0.00018034414879153447,1.5,11.182887281336207,1.340566656097053,11.712617093678546,11.712617093678546,347.06640625,134.0,1161.80078125,0.0,0.0,4256.0,0.0,0,32,"[0.5978880879515548, 0.9865379044536278, 0.008971865871679254, 0.12505601572640182, 0.10887676265333868]"
361,14.587979206035481,4.4120624812779,14.270125589905476,0.31785361613000557,0.872652654719635,18.618062355853358,1.3111891510320106e-05,0.0001822798039009428,1.5,10.03225884380754,1.267257531026189,10.748518843627153,10.748518843627153,347.06640625,134.0,1161.80078125,0.0,0.0,4256.0,0.0,0,32,"[0.5975659101886768, 0.9868462357295051, 0.008999392542640037, 0.1241613785956004, 0.10887676265333868]"
362,14.56928194988856,4.40958744679782,14.253886545191811,0.31539540469674965,0.8726136246091719,18.650952416234148,1.3118945811463334e-05,0.000190060276720077,1.5,11.535977156199806,1.9041581876422242,12.511392968804103,12.511392968804103,347.06640625,134.0,1161.80078125,0.0,0.0,4256.0,0.0,0,32,"[0.5972381958300546, 0.9871564615317648, 0.009034742657456553, 0.1232696871578555, 0.10887676265333868]"
363,14.5505439153516,4.407018756896683,14.23757271446044,0.31297120089116093,0.872574395997462,18.692881315179203,1.3137230998605531e-05,0.0002015207963908124,1.5,9.853091718809992,1.702847281421782,11.315368125167424,11.315368125167424,347.06640625,134.0,1161.80078125,0.0,0.0,4256.0,0.0,0,32,"[0.5969049397144874, 0.9874686083593393, 0.00907525059018872, 0.12238094432280246, 0.10887676265333868]"
364,14.531815024232626,4.404358960099708,14.221237907492075,0.3105771167405525,0.8725349868766844,18.73550115191366,1.3162353628359824e-05,0.00020795348834670225,1.5,12.081959187355551,1.6746517500791924,12.38187390629264,12.38187390629264,347.06640625,134.0,1161.80078125,0.0,0.0,4256.0,0.0,0,32,"[0.5965664613942514, 0.9877825219924452, 0.009119183259525885, 0.1214949643127315, 0.10887676265333868]"
365,14.513077223635236,4.401621542058604,14.204864989130012,0.30821223450522284,0.8724953980949599,18.78204546160893,1.3193564584401685e-05,0.00020978720778354863,1.5,9.689760624894461,1.953501499997401,11.268326062406686,11.268326062406686,347.06640625,134.0,1161.80078125,0.0,0.0,4256.0,0.0,0,32,"[0.5962227731666768, 0.9880981959873771, 0.009166262489455002, 0.12061178150195014, 0.10887676265333868]"
366,14.494344485034123,4.3987887649504644,14.188468541264346,0.3058759437697784,0.8724556372336619,18.828670383833064,1.3231032715665947e-05,0.00020545237084457395,1.5,12.699216468774921,2.5612100312173425,13.913778187543357,13.913778187543357,347.06640625,134.0,1161.80078125,0.0,0.0,4256.0,0.0,0,32,"[0.5958740042678891, 0.9884155655138664, 0.0092159447856609, 0.1197313449577642, 0.10887676265333868]"
367,14.475557336525387,4.395933191542898,14.171991218550506,0.30356611797488187,0.8724157034080324,18.879060279778336,1.3276813561891032e-05,0.00018936714223785053,1.53125,9.325598562668347,1.2373319060543508,10.371147812350046,10.371147812350046,347.06640625,134.0,1161.80078125,0.0,0.0,4256.0,0.0,0,32,"[0.5955201256228798, 0.9887346390935366, 0.009268468325035235, 0.11885373272381662, 0.10887676265333868]"
368,14.456716661648006,4.392948210817962,14.1554315833078,0.3012850783402074,0.872375603388476,18.93128258673716,1.3327049156242055e-05,0.00017695097188668085,1.53125,11.678119749774396,2.075267562645422,12.81248890632014,12.81248890632014,347.06640625,134.0,1161.80078125,0.0,0.0,4256.0,0.0,0,32,"[0.5951612425832651, 0.9890553589997604, 0.009323550033383133, 0.11797891405058532, 0.10887676265333868]"
369,14.437780386470145,4.389839607426404,14.138744969963454,0.2990354165066914,0.8723353405858909,18.985095646019833,1.338033142639361e-05,0.00018922122977642697,1.5,9.501209906318309,1.3210459688366427,10.464201218837843,10.464201218837843,347.06640625,134.0,1161.80078125,0.0,0.0,4256.0,0.0,0,32,"[0.5947974168884077, 0.9893776963072822, 0.009380635923595919, 0.11710686432431981, 0.10887676265333868]"
370,14.418770998846316,4.386680355031493,14.121964694805936,0.2968063040403788,0.872294918375988,19.03832327869578,1.3431098527139085e-05,0.00018726292864165825,1.5,12.736890406245038,2.2753438749987254,14.021705437414766,14.021705437414766,347.06640625,134.0,1161.80078125,0.0,0.0,4256.0,0.0,0,32,"[0.5944287635198592, 0.9897016214478929, 0.00943745417857051, 0.11623741686584987, 0.10887676265333868]"
371,14.399680855926555,4.383449854583171,14.105078379020817,0.2946024769057375,0.872254333882082,19.130470390215066,1.3481084318645031e-05,0.00018952631764482562,1.5,11.63925984388925,1.2385196249056207,11.299051187506848,11.299051187506848,347.06640625,134.0,1161.80078125,0.0,0.0,4256.0,0.0,0,32,"[0.5940551999598374, 0.9900271605154238, 0.009494718674934484, 0.1153707015956538, 0.10887676265333868]"
372,14.380494734596361,4.3801956083634686,14.088075875365575,0.2924188592307845,0.872213695841088,19.192747014359345,1.3527410600122636e-05,0.00018800113992835046,1.5,10.204817375154107,2.2953420935323265,11.970368093557227,11.970368093557227,347.06640625,134.0,1161.80078125,0.0,0.0,4256.0,0.0,0,32,"[0.5936785515807743, 0.9903533706185406, 0.009551060644081523, 0.11450551459292761, 0.10887676265333868]"
373,14.361228609681676,4.3768870630666274,14.070967717849273,0.29026089183240467,0.8721729116238371,19.254285945394855,1.352604035353977e-05,0.00019374960872353399,1.46875,11.786563843941167,1.430763437610949,12.275620094101214,12.275620094101214,347.06640625,134.0,1161.80078125,0.0,0.0,4256.0,0.0,0,32,"[0.5932972478815133, 0.9906810560623093, 0.009607596234182425, 0.11364294084771857, 0.10887676265333868]"
374,14.34195374937958,4.373491609818601,14.053828698982201,0.2881250503973804,0.8721319784086186,19.31688234220771,1.356455235246301e-05,0.00019073579582279274,1.46875,10.05625953132494,1.3771435935723275,10.939538937293491,10.939538937293491,347.06640625,134.0,1161.80078125,0.0,0.0,4252.0,0.0,0,32,"[0.5929112539591566, 0.991010241622324, 0.009663672223137063, 0.11278299838310582, 0.10887676265333868]"
375,14.322611173902844,4.369998923690464,14.036597697561207,0.2860134763416369,0.8720908983987121,19.383667498814077,1.3602529153722287e-05,0.000188785434404382,1.46875,12.082690812349028,1.7727073127389303,12.510940687775474,12.510940687775474,347.06640625,134.0,1161.80078125,0.0,0.0,4252.0,0.0,0,32,"[0.5925205683987028, 0.9913409092091452, 0.009720342920599156, 0.1119257865236872, 0.10887676265333868]"
376,14.303195136017948,4.3664166639477395,14.019268969394975,0.28392616662297365,0.8720496774670936,19.44937109537355,1.363937731335696e-05,0.00018964649493500047,1.46875,10.103527718797523,1.5497628436378363,10.8091108124313,10.8091108124313,347.06640625,134.0,1161.80078125,0.0,0.0,4252.0,0.0,0,32,"[0.5921252872709106, 0.9916730083570101, 0.009777374318832506, 0.1110712630274542, 0.10887676265333868]"
377,14.283685911378258,4.362748103965663,14.001823053803646,0.2818628575746125,0.8720083136217459,19.51984380141112,1.3674282875797417e-05,0.00019551792818745472,1.46875,11.57715071877874,1.1586006250468017,11.95591784392036,11.95591784392036,347.06640625,134.0,1161.80078125,0.0,0.0,4252.0,0.0,0,32,"[0.5917253795055798, 0.992006556797162, 0.009834428964487999, 0.11021946259031563, 0.10887676265333868]"
378,14.26408841186539,4.35897898401154,13.984266085830317,0.27982232603507307,0.8719668161118969,19.593610402327645,1.3707247407346301e-05,0.00020462972069314894,1.46875,11.214874937536479,2.143991656112121,12.677191593638781,12.677191593638781,347.06640625,134.0,1161.80078125,0.0,0.0,4252.0,0.0,0,32,"[0.5913210035727348, 0.9923414746098393, 0.009891052694039539, 0.10937028421274189, 0.10887676265333868]"
379,14.244433913703432,4.35508309728585,13.966630595806581,0.27780331789685075,0.8719251903876095,19.669591332426428,1.3737006885783387e-05,0.00020912606989543226,1.46875,11.69007840633185,1.7068143436631544,12.064059500005442,12.064059500005442,347.06640625,134.0,1161.80078125,0.0,0.0,4252.0,0.0,0,32,"[0.590912245027463, 0.9926777149973746, 0.009947121208399766, 0.10852369388964879, 0.10887676265333868]"
380,14.224660057890254,4.351023648959958,13.948852584242145,0.2758074736481097,0.8718834393016558,19.74780285345778,1.3695370728594725e-05,0.0002194759267668266,1.4375,12.661788468903978,1.5081638122182994,13.029683437366657,13.029683437366657,347.06640625,134.0,1161.80078125,0.0,0.0,4252.0,0.0,0,32,"[0.5904991197918378, 0.9930152541235028, 0.010003412996997686, 0.10767975899135468, 0.10887676265333868]"
381,14.204847958144352,4.346934474066421,13.931014439652738,0.2738335184916136,0.871841566580141,19.82477499796043,1.372077211936329e-05,0.00022426570267851333,1.4375,11.511558187351056,2.454494343794522,12.964169062456676,12.964169062456676,347.06640625,134.0,1161.80078125,0.0,0.0,4252.0,0.0,0,32,"[0.5900817022969318, 0.9933540598552547, 0.010059217012406278, 0.1068384152905149, 0.10887676265333868]"
382,14.184969873296549,4.342743305196767,13.913087531048015,0.27188234224853075,0.871799568167782,19.9084973706456,1.3745419729094266e-05,0.0002245337905218889,1.4375,10.806815500188804,1.9482501562038124,11.641516593840606,11.641516593840606,347.06640625,134.0,1161.80078125,0.0,0.0,4252.0,0.0,0,32,"[0.5896598864463249, 0.9936941684851205, 0.01011556579644354, 0.10599983176897086, 0.10887676265333868]"
383,14.165034469476108,4.3384441446232795,13.895080315255303,0.2699541542208054,0.8717574576770492,19.993650059221537,1.3769674957142541e-05,0.00022159261704656104,1.4375,11.477094031363322,1.8533627811621045,11.832775062316614,11.832775062316614,347.06640625,134.0,1161.80078125,0.0,0.0,4252.0,0.0,0,32,"[0.589233889002878, 0.9940354622311834, 0.010172634434426025, 0.1051638964080525, 0.10887676265333868]"
384,14.145024634999427,4.3340553582359655,13.876975726746776,0.2680489082526486,0.8717152359170592,20.08016778912812,1.3794004930733905e-05,0.0002157007337679106,1.4375,10.62868821856,2.3634912813577102,12.40074337488295,12.40074337488295,347.06640625,134.0,1161.80078125,0.0,0.0,4252.0,0.0,0,32,"[0.5888037116640077, 0.9943779346277707, 0.01023063650841925, 0.10433065222168769, 0.10887676265333868]"
385,14.124934410063442,4.329566897076489,13.858767155564344,0.2661672544990993,0.8716729051577317,20.17331591290662,1.3818576476865019e-05,0.0002103655301144085,1.4375,12.0510337812334,2.7015002498274043,13.696441718593633,13.696441718593633,347.06640625,134.0,1161.80078125,0.0,0.0,4252.0,0.0,0,32,"[0.5883693834948462, 0.9947215664753035, 0.010289658614909379, 0.10350011469346909, 0.10887676265333868]"
386,14.104747412265942,4.324990529292795,13.840438784811036,0.2643086274549058,0.8716304771942912,20.262900763207387,1.3842716926060206e-05,0.0002090239971679236,1.4375,11.239393843595735,2.066041843647781,12.48440062465761,12.48440062465761,347.06640625,134.0,1161.80078125,0.0,0.0,4252.0,0.0,0,32,"[0.587931107209878, 0.9950662553774497, 0.010349428608116593, 0.10267214669488245, 0.10887676265333868]"
387,14.084469031672079,4.32032988675682,13.821996468296536,0.2624725633755447,0.8715879431798615,20.35920747742076,1.3865964204828884e-05,0.00020826083644070678,1.4375,10.940908437532926,1.7887053748495418,11.932578531173021,11.932578531173021,347.06640625,134.0,1161.80078125,0.0,0.0,4252.0,0.0,0,32,"[0.5874887325518445, 0.9954120787150227, 0.010409752686610308, 0.10184687589891689, 0.10887676265333868]"
388,14.064089225901832,4.31558023230297,13.803430880598075,0.260658345303755,0.8715453160326299,20.45661172145469,1.3887604939366582e-05,0.00020996190243647238,1.4375,12.38809037511146,2.0199533124696245,13.79339481252373,13.79339481252373,347.06640625,134.0,1161.80078125,0.0,0.0,4252.0,0.0,0,32,"[0.58704248270171, 0.9957589242161393, 0.010470336603169282, 0.1010241433429399, 0.10887676265333868]"
389,14.04359863021753,4.310742231424404,13.784732869806568,0.2588657604109614,0.8715025981786818,20.55624192546376,1.3907275692393029e-05,0.00021568552472141494,1.4375,9.500505562527906,1.3801395935502114,10.472653624788109,10.472653624788109,347.06640625,134.0,1161.80078125,0.0,0.0,4252.0,0.0,0,32,"[0.5865923977810678, 0.9961067710741496, 0.010531027130000054, 0.10020393435278196, 0.10887676265333868]"
390,14.022984472863438,4.3057543907529086,13.76589026622004,0.25709420664339744,0.8714597934632208,20.65608549030886,1.388916307165644e-05,0.00022695113743894415,1.40625,12.39234290596869,2.8027468438835967,14.100384000073518,14.100384000073518,347.06640625,134.0,1161.80078125,0.0,0.0,4252.0,0.0,0,32,"[0.5861385487937453, 0.9964555859590399, 0.010591471228620478, 0.09938619614056045, 0.10887676265333868]"
391,14.002299119435573,4.300720035829586,13.74695616736209,0.2553429520734824,0.8714168996266625,20.76162896519637,1.3907936624590889e-05,0.0002338305699605973,1.40625,9.033355937503984,1.488215124936687,10.19393859360207,10.19393859360207,347.06640625,134.0,1161.80078125,0.0,0.0,4252.0,0.0,0,32,"[0.5856809031691741, 0.996805388737998, 0.010651282517002187, 0.09857095316578166, 0.10887676265333868]"
392,13.981475609934702,4.29554556366981,13.727864500488714,0.2536111094459884,0.8713739268875148,20.908931308482263,1.3924406827126035e-05,0.00023795210673019393,1.40625,10.183541375056393,1.123214031167663,10.91710496854148,10.91710496854148,347.06640625,134.0,1161.80078125,0.0,0.0,4252.0,0.0,0,32,"[0.5852196119178874, 0.9971560910914159, 0.010711051125559532, 0.09775815186520162, 0.10887676265333868]"
393,13.96054058942229,4.290288009308649,13.708645113176818,0.2518954762454736,0.8713309803202542,21.01865825625746,1.393655312975639e-05,0.00023838577173411843,1.40625,12.151080500018452,2.025761593813513,12.781156218750311,12.781156218750311,347.06640625,134.0,1161.80078125,0.0,0.0,4252.0,0.0,0,32,"[0.5847564960564475, 0.9975067765112278, 0.01076993766227637, 0.09694631702300298, 0.10887676265333868]"
394,13.939476143736607,4.2849846562306295,13.689273564303408,0.25020257943320157,0.8712879603233129,21.132606603865366,1.394793277409434e-05,0.00023704743578073324,1.40625,9.04441756227925,1.9853215627563259,10.585872218882741,10.585872218882741,347.06640625,134.0,1161.80078125,0.0,0.0,4252.0,0.0,0,32,"[0.5842897936667893, 0.9978583150044422, 0.01082947076082603, 0.09613695593087357, 0.10887676265333868]"
395,13.918286238291358,4.279579972191316,13.669755336176506,0.2485309021148523,0.8712448726190851,21.245109711642232,1.3958580652673191e-05,0.00023854761233460384,1.40625,12.118687093675362,1.9703143749438823,13.168703750068289,13.168703750068289,347.06640625,134.0,1161.80078125,0.0,0.0,4252.0,0.0,0,32,"[0.5838195965755442, 0.9982106570505598, 0.010889699691909269, 0.09533002207126495, 0.10887676265333868]"
396,13.896965001969413,4.27405903942348,13.650084850649774,0.24688015131963773,0.8712017118713972,21.365218483553154,1.3968035342148966e-05,0.0002421139869670753,1.40625,11.987900781264216,2.4333187187721705,13.02557734373977,13.02557734373977,347.06640625,134.0,1161.80078125,0.0,0.0,4252.0,0.0,0,32,"[0.5833458142430445, 0.9985638494447374, 0.010950421338107141, 0.09452559785743916, 0.10887676265333868]"
397,13.875494045583453,4.268369549066306,13.630245168647175,0.24524887693627867,0.8711584937570938,21.496489403141364,1.3887130565048977e-05,0.0002476982358648622,1.375,9.670770124955652,2.386621687776369,11.49502109393552,11.49502109393552,347.06640625,134.0,1161.80078125,0.0,0.0,4252.0,0.0,0,32,"[0.5828687259689436, 0.9989177554082617, 0.011011198809559326, 0.09372344859036898, 0.10887676265333868]"
398,13.853935367303492,4.262615265505628,13.61031904688113,0.2436163204223615,0.871115242552984,21.61885540540206,1.3864014032360927e-05,0.00024780039955610696,1.375,12.730209093888334,2.56448971839518,13.826736312353205,13.826736312353205,347.06640625,134.0,1161.80078125,0.0,0.0,4252.0,0.0,0,32,"[0.58238938500979, 0.9992721510851993, 0.0110529234622956, 0.0929216412554065, 0.10887676265333868]"
399,13.832247163026405,4.256760457300429,13.590237838171282,0.24200932485512416,0.8710719313297332,21.74364036189234,1.3847863685523265e-05,0.0002494415629265802,1.375,9.586640624888787,1.4106885938645064,10.373333124903183,10.373333124903183,347.06640625,134.0,1161.80078125,0.0,0.0,4252.0,0.0,0,32,"[0.5819065508997578, 0.9996272859892501, 0.011098949003115382, 0.09212249666792155, 0.10887676265333868]"
400,13.81041166273484,4.250796371447223,13.569986323938029,0.2404253387968123,0.8710285623510213,22.13340938271927,1.3837031022756463e-05,0.0002483806176506114,1.375,9.370867312497921,1.4102002186859863,10.417422218779393,10.417422218779393,347.06640625,134.0,1161.80078125,0.0,0.0,4252.0,0.0,0,32,"[0.5814202778092922, 0.9999831406681491, 0.011148555797492785, 0.091325976049892, 0.10887676265333868]"
401,13.788426431070093,4.2448030299534665,13.549599798974175,0.23882663209591665,0.8709862401144177,22.261512515813806,1.3817856431952436e-05,0.0002464306024481768,1.375,10.480444500217345,2.36143074988604,12.066382000114118,12.066382000114118,347.06640625,134.0,1161.80078125,0.0,0.0,4252.0,0.0,0,32,"[0.5809497897119791, 1.0003300731323996, 0.01119571710612139, 0.09051600405870698, 0.10887676265333868]"
402,13.766095173877556,4.2390723717275245,13.528843008416477,0.23725216546107897,0.8709438541601692,22.395279445113257,1.3806146071715375e-05,0.00024272651010148549,1.375,10.731732312251552,1.3925098124900614,11.558600687123999,11.558600687123999,347.06640625,134.0,1161.80078125,0.0,0.0,4252.0,0.0,0,32,"[0.5804757656875458, 1.0006777768028818, 0.011246753741795444, 0.08970866358306342, 0.10887676265333868]"
403,13.743641301242356,4.23321406668609,13.507939097810256,0.2357022034321009,0.8709014140664414,22.524891734209376,1.380122717442589e-05,0.00023937235890904646,1.375,12.542916875077026,2.0031761876566634,12.756957156454973,12.756957156454973,347.06640625,134.0,1161.80078125,0.0,0.0,4252.0,0.0,0,32,"[0.5799983824243327, 1.0010261683514126, 0.011301125837967978, 0.08890382060205773, 0.10887676265333868]"
404,13.721053806860809,4.227227084216639,13.486877116626012,0.23417669023479765,0.8708589107238425,22.662397692613467,1.3807799388754205e-05,0.00023789552312564785,1.375,9.085824781493557,1.3438431558938646,10.069269937275749,10.069269937275749,347.06640625,134.0,1161.80078125,0.0,0.0,4252.0,0.0,0,32,"[0.579517490919025, 1.0013753274790371, 0.01135842849434166, 0.08810160637300672, 0.10887676265333868]"
405,13.69833045258012,4.221110356285482,13.465656131273223,0.23267432130689622,0.8708163571091829,22.803120705672082,1.38165412191249e-05,0.00023745455114156867,1.375,11.033651749926321,1.1677297187020486,11.467944093794813,11.467944093794813,347.06640625,134.0,1161.80078125,0.0,0.0,4252.0,0.0,0,32,"[0.5790333342436128, 1.0017251408563732, 0.011417937914466342, 0.08730180543301795, 0.10887676265333868]"
406,13.675462935338363,4.214852683634738,13.44426865540964,0.2311942799287219,0.8707737581484509,22.94568331017086,1.382712072706127e-05,0.00023776719986317302,1.375,10.747996499731016,1.6034091250389793,11.73666337490431,11.73666337490431,347.06640625,134.0,1161.80078125,0.0,0.0,4252.0,0.0,0,32,"[0.5785460087521972, 1.0020755654863915, 0.011479205986603206, 0.08650433275798153, 0.10887676265333868]"
407,13.652455525944491,4.208452257521372,13.422719338984347,0.22973618696014386,0.8707311147773923,23.093856510141546,1.3917117068107387e-05,0.00023659408792747635,1.375,9.412434499949995,1.2314290939343664,10.14599403140437,10.14599403140437,347.06640625,134.0,1161.80078125,0.0,0.0,4252.0,0.0,0,32,"[0.5780555339409874, 1.0024265933527166, 0.01154201276544474, 0.08570917918466152, 0.10887676265333868]"
408,13.62930280348796,4.201915266385032,13.401002940926542,0.22829986256141915,0.8706884356802225,23.260687944629513,1.4012015584707882e-05,0.00023617327823918723,1.375,12.51621343737952,1.788668656331538,12.790152374975605,12.790152374975605,347.06640625,134.0,1161.80078125,0.0,0.0,4252.0,0.0,0,32,"[0.5775620625288869, 1.0027781487777006, 0.011606190691247839, 0.08491622525003263, 0.10887676265333868]"
409,13.606008634125985,4.195252422733032,13.379140224245113,0.22686840988087098,0.8706457510220448,23.41414428038531,3.493921969965896e-05,0.00022616252175939136,1.375,10.884913250038153,2.8273261874005584,12.83967046873613,12.83967046873613,347.06640625,134.0,1161.80078125,0.0,0.0,4252.0,0.0,0,32,"[0.5770667455477626, 1.0031299543315009, 0.011653966138032795, 0.08412337504525898, 0.10887676265333868]"
410,13.582555750321726,4.188465367958531,13.35709294162499,0.22546280869673652,0.8706030321089261,23.57018750618667,1.4174388098808777e-05,0.00022487799629410444,1.375,10.249472281202543,1.9850356563324567,11.50424856268728,11.50424856268728,347.06640625,134.0,1161.80078125,0.0,0.0,4252.0,0.0,0,32,"[0.5765683590928201, 1.0034822764646194, 0.01170603944822252, 0.08333295210378365, 0.10887676265333868]"
411,13.558938458032639,4.181554965748539,13.334857948501371,0.22408050953126868,0.8705602829029245,23.769152343396694,1.4271224321849019e-05,0.0002237867209083042,1.375,12.120482718557923,1.9953291566139342,12.738824468726762,12.738824468726762,347.06640625,134.0,1161.80078125,0.0,0.0,4252.0,0.0,0,32,"[0.5760669883726124, 1.0038350806611278, 0.011761751272568148, 0.08254488307605029, 0.10887676265333868]"
412,13.535136228177425,4.174553712811941,13.312416303798166,0.2227199243792593,0.8705175922287638,23.9342854618784,1.4371842979699068e-05,0.00022309022671748865,1.375,9.208080812641128,1.1680094687562814,10.126635968902065,10.126635968902065,347.06640625,134.0,1161.80078125,0.0,0.0,4252.0,0.0,0,32,"[0.5755642077199934, 1.0041875906318447, 0.01182005679152226, 0.08175776885158428, 0.10887676265333868]"
413,13.511144666278495,4.167455619374153,13.289762242196765,0.22138242408172965,0.8704748839939209,24.101304611746354,1.447899298723243e-05,0.0002235443126252119,1.375,11.013515187528355,2.2973124687268864,12.490188124957058,12.490188124957058,347.06640625,134.0,1161.80078125,0.0,0.0,4252.0,0.0,0,32,"[0.5750586915112439, 1.0045404713996828, 0.011880950537965857, 0.08097277173182808, 0.10887676265333868]"
414,13.486925390019765,4.160291770351293,13.266858154319737,0.22006723570002898,0.8704321574063794,24.269580362644405,1.3789858162027713e-05,0.00023128925643050379,1.34375,10.277318718749484,1.6920219688358884,11.261285500097529,11.261285500097529,347.06640625,134.0,1161.80078125,0.0,0.0,4252.0,0.0,0,32,"[0.5745504378941013, 1.0048937298306548, 0.011943978116827047, 0.08018988331965711, 0.10887676265333868]"
415,13.462556997919247,4.152896828310797,13.243783671556134,0.21877332636311045,0.8703894133730609,24.44602001190224,1.378827449327602e-05,0.00024045476014200118,1.3125,10.534923374848404,1.468756719191333,11.310420062727644,11.310420062727644,347.06640625,134.0,1161.80078125,0.0,0.0,4252.0,0.0,0,32,"[0.5740394819438845, 1.0052473577561927, 0.012008397899871943, 0.07940903672859688, 0.10887676265333868]"
416,13.438011058476146,4.145370462932633,13.220510759655587,0.21750029882055863,0.8703466631838948,24.62412250015857,1.3383482589279794e-05,0.00025019347546905704,1.28125,10.381145999872388,1.4061784376053765,10.733408031285308,10.733408031285308,347.06640625,134.0,1161.80078125,0.0,0.0,4252.0,0.0,0,32,"[0.5735260313151341, 1.0056012563559054, 0.01207390296393735, 0.07863004165830505, 0.10887676265333868]"
417,13.413322780047093,4.1376947788839065,13.197075223351064,0.2162475566960313,0.8703039069536228,24.80804723800354,1.3382975607267866e-05,0.000252200939154042,1.28125,10.29313371873286,2.0423732499921243,11.911949406339772,11.911949406339772,347.06640625,134.0,1161.80078125,0.0,0.0,4252.0,0.0,0,32,"[0.5730100911172069, 1.0059554246818827, 0.012140345151509644, 0.07785289563293539, 0.10887676265333868]"
418,13.388454747140898,4.129871658666443,13.173438905127561,0.2150158420133356,0.8702611503623755,24.994662817577314,1.3432674970115244e-05,0.00025406205745518156,1.28125,11.203729093608672,1.7190712501928829,12.145564906347772,12.145564906347772,347.06640625,134.0,1161.80078125,0.0,0.0,4252.0,0.0,0,32,"[0.572491744250292, 1.006309813632418, 0.012208163865782964, 0.07707757272001958, 0.10887676265333868]"
419,13.363394392931426,4.121886954887014,13.149589520794002,0.21380487213742244,0.8702183975796562,25.185216880298377,1.3491897446371581e-05,0.0002568267431325904,1.28125,9.985218343842917,1.9909861246674154,11.545658249758617,11.545658249758617,347.06640625,134.0,1161.80078125,0.0,0.0,4252.0,0.0,0,32,"[0.5719710656595894, 1.0066643868361407, 0.012277252501750319, 0.07630401056429711, 0.10887676265333868]"
420,13.33813549663182,4.113737038015085,13.12552131415456,0.2126141824772611,0.8701756508915666,25.378951234423393,1.3552445734532625e-05,0.00025718367300061587,1.28125,11.661232906249097,2.4935299373396447,13.33833909347959,13.33833909347959,347.06640625,134.0,1161.80078125,0.0,0.0,4252.0,0.0,0,32,"[0.5714480995267314, 1.0070191243219784, 0.012347436837652605, 0.07553216738137775, 0.10887676265333868]"
421,13.312676138555936,4.105430669990076,13.101231888914246,0.2114442496416915,0.8701329131058575,25.57629235451497,1.3611727530893347e-05,0.00025868727251844624,1.28125,10.62042746877978,1.4283120624440926,11.3042818750273,11.3042818750273,347.06640625,134.0,1161.80078125,0.0,0.0,4252.0,0.0,0,32,"[0.570922890660763, 1.0073740017954955, 0.012418758506355375, 0.07476201749630881, 0.10887676265333868]"
422,13.287014693942046,4.096964340807197,13.076719997014411,0.21029469692763464,0.87009018755156,25.780491014490018,1.3669443696961991e-05,0.0002587068849046417,1.28125,10.583108999867363,0.8523130313164984,10.381182468904626,10.381182468904626,347.06640625,134.0,1161.80078125,0.0,0.0,4252.0,0.0,0,32,"[0.5703955009927019, 1.0077289901648465, 0.01249106693022473, 0.07399350276809251, 0.10887676265333868]"
423,13.261148250037584,4.0883336598512,13.05198263367604,0.20916561636154465,0.8700474818981094,25.98823082204158,1.3725477050474666e-05,0.0002586313188345602,1.28125,12.590682874872527,1.385830781259756,12.643144312505683,12.643144312505683,347.06640625,134.0,1161.80078125,0.0,0.0,4252.0,0.0,0,32,"[0.5698660648485664, 1.0080840224776948, 0.012564317263810536, 0.07322650614831755, 0.10887676265333868]"
424,13.235072003995251,4.079539551900067,13.027015003934128,0.20805700006112232,0.8700047990618618,26.22679949968312,1.3780600141455324e-05,0.00025831667486026736,1.28125,9.865197343572163,2.17217143773496,11.389121968761629,11.389121968761629,347.06640625,134.0,1161.80078125,0.0,0.0,4252.0,0.0,0,32,"[0.5693346331104016, 1.0084390733473498, 0.012638474714937719, 0.07246098680821525, 0.10887676265333868]"
425,13.208782619967241,4.070576527345483,13.001815386813135,0.2069672331541054,0.8699622301146741,26.447105109409108,1.3834921881006323e-05,0.000257995036960429,1.28125,11.075633218695202,1.5699679062208816,11.45632556244891,11.45632556244891,347.06640625,134.0,1161.80078125,0.0,0.0,4252.0,0.0,0,32,"[0.5688028275814923, 1.0087933456218012, 0.012712956825953345, 0.07169539785184557, 0.10887676265333868]"
426,13.182252241655718,4.061485373452104,12.976361290528475,0.20589095112724348,0.8699196998425641,26.66328618077588,1.387747114023341e-05,0.0002579960879159861,1.28125,9.168156031250874,1.7819566564298839,10.490712875196095,10.490712875196095,347.06640625,134.0,1161.80078125,0.0,0.0,4252.0,0.0,0,32,"[0.5682696476513885, 1.0091474878851907, 0.012779721558107407, 0.07092999280224352, 0.10887676265333868]"
427,13.155497898872408,4.052221123494704,12.950661248636644,0.20483665023576464,0.8698771924469779,26.888117672329567,1.3929645573007576e-05,0.00025807649950790616,1.28125,9.656631781126634,1.1463866561030045,10.464933937271326,10.464933937271326,347.06640625,134.0,1161.80078125,0.0,0.0,4252.0,0.0,0,32,"[0.5677344159083543, 1.0095016500487424, 0.012848807386211268, 0.07016623676036098, 0.10887676265333868]"
428,13.128514509172145,4.042783960508802,12.924710065639504,0.20380444353264118,0.8698347180394641,27.156899861752713,0.00033913426345799635,0.00025971096041017215,1.28125,11.297843781221673,2.4186238436527674,12.86113665605626,12.86113665605626,347.06640625,134.0,1161.80078125,0.0,0.0,4252.0,0.0,0,32,"[0.5671973213590704, 1.0098557434987456, 0.012919867087353378, 0.06940393905429866, 0.10887676265333868]"
429,13.101230004496198,4.033241345905809,12.898435704807998,0.2027942996881994,0.8697923495705777,27.39332159474217,3.486196741020464e-05,0.0002584794079298477,1.25,8.715969312561356,1.5522070312954384,9.982869437521913,9.982869437521913,347.06640625,134.0,1161.80078125,0.0,0.0,4252.0,0.0,0,32,"[0.5666596692529147, 1.0102091295772788, 0.012992309931957371, 0.0686418363535352, 0.10887676265333868]"
430,13.073745806415907,4.023499729851501,12.871939771164659,0.2018060352512489,0.8697500232316084,27.634702327489816,3.1362802388912314e-05,0.00026130609357088443,1.25,11.862430937355839,1.7464937500903943,12.303215562440073,12.303215562440073,347.06640625,134.0,1161.80078125,0.0,0.0,4252.0,0.0,0,32,"[0.566120334753303, 1.0105623666856092, 0.013066104991397732, 0.06788098411293307, 0.10887676265333868]"
431,13.046022750389453,4.013567954739542,12.845183195341386,0.20083955504806603,0.8697077432859922,27.87940708008632,4.837794657364114e-05,0.00026085474829510273,1.25,8.851877687675369,1.329110093536201,9.920984437485458,9.920984437485458,347.06640625,134.0,1161.80078125,0.0,0.0,4252.0,0.0,0,32,"[0.5655793837924329, 1.0109154178969637, 0.013141531881855371, 0.0671213541475614, 0.10887676265333868]"
432,13.018054535121475,4.003437838726865,12.818159673396094,0.19989486172538046,0.8696655097663717,28.125883540436,1.3335015160542696e-05,0.00026076468711044317,1.25,11.928773218642164,2.3962632187704003,12.937473218812556,12.937473218812556,347.06640625,134.0,1161.80078125,0.0,0.0,4252.0,0.0,0,32,"[0.5650368191047057, 1.0112682829842234, 0.013218503982283008, 0.06636294457115795, 0.10887676265333868]"
433,12.989819762220359,3.9931008731751514,12.79084791305623,0.19897184916412924,0.8696233215172381,28.624991774127114,2.644102804616466e-05,0.00025900881435822574,1.25,8.798491562629351,1.5956003749124648,10.218729812493166,10.218729812493166,347.06640625,134.0,1161.80078125,0.0,0.0,4252.0,0.0,0,32,"[0.5644926174403305, 1.011620972271032, 0.013297053289037832, 0.06560578882636692, 0.10887676265333868]"
434,12.961345507159422,3.9825340283999133,12.763285844951511,0.1980596622079105,0.8695821460555402,28.88961885383371,1.7956804531760184e-05,0.0002582007017246285,1.25,12.282559562549977,2.4775084686439186,13.494030937465595,13.494030937465595,347.06640625,134.0,1161.80078125,0.0,0.0,4252.0,0.0,0,32,"[0.5639641528999466, 1.0119650145349603, 0.013367921915950477, 0.06483291251808244, 0.10887676265333868]"
435,12.93241691584411,3.971951918343069,12.7352493282629,0.1971675875812108,0.869541020714872,29.14868967681742,0.0002702519770241274,0.00024952027357081936,1.21875,10.669729437779552,1.5643563122580417,11.124498468632282,11.124498468632282,347.06640625,134.0,1161.80078125,0.0,0.0,4252.0,0.0,0,32,"[0.5634344137550547, 1.0123088310264103, 0.013433460281453815, 0.06406033800308517, 0.10887676265333868]"
436,12.903157924538792,3.961277176975463,12.706857447518864,0.19630047701992792,0.8694999309737945,29.412069201042858,0.00012215840752283214,0.00024253973692316938,1.21875,13.919656156247129,1.2662383750807749,13.355571406407307,13.355571406407307,347.06640625,134.0,1161.80078125,0.0,0.0,4252.0,0.0,0,32,"[0.5629027948459047, 1.0126525587132846, 0.01350258118799072, 0.06328932898044683, 0.10887676265333868]"
437,12.873636916538912,3.9503807373565127,12.678177502920962,0.19545941361794997,0.8694588795852886,29.683775767859977,1.2933308703999558e-05,0.0002405221952231135,1.21875,13.148680093763687,1.5827029375259372,12.887985625070542,12.887985625070542,347.06640625,134.0,1161.80078125,0.0,0.0,4252.0,0.0,0,32,"[0.5623693417261779, 1.0129961738159428, 0.013575335528859157, 0.06251987252543209, 0.10887676265333868]"
438,12.84384860792974,3.9392569194753673,12.649204114339469,0.1946444935902707,0.8694178760522437,29.958831036887243,1.297174041559046e-05,0.0002391619545427868,1.21875,10.721668656287875,0.7380546563808821,10.289626375026728,10.289626375026728,347.06640625,134.0,1161.80078125,0.0,0.0,4252.0,0.0,0,32,"[0.5618342372900064, 1.0133395930089741, 0.013651232611185279, 0.061751779996408726, 0.10887676265333868]"
439,12.813788599611843,3.9279015166828035,12.619932819912389,0.19385577969945286,0.8693769173936148,30.247972348271635,1.301192083946745e-05,0.00023878258890177293,1.21875,11.051775843782252,1.7523302188919843,12.059063843707918,12.059063843707918,347.06640625,134.0,1161.80078125,0.0,0.0,4252.0,0.0,0,32,"[0.5612974372883807, 1.0136828422800723, 0.013730024762551996, 0.060985087428929295, 0.10887676265333868]"
440,12.78344984138701,3.9163080232074052,12.59035850554014,0.1930913358468714,0.8693360219585258,30.570523018239527,1.3046604387945138e-05,0.0002396327382583262,1.21875,9.987975625278978,1.1310140621958453,10.45813199988288,10.45813199988288,347.06640625,134.0,1161.80078125,0.0,0.0,4252.0,0.0,0,32,"[0.5607594934123364, 1.0140257542280704, 0.013806136113810468, 0.06021877493108247, 0.10887676265333868]"
441,12.752802632340636,3.904504156437357,12.56045093143878,0.19235170090185477,0.8692952630724443,30.86473223699837,0.0004501035342703297,0.00023825084940977238,1.21875,10.152572218657951,1.8905641875903711,11.50142515632524,11.50142515632524,347.06640625,134.0,1161.80078125,0.0,0.0,4252.0,0.0,0,32,"[0.5602214827822489, 1.0143676945849813, 0.013884639475212568, 0.059452316467447926, 0.10887676265333868]"
442,12.721861838464395,3.8924870456749936,12.530223381397997,0.1916384570663971,0.8692545617839612,31.16529617648883,0.00014029370493862103,0.00022546341587904352,1.25,11.204433687623805,2.055348312467231,12.112341343708977,12.112341343708977,347.06640625,134.0,1161.80078125,0.0,0.0,4252.0,0.0,0,32,"[0.5596820026801888, 1.0147093540981262, 0.013965920668238803, 0.058687056142970755, 0.10887676265333868]"
443,12.690559604042493,3.880292537874113,12.499608123621883,0.1909514804206089,0.8692139204862637,31.469719141564788,1.3274945754204737e-05,0.00022678952375095198,1.25,9.163261031176262,1.7308170937440082,10.429417437364918,10.429417437364918,347.06640625,134.0,1161.80078125,0.0,0.0,4252.0,0.0,0,32,"[0.5591410880506834, 1.0150507122341745, 0.014050128162024448, 0.057922991299825186, 0.10887676265333868]"
444,12.65889948963645,3.8679384603705382,12.468608153296874,0.19029133633957643,0.8691733380546358,32.23941165974514,1.3234267791872867e-05,0.00022913230652514096,1.25,9.470312281052884,1.633917281367303,10.838529437478428,10.838529437478428,347.06640625,134.0,1161.80078125,0.0,0.0,4252.0,0.0,0,32,"[0.5585987320746009, 1.0153917785860471, 0.014136814329823154, 0.057160095994334206, 0.10887676265333868]"
445,12.626496586316033,3.8562415454659393,12.436835936403675,0.18966064991235865,0.8691334260242841,32.56859759283633,1.2159270634803931e-05,0.00023335547971421196,1.21875,10.755352687567665,1.824545343652062,11.90305921880963,11.90305921880963,347.06640625,134.0,1161.80078125,0.0,0.0,4252.0,0.0,0,32,"[0.5580658532146674, 1.0157272036364933, 0.014221435275758854, 0.056387846389816275, 0.10887676265333868]"
446,12.593798709624249,3.844264717825154,12.404740172428554,0.189058537195694,0.869093582783777,32.90415124408596,1.210288636999124e-05,0.00022665542185718943,1.25,9.595105281334781,1.3089898748148698,10.258399187364375,10.258399187364375,347.06640625,134.0,1161.80078125,0.0,0.0,4252.0,0.0,0,32,"[0.5575317006433539, 1.0160622508745993, 0.014308706485432345, 0.05561660834954672, 0.10887676265333868]"
447,12.560748719823472,3.8320003710996207,12.37226315664233,0.18848556318114423,0.8690538130136957,33.24475328800629,1.2049402058789127e-05,0.0002246609762619604,1.25,9.271984030988278,1.2161225629370165,10.048601156483983,10.048601156483983,347.06640625,134.0,1161.80078125,0.0,0.0,4252.0,0.0,0,32,"[0.5569963449155293, 1.016396879937002, 0.014398896678688912, 0.054846359451903054, 0.10887676265333868]"
448,12.527354343338338,3.8194694110874217,12.339411894145556,0.18794244919278197,0.869014117760884,33.59353111832859,1.1998519695577414e-05,0.00022339029861141127,1.25,10.28215537496635,1.1183745937159983,10.78348931241635,10.78348931241635,347.06640625,134.0,1161.80078125,0.0,0.0,4252.0,0.0,0,32,"[0.5564598154564652, 1.0167310814720891, 0.014491688454969707, 0.05407705121734656, 0.10887676265333868]"
449,12.49362789105427,3.806666017626055,12.306197922706842,0.18742996834743103,0.8689744994985306,33.95042253244438,1.1947462808414855e-05,0.00022578617122045327,1.25,9.047501281315817,1.5911643124582042,10.367365500087544,10.367365500087544,347.06640625,134.0,1161.80078125,0.0,0.0,4252.0,0.0,0,32,"[0.555922161339466, 1.0170648338289534, 0.014586914956759612, 0.053308631196707916, 0.10887676265333868]"
450,12.459536998235638,3.793567368674099,12.272589280168148,0.18694771806748964,0.8689349625858133,34.387075228842804,1.2050253530571098e-05,0.0002274676752029478,1.25,11.04797437488969,2.4641524688036043,12.875834499993744,12.875834499993744,347.06640625,134.0,1161.80078125,0.0,0.0,4252.0,0.0,0,32,"[0.555383471479445, 1.0173980986355522, 0.014684289151767378, 0.052540994518623915, 0.10887676265333868]"
451,12.425004577128082,3.780253914315181,12.238511689077544,0.18649288805053577,0.8688956541669329,34.7613009163424,1.2158048794397303e-05,0.0002245159913769394,1.25,9.733749156282556,1.881303218794983,11.350489875042058,11.350489875042058,347.06640625,134.0,1161.80078125,0.0,0.0,4252.0,0.0,0,32,"[0.554846367118795, 1.0177295893478695, 0.014782810322592458, 0.05177162699115906, 0.10887676265333868]"
452,12.390117530590858,3.766690409802999,12.204048684722647,0.1860688458682107,0.8688564318812579,35.13757209793382,1.226367704809661e-05,0.0002289865509082374,1.25,9.673090437445353,1.3710569998579558,10.42280171850507,10.42280171850507,347.06640625,134.0,1161.80078125,0.0,0.0,4252.0,0.0,0,32,"[0.5543082981012422, 1.018060551515874, 0.014883693320619649, 0.05100301239566374, 0.10887676265333868]"
453,12.354837477743837,3.7527758413279724,12.169160931091358,0.1856765466524789,0.8688172929876279,35.5255250464143,1.2382733649118904e-05,0.00022888822664692278,1.25,9.875673687531616,1.6988799375212693,11.081010375050937,11.081010375050937,347.06640625,134.0,1161.80078125,0.0,0.0,4257.0,1.0,0,32,"[0.5537692281008282, 1.0183910088004742, 0.014986695548187212, 0.050235163413881234, 0.10887676265333868]"
454,12.319146080995377,3.7385281196406708,12.133829753540608,0.18531632745476817,0.8687782459549106,35.91736896577331,1.2513880330189409e-05,0.0002240531861252233,1.25,10.487231250010609,1.4459066249514763,11.408607874955123,11.408607874955123,347.06640625,134.0,1161.80078125,0.0,0.0,4254.0,0.0,0,32,"[0.5532293018731729, 1.0187208875029272, 0.015091856450378123, 0.04946796011943557, 0.10887676265333868]"
455,12.283160812065795,3.7239296303599057,12.098167881026534,0.18499293103926198,0.8687392879682371,36.3213368206371,1.2646201301258486e-05,0.00023585961404803388,1.25,9.614135593778883,1.8325840313764274,10.863524531259827,10.863524531259827,347.06640625,134.0,1161.80078125,0.0,0.0,4247.0,0.0,0,32,"[0.5526884589371932, 1.0190502127466574, 0.015199367239578338, 0.04870149079020673, 0.10887676265333868]"
456,12.246663527140544,3.7089717721643445,12.061963834936755,0.18469969220379107,0.8687004259651125,36.726373713078495,1.1579497375180381e-05,0.00023457918716433007,1.21875,10.182744718690628,2.545738343883386,12.221376750005675,12.221376750005675,347.06640625,134.0,1161.80078125,0.0,0.0,4247.0,0.0,0,32,"[0.552146855946727, 1.019378922801717, 0.015308574368692015, 0.04793553406599085, 0.10887676265333868]"
457,12.209702912487245,3.6937811068859263,12.025263853382423,0.1844390591048196,0.8686616552355364,37.15057414022922,1.1522646194528363e-05,0.0002258378122380497,1.21875,11.211962906486406,1.8390478123819776,12.237525906186875,12.237525906186875,347.06640625,134.0,1161.80078125,0.0,0.0,4257.0,1.0,0,32,"[0.5516043756097403, 1.0197070602042404, 0.01542007769702587, 0.04717028382141828, 0.10887676265333868]"
458,12.172442943816407,3.6782737095035616,11.988224223694218,0.18421872012218965,0.868622989572176,37.67998065100309,1.1463563973634905e-05,0.00023881052317939865,1.21875,12.411321656259133,1.9283267187120146,13.244194406240695,13.244194406240695,347.06640625,134.0,1161.80078125,0.0,0.0,4251.0,0.0,0,32,"[0.5510612530483908, 1.0200345048956216, 0.015533931830902164, 0.04640553870463843, 0.10887676265333868]"
459,12.134458102960956,3.6625754223560043,11.95043244734465,0.18402565561630552,0.8685845789070953,38.31065125194768,1.190912665505195e-05,0.0002214709593225876,1.21875,12.920325562618018,2.9005034375018113,14.433082593768631,14.433082593768631,347.06640625,134.0,1161.80078125,0.0,0.0,4252.0,0.0,0,32,"[0.5505202130136391, 1.020359944257577, 0.015648225362140025, 0.045638530301031884, 0.10887676265333868]"
460,12.09599344248888,3.646886092626526,11.91211554078209,0.18387790170679053,0.8685464677407915,38.76989182289446,1.1332077986203615e-05,0.0002311969403669001,1.21875,12.560608124999817,1.9271364997734963,12.964756874907835,12.964756874907835,347.06640625,134.0,1161.80078125,0.0,0.0,4252.0,0.0,0,32,"[0.5499819897175215, 1.0206829918141995, 0.01576362487744825, 0.04486869985765922, 0.10887676265333868]"
461,12.057002037303441,3.6308982769242193,11.873237073658936,0.18376496364450298,0.8685084668845306,39.23347109578995,1.1266690205236074e-05,0.00021843803453111597,1.1875,9.84426059363841,2.6255176251197554,12.180123781263319,12.180123781263319,347.06640625,134.0,1161.80078125,0.0,0.0,4252.0,0.0,0,32,"[0.5494432345520048, 1.0210053008109279, 0.015881047615542744, 0.044099237913937946, 0.10887676265333868]"
462,12.017443043565809,3.6142052373727815,11.833754886771608,0.18368815679420236,0.868470579141409,39.70786639637099,1.0677999847885644e-05,0.00021479527831148258,1.15625,11.94472324993967,2.623684687534933,13.673270218816924,13.673270218816924,347.06640625,134.0,1161.80078125,0.0,0.0,4252.0,0.0,0,32,"[0.5489039532623133, 1.0213268485389604, 0.016001309488710567, 0.04333026468225296, 0.10887676265333868]"
463,11.977775667107677,3.597631922675251,11.794111527269264,0.18366413983841393,0.8684328056199194,40.24344416930405,1.0582329016184389e-05,0.00022617304201602486,1.125,8.223842469021747,3.201223437315548,11.247355750015231,11.247355750015231,347.06640625,134.0,1161.80078125,0.0,0.0,4252.0,0.0,0,32,"[0.5483641806146142, 1.0216476249103164, 0.01612395075681731, 0.04256168994435639, 0.10887676265333868]"
464,11.937435527027223,3.580312826766491,11.753761807499458,0.18367371952776257,0.8683952164978183,40.73591086319355,1.0476814389814848e-05,0.00023645174667604694,1.0625,11.984222687374313,1.211917250032002,11.491420749905501,11.491420749905501,347.06640625,134.0,1161.80078125,0.0,0.0,4252.0,0.0,0,32,"[0.5478254192878952, 1.0219670072298024, 0.016243616721443224, 0.041791358052415094, 0.10887676265333868]"
465,11.896428771700123,3.5627086872529703,11.712706951726991,0.18372181997313292,0.8683577426485822,41.23039119275603,1.0152257525763986e-05,0.00022727506163415273,1.03125,13.50199250003925,2.213949937470261,14.369996937489304,14.369996937489304,347.06640625,134.0,1161.80078125,0.0,0.0,4252.0,0.0,0,32,"[0.5472861998201515, 1.0222856087389858, 0.016365577917262324, 0.04102138343551755, 0.10887676265333868]"
466,11.855292756263736,3.5451839041538094,11.671472062818893,0.18382069344484273,0.8683203804016486,41.97299553491567,1.0264003686977219e-05,0.00025614035964571726,1.0625,12.011536124816757,1.757502031466629,12.147606312453263,12.147606312453263,347.06640625,134.0,1161.80078125,0.0,0.0,4252.0,0.0,0,32,"[0.5467463920218951, 1.0226034641108983, 0.016491016292152126, 0.04025207158873953, 0.10887676265333868]"
467,11.813443202761668,3.5273849411030955,11.629475821817207,0.18396738094446177,0.8682833770913418,42.491471905642165,2.262585783174842e-06,0.0002651472643040818,1.0,11.247102281117805,1.2902359376312234,11.237919749987668,11.237919749987668,347.06640625,134.0,1161.80078125,0.0,0.0,4252.0,0.0,0,32,"[0.5462105545799777, 1.0229184063361023, 0.0166155882750574, 0.03947865614300678, 0.10887676265333868]"
468,11.771093214406402,3.5091267206283554,11.586933316465078,0.18415989794132448,0.8682464854306107,43.087050752357726,2.8135348766333834e-06,0.0002931599047482811,1.0,10.342743530998177,0.9614400627242503,10.444639843797177,10.444639843797177,347.06640625,134.0,1161.80078125,0.0,0.0,4252.0,0.0,0,32,"[0.5456741678362039, 1.023232600985852, 0.016743224054506494, 0.03870581716173259, 0.10887676265333868]"
469,11.727563745509755,3.489914302799766,11.543180344988329,0.1843834005214282,0.8682097786743265,43.63062511836888,0.0001257846607201074,0.00026046092920747595,1.0,11.778854562408014,4.844878875132963,16.043941968746367,16.043941968746367,347.06640625,134.0,1161.80078125,0.0,0.0,4252.0,0.0,0,32,"[0.5451387668560582, 1.0235453994162103, 0.016868655063705554, 0.03793136897472735, 0.10887676265333868]"
470,11.684133347039122,3.470898553050677,11.499464065438444,0.18466928160067939,0.8681731934731066,44.18156558744342,2.73157943508906e-06,0.0002991794602416983,1.0,12.583149906106428,3.2939475937041607,15.17569849983147,15.17569849983147,347.06640625,134.0,1161.80078125,0.0,0.0,4252.0,0.0,0,32,"[0.5446028984390877, 1.0238573676152734, 0.01699842201739088, 0.03715762391322575, 0.10887676265333868]"
471,11.639443833886311,3.4507037685154973,11.454457035961704,0.18498679792460676,0.8681367263327734,44.73729000260573,2.708374042370565e-06,0.0002687796014099225,1.0,13.467910593817578,1.0616108436352079,13.613914218694845,13.613914218694845,347.06640625,134.0,1161.80078125,0.0,0.0,4252.0,0.0,0,32,"[0.5440666214002597, 1.0241685316707214, 0.01713068868023345, 0.036384261515559894, 0.10887676265333868]"
472,11.594631749273567,3.4306371425367765,11.409265705448902,0.18536604382466493,0.8681003774094938,45.30554511926721,2.1141971782157043e-06,0.0002927924814703102,1.0,13.13924956241408,1.4191798126717003,12.852108437584775,12.852108437584775,347.06640625,134.0,1161.80078125,0.0,0.0,4252.0,0.0,0,32,"[0.5435298092464466, 1.0244788953212012, 0.017267368126545862, 0.035611716471607754, 0.10887676265333868]"
473,11.548926710877764,3.410011559705111,11.36313471263421,0.18579199824355264,0.8680641496811246,45.891970946712554,1.4963727572592234e-06,0.00029071431201560934,1.0,11.645448062495234,1.8619322186737008,12.417930781339237,12.417930781339237,347.06640625,134.0,1161.80078125,0.0,0.0,4252.0,0.0,0,32,"[0.5429926033630845, 1.0247884293224803, 0.017407039585002258, 0.034839647546817974, 0.10887676265333868]"
474,11.502591538349172,3.3894512927651097,11.316319301391658,0.18627223695751388,0.8680280510705145,47.98168741095508,6.262741149232198e-06,0.0002864258000661927,1.03125,10.935641625167136,1.9091953437282427,11.823980750193641,11.823980750193641,347.06640625,134.0,1161.80078125,0.0,0.0,4252.0,0.0,0,32,"[0.5424550989209622, 1.0250970663848826, 0.017550242346924035, 0.034068074408749746, 0.10887676265333868]"
475,11.454580531727053,3.36961956489825,11.26772518216923,0.18685534955782365,0.8679933116874817,48.62658275671197,2.3329379992276245e-06,0.0002843130319461649,1.03125,10.039351812395125,1.5670757187535855,10.972040250010195,10.972040250010195,347.06640625,134.0,1161.80078125,0.0,0.0,4252.0,0.0,0,32,"[0.5419394017898894, 1.0253940543667641, 0.01768371810800785, 0.033275585400103995, 0.10887676265333868]"
476,11.40580205805028,3.349472796632128,11.218306123272589,0.18749593477769083,0.8679587018692403,49.17492874957797,2.516081588410657e-06,0.00028215831942580034,1.03125,12.22093409376157,2.6138827186628077,14.117104687443316,14.117104687443316,347.06640625,134.0,1161.80078125,0.0,0.0,4252.0,0.0,0,32,"[0.541423364171325, 1.0256901444069064, 0.017821939531191815, 0.032483795843133295, 0.10887676265333868]"
477,11.35656906940999,3.328662058337475,11.168377823503564,0.18819124590642555,0.8679241425157859,49.63670384462967,3.550393559059728e-05,0.000280865403003155,1.03125,9.811744124817778,1.3697131563503717,10.706753031172411,10.706753031172411,347.06640625,134.0,1161.80078125,0.0,0.0,4252.0,0.0,0,32,"[0.5409055751501418, 1.0259860275639705, 0.017965593902142474, 0.03169404201527633, 0.10887676265333868]"
478,11.306995467248925,3.3070827384466575,11.118060992104933,0.18893447514399173,0.8678895586882251,50.21130855614518,4.180611400617096e-06,0.0002808278905324359,1.03125,11.250338187323905,1.516267875331323,12.16252631269299,12.16252631269299,347.06640625,134.0,1161.80078125,0.0,0.0,4254.0,0.0,0,32,"[0.5403847084056908, 1.0262823581022136, 0.018115144678246393, 0.030907581201251776, 0.10887676265333868]"
479,11.257052075982228,3.2846522902193036,11.067319145022157,0.1897329309600709,0.867855043587304,50.38533691912981,3.0795945602513086e-06,0.00028028978818021134,1.03125,10.576612531338014,1.143111218652848,11.013344906189104,11.013344906189104,347.06640625,134.0,1161.80078125,0.0,0.0,4256.0,0.0,0,32,"[0.5398624243249143, 1.0265783221525973, 0.018269846463306736, 0.030122920779446824, 0.10887676265333868]"
480,11.206527505886815,3.261698337495118,11.01596847368047,0.1905590322063434,0.8678202947018254,50.76660057193921,7.742563150969772e-05,0.00029225486502552895,1.0,10.864194530938676,2.639213656607353,12.602639281396932,12.602639281396932,347.06640625,134.0,1161.80078125,0.0,0.0,4252.0,0.0,0,32,"[0.5393333115273977, 1.0268765626601346, 0.01843247393945199, 0.029345331844873597, 0.10887676265333868]"
481,11.155701749921636,3.238041691413145,10.964276749601979,0.1914250003196583,0.8677854049318959,51.40816397091296,1.567438271132815e-05,0.0002956807014996257,1.0,10.212773531179664,2.3344892812815488,11.69045750003761,11.69045750003761,347.06640625,134.0,1161.80078125,0.0,0.0,4252.0,0.0,0,32,"[0.5387990439485425, 1.0271762675433402, 0.01860145354417052, 0.02857320424508454, 0.10887676265333868]"
482,11.103907122935844,3.214178145587121,10.911564973654102,0.19234214928174317,0.8677506293848708,52.816592571232746,6.378760994651955e-05,0.00029604641756707196,1.0,12.7512550626534,1.6893303436518181,12.63004228127329,12.63004228127329,347.06640625,134.0,1161.80078125,0.0,0.0,4252.0,0.0,0,32,"[0.5382641861444687, 1.0274752080465424, 0.018774644218447763, 0.027802122734924942, 0.10887676265333868]"
483,11.05099382068147,3.1904500740748563,10.857644360762983,0.1933494599184863,0.8677163944935249,54.600390836940726,7.881713586233019e-06,0.00028167712868281303,1.03125,9.71276128137788,1.4327557186675222,10.703747874970304,10.703747874970304,347.06640625,134.0,1159.82421875,0.0,0.0,4252.0,0.0,0,32,"[0.5377364915180987, 1.0277696540818602, 0.01894603945917209, 0.027024007328932394, 0.10887676265333868]"
484,10.996313005813017,3.1666840829133136,10.801866975059157,0.19444603075386024,0.8676828678167553,55.76432769228828,0.0001390037160655666,0.0002809134145314777,1.03125,10.159693093726219,1.8152537813875824,11.3772695311809,11.3772695311809,347.06640625,134.0,1159.82421875,0.0,0.0,4252.0,0.0,0,32,"[0.5372189585890257, 1.0280581426708182, 0.019113835306127626, 0.026236112313647534, 0.10887676265333868]"
485,10.940892237504087,3.142748844836167,10.745259651979108,0.19563258552497964,0.8676496856837359,56.135440483933856,3.682657600645456e-06,0.0002882682134822587,1.03125,10.393657781037291,1.9509792815597393,11.741314062703623,11.741314062703623,347.06640625,134.0,1159.82421875,0.0,0.0,4252.0,0.0,0,32,"[0.536704916477451, 1.0283438576520652, 0.01928454846439423, 0.025445552591290284, 0.10887676265333868]"
486,10.88407381192798,3.118105213714564,10.687223682538272,0.19685012938970595,0.867616262123265,57.33725977607754,5.45403404244027e-05,0.0002833598450312861,1.03125,12.036463187314439,2.605698062495776,13.255758249897553,13.255758249897553,347.06640625,134.0,1159.82421875,0.0,0.0,4252.0,0.0,0,32,"[0.5361838883073685, 1.0286319171381395, 0.019463566822414215, 0.02466228775360453, 0.10887676265333868]"
487,10.825631604844142,3.0928048231653427,10.627531306069741,0.1981002987744025,0.8675827891347686,59.5674705485397,8.553846178704916e-05,0.0002810513599287619,1.03125,9.987476218782376,1.7771395000067969,11.343758812586202,11.343758812586202,347.06640625,134.0,1159.82421875,0.0,0.0,4252.0,0.0,0,32,"[0.5356594565070006, 1.0289206381284384, 0.019645425068541604, 0.023882198620979792, 0.10887676265333868]"
488,10.765655454141625,3.0665362191422605,10.566182627538886,0.19947282660273946,0.867550075214919,61.788260510281084,1.2102256060853023e-05,0.000272065607280598,1.0625,13.702252281120764,1.683078937674054,12.908816812341684,12.908816812341684,347.06640625,134.0,1159.82421875,0.0,0.0,4252.0,0.0,0,32,"[0.5351460373634743, 1.0292029612371258, 0.019823640304719458, 0.023091671091442844, 0.10887676265333868]"
489,10.701628896991362,3.0399151128616926,10.500707654068139,0.2009212429232241,0.8675180483226991,64.93984901998923,9.2183399499568e-05,0.00026374495422954206,1.0625,10.400831031233793,1.569571875108977,11.149099375074911,11.149099375074911,347.06640625,134.0,1159.82421875,0.0,0.0,4252.0,0.0,0,32,"[0.5346422487080903, 1.0294795201642164, 0.020000501686702882, 0.02229265156595187, 0.10887676265333868]"
490,10.635864978725373,3.0127702990192278,10.433363243363168,0.20250173536220437,0.8674868575785322,68.36173280106561,2.0883042751496106e-05,0.0002862917832790188,1.0625,11.83278331262727,0.8853889685838112,11.193623531084995,11.193623531084995,347.06640625,134.0,1159.82421875,0.0,0.0,4252.0,0.0,0,32,"[0.5341508283977932, 1.0297490105144493, 0.02017170354986231, 0.02148236090710809, 0.10887676265333868]"
491,10.565720450509133,2.9852374770019927,10.3614863338707,0.2042341166384347,0.8674577674950474,72.77186757669213,4.603375294509604e-05,0.00028051159923903263,1.0625,10.134044312394508,1.5785719375571716,10.881117781195826,10.881117781195826,347.06640625,134.0,1159.82421875,0.0,0.0,4252.0,0.0,0,32,"[0.5336938982286971, 1.0300004109276084, 0.020333043006255155, 0.02064451710743886, 0.10887676265333868]"
492,10.49098346434461,2.956330782091302,10.284824101688091,0.2061593626565198,0.8674308321622733,76.16954703017451,0.0002094355709258977,0.00026396980111082,1.09375,9.029661250110621,2.042016468806196,10.921272781388325,10.921272781388325,347.06640625,134.0,1159.82421875,0.0,0.0,4252.0,0.0,0,32,"[0.5332722337184327, 1.0302332586286078, 0.020484695892500713, 0.01978139348302796, 0.10887676265333868]"
493,10.412454124537007,2.9265893510258283,10.204260553484975,0.20819357105203012,0.8674053929383061,80.61299914503576,2.38637953509091e-05,0.000266331030690751,1.15625,9.196553687559117,1.5272148751250825,10.530210406500373,10.530210406500373,347.06640625,134.0,1159.82421875,0.0,0.0,4252.0,0.0,0,32,"[0.5328738997795931, 1.030453312236884, 0.02063623985924151, 0.018903930715272202, 0.10887676265333868]"
494,10.331417347991891,2.8982175558533343,10.12096223015456,0.21045511783733356,0.8673818861214104,82.87713327237645,1.0244561633232507e-05,0.0003045188776215996,1.09375,11.532175031277347,2.3273077498515704,12.396439437509343,12.396439437509343,347.06640625,134.0,1159.82421875,0.0,0.0,4252.0,0.0,0,32,"[0.5325066449742558, 1.0306567653684844, 0.0207828148017801, 0.018008248563268207, 0.10887676265333868]"
495,10.247178773044043,2.8689282172540462,10.034369294374592,0.21280947866945088,0.8673587113799591,85.28766552141317,0.00026384569989224005,0.0003059289948654083,1.09375,10.377014093705839,1.6283199065014742,11.406804937678316,11.406804937678316,347.06640625,134.0,1159.82421875,0.0,0.0,4252.0,0.0,0,32,"[0.5321424602732626, 1.0308575678616996, 0.020935165477534403, 0.01711167891517707, 0.10887676265333868]"
496,10.159014685949815,2.838239858503151,9.943761643122684,0.21525304282712898,0.8673357685274645,90.24441139811005,9.248197230693478e-06,0.00032293448468790123,1.03125,13.137343718938155,2.346011499753331,13.749109812408733,13.749109812408733,347.06640625,134.0,1159.82421875,0.0,0.0,4252.0,0.0,0,32,"[0.5317795535339155, 1.0310565946282548, 0.021094244619179255, 0.01621536375217664, 0.10887676265333868]"
497,10.06592977283167,2.804355556093354,9.84812204358266,0.21780772924900946,0.8673136569932354,94.88193414762657,5.586497453036188e-05,0.0003416393897883877,1.03125,10.055305031130501,1.8871605627737154,11.073547250077809,11.073547250077809,347.06640625,134.0,1159.82421875,0.0,0.0,4252.0,0.0,0,32,"[0.5314287135492805, 1.0312486094735738, 0.02124936482516583, 0.015312048012220122, 0.10887676265333868]"
498,9.968503822060764,2.7702324632672854,9.748054388048082,0.2204494340126832,0.8672922832394457,98.01561735499963,0.00011391896095558351,0.0003341392343051004,1.03125,10.392809249992752,2.0564932812021652,11.869083843862427,11.869083843862427,347.06640625,134.0,1159.82421875,0.0,0.0,4252.0,0.0,0,32,"[0.5310881154055116, 1.0314344354599736, 0.021405091034805982, 0.014403636786578996, 0.10887676265333868]"
499,9.869415595413248,2.7363352336566242,9.646157662473422,0.2232579329398272,0.8672720447284271,103.31726185408863,5.730448385143916e-06,0.0003423454121269131,1.03125,9.581936562312876,1.7423000628014051,10.868196218950743,10.868196218950743,347.06640625,134.0,1159.82421875,0.0,0.0,4252.0,0.0,0,32,"[0.5307645950208745, 1.0316106133242322, 0.021560923514205948, 0.013487115014206089, 0.10887676265333868]"
500,9.765950210110287,2.701366602231831,9.539650902927782,0.22629930718250624,0.8672524580505591,105.93172365554018,0.00025135142354271167,0.00037062436919609986,1.03125,10.701411281274886,2.087334656209805,11.976757531328985,11.976757531328985,347.06640625,134.0,1159.82421875,0.0,0.0,4252.0,0.0,0,32,"[0.5304501024429594, 1.031781340586774, 0.021712278990128803, 0.01256568235786622, 0.10887676265333868]"
501,9.658314702663631,2.667609012839751,9.428897293544559,0.22941740911907244,0.8672329075485559,111.21009706271111,4.625159369453513e-05,0.00037776822436855987,1.03125,9.107074906125945,1.124957094077672,9.669054968810542,9.669054968810542,347.06640625,134.0,1159.82421875,0.0,0.0,4252.0,0.0,0,32,"[0.5301333219151962, 1.0319520051046358, 0.021874998006774185, 0.011646962465192184, 0.10887676265333868]"
502,9.542673610747727,2.6315022903949608,9.310045027201495,0.23262858354623014,0.8672138510861304,119.66161857742243,3.991424748539529e-05,0.0003978855006457696,1.03125,13.432010312442344,1.924938312527047,14.093460249966938,14.093460249966938,347.06640625,134.0,1159.82421875,0.0,0.0,4252.0,0.0,0,32,"[0.5298225906158773, 1.032118603297184, 0.02203803596215739, 0.010725490964293904, 0.10887676265333868]"
503,9.41815032651029,2.593323641879083,9.182124202682763,0.23602612382752858,0.8671957307316732,131.14242052228175,0.00025666491011566706,0.0004403075230694325,1.0,12.325039031338747,3.7556319998657273,15.706712875100948,15.706712875100948,347.06640625,134.0,1159.82421875,0.0,0.0,4257.0,1.0,0,32,"[0.5295259592575975, 1.0322772697317242, 0.02219196649563814, 0.00979643758009161, 0.10887676265333868]"
504,9.286308508373429,2.554991405915425,9.04662312605268,0.23968538232074932,0.867178848521881,135.69325267243366,0.00039866314047731777,0.00046953663054722706,1.0,13.68903378113373,1.7583336249344939,13.614611374805463,13.614611374805463,347.06640625,134.0,1159.82421875,0.0,0.0,4247.0,0.0,0,32,"[0.5292488370357249, 1.0324253664106526, 0.022331837164892933, 0.008857445118078752, 0.10887676265333868]"
505,9.151721987813797,2.5176160797010683,8.908264769100143,0.24345721871365533,0.8671621125692952,137.8327463974373,1.9405191220123186e-05,0.0004787098937718491,1.0,9.406159812670012,1.181301906058252,10.017477656390383,10.017477656390383,347.06640625,134.0,1159.82421875,0.061767578125,0.061767578125,4257.0,1.0,0,32,"[0.5289713851638408, 1.032572440872765, 0.022481921200761288, 0.007919967468446606, 0.10887676265333868]"
506,9.018511328370845,2.4809690763117644,8.77115014548778,0.24736118288306472,0.8671452864286605,144.95353426933943,0.00042793644657512786,0.0005078080888017316,1.0,11.936537624706034,1.9984992815125224,12.862823406408097,12.862823406408097,347.06640625,134.0,1159.82421875,0.0,0.0,4257.0,1.0,0,32,"[0.5286894798232811, 1.0327205534521606, 0.022644317115829576, 0.006986040485456049, 0.10887676265333868]"
507,8.876714979408437,2.4486416201637846,8.625234163359718,0.2514808160487206,0.8671288872302191,156.58715979999175,2.3508281761674965e-05,0.0005663170407833651,1.0,10.35098312485161,1.3420512813695495,10.284925843848214,10.284925843848214,347.06640625,134.0,1159.82421875,0.0,0.0,4251.0,0.0,0,32,"[0.5284123438228994, 1.032865189621923, 0.0228117652194895, 0.006051033989077764, 0.10887676265333868]"
508,8.73292608332872,2.41085549036923,8.477083962434552,0.25584212089416963,0.8671132197849868,171.22480593368408,1.5141919547989602e-05,0.0005679243660368807,1.09375,14.154695156321395,1.9623022500354637,13.987157374856451,13.987157374856451,347.06640625,134.0,1159.82421875,0.0,0.0,4227.0,0.0,0,32,"[0.5281456299343069, 1.0330036800255509, 0.022976112549611263, 0.005111526636889015, 0.10887676265333868]"
509,8.586451379819643,2.374593564617137,8.326120373687356,0.26033100613228677,0.867098332847535,157.96973908060772,0.00038443459407888625,0.0006309023978423862,1.09375,12.34112468745252,2.23425109368236,13.306879062440657,13.306879062440657,347.06640625,134.0,1159.82421875,0.0,0.0,4227.0,0.0,0,32,"[0.5278903489370007, 1.033135593358824, 0.02313447112455921, 0.0041668822346615855, 0.10887676265333868]"
510,8.448928449675234,2.3368900716017778,8.18435706315218,0.26457138652305406,0.8670814847239748,148.9128061831543,3.364582385012582e-05,0.0006682974099910653,1.09375,10.400310156228443,2.130914312431287,11.93857940631915,11.93857940631915,347.06640625,134.0,1159.82421875,0.0,0.0,4227.0,0.0,0,32,"[0.527597615074057, 1.033284862302065, 0.023326764607083793, 0.003242193700803638, 0.10887676265333868]"
511,8.34040086239392,2.2682286567519845,8.0716506987584,0.2687501636355194,0.8670632459819838,98.83160222785173,0.0006162769055610973,0.000766726000838817,1.09375,11.19612343757126,1.918409156303369,12.40565356266643,12.40565356266643,347.06640625,134.0,1159.82421875,0.0,0.0,4227.0,0.0,0,32,"[0.5272775593602127, 1.0334465016270713, 0.023548008669508264, 0.0023352823856856793, 0.10887676265333868]"
512,8.29537699068526,2.216458580736515,8.024034828657914,0.2713421620273455,0.8670355566502836,98.70026314157744,2.884622784637969e-05,0.0006999912454439052,1.3125,11.74729806251662,1.6456094998602566,12.260046937512925,12.260046937512925,347.06640625,134.0,1159.82421875,0.0,0.0,4227.0,0.0,0,32,"[0.5267871772505158, 1.0336906768356346, 0.023915869320048015, 0.0015838954042994109, 0.10887676265333868]"
513,8.246974786566316,2.2287751803314557,7.981487271954961,0.26548751461135445,0.8670072226966302,100.8788491893549,0.0006422182192467041,0.0007451628588522973,1.09375,9.57555381256725,1.2973317811884044,10.531926156204463,10.531926156204463,347.06640625,134.0,1159.82421875,0.0,0.0,4227.0,0.0,0,32,"[0.5262826851718405, 1.033936913736597, 0.024348343854733754, 0.0022894596522645763, 0.10887676265333868]"
514,8.20530045168874,2.175715248672584,7.937153963633541,0.2681464880551981,0.8669802863830195,100.20980138515306,0.0003037015011568833,0.0007079759019716117,1.25,11.268118218652035,2.0209901563248422,12.592238781280685,12.592238781280685,347.06640625,134.0,1159.82421875,0.0,0.0,4227.0,0.0,0,32,"[0.5258035923750236, 1.034174736735174, 0.024703774004053675, 0.001522922163070165, 0.10887676265333868]"
515,8.15801327260065,2.191985913400979,7.895721754702226,0.2622915178984235,0.8669526125631506,103.1567190927623,0.0003584494059865051,0.0007272004793766498,1.09375,10.98673290601937,1.6925256561535207,11.874378968684596,11.874378968684596,347.06640625,134.0,1159.82421875,0.0,0.0,4227.0,0.0,0,32,"[0.5253095046190153, 1.034415292476865, 0.02511303032041075, 0.002251289853199197, 0.10887676265333868]"
516,8.122281926692642,2.1370429352077194,7.857232995040575,0.26504893165206767,0.8669264581769738,102.50748268729666,3.226280458656916e-05,0.000732923475850534,1.1875,10.932099749936697,2.0532028438537964,12.281881625142432,12.281881625142432,347.06640625,134.0,1159.82421875,0.0,0.0,4227.0,0.0,0,32,"[0.5248426451235857, 1.034646484986173, 0.025451077477699216, 0.0014675064937073826, 0.10887676265333868]"
517,8.074615920850144,2.1575719971386604,7.815377056682658,0.259238864167486,0.8668996002485883,104.98924422916188,0.000448628620270064,0.0007264688186125928,1.09375,13.214054874708836,1.3277274377401227,13.331390062660375,13.331390062660375,347.06640625,134.0,1159.82421875,0.0,0.0,4227.0,0.0,0,32,"[0.524361529810202, 1.0348800067262658, 0.02584414590483108, 0.002215499049635514, 0.10887676265333868]"
518,8.043772620061038,2.102406406965383,7.781615631310929,0.26215698875010784,0.8668741055381003,105.93252226926747,2.359723973954786e-05,0.0007602640044347754,1.1875,9.882233437565446,1.6203017186739999,11.074913843742706,11.074913843742706,347.06640625,134.0,1159.82421875,0.0,0.0,4227.0,0.0,0,32,"[0.5239057293081746, 1.0351055853868318, 0.026151948040394925, 0.0014113734278629608, 0.10887676265333868]"
519,7.997030584949022,2.1263851010483035,7.740659502482486,0.2563710824665368,0.8668483468299087,107.17450366345659,0.0005877054193010878,0.0007439655007721613,1.0625,10.201624781245755,1.0762082500264114,11.017130625020854,11.017130625020854,347.06640625,134.0,1159.82421875,0.0,0.0,4227.0,0.0,0,32,"[0.5234437045613604, 1.0353294908589707, 0.026510616694350227, 0.002190960670926449, 0.10887676265333868]"
520,7.9652288456414375,2.066398428630092,7.7059008485966665,0.25932799704477083,0.8668235636656187,108.29461275336244,2.127107615068624e-05,0.0007225230356687666,1.25,11.331563062583427,1.6828637187700224,12.558251343875781,12.558251343875781,347.06640625,134.0,1159.82421875,0.0,0.0,4223.0,0.0,0,32,"[0.5229999410249456, 1.0355489815370649, 0.026791049131692002, 0.0013686131689146733, 0.10887676265333868]"
521,7.924379598718673,2.0966286909279996,7.670748709650818,0.2536308890678547,0.8667986007176973,109.41604333490726,0.00019279157039786554,0.000711370442863229,1.09375,13.468866156188142,1.3698903750878344,12.862023750017215,12.862023750017215,347.06640625,134.0,1159.82421875,0.0,0.0,4223.0,0.0,0,32,"[0.5225514765146495, 1.0357659512975377, 0.027123041019528525, 0.0021696032390503507, 0.10887676265333868]"
522,7.89205080540577,2.0346895362991146,7.6353497680239215,0.2567010373818489,0.8667745001619114,111.23121227351618,1.882057580759877e-05,0.000710843798515495,1.3125,11.862762281054984,2.446170781240653,13.76040881245899,13.76040881245899,347.06640625,134.0,1159.82421875,0.0,0.0,4223.0,0.0,0,32,"[0.5221194063271558, 1.0359795839664512, 0.027377180470030404, 0.0013310988708144659, 0.10887676265333868]"
523,7.855661217619184,2.068687195381135,7.604600111919121,0.251061105700062,0.8667504123735671,111.48775762959605,5.0475964958884845e-05,0.000704255096688231,1.09375,12.190940156301622,3.0586128435743376,14.263821156021095,14.263821156021095,347.06640625,134.0,1159.82421875,0.0,0.0,4223.0,0.0,0,32,"[0.5216861244669955, 1.0361889033804674, 0.02768220935155876, 0.0021529319402424727, 0.10887676265333868]"
524,7.824819677271213,2.0044644669492393,7.570626235563059,0.2541934417081543,0.8667269343864272,112.80608053002031,2.020602177932318e-05,0.0007109908647971981,1.3125,11.552946437404898,1.225874468730126,11.648449249889836,11.648449249889836,347.06640625,134.0,1159.82421875,0.0,0.0,4223.0,0.0,0,32,"[0.5212645603848256, 1.0363971941406265, 0.027915763894731365, 0.0013018438371532309, 0.10887676265333868]"
525,7.791214149256902,2.043651956138129,7.542557172704891,0.24865697655201152,0.8667033782659666,107.48206617250432,0.0005688751829011629,0.0007147113481829526,1.0625,11.806583312420571,1.3824386249439158,11.962915843582778,11.962915843582778,347.06640625,134.0,1159.82421875,0.0,0.0,4223.0,0.0,0,32,"[0.5208402431549605, 1.036601896141906, 0.028201759663468887, 0.002136264833638835, 0.10887676265333868]"
526,7.760398242737405,1.9780894196671324,7.50873454710803,0.2516636956293751,0.8666791726657578,111.23950452443658,1.9663528720847978e-05,0.0007214527960176087,1.28125,9.013216062555784,1.66414712492724,10.655375406258827,10.655375406258827,347.06640625,134.0,1159.82421875,0.0,0.0,4223.0,0.0,0,32,"[0.5204044763290816, 1.036816662862543, 0.02843792973390175, 0.0012947149379095514, 0.10887676265333868]"
527,7.727110036104355,2.019442348459318,7.480956470512863,0.2461535655914911,0.8666554677099408,109.85877776616016,0.00014335602249815338,0.0007061580904461344,1.0625,10.637227500012614,1.3510429690199999,11.223226000311115,11.223226000311115,347.06640625,134.0,1159.82421875,0.0,0.0,4223.0,0.0,0,32,"[0.5199769179439858, 1.0370227479161562, 0.028712075057061016, 0.0021311162290380513, 0.10887676265333868]"
528,7.69623486259982,1.9506217920255042,7.447036629220378,0.24919823337944152,0.8666319337638176,109.88104195773856,0.0002000174928573628,0.0007333933087877653,1.21875,10.890902437552086,1.486413781265128,11.714206031399499,11.714206031399499,347.06640625,134.0,1159.82421875,0.0,0.0,4223.0,0.0,0,32,"[0.5195516913823945, 1.0372317751376758, 0.02894392800989668, 0.0012815668189137936, 0.10887676265333868]"
529,7.66437878905919,1.9957650991604694,7.4206328759594715,0.24374591309971813,0.8666080868594328,111.57246613458074,0.000130387921106756,0.0007092941418019075,1.0625,11.19926340618349,2.517470000157118,12.586486906400296,12.586486906400296,347.06640625,134.0,1159.82421875,0.0,0.0,4223.0,0.0,0,32,"[0.5191201025674705, 1.0374392494399753, 0.02922061707370789, 0.002114710666448593, 0.10887676265333868]"
530,7.632416156577332,1.9246413616279578,7.38568406334291,0.2467320932344207,0.8665850728544839,111.6336225118229,1.789777284155747e-05,0.0007217759145934229,1.28125,11.047411687513886,1.4320878749458643,11.606897093656698,11.606897093656698,347.06640625,134.0,1159.82421875,0.0,0.0,4223.0,0.0,0,32,"[0.5187034056910635, 1.0376438270051787, 0.029439381003667803, 0.0012564251219142212, 0.10887676265333868]"
531,7.603046327676039,1.9724722308984017,7.361647840941133,0.2413984867349053,0.8665617895948201,113.14644480617778,0.00010250812739265314,0.0007076613520682768,1.0625,12.099432531272214,1.8092949059109742,12.396334062316328,12.396334062316328,347.06640625,134.0,1159.82421875,0.0,0.0,4223.0,0.0,0,32,"[0.5182813319016013, 1.0378464007928432, 0.029700199141743003, 0.0021006949103416295, 0.10887676265333868]"
532,7.572549417141193,1.8987892132236028,7.328153907968758,0.2443955091724347,0.8665392495127031,114.92689229617093,1.7820562060677503e-05,0.0007113698239625994,1.3125,11.14013331255137,1.3261019375363503,11.634148718883353,11.634148718883353,347.06640625,134.0,1159.82421875,0.0,0.0,4223.0,0.0,0,32,"[0.5178725014226926, 1.038046916883492, 0.02990506499700541, 0.0012342764674089948, 0.10887676265333868]"
533,7.546940676326112,1.9527982583156853,7.307794248433428,0.23914642789268334,0.8665168202085197,114.97218079581125,0.0007015090454500772,0.0007058500264483297,1.09375,12.506533750126891,2.336644156116563,13.57845675011049,13.57845675011049,347.06640625,134.0,1159.82421875,0.0,0.0,4223.0,0.0,0,32,"[0.5174651841855021, 1.038242028507755, 0.030150135261746557, 0.0020921603101900204, 0.10887676265333868]"
534,7.515460884344771,1.876045157544569,7.27329134835996,0.2421695359848119,0.866494788975709,115.81316059468008,1.804019989082306e-05,0.000717634726657665,1.3125,11.925992500096072,1.1833920623871563,12.08495940619514,12.08495940619514,347.06640625,134.0,1159.82421875,0.0,0.0,4223.0,0.0,0,32,"[0.5170650493959906, 1.0384381610919966, 0.03034023777675333, 0.0012173545069345728, 0.10887676265333868]"
535,7.4908478725232035,1.9327933168144409,7.253867716541007,0.23698015598219657,0.8664727004540093,116.58295670815721,0.0006295581825401797,0.0007004605599161928,1.0625,11.733520750112802,1.8322929374789965,12.536293812445365,12.536293812445365,347.06640625,134.0,1159.82421875,0.0,0.0,4223.0,0.0,0,32,"[0.5166634098217661, 1.03863032371581, 0.03057229260963522, 0.0020821722524520937, 0.10887676265333868]"
536,7.462260941338473,1.8520715586033207,7.222253606643891,0.24000733469458202,0.8664511159054206,119.28940157215358,1.8279556545319764e-05,0.0007084031725078235,1.34375,10.9873164061014,1.4898906561029435,11.779292905998773,11.779292905998773,347.06640625,134.0,1159.82421875,0.0,0.0,4223.0,0.0,0,32,"[0.5162706525635999, 1.0388226227305664, 0.030751942136638663, 0.0012009861923438772, 0.10887676265333868]"
537,7.438289086351256,1.9152884051577213,7.203381828448379,0.234907257902878,0.8664298397547482,118.24122864303848,0.0003650585696841624,0.0007074406512192184,1.0625,11.328469156126175,2.8172807812438805,13.202665531252933,13.202665531252933,347.06640625,134.0,1159.82421875,0.0,0.0,4223.0,0.0,0,32,"[0.5158831551441839, 1.039007679275445, 0.030970661590764982, 0.0020772062705949005, 0.10887676265333868]"
538,7.408866852099149,1.8312488898756665,7.170946098335572,0.23792075376357602,0.8664086985699075,119.93781858075762,1.8007656866103616e-05,0.0007106709229659784,1.34375,10.703197781140261,2.6864206877803554,12.965736500120784,12.965736500120784,347.06640625,134.0,1159.82421875,0.0,0.0,4223.0,0.0,0,32,"[0.5154979497223853, 1.0391961565533478, 0.03113815221993444, 0.0011894901065696653, 0.10887676265333868]"
539,7.387839716915813,1.898472267955831,7.1549388322571685,0.23290088465864478,0.8663876953230033,119.81381240721697,3.1131739896661514e-05,0.0006914023850843873,1.09375,9.912865593719289,1.1134322188581791,10.596451968922338,10.596451968922338,347.06640625,134.0,1159.82421875,0.0,0.0,4223.0,0.0,0,32,"[0.5151149296502564, 1.0393788587092203, 0.03134630803561918, 0.0020707316755974657, 0.10887676265333868]"
540,7.360343009516411,1.8118560507698316,7.12437349138338,0.23596951813303257,0.8663669682792187,120.50509862261418,2.6391875039610824e-05,0.000713928822072281,1.34375,12.131248750051782,1.2119767496301392,12.26357606236661,12.26357606236661,347.06640625,134.0,1159.82421875,0.0,0.0,4223.0,0.0,0,32,"[0.5147367705435574, 1.039563765788102, 0.031502698785031195, 0.0011772290199224549, 0.10887676265333868]"
541,7.33783578017242,1.8812046974925745,7.106874555131227,0.23096122504119318,0.8663462048239796,114.06960983966087,1.704822652959237e-05,0.000663901161367735,1.125,13.05642681251129,2.195375374867581,13.527924937363878,13.527924937363878,347.06640625,134.0,1159.82421875,0.0,0.0,4223.0,0.0,0,32,"[0.5143577176797014, 1.039744399860256, 0.03170085298817376, 0.0020629068226004936, 0.10887676265333868]"
542,7.305356593646113,1.7937127599822873,7.071554917066757,0.23380167657935697,0.8663245453386917,117.31428632398737,1.6837639452482733e-05,0.0006790798271067953,1.40625,10.579911749971416,1.6591457812182853,11.967192093663925,11.967192093663925,347.06640625,134.0,1159.82421875,0.0,0.0,4223.0,0.0,0,32,"[0.5139609351870492, 1.0399376200807695, 0.031872823024082994, 0.0011821935283561004, 0.10887676265333868]"
543,7.287504362718847,1.8651008209683209,7.0585475166553,0.22895684606354738,0.8663033765091166,115.7348405629401,2.8730729250803222e-05,0.0006687690307633281,1.09375,10.606983718560059,1.2832855628062134,10.783489968900994,10.783489968900994,347.06640625,134.0,1159.82421875,0.0,0.0,4223.0,0.0,0,32,"[0.5135739714141637, 1.0401218944795825, 0.03206521368831755, 0.0020649663285327155, 0.10887676265333868]"
544,7.254319481117284,1.7753809740556856,7.0225187582709845,0.23180072284630063,0.8662821689370436,117.44201645519009,1.6451306252385223e-05,0.0006861388063371063,1.375,12.589879218978695,1.8610052497933793,13.483645781150244,13.483645781150244,347.06640625,134.0,1159.82421875,0.0,0.0,4223.0,0.0,0,32,"[0.5131849498821276, 1.0403112105747079, 0.03222572417323454, 0.0011778034077732822, 0.10887676265333868]"
545,7.239644688552032,1.8504351041592313,7.012622787177829,0.22702190137420153,0.8662611700519388,121.42097423063952,0.00012308138043382044,0.000664363358441882,1.125,10.875610687492099,0.8966859063548327,10.608858406101263,10.608858406101263,347.06640625,134.0,1159.82421875,0.0,0.0,4223.0,0.0,0,32,"[0.5128001030740146, 1.0404940759535577, 0.03241608481674908, 0.002062233174857184, 0.10887676265333868]"
546,7.206965897495751,1.7578505710283083,6.977017891365183,0.2299480061305682,0.8662410933873078,119.74674849696082,1.565045510032448e-05,0.0007009434084650784,1.375,13.776761781343794,1.6048375622972344,13.014032156149824,13.014032156149824,347.06640625,134.0,1159.82421875,0.0,0.0,4223.0,0.0,0,32,"[0.512431382224327, 1.040673512153832, 0.03256020216503841, 0.001161634610035528, 0.10887676265333868]"
547,7.195356208124673,1.8355034387085944,6.970091247359145,0.22526496076552885,0.8662206442615148,122.269126383963,0.00010876022555805775,0.0006785629734569133,1.09375,10.016909656201278,1.2631018438469255,10.689328000125897,10.689328000125897,347.06640625,134.0,1159.82421875,0.0,0.0,4223.0,0.0,0,32,"[0.5120561571563124, 1.0408515668649239, 0.03273986481856408, 0.0020533879386637316, 0.10887676265333868]"
548,7.1605874974827675,1.7401610978731308,6.932479194219987,0.22810830326278056,0.8662008239946056,121.57828324931145,1.5372873460428593e-05,0.0007103886786305957,1.375,11.122249030961484,1.691999594072513,12.176158968827622,12.176158968827622,347.06640625,134.0,1159.82421875,0.0,0.0,4223.0,0.0,0,32,"[0.5116917966044849, 1.0410288004211545, 0.03287458289084352, 0.0011491309531672924, 0.10887676265333868]"
549,7.149590339698542,1.8209193099695797,6.926076980316242,0.2235133593823009,0.8661808315554441,123.12474357986233,0.00017861204006219822,0.0006746709351565947,1.09375,11.029773281393318,1.4256343749252665,11.714707437590732,11.714707437590732,347.06640625,134.0,1159.82421875,0.0,0.0,4223.0,0.0,0,32,"[0.5113245120623842, 1.0412028648297191, 0.03304463272218309, 0.0020468428789353578, 0.10887676265333868]"
550,7.1149442075931315,1.723644466708857,6.888617648253005,0.22632655934012785,0.8661612740675534,122.96869886513022,1.549942767287149e-05,0.0006865228745705329,1.40625,11.500810750078472,1.5945699064445762,12.581502906584774,12.581502906584774,347.06640625,134.0,1159.82421875,0.0,0.0,4223.0,0.0,0,32,"[0.510964470596699, 1.0413778457696943, 0.033172052170251154, 0.0011393650015814913, 0.10887676265333868]"
551,7.104968814499284,1.8071142130604438,6.8831647763688295,0.2218040381304548,0.8661416467214539,119.62481935283958,2.4073770123589355e-05,0.0006840083700398584,1.09375,9.552268718834966,1.6116868749236346,10.944677249653978,10.944677249653978,347.06640625,134.0,1159.82421875,0.0,0.0,4223.0,0.0,0,32,"[0.5106035571508374, 1.0415487210035064, 0.03333225099509702, 0.002042071751076568, 0.10887676265333868]"
552,7.069260963222846,1.7099411675782699,6.8447387586848105,0.22452220453803579,0.8661206717537472,119.26237329370005,5.1785064702158934e-05,0.0007084824069810729,1.34375,10.438898749896453,1.5199478748399997,11.577540968460198,11.577540968460198,347.06640625,134.0,1159.82421875,0.0,0.0,4223.0,0.0,0,32,"[0.5102167615954357, 1.0417362408211406, 0.03346562770214258, 0.0011490789345692662, 0.10887676265333868]"
553,7.061480948206975,1.794123694167483,6.841490941684967,0.21999000652200806,0.8661005589740746,143.79913700134426,6.86743528093281e-05,0.0006927840406092521,1.0625,12.354397187266386,0.9037065937604893,11.774869280941402,11.774869280941402,347.06640625,134.0,1159.82421875,0.0,0.0,4223.0,0.0,0,32,"[0.5098464191893853, 1.0419114691308675, 0.033622903361047785, 0.0020476366171177963, 0.10887676265333868]"
554,7.030037098409173,1.6927302595139055,6.807038924551028,0.22299817385814413,0.8660832443654625,127.83889585082282,2.8105834896763326e-05,0.0007138397127715333,1.375,12.110004593637314,1.0060060312753194,12.229017124980146,12.229017124980146,347.06640625,134.0,1159.82421875,0.0,0.0,4223.0,0.0,0,32,"[0.5095268986869053, 1.0420668049839898, 0.03372387377446025, 0.0011183452759093515, 0.10887676265333868]"
555,7.019958789011709,1.7809972125362945,6.801460636732888,0.2184981522788212,0.8660646244826036,121.12755734427978,2.696189737338983e-05,0.0006946009127580234,1.0625,10.968667718657343,1.5974415626942573,11.783314343915663,11.783314343915663,347.06640625,134.0,1159.82421875,0.0,0.0,4223.0,0.0,0,32,"[0.5091837203658867, 1.0422288554731098, 0.03386727071744295, 0.0020323505251842334, 0.10887676265333868]"
556,6.9863968218949735,1.6808813348267504,6.765165140219086,0.2212316816758877,0.8660441455602039,127.81911046821233,2.3901883869026364e-05,0.0007189020444729631,1.34375,10.83532624994632,1.1200488438589673,11.250463781209419,11.250463781209419,347.06640625,134.0,1159.82421875,0.0,0.0,4223.0,0.0,0,32,"[0.5088050401198915, 1.042412128565525, 0.03398806856914162, 0.0011332286625234797, 0.10887676265333868]"
557,6.975112707791061,1.768000579231716,6.758412850254455,0.21669985753660514,0.8660247100728878,143.7283689127782,3.2598255132132437e-05,0.0006806456676465924,1.0625,9.858353937488573,1.2056741248898106,10.643198906166162,10.643198906166162,347.06640625,134.0,1159.82421875,0.0,0.0,4223.0,0.0,0,32,"[0.5084462461348765, 1.0425814610273083, 0.034131636180655664, 0.0020398607459110305, 0.10887676265333868]"
558,6.945393130028409,1.6646621460850677,6.725733850122207,0.21965927990620165,0.8660068212108641,132.75090230650838,2.361554552843259e-05,0.0007125417158050018,1.375,10.513261281403175,1.202213874876179,11.35407981246317,11.35407981246317,347.06640625,134.0,1159.82421875,0.0,0.0,4223.0,0.0,0,32,"[0.5081149748732449, 1.042741970999382, 0.034231277525878616, 0.0011154325429639047, 0.10887676265333868]"
559,6.932224783537494,1.7541446740521187,6.717077635213881,0.215147148323613,0.8659882403124585,143.95563540205058,1.973380458597518e-05,0.0006938820180050858,1.03125,10.408106406202933,2.002729281059601,11.851751312349279,11.851751312349279,347.06640625,134.0,1159.82421875,0.0,0.0,4223.0,0.0,0,32,"[0.5077715900581284, 1.0429037760779805, 0.0343654573543867, 0.0020308022818720244, 0.10887676265333868]"
560,6.903543610133633,1.6511292406472455,6.685474744076046,0.21806886605758719,0.8659704827941864,135.81536693768544,3.6456097633585927e-05,0.0007023869535636257,1.40625,10.757622500079833,1.4402964999362666,11.721951000140507,11.721951000140507,347.06640625,134.0,1159.82421875,0.0,0.0,4223.0,0.0,0,32,"[0.5074421360918856, 1.043063188726727, 0.034462766465103115, 0.0011052869505467878, 0.10887676265333868]"
561,6.891283185992261,1.7419905989930546,6.67766213904382,0.21362104694844028,0.8659524447496674,144.46040880214855,0.00014741493131786854,0.0007000549554921633,1.03125,11.554317062518749,1.5627793749217744,12.060347406134042,12.060347406134042,347.06640625,134.0,1160.234375,0.0,0.0,4223.0,0.0,0,32,"[0.5071082265083384, 1.0432202396134218, 0.03459178842454907, 0.0020257176882910615, 0.10887676265333868]"
562,6.866329532053319,1.6366485972647042,6.649729267108433,0.21660026494488588,0.8659348482829874,144.83803291422407,2.4021283438813157e-05,0.0007225042486033513,1.34375,11.493474375129153,3.4769159061625032,14.459760499903496,14.459760499903496,347.06640625,134.0,1160.234375,0.0,0.0,4223.0,0.0,0,32,"[0.5067813066045865, 1.043378281419944, 0.034684969624280575, 0.0010986451841477059, 0.10887676265333868]"
563,6.850448775820384,1.7295468289721792,6.638367574313899,0.2120812015064854,0.8659171872811539,145.213959826039,5.5402815066774025e-05,0.0006833157957539359,1.0625,11.97268446878752,2.0835662189711,13.116638218946264,13.116638218946264,347.06640625,134.0,1160.234375,0.0,0.0,4223.0,0.0,0,32,"[0.5064537152228106, 1.043532055948203, 0.034812345225897434, 0.0020221237909153894, 0.10887676265333868]"
564,6.826991729340154,1.6236864265231157,6.611901184420722,0.21509054491943294,0.8658997802919673,146.87790957886705,2.2872876848101242e-05,0.0007322648100219753,1.3125,11.913259156358436,1.6104076873943995,13.022752468828003,13.022752468828003,347.06640625,134.0,1160.234375,0.0,0.0,4223.0,0.0,0,32,"[0.5061298594751786, 1.0436884747584918, 0.03490136835357771, 0.0010932936163131576, 0.10887676265333868]"
565,6.811491789595028,1.718376728787657,6.600885494189906,0.21060629540512232,0.8658824718403678,145.88345621983984,8.86311200383183e-05,0.0006888700400782026,1.0625,11.718764031172668,2.9658374685936906,13.989485750016684,13.989485750016684,347.06640625,134.0,1160.234375,0.0,0.0,4223.0,0.0,0,32,"[0.5058084443734149, 1.0438391652379582, 0.035023321551939934, 0.0020201766343718383, 0.10887676265333868]"
566,6.787196625302213,1.6101482425615665,6.573645302645026,0.21355132265718618,0.8658652409592316,148.07332149950898,7.939654336563962e-05,0.0007240434655594165,1.34375,10.673746656266303,1.3110891562746474,11.144185625084901,11.144185625084901,347.06640625,134.0,1160.2421875,0.0,0.0,4223.0,0.0,0,32,"[0.5054874331397399, 1.043994076447369, 0.03510843964145721, 0.0010897416737806918, 0.10887676265333868]"
567,6.773011307773942,1.7074466923085736,6.563862366136808,0.20914894163713435,0.865848180047987,146.5436238314387,0.00020679805874523893,0.0006866562422045136,1.0625,10.65518003139232,2.173825374882199,12.136681625065648,12.136681625065648,347.06640625,134.0,1160.2421875,0.0,0.0,4223.0,0.0,0,32,"[0.5051702280261081, 1.044142613981294, 0.0352258222809478, 0.0020190095753287486, 0.10887676265333868]"
568,6.7481193829212,1.5974074274015377,6.536055876116862,0.2120635068043387,0.8658311209859809,148.8982934562708,0.00011364547692238602,0.0007189371666970628,1.34375,12.307070281281085,2.1279147812265364,13.58776546885565,13.58776546885565,347.06640625,134.0,1160.2421875,0.0,0.0,4223.0,0.0,0,32,"[0.5048519858461212, 1.0442960542401605, 0.03530724844929151, 0.0010870504662767425, 0.10887676265333868]"
569,6.73412481055939,1.696006772277013,6.526427432107408,0.2076973784519823,0.8658142567345242,145.05981106011544,4.916736361870733e-05,0.000685140195263689,1.0625,11.451410187646616,2.232322562633726,12.635507281459013,12.635507281459013,347.06640625,134.0,1160.2421875,0.0,0.0,4223.0,0.0,0,32,"[0.5045380515678939, 1.0444428890994168, 0.03542052119377269, 0.002018207852768822, 0.10887676265333868]"
570,6.706792742231334,1.5862641166552605,6.496297996347291,0.21049474588404316,0.8657963875050977,146.9517097410584,0.0002728019227253853,0.0007298695753741048,1.34375,10.554122875078065,2.358941375177892,12.637413125219155,12.637413125219155,347.06640625,134.0,1160.2421875,0.0,0.0,4223.0,0.0,0,32,"[0.5042038923424785, 1.0446035519979562, 0.03550767272606142, 0.0010935837910429548, 0.10887676265333868]"
571,6.694565930876067,1.6840491839008627,6.488405688645061,0.2061602422310055,0.8657794027226348,138.95380421459987,0.00022385831798077405,0.0006754324018801307,1.09375,12.300239656156009,2.616082281178933,14.291651249948245,14.291651249948245,347.06640625,134.0,1160.2421875,0.0,0.0,4223.0,0.0,0,32,"[0.50388728444438, 1.0447515008947228, 0.035618176323378055, 0.0020239920443313954, 0.10887676265333868]"
572,6.664981850276051,1.5755141291954828,6.456062405288634,0.20891944498741694,0.8657608282225451,142.09897796274473,2.9406362225259386e-05,0.0007364609496077775,1.3125,10.111461562473778,1.6317953748625769,11.633911406136122,11.633911406136122,347.06640625,134.0,1160.2421875,0.0,0.0,4223.0,0.0,0,32,"[0.5035388322835438, 1.044918483433598, 0.03571406974676639, 0.001106657658913393, 0.10887676265333868]"
573,6.650045623805498,1.6694239148563415,6.44556263950982,0.20448298429567846,0.8657433528369113,135.04895431276248,2.7246283441417773e-05,0.0006697919251396359,1.0625,10.940309468765008,2.2150828122562416,12.599648062177948,12.599648062177948,347.06640625,134.0,1160.2421875,0.0,0.0,4223.0,0.0,0,32,"[0.5032123046022192, 1.0450708575824492, 0.03582703025247508, 0.002032617548023447, 0.10887676265333868]"
574,6.618021704560762,1.5656772166197719,6.410907462916377,0.20711424164438508,0.8657227803596743,140.49473767530313,0.00010073977751190455,0.0007279008377725862,1.3125,10.427602062577535,2.04567459388727,12.018211437634818,12.018211437634818,347.06640625,134.0,1160.2421875,0.0,0.0,4223.0,0.0,0,32,"[0.5028250272502062, 1.0452555987282808, 0.035940425221564674, 0.001136498949488792, 0.10887676265333868]"
575,6.605676891556255,1.6570539194606353,6.4030246130856545,0.20265227847060113,0.8657043649825729,137.47914443455917,3.228662778331781e-05,0.0006759548605486893,1.0625,11.381792375004807,1.926490562368599,12.184599687316222,12.184599687316222,347.06640625,134.0,1160.2421875,0.0,0.0,4223.0,0.0,0,32,"[0.5024794796767406, 1.0454164444482976, 0.0360642298167241, 0.0020526855849739975, 0.10887676265333868]"
576,6.57160149723217,1.553151484907837,6.366267974516924,0.20533352271524694,0.8656842679166111,141.43669910282273,0.0006340214906033204,0.0007315173450158749,1.3125,11.649568874929628,1.8849706563059954,12.604794937260522,12.604794937260522,347.06640625,134.0,1160.2421875,0.0,0.0,4223.0,0.0,0,32,"[0.5021007011137821, 1.0455970366651959, 0.036170335811644486, 0.001151211919645438, 0.10887676265333868]"
577,6.556461961210838,1.641037720004724,6.355683273504257,0.2007786877065817,0.8656653099082693,139.19530379110913,1.624066164929161e-05,0.0006304400928383981,1.125,9.222567937626991,1.4802161559828164,10.453794968611874,10.453794968611874,347.06640625,134.0,1160.2421875,0.0,0.0,4223.0,0.0,0,32,"[0.50174431031923, 1.0457627709653616, 0.03629412663588067, 0.002062361509527324, 0.10887676265333868]"
578,6.520765564271839,1.5346648392099524,6.317310869281528,0.20345469499031235,0.8656455830740324,146.3655802243933,7.027756782074235e-05,0.0006896325077064011,1.34375,11.052017375163814,1.4797945310647265,12.24140006252128,12.24140006252128,347.06640625,134.0,1160.2421875,0.0,0.0,4223.0,0.0,0,32,"[0.5013719534372004, 1.0459401481751447, 0.036394157594098794, 0.0011568884369001797, 0.10887676265333868]"
579,6.511760239566257,1.6279130772806547,6.312696041132647,0.19906419843360967,0.8656266040804751,140.05959227995498,2.437822517942223e-05,0.0006593782183591923,1.09375,11.895169812532913,1.4262509372997556,12.007329968639624,12.007329968639624,347.06640625,134.0,1160.2421875,0.0,0.0,4223.0,0.0,0,32,"[0.5010140503063177, 1.0461061686305915, 0.03652056265087014, 0.002067033655478106, 0.10887676265333868]"
580,6.47315547321289,1.5183982527309692,6.271468228392637,0.201687244820254,0.865607114428333,145.5941637027381,8.066206215051608e-05,0.0006797781194813467,1.34375,12.898520625185483,1.4854156563615106,13.738681656604967,13.738681656604967,347.06640625,134.0,1160.2421875,0.0,0.0,4223.0,0.0,0,32,"[0.5006456543716228, 1.0462815053014682, 0.036615843194377724, 0.001159034148223298, 0.10887676265333868]"
581,6.462801511070694,1.611144467396232,6.265549999395608,0.19725151167508645,0.8655881571093132,144.8974898513835,2.204700895624967e-05,0.0006352322498143332,1.15625,9.789821531512644,1.3256524998155328,10.71938162499464,10.71938162499464,347.06640625,134.0,1160.2421875,0.0,0.0,4223.0,0.0,0,32,"[0.500287644119489, 1.0464473888433221, 0.036738558177301296, 0.0020696670835354336, 0.10887676265333868]"
582,6.42672827583344,1.501001745886507,6.226754820978906,0.19997345485453472,0.8655693953064809,146.8874025552402,3.265258030360485e-05,0.0006686661770614906,1.375,11.24700378130683,1.652065125028912,12.494517843776975,12.494517843776975,347.06640625,134.0,1160.2421875,0.0,0.0,4223.0,0.0,0,32,"[0.4999326943218317, 1.0466163255123662, 0.03682352105910201, 0.0011541058612725644, 0.10887676265333868]"
583,6.417200452300436,1.5956510668470685,6.221586710636171,0.1956137416642651,0.8655507277341632,145.55077342192428,0.0001115313889425984,0.0006504250726862485,1.15625,9.111747562599248,1.231351655974322,10.175361531196359,10.175361531196359,347.06640625,134.0,1160.4765625,0.0,0.0,4223.0,0.0,0,32,"[0.4995796716756782, 1.0467796829354685, 0.036941374163752434, 0.0020677797688262176, 0.10887676265333868]"
584,6.384351910918953,1.4877357222020768,6.185968448982882,0.19838346193607054,0.8655321614125517,148.06912321135607,4.554258800748556e-05,0.0007176673803750325,1.34375,12.932281062660422,1.4275696873937704,12.998562593679708,12.998562593679708,347.06640625,134.0,1160.4765625,0.0,0.0,4223.0,0.0,0,32,"[0.4992278671952254, 1.0469469465919994, 0.03702262888650127, 0.0011503626626153745, 0.10887676265333868]"
585,6.370656140403736,1.5788791860256033,6.176698132859586,0.19395800754415093,0.8655137543632512,140.72390965604532,5.3614433049631316e-05,0.0006479355813485592,1.15625,9.55195931265962,1.941059030912129,11.312738093636199,11.312738093636199,347.06640625,134.0,1160.4765625,0.0,0.0,4223.0,0.0,0,32,"[0.4988793171508859, 1.0471080362550822, 0.037136267010959255, 0.0020666864938608896, 0.10887676265333868]"
586,6.336019428669823,1.4695213754387761,6.13945084171959,0.1965685869502316,0.865494650389203,147.1312280671457,3.0145958277216778e-05,0.0006894070749511329,1.40625,11.191216343718224,1.3670518125650233,12.083539281377398,12.083539281377398,347.06640625,134.0,1160.4765625,0.0,0.0,4223.0,0.0,0,32,"[0.4985156047164606, 1.0472801965031877, 0.037230464309280904, 0.0011560817590798886, 0.10887676265333868]"
587,6.325216940029529,1.563439738657314,6.132945530698776,0.19227140933075398,0.8654762446493789,142.10427947414422,1.6868330791286468e-05,0.0006601980701913592,1.15625,11.676384437578236,1.5652937186132476,12.12072531245667,12.12072531245667,347.06640625,134.0,1160.4765625,0.0,0.0,4223.0,0.0,0,32,"[0.4981661344111034, 1.04744136143745, 0.037345438125398145, 0.0020718750715937903, 0.10887676265333868]"
588,6.2883915318577195,1.4518838653851245,6.093574881880039,0.19481664997768144,0.8654574360929089,147.08639236664735,9.026226316377617e-05,0.0006787158495497766,1.4375,11.510829656401711,1.283316968795134,11.93433953130807,11.93433953130807,347.06640625,134.0,1160.7265625,0.0,0.0,4223.0,0.0,0,32,"[0.49780757943589893, 1.0476109553841237, 0.037434114536929804, 0.0011581942098890176, 0.10887676265333868]"
589,6.280806961942169,1.5488737521278408,6.090182091672639,0.19062487026952943,0.8654391422267638,142.9493424119504,2.1763647720440815e-05,0.0006716812619662614,1.125,10.620534312522523,1.45993531248223,11.267528156224671,11.267528156224671,347.06640625,134.0,1160.7265625,0.0,0.0,4223.0,0.0,0,32,"[0.49745930541626304, 1.0477712091444853, 0.037549914950565894, 0.002074498855592825, 0.10887676265333868]"
590,6.242045292305548,1.434314986928881,6.048926410704055,0.19311888160149251,0.8654205593752684,147.19804482844134,6.122126007701567e-05,0.0006823691883255294,1.4375,11.914369093744881,1.5356727813014004,12.666967531401951,12.666967531401951,347.06640625,134.0,1160.7265625,0.0,0.0,4223.0,0.0,0,32,"[0.4971045258076141, 1.0479388578371767, 0.037634467502886126, 0.0011585969989389802, 0.10887676265333868]"
591,6.233722652146836,1.5327024980889514,6.0447711116822145,0.18895154046462168,0.865402400331511,143.7977985975119,2.0533276161138758e-05,0.0006567673888619265,1.09375,11.277195062575629,1.1315239686382483,11.633007125055883,11.633007125055883,347.06640625,134.0,1160.7265625,0.0,0.0,4223.0,0.0,0,32,"[0.49675832601692177, 1.0480979619736424, 0.037746308476910025, 0.0020763786588197434, 0.10887676265333868]"
592,6.197448550090422,1.417555121122072,6.005970183151923,0.19147836693849846,0.865384047059609,147.70851554708176,3.292791278086682e-05,0.0006959051905562133,1.40625,10.92244828106459,1.5225709377091334,12.071794156327087,12.071794156327087,347.06640625,134.0,1160.80078125,0.0,0.0,4223.0,0.0,0,32,"[0.49640734898748445, 1.0482636321705927, 0.03782697089119174, 0.0011583034518938503, 0.10887676265333868]"
593,6.1878970456863485,1.5162888313636043,6.000584257641958,0.18731278804438967,0.8653660708796094,144.42555020745485,1.923878263365708e-05,0.0006366399405228752,1.09375,9.438215312627563,1.149879062211312,10.437154281135008,10.437154281135008,347.06640625,134.0,1160.80078125,0.0,0.0,4223.0,0.0,0,32,"[0.4960641710767943, 1.0484211560144592, 0.03793472847327359, 0.002077979190255873, 0.10887676265333868]"
594,6.153377749739695,1.4017090008210782,5.963518131396485,0.18985961834320841,0.8653479127087094,148.19468564107703,2.317809935048487e-05,0.0007036739163195577,1.375,11.065932906262788,1.390919031393878,11.926410281432709,11.926410281432709,347.06640625,134.0,1160.80078125,0.0,0.0,4223.0,0.0,0,32,"[0.49571635871364805, 1.0485851515793687, 0.038011824772105726, 0.0011580943195035576, 0.10887676265333868]"
595,6.14526261918825,1.5021889334157654,5.959496339779647,0.18576627940860352,0.8653301117558482,140.80063021537904,2.240544693954405e-05,0.0006484961014397311,1.0625,9.69738943763332,2.0305469687400546,11.522705312586368,11.522705312586368,347.06640625,134.0,1160.80078125,0.0,0.0,4223.0,0.0,0,32,"[0.49537604717588524, 1.048741163470652, 0.03811586547520753, 0.0020795192373030615, 0.10887676265333868]"
596,6.105879377248196,1.3834342401038215,5.917718750220679,0.18816062702751724,0.8653116462993893,147.0042641616506,2.4646058689459238e-05,0.0006805327314813545,1.375,12.266875468583294,1.3694485625137531,12.285482406127812,12.285482406127812,347.06640625,134.0,1160.80078125,0.0,0.0,4223.0,0.0,0,32,"[0.4950215378049191, 1.048907960492034, 0.038195052800064584, 0.001162877962246512, 0.10887676265333868]"
597,6.101162166374291,1.4868049176371894,5.916991179388976,0.1841709869853143,0.8652938253305025,141.6579966298468,2.101496237782996e-05,0.0006417243398892359,1.0625,9.637220156207604,1.6429666565045409,11.017967281532037,11.017967281532037,347.06640625,134.0,1160.80078125,0.0,0.0,4223.0,0.0,0,32,"[0.49468029750879905, 1.0490642054841168, 0.03829620964802372, 0.0020842410040839386, 0.10887676265333868]"
598,6.060201496268157,1.3656748098801321,5.873683863664111,0.18651763260404658,0.8652755868135807,146.93787421257122,1.999048874123943e-05,0.0006658384363802837,1.375,10.64380490640815,1.5768658749379938,11.764599343848658,11.764599343848658,347.06640625,134.0,1160.80078125,0.0,0.0,4223.0,0.0,0,32,"[0.4943295991776785, 1.0492290425798347, 0.038371617839506156, 0.00116546300201711, 0.10887676265333868]"
599,6.059870512189662,1.4736094236352228,5.8772093913646835,0.1826611208249787,0.8652578787662376,142.2661100167794,2.5255535791135486e-05,0.0006608689377941444,1.03125,10.789152937718427,1.8354838433083387,11.755030031167735,11.755030031167735,347.06640625,134.0,1160.80078125,0.0,0.0,4223.0,0.0,0,32,"[0.4939899926172552, 1.0493843334595352, 0.03846955026000832, 0.0020879386753082344, 0.10887676265333868]"
600,6.018135496834798,1.3504633145247338,5.833168356605199,0.18496714022959904,0.865239826468238,147.54401131232333,5.03044128881136e-05,0.000678746430312739,1.34375,12.079948531265927,1.9208681565032748,13.425296625143801,13.425296625143801,347.06640625,134.0,1160.80078125,0.0,0.0,4223.0,0.0,0,32,"[0.49364235040203625, 1.049547570730149, 0.03854172335034359, 0.0011674553627426575, 0.10887676265333868]"
601,6.017249767925648,1.4588946620323144,5.83611415576499,0.18113561216065882,0.8652223078290029,143.14635113447702,2.313944907017529e-05,0.0006550544968186512,1.03125,9.989179749879895,1.6946007814340192,11.204437843900905,11.204437843900905,347.06640625,134.0,1160.80078125,0.0,0.0,4223.0,0.0,0,32,"[0.4933059183340242, 1.0497012202630747, 0.03863608409680884, 0.0020917395907652705, 0.10887676265333868]"
602,5.9747999164774965,1.3339006717968116,5.791395449845565,0.1834044666319315,0.8652044771945383,147.8256851544534,2.2473435091985294e-05,0.0006712892692657356,1.34375,13.197455625174825,3.053706750051788,15.19345290637375,15.19345290637375,347.06640625,134.0,1160.80078125,0.0,0.0,4223.0,0.0,0,32,"[0.4929620001291995, 1.0498625422493708, 0.03870493116458428, 0.0011692670619676188, 0.10887676265333868]"
603,5.975009080296124,1.4447040507823383,5.795379564459081,0.17962951583704417,0.8651871102409252,143.71460886194902,2.0644001575309545e-05,0.0006460821532463228,1.03125,9.737074874919927,2.219419374910103,11.509266593520806,11.509266593520806,347.06640625,134.0,1160.80078125,0.0,0.0,4223.0,0.0,0,32,"[0.49262797304341566, 1.0500148892667975, 0.03879623406746066, 0.0020949452307553757, 0.10887676265333868]"
604,5.9341002320144645,1.3202925828910739,5.752173435976758,0.181926796037707,0.8651694581676845,147.85016455032223,2.66037648382067e-05,0.0006937988689114297,1.3125,11.907368156073517,1.6523300939752517,12.580496718953782,12.580496718953782,347.06640625,134.0,1160.80078125,0.0,0.0,4223.0,0.0,0,32,"[0.4922869607904841, 1.0501746774981062, 0.03886202872412777, 0.001170905498038311, 0.10887676265333868]"
605,5.933357867818917,1.4305031110526385,5.755207880494713,0.1781499873242039,0.8651522039815076,144.00963192889037,1.9377316494484376e-05,0.0006396455031254336,1.03125,11.716027843590382,1.4491985313611622,11.457346968938964,11.457346968938964,347.06640625,134.0,1160.80078125,0.0,0.0,4223.0,0.0,0,32,"[0.49195462219541525, 1.0503260677684774, 0.038950576161510354, 0.0020976154826600124, 0.10887676265333868]"
606,5.891253713917885,1.304767345667709,5.710846496091092,0.18040721782679325,0.8651346971844389,147.51940913186948,2.783141063211758e-05,0.0006901345660893261,1.3125,12.152117531229578,1.5360453438688637,12.405736000175693,12.405736000175693,347.06640625,134.0,1160.80078125,0.0,0.0,4223.0,0.0,0,32,"[0.4916154707113531, 1.0504846462577282, 0.03901800155928708, 0.0011728003933908014, 0.10887676265333868]"
607,5.892453503208852,1.416203600408082,5.71576414962545,0.17668935358340232,0.8651175195225959,144.44184809652896,2.974097224806016e-05,0.0006362137831554581,1.03125,12.430996468765443,3.3498507188483018,14.820314281280389,14.820314281280389,347.06640625,134.0,1160.80078125,0.0,0.0,4223.0,0.0,0,32,"[0.49128409900630715, 1.0506354038924628, 0.03910383510066372, 0.002100214827092878, 0.10887676265333868]"
608,5.848843616237913,1.2895423814042168,5.66993125769594,0.17891235854197157,0.8651001734201329,147.47734527129933,3.106760779347795e-05,0.000690035222630901,1.3125,10.62055599999212,1.4874421561898998,11.693399749788114,11.693399749788114,347.06640625,134.0,1160.80078125,0.0,0.0,4223.0,0.0,0,32,"[0.49094753013901743, 1.0507926054686338, 0.03916848806020904, 0.0011740242112676788, 0.10887676265333868]"
609,5.851510267860221,1.4022617968421394,5.6762727622652145,0.17523750559500667,0.8650831013213235,144.64480060736875,1.7426276775367455e-05,0.0006283813490020446,1.03125,10.503038343813387,1.7685002499661095,11.831667593696693,11.831667593696693,347.06640625,134.0,1160.80078125,0.0,0.0,4223.0,0.0,0,32,"[0.49061725381510246, 1.0509425040599634, 0.039256219683848514, 0.002101790951559768, 0.10887676265333868]"
610,5.806806615864483,1.2742718525034769,5.629380759312781,0.17742585655170146,0.8650658891025564,147.51698546274764,2.76153278666591e-05,0.0006855252755945507,1.3125,11.503159875019264,1.064194750142633,11.821985281358138,11.821985281358138,347.06640625,134.0,1160.80078125,0.0,0.0,4223.0,0.0,0,32,"[0.49028274021625146, 1.051098567390412, 0.039318383092125035, 0.0011744934805481902, 0.10887676265333868]"
611,5.811219829343882,1.3885398475154145,5.637412191270849,0.17380763807303207,0.8650489357553829,144.79505862726245,5.403784257129729e-05,0.0006244445045141735,1.03125,10.506983593643326,1.3484935627161576,11.160551875150304,11.160551875150304,347.06640625,134.0,1160.80078125,0.0,0.0,4223.0,0.0,0,32,"[0.4899542462267527, 1.0512474553878226, 0.0394035077052708, 0.0021032980150585694, 0.10887676265333868]"
612,5.76535480970123,1.25914276802143,5.589404259917536,0.1759505497836931,0.865031846522459,147.87068989873276,2.37513857102023e-05,0.0006791610773198597,1.3125,13.120731093806626,2.144382906408282,14.149355312554235,14.149355312554235,347.06640625,134.0,1160.80078125,0.0,0.0,4223.0,0.0,0,32,"[0.48962136822531477, 1.0514024920360452, 0.03946559840259777, 0.0011752351835799765, 0.10887676265333868]"
613,5.771376033729808,1.3749310301671158,5.598980336777824,0.1723956969519837,0.8650150449727652,144.9999997551881,2.329830815339662e-05,0.000621843272251035,1.03125,11.09578265612754,2.3198272501758765,12.709488156417592,12.709488156417592,347.06640625,134.0,1160.80078125,0.0,0.0,4223.0,0.0,0,32,"[0.4892950540072509, 1.05155009257966, 0.039550730208682904, 0.0021050124075463823, 0.10887676265333868]"
614,5.724983708823785,1.2440121814787564,5.550482723553243,0.17450098527054278,0.8649980879097479,148.63678258100552,1.842229751591873e-05,0.0006742706133163993,1.3125,11.867696468755184,1.831116750054207,12.877702562605009,12.877702562605009,347.06640625,134.0,1163.484375,0.0,0.0,4223.0,0.0,0,32,"[0.48896422798697986, 1.0517040035305931, 0.039610350435020814, 0.0011758671056124525, 0.10887676265333868]"
615,5.73200965194712,1.361825987937375,5.561004897558533,0.1710047543885871,0.8649814865641983,149.50426684461874,0.00013160379313470472,0.0006168912424122112,1.03125,11.738912843725302,2.200358343827702,12.712766968775213,12.712766968775213,347.06640625,134.0,1163.484375,0.0,0.0,4223.0,0.0,0,32,"[0.488641323305285, 1.051849861123668, 0.03969261231740606, 0.002107366494655952, 0.10887676265333868]"
616,5.685717461566126,1.2294827091266314,5.512605009070724,0.17311245249540258,0.8649650986548474,150.08538090444645,1.7620161029796577e-05,0.0006743018786682173,1.3125,10.198701343540506,1.394315593927331,11.185437531310072,11.185437531310072,347.06640625,134.0,1163.484375,0.0,0.0,4223.0,0.0,0,32,"[0.48832134971223307, 1.0519987316030777, 0.03974537187756251, 0.0011731979290737675, 0.10887676265333868]"
617,5.693796208576636,1.348772578889648,5.524120934791664,0.16967527378497102,0.8649487663311248,149.61935553192205,1.8696794607642175e-05,0.0006133811675347393,1.03125,10.230803593628934,0.950007343760717,10.594669531144518,10.594669531144518,347.06640625,134.0,1163.484375,0.0,0.0,4223.0,0.0,0,32,"[0.4880032176023244, 1.052142227481143, 0.03982468287916753, 0.002106959493204424, 0.10887676265333868]"
618,5.64712165283281,1.2153337129358708,5.475377334206318,0.17174431862649317,0.8649324888921749,151.42545393802746,1.7506961832225443e-05,0.0006729358046443089,1.3125,10.97333653098076,1.3904849375308004,11.909595656049987,11.909595656049987,347.06640625,134.0,1163.484375,0.0,0.0,4223.0,0.0,0,32,"[0.4876848987082531, 1.0522901625241998, 0.0398754036156653, 0.0011719644602753345, 0.10887676265333868]"
619,5.655899182717549,1.3364169865898123,5.487545211844729,0.1683539708728195,0.8649164072043489,149.67361346035165,2.4378934150970366e-05,0.0006043882999029763,1.03125,10.415514656415326,1.6241044373259683,11.36403449993395,11.36403449993395,347.06640625,134.0,1166.87109375,0.0,0.0,4223.0,0.0,0,32,"[0.4873712073091264, 1.0524314590844022, 0.03995182870209109, 0.002107802156862598, 0.10887676265333868]"
620,5.6093949530338225,1.2012212526618578,5.439001709900964,0.17039324313285867,0.8649002351715247,152.8329183087088,1.744984856832943e-05,0.0006673130959707265,1.3125,12.04373768774758,1.1776039374353786,12.12743803137073,12.12743803137073,347.06640625,134.0,1166.87109375,0.0,0.0,4223.0,0.0,0,32,"[0.48705445228619737, 1.0525785026639005, 0.040000557973531144, 0.0011720298024502306, 0.10887676265333868]"
621,5.618860282889234,1.3245054661976874,5.451808971911332,0.16705131097790213,0.8648844088299197,149.78910762059263,0.0001636582887223348,0.0005993024291593074,1.03125,10.980756468939035,1.7948312186035764,11.973739500035663,11.973739500035663,347.06640625,134.0,1166.87109375,0.0,0.0,4223.0,0.0,0,32,"[0.486745304532199, 1.0527175568025124, 0.04007427703547272, 0.0021099301770311782, 0.10887676265333868]"
622,5.572278872460117,1.1875520577099672,5.403213387054887,0.16906548540523075,0.8648683469267875,153.78908133878568,2.6272420877937464e-05,0.000662853547962109,1.3125,10.825834718787064,1.9225544375558457,12.160202250186103,12.160202250186103,347.06640625,134.0,1166.87109375,0.0,0.0,4223.0,0.0,0,32,"[0.4864302179045586, 1.052863665567679, 0.04012107201152909, 0.0011733497608150526, 0.10887676265333868]"
623,5.58262357076099,1.3126884567684478,5.416851567755311,0.16577200300568065,0.8648527231566882,150.04168853753637,0.0003266255906813065,0.0005951676976809856,1.03125,12.662681093615902,1.6444850625703111,12.8068701563393,12.8068701563393,347.06640625,134.0,1166.87109375,0.0,0.0,4223.0,0.0,0,32,"[0.4861245965207788, 1.0530009487802086, 0.04019231849263792, 0.0021128564549177057, 0.10887676265333868]"
624,5.5378774625937375,1.1758678002862821,5.370072038431674,0.16780542416206223,0.8648367845627379,154.39311911780516,3.076580431482512e-05,0.0006864511490233028,1.28125,10.798118937486834,1.585537718881369,11.517800906290176,11.517800906290176,347.06640625,134.0,1166.87109375,0.0,0.0,4223.0,0.0,0,32,"[0.4858114564823903, 1.0531460034225064, 0.04023712121611882, 0.0011753623572965035, 0.10887676265333868]"
625,5.547413681266168,1.3010540906964383,5.38289076927725,0.16452291198891805,0.8648213174860928,150.2624547305951,0.0001614124874809164,0.0005943566230843197,1.03125,9.611871687582152,1.652467124984014,10.898171156327408,10.898171156327408,347.06640625,134.0,1166.87109375,0.0,0.0,4223.0,0.0,0,32,"[0.48550850243313765, 1.053281924630047, 0.040306139326367306, 0.0021160965226374893, 0.10887676265333868]"
626,5.501411678642623,1.1632066705696424,5.334893852643969,0.1665178259986547,0.8648054951756919,154.737603736591,3.0071234207618147e-05,0.0006844842126791397,1.28125,11.053552031228264,1.5596404062421243,11.901620000116964,11.901620000116964,347.06640625,134.0,1166.87109375,0.0,0.0,4223.0,0.0,0,32,"[0.48519718474616774, 1.0534259867693854, 0.04034906273293479, 0.0011777549116249412, 0.10887676265333868]"
627,5.514630454202361,1.2904598369101379,5.351305392729014,0.16332506147334871,0.8647901607530423,150.4686209851214,4.894368688246331e-05,0.0006199171112679022,1.0,10.179661406198193,2.675063312437942,12.403963093561288,12.403963093561288,347.06640625,134.0,1166.87109375,0.0,0.0,4223.0,0.0,0,32,"[0.4848963946516465, 1.0535607625277725, 0.040415994227163875, 0.002119498501499239, 0.10887676265333868]"
628,5.465898825527799,1.1505571332704585,5.300643967658973,0.165254857868826,0.864774445988249,155.1727772224427,3.2922895162101895e-05,0.0006837117893445066,1.28125,10.75393703138161,1.8692075623221172,11.955629562351078,11.955629562351078,347.06640625,134.0,1168.84765625,0.0,0.0,4223.0,0.0,0,32,"[0.48458676912360177, 1.0537039077445252, 0.040457085994095185, 0.0011803750027013843, 0.10887676265333868]"
629,5.480239115303492,1.2795560328140736,5.31814276651197,0.16209634879152204,0.8647592516436662,150.58445083515966,2.6931137019570173e-05,0.0006177078307639022,1.0,11.297639156282457,2.2614889375063285,12.270478031382481,12.270478031382481,347.06640625,134.0,1168.84765625,0.0,0.0,4223.0,0.0,0,32,"[0.48428830052758937, 1.0538374706385631, 0.04052201560422463, 0.0021231695700696094, 0.10887676265333868]"
630,5.430550442004119,1.138064112403454,5.266555735921472,0.163994706082646,0.8647436387782431,155.73813236554676,2.8517189986754232e-05,0.0006775520887366243,1.28125,10.484023500112016,2.0552642187112724,12.176817656268213,12.176817656268213,347.06640625,134.0,1169.06640625,0.0,0.0,4223.0,0.0,0,32,"[0.48397999838315453, 1.0539797670181967, 0.0405636838579859, 0.001183507245237692, 0.10887676265333868]"
631,5.4461889534553825,1.2689544929147802,5.285307688626938,0.16088126482844423,0.8647285960180021,150.8361118530543,6.899446148178612e-05,0.0006148795012715825,1.0,9.485738187549941,1.2216876251045505,10.31455231259315,10.31455231259315,347.06640625,134.0,1169.06640625,0.0,0.0,4223.0,0.0,0,32,"[0.4836840937794352, 1.0541120123375187, 0.04062652839124631, 0.002127436376928433, 0.10887676265333868]"
632,5.395656994671268,1.1262176057618805,5.232898544745577,0.16275844992569072,0.8647130999190039,155.7142595612419,2.785534817517643e-05,0.0006755619286339619,1.28125,10.335968375102311,1.7459960311043687,11.741126874881047,11.741126874881047,347.06640625,134.0,1169.06640625,0.0,0.0,4223.0,0.0,0,32,"[0.48337765176515196, 1.0542533089492316, 0.04066638333741542, 0.0011869364339904573, 0.10887676265333868]"
633,5.412490487270875,1.2585464895309828,5.252812572950722,0.15967791432015294,0.8646981479123388,147.78986262096458,2.5879238783055314e-05,0.0006125890183641978,1.0,10.346245812513644,0.7238810311491761,10.202617843503958,10.202617843503958,347.06640625,134.0,1169.06640625,0.0,0.0,4223.0,0.0,0,32,"[0.483082864796338, 1.0543848016146558, 0.04072986914787441, 0.0021312774072768615, 0.10887676265333868]"
634,5.3603183904529494,1.114962141393626,5.198803826686261,0.1615145637666897,0.8646824184120425,154.50802273741783,7.259546280735663e-05,0.0006747836370188691,1.28125,13.158355999962623,2.4418303750053383,14.216094000119028,14.216094000119028,347.06640625,134.0,1169.06640625,0.0,0.0,4223.0,0.0,0,32,"[0.48277117889423343, 1.0545282417895783, 0.04077081355165549, 0.0011928743113492784, 0.10887676265333868]"
635,5.378754519101438,1.2484699289649548,5.220286696564214,0.15846782253722358,0.8646674419583074,148.11802879015582,2.876667256446197e-05,0.0006100011200813888,1.0,9.951003125024727,2.406199030986045,11.97597509354864,11.97597509354864,347.06640625,134.0,1169.06640625,0.0,0.0,4223.0,0.0,0,32,"[0.4824754626346911, 1.0546599983767286, 0.04083284065418686, 0.002136984863210851, 0.10887676265333868]"
636,5.325309649229252,1.1038255449100798,5.165027921870529,0.16028172735872276,0.864651838332572,153.70357337707168,6.538593649896285e-05,0.0006729176238136455,1.28125,12.203200750207088,1.9282585935798124,13.140154562506723,13.140154562506723,347.06640625,134.0,1169.06640625,0.0,0.0,4223.0,0.0,0,32,"[0.48216581838542316, 1.0548023571915142, 0.04087195899248525, 0.0011976637454045418, 0.10887676265333868]"
637,5.344645778832721,1.2382538316533556,5.187385079100662,0.15726069973205778,0.864636879011693,148.4345399280348,2.5020675725517805e-05,0.0006067792103208833,1.0,12.81598237505932,2.50609771865129,13.884203062445977,13.884203062445977,347.06640625,134.0,1169.06640625,0.0,0.0,4223.0,0.0,0,32,"[0.48187000204569025, 1.054934003666618, 0.04093238396953665, 0.002141862199590991, 0.10887676265333868]"
638,5.2903865268186525,1.0928976841739741,5.1313279135471115,0.15905861327154175,0.8646214005331828,153.70473278816385,0.00034900742586962963,0.0006702408346842754,1.28125,12.536212906297806,1.3243290625268855,12.281701593622074,12.281701593622074,347.06640625,134.0,1169.06640625,0.0,0.0,4223.0,0.0,0,32,"[0.48156238824090924, 1.0550752871333366, 0.04096971204434303, 0.0012016391707455353, 0.10887676265333868]"
639,5.310348128538611,1.2278268091838003,5.1543055043896375,0.15604262414897316,0.8646065389823059,145.14125948654453,2.4625208601136706e-05,0.000589788248095193,1.03125,11.000299125043966,2.137850281428655,12.067567750136732,12.067567750136732,347.06640625,134.0,1169.06640625,0.0,0.0,4223.0,0.0,0,32,"[0.48126807613102107, 1.0552060983046647, 0.04102831847298501, 0.002146538163204937, 0.10887676265333868]"
640,5.253693765931775,1.0831492971007497,5.095901122306948,0.1577926436248261,0.8645901899004752,150.90916628283236,0.00026062328370368704,0.0006659227693042784,1.28125,10.348451562435912,1.779936781304059,11.78809728133956,11.78809728133956,347.06640625,134.0,1169.06640625,0.0,0.0,4223.0,0.0,0,32,"[0.4809419675533327, 1.0553552703249138, 0.04107373467586701, 0.0012141550485741347, 0.10887676265333868]"
641,5.276085994034096,1.2183442000484024,5.121303132346837,0.15478286168725922,0.8645751497281292,145.85490954021606,2.4191599917955386e-05,0.0005927393026691784,1.0,10.389971656479702,2.2111516872769243,11.877155499860237,11.877155499860237,347.06640625,134.0,1169.58984375,0.0,0.0,4223.0,0.0,0,32,"[0.48064362922725834, 1.0554877343420008, 0.04113116221641288, 0.0021576324489177793, 0.10887676265333868]"
642,5.216722899647618,1.0728200941476231,5.060226286902486,0.15649661274513105,0.8645589745714454,149.7583996836515,2.4692281269889094e-05,0.0006515796530057343,1.3125,10.707606812388804,1.374415625207348,11.700996187585133,11.700996187585133,347.06640625,134.0,1169.58984375,0.0,0.0,4223.0,0.0,0,32,"[0.4803205306590025, 1.055635394801118, 0.04117443619494527, 0.001223859956933621, 0.10887676265333868]"
643,5.241828925039302,1.2083982598384473,5.088294687672283,0.1535342373670182,0.8645439225217592,146.5333842625168,2.375504100537995e-05,0.000584703431087436,1.0,11.252765937513232,2.3308629062626096,12.459817406295315,12.459817406295315,347.06640625,134.0,1169.58984375,0.0,0.0,4223.0,0.0,0,32,"[0.48002147284011215, 1.0557680130814775, 0.0412303198685922, 0.002167180595791245, 0.10887676265333868]"
644,5.181034143631959,1.0611012602827292,5.025801600460818,0.15523254317113988,0.8645279165008355,153.006107066817,2.4117235528198222e-05,0.0006405576443003648,1.34375,13.480957406500238,1.9161149374440356,14.271209375124272,14.271209375124272,347.06640625,134.0,1169.58984375,0.0,0.0,4223.0,0.0,0,32,"[0.47970129765905695, 1.055914203866554, 0.04127146540185595, 0.0012320746376841406, 0.10887676265333868]"
645,5.2071105431990645,1.1977359054649321,5.054812760517626,0.15229778268143848,0.8645126967847536,146.83469312457282,2.331197528793183e-05,0.0005761907359444556,1.0,12.226667594063656,3.054421562239895,14.387770812390954,14.387770812390954,347.06640625,134.0,1169.58984375,0.0,0.0,4223.0,0.0,0,32,"[0.47939778040189496, 1.056048427692856, 0.041332377436818724, 0.002173430554994091, 0.10887676265333868]"
646,5.145318313228909,1.050281549486521,4.991332654683289,0.15398565854562052,0.8644968202180714,150.9699153892398,2.3523429637517523e-05,0.0006489307336022587,1.3125,9.820004531206905,1.8418343437360818,11.531716187391794,11.531716187391794,347.06640625,134.0,1169.58984375,0.0,0.0,4223.0,0.0,0,32,"[0.4790797175364666, 1.0561935055607996, 0.041371687697000635, 0.0012373519635751561, 0.10887676265333868]"
647,5.172725366712483,1.186974120301934,5.02164701867002,0.15107834804246217,0.8644814866849541,147.01689172691732,2.714240221557418e-05,0.0005777307899979215,1.0,11.016744187543281,1.6533777501308577,11.968716250180478,11.968716250180478,347.06640625,134.0,1169.58984375,0.0,0.0,4223.0,0.0,0,32,"[0.478773460643793, 1.0563288005193314, 0.04143130491755482, 0.0021777496331273484, 0.10887676265333868]"
648,5.110266948533882,1.0386087161331072,4.957515647144574,0.1527513013893076,0.8644657261108165,150.92279003804555,2.291197779058507e-05,0.0006494290393784882,1.3125,10.724376374810163,1.696503187702092,12.019466937545076,12.019466937545076,347.06640625,134.0,1169.58984375,0.0,0.0,4223.0,0.0,0,32,"[0.47845724799074135, 1.0564728857026608, 0.04146885599021491, 0.0012408190407476117, 0.10887676265333868]"
649,5.138753649962993,1.1763181580308213,4.98888301778646,0.1498706321765323,0.8644504878389568,147.18177775815485,2.7675487257905473e-05,0.000583204843113269,1.0,9.42141981244049,1.4005978438831335,10.62134690636185,10.62134690636185,347.06640625,134.0,1169.58984375,0.0,0.0,4223.0,0.0,0,32,"[0.4781524427090299, 1.0566073690797217, 0.041526713075680496, 0.002181914423371765, 0.10887676265333868]"
650,5.075817418413143,1.0272433569288686,4.924278138699609,0.1515392797135338,0.8644348389158968,158.44052311783133,2.174081917649673e-05,0.0006580436110630444,1.28125,11.356979500135367,1.201670187469972,11.984342281266436,11.984342281266436,347.06640625,134.0,1169.58984375,0.0,0.0,4223.0,0.0,0,32,"[0.4778379975058578, 1.0567504999741175, 0.04156259552476565, 0.0012441776740016533, 0.10887676265333868]"
651,5.105113147818928,1.16604195619397,4.9564690851146675,0.14864406270426034,0.8644204005733764,147.91742615411704,0.00010066212101689231,0.0005633120075654414,1.03125,9.428556468890292,1.3159156562210228,10.36365031245623,10.36365031245623,347.06640625,134.0,1169.58984375,0.0,0.0,4223.0,0.0,0,32,"[0.47754845752714103, 1.0568778495346713, 0.04162036153684719, 0.00219107353839206, 0.10887676265333868]"
652,5.042229855223754,1.0165957479092522,4.891881429522611,0.15034842570114287,0.8644049215476186,157.42041581457227,2.1733034805127005e-05,0.0006612026517838251,1.28125,11.063356218699028,1.767660406358118,12.35751015627784,12.35751015627784,347.06640625,134.0,1169.58984375,0.0,0.0,4223.0,0.0,0,32,"[0.47723698696883393, 1.0570194994387436, 0.041654197789184194, 0.0012520439840051985, 0.10887676265333868]"
653,5.072407354395921,1.1563492048151023,4.924935315361125,0.14747203903479483,0.8643904773564517,148.34936027699186,0.00011981978082253875,0.0005629285964366794,1.03125,9.809706749933866,1.273792187419076,10.63929918740314,10.63929918740314,347.06640625,134.0,1169.58984375,0.0,0.0,4223.0,0.0,0,32,"[0.4769469058175634, 1.0571469449766302, 0.041710576882774617, 0.002198844891459502, 0.10887676265333868]"
654,5.007933957819933,1.0048273235005434,4.858809935434545,0.1491240223853883,0.8643751344492504,156.54836490227083,2.1166533641370222e-05,0.0006434032067933243,1.3125,10.335357187500449,1.716322593665609,11.566575343636032,11.566575343636032,347.06640625,134.0,1169.703125,0.0,0.0,4223.0,0.0,0,32,"[0.476637734856695, 1.0572874167839454, 0.04174264645724406, 0.0012588169500138044, 0.10887676265333868]"
655,5.039980702431568,1.1467649319032454,4.8936618275458015,0.14631887488576723,0.864360703836566,148.64214018947487,2.4356181546725253e-05,0.0005633205885211048,1.03125,9.815574187541642,1.757825906281596,10.844796593687533,10.844796593687533,347.06640625,134.0,1169.703125,0.0,0.0,4223.0,0.0,0,32,"[0.47634749203118015, 1.0574147834820071, 0.04179757703802844, 0.002205664064260206, 0.10887676265333868]"
656,4.974573797989097,0.994067552844992,4.826636342942385,0.14793745504671285,0.8643454794506266,156.41065057932963,2.056218590062997e-05,0.0006413855645260101,1.3125,11.231902437486951,1.1528250312835553,11.559541593840095,11.559541593840095,347.06640625,134.0,1169.703125,0.0,0.0,4223.0,0.0,0,32,"[0.4760402619173525, 1.0575542353242162, 0.041828073883124074, 0.0012647959633548863, 0.10887676265333868]"
657,5.0079083710272005,1.1371925806105838,4.862729037710944,0.14517933331625693,0.8643311275355718,148.8073407327802,0.00040730171432468154,0.0005662393334001766,1.03125,9.616966031273932,1.8734122500063677,11.095441031216069,11.095441031216069,347.06640625,134.0,1169.703125,0.0,0.0,4223.0,0.0,0,32,"[0.47575117255457783, 1.0576809360846733, 0.04188154335348027, 0.0022121687903717763, 0.10887676265333868]"
658,4.940153404380489,0.9848591827782978,4.793386286887721,0.14676711749276716,0.8643160100697008,155.30347759562045,2.0191277992687162e-05,0.0006452334438544022,1.28125,12.62680171885222,2.4007196563502475,13.909431843899256,13.909431843899256,347.06640625,134.0,1169.703125,0.0,0.0,4223.0,0.0,0,32,"[0.47544565572843395, 1.0578194714392655, 0.041910537690678554, 0.001270560191812139, 0.10887676265333868]"
659,4.975679627449257,1.1272970789631023,4.831638993791052,0.14404063365820524,0.8643016476818247,149.08654040952928,0.0007666857534363025,0.0005658665934077775,1.03125,10.794227406279333,1.714769562568108,11.752612375005356,11.752612375005356,347.06640625,134.0,1169.703125,0.0,0.0,4251.0,0.0,0,32,"[0.47515589034045713, 1.0579463119145462, 0.04196283262506515, 0.00221777334290259, 0.10887676265333868]"
660,4.90689091642815,0.9747726458699173,4.761283372694346,0.14560754373380352,0.8642866473286942,155.18473061364782,0.00011678573459406039,0.0006426583201675476,1.28125,12.483059312557998,1.2111090937878544,12.458403374978388,12.458403374978388,347.06640625,134.0,1169.703125,0.0,0.0,4264.0,8.0,0,32,"[0.47485229641820087, 1.0580838387306502, 0.04199029023078108, 0.001275349242452194, 0.10887676265333868]"
661,4.943855141936671,1.117486771873761,4.800943481008769,0.14291166092790197,0.8642723675450931,149.2986241000942,2.007602907072581e-05,0.0005573648026833068,1.03125,11.439349655915976,2.351365719050591,13.235195843947167,13.235195843947167,347.06640625,134.0,1169.703125,0.0,0.0,4264.0,8.0,0,32,"[0.4745637577994081, 1.0582099778968346, 0.04204120358214271, 0.002223105649379936, 0.10887676265333868]"
662,4.874082619692781,0.9647128132199266,4.729614985944954,0.14446763374782706,0.8642574760652596,155.0289257117251,0.00012109448343355922,0.0006422562311473163,1.28125,10.790632593739247,2.258096531136289,12.537513406130074,12.537513406130074,347.06640625,134.0,1169.703125,0.0,0.0,4264.0,8.0,0,32,"[0.4742619212830192, 1.0583465699238976, 0.04206723626513509, 0.0012799409580702878, 0.10887676265333868]"
663,4.912318986187875,1.1079066395432924,4.770518551246388,0.14180043494148814,0.8642432718746247,149.52381433917222,1.9809133240400456e-05,0.0005526342548106908,1.03125,11.484914093784937,2.0951603750631875,12.81892718770905,12.81892718770905,347.06640625,134.0,1169.703125,0.0,0.0,4264.0,8.0,0,32,"[0.47397447903169715, 1.0584720700425396, 0.0421167640992689, 0.002228188639861162, 0.10887676265333868]"
664,4.841256092225009,0.9537918140698335,4.697931699594113,0.1433243926308962,0.8642284901863365,155.23681662152705,4.992002817294505e-05,0.0006316173208268525,1.28125,13.42740793751318,1.4975889999391256,13.760455030990215,13.760455030990215,347.06640625,134.0,1169.703125,0.0,0.0,4264.0,8.0,0,32,"[0.47367443141681975, 1.0586077179232343, 0.042141356422543526, 0.001284278528195139, 0.10887676265333868]"
665,4.881309272926856,1.0984313937065413,4.7406016945077845,0.14070757841907128,0.8642143995428383,157.2155962767703,1.954259368996958e-05,0.0005505668671302366,1.03125,9.857255093720596,1.070408812495316,10.54199128111577,10.54199128111577,347.06640625,134.0,1169.703125,0.0,0.0,4264.0,8.0,0,32,"[0.47338885682530385, 1.0587322359388107, 0.04218945718487871, 0.002233293139853044, 0.10887676265333868]"
666,4.810423417031476,0.9426049312357765,4.668191596222446,0.14223182080903024,0.8642004369450264,157.00116265698182,0.0002132003074182265,0.0006242513248916699,1.28125,12.674974250103332,2.071801906197379,13.597383000046648,13.597383000046648,347.06640625,134.0,1169.703125,0.0,0.0,4262.0,6.0,0,32,"[0.47310478271373585, 1.0588605782803655, 0.042213502541749395, 0.0012834236944480352, 0.10887676265333868]"
667,4.850302312560903,1.0885645152071757,4.7106456141192865,0.13965669844161582,0.8641865963841779,156.84216298432878,1.928956923480385e-05,0.0005443593446911579,1.03125,9.865392000108386,1.821542562538525,11.344548625174866,11.344548625174866,347.06640625,134.0,1169.703125,0.0,0.0,4263.0,7.0,0,32,"[0.4728238968933566, 1.0589828769417984, 0.042259933139070935, 0.0022342077882116953, 0.10887676265333868]"
668,4.7805416266918535,0.9316826884883285,4.639384383669946,0.14115724302190807,0.8641726820271056,159.18047991999515,1.874405300128501e-05,0.0006186576510920719,1.3125,11.12949834362098,1.4224844063619457,12.083309156366795,12.083309156366795,347.06640625,134.0,1169.703125,0.0,0.0,4254.0,0.0,0,32,"[0.472539973141752, 1.0591108568402636, 0.04228667693847865, 0.0012843166270480248, 0.10887676265333868]"
669,4.821493089577373,1.0801531757908498,4.6828453908022345,0.1386476987751391,0.8641591149998146,156.54629219984488,0.00011310700111710759,0.0005649648337884849,1.0,12.670362781250333,2.381440093756737,13.969882156402491,13.969882156402491,347.06640625,134.0,1169.703125,0.0,0.0,4254.0,0.0,0,32,"[0.47226346090986737, 1.059230787090512, 0.04233900740181625, 0.0022363771520675173, 0.10887676265333868]"
670,4.751367167310546,0.9204343125962061,4.6112739248577945,0.14009324245275073,0.8641452544369309,101.78746130244981,0.00023051888464742376,0.000632817373863304,1.25,11.369838874941252,1.8226853126179776,12.451503343868353,12.451503343868353,347.06640625,134.0,1169.703125,0.0,0.0,4254.0,0.0,0,32,"[0.47198024421636997, 1.059358321708434, 0.04236463942108987, 0.0012861844214365897, 0.10887676265333868]"
671,4.770964756228889,1.0523114961815236,4.633518436099334,0.13744632012955527,0.8641235836280372,137.87965676972365,0.0005058223362190972,0.0005662664276621446,1.0,11.924682468759329,1.9548473125610144,12.767568312540334,12.767568312540334,347.06640625,134.0,1169.703125,0.0,0.0,4254.0,0.0,0,32,"[0.47153602263434347, 1.0595517445085612, 0.04244516564150057, 0.002157258662979304, 0.10887676265333868]"
672,4.713335415106661,0.8987788712336994,4.57458457235413,0.1387508427525309,0.8641074459610881,123.20856251577244,4.082383071413176e-05,0.0006269285534814687,1.3125,10.62767268757625,1.4274668125153767,11.774261937603114,11.774261937603114,347.06640625,134.0,1169.703125,0.0,0.0,4254.0,0.0,0,32,"[0.47120461946332426, 1.0596999198942292, 0.042482272886841956, 0.0012262167489583955, 0.10887676265333868]"
673,4.7310036334987675,1.0369673421554386,4.594840097178642,0.13616353632012623,0.8640897594023809,135.4335041182842,0.00012364395253028349,0.000559558189805341,1.0,14.205516344020452,1.5052965000563745,13.274662625235578,13.274662625235578,347.06640625,134.0,1169.703125,0.0,0.0,4252.0,0.0,0,32,"[0.47084166149899365, 1.0598573037276875, 0.04255015786480538, 0.00214212257100662, 0.10887676265333868]"
674,4.675203705885442,0.8853708716437219,4.537760202097947,0.13744350378749537,0.8640734587100914,128.13785583483715,4.021849525193133e-05,0.0006154586316938324,1.3125,11.458878093662861,1.3739849376861457,12.145432062652617,12.145432062652617,347.06640625,134.0,1169.703125,0.0,0.0,4252.0,0.0,0,32,"[0.47050621571721113, 1.0600070146517098, 0.04258683774244336, 0.001212758620076105, 0.10887676265333868]"
675,4.692037356012371,1.0233446947935099,4.557155924194586,0.1348814318177856,0.8640565994213509,134.0919879019864,0.00019103098715156364,0.0005479258553866405,1.0,11.082159125180624,1.315397874861901,11.505529874909826,11.505529874909826,347.06640625,134.0,1169.703125,0.0,0.0,4252.0,0.0,0,32,"[0.4701596674203428, 1.060156963673734, 0.042650957795186996, 0.002136505440134385, 0.10887676265333868]"
676,4.6390417352122935,0.8745055867915851,4.502870316940758,0.13617141827153514,0.8640402605800506,133.6000912079426,2.453231259869071e-05,0.0006319062277387172,1.28125,16.81203093738759,0.980086281288095,15.037929749951218,15.037929749951218,347.06640625,134.0,1169.703125,0.0,0.0,4252.0,0.0,0,32,"[0.4698227779163001, 1.0603070812444308, 0.042686616649824226, 0.0012076897301467225, 0.10887676265333868]"
677,4.653789790527092,1.010224382202323,4.520175741428533,0.13361404909856012,0.8640236538479291,132.95470653701773,0.0001459162047807716,0.000539195594759449,1.0,10.475636843636948,2.124441281068812,11.936914405964671,11.936914405964671,347.06640625,134.0,1169.703125,0.0,0.0,4252.0,0.0,0,32,"[0.4694806121737747, 1.0604548195515158, 0.04275090556018065, 0.0021334126548206815, 0.10887676265333868]"
678,4.601694471243466,0.8623925064113173,4.466822399941807,0.13487207130165818,0.8640072996234707,136.5797183219177,2.3047538352916064e-05,0.000632381887395377,1.25,11.978449218759124,1.2022429686453506,11.735398374867145,11.735398374867145,347.06640625,134.0,1169.703125,0.0,0.0,4252.0,0.0,0,32,"[0.46914276253083026, 1.060605137301416, 0.042785394045005275, 0.0012049339328018488, 0.10887676265333868]"
679,4.617129161893463,0.9984040402905447,4.484762806610897,0.13236635528256668,0.8639911872134876,132.44783977848178,1.7980802509587335e-05,0.0005369753696352056,1.0,11.629073843607785,2.716519875150425,13.807521250100763,13.807521250100763,347.06640625,134.0,1169.703125,0.0,0.0,4252.0,0.0,0,32,"[0.46881026355531624, 1.060748449144176, 0.042846727203283516, 0.0021350653163721995, 0.10887676265333868]"
680,4.565153042554654,0.8511986769152978,4.431553226684541,0.13359981587011163,0.8639748888513701,137.60951801987426,2.1602361139461124e-05,0.0006300958048170301,1.25,10.405889781509359,1.5955757496044498,11.686764437456532,11.686764437456532,347.06640625,134.0,1169.703125,0.0,0.0,4252.0,0.0,0,32,"[0.4684729730207296, 1.0608983205262765, 0.04287964952952373, 0.0012062543643800952, 0.10887676265333868]"
681,4.581639039748328,0.9875267294099463,4.450506268927765,0.1311327708205628,0.8639590189052081,131.9792438626997,1.7365152206849643e-05,0.000535007788061013,1.0,10.706949031145996,2.1142693438491733,11.868918124946504,11.868918124946504,347.06640625,134.0,1169.703125,0.0,0.0,4252.0,0.0,0,32,"[0.4681449545875075, 1.0610394877672538, 0.042938731561234025, 0.0021384480304551135, 0.10887676265333868]"
682,4.52808014638627,0.8418161035610481,4.395717262841908,0.13236288354436265,0.8639427792261927,103.83796961423349,2.0247993102184836e-05,0.0006365463502956837,1.21875,11.183288718598305,1.5678830626484341,11.945443062643335,11.945443062643335,347.06640625,134.0,1169.703125,0.0,0.0,4252.0,0.0,0,32,"[0.4678083016080474, 1.061188885769351, 0.04297009713120678, 0.0012092757055280972, 0.10887676265333868]"
683,4.532217991170048,0.9628387209096336,4.402431772477973,0.12978621869207496,0.8639213304713579,123.46230567744459,5.312642723476202e-05,0.0005255377662576374,1.03125,10.759982625017983,1.420095156277057,11.42496259382142,11.42496259382142,347.06640625,134.0,1169.703125,0.0,0.0,4252.0,0.0,0,32,"[0.4673630173520691, 1.0613808343934326, 0.04304704622222317, 0.0020804567971977562, 0.10887676265333868]"
684,4.490465273456519,0.8237431093579534,4.359487749614441,0.13097752384207684,0.8639041635729974,88.18956245797565,0.00020882140541367278,0.0006567361216252849,1.25,12.74138834361338,1.225013687530918,12.644961937496646,12.644961937496646,347.06640625,134.0,1169.703125,0.0,0.0,4252.0,0.0,0,32,"[0.46700600924083985, 1.0615387064429236, 0.043081389556196614, 0.0011604338844843486, 0.10887676265333868]"
685,4.472669547797729,0.9245754959612846,4.344298320631145,0.12837122716658364,0.8638784943552199,110.29841067267282,1.890347180655283e-05,0.0005425343366168659,1.03125,10.680023062320743,1.4069285625737393,11.28034543734202,11.28034543734202,347.06640625,134.0,1169.703125,0.0,0.0,4252.0,0.0,0,32,"[0.4664709093345332, 1.0617692159091807, 0.04317456627486974, 0.0019678071409981977, 0.10887676265333868]"
686,4.445831229942819,0.8018097218718558,4.316399551205735,0.1294316787370841,0.8638595065112714,111.04965683660315,0.0009984439953378832,0.0006835690642355383,1.21875,9.487691031267786,1.451072343911619,10.670267625073393,10.670267625073393,347.06640625,134.0,1169.703125,0.0,0.0,4252.0,0.0,0,32,"[0.4660746701819693, 1.0619436600073247, 0.043213254861078285, 0.00106721456724728, 0.10887676265333868]"
687,4.428823886979368,0.9073296512755868,4.301900402751251,0.1269234842281164,0.8638393374437677,106.56868471282644,1.650426832133789e-05,0.0005533433434431656,1.03125,9.543644218808822,0.8677744374381291,10.159892781132385,10.159892781132385,347.06640625,134.0,1169.703125,0.0,0.0,4252.0,0.0,0,32,"[0.4656538436197788, 1.0621241826663599, 0.043287931227061364, 0.0019530700941213647, 0.10887676265333868]"
688,4.400841331411376,0.7883322266831724,4.272915041982354,0.12792628942902257,0.8638198762871114,115.57354397201595,0.0007543804864547088,0.0006833491413271134,1.25,11.821157843712626,2.3560272188092313,13.561396218847221,13.561396218847221,347.06640625,134.0,1169.703125,0.0,0.0,4252.0,0.0,0,32,"[0.46524676241675716, 1.0623029956988608, 0.04332658370281531, 0.0010581864258871249, 0.10887676265333868]"
689,4.386106270890821,0.8939054163556568,4.260662269027106,0.12544400186371513,0.8638006871848303,105.56520981265388,1.6149662332765047e-05,0.0005452873651394162,1.0625,10.615211875062869,2.5234203750414963,12.605221593844362,12.605221593844362,347.06640625,134.0,1169.703125,0.0,0.0,4252.0,0.0,0,32,"[0.4648456023591286, 1.0624746872711794, 0.043396796302493254, 0.0019552164159123385, 0.10887676265333868]"
690,4.351005621998137,0.7747528696052188,4.2245692030204935,0.12643641897764324,0.8637812221438032,116.08651020035512,2.5280428867180404e-05,0.0006506177986820357,1.28125,10.486735156348459,1.743467656183384,11.810263593758918,11.810263593758918,347.06640625,134.0,1169.703125,0.0,0.0,4252.0,0.0,0,32,"[0.4644375681476063, 1.0626536194564986, 0.043433381485280295, 0.0010607037666531425, 0.10887676265333868]"
691,4.344533670471538,0.8810460895877811,4.220537532870477,0.12399613760106072,0.8637623096201347,104.99819893051917,1.581180688337014e-05,0.0005468017780115931,1.03125,13.373845874866674,2.032682874926195,13.24118765626281,13.24118765626281,347.06640625,134.0,1169.703125,0.0,0.0,4252.0,0.0,0,32,"[0.4640413919904723, 1.0628228758518257, 0.043500731495255913, 0.0019606263751677355, 0.10887676265333868]"
692,4.304289746896716,0.7625084867973738,4.179378752827159,0.12491099406955805,0.8637429148154223,115.65867638253472,2.6499142050884217e-05,0.0006260022567815713,1.3125,11.348054562347443,0.8929987503165648,11.24640418765921,11.24640418765921,347.06640625,134.0,1169.703125,0.0,0.0,4252.0,0.0,0,32,"[0.46363397814629154, 1.0630012553629475, 0.043535060749140424, 0.001065631284728938, 0.10887676265333868]"
693,4.30345698474637,0.8693855906869457,4.180910464086008,0.12254652066036287,0.8637241116051192,104.69651983217781,1.5508302936062535e-05,0.0005317977310905022,1.03125,12.426217062511569,1.507318999756535,12.798545437306075,12.798545437306075,347.06640625,134.0,1169.703125,0.0,0.0,4252.0,0.0,0,32,"[0.4632392618668427, 1.0631695988516192, 0.04359986229750415, 0.001966553194713137, 0.10887676265333868]"
694,4.259758645315452,0.7503522999076735,4.136298598482386,0.12346004683306536,0.8637048340286798,115.80965114903998,3.6334707021801194e-05,0.0006495832170701185,1.3125,10.653265687437852,1.0897246561967222,11.183096218758237,11.183096218758237,347.06640625,134.0,1169.703125,0.0,0.0,4252.0,0.0,0,32,"[0.46283348500107296, 1.0633469981502772, 0.04363167650709326, 0.0010705272575271777, 0.10887676265333868]"
695,4.263749939509047,0.857761755972721,4.142618579276352,0.12113136023269519,0.8636862301012354,109.2653248869699,1.749524486882592e-05,0.0005307491292339976,1.03125,11.353053281197845,1.695736625151767,12.296146375263106,12.296146375263106,347.06640625,134.0,1169.703125,0.0,0.0,4252.0,0.0,0,32,"[0.46244213862141886, 1.0635136088391712, 0.043694076538921864, 0.0019734088253452967, 0.10887676265333868]"
696,4.216529896068403,0.7382126432327583,4.094478118200094,0.1220517778683091,0.8636678540885402,112.21754619620269,6.304462398665223e-05,0.0006538606724229137,1.28125,11.060634406192094,1.6273931248633744,12.325750906143185,12.325750906143185,347.06640625,134.0,1169.703125,0.0,0.0,4252.0,0.0,0,32,"[0.46205433913929966, 1.0636829407722697, 0.043723647615334434, 0.0010678350792919895, 0.10887676265333868]"
697,4.222176901937116,0.8430622011496136,4.102434256019327,0.11974264591778941,0.8636487740430898,110.59657832395348,0.00035624094951902663,0.0005265061462386801,1.03125,11.850845031347035,1.4222794061993227,12.174074343761276,12.174074343761276,347.06640625,134.0,1169.703125,0.0,0.0,4252.0,0.0,0,32,"[0.4616511877870002, 1.0638540476651928, 0.04379310146794175, 0.0019641428281658405, 0.10887676265333868]"
698,4.177976910189223,0.7263268046030718,4.057351872864179,0.12062503732504365,0.8636307330782809,118.18604719244203,0.0005890481656591895,0.0006509343920240343,1.40625,10.455579343613408,1.1932016251421373,11.39852037493938,11.39852037493938,347.06640625,134.0,1169.703125,0.0,0.0,4252.0,0.0,0,32,"[0.4612692974139547, 1.0640204506600661, 0.04382293471981068, 0.0010555286287636419, 0.10887676265333868]"
699,4.183261970611109,0.8304438208251145,4.064861864629012,0.118400105982097,0.8636127845853926,109.17142301579558,0.00022999840515947056,0.0005193821720167265,1.03125,10.816729000111991,1.7212465934903776,11.851329687203815,11.851329687203815,347.06640625,134.0,1169.703125,0.0,0.0,4252.0,0.0,0,32,"[0.46088889559563245, 1.0641813491925778, 0.04389167352675195, 0.001963648166750233, 0.10887676265333868]"
700,4.137641307833833,0.7153586467096714,4.018320157085382,0.11932115074845093,0.8635946715348767,119.3188736116516,4.37786820057795e-05,0.0006438699172273278,1.46875,10.909910562702407,1.5463371872783682,12.201516812581303,12.201516812581303,347.06640625,134.0,1169.703125,0.0,0.0,4252.0,0.0,0,32,"[0.4605047068990289, 1.064348480641166, 0.043919833145931626, 0.0010560837557343928, 0.10887676265333868]"
701,4.1466818062102995,0.8188009825016396,4.0295879974488535,0.11709380876144579,0.8635770522913705,108.26955124869374,3.92000078712762e-05,0.0005401129534820831,1.0,8.539981124783935,1.2546666253570038,9.475876781550596,9.475876781550596,347.06640625,134.0,1169.703125,0.0,0.0,4252.0,0.0,0,32,"[0.4601306145020177, 1.064506445759717, 0.04398583868472694, 0.001967535986335598, 0.10887676265333868]"
702,4.096267109746215,0.7048698165214347,3.9783072529076255,0.11795985683858995,0.8635589436605484,119.57619813718021,4.338609468890198e-05,0.0006458315960794019,1.46875,11.994178749716866,1.3790742814308032,12.788374343756459,12.788374343756459,347.06640625,134.0,1169.703125,0.0,0.0,4252.0,0.0,0,32,"[0.4597458141494228, 1.0646736077130565, 0.04401196347463949, 0.0010601754927330796, 0.10887676265333868]"
703,4.108906981859331,0.8084187330623949,3.9931446119183263,0.11576236994100454,0.8635415248570968,112.1156292333461,6.688329229831425e-05,0.0005329240036642936,1.0,9.125928781315906,0.8887859062269854,9.754829656287711,9.754829656287711,347.06640625,134.0,1169.703125,0.0,0.0,4252.0,0.0,0,32,"[0.4593752651737923, 1.064829815432513, 0.044075497725606386, 0.001973551649634209, 0.10887676265333868]"
704,4.0564178782800555,0.6946191728772151,3.939764145784024,0.11665373249603152,0.863524133676356,116.33112527253398,0.0002644532835169855,0.0006389062047035079,1.46875,12.72808562487171,1.4369501249689165,13.747597687370217,13.747597687370217,347.06640625,134.0,1169.703125,0.0,0.0,4252.0,0.0,0,32,"[0.4590053346744596, 1.0649905115832055, 0.044095178414513096, 0.0010587069396969023, 0.10887676265333868]"
705,4.070916726223523,0.7958927922739262,3.9564327495632043,0.11448397666031854,0.863506341919448,109.87963670621528,0.0005031243724151757,0.0005240985650717964,1.0,10.123912062397267,1.3618904375789498,10.782630624987632,10.782630624987632,347.06640625,134.0,1169.703125,0.0,0.0,4252.0,0.0,0,32,"[0.4586263905430714, 1.065150174633448, 0.044155270516026426, 0.001968266170868491, 0.10887676265333868]"
706,4.01661603407658,0.6844054189486456,3.901258700712021,0.11535733336455889,0.863488758004703,68.39511454100989,0.0003507025011972864,0.00062594191729573,1.46875,11.893636187494394,1.904145031119242,13.393159406234645,13.393159406234645,347.06640625,134.0,1169.703125,0.0,0.0,4252.0,0.0,0,32,"[0.45825157375123665, 1.0653126957387133, 0.04417385568620008, 0.0010557126905991845, 0.10887676265333868]"
707,4.000801316848513,0.7402178990970797,3.8877307370771286,0.11307057977138425,0.8634580365451971,84.5495259904305,3.162344725948785e-05,0.000568144268725263,1.0,11.77920306224678,1.2754597187836225,11.473609250003847,11.473609250003847,347.06640625,134.0,1169.703125,0.0,0.0,4252.0,0.0,0,32,"[0.45759243573592195, 1.0655910387246716, 0.0442747560730464, 0.0017470023338523543, 0.10887676265333868]"
708,3.9555286740876756,0.6615861054530561,3.84190259853833,0.11362607554934467,0.8634354780541217,59.82917071081365,0.0006320339586558532,0.0006170670238333854,1.625,12.903212656226515,1.0150261563808272,12.729021969050791,12.729021969050791,347.06640625,134.0,1169.703125,0.0,0.0,4252.0,0.0,0,32,"[0.4571097908838947, 1.065798879539709, 0.044299949559258825, 0.0008965780687536783, 0.10887676265333868]"
709,3.873641702811554,0.6569615649366246,3.7607471514795203,0.11289455133203358,0.8633991454321596,73.99862635685771,4.05463985591048e-05,0.0006175554881845618,1.96875,13.68303978114227,1.2276562187594209,13.829693312516156,13.829693312516156,347.06640625,134.0,1169.703125,0.0,0.0,4252.0,0.0,0,32,"[0.456319393032491, 1.0661323806990906, 0.04443730343921335, 0.000401419382220661, 0.10887676265333868]"
710,3.81246054252685,0.6558191055598981,3.700186441452213,0.11227410107463676,0.8633696106143262,64.17921487160227,0.0002605264018744613,0.000639022613979483,2.75,16.612747156102614,1.5557978751985502,16.50185306266394,16.50185306266394,347.06640625,134.0,1169.703125,0.0,0.0,4252.0,0.0,0,32,"[0.45567461158667355, 1.0664036714196312, 0.044551670750932186, 1e-05, 0.10887676265333868]"
711,3.7683601304434875,0.645615343384771,3.657450518732506,0.11090961171098117,0.863335349670643,64.50121447761875,3.923786592485712e-05,0.0006195255745392664,2.78125,16.80627868739748,1.9832275938256316,17.262954968998656,17.262954968998656,347.06640625,134.0,1169.703125,0.0,0.0,4252.0,0.0,0,32,"[0.4549259454409577, 1.0667172276208023, 0.044693989548277344, 1e-05, 0.10887676265333868]"
712,3.7255789470488967,0.6356838322547459,3.616037694202565,0.10954125284633197,0.8633015857323791,64.65170842566846,3.690719921367602e-05,0.0006363214440298505,2.8125,14.946499249845147,2.4652136564782268,17.01917237522821,17.01917237522821,347.06640625,134.0,1169.703125,0.0,0.0,4252.0,0.0,0,32,"[0.4541867652564427, 1.0670263738678194, 0.044830045021101925, 1e-05, 0.10887676265333868]"
713,3.6835991843754443,0.6260359361099214,3.57541542052281,0.10818376385263444,0.8632682225719597,64.9372978028603,0.0002655139410725482,0.0006326195737174569,2.875,15.227679874953992,3.8502264374642436,18.805759062331617,18.805759062331617,347.06640625,134.0,1169.703125,0.0,0.0,4252.0,0.0,0,32,"[0.45345493154733774, 1.067331991441364, 0.0449607068192555, 1e-05, 0.10887676265333868]"
714,3.640260263852191,0.6162428248262939,3.5334283373966295,0.10683192645556092,0.8632353200749961,65.56873084414627,3.2273637005530986e-05,0.0006339140799698165,2.625,13.244320656156106,1.7719061251000312,14.792115968759845,14.792115968759845,347.06640625,134.0,1169.703125,0.0,0.0,4252.0,0.0,0,32,"[0.45273068521305093, 1.067633615488246, 0.04509483826337601, 1e-05, 0.10887676265333868]"
715,3.60079086839996,0.6071093693618459,3.495269171353359,0.10552169704660101,0.8632030437168364,65.71285257278589,0.0002674054149687244,0.0006562722623499728,2.75,15.757686718643527,1.9558836564783633,16.772294218924344,16.772294218924344,347.06640625,134.0,1169.703125,0.0,0.0,4252.0,0.0,0,32,"[0.45201786552086687, 1.0679297125881975, 0.04523074555066223, 1e-05, 0.10887676265333868]"
716,3.560640736979173,0.5978914929428063,3.4563642157137973,0.10427652126537598,0.863171134556937,65.90576621322786,2.8162070536019712e-05,0.0006403915429790068,2.75,13.639350781204485,2.0688778440103306,15.553928656458993,15.553928656458993,347.06640625,134.0,1169.703125,0.0,0.0,4252.0,0.0,0,32,"[0.4513118146983821, 1.0682225728998085, 0.045361505263176984, 1e-05, 0.10887676265333868]"
717,3.524057188257425,0.5893443688091332,3.4209799818718016,0.10307720638562345,0.8631396173826001,65.84877453835263,0.00018499200430710516,0.00064509662343965,3.15625,15.119730343712945,2.4553974998298145,17.490306874776707,17.490306874776707,347.06640625,134.0,1169.703125,0.0,0.0,4252.0,0.0,0,32,"[0.45061320095533974, 1.0685119600810196, 0.045486940108180336, 1e-05, 0.10887676265333868]"
718,3.483936400365738,0.5804687079464568,3.3821109912765426,0.10182540908919518,0.863108353565502,66.46183280258096,0.0003105560495821891,0.0006499527752237109,2.78125,13.82643631228575,1.6128340003547237,14.809791437585318,14.809791437585318,347.06640625,134.0,1169.703125,0.0,0.0,4254.0,0.0,0,32,"[0.44991785055904177, 1.0687992348197508, 0.045616896809886884, 1e-05, 0.10887676265333868]"
719,3.4491326960614153,0.5724728984164866,3.3484804006131146,0.10065229544830082,0.8630776694608274,65.50096185541727,0.00019710218389046297,0.0006508090055820145,3.34375,16.87793243758051,1.533635062344274,17.6960897812819,17.6960897812819,347.06640625,134.0,1169.703125,0.0,0.0,4246.0,0.0,0,32,"[0.4492342510889691, 1.069081297288764, 0.045740083774203834, 1e-05, 0.10887676265333868]"
720,3.410680052881012,0.5640584531425125,3.3112329582690396,0.09944709461197287,0.8630468287100127,65.59047366081464,4.5383117539099516e-05,0.0006415833785314233,3.1875,18.210337968923795,1.8657898435776588,18.03672259381983,18.03672259381983,347.06640625,134.0,1169.703125,0.0,0.0,4246.0,0.0,0,32,"[0.44854583674145027, 1.0693649308413196, 0.0458615042263919, 1e-05, 0.10887676265333868]"
721,3.3727800263547003,0.5557997220027313,3.2745808055952312,0.09819922075946903,0.8630163282143791,65.79185971059528,0.00019921307541981292,0.0006643520218445539,3.0,16.465561500240256,0.8264710311891577,15.019065500041506,15.019065500041506,347.06640625,134.0,1169.703125,0.0,0.0,4257.0,1.0,0,32,"[0.447863785124215, 1.0696455568893664, 0.04597813704247301, 1e-05, 0.10887676265333868]"
722,3.336623438706261,0.5478013156111977,3.239561782610129,0.0970616560961317,0.8629862095821679,65.84447654966695,0.00028197226561799127,0.0006591123882013256,2.90625,14.349579031204485,2.5886076249435064,16.606407718654737,16.606407718654737,347.06640625,134.0,1169.703125,0.0,0.0,4246.0,0.0,0,32,"[0.44718798851442204, 1.0699228737608037, 0.04609796079406664, 1e-05, 0.10887676265333868]"
723,3.3009170188170707,0.5399808806347501,3.2050494112867627,0.09586760753030829,0.8629563957835528,65.84990387992656,0.00028130892692801446,0.0006641983858102588,2.9375,14.387142937550834,2.370938281103463,16.334910687419324,16.334910687419324,347.06640625,134.0,1169.703125,0.0,0.0,4246.0,0.0,0,32,"[0.4465179166993692, 1.07019749704812, 0.04621306918915535, 1e-05, 0.10887676265333868]"
724,3.267034783328543,0.5325031247806278,3.172277044630391,0.09475773869815211,0.8629268623287737,65.43367103201761,0.0002884202225932331,0.0006517478829080085,3.15625,14.854669218664185,1.795098718787358,16.06852356252375,16.06852356252375,347.06640625,134.0,1169.703125,0.0,0.0,4246.0,0.0,0,32,"[0.4458518509428781, 1.070469743182028, 0.046332246581244775, 1e-05, 0.10887676265333868]"
725,3.232271333372606,0.5250225372580751,3.1386451495507823,0.09362618382182335,0.8628974198954639,65.16390741476278,0.00029605428198986594,0.0006472894229165897,3.15625,14.049733343995285,2.9236079371912638,16.872854000098414,16.872854000098414,347.06640625,134.0,1169.703125,0.0,0.0,4246.0,0.0,0,32,"[0.44518665235067517, 1.0707412684536666, 0.046448219066849754, 1e-05, 0.10887676265333868]"
726,3.1979005977551243,0.5177484883075758,3.10537139020686,0.0925292075482643,0.8628681421970376,65.06383833720774,0.00030356914007989566,0.0006486884990647612,3.09375,15.403779343614588,2.976133375113932,17.397279218755557,17.397279218755557,347.06640625,134.0,1169.703125,0.0,0.0,4246.0,0.0,0,32,"[0.4445240196218878, 1.0710113891954927, 0.04656030999748172, 1e-05, 0.10887676265333868]"
727,3.1642862416250077,0.5106006065396171,3.072850599154635,0.09143564247037235,0.8628390918536597,65.16846409900734,0.00031098638608084705,0.0006569409172064249,3.09375,16.27791765628217,2.172324406444659,17.468176687714276,17.468176687714276,347.06640625,134.0,1169.703125,0.0,0.0,4246.0,0.0,0,32,"[0.44386434704371025, 1.07127961099276, 0.046676571103880425, 1e-05, 0.10887676265333868]"
728,3.1312629743645903,0.5035901031668877,3.0409000814629863,0.09036289290160376,0.8628103593830325,65.16718642789822,0.00031776391238858004,0.0006560500641759489,3.09375,15.951161718817275,1.437727062295835,15.776595343709232,15.776595343709232,347.06640625,134.0,1169.703125,0.0,0.0,4257.0,1.0,0,32,"[0.44321084306108566, 1.0715450040318955, 0.04678792404044308, 1e-05, 0.10887676265333868]"
729,3.0987872633192217,0.4968540169986581,3.009479672684158,0.0893075906350637,0.8627818963814761,63.21633742133933,0.00032798336573813813,0.0006612917384987444,3.0625,15.160073374886451,1.876373937363951,16.189277031003257,16.189277031003257,347.06640625,134.0,1169.703125,0.0,0.0,4252.0,0.0,0,32,"[0.44256241099444116, 1.071808014395056, 0.04689483894297481, 1e-05, 0.10887676265333868]"
730,3.066210306305798,0.4902827703928048,2.977936334479958,0.08827397182583975,0.8627530851709405,62.61603281888958,1.3737100436284067e-05,0.0006526234092473189,3.1875,15.868907093874896,1.5785322811439073,16.16824559368979,16.16824559368979,347.06640625,134.0,1169.703125,0.0,0.0,4252.0,0.0,0,32,"[0.44190523259820597, 1.0720743287557586, 0.046997515824749356, 1e-05, 0.10887676265333868]"
731,3.0328194360404463,0.4833422322568096,2.9456346478714677,0.08718478816897934,0.8627242815483399,63.23963214035546,0.0002516035586914711,0.000663014713121019,2.96875,15.865030250267864,2.8473783121967244,18.27718224990349,18.27718224990349,347.06640625,134.0,1169.703125,0.0,0.0,4252.0,0.0,0,32,"[0.44124705008652, 1.0723406900768935, 0.04709756046072035, 1e-05, 0.10887676265333868]"
732,3.001874968205941,0.47701845830805434,2.915664099610206,0.08621086859573526,0.862696025486409,62.64756582793138,0.00043818370683101904,0.0006535988075414743,3.125,16.079803500019807,2.0719296248330465,16.913373718637104,16.913373718637104,347.06640625,134.0,1169.703125,0.0,0.0,4252.0,0.0,0,32,"[0.44060032231088264, 1.072602092647143, 0.04719197374371774, 1e-05, 0.10887676265333868]"
733,2.9700491012161025,0.4703238268593172,2.884843324371553,0.08520577684454943,0.8626677758895183,61.852403923732055,0.0006107930249708016,0.0006566403719825623,2.71875,15.391805687670512,2.9111889682553738,17.85727824977812,17.85727824977812,347.06640625,134.0,1169.703125,0.0,0.0,4252.0,0.0,0,32,"[0.43995257515989983, 1.0728635509831654, 0.04728404095878624, 1e-05, 0.10887676265333868]"
734,2.9392885397925985,0.46392685534904754,2.855028989339101,0.08425955045349752,0.8626394479931409,60.71265138777744,1.182228718521472e-05,0.0006389231597946278,3.1875,17.697906343698833,2.3523307498294344,18.23296912476735,18.23296912476735,347.06640625,134.0,1169.703125,0.0,0.0,4252.0,0.0,0,32,"[0.43930186373268076, 1.0731258488505082, 0.04737370532361558, 1e-05, 0.10887676265333868]"
735,2.907986877888373,0.4581249619300086,2.8247027344437607,0.08328414344461225,0.8626108855835386,61.180693299839334,1.1151878452242414e-05,0.0006502222476913285,2.8125,13.462231749770126,1.5103863125887074,14.833852312392537,14.833852312392537,347.06640625,134.0,1169.703125,0.0,0.0,4252.0,0.0,0,32,"[0.4386443934268458, 1.0733904488422796, 0.047462490817358816, 1e-05, 0.10887676265333868]"
736,2.8778522782164426,0.45223040505153467,2.7955172897056153,0.0823349885108275,0.8625828102578701,60.5070885242672,1.0428285566188578e-05,0.0006405420698764605,2.96875,15.022354968550644,1.4649202814780438,15.929266812690912,15.929266812690912,347.06640625,134.0,1169.703125,0.0,0.0,4252.0,0.0,0,32,"[0.4379971206815094, 1.0736506393508813, 0.04754610218601103, 1e-05, 0.10887676265333868]"
737,2.8488715391269506,0.44649690991467533,2.7674472739608555,0.08142426516609472,0.8625547087341965,59.766039722026555,1.0122516756805311e-05,0.0006521642077192434,3.21875,16.335697124986837,1.4082004686315486,15.98735790611272,15.98735790611272,347.06640625,134.0,1169.703125,0.0,0.0,4252.0,0.0,0,32,"[0.4373480276369253, 1.0739111910009624, 0.047627449523942655, 1e-05, 0.10887676265333868]"
738,2.8189067842936826,0.4409821625021941,2.738408096259831,0.08049868803385156,0.8625265428898274,58.08803327448615,1.324701492499969e-05,0.0006522502569653028,2.96875,15.915958437574318,2.0947028435784887,17.146195593682023,17.146195593682023,347.06640625,134.0,1169.703125,0.0,0.0,4252.0,0.0,0,32,"[0.43669625089936775, 1.0741724572344558, 0.04770671657947769, 1e-05, 0.10887676265333868]"
739,2.7883507658840956,0.43582080536041484,2.708827298723264,0.07952346716083135,0.8624978812960191,57.45637686445801,0.0002421283766937954,0.0006874301168944504,3.28125,17.809575187300197,1.5279091876436723,18.329378250086847,18.329378250086847,347.06640625,134.0,1169.703125,0.0,0.0,4252.0,0.0,0,32,"[0.43603155979567115, 1.074438459335013, 0.04778615225776003, 1e-05, 0.10887676265333868]"
740,2.7573176747531174,0.43011409596675904,2.6788388055514094,0.07847886920170798,0.8624681864743373,67.04509531513897,0.0002558746971814685,0.0006722509578429344,3.625,18.40421906223355,2.441706843853808,19.873017249892655,19.873017249892655,347.06640625,134.0,1169.703125,0.0,0.0,4252.0,0.0,0,32,"[0.43534010019176106, 1.0747143067804805, 0.04787775409212018, 1e-05, 0.10887676265333868]"
741,2.7305850504992364,0.4260092609109856,2.652925335311786,0.07765971518745046,0.8624428081716714,66.40324753129342,0.00012455887452622605,0.0006642983625744631,3.40625,14.927799124848207,2.303792312773112,17.123185468904012,17.123185468904012,347.06640625,134.0,1169.703125,0.0,0.0,4252.0,0.0,0,32,"[0.4347498365665328, 1.0749500212266603, 0.047941946593857025, 1e-05, 0.10887676265333868]"
742,2.7036447592415893,0.421951143518404,2.6268569245616185,0.07678783467997127,0.8624174170572367,65.65736413998562,0.0002517102988410791,0.000673337423064095,3.46875,15.907870562500648,1.011655000297651,15.870555375272488,15.870555375272488,347.06640625,134.0,1169.703125,0.0,0.0,4252.0,0.0,0,32,"[0.43415834358930816, 1.0751859488356004, 0.04800419418216831, 1e-05, 0.10887676265333868]"
743,2.676005445698851,0.41780097367124314,2.6000992214706793,0.07590622422817178,0.8623919798482816,64.69890532276544,0.0006391571605028901,0.0006918445520251753,3.8125,17.03250456250771,3.0568210310661925,19.541350343502017,19.541350343502017,347.06640625,134.0,1169.703125,0.0,0.0,4252.0,0.0,0,32,"[0.43356474622617713, 1.075422404916218, 0.048064676738761185, 1e-05, 0.10887676265333868]"
744,2.648281546303547,0.4138289228341102,2.5732695865788733,0.0750119597246742,0.8623664255237572,64.20056453678896,0.00044898082809963213,0.00067476017011399,4.0,16.35101693756269,1.916142781169583,18.14423456238501,18.14423456238501,347.06640625,134.0,1169.703125,0.0,0.0,4252.0,0.0,0,32,"[0.4329672913915474, 1.0756600565723295, 0.04812383366419895, 1e-05, 0.10887676265333868]"
745,2.6218746757372324,0.40979008815173334,2.547667287217881,0.07420738851935152,0.8623409266434257,63.86845137382835,0.00014538863330093577,0.0006644102204844109,3.75,17.896455156346747,1.8786558435976985,18.863634624779024,18.863634624779024,347.06640625,134.0,1169.703125,0.0,0.0,4252.0,0.0,0,32,"[0.43237006346309403, 1.0758972945452148, 0.0481807056035384, 1e-05, 0.10887676265333868]"
746,2.5961694454321647,0.40606325591292464,2.522796945056559,0.07337250037560587,0.862315536445041,75.08475267072731,0.00031615782470084675,0.000678884943220734,3.375,15.668572312279139,2.6728172500725123,18.039657093652295,18.039657093652295,347.06640625,134.0,1169.703125,0.0,0.0,4257.0,1.0,0,32,"[0.4317744798210388, 1.076133613434305, 0.04823499439974813, 1e-05, 0.10887676265333868]"
747,2.5738816316768443,0.40357484951746725,2.5012299925249915,0.07265163915185276,0.8622939617607736,72.77916622816701,0.0003565082061296465,0.0006402545225556034,3.03125,17.628824656355846,1.0207644685920059,17.139889218867665,17.139889218867665,347.06640625,134.0,1169.703125,0.0,0.0,4254.0,0.0,0,32,"[0.431269244620526, 1.0763343673894203, 0.04826908050819505, 1e-05, 0.10887676265333868]"
748,2.5509874394434764,0.4008774724867572,2.4790156621941035,0.07197177724937331,0.8622719133073726,72.84284948082119,0.00010139205852111033,0.000650497780408963,3.34375,16.41739075012083,1.89388681252467,17.74025396878187,17.74025396878187,347.06640625,134.0,1169.703125,0.0,0.0,4257.0,1.0,0,32,"[0.430751902301639, 1.0765396233720044, 0.04830386340631295, 1e-05, 0.10887676265333868]"
749,2.5285636823256143,0.3969689560378229,2.4572567553188893,0.07130692700672475,0.8622500622640217,71.20762660369383,0.0004935212836496561,0.0006633802680274024,3.21875,15.232198000035169,1.4641962187624813,16.226556531364622,16.226556531364622,347.06640625,134.0,1169.703125,0.0,0.0,4252.0,0.0,0,32,"[0.4302385480309027, 1.0767431076856246, 0.04833634428726447, 1e-05, 0.10887676265333868]"
750,2.506434827467908,0.3940407012732798,2.4358746066905015,0.07056022077740659,0.8622279137305431,70.87229749954552,0.00024159804757428738,0.0006522763237330863,3.5,17.079391655954623,2.2002380315484515,18.693858156325405,18.693858156325405,347.06640625,134.0,1169.703125,0.0,0.0,4252.0,0.0,0,32,"[0.4297172857125072, 1.0769494505233361, 0.048368898026767464, 1e-05, 0.10887676265333868]"
751,2.482978946877908,0.39137250517737193,2.413088300220409,0.06989064665749907,0.8622058476165108,69.61993806591548,7.076256466920228e-05,0.0006549273651089258,2.8125,16.04175818749809,1.2854013125433994,15.885960218781747,15.885960218781747,347.06640625,134.0,1169.703125,0.0,0.0,4252.0,0.0,0,32,"[0.4291961788410026, 1.0771551834153579, 0.04840659218306116, 1e-05, 0.10887676265333868]"
752,2.460334477468926,0.38834917045519013,2.391162304203392,0.0691721732655349,0.8621835908457908,68.40339392978399,0.00029141565036394645,0.000664367866653444,2.6875,17.04380218740198,1.7582918751486432,16.273884250097126,16.273884250097126,347.06640625,134.0,1169.703125,0.0,0.0,4252.0,0.0,0,32,"[0.4286677884667365, 1.0773629367916564, 0.04845731229926634, 1e-05, 0.10887676265333868]"
753,2.4368130722594348,0.3859599107614538,2.3683645169151513,0.06844855534428335,0.8621611521986761,67.82187640778233,1.7700201746517763e-05,0.0006640392970845666,2.53125,14.06849278117761,2.8759663125015322,16.907963624930744,16.907963624930744,347.06640625,134.0,1169.703125,0.0,0.0,4252.0,0.0,0,32,"[0.42813422129327233, 1.0775724714997437, 0.04850714860042371, 1e-05, 0.10887676265333868]"
754,2.415369946101677,0.3827083706643124,2.347611100446988,0.06775884565468904,0.8621387335075105,67.19564800409381,1.783185284898181e-05,0.0006636404012470217,2.53125,14.77148137507811,2.3817135311219317,16.92692665614004,16.92692665614004,347.06640625,134.0,1169.703125,0.0,0.0,4252.0,0.0,0,32,"[0.4276003652635433, 1.0777818956532317, 0.04855491870018533, 1e-05, 0.10887676265333868]"
755,2.392980638902027,0.38016892209119724,2.3259986767920333,0.06698196210999394,0.8621163056170315,65.98203774345086,0.0007546684546424487,0.0006709388231399163,2.59375,16.694307062550706,3.1674957189693487,18.863528750273417,18.863528750273417,347.06640625,134.0,1169.703125,0.0,0.0,4252.0,0.0,0,32,"[0.4270655447539909, 1.0779914814287805, 0.04860085822561927, 1e-05, 0.10887676265333868]"
756,2.37048734238956,0.3775314779703795,2.3042207955403793,0.06626654684918061,0.8620936901475914,65.17939210920613,0.000784828419696959,0.0006584923863266784,2.625,16.58255362519867,1.8218280310406954,17.163527468710527,17.163527468710527,347.06640625,134.0,1169.703125,0.0,0.0,4252.0,0.0,0,32,"[0.4265252767520373, 1.0782029106998512, 0.04864577966246683, 1e-05, 0.10887676265333868]"
757,2.348332837493771,0.3757328174385765,2.2827886277669713,0.06554420972679952,0.8620710091972439,63.1436726073051,0.0008156289069292111,0.0006617913936272267,2.5625,17.687633468824515,0.8272521874346239,16.176721500073654,16.176721500073654,347.06640625,134.0,1169.703125,0.0,0.0,4252.0,0.0,0,32,"[0.42598155475763333, 1.078415121523626, 0.04869636291771821, 1e-05, 0.10887676265333868]"
758,2.326456319485346,0.37317934980481693,2.2617083849351856,0.06474793455016041,0.8620478367101744,61.91347593516397,0.0008441334616395846,0.000676367603626771,2.6875,15.899432031119431,1.1511102187569122,16.71993856240306,16.71993856240306,347.06640625,134.0,1169.703125,0.0,0.0,4252.0,0.0,0,32,"[0.4254240065878944, 1.078632114057722, 0.04875428261530656, 1e-05, 0.10887676265333868]"
759,2.303708365569248,0.37085595872485916,2.239703047480071,0.06400531808917746,0.8620244443966085,60.83748587010528,0.0008724050827575436,0.0006783414613473608,2.9375,16.362945656055672,0.9982773753449692,16.858260906303713,16.858260906303713,347.06640625,134.0,1169.703125,0.0,0.0,4252.0,0.0,0,32,"[0.42486016422386036, 1.0788512597557829, 0.048810908144971604, 1e-05, 0.10887676265333868]"
760,2.2798585238007534,0.36918615756155815,2.2165992875936835,0.06325923620706961,0.8620008837774686,60.07565003669108,0.0008985337273492711,0.0006731199407954574,2.78125,15.164275437371089,2.1454535937550645,16.124458750141457,16.124458750141457,347.06640625,134.0,1169.703125,0.0,0.0,4252.0,0.0,0,32,"[0.42429131109564666, 1.0790720750019247, 0.048866090135625095, 1e-05, 0.10887676265333868]"
761,2.2583210229311996,0.36638124781626524,2.195763324213345,0.0625576987178547,0.8619772784615282,59.37712380860957,0.0009234426394790773,0.0006686891121718828,2.78125,16.473065000013776,2.008393812616305,18.300141937515946,18.300141937515946,347.06640625,134.0,1169.703125,0.0,0.0,4252.0,0.0,0,32,"[0.4237205087042215, 1.0792933952804034, 0.04891889299760289, 1e-05, 0.10887676265333868]"
762,2.2356673876189133,0.3643029478278159,2.1738492672994045,0.06181812031950829,0.8619536304440986,57.96929039871769,0.000947275228615041,0.0006833471501229865,3.09375,15.042193312467589,1.9071454064487625,16.424971468893546,16.424971468893546,347.06640625,134.0,1169.703125,0.0,0.0,4252.0,0.0,0,32,"[0.42314784031410163, 1.0795152010805351, 0.04896947074048852, 1e-05, 0.10887676265333868]"
763,2.212401607100111,0.36248974006608564,2.1513326352214364,0.06106897187867471,0.8619296750738609,56.983395576153654,0.0009704158655865491,0.0006872537654759483,3.0,15.958222906192532,1.6992581249724026,16.930484593615347,16.930484593615347,347.06640625,134.0,1169.703125,0.0,0.0,4252.0,0.0,0,32,"[0.42256666369611057, 1.0797399917347106, 0.049019115912816685, 1e-05, 0.10887676265333868]"
764,2.189872021131197,0.36027723423866714,2.129556769333151,0.06031525179804613,0.8619055736254145,56.16697140284072,0.0009912830279841245,0.0006938766509144337,2.8125,16.706420718890058,2.7659111560751626,18.318740374866138,18.318740374866138,347.06640625,134.0,1169.703125,0.0,0.0,4252.0,0.0,0,32,"[0.421979791457311, 1.079966346134549, 0.04907474688474121, 1e-05, 0.10887676265333868]"
765,2.1671436031406595,0.3584841891408978,2.107507882618056,0.05963572052260307,0.8618813888786979,54.72385413835679,0.0009681786969628625,0.0006720451922873645,2.9375,18.687060968659353,2.2833238749626616,19.210398406187323,19.210398406187323,347.06640625,134.0,1169.703125,0.0,0.0,4252.0,0.0,0,32,"[0.4213899664039277, 1.0801935745403215, 0.049127871511114383, 1e-05, 0.10887676265333868]"
766,2.1440984491503334,0.35721193337646945,2.0852154019848355,0.058883047165498095,0.8618568508325576,53.745592884581455,0.0009905547301185536,0.0006843789041918269,2.8125,18.71022484385776,1.8305067499113648,19.830761156185872,19.830761156185872,347.06640625,134.0,1169.703125,0.0,0.0,4252.0,0.0,0,32,"[0.4207905657729257, 1.0804242202065562, 0.04917973739365287, 1e-05, 0.10887676265333868]"
767,2.1223512428523765,0.35478517799520354,2.0641560158132157,0.05819522703916041,0.8618321575175988,50.92642511688375,8.626611829321007e-06,0.0006621611526975737,3.03125,16.50330300009273,1.2076500310627125,17.213211437365317,17.213211437365317,347.06640625,134.0,1169.703125,0.0,0.0,4252.0,0.0,0,32,"[0.4201864055389739, 1.0806564211707697, 0.04922906392540189, 1e-05, 0.10887676265333868]"
768,2.099118748805876,0.3532357838014753,2.0416978994529753,0.057420849352900094,0.8618064221199994,60.917101399921535,0.00020763754679054003,0.0006737886319200467,3.0625,21.440626375010652,1.3250511876776727,21.80405440640243,21.80405440640243,347.06640625,134.0,1169.703125,0.0,0.0,4252.0,0.0,0,32,"[0.4195555471885881, 1.0808985410876357, 0.04927929218591584, 1e-05, 0.10887676265333868]"
769,2.0793978869531986,0.35256090917825594,2.022602765814238,0.056795121138961076,0.861784976901276,59.72761075176236,0.0006875437036595322,0.0006677268603114264,2.9375,20.03119681262433,1.2125567811267501,19.26585850014817,19.26585850014817,347.06640625,134.0,1169.703125,0.0,0.0,4252.0,0.0,0,32,"[0.41903081057303404, 1.0811002366703888, 0.04930805657578705, 1e-05, 0.10887676265333868]"
770,2.060930223102386,0.35074185104167493,2.004752339410819,0.056177883691567204,0.8617633361972533,67.64351884766074,0.00012071453948658828,0.0006260747744238879,3.375,19.53890481252074,1.9056081250710122,19.19121056255335,19.19121056255335,347.06640625,134.0,1169.703125,0.0,0.0,4252.0,0.0,0,32,"[0.4185005023771186, 1.0813038486115831, 0.049335256067844224, 1e-05, 0.10887676265333868]"
771,2.044191074796468,0.34981433043925486,1.9885569008534756,0.05563417394299269,0.8617445108589554,66.71374750062614,0.0001474872434799046,0.0006322407606785987,3.40625,17.934643656417393,1.386621343499428,17.73460974993668,17.73460974993668,347.06640625,134.0,1169.703125,0.0,0.0,4252.0,0.0,0,32,"[0.41803959659068707, 1.0814809519663926, 0.04935154947373013, 1e-05, 0.10887676265333868]"
772,2.026795975475609,0.34960598713284435,1.9716963572049528,0.05509961827065627,0.8617255959907095,65.8334797572675,0.0002050900569159353,0.0006349889022043453,3.21875,18.42101125004092,1.627955718731755,18.70881200011354,18.70881200011354,347.06640625,134.0,1169.703125,0.0,0.0,4252.0,0.0,0,32,"[0.41757585372546835, 1.0816589603002271, 0.0493667080696089, 1e-05, 0.10887676265333868]"
773,2.0103400021606985,0.34895313755575186,1.9557834265714964,0.05455657558920231,0.8617066078518218,64.69182581196176,0.00021022725116481844,0.0006440764383098679,3.28125,16.6880276875645,2.8406547500026136,18.16984428143087,18.16984428143087,347.06640625,134.0,1169.703125,0.0,0.0,4252.0,0.0,0,32,"[0.4171096693959053, 1.0818377209211476, 0.04938062794836422, 1e-05, 0.10887676265333868]"
774,1.9932869217974853,0.34886380455766086,1.939261993347142,0.05402492845034329,0.8616874644421953,63.663959885434544,0.00032238874055678934,0.000649839028950669,3.125,17.143369500047356,1.6146406875918728,17.834671000116487,17.834671000116487,347.06640625,134.0,1169.703125,0.0,0.0,4252.0,0.0,0,32,"[0.41663899273074606, 1.0820180091949099, 0.04939350682395255, 1e-05, 0.10887676265333868]"
775,1.9767918464574186,0.34867788945358186,1.923284872888721,0.05350697356869711,0.8616681982562457,62.46274427802939,0.00032279026371262454,0.0006504880597115015,3.09375,16.898604312700627,1.5622218122643972,17.60424212483258,17.60424212483258,347.06640625,134.0,1169.703125,0.0,0.0,4252.0,0.0,0,32,"[0.41616465467068214, 1.0821995169873608, 0.04940504163739969, 1e-05, 0.10887676265333868]"
776,1.9610518903660776,0.34870071820368514,1.908016513525315,0.0530353768407624,0.8616487518651947,60.930919735500076,1.2924786049417492e-05,0.0006297677190935846,3.375,17.595687187679232,2.520205093730965,19.736672125191035,19.736672125191035,347.06640625,134.0,1169.703125,0.0,0.0,4252.0,0.0,0,32,"[0.4156851830521653, 1.0823827903438403, 0.049415464551490026, 1e-05, 0.10887676265333868]"
777,1.945059019140246,0.34824963499068606,1.8925415292849719,0.05251748985527427,0.8616290094397007,58.29630967606273,0.00015610205440319547,0.0006335363927551303,3.46875,19.024513531235243,1.2914728436612677,19.621274249800535,19.621274249800535,347.06640625,134.0,1169.703125,0.0,0.0,4252.0,0.0,0,32,"[0.41519761946960915, 1.082568930157591, 0.04942533979862799, 1e-05, 0.10887676265333868]"
778,1.9280594649662195,0.34985281451084804,1.876069102972075,0.05199036199414448,0.8616085943777554,67.41043960750734,0.0001902309797197077,0.0006192542572567451,3.3125,18.442186593460974,3.3538480940364934,21.133314062524278,21.133314062524278,347.06640625,134.0,1169.703125,0.0,0.0,4252.0,0.0,0,32,"[0.414692537609724, 1.0827614979800306, 0.049435084696593426, 1e-05, 0.10887676265333868]"
779,1.9133154376852473,0.3500350410492221,1.8617843966229957,0.05153104106225172,0.8615909678440804,65.88830018483787,0.0003487790297502791,0.0006195142632921084,3.5625,17.405908031207673,2.9676311872890437,19.437426031117866,19.437426031117866,347.06640625,134.0,1169.703125,0.0,0.0,4252.0,0.0,0,32,"[0.4142573980041292, 1.0829276967931891, 0.04943325520397827, 1e-05, 0.10887676265333868]"
780,1.8986163579593924,0.3503063315592579,1.8475405898118624,0.05107576814753026,0.8615731030447576,64.63884844098052,8.983074463131402e-05,0.0006257921552383492,3.5625,17.645271656022032,1.1380967188756586,17.945454499852076,17.945454499852076,347.06640625,134.0,1169.703125,0.0,0.0,4252.0,0.0,0,32,"[0.4138157051405442, 1.0830962060147644, 0.049430767046563164, 1e-05, 0.10887676265333868]"
781,1.8840525943687014,0.3506852095109263,1.8334251622205175,0.050627432148183646,0.8615550622867119,63.72244163052133,2.3125083387309786e-05,0.0006297482823178244,3.34375,17.633255656164692,1.2793584688211013,17.562688250166048,17.562688250166048,347.06640625,134.0,1169.703125,0.0,0.0,4252.0,0.0,0,32,"[0.41336903261728203, 1.0832664359297655, 0.0494273217513736, 1e-05, 0.10887676265333868]"
782,1.8692239779134456,0.3512318167742511,1.8190558729187185,0.05016810499472729,0.8615369273289966,62.090666961430124,1.3434605480533435e-05,0.0006333679807385604,3.5625,18.235124624936816,1.148928500015245,18.316271656260597,18.316271656260597,347.06640625,134.0,1169.703125,0.0,0.0,4252.0,0.0,0,32,"[0.4129194509486714, 1.0834376119162517, 0.04942261353468534, 1e-05, 0.10887676265333868]"
783,1.8544044911536388,0.3518004309128088,1.8046937398899954,0.04971075126364326,0.8615185002303094,60.82027383472019,1.1660164639160087e-05,0.0006339254503493465,3.5625,17.416473468699678,2.0929073750721727,18.701689968679602,18.701689968679602,347.06640625,134.0,1169.703125,0.0,0.0,4252.0,0.0,0,32,"[0.41246190059867005, 1.083611614365557, 0.04941715277452779, 1e-05, 0.10887676265333868]"
784,1.8391621338681468,0.3526170686108201,1.7899123334845088,0.04924980038363792,0.8614998703666628,59.289597477970794,0.00028974201905196395,0.0006376401737369449,3.625,19.36256834363803,2.7998701253864056,21.19141506273081,21.19141506273081,347.06640625,134.0,1169.703125,0.0,0.0,4257.0,1.0,0,32,"[0.41199864088894345, 1.0837875968951993, 0.04941059141880454, 1e-05, 0.10887676265333868]"
785,1.8241053079330387,0.353191308199206,1.7753213865059807,0.04878392142705809,0.8614809565836286,69.8051850622211,2.4003904203429016e-05,0.0006408677514602103,3.625,19.689384374828478,1.9822581252242344,20.76213856258846,20.76213856258846,347.06640625,134.0,1169.703125,0.0,0.0,4257.0,1.0,0,32,"[0.41152754564169725, 1.083966334938819, 0.04940321713357583, 1e-05, 0.10887676265333868]"
786,1.8111109660952702,0.3528352317441345,1.7627240073183046,0.04838695877696535,0.8614649018546556,66.50952533290969,0.000589543699997197,0.0006321943429036995,3.625,18.034537812809504,1.4746369373028756,18.69954771882476,18.69954771882476,347.06640625,134.0,1169.703125,0.0,0.0,4257.0,1.0,0,32,"[0.41112864967091906, 1.0841179841844255, 0.04938731416181147, 1e-05, 0.10887676265333868]"
787,1.7969501929154044,0.35218995205514003,1.7490005760134886,0.04794961690191543,0.8614475133924597,63.65016959999835,0.0005771036750368275,0.0006400702615489526,3.625,17.027592281181114,1.0928378123935545,17.39341940600525,17.39341940600525,347.06640625,134.0,1169.703125,0.0,0.0,4256.0,0.0,0,32,"[0.4106943095291937, 1.0842824349543083, 0.04938104609496561, 1e-05, 0.10887676265333868]"
788,1.782179341223717,0.35097842071264285,1.7346743282269408,0.047505012996776314,0.8614297647834911,62.435722151072824,0.00013918975555649027,0.0006516355001243061,3.5,15.537903531196662,3.0409374377313725,18.409968468802163,18.409968468802163,347.06640625,134.0,1169.703125,0.0,0.0,4252.0,0.0,0,32,"[0.4102508718287127, 1.0844503082249854, 0.04937027935297152, 1e-05, 0.10887676265333868]"
789,1.7686711328533453,0.3541073152898468,1.721647320334997,0.04702381251834849,0.8614118445609215,60.54926092317609,0.0003940623285885181,0.0006347677380314977,3.6875,16.862182156160088,1.9202874377128865,18.42911459385732,18.42911459385732,347.06640625,134.0,1169.703125,0.0,0.0,4252.0,0.0,0,32,"[0.4098024832306248, 1.084619868852019, 0.04935863897292366, 1e-05, 0.10887676265333868]"
790,1.7540562900059555,0.35334700592275126,1.7074861817664424,0.046570108239513144,0.8613935469181342,59.08592771651786,3.448613708956216e-05,0.0006488068484736763,3.6875,20.631163218865822,2.3515551247328403,21.281460124896512,21.281460124896512,347.06640625,134.0,1169.703125,0.0,0.0,4252.0,0.0,0,32,"[0.40934385806578966, 1.0847930752191195, 0.049346421628828706, 1e-05, 0.10887676265333868]"
791,1.739373261866123,0.3526461386383028,1.693264558641232,0.04610870322489122,0.8613749848071637,57.99417483255757,5.6303479571084836e-05,0.000665287986795367,3.46875,19.282198875032464,3.1955319375924773,22.231441812550656,22.231441812550656,347.06640625,134.0,1169.703125,0.0,0.0,4252.0,0.0,0,32,"[0.4088766051538486, 1.0849689622849448, 0.049341530629680545, 1e-05, 0.10887676265333868]"
792,1.7245922226922326,0.35159824613235396,1.6789595720502128,0.045632650642019865,0.8613562611952597,56.5078862014492,0.0002539626361370839,0.0006672220535541937,3.53125,18.262816968729112,3.3568511562407366,21.447211625002183,21.447211625002183,347.06640625,134.0,1169.703125,0.0,0.0,4252.0,0.0,0,32,"[0.40840464649602803, 1.085146443464982, 0.04933524702691069, 1e-05, 0.10887676265333868]"
793,1.708769856776385,0.34832149205596763,1.6636356439597946,0.04513421281659018,0.8613372482251217,55.31900279047106,0.0003134603566457006,0.0006638679410729227,3.5,18.255961593524717,2.1284381879240755,19.481959250242653,19.481959250242653,347.06640625,134.0,1169.703125,0.0,0.0,4252.0,0.0,0,32,"[0.40792463612444047, 1.0853267403452342, 0.04932783291768823, 1e-05, 0.10887676265333868]"
794,1.6945976837434547,0.3497615007076243,1.649894292719256,0.04470339102419892,0.8613180424236798,53.68696321973609,0.000266636770619888,0.0006498406524786588,3.75,17.642029625051237,2.0101253122106755,19.17621499961797,19.17621499961797,347.06640625,134.0,1169.703125,0.0,0.0,4252.0,0.0,0,32,"[0.4074389803126523, 1.0855089389403108, 0.049318887571963836, 1e-05, 0.10887676265333868]"
795,1.679386748512413,0.34856230076512695,1.6351418361806092,0.04424491233180389,0.86129846708156,52.65914252362572,0.0002716353717442388,0.0006650926505596912,3.40625,18.496632593723916,3.5304865937177965,21.739338062445768,21.739338062445768,347.06640625,134.0,1169.703125,0.0,0.0,4252.0,0.0,0,32,"[0.4069431629754892, 1.0856947221642235, 0.04930882166444983, 1e-05, 0.10887676265333868]"
796,1.6638579648966128,0.34793206193393,1.620097594246889,0.0437603706497238,0.8612787293632787,51.05958007218524,0.0006627821316516069,0.00068813760218761,3.4375,16.842890687826184,2.195683155889583,18.946312593641323,18.946312593641323,347.06640625,134.0,1169.703125,0.0,0.0,4252.0,0.0,0,32,"[0.40644252236052636, 1.085882116840801, 0.049296904752864024, 1e-05, 0.10887676265333868]"
797,1.6479313639884166,0.3459811638687978,1.6046442512511547,0.043287112737261525,0.8612586148802712,48.95037909471142,0.00028784607333998125,0.0006698540084841805,3.59375,16.53737718748971,2.1189595937016747,18.426808843742037,18.426808843742037,347.06640625,134.0,1169.703125,0.0,0.0,4252.0,0.0,0,32,"[0.40593138942676854, 1.086073176349767, 0.04928372261122219, 1e-05, 0.10887676265333868]"
798,1.6333706539199908,0.34737868210620065,1.5905514568067871,0.04281919711320353,0.8612379020501705,58.29846008414338,0.00028348952632506474,0.0006428623412059041,3.8125,19.921333625063653,2.169810905968461,20.47693659358174,20.47693659358174,347.06640625,134.0,1169.703125,0.0,0.0,4252.0,0.0,0,32,"[0.4054040581277094, 1.0862700134128416, 0.049269274157427094, 1e-05, 0.10887676265333868]"
799,1.620231375905245,0.3474915326708735,1.5778207825071657,0.04241059339807907,0.861220546742113,56.60450350508796,0.0002865887614755813,0.0006527743717050325,3.84375,21.355366593866165,2.577673905989286,23.18594903107396,23.18594903107396,347.06640625,134.0,1169.703125,0.0,0.0,4252.0,0.0,0,32,"[0.40496322432085397, 1.0864348734614502, 0.04924675595359468, 1e-05, 0.10887676265333868]"
800,1.606480712746368,0.3464461745237667,1.5644544162031515,0.04202629654321652,0.8612028649122471,55.23312118516791,8.669927864879412e-05,0.0006589710660730177,3.53125,18.263543656132697,2.0691877812737403,19.90772646871619,19.90772646871619,347.06640625,134.0,1169.703125,0.0,0.0,4252.0,0.0,0,32,"[0.40451333303998027, 1.086602906806681, 0.04922329693869565, 1e-05, 0.10887676265333868]"
