epoch,loss,loss_std,loss_u,loss_x,theta_rel_error,grad_norm,constraint_violation_inf,solve_convergence_error,sqp_num_iter,forward_time_ms,backward_time_ms,value_grad_time_ms,total_sample_time_ms,build_rss_delta_mb,build_gpu_used_delta_mb,rss_mb,rss_delta_mb,rss_peak_delta_mb,gpu_used_mb,gpu_used_delta_mb,nonfinite_sample_grad_count,finite_grad_sample_count,theta
501,7.675596854776324,3.9097400571586705,7.447597822390102,0.22799903238622182,0.8680214681795133,74.98386227776538,8.581622010406242e-05,0.0018194536291550457,20.34375,97.12278657389106,6.679282072582282,98.52082276483998,98.52082276483998,344.46484375,129.0,1133.54296875,0.0,0.0,4032.0,14.0,0,32,"[0.5432260823200327, 1.0251096955825476, 0.02317553316262974, 0.008060116402610744, 0.11703260755546029]"
502,7.565658678501066,3.825861498567881,7.334443048985634,0.23121562951543212,0.8679979473577798,73.27004234715884,0.0009407710131637825,0.0017531524949802619,2.90625,17.661200145084877,2.045920235104859,18.73345432250062,18.73345432250062,344.46484375,129.0,1133.54296875,0.0,0.0,3938.0,0.0,0,32,"[0.5428429539195863, 1.0253147192219692, 0.023413633410675278, 0.00719150815995921, 0.11703504245343191]"
503,7.490823794234046,3.778818626160851,7.256667510389763,0.23415628384428394,0.8679735952764815,70.92435147980413,0.0008377519365487807,0.002183650813442368,3.0,20.322258809756022,2.4086876001092605,20.73973873484647,20.73973873484647,344.46484375,129.0,1134.04296875,0.0,0.0,3995.0,0.0,0,32,"[0.5424415706728074, 1.025527222750667, 0.023678262879116473, 0.0063408026214123794, 0.11703729425592026]"
504,7.424430266273728,3.7292705036948814,7.187180328514772,0.23724993775895575,0.8679483196713176,74.88041352509782,0.0009809729490564134,0.0017128666406260274,3.0,19.41307826928096,3.024701487447601,22.008397238096222,22.008397238096222,344.46484375,129.0,1134.04296875,0.0,0.0,3978.0,0.0,0,32,"[0.5420217749058475, 1.0257479508734393, 0.023961950893637316, 0.005507397275699548, 0.11703998684100324]"
505,7.3628057821317,3.6677361693679726,7.122152409995742,0.24065337213595872,0.8679239531614338,60.23557104823462,0.0006952544767473423,0.0018709679881098685,3.15625,18.11929338146001,1.5987927399692126,18.38989838870475,18.38989838870475,344.46484375,129.0,1134.04296875,0.0,0.0,3967.0,0.0,0,32,"[0.5416154600497046, 1.0259610223171038, 0.024236052920665434, 0.004662192343761896, 0.11704233191662164]"
506,7.304550393198204,3.602790033205672,7.061585177872779,0.24296521532542598,0.8678927996465646,54.40827656279792,0.0008098648934200536,0.0012687260898881707,3.1875,18.73996049107518,1.2034593673888594,18.81149198015919,18.81149198015919,344.46484375,129.0,1134.04296875,0.0,0.0,3966.0,0.0,0,32,"[0.541090184643344, 1.0262330198277052, 0.024611791824128974, 0.003948808973479684, 0.11704507875629795]"
507,7.252972206719418,3.5411343376934776,7.008434681951593,0.2445375247678246,0.8678576237719584,53.310957325128705,0.0008084333891429374,0.0011996842006835634,3.21875,17.290723364567384,2.1224004376563244,18.16464404691942,18.16464404691942,344.46484375,129.0,1134.04296875,0.0,0.0,3971.0,0.0,0,32,"[0.5404926579007246, 1.026539960824898, 0.025060878005864675, 0.0033596899893048398, 0.11704815120741008]"
508,7.208054175006589,3.4746856009755,6.961870774175967,0.24618340083062423,0.8678216096646738,45.25488504157647,0.0007079578098435346,0.0014813618332563463,3.21875,17.9923811374465,2.5050383555935696,19.65691794612212,19.65691794612212,344.46484375,129.0,1134.04296875,0.0,0.0,3970.0,0.0,0,32,"[0.5398792848781254, 1.0268543153255936, 0.025512959108872194, 0.002793503811854856, 0.11705141798073063]"
509,7.1657902437461365,3.440190629929142,6.921235977859866,0.2445542658862696,0.867779266979435,44.167390766865765,0.0006650033436121638,0.0011261469818889492,3.40625,23.125604762753937,1.6280070412904024,22.767527523683384,22.767527523683384,344.46484375,129.0,1134.04296875,0.0,0.0,3977.0,0.0,0,32,"[0.5391531653350029, 1.0272228120930285, 0.02608859698849883, 0.002718768477837864, 0.11705544326009595]"
510,7.125278565319123,3.408265419805219,6.882451697517093,0.2428268678020295,0.8677361210823775,43.15225068091589,0.0003375881649441137,0.0019224549482061467,3.46875,19.346570610650815,1.9664136561914347,20.71496075950563,20.71496075950563,344.46484375,129.0,1134.04296875,0.0,0.0,3979.0,0.0,0,32,"[0.5384127141731361, 1.027598357510881, 0.026643648766642977, 0.0026678074890407596, 0.11705971142361855]"
511,7.081685154862919,3.3752225273773315,6.8404568166833215,0.24122833817959882,0.8676922196665038,42.96016460313704,0.00041059229386244955,0.0019638914351773,3.5625,19.533904807758518,1.1313835930195637,19.206695178581867,19.206695178581867,344.46484375,129.0,1134.04296875,0.0,0.0,3977.0,0.0,0,32,"[0.5376589420560876, 1.027980607264595, 0.02717477330523529, 0.002607833169537866, 0.11706445766959997]"
512,7.040657858048157,3.327820667425995,6.800238865071119,0.24041899297703825,0.8676481046401524,42.13954019903972,0.00046245779108872176,0.0018872346380948576,3.625,20.446360525966156,1.307663660554681,20.07731719641015,20.07731719641015,344.46484375,129.0,1134.04296875,0.0,0.0,3968.0,0.0,0,32,"[0.536901926710829, 1.0283651351950738, 0.027662502693481316, 0.002404945624408681, 0.11706922480683293]"
513,7.0005509552540275,3.310142476017516,6.762597556581861,0.2379533986721668,0.8676034740074843,41.55421351484666,0.0005347761610052237,0.001760033146906165,3.8125,21.54870176309487,1.8868879196816124,21.898451472225133,21.898451472225133,344.46484375,129.0,1134.04296875,0.0,0.0,3975.0,0.0,0,32,"[0.5361336697653708, 1.0287535964077699, 0.0281604054459196, 0.002509575542091033, 0.1170741827727471]"
514,6.962980415740899,3.2652878767461737,6.72586394767008,0.23711646807081896,0.8675584653289037,41.275575945849624,0.0006272756719975792,0.0016099946157266736,3.6875,21.04644670180278,2.020760213781614,22.108041193860117,22.108041193860117,344.46484375,129.0,1134.04296875,0.0,0.0,3979.0,0.0,0,32,"[0.5353589855064257, 1.0291461409005782, 0.028622062062846253, 0.002328963179138361, 0.1170792288112901]"
515,6.924022458350784,3.2461883316377733,6.689181538228316,0.2348409201224687,0.8675134230101698,40.39392619963086,7.873591153395587e-05,0.0010404633328473891,3.84375,21.134141250513494,1.6048056204454042,21.564674978435505,21.564674978435505,344.46484375,129.0,1134.04296875,0.0,0.0,3972.0,0.0,0,32,"[0.534580478727652, 1.029538596432416, 0.02910553610930068, 0.002407270784110141, 0.11708438791410873]"
516,6.8848103893190995,3.2051591314599945,6.651075039818075,0.23373534950102481,0.8674676895377645,39.77464267258927,0.000370256970963212,0.001662105633117187,3.90625,20.771069575857837,3.33278992184205,23.04620310314931,23.04620310314931,344.46484375,129.0,1134.04296875,0.0,0.0,3967.0,0.0,0,32,"[0.5337903958799356, 1.0299376558254818, 0.029552337157703903, 0.002277435366450306, 0.11709006964071268]"
517,6.841651382256112,3.1771496866559303,6.610152540247805,0.23149884200830667,0.8674215724987453,41.376854569852156,0.00022790980583664577,0.0009312559625960859,4.03125,22.617477363382932,3.1608145727659576,23.77519586298149,23.77519586298149,344.46484375,129.0,1134.04296875,0.0,0.0,3966.0,0.0,0,32,"[0.5329919037476853, 1.03033980774203, 0.029998271600764456, 0.0023197958582060994, 0.11709574520072388]"
518,6.80044296306774,3.1456452845554037,6.5707444730254165,0.22969849004232384,0.8673743623863367,41.277338555570324,0.0001944570589929029,0.0010214322281198655,4.15625,22.29437539790524,3.105808202235494,23.891856981208548,23.891856981208548,344.46484375,129.0,1134.04296875,0.0,0.0,3967.0,0.0,0,32,"[0.532175009945642, 1.0307516597009339, 0.030401871809147194, 0.0023081909805454373, 0.11710163406633312]"
519,6.760156541916422,3.1112719713224064,6.532094892252703,0.2280616496637201,0.8673273435022699,40.79971856298534,0.00014406193396010458,0.0008912724668498209,4.28125,24.80776778975269,2.198325833887793,24.27312478539534,24.27312478539534,344.46484375,129.0,1134.04296875,0.0,0.0,4061.0,43.0,0,32,"[0.5313590238215679, 1.0311621575585181, 0.030805819340073162, 0.002258701780869698, 0.11710758096562814]"
520,6.724524349643104,3.078723064918232,6.497911550116368,0.22661279952673669,0.8672800784972611,40.42856590197679,0.0002600687886409325,0.0016202981116694424,4.34375,23.35505483642919,2.0203559251967818,24.25312436389504,24.25312436389504,344.46484375,129.0,1134.04296875,0.0,0.0,3974.0,0.0,0,32,"[0.5305376503224337, 1.0315749752978318, 0.031194412620771862, 0.0021963698465081796, 0.11711367039767234]"
521,6.684487810787317,3.0537919510829106,6.459901531309853,0.22458627947746335,0.867232738198622,40.0193067264142,0.0008666364554130723,0.000794279475751995,4.46875,24.72451424546307,4.414441616972908,26.69455818249844,26.69455818249844,344.46484375,129.0,1134.04296875,0.0,0.0,4048.0,30.0,0,32,"[0.5297133226408322, 1.0319883615851109, 0.031578809682343896, 0.002238768889855164, 0.11711974254829112]"
522,6.645188982795492,3.0101388582209423,6.421737692117102,0.22345129067839048,0.8671852239240686,39.45614425387943,0.0002218843153440897,0.0006902468748010642,4.1875,23.716185824014246,1.377697139105294,22.289053456916008,22.289053456916008,344.46484375,129.0,1134.04296875,0.0,0.0,3966.0,0.0,0,32,"[0.5288856530411231, 1.0324037884273565, 0.03193316163013962, 0.002109229289922959, 0.1171258875952407]"
523,6.606324817881671,2.9797455162428657,6.384616682621391,0.22170813526027938,0.8671371557062991,40.51513382746828,0.00042144603019655946,0.0010106578478027016,4.46875,26.881009180215187,1.8389113756711595,25.260899717977736,25.260899717977736,344.46484375,129.0,1134.04296875,0.0,0.0,3966.0,0.0,0,32,"[0.5280470474154569, 1.0328239275556206, 0.03227919675663681, 0.002088239554599891, 0.11713243280293635]"
524,6.565340598303125,2.9516374681854485,6.345657026994803,0.2196835713083229,0.8670892642907041,40.0787789889841,0.00010900523956247632,0.0013434791202804502,4.53125,23.40404409187613,2.4670554557815194,24.067437792837154,24.067437792837154,344.46484375,129.0,1134.04296875,0.0,0.0,3965.0,0.0,0,32,"[0.5272089340032546, 1.033242629772519, 0.03262779313939433, 0.0021146101584342924, 0.11713871890131311]"
525,6.5258039770639975,2.9121343409226603,6.307438733062138,0.21836524400185997,0.8670412066558059,39.91326699767458,8.797026878037961e-05,0.0010428958606986207,4.40625,24.00264971947763,2.223619601863902,24.476411919749808,24.476411919749808,344.46484375,129.0,1134.04296875,0.0,0.0,3966.0,0.0,0,32,"[0.5263672180847153, 1.033663207451639, 0.03295181255809736, 0.0020166329521150257, 0.11714509162827225]"
526,6.485890553503017,2.8972719799675146,6.270001031109732,0.215889522393285,0.8669933968373607,39.283235217071024,0.00047884945405118895,0.0009191251507594736,4.59375,23.251023318152875,1.8291803353349678,23.599398271471728,23.599398271471728,344.46484375,129.0,1134.04296875,0.0,0.0,3966.0,0.0,0,32,"[0.525527752650171, 1.0340812461502664, 0.033275349401571806, 0.002142421243314539, 0.11715162212343708]"
527,6.445895223293692,2.8594020018705057,6.231445057509411,0.21445016578427967,0.866945385758726,44.72758242424077,9.583201125429319e-05,0.0010753662365122112,4.5625,23.611868542502634,3.1457648510695435,24.603413869044743,24.603413869044743,344.46484375,129.0,1134.04296875,0.0,0.0,3965.0,0.0,0,32,"[0.5246824306123957, 1.0345017766958438, 0.03359505741712252, 0.002062846816648919, 0.11715789971064955]"
528,6.401200405341193,2.840324138839917,6.18930817820865,0.21189222713254263,0.8668976929268534,43.68471619058006,7.052292399856164e-05,0.0009655792162914505,4.5625,24.506736219336744,2.835373488778714,24.495488876709715,24.495488876709715,344.46484375,129.0,1134.04296875,0.0,0.0,3966.0,0.0,0,32,"[0.5238404750765433, 1.0349191880838855, 0.03391108251411792, 0.00219312494489985, 0.11716376112250901]"
529,6.360895229280758,2.802163849787931,6.15044079212914,0.21045443715161855,0.8668494144154947,43.34977760484055,0.00014203009426116964,0.0006662805430946786,4.21875,23.487597070925403,3.1669183808844537,24.77991494379239,24.77991494379239,344.46484375,129.0,1134.04296875,0.0,0.0,3965.0,0.0,0,32,"[0.5229872165978395, 1.0353423505064143, 0.03420824897139644, 0.0021257482035158775, 0.11716976146154723]"
530,6.319525295879567,2.778157717098138,6.111272135514913,0.2082531603646541,0.8668011714156839,43.059000905340184,0.0002519190547275729,0.0006691029190018347,3.78125,18.757682060822845,2.1621533451252617,19.56607670581434,19.56607670581434,344.46484375,129.0,1134.04296875,0.0,0.0,3964.0,0.0,0,32,"[0.5221327346004027, 1.0357650490959425, 0.03450277292914648, 0.0021921128889356477, 0.11717590843703461]"
531,6.280082399457322,2.734956299466252,6.0729239919991524,0.20715840745816916,0.8667529068453117,42.50772004103843,0.00015132726395039597,0.0006513070552030155,4.21875,24.22645851765992,3.628639235103037,27.327682306349743,27.327682306349743,344.46484375,129.0,1134.04296875,0.0,0.0,3965.0,0.0,0,32,"[0.5212774278655732, 1.036188527492229, 0.03477043258640097, 0.002060069865170747, 0.1171821841830057]"
532,6.238312707908582,2.705656169392141,6.033097473824519,0.20521523408406342,0.866704235444626,42.11651213859001,0.0007581910875282816,0.0016348848331452742,4.5625,23.957211888046004,2.8907516461913474,25.538158341078088,25.538158341078088,344.46484375,129.0,1134.04296875,0.0,0.0,3965.0,0.0,0,32,"[0.5204132799309656, 1.0366153509648077, 0.035035937041714905, 0.0020832480106607186, 0.11718852674947368]"
533,6.193540417329485,2.6662283261869844,5.989858036974377,0.20368238035510747,0.8666554810087856,41.77423280642051,0.00037144690433743577,0.0013509861736491267,4.5,23.976389311428647,2.3422810991178267,24.57247889833525,24.57247889833525,344.46484375,129.0,1134.04296875,0.0,0.0,3964.0,0.0,0,32,"[0.5195465061974369, 1.0370432450158262, 0.035285228374345806, 0.002024708110275926, 0.11719460025799451]"
534,6.15499336171802,2.64434565400866,5.953279124490909,0.20171423722711138,0.8666067590066501,41.51405318086062,8.418563082290831e-05,0.0006501227413814588,4.0625,21.658106350514572,2.322511158126872,22.751889722712804,22.751889722712804,344.46484375,129.0,1134.04296875,0.0,0.0,3971.0,0.0,0,32,"[0.5186781839848694, 1.0374707742399802, 0.03553152354204389, 0.0020750563279187473, 0.11720084885822449]"
535,6.1153075258660845,2.602067294304335,5.914791462530122,0.2005160633359615,0.8665580595390165,43.47477526400272,0.00017655002904248818,0.0006724622242560717,3.8125,23.14527675480349,3.279259406554047,23.782806099916343,23.782806099916343,344.46484375,129.0,1134.04296875,0.0,0.0,3965.0,0.0,0,32,"[0.5178094646180693, 1.0378986178236713, 0.035756961129590016, 0.0019682235022239307, 0.11720726533048899]"
536,6.075692466476461,2.5456882553239524,5.875756406818024,0.19993605965843658,0.866510834535512,46.91057142302895,0.0006835165253176179,0.0006732451659821271,3.625,20.312946777266916,1.7434786786907353,19.471501967927907,19.471501967927907,344.46484375,129.0,1134.04296875,0.0,0.0,3965.0,0.0,0,32,"[0.5169642803738882, 1.038314133285932, 0.035979424022558604, 0.001716263054869698, 0.11721332241159098]"
537,6.035674352879226,2.5605242259744365,5.839248144704975,0.19642620817425135,0.8664665930338994,45.47117586642245,0.00010407650870547513,0.0006558791147291827,4.125,23.196208399895113,3.4108120598830283,25.40399131976301,25.40399131976301,344.46484375,129.0,1134.04296875,0.0,0.0,3964.0,0.0,0,32,"[0.5161678764272066, 1.0387021527269071, 0.03622875789467221, 0.0021073917626118943, 0.11721903392033231]"
538,5.989946098837397,2.5022675681025195,5.794155284922467,0.19579081391492978,0.8664194541621931,44.20541812520749,0.0003244846551382352,0.0006735534721875707,4.15625,21.589848518487997,2.4516416815458797,22.938208261621185,22.938208261621185,344.46484375,129.0,1134.04296875,0.0,0.0,3973.0,0.0,0,32,"[0.5153193803302543, 1.0391173004269163, 0.036454041094354926, 0.0018687738451718101, 0.11722300003316616]"
539,5.9503668223996335,2.4578994760873156,5.755720937546462,0.1946458848531702,0.8663715411765606,45.40055302921521,0.0007588390316353166,0.000666284464301645,4.0625,24.283163365907967,1.8615499648149125,22.914118264452554,22.914118264452554,344.46484375,129.0,1134.04296875,0.0,0.0,3973.0,0.0,0,32,"[0.5144546950364802, 1.039539231009092, 0.036685183768341, 0.0017243801440606941, 0.1172271773406472]"
540,5.90645357935859,2.4120871775827157,5.712631331631975,0.19382224772661427,0.8663244683210785,62.95007128273403,0.0007859717077212114,0.0006208765842773277,4.28125,21.923815897025634,2.4466622271575034,23.626188769412693,23.626188769412693,344.46484375,129.0,1134.04296875,0.0,0.0,3972.0,0.0,0,32,"[0.5136016492116267, 1.0399542285265475, 0.03692582966372316, 0.0015190457732036464, 0.11723132829067436]"
541,5.881286353309472,2.3623146045485774,5.685698551213116,0.1955878020963556,0.866289098056903,117.65277594203339,0.0003811659034056447,0.0006603620196010371,5.03125,24.75201791821746,4.469428509764839,27.444308732810896,27.444308732810896,344.46484375,129.0,1134.04296875,0.0,0.0,3965.0,0.0,0,32,"[0.5129558354361649, 1.0402677745454296, 0.037126079293563416, 0.0008523343632102799, 0.11723440123722348]"
542,5.855998482556299,2.3958587680723133,5.665306926992843,0.19069155556345735,0.8662698863927949,46.84312848357914,0.00033321320848234137,0.0009437497785898083,4.65625,25.439393844862934,2.6691031671361998,26.640322896128055,26.640322896128055,344.46484375,129.0,1134.04296875,0.0,0.0,3965.0,0.0,0,32,"[0.512605245710062, 1.0404347560511942, 0.03726728235571703, 0.0017629728319888392, 0.11723621647904255]"
543,5.797487801484941,2.331712439243919,5.606796197968393,0.19069160351654896,0.8662250709028402,52.20759812363182,0.0004954931174732113,0.0012064395314697347,5.09375,25.894054444506764,2.725710299273487,25.892012105032336,25.892012105032336,344.46484375,129.0,1134.04296875,0.0,0.0,3964.0,0.0,0,32,"[0.5117906325428768, 1.0408305939248474, 0.037465430169549355, 0.0013882209202893299, 0.11724024316266887]"
544,5.781115348132529,2.3491557617446506,5.594025267170177,0.1870900809623528,0.8661829985297662,48.09123066581207,0.000274666541940638,0.0007784765148780636,4.96875,24.701294030819554,2.693364345759619,26.120297610759735,26.120297610759735,344.46484375,129.0,1134.04296875,0.0,0.0,3965.0,0.0,0,32,"[0.5110191263335223, 1.0412006209789897, 0.03771750892945648, 0.0018402154650792473, 0.11724416469478242]"
545,5.7198028287491605,2.278528781984758,5.532088523708572,0.18771430504058811,0.8661398810646078,49.89999098085203,0.0008094214342899697,0.000652692672764935,5.1875,27.46082971134456,2.5837503490038216,26.862048776820302,26.862048776820302,344.46484375,129.0,1134.04296875,0.0,0.0,3965.0,0.0,0,32,"[0.5102331511452803, 1.0415819442034917, 0.03788584160733861, 0.0013836170993339878, 0.11724836515657354]"
546,5.702482609690906,2.2910299861431787,5.518272581003641,0.18421002868726438,0.8660964790435839,60.891877193652626,0.0007846838411273982,0.0008933315607498121,5.15625,25.793654342123773,1.343691736110486,24.89940898522036,24.89940898522036,344.46484375,129.0,1134.04296875,0.0,0.0,3968.0,0.0,0,32,"[0.5094348770578545, 1.0419640996079549, 0.038127780860729765, 0.0017813147107489061, 0.11725257653727361]"
547,5.651082273200156,2.2248390766906057,5.464890708442265,0.1861915647578908,0.8660623448922968,91.42190269573727,0.0004365637468788375,0.0007030916808975421,5.59375,27.475850816699676,2.0466137502808124,27.320614724885672,27.320614724885672,344.46484375,129.0,1134.04296875,0.0,0.0,3972.0,0.0,0,32,"[0.5088095871942278, 1.0422671635322525, 0.03825204311139531, 0.0010729981010706878, 0.11725594072343178]"
548,5.655509047674299,2.2724860305927583,5.4739995758028686,0.1815094718714298,0.8660387749881173,45.26690125846439,0.00016438646919270106,0.0007193906936765059,5.15625,23.930118542921264,3.7928445963189006,26.23415907146409,26.23415907146409,344.46484375,129.0,1134.51171875,0.0,0.0,3973.0,0.0,0,32,"[0.5083748247833346, 1.0424731488883925, 0.03839832809290912, 0.0019373745508926953, 0.11725833578227166]"
549,5.5951010178164635,2.2077545817957165,5.413450868121159,0.18165014969530474,0.8659940394475353,65.83776039131357,0.0006276054033453882,0.0009107295112402161,5.53125,28.487687297456432,1.653306586376857,28.112555424741004,28.112555424741004,344.46484375,129.0,1134.51171875,0.0,0.0,3973.0,0.0,0,32,"[0.5075548936722195, 1.042869002430523, 0.038547301552306394, 0.0015516296425748238, 0.11726288773903192]"
550,5.568500508513765,2.1568689447738967,5.38487354657783,0.1836269619359357,0.8659621163638888,98.52894773014343,0.00038867883582138774,0.0006367876307401438,6.0625,30.393204680876806,4.282381567463744,33.6723079890362,33.6723079890362,344.46484375,129.0,1134.51171875,0.0,0.0,3973.0,0.0,0,32,"[0.5069643648365252, 1.0431531359000603, 0.03868085981479831, 0.0008081945795263942, 0.11726610693963593]"
551,5.554568808285863,2.189321814595917,5.375424922378808,0.17914388590705482,0.8659401875817698,93.55042764406828,0.0001968071356495127,0.0007328849394426012,5.5625,32.39461683551781,2.3168905390775762,29.698539525270462,29.698539525270462,344.46484375,129.0,1134.51171875,0.0,0.0,3976.0,0.0,0,32,"[0.506559481129253, 1.043344624299245, 0.03880201908060608, 0.0016940367786430312, 0.1172684322646369]"
552,5.530308271893968,2.133392945451009,5.348164457214315,0.18214381467965302,0.8659179293236217,69.34236047883748,0.00028753460362263006,0.0007919915249367201,6.21875,32.41548503865488,1.43981594737852,32.15554132475518,32.15554132475518,344.46484375,129.0,1134.51171875,0.0,0.0,3973.0,0.0,0,32,"[0.5061476035000568, 1.0435437351513244, 0.03887650084753198, 0.000807944790679206, 0.11727069995374907]"
553,5.495552974637742,2.1421541522120533,5.317595364121933,0.17795761051580872,0.8658858358585398,63.78993325991018,0.000556383890469192,0.0009749699829344617,5.84375,30.89694025402423,1.6700401247362606,28.292030008742586,28.292030008742586,344.46484375,129.0,1134.51171875,0.0,0.0,3973.0,0.0,0,32,"[0.5055525011921216, 1.043825658660655, 0.03904357369760581, 0.0015417350090574547, 0.11727400996243167]"
554,5.470025234486584,2.094437513451955,5.29014456030861,0.17988067417797388,0.8658535381113553,66.9943534432242,0.00019283837157102468,0.0009454466121131752,6.4375,28.14605791354552,4.076560238900129,30.239859617722686,30.239859617722686,344.46484375,129.0,1134.51171875,0.0,0.0,3974.0,0.0,0,32,"[0.5049522562193574, 1.0441133598631145, 0.03916753709639895, 0.0008058303453423039, 0.11727738523374269]"
555,5.436143293323822,2.104149952678461,5.260408029640493,0.17573526368332792,0.8658207083869337,64.13644210076359,0.00014046648576959697,0.0006680419144377427,5.84375,28.774306971172336,1.4662256071460433,28.21176605357323,28.21176605357323,344.46484375,129.0,1134.51171875,0.0,0.0,3969.0,0.0,0,32,"[0.5043418453419483, 1.0444019988935338, 0.039330383874572786, 0.001525243307210928, 0.11728084760187112]"
556,5.411264430438195,2.05477209763259,5.233618370634862,0.17764605980333298,0.8657889709161357,68.2484152316976,0.0005618243741696283,0.0012587725453795358,6.71875,30.445542812230997,2.3932443364174105,31.273741718905512,31.273741718905512,344.46484375,129.0,1134.51171875,0.0,0.0,3920.0,0.0,0,32,"[0.5037496404540887, 1.0446849827246985, 0.039452538835038645, 0.0007807433931552887, 0.11728424843990659]"
557,5.380836918562281,2.0671882110914126,5.207273269992224,0.17356364857005704,0.8657571150117263,60.70975902573782,0.0001931445812144439,0.0007139992208503666,6.21875,29.677613820240367,2.1641662824549712,28.902554680826142,28.902554680826142,344.46484375,129.0,1134.51171875,0.0,0.0,3920.0,0.0,0,32,"[0.50315500224027, 1.044965174637997, 0.03961346203690248, 0.0015169430961160966, 0.1172876553227821]"
558,5.349461510504508,2.017897495249691,5.1741808362466335,0.17528067425787547,0.8657239536412346,62.54457285151878,0.0002369747215413831,0.0006940624956897406,6.84375,31.551280029816553,4.072315328812692,34.26000828767428,34.26000828767428,344.46484375,129.0,1134.51171875,0.0,0.0,3920.0,0.0,0,32,"[0.5025340821148805, 1.04526088985749, 0.03974079299630734, 0.0008022512768954088, 0.11729127984517296]"
559,5.319855247779364,2.0263068568033473,5.14849974517935,0.1713555026000142,0.8656896237846704,63.371708102543764,0.00033815827438665735,0.0007624778277057576,6.6875,34.95186303916853,1.9573071840568446,33.038243745977525,33.038243745977525,344.46484375,129.0,1134.51171875,0.0,0.0,4032.0,14.0,0,32,"[0.5018915862458906, 1.0455632947104716, 0.03990141736226012, 0.0014877699963959667, 0.11729505628539334]"
560,5.290709092102577,1.9767320004030062,5.117372281452529,0.1733368106500477,0.8656582961245736,63.041483969974585,0.0002884448764497449,0.0015587197155953326,6.875,29.651842094608583,5.682114700903185,33.79200804192806,33.79200804192806,344.46484375,129.0,1134.51171875,0.0,0.0,4047.0,29.0,0,32,"[0.5013030886916182, 1.0458430436554522, 0.04001534346240466, 0.0007378235011337286, 0.11729855690639218]"
561,5.256841528153625,1.9834795018005154,5.087532906342614,0.16930862181101097,0.8656244833545033,64.51087188034032,0.00033631049272742075,0.0006874600012679092,6.75,28.052968948031776,5.65430420829216,33.443202744820155,33.443202744820155,344.46484375,129.0,1134.51171875,0.0,0.0,3950.0,0.0,0,32,"[0.500668880876324, 1.0461409853098542, 0.04016534224670993, 0.0014353167291210707, 0.11730240128029498]"
562,5.227605857095755,1.9351653510745686,5.0563303091321155,0.17127554796363983,0.8655940126127927,70.43868068639085,0.00037636182841876975,0.0015815265474940568,7.3125,31.47317357797874,1.9342005980433896,31.922097878123168,31.922097878123168,344.46484375,129.0,1134.51171875,0.0,0.0,3950.0,0.0,0,32,"[0.5000937661501157, 1.0464134115324832, 0.0402782738691219, 0.000672255977436911, 0.11730582806027051]"
563,5.207075141909175,1.9507373299527435,5.039761701667693,0.16731344024148215,0.8655641301762966,65.99116087187929,0.00018240678501246776,0.0007185240239982121,7.0625,31.241506556398235,1.9858012383338064,31.163960236881394,31.163960236881394,344.46484375,129.0,1134.51171875,0.0,0.0,3955.0,0.0,0,32,"[0.49953058056832605, 1.0466765585361932, 0.040423807940269146, 0.0014419210962583011, 0.11730915881209086]"
564,5.169464215253395,1.899950953409784,5.000368685148484,0.16909553010491138,0.8655346720924052,69.74642367766333,0.00040375420743071766,0.0017597590290615171,7.5625,33.129459676274564,4.118744844163302,34.93631618039217,34.93631618039217,344.46484375,129.0,1134.51171875,0.0,0.0,3951.0,0.0,0,32,"[0.49897333537119354, 1.046940177043202, 0.04052497720419717, 0.0006610648625947325, 0.11731253452241455]"
565,5.1554293820510395,1.917004317153453,4.990112745405662,0.16531663664537732,0.8655048795527605,86.35490522867121,0.00016262820025558788,0.0007338203305384762,7.59375,33.13153023918858,3.7008188519394025,35.549227679439355,35.549227679439355,344.46484375,129.0,1134.51171875,0.0,0.0,3950.0,0.0,0,32,"[0.4984102179630305, 1.0472026774002978, 0.04066545133719254, 0.0014319396732821997, 0.11731590963057809]"
566,5.125443104233986,1.8655851113796806,4.957782138332589,0.16766096590139695,0.8654818656295361,84.37597182088399,0.0001821292228760818,0.0013299011236597648,7.71875,33.36456559918588,4.285838986106683,35.86533322231844,35.86533322231844,344.46484375,129.0,1134.51171875,0.0,0.0,3950.0,0.0,0,32,"[0.49797310174031234, 1.047409482920171, 0.040739578733090906, 0.000559781974671049, 0.11731854832670661]"
567,5.111423329681378,1.8880822094104,4.9476172739007875,0.1638060557805906,0.8654574735334324,85.26074321821969,7.968982672523772e-05,0.0009281682767314507,7.875,34.31149910466047,2.939660298579838,34.10950597753981,34.10950597753981,344.46484375,129.0,1134.51171875,0.0,0.0,3950.0,0.0,0,32,"[0.49751080337465065, 1.0476239432845158, 0.040863789434109295, 0.0014111633294430614, 0.11732145757587127]"
568,5.082318353315694,1.8384777886604877,4.916216673890382,0.16610167942531237,0.8654344005270832,86.1663790411263,0.0003021077206803724,0.0017237588002032567,7.71875,31.31959546590224,1.3897818716941401,30.23770311847329,30.23770311847329,344.46484375,129.0,1134.51171875,0.0,0.0,3950.0,0.0,0,32,"[0.49707141221106904, 1.0478313787669933, 0.040936218666470674, 0.0005401566140438384, 0.1173241471863946]"
569,5.068524380412056,1.861151517201613,4.906265408601976,0.1622589718100802,0.8654107482381804,78.29110394105192,0.0001137347152349033,0.0011468531133276023,8.1875,34.82518268720014,3.466266571194865,36.38859516649973,36.38859516649973,344.46484375,129.0,1134.51171875,0.0,0.0,3950.0,0.0,0,32,"[0.4966222045640244, 1.0480393366608654, 0.04105538001061026, 0.0014008299859627326, 0.11732696234989028]"
570,5.038067049834838,1.8123755479914518,4.873742396666172,0.16432465316866737,0.8653858376413013,80.56633476142943,0.00029742170002619583,0.0017433932749707976,7.8125,34.52261321945116,1.3969629580969922,32.64306506753201,32.64306506753201,344.46484375,129.0,1134.51171875,0.0,0.0,3950.0,0.0,0,32,"[0.49614600517946394, 1.0482631999542542, 0.0411399466063096, 0.0005546862119711497, 0.11732989094076132]"
571,5.026575095042935,1.836326824947485,4.865949557484408,0.16062553755852815,0.8653607893203642,78.28245014056029,0.0005568857619542289,0.0010176253670385437,8.375,36.26063927367795,4.514366388320923,39.10085081588477,39.10085081588477,344.46484375,129.0,1134.51171875,0.0,0.0,3950.0,0.0,0,32,"[0.495669261937193, 1.048483713069217, 0.04125850598389074, 0.0013973156695187639, 0.11733291059951236]"
572,4.989849331820407,1.7830781086048118,4.827328610853199,0.16252072096720852,0.8653354903180968,79.38239705128404,0.0002953867520583131,0.0017229644738670927,7.84375,33.21978027088335,3.1256405054591596,35.53346927947132,35.53346927947132,344.46484375,129.0,1134.51171875,0.0,0.0,3950.0,0.0,0,32,"[0.4951844835237078, 1.0487111306358254, 0.0413421329615029, 0.0005569175855172834, 0.11733586512804176]"
573,4.9775526339530884,1.8085277935712747,4.818711327898583,0.1588413060545057,0.8653097816413862,78.45729956174281,8.895430954170003e-05,0.0006886640899605551,8.4375,33.71811991382856,4.072580486536026,36.880237370496616,36.880237370496616,344.46484375,129.0,1134.51171875,0.0,0.0,3950.0,0.0,0,32,"[0.49469384531574073, 1.0489376636685388, 0.04145975644985282, 0.0013900515289164684, 0.11733894430277392]"
574,4.94424882232637,1.7568235319153755,4.783482152017521,0.16076667030884867,0.8652848260949842,79.67977820682691,0.0002924298993883523,0.0017134906378423898,8.0625,35.21190389437834,2.263721587951295,34.02770189859439,34.02770189859439,344.46484375,129.0,1134.51171875,0.0,0.0,3927.0,0.0,0,32,"[0.494214402592544, 1.0491621535928504, 0.04153861959040678, 0.0005453556737961893, 0.11734185402113265]"
575,4.929774477319043,1.7810442907524748,4.772650218652618,0.15712425866642518,0.8652594955764034,84.38597724236502,7.903890965921256e-05,0.0008334214214440971,8.625,34.58420948300045,1.8471320800017565,32.57341988501139,32.57341988501139,344.46484375,129.0,1134.51171875,0.0,0.0,3921.0,0.0,0,32,"[0.4937298267612825, 1.0493854226519175, 0.04165213489986699, 0.0013834737470706103, 0.11734494607376199]"
576,4.897936649263593,1.7280085962249996,4.7388176904333035,0.15911895883029065,0.8652364441406204,75.1307780561321,0.0002927547379289186,0.0016537209411867956,8.1875,33.90552984637907,2.3104845895431936,33.39075639814837,33.39075639814837,344.46484375,129.0,1134.51171875,0.0,0.0,3932.0,0.0,0,32,"[0.4932862805606684, 1.0495930954562291, 0.041715235466006896, 0.0005139052414706516, 0.11734772220264603]"
577,4.882296472809364,1.751286222503334,4.726645096435648,0.15565137637371623,0.865209747645348,43.10278817759436,0.00022914753220160122,0.0009101695497910501,8.59375,35.33212015463505,2.2377147906809114,35.04037339007482,35.04037339007482,344.46484375,129.0,1134.51171875,0.0,0.0,3921.0,0.0,0,32,"[0.4927746104756143, 1.0498286680693183, 0.04182659895915448, 0.0013326154976852954, 0.11735103230626717]"
578,4.835395021935101,1.718366998503004,4.680381384506185,0.15501363742891633,0.8651647747466759,41.360685183727426,0.00010463748541167384,0.0008354398294901856,8.40625,34.5511657797033,3.165755158988759,34.436726906278636,34.436726906278636,344.46484375,129.0,1134.51171875,0.0,0.0,3932.0,0.0,0,32,"[0.49190952862673815, 1.0502300865741627, 0.04195923519820875, 0.0010626632054307546, 0.11735650649200174]"
579,4.795669472183723,1.6982261973742312,4.642396856786775,0.15327261539694897,0.8651180477556542,41.62149195095479,0.0002140138473492037,0.0007171372113964692,8.71875,35.56970877252752,1.2264569450053386,34.656171752430964,34.656171752430964,344.46484375,129.0,1134.51171875,0.0,0.0,3927.0,0.0,0,32,"[0.49101081672707064, 1.0506463059950435, 0.042082708368510115, 0.001124293710323578, 0.11736236926951248]"
580,4.753024686592134,1.6681268518396084,4.600638520612904,0.15238616597923071,0.8650720635577647,41.058507149883056,0.000597261709993635,0.0019136590353659721,8.4375,37.24499670352088,3.225203909096308,37.72635169298155,37.72635169298155,344.46484375,129.0,1134.51171875,0.0,0.0,3927.0,0.0,0,32,"[0.4901250097654703, 1.0510567146477316, 0.04218461542337833, 0.0009332650440117498, 0.11736818006930562]"
581,4.712563148184952,1.6452114311500081,4.561471178092109,0.15109197009284286,0.8650253493666329,40.83701035961377,0.0002681774216939381,0.001005530074009193,8.5,34.98083267186303,3.9182857290143147,36.710374894028064,36.710374894028064,344.46484375,129.0,1134.51171875,0.0,0.0,3913.0,0.0,0,32,"[0.48922342612612735, 1.0514734564091648, 0.04228500080800025, 0.0008752925849574937, 0.11737411421559789]"
582,4.671753042288808,1.6193855307090566,4.522063279323808,0.14968976296499956,0.864978646958198,40.81459081988867,0.00024171129438044225,0.0019182155548674005,8.625,35.93791466119001,3.9929817139636725,38.65736064472003,38.65736064472003,344.46484375,129.0,1134.51171875,0.0,0.0,3914.0,0.0,0,32,"[0.48832033541266073, 1.0518902347912755, 0.04237819420100367, 0.0008305600718341749, 0.11738019181591956]"
583,4.632496214213279,1.6036205069529281,4.484728836313845,0.14776737789943328,0.8649324297728418,40.945108885444164,0.00024472289830490546,0.00106467100800644,8.90625,41.09946633252548,1.4478532684734091,36.587640206562355,36.587640206562355,344.46484375,129.0,1134.51171875,0.0,0.0,3914.0,0.0,0,32,"[0.4874241414741045, 1.0523024525794658, 0.042476388547722115, 0.000961838517670794, 0.1173862547793759]"
584,4.592437675431522,1.5720591831761508,4.44543236341757,0.14700531201395184,0.8648870620709151,44.27051452209407,0.0008673124684732691,0.0016009998173852791,7.65625,33.77252108475659,1.7758664253051393,32.706417187000625,32.706417187000625,344.46484375,129.0,1134.51171875,0.0,0.0,3914.0,0.0,0,32,"[0.4865425507225086, 1.0527082141305306, 0.04255195996582661, 0.0007329101219173324, 0.11739225984070545]"
585,4.563970858011646,1.5741205148589887,4.419501771853902,0.14446908615774418,0.8648454271385067,39.22727394219078,0.00022756201130791354,0.0006913605953197885,9.3125,39.300811833527405,2.7831646511913277,39.5143708010437,39.5143708010437,344.46484375,129.0,1134.51171875,0.0,0.0,3914.0,0.0,0,32,"[0.48573069717694406, 1.0530791412461558, 0.04265349340836159, 0.0011721869444429559, 0.11739806748110196]"
586,4.522464849502351,1.5487010377912078,4.379134952246412,0.1433298972559391,0.8647994266873068,43.28096848524601,8.039479411348083e-05,0.0006440348971380251,8.90625,37.24151572532719,4.386348678963259,39.49108265078394,39.49108265078394,344.46484375,129.0,1134.51171875,0.0,0.0,3914.0,0.0,0,32,"[0.484830607570497, 1.0534907815831767, 0.04274765302712666, 0.0010650117414516738, 0.11740426226609188]"
587,4.479185496274605,1.5056123630647247,4.336073613466857,0.1431118828077481,0.8647579772660828,49.42183929486356,0.000883816306797014,0.0015574009771850868,6.96875,31.898125613224693,2.2216503202798776,30.95422687329119,30.95422687329119,344.46484375,129.0,1134.51171875,0.0,0.0,3914.0,0.0,0,32,"[0.4840199434454904, 1.0538626395471549, 0.042795076921839356, 0.0006152732693913075, 0.11740988472216325]"
588,4.466213529063754,1.5224161784029,4.325698302239942,0.14051522682381293,0.8647217195303739,50.798979072282364,7.169150515728973e-05,0.0006970727223058809,9.0625,36.46213238971541,3.072087129112333,38.00979774678126,38.00979774678126,344.46484375,129.0,1134.51171875,0.0,0.0,3914.0,0.0,0,32,"[0.4833078288847227, 1.0541855267296931, 0.042887300877116175, 0.0012317984529832391, 0.117415191299703]"
589,4.421342874072502,1.4713562042851978,4.280338244706639,0.1410046293658625,0.864687182663473,54.393702869705685,0.0008477731685203604,0.0015841714339619685,6.9375,30.994178690889385,2.7935173056903295,32.236504906904884,32.236504906904884,344.46484375,129.0,1134.51171875,0.0,0.0,3914.0,0.0,0,32,"[0.4826275648380951, 1.0544965451916362, 0.04293333568113684, 0.0005697060888729521, 0.11741997056764218]"
590,4.412927610080077,1.4961144657853815,4.2746027175388,0.1383248925412774,0.8646548144191034,53.921997335915265,0.0007962993397510054,0.0007286058340214774,9.4375,39.676183863775805,2.477440080838278,38.84289813868236,38.84289813868236,344.46484375,129.0,1134.51171875,0.0,0.0,3914.0,0.0,0,32,"[0.48198942049537385, 1.0547846141876365, 0.043019522972652345, 0.0012784628545100582, 0.11742483362646391]"
591,4.367170015373102,1.4425288550332243,4.2281682949577615,0.1390017204153392,0.86462324374933,43.409905484579674,0.0008678205215377766,0.0015750853283600977,6.96875,29.988216163474135,3.5771503462456167,31.622738621081226,31.622738621081226,344.46484375,129.0,1134.51171875,0.0,0.0,3914.0,0.0,0,32,"[0.48136557130451674, 1.0550694372663993, 0.04305251208189811, 0.0005514283809685362, 0.11742937166836806]"
592,4.343969234395141,1.4570304550896453,4.2073485798146235,0.13662065458051684,0.8645834308126713,40.56925028951954,0.0007624197306204117,0.0006706770511552309,7.0625,29.10501133010257,2.568146344856359,29.710018876357935,29.710018876357935,344.46484375,129.0,1134.51171875,0.0,0.0,3919.0,0.0,0,32,"[0.4805783522369218, 1.0554249599560082, 0.04313268043170906, 0.0010488470939155926, 0.11743548857011266]"
593,4.299545824875287,1.416125562385494,4.163312653003176,0.13623317187211156,0.8645415776662958,43.08853533602983,0.0009452937787000071,0.0007740917090592977,6.9375,31.487562257098034,1.3456491215038113,29.738861841906328,29.738861841906328,344.46484375,129.0,1134.51171875,0.0,0.0,3919.0,0.0,0,32,"[0.4797492414157395, 1.0558013136283055, 0.04317488487929941, 0.0006376123646699159, 0.11744164824644987]"
594,4.2829279334197,1.4305726461155868,4.1489820716152375,0.13394586180446272,0.8645027295002154,41.007780351475695,0.0007594065216265378,0.0006457923265818159,8.65625,32.27051637804834,4.401697020512074,35.88574660534505,35.88574660534505,344.46484375,129.0,1134.51171875,0.0,0.0,3919.0,0.0,0,32,"[0.4789762395294951, 1.0561485620485922, 0.04326173221642031, 0.0011613558763238887, 0.11744772216662527]"
595,4.237961732509119,1.387803029603391,4.104072892733431,0.1338888397756888,0.8644624459308313,37.707217277897186,0.0007271210979649112,0.0006587361101841495,7.8125,32.42228263843572,2.587534923804924,32.62924535374623,32.62924535374623,344.46484375,129.0,1134.51171875,0.0,0.0,3919.0,0.0,0,32,"[0.47817388578465575, 1.056511402211546, 0.04330367569758723, 0.0006893597329970746, 0.11745371127023892]"
596,4.205152899346137,1.3876015139710536,4.073314931440378,0.13183796790575925,0.8644188817623192,38.09719040941712,0.0007644173195577864,0.0006643027996797613,6.8125,28.683872136753052,1.7124294463428669,27.957969163253438,27.957969163253438,344.46484375,129.0,1134.51171875,0.0,0.0,3915.0,0.0,0,32,"[0.4773036779639224, 1.0569019141363312, 0.043379314175672756, 0.0009799967433019173, 0.11746062026503971]"
597,4.167116490762147,1.365675902180618,4.036443363212366,0.13067312754978183,0.864373619315964,37.56249994557404,0.0007479116610957792,0.0006879416963393964,6.84375,29.763101498247124,1.375930936774239,27.730088935641106,27.730088935641106,344.46484375,129.0,1134.51171875,0.0,0.0,3915.0,0.0,0,32,"[0.4763956753041556, 1.0573089503321351, 0.04345536435700867, 0.0009165377938301486, 0.11746710384526572]"
598,4.127507451991175,1.3428873930407976,3.9980504366049257,0.12945701538624876,0.864328335991177,37.7360845378633,0.0008646015956956798,0.0006900944771242865,8.40625,32.16915550729027,2.0393339582369663,32.044425439380575,32.044425439380575,344.46484375,129.0,1134.51171875,0.0,0.0,3914.0,0.0,0,32,"[0.47548603505750964, 1.0577162779411504, 0.0435197201938243, 0.0008670225780110644, 0.11747384256071096]"
599,4.09374320308042,1.3339821552493267,3.9661140113517277,0.127629191728693,0.8642837943321242,38.44986814901374,0.0005988927544060552,0.0007197044582952787,8.0,32.58668452326674,1.4237505529308692,31.471002228499856,31.471002228499856,344.46484375,129.0,1134.51171875,0.0,0.0,3914.0,0.0,0,32,"[0.47458769960403846, 1.0581166979248726, 0.04359874940767654, 0.0010294006004716056, 0.11748055157348129]"
600,4.055210447250509,1.3026328669762908,3.9282132611924876,0.1269971860580221,0.8642404434173063,36.68826863961074,0.0009523389050765108,0.0006632490492544093,8.5625,33.471493850811385,3.7765059241792187,35.764499014476314,35.764499014476314,344.46484375,129.0,1134.51171875,0.0,0.0,3914.0,0.0,0,32,"[0.47371128065017315, 1.05850775239551, 0.043655855843423776, 0.0007543318463150094, 0.11748705186449147]"
601,4.018699069056817,1.2898752325061698,3.893221824773766,0.12547724428305146,0.8641956905334597,36.562058199191995,0.0003252913351188269,0.0007827150099519835,9.03125,37.084653311467264,2.5623978071962483,37.83763722458389,37.83763722458389,344.46484375,129.0,1134.51171875,0.0,0.0,3914.0,0.0,0,32,"[0.472803173230279, 1.0589107896267542, 0.043734087690403524, 0.0008363840870547114, 0.11749405986505015]"
602,3.9856184892048687,1.2809121056834698,3.8617557180173554,0.12386277118751352,0.8641511378931034,35.46308888146588,0.0009339572059066104,0.0007341957242522073,8.125,35.35819576063659,2.314688805199694,35.14221026125597,35.14221026125597,344.46484375,129.0,1134.51171875,0.0,0.0,3914.0,0.0,0,32,"[0.47189757634587015, 1.059312090161058, 0.0438031406215513, 0.0009548548422071152, 0.11750102671441065]"
603,3.947996246163023,1.265523866780505,3.825494004865146,0.12250224129787679,0.8641064048388237,35.585148617830534,0.0009158679844145645,0.0006918892192873368,7.8125,33.66982365696458,4.7484335518674925,37.43008209130494,37.43008209130494,344.46484375,129.0,1134.51171875,0.0,0.0,3914.0,0.0,0,32,"[0.4709853978251997, 1.0597155335145378, 0.04387054422138864, 0.0009787289623123686, 0.11750813924409521]"
604,3.9212007101198396,1.2603437550929086,3.800337013695666,0.1208636964241733,0.8640623418329847,39.61625701777641,0.0006465125187198328,0.0006998853505252785,6.71875,30.32524014270166,2.401911151537206,30.739799971343018,30.739799971343018,344.46484375,129.0,1134.51171875,0.0,0.0,3914.0,0.0,0,32,"[0.47008461216573144, 1.0601127692449188, 0.04393326101533876, 0.001142453486711815, 0.11751519998568857]"
605,3.8737802359067555,1.2153933531194645,3.753096650035501,0.1206835858712538,0.8640230627214406,37.850501104505724,0.0008270524876343721,0.00067828624794486,8.65625,35.34106331790099,4.19841017719591,37.78788239287678,37.78788239287678,344.46484375,129.0,1134.51171875,0.0,0.0,3914.0,0.0,0,32,"[0.46928158421168964, 1.0604685628794976, 0.0439508839749704, 0.0006647433849568785, 0.117521483662615]"
606,3.82420027573212,1.1799519686926891,3.7039074475103946,0.12029282822172585,0.8639820174887755,45.28944969634163,0.000693998666518203,0.0006844823249567812,8.125,34.046029519231524,3.9103302697185427,36.126547449384816,36.126547449384816,344.46484375,129.0,1134.51171875,0.0,0.0,3914.0,0.0,0,32,"[0.4684397298808419, 1.0608403241226951, 0.04397250457196397, 0.0002741549879100168, 0.117528420345332]"
607,3.7816342841054276,1.1534901344845068,3.6618258041558516,0.11980847994957564,0.8639464582827463,40.83458347755363,0.000751256754572438,0.0007358045969097973,8.8125,39.20194844249636,2.4227264875662513,38.434207512182184,38.434207512182184,344.46484375,129.0,1134.51171875,0.0,0.0,3914.0,0.0,0,32,"[0.4677105785044364, 1.061162236879998, 0.043979554478883416, 1e-05, 0.11753461540712785]"
608,3.7706238707177966,1.1652152222610308,3.6528918696143053,0.1177320011034913,0.8639072601109932,66.5910353477955,0.0007506439213238458,0.000739031925761298,8.59375,33.319355054118205,3.061243893171195,34.880267092376016,34.880267092376016,344.46484375,129.0,1134.51171875,0.0,0.0,3914.0,0.0,0,32,"[0.4669011089411948, 1.0615155428541438, 0.04405531281493495, 0.00047275344383592224, 0.11754195295132665]"
609,3.727376076662268,1.132318688313876,3.609534284802651,0.1178417918596174,0.8638822979928448,40.97180893649864,0.0007404160541666371,0.00073803518245887,7.65625,31.539479998173192,2.2265779189183377,31.180262769339606,31.180262769339606,344.46484375,129.0,1134.51171875,0.0,0.0,3914.0,0.0,0,32,"[0.46638685010483505, 1.0617424944705178, 0.04404880218761643, 1e-05, 0.11754597900900444]"
610,3.7139902736661896,1.1396520640877588,3.5980400522536717,0.11595022141251773,0.8638418174890778,59.06201528888765,0.0007578145415776394,0.0008235578975927063,8.53125,37.91176634695148,2.1368902889662422,37.12312523566652,37.12312523566652,344.46484375,129.0,1134.51171875,0.0,0.0,3914.0,0.0,0,32,"[0.46554510394461224, 1.062108109038712, 0.044139916714937125, 0.0003965673210589526, 0.11755327547903326]"
611,3.6705165575717995,1.1114150982961382,3.554672078025897,0.11584447954590243,0.8638141413889261,41.432815070496645,0.0007440269382865683,0.0008068032652976978,8.125,34.4164456037106,2.050133691227529,33.36738169309683,33.36738169309683,344.46484375,129.0,1134.51171875,0.0,0.0,3914.0,0.0,0,32,"[0.46497181924232345, 1.0623596799052348, 0.044142363157753016, 1e-05, 0.11755788048789904]"
612,3.6566663286308767,1.1152939535239494,3.5427721426686416,0.11389418596223523,0.8637749370756432,63.103308268700886,0.00010848566335175391,0.0008815066209232692,8.53125,34.879716113209724,1.6768067580414936,34.96223216643557,34.96223216643557,344.46484375,129.0,1134.51171875,0.0,0.0,3914.0,0.0,0,32,"[0.464152748230349, 1.062713952356677, 0.04423488530863731, 0.0004515900646068073, 0.11756506198694176]"
613,3.6108734333094823,1.0882139191984568,3.497051109707826,0.1138223236016564,0.8637482238720452,42.75292681486957,0.0005442718761805576,0.0008304965688990481,7.9375,31.142118736170232,1.8916701956186444,31.912784586893395,31.912784586893395,344.46484375,129.0,1134.51171875,0.0,0.0,3914.0,0.0,0,32,"[0.46359667948549754, 1.0629572123355044, 0.04423746555982785, 1e-05, 0.11756933246111409]"
614,3.598097564248288,1.0909732078888321,3.486389242384545,0.11170832186374295,0.8637090029362786,63.00855987439232,0.00044495843922276457,0.0006518224380990985,8.6875,34.061117708915845,1.923749347042758,34.0234672112274,34.0234672112274,344.46484375,129.0,1134.51171875,0.0,0.0,3914.0,0.0,0,32,"[0.46277310988949266, 1.063312051493903, 0.04433457244780059, 0.00044167600667043184, 0.11757628729947708]"
615,3.551435783337059,1.0634459166202122,3.4398774589940055,0.111558324343053,0.8636816045443676,44.76077163871462,0.0007686274525235959,0.0007070004228336917,6.53125,28.93850665714126,3.321892683743499,29.658767656655982,29.658767656655982,344.46484375,129.0,1134.51171875,0.0,0.0,3914.0,0.0,0,32,"[0.4621990322181562, 1.0635618259483484, 0.0443468854594487, 1e-05, 0.11758060384726]"
616,3.5428140362965066,1.0658399383117232,3.4332764176501507,0.10953761864635628,0.8636433975531539,66.06106169053382,0.0005073305126928052,0.0006048286721846068,8.6875,35.85616427153582,2.915813100116793,36.671643421868794,36.671643421868794,344.46484375,129.0,1134.51171875,0.0,0.0,3914.0,0.0,0,32,"[0.4613912326130226, 1.0639078614804833, 0.04445719954627626, 0.00047422585606915095, 0.11758726457171868]"
617,3.4953952332371907,1.0394172428244335,3.385926908808015,0.10946832442917523,0.8636177498704011,43.520933882496344,0.0008018161802618717,0.0007079330683049327,7.3125,29.395431294688024,2.2228920061024837,30.45231932628667,30.45231932628667,344.46484375,129.0,1134.51171875,0.0,0.0,3914.0,0.0,0,32,"[0.4608518697985707, 1.0641420298974158, 0.04446230637290933, 1e-05, 0.11759132976656714]"
618,3.4859428281338434,1.041915655660464,3.3783330131323863,0.10760981500145725,0.8635791872725778,65.67901248773158,0.0005512850265683156,0.0007702626374460517,9.1875,40.10615099105053,0.8293246282846667,37.32810515793972,37.32810515793972,344.46484375,129.0,1134.51171875,0.0,0.0,3914.0,0.0,0,32,"[0.4600334589485343, 1.0644916503951443, 0.04456687783728521, 0.0004538319815738852, 0.11759819774162342]"
619,3.439102522912923,1.015075336183684,3.331576229018356,0.10752629389456728,0.8635538409158864,42.46668526196529,0.000826603282777949,0.0012846281515594554,7.75,34.47807865450159,3.0816910802968778,36.189354679663666,36.189354679663666,344.46484375,129.0,1134.51171875,0.0,0.0,3914.0,0.0,0,32,"[0.45949851845775075, 1.0647232167847414, 0.04456870419334484, 1e-05, 0.1176023038729552]"
620,3.426989992594023,1.0155119486104065,3.3214169655374777,0.10557302705654531,0.8635150875472964,63.260931771063554,0.0005990107847633208,0.0012392066839372717,9.28125,39.32266412448371,2.383487175393384,39.154736696218606,39.154736696218606,344.46484375,129.0,1134.51171875,0.0,0.0,3914.0,0.0,0,32,"[0.4586730001129717, 1.0650749112732918, 0.04466813351686743, 0.0004399952921404846, 0.11760925423390356]"
621,3.3794399093171212,0.9918219644657242,3.274040116128735,0.10539979318838613,0.8634881345246637,45.04446842222383,0.0008407287920264572,0.001326354571967438,7.1875,32.710867111745756,4.841309186303988,34.03607659856789,34.03607659856789,344.46484375,129.0,1134.51171875,0.0,0.0,3914.0,0.0,0,32,"[0.4581003571827602, 1.0653213815726719, 0.04468124075578857, 1e-05, 0.1176134707685059]"
622,3.3723914001220123,0.9904908531171257,3.2689935643087553,0.10339783581325704,0.8634508376476782,68.52274421173448,0.0006872708195229116,0.0008904099932947007,8.09375,33.47460173245054,4.578396008582786,36.68459044274641,36.68459044274641,344.46484375,129.0,1134.51171875,0.0,0.0,3919.0,0.0,0,32,"[0.45730100241754734, 1.065660109648335, 0.0447892767746152, 0.0004943349341908543, 0.11762003889209727]"
623,3.3241998327394993,0.9662796632941827,3.220854629321832,0.1033452034176674,0.8634264163698812,43.741506587408686,0.0008535279543289143,0.000912204072733165,7.875,34.300634208193514,3.3413881828892045,36.59563251858344,36.59563251858344,344.46484375,129.0,1134.51171875,0.0,0.0,3919.0,0.0,0,32,"[0.4567807631758904, 1.0658838292388786, 0.044789653433236945, 1e-05, 0.1176239654253802]"
624,3.3133558923781536,0.9643600912063068,3.2119787598767426,0.10137713250141087,0.8633887052174721,67.73031058763038,0.0007218251510918705,0.0006382494003618663,8.0,35.9152201199322,2.640323633386288,36.8444252453628,36.8444252453628,344.46484375,129.0,1134.51171875,0.0,0.0,3919.0,0.0,0,32,"[0.4559698079712251, 1.066226659285438, 0.04488999132112884, 0.00047336293270866596, 0.11763077101480196]"
625,3.270555495861552,0.9416246429404803,3.169097783192469,0.10145771266908304,0.8633644747343687,38.45388929026555,0.0005530292176119112,0.0007321756248921094,7.84375,35.01297882030485,1.7050963870133273,33.75268802483333,33.75268802483333,344.46484375,129.0,1134.51171875,0.0,0.0,3908.0,0.0,0,32,"[0.4554517389856924, 1.0664487676379504, 0.044886935334618856, 1e-05, 0.11763470868215738]"
626,3.231968368398321,0.9256947609960935,3.132085339972808,0.09988302842551233,0.863322107545696,37.7902910859262,0.000596196665876958,0.0007317847328897212,7.1875,33.35401877120603,3.6997466813772917,35.402208639425226,35.402208639425226,344.46484375,129.0,1134.51171875,0.0,0.0,3918.0,0.0,0,32,"[0.4545373267894635, 1.0668354091211618, 0.04496975158997571, 9.625872456213342e-05, 0.11764242872966707]"
627,3.1908066501662558,0.907602548310921,3.0921025385951584,0.09870411157109715,0.8632798486522066,43.01116347004463,0.0005410601812387839,0.0008430456578046243,8.25,34.899468439107295,3.1492350026383065,36.500547219475266,36.500547219475266,344.46484375,129.0,1134.51171875,0.0,0.0,3919.0,0.0,0,32,"[0.4536229576144654, 1.0672217505731008, 0.04503905384114345, 1e-05, 0.11765006989985534]"
628,3.1860388980261343,0.9103427960954311,3.0891950993478194,0.09684379867831491,0.8632431427588819,57.05155607212192,0.0007783598155630678,0.0007427762775502912,8.0,34.381297657091636,2.7434412186266854,35.65912952035433,35.65912952035433,344.46484375,129.0,1134.51171875,0.0,0.0,3914.0,0.0,0,32,"[0.45282634607333194, 1.067555962496742, 0.04511290993660303, 0.0005082062776666968, 0.11765701429946258]"
629,3.1335886727314013,0.8849238767961645,3.0368995110422876,0.0966891616891134,0.8632153644017292,51.12725163540475,0.0006295168878263091,0.0008824842661750978,8.125,35.17908920184709,3.7542966965702362,36.46037595171947,36.46037595171947,344.46484375,129.0,1134.51171875,0.0,0.0,3914.0,0.0,0,32,"[0.4522249500394551, 1.0678111645738766, 0.04511191027608362, 1e-05, 0.11766170140268921]"
630,3.1497678557917013,0.8943057738862238,3.0550032835424608,0.09476457224924091,0.863185321346408,63.93501314161653,0.0004814120570264535,0.0007038926729938172,8.1875,33.915440377313644,2.6676862835302018,34.77651633875212,34.77651633875212,344.46484375,129.0,1134.51171875,0.0,0.0,3914.0,0.0,0,32,"[0.4515702564753282, 1.0680841975519493, 0.04518527102602165, 0.00071100890430231, 0.1176675363348236]"
631,3.0871911616344767,0.8640155291753618,2.9921073436654293,0.09508381796904763,0.8631611136721792,41.398744374650526,0.0008787461518542372,0.0008902074051864047,8.0,34.52107881457778,1.768570793501567,34.22044267790625,34.22044267790625,344.46484375,129.0,1134.51171875,0.0,0.0,3914.0,0.0,0,32,"[0.451043754348902, 1.068307533263968, 0.0451763959841222, 1e-05, 0.11767160228168072]"
632,3.08441152913873,0.8623463907763264,2.9912660056693556,0.09314552346937434,0.8631244390458843,51.600502265368725,0.0005213499321801152,0.000700765880337358,8.3125,35.451730676868465,1.4776294483453967,34.12756146281026,34.12756146281026,344.46484375,129.0,1134.51171875,0.0,0.0,3913.0,0.0,0,32,"[0.4502419099633413, 1.0686420528536444, 0.04524069492278535, 0.0005008733267435794, 0.11767876112557321]"
633,3.0340476604170368,0.8375069760831125,2.9411022029597884,0.09294545745724797,0.8630949988571903,36.06679350174178,0.00031804485232878044,0.0008075792540707936,8.28125,36.59276986581972,3.4131182765122503,37.896471592830494,37.896471592830494,344.46484375,129.0,1134.51171875,0.0,0.0,3913.0,0.0,0,32,"[0.44959711847720574, 1.0689130871446941, 0.04525233819837629, 1e-05, 0.1176839055773038]"
634,3.0073340059861793,0.8285961147219651,2.9159419497073946,0.09139205627878452,0.8630538567652131,42.89907568167401,0.0005769298322695349,0.0007404566348659539,8.46875,39.57596825057408,1.4227560750441626,38.04138405394042,38.04138405394042,344.46484375,129.0,1134.51171875,0.0,0.0,3913.0,0.0,0,32,"[0.44869069617191465, 1.0692900412343005, 0.04533860451717083, 0.0001796901414139468, 0.1176921273136387]"
635,2.970415667374086,0.8115622834193633,2.8798484075823767,0.0905672597917089,0.8630196300381388,35.103570495376864,0.0007410939167116215,0.0007742032931009398,8.34375,37.97183710412355,0.6384946973412298,33.12000665027881,33.12000665027881,344.46484375,129.0,1134.51171875,0.0,0.0,3913.0,0.0,0,32,"[0.44793822264308936, 1.0696043916687143, 0.04536939621588077, 1e-05, 0.1176987062890227]"
636,2.9432549663490244,0.8003140483991741,2.854129062985732,0.08912590336329222,0.8629785003442324,40.14343299181214,0.00033399327144278956,0.000777509257997866,8.40625,36.68513677257579,0.8006473581190221,33.365615345246624,33.365615345246624,344.46484375,129.0,1134.51171875,0.0,0.0,3914.0,0.0,0,32,"[0.44702801552371146, 1.069981675115964, 0.04544511826227777, 0.0001628903951209559, 0.11770712644545865]"
637,2.9041210727011917,0.7839128961428583,2.816006560102438,0.08811451259875325,0.8629429576007608,36.152654873633416,0.00036684762194738596,0.0007649775223890721,7.28125,32.211816833296325,2.3322340784943663,32.837535662110895,32.837535662110895,344.46484375,129.0,1134.51171875,0.0,0.0,3914.0,0.0,0,32,"[0.44624255990790296, 1.0703084347069378, 0.045473087101883074, 1e-05, 0.11771418016495613]"
638,2.8704427739860527,0.768754157303787,2.7836377331984945,0.08680504078755821,0.8629019589992085,35.651635776293,0.00040593580903447446,0.0007401176938248261,7.46875,33.41570206248434,3.919173621397931,33.284586475929245,33.284586475929245,344.46484375,129.0,1134.51171875,0.0,0.0,3914.0,0.0,0,32,"[0.44532921605464754, 1.0706854858202892, 0.04554620119611417, 1e-05, 0.11772247528286742]"
639,2.8348044940740937,0.7527909580108891,2.7493069442670137,0.08549754980708006,0.8628610020570301,35.110115128797474,0.0006080271001989157,0.0007181155252483846,6.59375,31.351546196674462,2.2897322705830447,31.46079642465338,31.46079642465338,344.46484375,129.0,1134.51171875,0.0,0.0,3908.0,0.0,0,32,"[0.4444145270487496, 1.0710623767858485, 0.04561396661115296, 1e-05, 0.11773074565998999]"
640,2.8011871336092224,0.7379429880070045,2.7169459679669385,0.0842411656422841,0.8628200743174345,34.096490744084626,0.0006375814370356281,0.0007130608981680464,6.6875,29.747186483291443,4.13002595450962,32.68504019797547,32.68504019797547,344.46484375,129.0,1134.51171875,0.0,0.0,3919.0,0.0,0,32,"[0.44349820035492904, 1.071439224154561, 0.04567661368009654, 1e-05, 0.11773914094875253]"
641,2.7667920131434265,0.7232335328037294,2.683831437043556,0.08296057609987063,0.8627790154486288,33.66111296801989,0.0006495701890123495,0.0007366393295787905,6.3125,31.190002118819393,1.6333596431650221,30.944769532652572,30.944769532652572,344.46484375,129.0,1134.51171875,0.0,0.0,3908.0,0.0,0,32,"[0.4425772082892768, 1.0718174586723732, 0.04572959753365981, 1e-05, 0.11774778524912904]"
642,2.729922072671445,0.7117515193542727,2.6480561153789286,0.08186595729251672,0.8627380568307242,38.22877322966678,0.00039804269228294054,0.000893419413343797,7.625,32.67566477006767,5.4257014926406555,35.28914850176079,35.28914850176079,344.46484375,129.0,1134.51171875,0.0,0.0,3919.0,0.0,0,32,"[0.4416563445657258, 1.072194982466011, 0.045775961389774425, 1e-05, 0.1177565346284794]"
643,2.735123998751947,0.7057588678273292,2.654964756704958,0.0801592420469889,0.8627025697314267,71.40726045247655,0.0009048657536063764,0.000625103942407776,7.34375,33.660973684163764,2.6786055241245776,33.68075023900019,33.68075023900019,344.46484375,129.0,1134.51171875,0.0,0.0,3908.0,0.0,0,32,"[0.44085550466328133, 1.0725209440432832, 0.04582578998079027, 0.0005098623546961195, 0.11776423129464178]"
644,2.692433506396438,0.6904883489569386,2.6122097620682188,0.08022374432821908,0.8626837827128886,32.12560910510093,0.0005293863303312829,0.000768792749442417,7.59375,34.1495068569202,2.002945155254565,33.82581107871374,33.82581107871374,344.46484375,129.0,1134.51171875,0.0,0.0,3919.0,0.0,0,32,"[0.44043596582532124, 1.0726952709728566, 0.045791461941883466, 1e-05, 0.11776793429496822]"
645,2.6579493596249364,0.6745292298694211,2.5789731349758735,0.07897622464906247,0.8626428732585086,31.276617244465914,0.0007857667470014817,0.0007475611717283224,7.5,33.36888070771238,2.9408893460640684,34.77645662496798,34.77645662496798,344.46484375,129.0,1134.51171875,0.0,0.0,3919.0,0.0,0,32,"[0.43951069275178023, 1.0730728690785039, 0.04582595804854111, 1.3966406000797331e-05, 0.11777708285990918]"
646,2.6282564236282715,0.662684663581218,2.550479716827832,0.0777767068004392,0.8626020380988118,31.275199461197623,0.0008455348483444869,0.0007502393070227475,7.625,32.858263548405375,2.4805211287457496,33.03788991615875,33.03788991615875,344.46484375,129.0,1134.51171875,0.0,0.0,3918.0,0.0,0,32,"[0.43858569856014407, 1.0734498311096334, 0.045848436089872165, 5.5102494870609025e-05, 0.11778646008638423]"
647,2.5954628515276386,0.6483240660746744,2.5187638098093754,0.076699041718263,0.8625622295700426,30.672483351733703,0.0008055952192489446,0.00072650074327127,8.09375,35.935631312895566,3.025889236596413,36.3447026029462,36.3447026029462,344.46484375,129.0,1134.51171875,0.0,0.0,3913.0,0.0,0,32,"[0.4376842873360354, 1.0738175637779181, 0.04584237947234693, 1e-05, 0.11779571675645584]"
648,2.5754135339162305,0.638514703523319,2.4999739006415194,0.0754396332747111,0.862522365584601,40.03187479974712,0.0008281282760933539,0.0006843302138383684,8.6875,39.25828741193982,3.076209221035242,39.46052443643566,39.46052443643566,344.46484375,129.0,1134.51171875,0.0,0.0,3913.0,0.0,0,32,"[0.4367775516674897, 1.0741854927511456, 0.045854698159579, 0.0002154649554141384, 0.11780526139308377]"
649,2.542685841105464,0.6267589999172074,2.4677581667115813,0.07492767439388255,0.8624906871230242,31.028702408393958,0.0008477878697517038,0.0006953405458515493,8.46875,37.78936497110408,2.5881568653858267,38.26535114785656,38.26535114785656,344.46484375,129.0,1134.51171875,0.0,0.0,3913.0,0.0,0,32,"[0.43605686851462966, 1.0744789215713404, 0.045836335846378216, 1e-05, 0.11781223297399132]"
650,2.5116108946497198,0.6142002532532648,2.4377477527514815,0.07386314189823834,0.8624502598594253,30.977805038904943,0.0004232930820078362,0.0006955238558004225,9.3125,39.347460435237736,3.3559006988070905,38.82421577145578,38.82421577145578,344.46484375,129.0,1134.51171875,0.0,0.0,3913.0,0.0,0,32,"[0.4351300159803474, 1.0748532306027065, 0.045856057507748085, 2.896459267907017e-05, 0.11782164196063036]"
651,2.479273508835732,0.6017855816297862,2.4063417023095073,0.07293180652622494,0.8624103393357099,47.104430789545866,0.00039202956709605274,0.0008370125558398547,9.375,38.59301693591988,3.172497010382358,40.300484346516896,40.300484346516896,344.46484375,129.0,1134.51171875,0.0,0.0,3913.0,0.0,0,32,"[0.43421338256128794, 1.075223106710918, 0.04586204176308505, 1e-05, 0.11783100946053893]"
652,2.498763638986226,0.6083242001713787,2.4272348760024784,0.0715287629837473,0.8623849595142972,39.269740639238144,0.0005303212958065462,0.0006943100058707154,9.21875,34.463913085346576,3.7368503108154982,35.7938755187206,35.7938755187206,344.46484375,129.0,1134.51171875,0.0,0.0,3913.0,0.0,0,32,"[0.4336298008953194, 1.0754561800043623, 0.045878780993536095, 0.0007876829784351631, 0.1178371951088078]"
653,2.434146422557889,0.5892231124943572,2.3629389316974017,0.07120749086048742,0.8623522898349036,31.58815213424123,0.0009741298306809032,0.0008301657792711973,9.34375,37.33266940980684,3.256302203226369,39.22755027451785,39.22755027451785,344.46484375,129.0,1134.51171875,0.0,0.0,3913.0,0.0,0,32,"[0.43288371777585266, 1.0757601168582862, 0.04580011393492819, 0.00020052780472564586, 0.1178437268428646]"
654,2.421707954199368,0.5812829673916171,2.3517293714577434,0.06997858274162472,0.8623132556307965,31.626636980452258,0.0008676318893716672,0.0008101499186640417,8.21875,33.38408548006555,1.8699959109653719,33.74545125552686,33.74545125552686,344.46484375,129.0,1134.51171875,0.0,0.0,3914.0,0.0,0,32,"[0.4319777090453939, 1.0761219521399694, 0.04581383277336613, 0.0004195219984464986, 0.11785248731375102]"
655,2.3831773182367564,0.5713869775154538,2.3142716635016725,0.06890565473508423,0.8622733491522794,33.13745767775733,0.0009452072744855489,0.0007900109872774998,8.375,37.121279463463,2.1376218137447722,37.179439459578134,37.179439459578134,344.46484375,129.0,1134.51171875,0.0,0.0,3914.0,0.0,0,32,"[0.43104925014129536, 1.076492672256548, 0.045821001158647866, 0.000439717833267326, 0.11786093722928656]"
656,2.3403098579452584,0.5590540731379452,2.272360528150578,0.06794932979468035,0.8622341294334561,32.22094974964664,0.0009269513293599374,0.000820775469246382,8.3125,33.192858994880226,2.850138655048795,35.28557105892105,35.28557105892105,344.46484375,129.0,1134.51171875,0.0,0.0,3914.0,0.0,0,32,"[0.43013087456931, 1.0768579960640807, 0.04584428338510674, 0.0002896569387526542, 0.11786896781449607]"
657,2.3092533216254125,0.5483186664585823,2.2423366670211893,0.06691665460422305,0.8621946457293832,32.00116318304955,0.0008983266337856399,0.0008274309992869434,8.5,34.428081002261024,2.133739551936742,35.18697699473705,35.18697699473705,344.46484375,129.0,1134.51171875,0.0,0.0,3914.0,0.0,0,32,"[0.42920171833852083, 1.0772257880326717, 0.0458802467603004, 0.0002838568987842705, 0.11787737981822868]"
658,2.2845011511914377,0.538565661222147,2.2187542407737597,0.06574691041767813,0.8621554987440477,32.410012630557866,0.0008276438155856436,0.0008139923816470297,8.3125,34.61193960538367,4.075169796124101,37.68094768747687,37.68094768747687,344.46484375,129.0,1134.51171875,0.0,0.0,3914.0,0.0,0,32,"[0.4282759230507191, 1.0775906109871982, 0.04593001086346833, 0.0003690566830461954, 0.11788585494254585]"
659,2.250274553346577,0.5270134722547217,2.185221107158339,0.06505344618823827,0.8621173715166071,33.20939613634036,0.0007708256598795149,0.0007570567491325493,8.15625,37.64132990181679,4.571199773636181,38.365418986359145,38.365418986359145,344.46484375,129.0,1134.51171875,0.0,0.0,3914.0,0.0,0,32,"[0.4273737633152588, 1.077946886366509, 0.04594589138973741, 0.00012645653619447087, 0.11789414007646613]"
660,2.2332269524226267,0.5214400324347817,2.169462493728238,0.06376445869438865,0.862080111777507,42.397266824037665,0.0007434664520864498,0.0006670046088736955,8.15625,36.27049719216302,2.8633646288653836,37.57198862876976,37.57198862876976,344.46484375,129.0,1134.51171875,0.0,0.0,3914.0,0.0,0,32,"[0.42648724459940807, 1.0782941342616337, 0.04601967721121459, 0.0004230805386678476, 0.11790270275615417]"
661,2.195460388412958,0.5083920713236243,2.1318654923435902,0.06359489606936806,0.8620509592199422,31.66941742913055,0.0009808235129240561,0.0007135239964269002,8.4375,34.68700165103655,4.01810412586201,36.32262630708283,36.32262630708283,344.46484375,129.0,1134.51171875,0.0,0.0,3914.0,0.0,0,32,"[0.42579501178135637, 1.0785674870670758, 0.04602725421016916, 1e-05, 0.11790892909067155]"
662,2.158802138840579,0.5027588913144695,2.096618552769389,0.062183586071190206,0.8620126770908674,47.97430557310918,0.0006416254951866485,0.0007994403959144071,10.0,42.07926472008694,2.3676883574808016,41.13216164842015,41.13216164842015,344.46484375,129.0,1134.83984375,0.01025390625,0.01025390625,3914.0,0.0,0,32,"[0.4248807661858875, 1.0789249398046932, 0.046083976600746694, 0.0001918855307475739, 0.11791802610378113]"
663,2.1755523755694997,0.5039500757547731,2.114904104721341,0.060648270848158374,0.861987295142127,40.00405138787131,0.00048218249259668333,0.0006658387288027934,8.875,34.24251452088356,4.173613015154842,36.09674622566672,36.09674622566672,344.46484375,129.0,1134.83984375,0.0,0.0,3914.0,0.0,0,32,"[0.4242705254358378, 1.0791605716820105, 0.046150738183309094, 0.0009452737620493804, 0.11792376277532769]"
664,2.121127323054218,0.49423955148381477,2.0606704832002047,0.06045683985401359,0.8619560498386363,36.71803374793316,0.0007797783709424522,0.0008316244444410315,8.9375,36.699737727758475,2.762491611065343,36.12396728567546,36.12396728567546,344.46484375,129.0,1134.83984375,0.0,0.0,3914.0,0.0,0,32,"[0.4235296219342044, 1.0794539341162912, 0.0460990576539232, 0.000343368664812719, 0.11793007627064878]"
665,2.0886954112446836,0.4831941983610448,2.0283353742488854,0.06036003699579805,0.8619224300378548,35.393255120024136,0.0009306075072592623,0.0007344894181055474,9.21875,40.590881973912474,1.8560240569058806,38.05232993909158,38.05232993909158,344.46484375,129.0,1136.33203125,0.0,0.0,3914.0,0.0,0,32,"[0.42271915661141274, 1.0797698917092513, 0.04613422190116437, 1e-05, 0.11793746308208858]"
666,2.064785941511299,0.48173794373755613,2.006330594696652,0.058455346814646564,0.8618876501056323,42.60255049795312,0.000990725911152568,0.0008031768376516808,8.6875,37.16518147120951,0.9185784292640164,34.313375399506185,34.313375399506185,344.46484375,129.0,1136.33203125,0.0,0.0,3914.0,0.0,0,32,"[0.42187461866323517, 1.0800952566273756, 0.04623321021779834, 0.00042355626564173485, 0.11794557803498333]"
667,2.033232769382651,0.47021971613124697,1.974747267520561,0.05848550186208957,0.8618583052636265,37.03679432441052,0.00061353371163686,0.0007173042372070381,9.4375,36.25332575029461,5.098567875393201,40.14200691744918,40.14200691744918,344.46484375,129.0,1136.3828125,0.0,0.0,3914.0,0.0,0,32,"[0.42116274345572413, 1.0803717988064205, 0.04626286998638169, 1e-05, 0.11795184235789538]"
668,2.0164064611033634,0.46978940739120806,1.9597686748420733,0.05663778626129025,0.8618247633122846,46.596930075011045,0.0008527923336458798,0.0008183532149431264,7.78125,34.58558199054096,3.6607962247217074,36.7994269108749,36.7994269108749,344.46484375,129.0,1136.3828125,0.0,0.0,3919.0,0.0,0,32,"[0.4203429091480438, 1.0806859008108345, 0.04636582703130913, 0.0004774932666636497, 0.11795968654666128]"
669,1.9813958419125512,0.45957902908600273,1.9245823624044662,0.05681347950808528,0.8617985938319032,39.1393307356511,0.000993596418532583,0.0008293268922473487,8.53125,39.87137235526461,2.794501393509563,37.46926531312056,37.46926531312056,344.46484375,129.0,1136.41796875,0.0010986328125,0.0010986328125,3915.0,0.0,0,32,"[0.41970641151327587, 1.0809329653534232, 0.04637452657507274, 1e-05, 0.1179652783978054]"
670,1.9708906148363508,0.457413823536456,1.9158228168652074,0.05506779797114314,0.8617665044795731,38.52227300071463,0.0008648194432119283,0.0007750034912372718,8.5,36.767916863027494,1.492609480919782,34.82499050733168,34.82499050733168,344.46484375,129.0,1136.41796875,0.0,0.0,3915.0,0.0,0,32,"[0.418917491253419, 1.0812336979162147, 0.046480803159946064, 0.0005351823265532725, 0.11797259691185699]"
671,1.9270746805814098,0.44688555130904284,1.8720928091668623,0.05498187141454769,0.8617347907582581,38.64327725680265,0.0007579836939579643,0.0007904723270731625,8.78125,38.69785161805339,3.04904884978896,38.684459068463184,38.684459068463184,344.46484375,129.0,1136.41796875,0.0,0.0,3914.0,0.0,0,32,"[0.418138899250272, 1.0815336469936183, 0.04651447123640692, 1e-05, 0.11797929931207805]"
672,1.920315739051639,0.4452272234689644,1.8669303364078007,0.053385402643838564,0.8617032292630864,39.34015436196018,0.0008433518006711882,0.0006759473585583476,8.0625,34.67765695677372,3.7567708495771512,36.52080293977633,36.52080293977633,344.46484375,129.0,1136.4296875,0.0,0.0,3914.0,0.0,0,32,"[0.41735993354371964, 1.081829668052548, 0.04660945674818742, 0.0005545244524673627, 0.11798670430379975]"
673,1.876828677578985,0.4349109825449121,1.82348892859563,0.05333974898335518,0.8616729999817877,39.94165442764991,0.0008682300671958298,0.0007114781783028505,8.96875,37.67292587144766,3.759587365493644,38.52746605844004,38.52746605844004,344.46484375,129.0,1136.4296875,0.0,0.0,3914.0,0.0,0,32,"[0.41661583306502914, 1.082115920662114, 0.046625536005694114, 1e-05, 0.11799333201944165]"
674,1.8744672111041631,0.4338093598206827,1.8227827115909434,0.05168449951321975,0.8616433478980386,46.42869401165861,0.000891599672005583,0.000641960430662085,8.75,38.11229902203195,2.90350155410124,39.46677965723211,39.46677965723211,344.46484375,129.0,1136.44140625,0.0003662109375,0.0003662109375,3914.0,0.0,0,32,"[0.4158814917287994, 1.0823940299678974, 0.04670938706596066, 0.0006234449508961102, 0.11800056443627437]"
675,1.832905803643054,0.4247425670980362,1.7809852375140307,0.0519205661290235,0.8616183287649033,41.498957178559955,0.0007863328220463206,0.0007244261208906427,10.0625,41.48568695381982,3.0988053549663164,42.84658435790334,42.84658435790334,344.46484375,129.0,1136.44140625,0.0,0.0,3914.0,0.0,0,32,"[0.41526484880371956, 1.0826314922735483, 0.04669950106704648, 1e-05, 0.11800605526054801]"
676,1.832999920273851,0.4241205448240141,1.7828033939523051,0.050196526321546045,0.8615905425196595,51.03759966957653,0.0009662788745901096,0.0007042690497675805,9.40625,41.710256853548344,2.4068687271210365,39.699330140138045,39.699330140138045,344.46484375,129.0,1136.44921875,0.000244140625,0.000244140625,3916.0,0.0,0,32,"[0.41457289717120543, 1.0828922207705742, 0.046785743124604394, 0.00067763662414211, 0.11801292801195426]"
677,1.7927910853490447,0.4171075219156409,1.7422693353905827,0.0505217499584621,0.8615683203869408,44.26362867254703,0.0008206420683016802,0.0007143978575615168,9.1875,41.3706214458216,3.2503997135790996,41.487565853458364,41.487565853458364,344.46484375,129.0,1136.44921875,0.0,0.0,3919.0,0.0,0,32,"[0.4140228014934577, 1.0831036945444634, 0.04677010237306048, 1e-05, 0.11801793884837006]"
678,1.7995990820342476,0.417411867518032,1.7507081269906024,0.04889095504364532,0.8615429540201008,56.63816126013933,0.0008717987257587101,0.0006845173142015998,8.15625,36.25644973362796,4.028862218547147,37.66219033423113,37.66219033423113,344.46484375,129.0,1136.44921875,0.0,0.0,3908.0,0.0,0,32,"[0.4133880342605222, 1.0833416910573674, 0.04685564487153132, 0.0007401154289814987, 0.11802443201057244]"
679,1.7556853388464009,0.40887540747086043,1.7063034213955344,0.04938191745086626,0.8615233340108893,44.510115841512764,0.0008917109791113376,0.0007396404774325026,8.28125,36.44864602392772,4.724389655166306,39.50105037074536,39.50105037074536,344.46484375,129.0,1136.44921875,0.0,0.0,3919.0,0.0,0,32,"[0.41290064923577763, 1.0835289479659795, 0.046834104668743624, 1e-05, 0.1180289137967308]"
680,1.7680201789671073,0.40943188158692634,1.7201841884980427,0.047835990469064435,0.8614986881836553,58.464938770497746,0.000811515062101531,0.0007357885002023715,9.40625,37.01880617882125,3.864394318952691,39.84506405686261,39.84506405686261,344.46484375,129.0,1136.44921875,0.0,0.0,3915.0,0.0,0,32,"[0.41228084727676684, 1.0837603801290454, 0.046922254925596665, 0.0007546292094720334, 0.1180353603557207]"
681,1.7206579537797828,0.40334963514086764,1.6724513124278284,0.04820664135195432,0.8614800403731591,45.01259511141947,0.0008371737811008195,0.0007574122044501782,8.21875,36.567631585057825,2.2223574778763577,35.94541693746578,35.94541693746578,344.46484375,129.0,1136.44921875,0.0,0.0,3915.0,0.0,0,32,"[0.41181574329523446, 1.0839386775200517, 0.046900539118601, 1e-05, 0.11803969109337005]"
682,1.734619134092363,0.4030097571848951,1.6878662125597805,0.04675292153258251,0.8614562353555597,60.1302500583095,0.0008210939433748177,0.0006736295959725928,9.28125,38.644141095574014,3.6546884148265235,40.77301910001552,40.77301910001552,344.46484375,129.0,1136.44921875,0.0,0.0,3913.0,0.0,0,32,"[0.41121568682857446, 1.0841622434443894, 0.04698027201038546, 0.0007739062176171403, 0.11804605277145663]"
683,1.6874903069607647,0.39661196524933146,1.640435646541681,0.04705466041908396,0.8614384809844862,44.552278524972174,0.000926540331256831,0.0008842427586911585,8.53125,37.82911201415118,2.3681194652453996,36.38306023640325,36.38306023640325,344.46484375,129.0,1136.44921875,0.0,0.0,3914.0,0.0,0,32,"[0.41077217130755983, 1.0843322267990683, 0.046950456612448115, 1e-05, 0.1180502622654477]"
684,1.7040757971377287,0.396838426107206,1.6583056822071807,0.0457701149305479,0.8614149707728267,60.55181472852656,0.000864506138612553,0.0007396045612411369,10.21875,39.128806281951256,3.0083567326073535,39.82786818960449,39.82786818960449,344.46484375,129.0,1136.44921875,0.0,0.0,3914.0,0.0,0,32,"[0.41017778954218825, 1.0845531537136366, 0.04702421146521934, 0.0007796885809980069, 0.11805669074793297]"
685,1.6568734493659942,0.3912530289676635,1.6108050735975696,0.046068375768424596,0.8613976903888211,44.52936494330114,0.0009386475026273988,0.0008238946663424861,9.65625,42.84910127898911,2.4058973795035854,40.31384641712066,40.31384641712066,344.46484375,129.0,1136.44921875,0.0,0.0,3914.0,0.0,0,32,"[0.4097452043778086, 1.0847187674356413, 0.046989103525065426, 1e-05, 0.11806081348052168]"
686,1.6745031547477334,0.3911038590855392,1.6297283418224011,0.04477481292533196,0.8613746637662615,60.33696530729716,0.0008788137403619167,0.0006542560672678523,10.0,41.3336170167895,1.892069871246349,39.7896361828316,39.7896361828316,344.46484375,129.0,1136.44921875,0.0,0.0,3914.0,0.0,0,32,"[0.40916040005943877, 1.0849353357949953, 0.04706503575085704, 0.0007880071595616075, 0.11806723311446]"
687,1.6270141974487746,0.3869855464810376,1.5820290188985906,0.04498517855018417,0.8613576798222514,45.63369729087083,0.000841541370006027,0.0007491137317570943,8.40625,38.10709175741067,1.905453325889539,37.82901488739299,37.82901488739299,344.46484375,129.0,1136.44921875,0.0,0.0,3914.0,0.0,0,32,"[0.4087342934137885, 1.0850982648842962, 0.04702486542882946, 1e-05, 0.11807136588770774]"
688,1.6458576679679926,0.38446873494625666,1.6021025763088388,0.043755091659153963,0.8613357139040994,59.15587825404024,0.0008561687551886799,0.0006511371964012882,8.3125,35.687828429217916,2.6732511978480034,36.4421091217082,36.4421091217082,344.46484375,129.0,1136.44921875,0.0,0.0,3914.0,0.0,0,32,"[0.40817513311316417, 1.0853048367081384, 0.04709342309206608, 0.0008099558499941876, 0.11807755658006365]"
689,1.5995742147930971,0.381589796832557,1.5555628092494775,0.0440114055436196,0.8613180887261555,47.2250637311306,0.0007242705182237685,0.0007541556170393009,10.0,43.39822559268214,3.5477679848554544,45.65418302809121,45.65418302809121,344.46484375,129.0,1136.44921875,0.0,0.0,3914.0,0.0,0,32,"[0.40772952613413754, 1.0854742001120676, 0.047063386023065854, 1e-05, 0.11808181528058617]"
690,1.6183759056457006,0.3782861105873951,1.5756179221434903,0.04275798350221019,0.8612973256801445,61.17652518608598,0.0009036541036486767,0.0006593007646652526,9.25,40.38176912581548,3.3004802171490155,41.5435922332108,41.5435922332108,344.46484375,129.0,1136.44921875,0.0,0.0,3914.0,0.0,0,32,"[0.4071998133900419, 1.085669408048562, 0.04712584726842922, 0.0008330190805554138, 0.11808785317273693]"
691,1.5709302494599044,0.3747339754610668,1.5278695293582678,0.04306072010163685,0.8612806113218034,52.26432124920386,0.0006204223417045629,0.0008632136090411005,10.96875,46.289251251437236,3.7304550205590203,45.32643314450979,45.32643314450979,344.46484375,129.0,1136.44921875,0.0,0.0,3914.0,0.0,0,32,"[0.40677637573558256, 1.0858302803599542, 0.047089707625908535, 1e-05, 0.11809190893287683]"
692,1.594530792805221,0.3724454862319058,1.5526233506223863,0.04190744218283478,0.8612615708338884,64.09553540546614,0.0009054534293650995,0.0006788264219905222,8.1875,34.79046944266884,3.331422994961031,35.70731151557993,35.70731151557993,344.46484375,129.0,1136.44921875,0.0,0.0,3914.0,0.0,0,32,"[0.4062883363375402, 1.0860092511122377, 0.04715541259314941, 0.0008617277901945329, 0.11809735360694915]"
693,1.5475384179889518,0.37095033704697633,1.5053456075569855,0.042192810431966155,0.8612458868848077,55.53413130483064,0.000898958850288123,0.0007940842484012175,10.53125,42.955324075592216,3.3529342763358727,42.89721910026856,42.89721910026856,344.46484375,129.0,1136.44921875,0.0,0.0,3914.0,0.0,0,32,"[0.40589057123453826, 1.0861604734889203, 0.047112867213773515, 1e-05, 0.11810126886691916]"
694,1.5741939368456686,0.3680599302256598,1.5330555437198043,0.04113839312586411,0.8612283228145329,65.54907214101603,0.0008927757885430765,0.000665602984275881,8.59375,38.21537334442837,1.2448189736460336,36.65893459401559,36.65893459401559,344.46484375,129.0,1136.44921875,0.0,0.0,3913.0,0.0,0,32,"[0.4054397023213878, 1.0863254093642756, 0.04717278035128768, 0.0008851557340156547, 0.1181063911074516]"
695,1.5222723429969902,0.3669365877606711,1.4807854204470137,0.041486922549976796,0.8612132237752685,55.080238586083034,0.000609820657238469,0.0008359257449221955,8.84375,39.61092633835506,2.9816484020557255,39.201923878863454,39.201923878863454,344.46484375,129.0,1136.44921875,0.0,0.0,3913.0,0.0,0,32,"[0.40505621033901124, 1.0864712039652191, 0.04712587322111894, 1e-05, 0.11811015768530832]"
696,1.5513119120405174,0.36389690094543825,1.5109310605315813,0.04038085150893615,0.8611958632296957,64.55254096649328,0.0008811100174181963,0.0006325890293660178,8.75,37.68343044066569,4.431642657436896,39.51808922283817,39.51808922283817,344.46484375,129.0,1136.44921875,0.0,0.0,3913.0,0.0,0,32,"[0.40460976417298566, 1.0866342809817275, 0.0471818836417635, 0.0008880250075667104, 0.11811531776229395]"
697,1.4998327511800387,0.362275036735173,1.4591764463005688,0.040656304879469696,0.8611808044211071,56.62573267701684,0.000582722205214381,0.000686307153741967,9.625,43.30022340582218,2.4449380216537975,42.42217255523428,42.42217255523428,344.46484375,129.0,1136.44921875,0.0,0.0,3913.0,0.0,0,32,"[0.4042264548442919, 1.0867797853172294, 0.04713201671311778, 1e-05, 0.11811913732193242]"
698,1.5285542402937686,0.3595724876597795,1.4889081059825697,0.039646134311199094,0.8611642396852696,64.62004330011789,0.0008946923951163033,0.0006375983928079815,8.75,34.80561050673714,2.2564229802810587,35.47429439640837,35.47429439640837,344.46484375,129.0,1136.44921875,0.0,0.0,3913.0,0.0,0,32,"[0.40379973957641585, 1.0869353284534624, 0.047183516493402265, 0.0008994063586814902, 0.11812408855408085]"
699,1.4773206594320916,0.35785208086239695,1.4374656898197729,0.039854969612318415,0.8611494666057459,58.74441647539026,0.0007730644364520867,0.0007249744461557818,8.375,38.650262482406106,2.021488813625183,38.894662669918034,38.894662669918034,344.46484375,129.0,1136.44921875,0.0,0.0,3913.0,0.0,0,32,"[0.40342309418471645, 1.0870782122492662, 0.047129780927565694, 1e-05, 0.11812790011427232]"
700,1.5077936130654042,0.3560303697412491,1.4688660584785411,0.03892755458686316,0.8611338179260135,64.60686054019229,0.0007573083234735378,0.0006285392473285754,9.40625,40.98185811017174,2.8964255325263366,41.85761755070416,41.85761755070416,344.46484375,129.0,1136.44921875,0.0,0.0,3914.0,0.0,0,32,"[0.40301924552003676, 1.087225067098114, 0.047177573413887966, 0.0009116834737322265, 0.11813266465576594]"
701,1.4564843587406098,0.3530995087981209,1.417305159545531,0.03917919919507862,0.8611192963309034,61.88448210889382,0.0008287162377735857,0.0007302811811142455,9.375,40.869338692573365,2.702075507841073,41.34715494001284,41.34715494001284,344.46484375,129.0,1136.44921875,0.0,0.0,3914.0,0.0,0,32,"[0.40264849617196624, 1.087365648933773, 0.04711980906870778, 1e-05, 0.11813647774245471]"
702,1.4888830432078874,0.3510919927683436,1.4506082930009203,0.038274750206967065,0.8611047339959735,64.49720614015929,0.0007435571459897261,0.0006015486212522178,9.28125,40.37568116473267,2.527120588638354,36.889496142975986,36.889496142975986,344.46484375,129.0,1136.44921875,0.0,0.0,3914.0,0.0,0,32,"[0.40227216008553535, 1.0875021678147507, 0.047164380188915236, 0.0009252741565674014, 0.11814099202531518]"
703,1.4369213527601619,0.3492462139270333,1.3984594868138234,0.03846186594633842,0.8610904237556843,53.522690739671404,0.0009195397001242611,0.0008604423864388273,10.03125,43.42354794789571,2.0585253223543987,42.2864840074908,42.2864840074908,344.46484375,129.0,1136.44921875,0.0,0.0,3908.0,0.0,0,32,"[0.40190623093500355, 1.0876408363457508, 0.04710335905312731, 1e-05, 0.1181448391408383]"
704,1.464464273595783,0.3462902696824149,1.4268624236744119,0.03760184992137124,0.8610737931610954,61.21670956403125,0.0007162379507095196,0.0005983101161666242,9.28125,38.5399406295619,3.163169152685441,39.41799850872485,39.41799850872485,344.46484375,129.0,1136.44921875,0.0,0.0,3919.0,0.0,0,32,"[0.40147562462074615, 1.0877972394261324, 0.047142868562622973, 0.0008979910631394705, 0.11815004961228531]"
705,1.4170458910693942,0.3438475751935628,1.3792995409100324,0.03774635015936163,0.8610590136024425,56.17979574852647,0.0007628627682143563,0.0006974540252817738,9.0,40.263749098812696,4.534616724413354,41.2992793644662,41.2992793644662,344.46484375,129.0,1136.44921875,0.0,0.0,3908.0,0.0,0,32,"[0.4010969751301848, 1.0879403789237418, 0.04707880797850072, 1e-05, 0.11815410768362831]"
706,1.444470754019242,0.3420764434476201,1.4076339538918963,0.036836800127345914,0.8610434785380916,62.021891223946824,0.0009632227584623898,0.0006324346321029006,8.96875,37.552846151811536,4.787282574397977,40.32702075346606,40.32702075346606,344.46484375,129.0,1136.44921875,0.0,0.0,3919.0,0.0,0,32,"[0.4006940535830025, 1.0880863593553838, 0.04711554046953942, 0.0009127569439027529, 0.11815906396563226]"
707,1.398180632849623,0.3383946315008178,1.361093515672629,0.03708711717699411,0.8610291431629329,63.47364884357136,0.0008810408833379579,0.0007244304036545062,9.75,46.45269637694582,2.7221375567023642,44.510455983981956,44.510455983981956,344.46484375,129.0,1136.44921875,0.0,0.0,3914.0,0.0,0,32,"[0.40032612598767814, 1.0882253733516487, 0.04704801483368859, 1e-05, 0.1181630565898386]"
708,1.4298667411020425,0.3382095568716854,1.3935880024697611,0.03627873863228134,0.861015848333934,63.78180284962938,0.0009264458388285046,0.0006369764330763335,8.375,37.855010843486525,4.522492577962112,39.069746526365634,39.069746526365634,344.46484375,129.0,1136.44921875,0.0,0.0,3914.0,0.0,0,32,"[0.39998161633617163, 1.0883498789646529, 0.04707920168257023, 0.0009399568017976776, 0.11816743604145027]"
709,1.382116186450449,0.3358972020169281,1.3455619579368625,0.03655422851358625,0.8610020937408033,66.77880885095949,0.0008786919587522313,0.0007373523275817941,9.4375,40.6735861179186,4.873761681665201,43.524737913685385,43.524737913685385,344.46484375,129.0,1136.44921875,0.0,0.0,3914.0,0.0,0,32,"[0.3996282600870456, 1.088483455377962, 0.04700883402018289, 1.6739425922491277e-05, 0.11817127947524067]"
710,1.4131339467761466,0.3346097511525125,1.3774203298438055,0.03571361693234126,0.8609896760462024,64.14773718123128,0.0008520011844752595,0.0006158119830665496,9.125,44.32002701651072,3.6162972974125296,44.535748318594415,44.535748318594415,344.46484375,129.0,1136.44921875,0.0,0.0,3914.0,0.0,0,32,"[0.39930632137824934, 1.0885995905060135, 0.04703782983289349, 0.0009558933726036173, 0.11817542761814592]"
711,1.3641017437575484,0.33298305195982664,1.3281429944954,0.03595874926214829,0.8609762069257587,61.84616617159237,0.000948517841286689,0.0007233621325331845,8.59375,37.23850172536913,2.5620806627557613,37.88722555327695,37.88722555327695,344.46484375,129.0,1136.44921875,0.0,0.0,3914.0,0.0,0,32,"[0.39895990569853174, 1.088730497078803, 0.04696485693264084, 2.986957407345031e-05, 0.11817923897364588]"
712,1.3971708403952212,0.3309586831253206,1.3619497521087562,0.03522108828646497,0.8609630050706041,63.93020718501867,0.000852101159635188,0.0005882029371752332,10.3125,42.156507035542745,3.235489748476539,42.36062693234999,42.36062693234999,344.46484375,129.0,1136.44921875,0.0,0.0,3914.0,0.0,0,32,"[0.39861597913624236, 1.0888542935864127, 0.046996434248026575, 0.0009601232861523652, 0.11818369416969833]"
713,1.3477452138219566,0.32941816061699036,1.312354065160423,0.035391148661533395,0.8609496867866877,63.04147975828182,0.0009103429141898989,0.0007386575610611925,10.40625,43.50149598758435,2.906542824348435,42.63319011806743,42.63319011806743,344.46484375,129.0,1136.44921875,0.0,0.0,3914.0,0.0,0,32,"[0.3982730315130624, 1.088983814055549, 0.04692108052236803, 3.280531287339647e-05, 0.1181875110130453]"
714,1.37892988108808,0.3278847638258302,1.3442787015991677,0.03465117948891212,0.8609369589093944,63.42078088812856,0.0009414590166740844,0.0006309798760560218,9.28125,38.2750596763799,4.358515434432775,40.76526114658918,40.76526114658918,344.46484375,129.0,1136.44921875,0.0,0.0,3914.0,0.0,0,32,"[0.3979409312646691, 1.0891031203487365, 0.04695096372502636, 0.0009679862692943608, 0.11819187064255324]"
715,1.3315198224306943,0.32545436705064107,1.2966955699056488,0.034824252525045556,0.8609237666387202,63.84550285998087,0.0009079304052534987,0.0007085990263545752,10.5,47.06859983707545,2.3777497917762958,44.85312886390602,44.85312886390602,344.46484375,129.0,1136.44921875,0.0,0.0,3914.0,0.0,0,32,"[0.39759998457027995, 1.0892315563675823, 0.04687806806923411, 3.95839767512678e-05, 0.11819573680543936]"
716,1.3632766393907558,0.3247499744149195,1.329189366655804,0.03408727273495177,0.8609114175549656,62.786858117993425,0.0008486371319222918,0.0006165327378759343,8.6875,37.23427009390434,3.8609277398791164,38.947029737755656,38.947029737755656,344.46484375,129.0,1136.44921875,0.0,0.0,3914.0,0.0,0,32,"[0.39727738216893627, 1.089347272441979, 0.04690553469898868, 0.0009786072278085902, 0.11820002621066372]"
717,1.316203463978369,0.3215890487022474,1.281907569485371,0.03429589449299803,0.8608983667000254,61.515335282053265,0.000992480444849786,0.0007411772937443864,9.65625,39.136255662015174,2.735091737122275,40.389172922004946,40.389172922004946,344.46484375,129.0,1136.44921875,0.0,0.0,3914.0,0.0,0,32,"[0.39693998984695017, 1.0894743800737086, 0.04682790521664851, 4.910793833715814e-05, 0.11820387398465344]"
718,1.3497459698643866,0.3224323640833824,1.3161405337126997,0.033605436151687006,0.8608857427930275,62.42614192177015,0.0009251993355785526,0.0006441857249690004,8.75,36.675271243439056,1.8111590397893451,35.22275634895777,35.22275634895777,344.46484375,129.0,1136.44921875,0.0,0.0,3914.0,0.0,0,32,"[0.39660963521472586, 1.089592792799527, 0.04685263774402241, 0.000985170378626025, 0.11820830718917662]"
719,1.3004984340346288,0.31796563351787216,1.266685506775561,0.033812927259067954,0.8608727855038885,62.35465396900293,0.000953395621414499,0.000726236851128202,10.6875,45.78933516313555,3.014237699972,45.519636187236756,45.519636187236756,344.46484375,129.0,1136.44921875,0.0,0.0,3914.0,0.0,0,32,"[0.3962742238028674, 1.0897190582860643, 0.04677285527482422, 5.5021975352962825e-05, 0.11821216946853608]"
720,1.3322315881315372,0.32006638667151605,1.2991649056218892,0.03306668250964785,0.8608605528120432,57.26556569695201,0.0009341812919021475,0.0006613615824672691,8.28125,37.592808112094644,4.25016375083942,38.07097623939626,38.07097623939626,344.46484375,129.0,1136.44921875,0.0,0.0,3914.0,0.0,0,32,"[0.3959536043454876, 1.0898337678030934, 0.046796084965900785, 0.000994961472273934, 0.11821652995393349]"
721,1.2867178066081713,0.31511337723932914,1.2534726522075186,0.033245154400652586,0.8608466656145503,63.54544976324757,0.0009887718158516634,0.0007285401773139474,8.125,39.80158384365495,2.259691907966044,38.445915444754064,38.445915444754064,344.46484375,129.0,1136.44921875,0.0,0.0,3914.0,0.0,0,32,"[0.3955929663687213, 1.0899689917379098, 0.04671402001261235, 7.577595013587377e-05, 0.11822077924801974]"
722,1.3182745362501251,0.3167598046923848,1.285693583362269,0.03258095288785616,0.860834874062903,52.148332437422035,0.0008245323277900063,0.0006227764115027538,8.15625,37.49380776571343,3.0251171701820567,38.67587287822971,38.67587287822971,344.46484375,129.0,1136.44921875,0.0,0.0,3914.0,0.0,0,32,"[0.395283702760686, 1.090079495467738, 0.04673444742983784, 0.001020079722851488, 0.11822502800072976]"
723,1.270672855963541,0.31189152004527054,1.2379702613773644,0.03270259458617667,0.8608198025682443,51.45103417476487,0.0009524319099520895,0.0007416808822755628,8.40625,35.85407930222573,2.409441993222572,36.250954057322815,36.250954057322815,344.46484375,129.0,1136.44921875,0.0,0.0,3914.0,0.0,0,32,"[0.3948912213357718, 1.0902261060735252, 0.04665000116509649, 0.00011603537396966004, 0.11823105336329728]"
724,1.300849697598456,0.31425141724542976,1.2688569511122627,0.03199274648619359,0.8608054307184309,51.768836777228266,0.0009940037773188415,0.0006285714063266639,7.90625,31.547303857223596,3.553008100425359,33.41446969716344,33.41446969716344,344.46484375,129.0,1136.44921875,0.0,0.0,3914.0,0.0,0,32,"[0.3945133374569559, 1.0903615011611736, 0.04666143461960973, 0.00103184883872491, 0.11823624164457344]"
725,1.2536672204978179,0.31082507917307894,1.2215463224172711,0.032120898080547106,0.8607905285296236,52.108709238375276,0.0008794049971747597,0.0007622300785297233,8.09375,34.51543361734366,3.034768749785144,35.29284093383467,35.29284093383467,344.46484375,129.0,1136.44921875,0.0,0.0,3914.0,0.0,0,32,"[0.3941247741522152, 1.0905065525289066, 0.046573129434803164, 0.00012623034821897207, 0.1182422418877174]"
726,1.284765076653539,0.3116010416508717,1.253337948704746,0.03142712794879314,0.8607766436812087,55.96817340906285,0.0009452840912320681,0.000599384912370286,7.625,32.672021829057485,3.7114135193405673,33.955017126572784,33.955017126572784,344.46484375,129.0,1136.44921875,0.0,0.0,3914.0,0.0,0,32,"[0.39375923234024557, 1.0906373172338066, 0.04658167640450488, 0.00104774037345245, 0.11824734074616584]"
727,1.2396255255177087,0.30744871695032605,1.2080162698987822,0.03160925561892618,0.8607631134782142,55.754585073707055,0.0009715504392093788,0.0007400367864949121,7.8125,32.615993470244575,2.4683369338163175,33.09615854959702,33.09615854959702,344.46484375,129.0,1136.44921875,0.0,0.0,3914.0,0.0,0,32,"[0.39340659722134547, 1.0907692815502479, 0.046490364042115026, 0.00012585894024579438, 0.11825286955147446]"
728,1.270595691214335,0.3094268093206295,1.2395947375963634,0.03100095361797178,0.8607503760399379,55.54849239536251,0.0009752254708972341,0.0006056049296812445,8.1875,31.39961433771532,3.899629293300677,33.799665099650156,33.799665099650156,344.46484375,129.0,1136.44921875,0.0,0.0,3914.0,0.0,0,32,"[0.39307083346297855, 1.090889056071021, 0.04649931413548959, 0.001060104124073253, 0.11825762297809964]"
729,1.224866683009136,0.304510622390349,1.1937141826016022,0.031152500407533704,0.8607369589942848,56.858621372996495,0.0009279603939849057,0.0007530619158468251,9.3125,37.386682590295095,1.656316155276727,37.19961481692735,37.19961481692735,344.46484375,129.0,1136.44921875,0.0,0.0,3909.0,0.0,0,32,"[0.3927207749410001, 1.0910199851610034, 0.04640528434463498, 0.00013736681027999283, 0.11826317750347008]"
730,1.2577078973951032,0.3061833579173935,1.227199486877005,0.030508410518097905,0.8607247179616457,56.31173243710853,0.0008133640234824213,0.0006204023218118741,8.0625,34.18299917393597,1.5734720072941855,33.19294065295253,33.19294065295253,344.46484375,129.0,1136.44921875,0.0,0.0,3914.0,0.0,0,32,"[0.39239780747984465, 1.091135021477305, 0.04641245851987047, 0.0010767206713015037, 0.11826781646458856]"
731,1.209785275615225,0.30236920176462473,1.1791431507714711,0.030642124843754028,0.8607116681244252,53.48421019106373,0.0008544938026568971,0.0007253690901097586,9.03125,35.24292021029396,3.4835326368920505,37.05587756849127,37.05587756849127,344.46484375,129.0,1136.44921875,0.0,0.0,3914.0,0.0,0,32,"[0.39205694249822376, 1.0912624882371427, 0.046316622693096415, 0.00015024962962961546, 0.11827331125221231]"
732,1.2411239774669245,0.3040699346607555,1.21112610363889,0.029997873828034417,0.8606988753964434,54.16453661116104,0.0008234771654551665,0.0005839724521937194,8.4375,37.83456832752563,3.4315669545321725,39.432162600860465,39.432162600860465,344.46484375,129.0,1136.44921875,0.0,0.0,3914.0,0.0,0,32,"[0.39171873712173966, 1.091382902515595, 0.04631940832244818, 0.0010835693457770792, 0.11827821763393119]"
733,1.195108990573205,0.29971993098364963,1.164984075780662,0.030124914792543145,0.8606851968185144,54.052763059936424,0.0008651322845336651,0.0007247947566420773,9.21875,41.23416897346033,3.3030074337148108,41.132063044642564,41.132063044642564,344.46484375,129.0,1136.44921875,0.0,0.0,3914.0,0.0,0,32,"[0.39135991707534595, 1.091516512075089, 0.04622432193796419, 0.00016469893301605907, 0.11828391008121103]"
734,1.2251569820873132,0.3015277278572011,1.1956538776545558,0.029503104432757082,0.8606727960902337,49.78550319557437,0.0009012058206812057,0.0005694345073717956,8.375,35.630712380225305,4.423039128596429,37.563587531622034,37.563587531622034,344.46484375,129.0,1136.44921875,0.0,0.0,3914.0,0.0,0,32,"[0.39103166895312064, 1.0916331980327743, 0.046225107830834083, 0.001102042531500191, 0.11828880071387428]"
735,1.1799620433534805,0.29804636975656534,1.1503969977782493,0.029565045575231364,0.8606581723955385,46.90831349122703,0.0009576576636960432,0.000729874926413712,9.4375,39.162761335319374,3.7470427487278357,40.80640757456422,40.80640757456422,344.46484375,129.0,1136.44921875,0.0,0.0,3914.0,0.0,0,32,"[0.39064691246236505, 1.091775944051077, 0.04612635232894505, 0.00019551289589388762, 0.11829491526162998]"
736,1.2103706035820436,0.2972912393620605,1.1814007904010921,0.028969813180951702,0.8606441223619493,53.815104624466485,0.0008222198624585619,0.0006145712540946027,8.53125,36.68598707008641,3.4365879255346954,38.00490289722802,38.00490289722802,344.46484375,129.0,1136.44921875,0.0,0.0,3914.0,0.0,0,32,"[0.39027422317490956, 1.0919086048442026, 0.046117321220211394, 0.0011138761487188811, 0.11830049951797747]"
737,1.1647365510612793,0.2942543887087673,1.1356121951153948,0.029124355945884604,0.8606307616007518,51.003245220627136,0.0009840957601336964,0.0007261118244208338,10.8125,46.68094642693177,4.808668862096965,49.64870956609957,49.64870956609957,344.46484375,129.0,1136.44921875,0.0,0.0,3914.0,0.0,0,32,"[0.38992265013207805, 1.0920392911351509, 0.046017516228101164, 0.00019228824178225523, 0.11830617245816775]"
738,1.1964454723319085,0.2950324267684029,1.16794885496297,0.02849661736893854,0.8606176042163636,58.17212626471377,0.0009420623454570176,0.000608883615494589,7.875,33.06777617399348,3.863708348944783,36.01573163905414,36.01573163905414,344.46484375,129.0,1136.44921875,0.0,0.0,3908.0,0.0,0,32,"[0.3895717877965485, 1.092163516398072, 0.04601859695608887, 0.0011204245264175602, 0.11831122960452724]"
739,1.1544091907030836,0.29093938111549295,1.1257687605410018,0.028640430162081676,0.8606053821317665,61.222391881782016,0.0008601294940722148,0.0007374287821481994,10.34375,44.627097668126225,2.951923568616621,44.708482892019674,44.708482892019674,344.46484375,129.0,1136.44921875,0.0,0.0,3914.0,0.0,0,32,"[0.389249058291531, 1.0922834152989576, 0.04592566041080595, 0.00018618399535530125, 0.11831645921531687]"
740,1.1839159260670629,0.29323290835828925,1.1558399704586781,0.028075955608384794,0.8605946550973289,58.20108437429291,0.0009382497425669545,0.0005814765620240249,8.5625,39.26161575509468,3.584463534934912,38.54036224947777,38.54036224947777,344.46484375,129.0,1136.44921875,0.0,0.0,3914.0,0.0,0,32,"[0.38896304951556615, 1.0923841905079017, 0.045931798526749515, 0.001139067789636365, 0.1183207177904954]"
741,1.1394771179225822,0.28729844323429765,1.1112567290026785,0.02822038891990361,0.8605826293953954,56.28273478506721,0.000995840376099233,0.000747665011530954,10.0,47.01656350516714,2.5482376804575324,43.85046053357655,43.85046053357655,344.46484375,129.0,1136.44921875,0.0,0.0,3914.0,0.0,0,32,"[0.3886452509399478, 1.0925022381666742, 0.045836496690511756, 0.00020314055801565992, 0.11832587460286084]"
742,1.1719103579177377,0.2912858835476991,1.1442472042058869,0.027663153711850803,0.860571171814716,58.14784774488779,0.0009662421106115815,0.0005742995496263623,8.53125,39.63902143732412,6.203000659297686,42.90481125644874,42.90481125644874,344.46484375,129.0,1136.44921875,0.0,0.0,3914.0,0.0,0,32,"[0.3883391858591507, 1.0926101215026796, 0.04583753550887932, 0.0011490068622478588, 0.11833047976340008]"
743,1.1290019845351482,0.2845478658178855,1.1011874929987278,0.027814491536420474,0.8605593172381062,60.21727915978503,0.0009109827661153425,0.0007619395989364435,8.96875,37.856734365050215,2.5864637646009214,37.4604998723953,37.4604998723953,344.46484375,129.0,1136.44921875,0.0,0.0,3914.0,0.0,0,32,"[0.38802566325178584, 1.0927265604724465, 0.04573979874057301, 0.0002116880000960457, 0.1183356193904505]"
744,1.1592952479018979,0.289019448602133,1.1320022005302297,0.02729304737166835,0.860548806269015,57.993264050259505,0.0009792564235311385,0.0005653281722898827,7.9375,32.777180000266526,2.233001621789299,32.39160106750205,32.39160106750205,344.46484375,129.0,1136.44921875,0.0,0.0,3914.0,0.0,0,32,"[0.38774471462302373, 1.0928253296630295, 0.045741998460949417, 0.0011663027413249833, 0.11833990565303712]"
745,1.1149917479346243,0.2821991053127297,1.0876431990032454,0.027348548931378704,0.8605371171864887,55.09514854082521,0.0009746236888816817,0.0007539473867290181,9.15625,38.4643605502788,2.3184601304819807,37.02044019883033,37.02044019883033,344.46484375,129.0,1136.44921875,0.0,0.0,3914.0,0.0,0,32,"[0.3874353101714605, 1.0929402129046621, 0.04564220485113718, 0.00022764108972299281, 0.11834503063081955]"
746,1.1467641147107823,0.28676868268116684,1.1198987800691973,0.026865334641585,0.8605258306117101,57.46726610685867,0.000983788966691268,0.0005916215553848196,6.71875,28.206289345689584,4.811143393453676,31.760522986587603,31.760522986587603,344.46484375,129.0,1136.44921875,0.0,0.0,3914.0,0.0,0,32,"[0.3871330255868538, 1.0930465304027601, 0.04563853133471181, 0.001174892892170531, 0.11834962927674117]"
747,1.1028318982154324,0.2799332744027813,1.0758909158246794,0.02694098239075288,0.8605142294381941,56.65856922758333,0.0009497715548680841,0.0007469437498648626,7.90625,39.1071452977485,3.256129290093668,37.66001055191737,37.66001055191737,344.46484375,129.0,1136.44921875,0.0,0.0,3914.0,0.0,0,32,"[0.38682558007403767, 1.0931606096423305, 0.04553631892241659, 0.00023575028895729425, 0.11835482324929511]"
748,1.135298882492414,0.2849385019668524,1.108805499575776,0.026493382916637918,0.8605034777087545,57.104734188718936,0.0009801332725851708,0.0005996467958645997,7.34375,28.926477192726452,4.122512582398485,31.880547998298425,31.880547998298425,344.46484375,129.0,1136.44921875,0.0,0.0,3914.0,0.0,0,32,"[0.3865373761121151, 1.093261789080693, 0.04553205146410436, 0.0011879389069174135, 0.11835927546352021]"
749,1.090642509373337,0.27796944648520044,1.0641253973154068,0.026517112057930035,0.860491985432666,55.32098888958957,0.0009234100180497418,0.0007601386655433592,7.90625,33.382765388523694,2.7797908769571222,33.62744173500687,33.62744173500687,344.46484375,129.0,1136.44921875,0.0,0.0,3914.0,0.0,0,32,"[0.3862325351181773, 1.0933748565149837, 0.045427639127808485, 0.00024806724945925635, 0.11836447693004927]"
750,1.1239234438507801,0.2820217825415658,1.0978276843036174,0.026095759547162582,0.8604811768403429,57.446383243099675,0.0009700251824893424,0.0005989404344516663,8.1875,33.348614706483204,2.0919835442327894,32.864242130017374,32.864242130017374,344.46484375,129.0,1136.44921875,0.0,0.0,3914.0,0.0,0,32,"[0.3859424115003057, 1.0934766274977235, 0.04542043746090399, 0.00119959155967287, 0.11836901306183645]"
751,1.0797986831217006,0.27561967771074747,1.0536605761382924,0.026138106983408245,0.8604699220930891,55.55519158639118,0.0009219511895546262,0.0007206629925645149,8.6875,36.66094441723544,3.033242253877688,36.361889411637094,36.361889411637094,344.46484375,129.0,1136.44921875,0.0,0.0,3914.0,0.0,0,32,"[0.38564458915472555, 1.0935873631295308, 0.04530800326557039, 0.0002581184975552639, 0.11837416042503711]"
752,1.1125539143416785,0.2801051882410666,1.0868320502905302,0.025721864051148357,0.8604593542533457,57.07490761932657,0.0009537186046935098,0.0005624530707687247,8.25,35.88558713090606,1.845419690653216,35.204451545723714,35.204451545723714,344.46484375,129.0,1136.44921875,0.0,0.0,3914.0,0.0,0,32,"[0.38536049704537323, 1.0936868515677376, 0.045300095706731776, 0.0012116962058496493, 0.11837871551275629]"
753,1.0694229434874778,0.27280149591925545,1.0436584547487042,0.025764488738773607,0.8604482066337047,46.805021093413934,0.0009828199994819098,0.0007308232817321583,8.6875,34.849523173761554,4.0703656486584805,36.65226512384834,36.65226512384834,344.46484375,129.0,1136.44921875,0.0,0.0,3914.0,0.0,0,32,"[0.38506515974147376, 1.093796597104046, 0.04518593749264192, 0.00026953209564603174, 0.11838386194703615]"
754,1.1000721835124896,0.27813921358543475,1.0747120967719084,0.025360086740581086,0.8604357824564647,54.047893461470274,0.0009473822836196799,0.00058957392763663,7.71875,33.599287635297514,2.584042595117353,33.120093336037826,33.120093336037826,344.46484375,129.0,1136.44921875,0.0,0.0,3913.0,0.0,0,32,"[0.3847307969319205, 1.0939140901994997, 0.04516463192017704, 0.0012043657704164659, 0.11838924313701163]"
755,1.059021167345844,0.26945848389028937,1.0336306369473,0.02539053039854399,0.8604242903392058,52.57154641318698,0.0009428416243755233,0.000677728465804346,8.8125,37.205660075414926,2.1620593179250136,35.547420317016076,35.547420317016076,344.46484375,129.0,1136.44921875,0.0,0.0,3914.0,0.0,0,32,"[0.38442601312284547, 1.094027177938534, 0.04504473755344984, 0.0002663285286894565, 0.1183946714853871]"
756,1.0886451705353792,0.27649778280766446,1.0636726567288897,0.024972513806489755,0.860413470301318,55.41121079097649,0.0009291480667190655,0.0005531030054810454,8.1875,40.54791745147668,3.0375665228348225,40.57745655882172,40.57745655882172,344.46484375,129.0,1136.44921875,0.0,0.0,3914.0,0.0,0,32,"[0.3841345975358096, 1.094129173699897, 0.04502977123966084, 0.0012173421887493128, 0.11839945145689447]"
757,1.0483020687036444,0.2671027613508219,1.0233389856987034,0.024963083004940753,0.8604024379316086,53.89080224979074,0.0007824571288825855,0.0006967364453052713,8.65625,34.36816767498385,2.8833649048465304,35.54366838943679,35.54366838943679,344.46484375,129.0,1136.44921875,0.0,0.0,3914.0,0.0,0,32,"[0.38384144810514587, 1.0942379049697661, 0.04491191011387769, 0.00027483386594646594, 0.11840471821402858]"
758,1.079509651305806,0.27368878410563446,1.0548604081621422,0.0246492431436639,0.8603922320799275,69.96684827390406,0.0009207862566826819,0.0006202323979328743,7.5,31.226029110257514,2.836611616658047,32.220670727838296,32.220670727838296,344.46484375,129.0,1136.44921875,0.0,0.0,3914.0,0.0,0,32,"[0.38356655909369336, 1.0943339633071358, 0.04489546821087843, 0.0012313468335568864, 0.11840934788175803]"
759,1.0396785164816098,0.2644449996075059,1.014967231197625,0.0247112852839847,0.8603836427314779,59.31886153544462,0.0009739298698152599,0.0006891791532036857,8.375,32.523479872907046,5.029896303312853,36.79109315271489,36.79109315271489,344.46484375,129.0,1136.44921875,0.0,0.0,3914.0,0.0,0,32,"[0.3833374641504099, 1.0944193130967157, 0.04479828564820757, 0.0002665830011453512, 0.11841349728701442]"
760,1.0707719467698702,0.27188991823119135,1.0463883215619254,0.024383625207944994,0.860374546807377,68.61108094120924,0.0009054801310410809,0.0006616262056670716,7.9375,30.639621072623413,3.48549476620974,32.96279698406579,32.96279698406579,344.46484375,129.0,1136.44921875,0.0,0.0,3914.0,0.0,0,32,"[0.38309239995594985, 1.0945046426824758, 0.044786831241446855, 0.0012322504037802703, 0.1184177004336583]"
761,1.0323363065566764,0.26257574146377777,1.007845677279979,0.02449062927669749,0.8603658969574469,63.47002351447061,0.0009852319198002668,0.000708465799397933,9.59375,39.429586206097156,1.403746849973686,37.62981868931092,37.62981868931092,344.46484375,129.0,1136.44921875,0.0,0.0,3916.0,0.0,0,32,"[0.3828614329321845, 1.0945906025277343, 0.0446878916611656, 0.0002681660943565458, 0.11842188883584397]"
762,1.0615452020694645,0.2709208408832902,1.0374671619392295,0.02407804013023495,0.8603575401952583,67.76487320464193,0.0009800049426447188,0.0006418469438517169,8.28125,33.92470951075666,2.179234732466284,33.814767717558425,33.814767717558425,344.46484375,129.0,1136.44921875,0.0,0.0,3908.0,0.0,0,32,"[0.38263619619816397, 1.0946687941049047, 0.04467969457110142, 0.001239285011163404, 0.11842580649352774]"
763,1.0241154562960664,0.2610489547520772,0.9999238442454284,0.02419161205063814,0.8603489049154437,62.49024107702504,0.0009898518596009875,0.0007289649710178286,9.09375,36.41066332056653,3.027854771062266,38.559978689590935,38.559978689590935,344.46484375,129.0,1136.44921875,0.0,0.0,3919.0,0.0,0,32,"[0.38240537938681723, 1.0947546382542523, 0.04457923828306522, 0.00027531143073575813, 0.11843003166263733]"
764,1.0534370855175306,0.26937845441901787,1.0296397372631634,0.02379734825436697,0.8603406436974073,67.37382166583863,0.0009179352427683973,0.0006342479238317733,8.34375,33.57410841999808,2.8573191084433347,35.2254342433298,35.2254342433298,344.46484375,129.0,1136.44921875,0.0,0.0,3915.0,0.0,0,32,"[0.3821828007884093, 1.094831902074916, 0.0445676661280315, 0.0012470827153832377, 0.11843399715248142]"
765,1.0163845443115116,0.259582017246726,0.9924746855089093,0.023909858802602352,0.8603320637288048,62.89160850641016,0.0009961672663001409,0.000732679439697259,10.0625,37.929972844722215,3.4253358317073435,39.64021714637056,39.64021714637056,344.46484375,129.0,1136.44921875,0.0,0.0,3915.0,0.0,0,32,"[0.38195318361629327, 1.0949172422347835, 0.04446640289725622, 0.000282862384843285, 0.11843823078562207]"
766,1.0439654157548959,0.26880582275203135,1.020424459299798,0.023540956455097895,0.8603239718684655,66.85280827212533,0.0008883946327138403,0.0006256589958793617,8.65625,38.12631333130412,3.12209617550252,39.073149251635186,39.073149251635186,344.46484375,129.0,1136.44921875,0.0,0.0,3915.0,0.0,0,32,"[0.381734924169917, 1.094992893152321, 0.044454733988945436, 0.0012557386223552482, 0.11844215708243591]"
767,1.0091045427135463,0.2578534475447324,0.9854550527513719,0.023649489962174558,0.8603154595558087,65.18024921220128,0.0009981836125050325,0.0007173049938010358,9.21875,40.57709555490874,4.657867328205612,41.9862212438602,41.9862212438602,344.46484375,129.0,1136.44921875,0.0,0.0,3914.0,0.0,0,32,"[0.3815069698959611, 1.0950775994204374, 0.044352068073928747, 0.00029121627586542746, 0.11844640562837594]"
768,1.0373425827813376,0.2671112885291424,1.0140670640826297,0.02327551869870818,0.8603077788146175,67.52183578981904,0.0009600328044572226,0.0006544909231047992,8.84375,38.18154150940245,4.151364097197074,40.03453406767221,40.03453406767221,344.46484375,129.0,1136.44921875,0.0,0.0,3914.0,0.0,0,32,"[0.38129974288866925, 1.0951492819017965, 0.044341471135724286, 0.0012668147411098204, 0.11845013776295678]"
769,1.0014430659689495,0.25678274740587403,0.9780728692849125,0.02337019668403688,0.860299431758427,64.88861898653144,0.000790361385012428,0.000700204678296637,9.34375,35.09402935014805,1.828395041229669,36.29688963701483,36.29688963701483,344.46484375,129.0,1136.45703125,0.0,0.0,3914.0,0.0,0,32,"[0.38107596443364583, 1.0952324228204817, 0.044239050950546345, 0.0003011526030188646, 0.11845432481839256]"
770,1.029689541284561,0.2660308541035345,1.0066409992782654,0.023048542006295452,0.8602918260195984,67.16876146259773,0.0008905973066577477,0.0005765047094113327,8.28125,34.06834281486226,3.537403616064694,34.869601389800664,34.869601389800664,344.46484375,129.0,1136.45703125,0.0,0.0,3914.0,0.0,0,32,"[0.38087050360279584, 1.09530340552551, 0.044227825256330296, 0.0012771686632231391, 0.11845805799211191]"
771,0.9933051670870399,0.2557051644633387,0.9701754168632634,0.02312975022377646,0.8602835417396664,63.905454064791485,0.0009200826460198375,0.0007233406850819384,8.96875,37.4922210467048,2.6097411900991574,39.29865536338184,39.29865536338184,344.46484375,129.0,1136.46875,0.0,0.0,3914.0,0.0,0,32,"[0.380648192505001, 1.0953859648040227, 0.044124698901314686, 0.0003111929158828981, 0.11846224747661152]"
772,1.0221896947143803,0.2653058657202925,0.9993513029993838,0.022838391714996586,0.8602759325468912,66.82282656968032,0.0009767586581559407,0.0005906780912146746,8.78125,36.1956423803349,2.6219029969070107,36.073369774385355,36.073369774385355,344.46484375,129.0,1136.46875,0.0,0.0,3914.0,0.0,0,32,"[0.380442397275798, 1.0954570057326327, 0.04411205672851295, 0.00128711680749271, 0.11846602151311446]"
773,0.9862324930153621,0.2545872668400964,0.9633880514073596,0.022844441608002558,0.8602677079371518,53.76627858327486,0.0009284067578481103,0.000738693905494842,8.1875,34.14607861486729,3.5785727741313167,35.87620808684733,35.87620808684733,344.46484375,129.0,1136.46875,0.0,0.0,3914.0,0.0,0,32,"[0.3802214257442262, 1.0955390174085582, 0.044008609408406195, 0.00032082132666810554, 0.11847018840013132]"
774,1.0135093537870927,0.263468263668587,0.9909503819900015,0.02255897179709123,0.8602587027232297,69.39222483444718,0.0009153082748980523,0.0008053063460685717,8.5625,32.417989714303985,2.8046820298186503,33.99527735746233,33.99527735746233,344.46484375,129.0,1136.46875,0.0,0.0,3914.0,0.0,0,32,"[0.3799776811479573, 1.0956236069295828, 0.04398213057772145, 0.0012865915360773892, 0.11847465593476361]"
775,0.979788410633023,0.25198477295474114,0.957151490591285,0.022636920041738003,0.860250971947259,58.735118144696656,0.0006636082587114789,0.0007191787536940361,8.59375,35.09994271735195,2.447170118102804,35.997051920276135,35.997051920276135,344.46484375,129.0,1136.46875,0.0,0.0,3914.0,0.0,0,32,"[0.37977048517383843, 1.0957008204175853, 0.04387632407399711, 0.0003171089284540209, 0.11847870103857372]"
776,1.0056529451021072,0.2630575467256389,0.9833385139235933,0.02231443117851375,0.860242860409841,67.2401680126434,0.0009363535952302549,0.0008399193973320634,8.03125,33.77092126902426,2.7091913361800835,34.39649735810235,34.39649735810235,344.46484375,129.0,1136.46875,0.0,0.0,3914.0,0.0,0,32,"[0.3795506346874024, 1.0957767781424765, 0.04385677561831362, 0.0012894758305794095, 0.11848278186871747]"
777,0.9729564721847508,0.24976642727668627,0.9505421257525952,0.022414346432155577,0.8602349932164869,61.03754327601709,0.0006600714885929282,0.0007315168210327655,8.125,37.87784829182783,2.958751894766465,37.90375880635111,37.90375880635111,344.46484375,129.0,1136.46875,0.0,0.0,3943.0,0.0,0,32,"[0.379340117357513, 1.0958552814809746, 0.04374458404438238, 0.0003215319117051823, 0.11848694123334903]"
778,0.9989825421876242,0.261721778683709,0.9768542981952884,0.02212824399233585,0.8602273122954887,66.4776581193216,0.0009548736851114903,0.000868758453313317,7.90625,38.22386552201351,4.106759042770136,39.218543031893205,39.218543031893205,344.46484375,129.0,1136.46875,0.0,0.0,3965.0,0.0,0,32,"[0.37913174617705186, 1.0959270858767374, 0.043727368913077526, 0.0012967826040638686, 0.11849085354857561]"
779,0.9672526899752578,0.24860748143005276,0.9450082354837287,0.022244454491529113,0.8602194417771334,63.415915911690654,0.0007687723895206666,0.0008900075105635259,10.09375,50.701731772278436,4.902511449472513,52.58314058301039,52.58314058301039,344.46484375,129.0,1136.46875,0.0,0.0,3849.0,0.0,0,32,"[0.37892088932474277, 1.0960056483735519, 0.04361450462433923, 0.00032899573246873573, 0.11849504227442996]"
780,0.992578166460782,0.2604659711166195,0.9706713083686808,0.021906858092101227,0.8602122353571197,66.85365605656116,0.0009597904306763994,0.0009350624994529372,7.875,43.19872687483439,4.071829011081718,44.81008904258488,44.81008904258488,344.46484375,129.0,1136.46875,0.0,0.0,3905.0,0.0,0,32,"[0.37872549189578475, 1.0960728491932688, 0.04359855133106504, 0.0013072773473378212, 0.11849884609208997]"
781,0.9611166041240439,0.24651541480939237,0.939067963967997,0.022048640156046753,0.8602044905947915,64.14885145866549,0.0007937746582369343,0.0009040987112232633,9.375,46.50342779495986,5.034167341364082,49.32730476866709,49.32730476866709,344.46484375,129.0,1139.0703125,0.081298828125,0.081298828125,3955.0,0.0,0,32,"[0.3785178140169808, 1.0961502208657832, 0.04348581997385253, 0.0003386917856956955, 0.1185029902237551]"
782,0.9860273128796928,0.2596625825671989,0.9643191489452697,0.021708163934423163,0.8601974689937831,66.4188927588181,0.0009536760895385576,0.0009328962059729706,8.78125,43.33662538556382,1.5057979762787,40.658878184331115,40.658878184331115,344.46484375,129.0,1139.0703125,0.0,0.0,3922.0,0.0,0,32,"[0.3783279801331723, 1.096215589527568, 0.04346579002433586, 0.0013181175471324194, 0.11850673369421554]"
783,0.9544991108683394,0.24641162623735194,0.9326331817204814,0.021865929147858048,0.8601897604443246,62.492332224629315,0.0008200849334103477,0.0009372418743536705,10.125,50.458862860978115,4.955988362780772,51.376610426814295,51.376610426814295,344.46484375,129.0,1139.08203125,0.0003662109375,0.0003662109375,3921.0,0.0,0,32,"[0.3781209459914452, 1.0962926441554572, 0.0433531719173971, 0.00034935576872006664, 0.11851088425526485]"
784,0.9797208496734637,0.2590435779240185,0.958203032029703,0.021517817643760616,0.8601826331874265,66.3029105297296,0.0009619010087555946,0.0009819299887735596,8.8125,48.09208703227341,4.745559177536052,47.153337523923256,47.153337523923256,344.46484375,129.0,1139.08203125,0.0,0.0,3921.0,0.0,0,32,"[0.3779279341287423, 1.0963590684303766, 0.0433316707038172, 0.001328057617649145, 0.11851470855582952]"
785,0.9489890337108994,0.24492914029492935,0.9273310188491795,0.021658014861719817,0.8601749921081905,63.79108290295253,0.0009265766671673337,0.0009593773721643525,10.125,45.743443341052625,3.515819778840523,46.27648938912898,46.27648938912898,344.46484375,129.0,1145.66015625,0.0,0.0,3921.0,0.0,0,32,"[0.37772246564600753, 1.096435498217991, 0.04321906546279363, 0.00035891152874946224, 0.11851884476573257]"
786,0.9731980012290632,0.25846089618694096,0.9518785248135195,0.021319476415543707,0.860168103319012,80.45033556344902,0.0009701002496917965,0.00103661298017855,8.875,38.61067641264526,3.479900289676152,40.88562622200698,40.88562622200698,344.46484375,129.0,1145.66015625,0.0,0.0,3920.0,0.0,0,32,"[0.37753575147408525, 1.0964996297161624, 0.04319880320176616, 0.001339013824301522, 0.11852257303306364]"
787,0.9440070976426785,0.24345692693264473,0.9225197646428757,0.021487332999803023,0.8601619551618651,67.44276795367414,0.000933022725136734,0.000991792635899247,9.46875,45.93729675980285,1.5555210993625224,44.01103234704351,44.01103234704351,344.46484375,129.0,1151.67578125,0.0,0.0,3920.0,0.0,0,32,"[0.37737001985918234, 1.0965616966936926, 0.043102506823854185, 0.0003595260872352043, 0.11852596459017889]"
788,0.9673202358597489,0.2573794189866538,0.9461853098134914,0.02113492604625758,0.8601555350132282,79.33888458144284,0.0009795479058229972,0.001069677082036331,8.75,41.08485954202479,2.1118211225257255,40.56970257079229,40.56970257079229,344.46484375,129.0,1151.67578125,0.0,0.0,3920.0,0.0,0,32,"[0.37719593404093044, 1.0966212946939855, 0.043085894038401844, 0.001342304731030202, 0.1185294801135586]"
789,0.9390912405557047,0.24241107909911813,0.9177553346265521,0.0213359059291525,0.8601493656167611,69.12083788485363,0.0009389730666089502,0.0010257750746710485,9.46875,45.139256995753385,1.7708317391225137,41.496866186207626,41.496866186207626,344.46484375,129.0,1151.67578125,0.0,0.0,3920.0,0.0,0,32,"[0.37702942249943905, 1.0966835871272005, 0.042988863728510976, 0.0003630361535384933, 0.11853290522876532]"
790,0.9621349480536208,0.2562909971956219,0.9411777405083609,0.02095720754525976,0.8601431771203261,83.45307240492751,0.0009883042603875403,0.0011042359932318163,10.28125,45.50028344237944,5.037332848587539,46.82839208544465,46.82839208544465,344.46484375,129.0,1151.67578125,0.0,0.0,3920.0,0.0,0,32,"[0.3768614706253136, 1.096740954814943, 0.04297390294031231, 0.0013470410343804334, 0.11853632366065246]"
791,0.9340531272364136,0.24134933353792465,0.9128817724462726,0.021171354790141147,0.8601373744364098,69.35966901561706,0.0008671335266010605,0.001056203682413769,10.34375,48.14623334823409,4.115243144042324,48.69858665915672,48.69858665915672,344.46484375,129.0,1151.67578125,0.0,0.0,3920.0,0.0,0,32,"[0.3767050743914498, 1.0967996898074144, 0.04287752004687835, 0.0003658222821991482, 0.11853956663979213]"
792,0.9570675981638874,0.25551313119636726,0.9362228633511895,0.02084473481269782,0.8601312729426679,82.38055737157852,0.0009546640274722407,0.0011407246257077867,9.46875,45.024510436633136,5.111628022859804,47.84613426454598,47.84613426454598,344.46484375,129.0,1151.67578125,0.0,0.0,3920.0,0.0,0,32,"[0.37653930456309925, 1.0968562314532926, 0.04286287398899693, 0.0013502497184387202, 0.11854296105540506]"
793,0.9284067651808106,0.24035215737570967,0.9073913179632052,0.021015447217605385,0.860125453620934,69.95825581903527,0.0008855482417580163,0.0011076043837397413,10.8125,48.659446845704224,4.660895276174415,50.69979314430384,50.69979314430384,344.46484375,129.0,1151.67578125,0.0,0.0,3972.0,0.0,0,32,"[0.3763823353869998, 1.0969151411197684, 0.04276566556200313, 0.000369214477019436, 0.11854623302196247]"
794,0.9519281289712456,0.25466882759109466,0.9312197835843704,0.020708345386875195,0.8601194834719041,81.28042060129746,0.000962148871640256,0.0011807852254031859,9.5625,44.66975837567588,4.972577313310467,48.47038912703283,48.47038912703283,344.46484375,129.0,1151.67578125,0.0,0.0,3965.0,0.0,0,32,"[0.37621994669481, 1.096970426611596, 0.042751788304746526, 0.0013542878777759166, 0.11854958621378163]"
795,0.9239380964596173,0.23925173851001932,0.9030728773325766,0.02086521912704073,0.8601136418611134,70.89446996263882,0.0009816637703337072,0.0011208495046379332,10.375,50.28067993407603,2.868508468964137,50.61248530546436,50.61248530546436,344.46484375,129.0,1151.67578125,0.0,0.0,3988.0,0.0,0,32,"[0.37606218425693944, 1.0970295709009892, 0.042654064935994926, 0.00037344527831901413, 0.11855288841301455]"
796,0.9466381413166742,0.2538816704151756,0.9260751807937508,0.02056296052292335,0.8601078166624652,85.88015828955078,0.0009621520190503663,0.0012556770129791084,9.59375,45.01844343758421,5.291560424666386,49.49650480557466,49.49650480557466,344.46484375,129.0,1151.734375,0.0018310546875,0.0018310546875,3973.0,0.0,0,32,"[0.3759035159414888, 1.0970834707332455, 0.04264137680398301, 0.0013592177266211435, 0.11855618465773825]"
797,0.9190586458881844,0.2382816159319059,0.8983401368757606,0.020718509012423753,0.8601023017181775,71.92739988178539,0.0008475903468296853,0.0011468333925638797,10.625,48.24560044653481,4.1969490484916605,51.113878027535975,51.113878027535975,344.46484375,129.0,1151.734375,0.0,0.0,3973.0,0.0,0,32,"[0.3757546500473922, 1.0971394557885286, 0.04254541803181263, 0.0003766258229058396, 0.11855929656334047]"
798,0.941608278244001,0.253338801849517,0.9211912859693081,0.020416992274692874,0.8600966314882884,85.38786912841967,0.0009860041580069812,0.0013051145205029118,9.875,50.789258086297195,1.707677227386739,46.49953662737971,46.49953662737971,344.46484375,129.0,1151.734375,0.0,0.0,3969.0,0.0,0,32,"[0.3756000890263596, 1.097191863074376, 0.04253348076331443, 0.0013631405916852853, 0.11856253381036591]"
799,0.9154476276345886,0.23755349348188315,0.8948372736167465,0.02061035401784223,0.8600911351962447,73.83999699129652,0.0008492402809809896,0.0011843530509150178,10.875,50.50862728967331,5.87439722585259,54.25870927865617,54.25870927865617,344.46484375,129.0,1151.734375,0.0,0.0,4056.0,38.0,0,32,"[0.37545159694802327, 1.097247681459672, 0.04243712791917317, 0.00038052121764829477, 0.11856564921199846]"
800,0.9366308559106992,0.2534303211729255,0.9163395642003553,0.020291291710343873,0.8600856704058862,83.99422187116352,0.0009576625787746096,0.0009557728239787327,9.625,48.1744271091884,3.4700329779298045,47.062106954399496,47.062106954399496,344.46484375,129.0,1151.734375,0.0,0.0,3969.0,0.0,0,32,"[0.3753025653727404, 1.097298104167167, 0.04242689020109517, 0.0013680091743439018, 0.11856879001560598]"
