epoch,loss,loss_std,loss_u,loss_x,theta_rel_error,grad_norm,constraint_violation_inf,solve_convergence_error,sqp_num_iter,forward_time_ms,backward_time_ms,value_grad_time_ms,total_sample_time_ms,build_rss_delta_mb,build_gpu_used_delta_mb,rss_mb,rss_delta_mb,rss_peak_delta_mb,gpu_used_mb,gpu_used_delta_mb,nonfinite_sample_grad_count,finite_grad_sample_count,theta
0,22.473671033467998,4.6894465914352175,19.707799828259503,2.765871205208496,0.8788834949472446,42.98086561607158,0.00022143880259939408,0.0005395869220833702,10.34375,15.06686928041745,3.369420286617242,18.325604454730637,18.325604454730637,244.8984375,,846.96875,0.0379638671875,0.0379638671875,,,0,32,"[0.5118216247002567, 0.9504636963259353, 0.14415961271963373, 0.4, 0.06349896734588635]"
1,22.43349395125768,4.693149049617003,19.678460192268833,2.755033758988846,0.8788710300930876,42.8873602689632,0.0009843032238347899,0.0004115196967528324,6.28125,6.743752361217048,4.8827534628799185,11.626505824096967,11.626505824096967,244.8984375,,847.4765625,0.015869140625,0.015869140625,,,0,32,"[0.5123474888288518, 0.950500046823777, 0.1436271546160166, 0.3994326584666303, 0.06384066532944749]"
2,22.39343586950423,4.6959857797386055,19.64929030285771,2.7441455666465204,0.8788585801350702,42.79833689121917,0.0008956054633138949,0.00042863789011123043,6.28125,7.319912598177325,5.0353039769106545,12.309550045756623,12.309550045756623,244.8984375,,847.4765625,0.0,0.0,,,0,32,"[0.5128721500801914, 0.9505364238017523, 0.14309456570354784, 0.39886463729167204, 0.06418287620293132]"
3,22.353361641322337,4.700382895323131,19.62003732763481,2.73332431368753,0.8788461426986759,42.70947487430297,0.0009892541809695121,0.0004336046136404145,6.21875,7.087720834533684,4.057590813317802,11.145311647851486,11.145311647851486,244.8984375,,847.4765625,0.0,0.0,,,0,32,"[0.5133956879706097, 0.9505728411927566, 0.1425615659475337, 0.39829589806872845, 0.06452497093732974]"
4,22.311107791739218,4.705014032762742,19.589478674625074,2.721629117114145,0.8788337197712877,42.62517962417909,0.0009634800241079544,0.000465505413393118,5.90625,6.448697065934539,4.1799954560701735,10.584724303043913,10.584724303043913,244.8984375,,847.4765625,0.0,0.0,,,0,32,"[0.5139180341069503, 0.9506092883060647, 0.14202829739097825, 0.3977265049226434, 0.06486737744071763]"
5,22.26743783195245,4.70927736360029,19.55819332955948,2.709244502392969,0.8788213004472304,42.49106014385994,0.0009973607134499685,0.00047224228500948064,6.3125,6.879049542476423,2.829766512149945,9.708816054626368,9.708816054626368,244.8984375,,847.4765625,0.0,0.0,,,0,32,"[0.5144392561872775, 0.9506458457276529, 0.1414941138376939, 0.39715640370931327, 0.06520887946979832]"
6,22.225378636668893,4.7138437949636245,19.527829816643617,2.6975488200252773,0.8788088823198177,42.37667699148357,0.0009914191984485288,0.00045162740415795213,6.65625,6.7617113891174085,2.3950731701916084,9.156784559309017,9.156784559309017,244.8984375,,847.4765625,0.0,0.0,,,0,32,"[0.51495985787745, 0.9506824930484824, 0.14095914671358428, 0.39658494850181875, 0.0655478189570446]"
7,22.183372887381054,4.718349534964385,19.497486260837817,2.685886626543236,0.8787964711398273,42.26172302014544,0.000999603750877598,0.0004895514498392089,6.875,6.997262047661934,3.179019629897084,10.11156586901052,10.11156586901052,244.8984375,,847.4765625,0.0,0.0,,,0,32,"[0.5154795990289679, 0.9507192037358659, 0.14042360664097628, 0.3960124308780824, 0.06588537171142966]"
8,22.141552960728845,4.722825395014512,19.467315951382233,2.6742370093466117,0.8787840664797218,42.15825330489092,0.0009951061866920186,0.00046761065387305274,7.65625,7.347432263486553,3.068494304898195,10.40520556125557,10.40520556125557,244.8984375,,847.4765625,0.0,0.0,,,0,32,"[0.5159985116571384, 0.9507559786765517, 0.13988747340587407, 0.3954388099234449, 0.06622137385827148]"
9,22.09894625762848,4.728208106525442,19.4366636365163,2.6622826211121806,0.878771664469806,42.0359281202016,0.0009968795389769802,0.0004519703964174102,8.46875,7.372557316557504,3.5267321800347418,10.899289496592246,10.899289496592246,244.8984375,,847.4765625,0.0,0.0,,,0,32,"[0.516516572838992, 0.9507928504346703, 0.13935046716362354, 0.3948641333643971, 0.06655547598872652]"
10,22.057694257458422,4.732137094584415,19.406811151978108,2.650883105480313,0.8787592678378828,42.014475021341084,0.0009981594338051014,0.0004455155947294076,8.4375,7.461910943675321,3.7043684133095667,11.166279356984887,11.166279356984887,244.8984375,,847.4765625,0.0,0.0,,,0,32,"[0.5170338592244046, 0.9508297910763042, 0.1388128374853006, 0.3942882750023048, 0.06688772839316802]"
11,22.01529364337721,4.7374829711237085,19.37637729694086,2.638916346436352,0.878746867072209,41.88856386548375,0.001084321238758429,0.00040464337151593704,8.46875,8.005582283658441,2.989263717608992,10.865013777220156,10.865013777220156,244.8984375,,847.4765625,0.0,0.0,,,0,32,"[0.5175472489518245, 0.9508670988410798, 0.1382749524438178, 0.39371447425386963, 0.06722900760687946]"
12,21.973983527145442,4.741753379467877,19.34659282402798,2.627390703117462,0.8787344700200752,41.77379674784457,0.0011694391359782785,0.00046741748250276455,8.5625,7.442921902111266,2.7786274804384448,10.176726078498177,10.176726078498177,244.8984375,,847.4765625,0.0,0.0,,,0,32,"[0.5180599294841716, 0.9509044833202119, 0.13773639841290114, 0.39313941091211113, 0.06756815769345066]"
13,21.934333432313835,4.746174433182474,19.31771884221455,2.6166145900992897,0.8787220794566037,41.83080587537295,0.0012543392255918717,0.00045492435358945096,8.1875,7.149222125008237,3.1586727636749856,10.307894888683222,10.307894888683222,244.8984375,,847.4765625,0.0,0.0,,,0,32,"[0.5185717442335717, 0.9509419349225066, 0.1371972797989472, 0.3925632745620576, 0.0679058869726336]"
14,21.892934831066615,4.7510096130673,19.287926777878972,2.605008053187645,0.8787097605598928,41.70881771998936,0.0013506334648762108,0.00047451207617024726,8.40625,7.215659476059955,2.4401839982601814,9.655843474320136,9.655843474320136,244.8984375,,847.4765625,0.0,0.0,,,0,32,"[0.5190772101076597, 0.9509793457833983, 0.1366629029551902, 0.3919917090198317, 0.06826763121573377]"
15,21.84950014889686,4.756153534149163,19.25704388409339,2.592456264803464,0.8786974459177738,41.55558685910399,0.0014462892972555708,0.0004871570512079049,8.625,7.603865888086148,3.7975620580255054,11.401427946111653,11.401427946111653,244.8984375,,847.4765625,0.0,0.0,,,0,32,"[0.5195819531212894, 0.9510168309202077, 0.13612785533187602, 0.3914189391741167, 0.06862747576458206]"
16,21.8087996634326,4.760719467859476,19.22772843739991,2.581071226032684,0.8786851258207926,41.436825897315984,0.0015401626796424928,0.0004963776153896358,8.84375,8.22782489558449,3.2099679447128437,11.3922781747533,11.3922781747533,244.8984375,,847.4765625,0.0,0.0,,,0,32,"[0.5200863872091749, 0.9510544327703516, 0.13559176674218384, 0.3908444348161545, 0.06898340569944172]"
17,21.767742527344815,4.765602634818907,19.198237945634368,2.5695045817104463,0.8786728119582684,41.312238041239205,0.0016333535200782068,0.00046252558164483395,9.4375,7.943243523186538,3.178564307745546,11.121807830932084,11.121807830932084,244.8984375,,847.4765625,0.0,0.0,,,0,32,"[0.52059001010445, 0.9510920993628532, 0.1350551860797251, 0.3902687878601312, 0.06933788698506956]"
18,21.726846918682245,4.770541222260474,19.168833649411,2.5580132692712434,0.8786605027010221,41.474744684603344,0.001725906802815591,0.00047683128950960074,9.5,8.054124133195728,3.194770877598785,11.248895010794513,11.248895010794513,244.8984375,,847.4765625,0.0,0.0,,,0,32,"[0.5210928963242727, 0.9511298375499074, 0.13451804300099396, 0.38969190501282164, 0.06969054088424208]"
19,21.68609313290843,4.775207170086946,19.139469809709453,2.546623323198979,0.878648246135778,41.35257765432171,0.0018264102804422255,0.00045974574776393894,8.65625,8.113033363770228,2.687028347281739,10.726853244705126,10.726853244705126,244.8984375,,847.4765625,0.0,0.0,,,0,32,"[0.5215905944064853, 0.9511676161971181, 0.1339829988139642, 0.3891188886244242, 0.07005966055227726]"
20,21.645517769805906,4.780022716006477,19.110241514969097,2.5352762548368086,0.8786359918980676,41.22888296393324,0.0019259245113852352,0.00046929477765953864,8.375,7.864303610404022,3.01976858463604,10.862135539355222,10.862135539355222,244.8984375,,847.4765625,0.0,0.0,,,0,32,"[0.5220876747836698, 0.9512054762403394, 0.13344713754657833, 0.3885445631935354, 0.0704263766785867]"
21,21.60592751789348,4.784108197547599,19.08163703909007,2.52429047880341,0.8786237411827924,41.11492520208703,0.002024452416404615,0.00047147570759762194,8.90625,8.494778106978629,2.539264336519409,10.836282788659446,10.836282788659446,244.8984375,,847.4765625,0.0,0.0,,,0,32,"[0.5225840943797053, 0.9512434109820852, 0.1329106110169013, 0.3879689436306545, 0.07079097226526063]"
22,21.56549695905157,4.789004093038894,19.052527028538403,2.512969930513165,0.8786114972461438,41.03931181682121,0.0021224738345897165,0.0005006171652424372,9.4375,8.821718700346537,3.1514098882325925,11.97312858857913,11.97312858857913,244.8984375,,847.4765625,0.0,0.0,,,0,32,"[0.5230797178714173, 0.9512814053445363, 0.13237358388064266, 0.3873921775378254, 0.07115409278515687]"
23,21.525218199884225,4.793809990850898,19.02350777087004,2.501710429014186,0.8785992496502673,40.91633734094455,0.0022183342429827335,0.0004916446688332573,10.46875,9.699014277430251,3.838925804302562,13.507377676432952,13.507377676432952,244.8984375,,847.4765625,0.0,0.0,,,0,32,"[0.5235751626318603, 0.9513194999803144, 0.13183454168953468, 0.38681385559658515, 0.07151194825397084]"
24,21.484625748198646,4.798789873276639,18.99428246982452,2.490343278374125,0.878587006372729,40.78937167940366,0.0023132129739392715,0.0005224547328747663,9.1875,8.156812109518796,2.682737016584724,10.83954912610352,10.83954912610352,244.8984375,,847.4765625,0.0,0.0,,,0,32,"[0.5240699017728777, 0.9513576659781436, 0.13129491209451694, 0.3862342589801449, 0.07186781929992299]"
25,21.44365130145671,4.802974692554182,18.9647974949198,2.478853806536906,0.8785747657360872,40.72475751194584,0.0006264014637307191,0.00047232165754852913,8.34375,8.169452339643613,2.7615016733761877,10.9309540130198,10.9309540130198,244.8984375,,847.4765625,0.0,0.0,,,0,32,"[0.5245640148680407, 0.9513959098791978, 0.13075460851945167, 0.38565328244353814, 0.07222127080141172]"
26,21.40322518612514,4.8074743553162875,18.935723604668492,2.467501581456645,0.878562523087636,40.592422194458585,0.0005989368068533285,0.00042601323108306603,7.96875,9.151087921054568,2.9430906724883243,11.936678325582761,11.936678325582761,244.8984375,,847.4765625,0.0,0.0,,,0,32,"[0.5250577555175204, 0.9514342578289712, 0.13021217398024376, 0.3850710133148691, 0.07256980636383376]"
27,21.362794374023288,4.812437481352406,18.906543061343378,2.4562513126799077,0.8785502829784704,40.46437837988872,0.0005733186514775557,0.0004024918871031718,7.625,8.248412457760423,4.000048305897508,12.242682292708196,12.242682292708196,244.8984375,,847.4765625,0.0,0.0,,,0,32,"[0.525550838000302, 0.9514726866856601, 0.12966911177763904, 0.3844873774260998, 0.07291599342539175]"
28,21.323345405299516,4.8166024591825325,18.87807780959419,2.4452675957053245,0.8785380445415507,40.56340894985489,0.0005859665610151998,0.0004141630319249545,8.21875,8.789519502897747,3.452610209933482,12.069631207850762,12.069631207850762,244.8984375,,847.4765625,0.0,0.0,,,0,32,"[0.5260433729911287, 0.951511194575745, 0.1291253293218884, 0.38390224315127086, 0.07325927894278332]"
29,21.28326116355251,4.821159925820838,18.8490884932541,2.4341726702984072,0.8785257908860088,40.52271600008255,0.0006302005062948646,0.0004641164901240286,8.15625,8.619708547485061,3.788636160606984,12.408344708092045,12.408344708092045,244.8984375,,847.4765625,0.0,0.0,,,0,32,"[0.526533881172516, 0.9515500525306626, 0.12857660722235634, 0.3833183832059227, 0.07359972483427706]"
30,21.243645008262508,4.825438922490532,18.820368095518116,2.423276912744389,0.8785135357441087,40.40666733020269,0.0007080804664881535,0.00049026628037762,8.03125,8.896951876522508,4.424761493282858,13.219334650784731,13.219334650784731,244.8984375,,847.4765625,0.0,0.0,,,0,32,"[0.527023782362318, 0.9515890316979155, 0.12802536836293532, 0.3827335946684087, 0.07393533701374526]"
31,21.2035940414222,4.829920330633371,18.791368039168063,2.412226002254136,0.8785012869860944,40.396275883474765,0.0006626555002901824,0.0005001388173789371,7.5625,7.987360753759276,3.8259609646047466,11.805228219600394,11.805228219600394,244.8984375,,847.4765625,0.0,0.0,,,0,32,"[0.5275128493319969, 0.9516280754375719, 0.12747363057283206, 0.3821476423770266, 0.07426930468996357]"
32,21.164077954894005,4.834048322292194,18.762632390876384,2.401445564017621,0.8784890318530615,40.28339133243086,0.0007407661795798548,0.0004884580706383719,7.90625,8.097012439975515,2.1970334710204042,10.257508911308832,10.257508911308832,244.8984375,,847.4765625,0.0,0.0,,,0,32,"[0.5280006516180503, 0.9516673296134288, 0.12691895062192593, 0.3815615562489619, 0.07459997256253623]"
33,21.124223159661085,4.838219119296188,18.733706499487212,2.390516660173878,0.8784767840215618,40.16578306732489,0.0007007236045739607,0.00046476620626272796,8.3125,8.853347360854968,2.776270659524016,11.629618020378985,11.629618020378985,244.8984375,,847.4765625,0.0,0.0,,,0,32,"[0.5284875696655021, 0.9517066450631285, 0.12636377712408361, 0.38097436570268534, 0.07492914540488146]"
34,21.08383456561318,4.843080606806709,18.704461982043043,2.3793725835701394,0.8784645420840489,40.03912305248378,0.0007759549606688732,0.0004667473636239791,8.46875,8.36709139548475,3.4242111942148767,11.791302589699626,11.791302589699626,244.8984375,,847.4765625,0.0,0.0,,,0,32,"[0.528973658320785, 0.9517460285959117, 0.1258080497237379, 0.3803860007486913, 0.07525649917982126]"
35,21.04327993588381,4.84782254342909,18.675298303197806,2.367981632686004,0.8784523033226495,40.01607229110364,0.000285496500014637,0.0004650422629997943,7.75,7.95401227514958,3.201216233719606,11.155228508869186,11.155228508869186,244.8984375,,847.4765625,0.0,0.0,,,0,32,"[0.529459023628804, 0.951785492668369, 0.12525167716321356, 0.37979630704271106, 0.07558142072693629]"
36,21.003679907380217,4.851885662001567,18.64658250650764,2.3570974008725782,0.8784400554268301,39.89664828536191,0.000426293072641859,0.0004946749645162073,7.65625,7.5611087449942715,3.1433197946171276,10.7044285396114,10.7044285396114,244.8984375,,847.4765625,0.0,0.0,,,0,32,"[0.5299431972708798, 0.9518251829337339, 0.12469227483183826, 0.37920635274509173, 0.07590239350697642]"
37,20.964223123149964,4.85583386876506,18.617886068246065,2.3463370549039,0.8784278126276028,39.77885838465788,0.0005659959079028776,0.00047436522016276316,8.09375,8.396526136493776,3.2136941663338803,11.589103683945723,11.589103683945723,244.8984375,,847.4765625,0.0,0.0,,,0,32,"[0.5304265648979499, 0.9518649452668565, 0.12413232206162698, 0.3786151672216324, 0.07622134062790721]"
38,20.926049717817747,4.85899470430268,18.5899292235699,2.336120494247843,0.8784155764143281,39.793931566115305,0.0007648778457476912,0.000507109129696621,8.4375,8.419786288868636,3.575843722501304,11.876658449182287,11.876658449182287,244.8984375,,847.4765625,0.0,0.0,,,0,32,"[0.5309090578840922, 0.9519047728320137, 0.12357190576180063, 0.37802282007565896, 0.07653863026360821]"
39,20.886573396955583,4.86296782117628,18.561259950589694,2.325313446365893,0.8784033432288713,39.67467676810128,0.0008442465648545727,0.0005014131432185396,7.28125,7.74716474552406,2.5986055698012933,10.279837690177374,10.279837690177374,244.8984375,,847.4765625,0.0,0.0,,,0,32,"[0.531389848254673, 0.9519447729712159, 0.12300886418759677, 0.37743090981394795, 0.07685464772549887]"
40,20.84709392208884,4.866916903040074,18.532518261608473,2.314575660480366,0.8783911152780638,39.55741896495842,0.0009822634152865106,0.0004990741139357382,7.0625,7.747958654363174,3.3712242875481024,11.018055003660265,11.018055003660265,244.8984375,,847.4765625,0.0,0.0,,,0,32,"[0.5318698114820138, 0.9519848453956131, 0.1224452646432709, 0.3768377786835068, 0.07716862306997806]"
41,20.80773585408283,4.870605855108622,18.50389056475363,2.3038452893292023,0.87837889333923,39.43523920200361,0.0009941750704091368,0.00044873959998001644,7.59375,8.118854122585617,3.946972545236349,11.829258066427428,11.829258066427428,244.8984375,,847.4765625,0.0,0.0,,,0,32,"[0.5323489082497157, 0.9520249871197082, 0.12188114891566292, 0.3762434745985732, 0.07748076250942912]"
42,20.768802508551587,4.87410182249851,18.47559120475443,2.293211303797156,0.8783666758848746,39.319766129179754,0.0009982113065445941,0.00047626674404937207,8.375,7.952980842674151,3.394045590539463,11.347026433213614,11.347026433213614,244.8984375,,847.4765625,0.0,0.0,,,0,32,"[0.5328272557527789, 0.9520652004965875, 0.12131647219284093, 0.3756478292498046, 0.07779046134350276]"
43,20.729662945646425,4.877755033469073,18.447117498357734,2.2825454472886926,0.8783544670214901,39.19874211971332,0.0009978596537261464,0.000487359159392902,9.5625,8.914467580325436,4.050747775181662,12.905349321954418,12.905349321954418,244.8984375,,847.4765625,0.0,0.0,,,0,32,"[0.5333045571603847, 0.9521054759216314, 0.1207514967646119, 0.3750512012595543, 0.0780993287311992]"
44,20.691033189653815,4.880911572266234,18.41901004989708,2.2720231397567394,0.8783422640837433,39.07827658898335,0.0010035389713787257,0.0004859759127973467,9.28125,8.717977580090519,3.4134316665586084,12.131409246649127,12.131409246649127,244.8984375,,847.4765625,0.0,0.0,,,0,32,"[0.5337810262998732, 0.952145817524003, 0.12018607803485258, 0.37445331240345703, 0.07840621680529976]"
45,20.65211717078737,4.88468713135699,18.3907713435792,2.2613458272081686,0.8783300669084535,39.2573696047022,0.0010907716516711519,0.0004868454223640457,9.96875,8.868931261531543,3.469752336968668,12.129677459597588,12.129677459597588,244.8984375,,847.4765625,0.0,0.0,,,0,32,"[0.5342566658544543, 0.9521862258931109, 0.1196202908405939, 0.3738541363259867, 0.07871118738883887]"
46,20.61390257444365,4.888119496560096,18.36307451715562,2.2508280572880315,0.8783179022136595,39.417270972511446,0.0011972280602740026,0.0005289367988319221,10.03125,8.711895949090831,2.740634954534471,11.452530903625302,11.452530903625302,244.8984375,,847.4765625,0.0,0.0,,,0,32,"[0.5347224312093193, 0.9522271748168878, 0.11905838386571269, 0.37326403133420905, 0.0790538570112275]"
47,20.57526110286294,4.891773653895607,18.335125073085038,2.240136029777904,0.8783057919271167,39.28228603831528,0.0013128323621304228,0.0005532673261392927,10.53125,9.095261135371402,3.426953451707959,12.401186497299932,12.401186497299932,244.8984375,,847.4765625,0.0,0.0,,,0,32,"[0.5351827783903833, 0.9522681954904003, 0.11849692426740585, 0.3726790022875397, 0.0794128861343544]"
48,20.536649260818407,4.895492825995051,18.307109098740334,2.2295401620780706,0.878293680815562,39.27978024242828,0.0014268572254765577,0.0005473501014668007,9.9375,10.529202547331806,5.8347430094727315,16.292999309371226,16.292999309371226,244.8984375,,847.4765625,0.0,0.0,,,0,32,"[0.5356426158474406, 0.9523093100798995, 0.11793468296741641, 0.372092375719996, 0.07976871347233662]"
49,20.498060757331785,4.899034998950373,18.279155868286537,2.218904889045248,0.878281565510189,39.15194374734879,0.0015392244345031059,0.0005371316276099407,10.0,10.140610131202266,3.0414977882173844,13.17588100937428,13.17588100937428,244.8984375,,847.4765625,0.0,0.0,,,0,32,"[0.536101284193072, 0.9523506145222288, 0.11736910262056478, 0.37150565585560563, 0.08012055997828]"
50,20.45975042196165,4.902415655134446,18.251369501289908,2.2083809206717424,0.878269459249926,39.02145326889912,0.0016514069429587885,0.0005213883002019688,9.8125,9.73378627531929,3.693736143759452,13.427522419078741,13.427522419078741,244.8984375,,847.4765625,0.0,0.0,,,0,32,"[0.5365592298674496, 0.9523919525947119, 0.11680341676477662, 0.3709175678389219, 0.08047088685460603]"
51,20.42153395953507,4.905797744054727,18.22361193714908,2.1979220223859874,0.8782573542262738,38.894284024215956,0.0017623743902702715,0.0005370264693431121,9.875,9.33679591253167,3.5795455987681635,12.916341511299834,12.916341511299834,244.8984375,,847.4765625,0.0,0.0,,,0,32,"[0.5370165706307513, 0.9524333758121594, 0.11623707168517648, 0.37032797708744153, 0.08081839158818614]"
52,20.383498803185148,4.9091019749609615,18.195996238444827,2.1875025647403157,0.8782452513154013,38.76498806554132,0.0018720505449787983,0.0005149783879368702,10.28125,10.149510606424883,4.038964332721662,14.179510995745659,14.179510995745659,244.8984375,,847.4765625,0.0,0.0,,,0,32,"[0.5374732610966323, 0.9524748810759257, 0.11567008942861733, 0.36973694146745406, 0.08116323814552173]"
53,20.345589523093278,4.912350296323109,18.168483124485704,2.1771063986075725,0.8782331510558091,38.72869298552303,0.001980778036860781,0.0005223576505727925,10.53125,9.855064381554257,2.9909168952144682,12.845981276768725,12.845981276768725,244.8984375,,847.4765625,0.0,0.0,,,0,32,"[0.5379292700990356, 0.9525164662732125, 0.11510256730331771, 0.3691444784701259, 0.08150563074939352]"
54,20.30774609698794,4.915551473331266,18.140909907967192,2.166836189020744,0.8782210431118783,38.60425651530896,0.0020872716647851453,0.0005402762303150493,11.0,10.24283075821586,3.5082516333204694,13.55566304846434,13.55566304846434,244.8984375,,847.4765625,0.0,0.0,,,0,32,"[0.5383845818216364, 0.9525582252863761, 0.11453218346359034, 0.36855108683385013, 0.08184252251459082]"
55,20.26934483289491,4.919428813540061,18.11304855143306,2.156296281461846,0.878208937582837,38.46780156295688,0.0021926473342694375,0.0005185509765823538,9.6875,9.434960040380247,3.295249793154653,12.610187135578599,12.610187135578599,244.8984375,,847.4765625,0.0,0.0,,,0,32,"[0.5388392403712733, 0.9526000638337709, 0.1139611794421442, 0.36795622899255687, 0.0821766388047328]"
56,20.231625435321266,4.922634941829498,18.085805252016527,2.1458201833047426,0.8781968329619445,38.33100265963363,0.002296563130838286,0.0005281550188895147,10.03125,9.803714223380666,3.2644263774272986,13.068140600807965,13.068140600807965,244.8984375,,847.4765625,0.0,0.0,,,0,32,"[0.5392932923290568, 0.9526419889966024, 0.11338958703350566, 0.36735980463012174, 0.08250775690848906]"
57,20.19405565866505,4.925816091776396,18.058435529960416,2.135620128704632,0.8781847291253795,38.20378812228802,0.0024006891232968564,0.0005128298521363199,9.84375,9.457837921218015,3.3108116695075296,12.703316722763702,12.703316722763702,244.8984375,,847.4765625,0.0,0.0,,,0,32,"[0.5397467345199237, 0.9526840013662787, 0.11281748023437457, 0.36676178865949405, 0.08283592736663252]"
58,20.15606855001443,4.929350037962112,18.03113990151374,2.1249286485006915,0.8781726289138035,38.13824952499196,0.0025103645208606473,0.000550783079399269,9.09375,9.322471814812161,4.270465979061555,13.4917222239892,13.4917222239892,244.8984375,,847.4765625,0.0,0.0,,,0,32,"[0.5401994569362353, 0.9527260881655842, 0.11224493972650512, 0.3661623419979029, 0.0831617067119708]"
59,20.11965204255298,4.931642493497408,18.004550891682737,2.1151011508702457,0.8781605672648295,38.011994541931784,0.0026346304981924584,0.0005652376442164939,9.40625,10.050059529021382,4.185209785646293,14.186685577442404,14.186685577442404,244.8984375,,847.4765625,0.0,0.0,,,0,32,"[0.5406485253101788, 0.9527682009069881, 0.11167574922072379, 0.3655647437745766, 0.0835015046580223]"
60,20.08084155495793,4.93387395683948,17.976473306613244,2.1043682483446884,0.8781485079735335,37.86700333089401,0.0009496248697508924,0.0004881608987208713,8.4375,10.193205300311092,3.6626938308472745,13.824077846948057,13.824077846948057,244.8984375,,847.4765625,0.0,0.0,,,0,32,"[0.5410969771586049, 0.9528103892095595, 0.11110615653587032, 0.3649655711632844, 0.0838386506827771]"
61,20.043875518833048,4.936836139384104,17.949832761239247,2.0940427575938014,0.8781364457472818,37.99372171256315,0.0009453095727627869,0.0005377149300686044,8.53125,9.207172399328556,2.5417360302526504,11.629031680058688,11.629031680058688,244.8984375,,847.4765625,0.0,0.0,,,0,32,"[0.5415450738436804, 0.9528526748700045, 0.11053552573983895, 0.36436455790536454, 0.08417119367574229]"
62,20.006319263964905,4.939951262932644,17.922599118506554,2.08372014545835,0.8781243785812172,37.853734041455844,0.0009266453434746968,0.0005526887780694178,9.59375,10.843801421287935,4.566246454487555,15.298445483495016,15.298445483495016,244.8984375,,847.4765625,0.0,0.0,,,0,32,"[0.5419911902936129, 0.952895239669233, 0.10995884450691998, 0.36376515675812987, 0.0844987991873857]"
63,19.967498272940794,4.943263052031464,17.89479062458505,2.072707648355746,0.8781123088487433,37.83469032835401,0.0009435585515032985,0.0005633909181130422,9.34375,9.69329450163059,3.486626948870253,13.041707570664585,13.041707570664585,244.8984375,,847.4765625,0.0,0.0,,,0,32,"[0.5424369414218586, 0.9529378975958018, 0.10938139643397794, 0.36316382857258206, 0.0848219777282725]"
64,19.930158029128684,4.945537898406829,17.86764736185147,2.0625106672772118,0.87810023315725,37.70001715360351,0.0009981698813006645,0.0005598615584865434,10.34375,10.20664121460868,2.9203919184510596,13.12703313305974,13.12703313305974,244.8984375,,847.4765625,0.0,0.0,,,0,32,"[0.5428817257023585, 0.9529807437972739, 0.1088002029883253, 0.36256210910821013, 0.08513896197356866]"
65,19.89320730448076,4.947839811358152,17.84071333497458,2.05249396950618,0.8780881581261212,37.89666477135816,0.0009964377069565933,0.0005603695482951322,11.1875,12.16892346565146,3.924445692973677,16.073341808805708,16.073341808805708,244.8984375,,847.48046875,0.0,0.0,,,0,32,"[0.5433259004914479, 0.9530236776773012, 0.10821841299045924, 0.3619587669924903, 0.08545259253404543]"
66,19.855741894076555,4.950365661085057,17.81340205381935,2.042339840257206,0.8780761559709197,37.76014853268749,0.0010730461453275775,0.0005393881124177587,11.6875,11.424867319874465,2.8787519768229686,14.258020732086152,14.258020732086152,244.8984375,,847.48046875,0.0,0.0,,,0,32,"[0.5437671610586869, 0.9530663499042251, 0.10763688817707312, 0.36135791758280444, 0.0857755121388167]"
67,19.818427941647197,4.953094018781681,17.78617031557747,2.0322576260697307,0.8780641527802258,38.12548851162842,0.0011890069894781585,0.0005274959011134341,11.65625,11.028860390069894,4.719708471384365,15.656054798455443,15.656054798455443,244.8984375,,847.48046875,0.0,0.0,,,0,32,"[0.5442079028262459, 0.9531091163712717, 0.10705457050344912, 0.3607553580026342, 0.08609448831810843]"
68,19.780977893773336,4.955759739896137,17.758804753633626,2.0221731401397123,0.8780522570427279,37.982216229471014,0.001318538051435475,0.0005317390651564221,11.65625,11.336463670886587,4.303425208490808,15.573468190268613,15.573468190268613,244.8984375,,847.48046875,0.0,0.0,,,0,32,"[0.5446433363134783, 0.9531515497112344, 0.10647478966980733, 0.36015844234592254, 0.08643528587322051]"
69,19.74352063397518,4.958396898374345,17.73139462649074,2.0121260074844436,0.8780403578423799,37.83410704084359,0.0014458018805975636,0.0005585498397281337,11.6875,11.66535637457855,4.299561194784474,15.940113822580315,15.940113822580315,244.8984375,,847.48046875,0.0,0.0,,,0,32,"[0.545078369957173, 0.9531940862643482, 0.10589408633106791, 0.35955968020102635, 0.08677174374089361]"
70,19.705981087825595,4.961261749137217,17.703997154088814,2.001983933736782,0.8780284547672433,37.683411088697234,0.0015705403672137963,0.0006187910762770919,12.1875,12.662661611102521,4.53278003988089,17.086435247620102,17.086435247620102,244.8984375,,847.48046875,0.0,0.0,,,0,32,"[0.5455130590800615, 0.9532367237000532, 0.10531253712903849, 0.3589589550647954, 0.08710364320133031]"
71,19.66891236795516,4.96371120163861,17.67692581388892,1.9919865540662416,0.8780165473598454,37.53407917169997,0.0016928753327090373,0.0005526033091239465,12.40625,11.18132325791521,3.9137383064371534,15.095040718733799,15.095040718733799,244.8984375,,847.48046875,0.0,0.0,,,0,32,"[0.5459474159932285, 0.9532794644289554, 0.10473013807413038, 0.3583562351247468, 0.08743082406383129]"
72,19.6322888785608,4.965918305854172,17.650353039699958,1.981935838860841,0.8780046360563946,37.393427896391,0.001812562498229614,0.0007625381020176624,13.21875,12.113429002056364,4.015021157101728,16.011821157007944,16.011821157007944,244.8984375,,847.48046875,0.0,0.0,,,0,32,"[0.5463814012157107, 0.9533223074333136, 0.10414700473859473, 0.3577515332530609, 0.08775348869314675]"
73,19.595333801042216,4.968442706502921,17.623295354294715,1.972038446747503,0.8779927273227427,37.24237538581379,0.0019310428000275381,0.0007472261491791978,12.75,11.764660055632703,3.400712666916661,15.054731440613978,15.054731440613978,244.8984375,,847.48046875,0.0,0.0,,,0,32,"[0.5468148185802242, 0.9533652174254356, 0.10356368399410834, 0.35714507048604566, 0.08807325101423906]"
74,19.558638369667598,4.970829623055166,17.596544086953344,1.9620942827142533,0.8779808143964014,37.20068300167656,0.002046899679826547,0.0008554305073177901,12.4375,11.98241221572971,3.764023174881004,15.345092142524663,15.345092142524663,244.8984375,,847.48046875,0.0,0.0,,,0,32,"[0.5472478820648732, 0.9534082298563423, 0.10297966992158486, 0.35653656319219923, 0.08838829448025833]"
75,19.52210035026239,4.973225032580722,17.569851280036097,1.9522490702262956,0.8779689033745223,37.047990600582956,0.0021587414522440673,0.0008200150506448248,12.53125,11.294031843135599,3.109947567281779,14.273723354563117,14.273723354563117,244.8984375,,847.48046875,0.0,0.0,,,0,32,"[0.5476807326765565, 0.9534512982635858, 0.1023936105997891, 0.3559262915574268, 0.08869633419099596]"
76,19.485751698810468,4.975437762815972,17.543353058047007,1.9423986407634652,0.877956988871133,37.09213610503854,0.002268358764249745,0.0009270744158532615,12.15625,11.255202371103223,3.8551394463866018,15.059821605973411,15.059821605973411,244.8984375,,847.48046875,0.0,0.0,,,0,32,"[0.5481132495556178, 0.9534944607783798, 0.1018070373441455, 0.35531388438497896, 0.08899957570784656]"
77,19.449852123338573,4.977792525492632,17.517355631970524,1.9324964913680502,0.8779451756213884,36.919565612395935,0.002407275822528393,0.0005962020078462398,13.0625,11.65204568678746,3.8329246162902564,15.360441677330527,15.360441677330527,244.8984375,,847.48046875,0.0,0.0,,,0,32,"[0.5485354777292809, 0.9535377084986598, 0.10122903252804286, 0.3547121055734721, 0.08935118017118455]"
78,19.41422907392007,4.980066878140218,17.491572823557213,1.9226562503628544,0.8779333506636976,36.80469398096058,0.0025427506622700546,0.0005679419874888862,12.4375,11.148627607326489,3.9290477652684785,14.98929825174855,14.98929825174855,244.8984375,,847.48046875,0.0,0.0,,,0,32,"[0.5489578422472468, 0.9535810734432513, 0.10065016829704837, 0.35410757630021217, 0.08969641669212498]"
79,19.378926909574894,4.982165623753612,17.46608662823242,1.9128402813424685,0.8779215180944199,36.639565603143225,0.0026715120384249447,0.0005866574439658796,13.125,12.152589893958066,3.0566933564841747,14.903476861945819,14.903476861945819,244.8984375,,847.48046875,0.0,0.0,,,0,32,"[0.549381098762259, 0.9536244751902138, 0.1000685743071502, 0.35349985140440604, 0.09003016673750626]"
80,19.343809361947034,4.983983257736176,17.440723319125844,1.9030860428211913,0.8779096798304614,36.47625426855651,0.0027974723016863934,0.0005733861560272043,13.03125,11.382267482986208,2.7123097170260735,13.887186178180855,13.887186178180855,244.8984375,,847.48046875,0.0,0.0,,,0,32,"[0.5498042774116693, 0.953667964668929, 0.09948659987881817, 0.3528896032169036, 0.09035869589959387]"
81,19.30847749566837,4.986222140388097,17.415122083610836,1.8933554120575327,0.8778978346960794,36.30736917083574,0.0029230480846058893,0.0006013011771482368,13.25,11.76811756886309,2.919455582741648,14.417274942388758,14.417274942388758,244.8984375,,847.48046875,0.0,0.0,,,0,32,"[0.5502273543046441, 0.9537115526987981, 0.0989041735555022, 0.35227684319051794, 0.09068182242938577]"
82,19.27363995653036,4.98811839730232,17.389956406080824,1.8836835504495384,0.877885980714816,36.257293431660244,0.0030504317716500418,0.0006063734151324688,14.15625,12.186408690467943,3.1381356675410643,15.288645692635328,15.288645692635328,244.8984375,,847.48046875,0.0,0.0,,,0,32,"[0.5506505703688249, 0.9537552339735307, 0.09832112951600039, 0.3516612155556917, 0.0909981171851069]"
83,19.237189540780207,4.988620094900913,17.363926305752738,1.8732632350274707,0.8778742694334646,36.05583281356626,0.0006466709857840536,0.0005630243295557541,13.375,12.57180115499068,3.715856575581711,16.28765773057239,16.28765773057239,244.8984375,,847.48046875,0.0,0.0,,,0,32,"[0.5510654486641292, 0.9537985511557657, 0.0977470391338138, 0.35105458049187604, 0.09135646583410519]"
84,19.2025197090025,4.990277978558198,17.339017950040116,1.8635017589623852,0.8778625336542841,35.52024717440251,0.00037835261047219904,0.0005877063905762553,12.8125,12.186481813841965,2.7624868089333177,14.61207778629614,14.61207778629614,244.8984375,,847.48046875,0.0,0.0,,,0,32,"[0.5514810776780256, 0.9538420307520543, 0.09717107218868995, 0.35044433278265336, 0.091704635130608]"
85,19.167968814405256,4.99180998487712,17.314141887463485,1.8538269269417713,0.877850657676573,35.343585044387765,0.0001229952673322543,0.0005843431346340901,12.21875,11.608466622419655,5.101454022224061,16.67289801844163,16.67289801844163,244.8984375,,847.48046875,0.0,0.0,,,0,32,"[0.5518998476877808, 0.9538863403526752, 0.09658974868921565, 0.34982588505690004, 0.09202440651408679]"
86,19.133823720235533,4.993097738722025,17.289583222110785,1.8442404981247489,0.8778387698154673,35.1553638209343,0.00022249230637477746,0.0005071373145115478,11.78125,11.477277854282875,4.630884999642149,16.01281359762652,16.01281359762652,244.8984375,,847.48046875,0.0,0.0,,,0,32,"[0.5523188420417788, 0.9539307582233333, 0.09600802681017294, 0.3492043624684696, 0.09233710462984338]"
87,19.09992226042644,4.99456345484826,17.265168130121328,1.8347541303051114,0.8778268670504971,34.97885428689896,0.00031601103465062064,0.00054124883007795,12.0,11.020243662642315,3.015429640072398,14.035673302714713,14.035673302714713,244.8984375,,847.48046875,0.0,0.0,,,0,32,"[0.5527378688304466, 0.9539753215874077, 0.09542605564166752, 0.3485799173678146, 0.09264338641555304]"
88,19.065869789999244,4.996099937877287,17.240588186937135,1.8252816030621086,0.8778149528882319,34.80937426288059,0.0004009012182320526,0.0005896014640125973,11.6875,11.695088658598252,3.7002145254518837,15.33197133539943,15.33197133539943,244.8984375,,847.48046875,0.0,0.0,,,0,32,"[0.5531572519632478, 0.9540199756686243, 0.09484379546381941, 0.3479520972250827, 0.09294161242820947]"
89,19.032217581535427,4.997380787820988,17.216281345722173,1.815936235813257,0.8778030280801604,34.95039435231466,0.0004782514091493384,0.0005515353845469953,11.40625,11.340518336510286,3.6718042465508915,14.760441619728226,14.760441619728226,244.8984375,,847.48046875,0.0,0.0,,,0,32,"[0.5535768355383156, 0.9540647290748849, 0.09426131413932887, 0.3473211336522965, 0.09323238249647309]"
90,18.99834762520889,4.998937917084312,17.191829171910918,1.8065184532979752,0.877791153745185,34.77809692800001,0.0005550605934325492,0.0005519179082218551,10.96875,10.791979664645623,2.755787951173261,13.37919539946597,13.37919539946597,244.8984375,,847.48046875,0.0,0.0,,,0,32,"[0.5539949238764538, 0.9541092677358379, 0.0936794311221816, 0.34669031025177177, 0.09352681829745417]"
91,18.964669293151797,5.0003102502497025,17.167467039537847,1.7972022536139485,0.8777792681399471,34.744365954135425,0.0006222382546186289,0.0005320848778723182,10.84375,11.508403469633777,3.2271204399876297,14.515559589199256,14.515559589199256,244.8984375,,847.48046875,0.0,0.0,,,0,32,"[0.5544132229374019, 0.954153908729697, 0.09309738108690833, 0.34605628101710967, 0.09381362443983843]"
92,18.930342797472832,5.0022496207056015,17.142535297508118,1.7878074999647122,0.8777674194508835,35.04556814588744,0.0006859616452272177,0.0005215755074251291,11.0625,11.263136737397872,2.9162357532186434,14.179372490616515,14.179372490616515,244.8984375,,847.734375,0.0079345703125,0.0079345703125,,,0,32,"[0.5548303707227659, 0.9541983935865435, 0.09251791588037588, 0.345421181647147, 0.09410496219463278]"
93,18.89596965324042,5.004549722100925,17.117509251774393,1.7784604014660301,0.8777556626883795,34.84562655243528,0.0007803042208851807,0.0005475430609738806,10.96875,11.581941056647338,3.4073102215188555,14.72567431483185,14.72567431483185,244.8984375,,847.734375,0.0,0.0,,,0,32,"[0.5552416728357465, 0.9542427238243757, 0.09193917795946836, 0.3447930584055445, 0.09442022242703409]"
94,18.86211189480899,5.0065135211896346,17.092933257287203,1.7691786375217868,0.8777438869135221,34.65073851335054,0.0008685016301105963,0.0005983894931879312,11.5625,11.068199164583348,2.553203950810712,13.62140311539406,13.62140311539406,244.8984375,,847.734375,0.0,0.0,,,0,32,"[0.5556533937181469, 0.95428719571066, 0.09135998329303037, 0.34416137033598637, 0.09472683600708802]"
95,18.828090474402842,5.008732835774399,17.06821079670974,1.7598796776931023,0.877732091829004,34.454684987000554,0.0009507587188567201,0.0005812775678806356,11.96875,12.012171922833659,3.1930090990499593,15.0784228098928,15.0784228098928,244.8984375,,847.734375,0.0,0.0,,,0,32,"[0.5560656080639086, 0.9543318050683056, 0.09078032565302577, 0.34352597689836023, 0.09502409269442177]"
96,18.79457530861199,5.010424603726083,17.04397698154275,1.7505983270692345,0.8777202786458848,34.4026249028684,0.0009219347035584746,0.0006329879366857047,13.0,12.443530387827195,4.2582911264617,16.701821514288895,16.701821514288895,244.8984375,,847.734375,0.0,0.0,,,0,32,"[0.5564781982862487, 0.954376552224128, 0.09020046394898767, 0.3428869989676069, 0.09531259678221847]"
97,18.760744511977542,5.01289007403317,17.01932381607554,1.741420695902002,0.8777084658056633,34.94911573880493,0.0009893055870105472,0.0005197649220838081,11.5625,11.540945473825559,3.675908679724671,15.08024172653677,15.08024172653677,244.8984375,,847.734375,0.0,0.0,,,0,32,"[0.5568896691552032, 0.9544214278324323, 0.0896201697796484, 0.3422469346234274, 0.09559939674059036]"
98,18.72705040437028,5.014811005272933,16.99488975016358,1.732160654206696,0.8776967687884836,34.76360068012658,0.0009813732655648555,0.0005500653013948573,11.75,11.746318450605031,2.757389724138193,14.316290827991907,14.316290827991907,244.8984375,,847.734375,0.0,0.0,,,0,32,"[0.5572922219543647, 0.9544662295549118, 0.08904165063247722, 0.34161842861821357, 0.09592534128697298]"
99,18.693684169410645,5.016663469026947,16.97075977105197,1.7229243983586744,0.8776850553287547,34.576623198673566,0.0009436068654127827,0.0005336706991089475,10.84375,10.753939248388633,2.7707284534699284,13.524667701858561,13.524667701858561,244.8984375,,847.734375,0.0,0.0,,,0,32,"[0.5576949877614639, 0.9545111688703808, 0.08846284795165617, 0.3409866349157039, 0.09624406426496547]"
100,18.659035826197165,5.019078389110752,16.94543926489336,1.713596561303806,0.877673325207075,34.533225906582636,0.000993265027507434,0.0005161343176444948,11.875,11.275911107077263,2.990115353895817,14.26602646097308,14.26602646097308,244.8984375,,847.9921875,0.008056640625,0.008056640625,,,0,32,"[0.5580980750787111, 0.9545562375254807, 0.08788395876062831, 0.3403513435795256, 0.09655516176365331]"
101,18.625933004929376,5.020817090827115,16.921395634886817,1.7045373700425595,0.877661605027523,34.362372398450326,0.0009558935310848837,0.000595866072090046,13.125,12.704445245617535,4.985592117009219,17.64721064682817,17.64721064682817,244.8984375,,847.9921875,0.0,0.0,,,0,32,"[0.558498816581046, 0.9546014829185118, 0.08730237739293945, 0.3397174695710426, 0.09686713284699688]"
102,18.59128881122712,5.023830793646192,16.896106844100313,1.69518196712681,0.877649873207641,34.1498097685706,0.0009288529448792382,0.000556030848276331,12.25,12.708665293757804,3.984558687079698,16.347516379028093,16.347516379028093,244.8984375,,847.9921875,0.0,0.0,,,0,32,"[0.5588996389434668, 0.9546468395250727, 0.086720832890921, 0.3390804634644994, 0.09717260530798716]"
103,18.55776133154145,5.026243678397133,16.871635556238022,1.6861257753034251,0.8776381177483065,34.26930497022826,0.0009616222755911286,0.0005609178194069355,11.84375,12.220864315168,3.274519243859686,15.233261910907459,15.233261910907459,244.8984375,,847.9921875,0.0,0.0,,,0,32,"[0.5593008860662015, 0.9546923690472293, 0.08613890419621817, 0.3384397001939293, 0.09746876275678622]"
104,18.524127418727094,5.02882471736619,16.847154984833885,1.6769724338932104,0.8776263804629407,34.07568781497003,0.0009336452646867832,0.0006201286341655622,11.375,11.720347407390364,4.1011731591424905,15.684027595852967,15.684027595852967,244.8984375,,847.9921875,0.0,0.0,,,0,32,"[0.5596979184501731, 0.954738175989153, 0.08555369274804023, 0.33780329436705037, 0.09777336445505035]"
105,18.490751866146073,5.031176983989709,16.82273268589544,1.668019180250636,0.8776146244514537,34.07228332750498,0.0009105220273729064,0.0005770852068520199,13.09375,12.588689925905783,3.8943613471928984,16.40988717554137,16.40988717554137,244.8984375,,847.9921875,0.0,0.0,,,0,32,"[0.5600952815989281, 0.9547841258962623, 0.084968251442815, 0.3371632959860537, 0.0980694247267959]"
106,18.456941247568995,5.033291968993889,16.79810261019272,1.6588386373762742,0.8776028770826169,34.25438703984152,0.0006351978772383415,0.0006293645091544968,12.96875,12.493940666900016,4.027488976134919,16.48177111201221,16.48177111201221,244.8984375,,847.9921875,0.0,0.0,,,0,32,"[0.5604917696145146, 0.9548301384573035, 0.08437982139387619, 0.33652262687706125, 0.09835920614098817]"
107,18.42337175107993,5.035850993532792,16.773483686791568,1.649888064288363,0.8775911526133625,34.45620048983949,0.0006498411021649275,0.000573018469443231,12.875,12.642059977224562,3.1733290816191584,15.450394872459583,15.450394872459583,244.8984375,,847.9921875,0.0,0.0,,,0,32,"[0.5608850427072337, 0.9548763038906074, 0.08378888177984949, 0.33588478347839784, 0.09865441995954431]"
108,18.38971902194677,5.03827191303609,16.748922865658493,1.6407961562882778,0.8775794431944364,34.35542805116203,0.0007090266893424457,0.0005649259301136152,12.3125,12.038199150993023,4.126125437323935,16.11052374209976,16.11052374209976,244.8984375,,847.9921875,0.0,0.0,,,0,32,"[0.561275584020086, 0.9549226714793891, 0.08319008402943665, 0.33525017416865205, 0.098944316161228]"
109,18.35588198736722,5.0402002129862575,16.723745199597438,1.6321367877697786,0.8775676977151529,34.19266762333639,0.000587348896278761,0.0006498703576789363,12.15625,12.132810516050085,4.60301178827649,16.436109828646295,16.436109828646295,244.8984375,,847.9921875,0.0,0.0,,,0,32,"[0.561667161480941, 0.9549692708054645, 0.08258712081580583, 0.33461139995659955, 0.09921431331673973]"
110,18.322282910363967,5.042291537839965,16.699031102563836,1.6232518078001281,0.8775559420561814,34.20213340249418,0.0006039785221177429,0.0006489908493884515,12.875,12.666984242969193,4.168666833720636,16.683455149177462,16.683455149177462,244.8984375,,847.9921875,0.0,0.0,,,0,32,"[0.5620585643872286, 0.9550159918699788, 0.08198420735809471, 0.3339697983296859, 0.09947787283930115]"
111,18.289169464429285,5.043412570738377,16.67450483089146,1.614664633537824,0.8775441870780125,34.030604879385095,0.000560801105182196,0.0010485990327446114,12.25,13.410113482677843,3.8149502070154995,16.877961992577184,16.877961992577184,244.8984375,,847.9921875,0.0,0.0,,,0,32,"[0.5624489281161598, 0.955062854950666, 0.08137717389279031, 0.33332777993313223, 0.09973231882824712]"
112,18.2549865193608,5.045840643459059,16.64936456175667,1.605621957604125,0.8775324212696588,33.71010301545435,0.000452255005785579,0.0008881257034206234,12.5625,13.551490388636012,2.800521848257631,16.048756551754195,16.048756551754195,244.8984375,,847.9921875,0.0,0.0,,,0,32,"[0.5628389982829347, 0.955109852885324, 0.08077044466666332, 0.33268300678779794, 0.09998088209252633]"
113,18.221569602977254,5.047557130722215,16.62443075033523,1.5971388526420256,0.877520577370429,33.91596161306079,0.000380459129144084,0.0007279167317670084,12.9375,13.472910410200711,3.5776813747361302,16.714947400032543,16.714947400032543,244.8984375,,847.9921875,0.0,0.0,,,0,32,"[0.5632305135775915, 0.9551573562256631, 0.08016077539947024, 0.3320322469955823, 0.10020286020897512]"
114,18.18768328896047,5.049691808430192,16.59919911693428,1.5884841720261937,0.8775087763244338,33.622846950393466,0.0004218594967448086,0.0006749471170699208,12.0625,12.862991978181526,3.1196748968795873,15.726182064099703,15.726182064099703,244.8984375,,847.9921875,0.0,0.0,,,0,32,"[0.5636174624483644, 0.9552050009178866, 0.0795444519789758, 0.33138757178374806, 0.10043207597480928]"
115,18.15415886082603,5.051288366841512,16.574124163666646,1.5800346971593868,0.8774969075623535,33.47098977929892,0.000446978577275714,0.000555878596445192,12.28125,12.813076282327529,3.875673697621096,16.624729920295067,16.624729920295067,244.8984375,,847.9921875,0.0,0.0,,,0,32,"[0.5640053017930705, 0.9552531201394902, 0.07892569067459818, 0.33073774824540836, 0.10063732947766571]"
116,18.120745198297282,5.053100452392271,16.549114705240015,1.5716304930572655,0.8774850319491005,33.31478715067906,0.00046844569287937676,0.0005638316209070568,12.9375,13.950264270533808,2.604664783575572,15.71076192340115,15.71076192340115,244.8984375,,847.9921875,0.0,0.0,,,0,32,"[0.5643927277810614, 0.9553013547034814, 0.07830736562619632, 0.3300853090134933, 0.10083625588074673]"
117,18.087099773110367,5.0550560766456805,16.523934056757096,1.5631657163532724,0.8774731496905407,33.27154880648727,0.0004843282589220288,0.0004947413496449618,12.3125,12.75093732692767,2.953375631477684,15.698334616899956,15.698334616899956,244.8984375,,847.9921875,0.0,0.0,,,0,32,"[0.5647796702475282, 0.9553497068357661, 0.07768961969186869, 0.32943029186345224, 0.1010293364150372]"
118,18.05392062485839,5.056737101896092,16.498995015760336,1.5549256090980528,0.8774612755955367,33.31833181213889,0.0005047859697797641,0.000515499708134628,12.21875,12.463463230233174,3.674119434435852,15.931846406601835,15.931846406601835,244.8984375,,847.9921875,0.0,0.0,,,0,32,"[0.565163902708725, 0.9553982585265858, 0.07707094848680843, 0.32877665013105106, 0.10122935285129707]"
119,18.02050245894203,5.0583606686385645,16.473988657472482,1.5465138014695485,0.877449419996297,33.157372352158404,0.0005198714071675548,0.0005397544364800072,11.875,13.170244033972267,3.149681077047717,15.806832881935406,15.806832881935406,244.8984375,,847.9921875,0.0,0.0,,,0,32,"[0.5655466051919273, 0.9554468619157658, 0.0764483507319537, 0.32812345516557045, 0.10142140725148503]"
120,17.987092184638662,5.05994625671987,16.448907591341154,1.538184593297503,0.8774375556522511,33.21116573341644,0.0005302362677020445,0.0005328364258360697,11.96875,12.057946441927925,3.2301810424542055,15.269932235241868,15.269932235241868,244.8984375,,847.9921875,0.0,0.0,,,0,32,"[0.5659287999306019, 0.9554956011383718, 0.07582630999604902, 0.3274676838030911, 0.10160736669043995]"
121,17.95355339433123,5.061383740971052,16.423599542914275,1.529953851416956,0.8774257120299025,33.05889509723584,0.0005353242155244353,0.0004912514575588273,11.59375,11.870742528117262,3.201273109880276,15.012828262115363,15.012828262115363,244.8984375,,847.9921875,0.0,0.0,,,0,32,"[0.566309390606843, 0.9555443828126238, 0.07520043039550575, 0.3268125018617472, 0.10178564297819619]"
122,17.920596073861343,5.06259167842904,16.39885368309458,1.521742390766766,0.8774138622163417,32.89803997885572,0.000536147041787699,0.0005592887569278678,11.5,13.174556122976355,3.011029155459255,16.090278659248725,16.090278659248725,244.8984375,,847.9921875,0.0,0.0,,,0,32,"[0.5666893730289944, 0.9555932889894184, 0.0745752182792015, 0.32615490115322165, 0.10195853792462442]"
123,17.887547917216057,5.063985279044287,16.37392137897119,1.5136265382448715,0.8774020041653714,32.73857501138902,0.0005320553763344393,0.00051580916051306,11.84375,11.985006000031717,3.0055110109969974,14.943720765586477,14.943720765586477,244.8984375,,847.9921875,0.0,0.0,,,0,32,"[0.5670688531931987, 0.9556423250386495, 0.07395082590344502, 0.32549462712440386, 0.10212515916821942]"
124,17.854576403363456,5.065357044058941,16.34915936344407,1.5054170399193876,0.8773901384946526,32.57716643728935,0.0005240017427814159,0.0004883707510755031,12.40625,12.89083778829081,3.5386249946895987,16.219478973653167,16.219478973653167,244.8984375,,847.9921875,0.0,0.0,,,0,32,"[0.5674477197959087, 0.9556914944608071, 0.0733273813214728, 0.32483183126743687, 0.10228659327388656]"
125,17.82158090146342,5.066720580499844,16.324277280892126,1.4973036205712926,0.8773782641805135,33.258204906210814,0.0005113010571099197,0.0005278963068990471,12.28125,12.539003044366837,2.855702507076785,15.389295513159595,15.389295513159595,244.8984375,,847.9921875,0.0,0.0,,,0,32,"[0.5678260277416326, 0.9557408002506877, 0.07270493599778409, 0.3241663843968078, 0.10244213850420375]"
126,17.789203253669456,5.067845669576519,16.30012793988876,1.4890753137806938,0.8773665620582326,33.08196699216654,0.0005467447229140499,0.0005356060302467056,12.40625,12.703928601695225,2.9250144216348417,15.587362649966963,15.587362649966963,244.8984375,,847.9921875,0.0,0.0,,,0,32,"[0.5681929624035393, 0.9557898375863024, 0.07207703775171492, 0.32351985868975, 0.10266731087440893]"
127,17.756405955122517,5.069445835644253,16.275631301448378,1.4807746536741346,0.8773548489552718,33.06349634142064,0.0005787204898570486,0.0005474142253508582,12.28125,12.349376374913845,3.176566184265539,15.430979248776566,15.430979248776566,244.8984375,,847.9921875,0.0,0.0,,,0,32,"[0.5685593779208451, 0.9558390250467382, 0.07144996726503786, 0.32287070466997325, 0.10288799600249825]"
128,17.723660778911874,5.071037194445594,16.25115758495503,1.4725031939568436,0.8773431404076145,32.8859905542081,0.0006095651938274327,0.0005364687257596824,11.875,12.298946334340144,3.286408471467439,15.585354805807583,15.585354805807583,244.8984375,,847.9921875,0.0,0.0,,,0,32,"[0.5689236134007084, 0.9558884112368387, 0.07082015064435852, 0.3222224651405124, 0.10310710797432202]"
129,17.691191499244542,5.072459168291378,16.226775954744284,1.4644155445002638,0.8773314206239625,33.16362689100655,0.0006363319503073506,0.0005581570196648939,11.9375,11.93910041183699,2.9857702829758637,14.924870694812853,14.924870694812853,244.8984375,,847.9921875,0.0,0.0,,,0,32,"[0.5692872305783397, 0.9559379569527428, 0.07019120051747998, 0.3215717131478639, 0.1033222157429649]"
130,17.658287901351226,5.074113812635032,16.201965760342205,1.4563221410090212,0.8773197355244117,33.58224864217242,0.0006506691458595948,0.0005826426374369295,11.21875,11.740359164832626,3.425345588766504,15.16570475359913,15.16570475359913,244.8984375,,847.9921875,0.0,0.0,,,0,32,"[0.569647470876982, 0.9559876303708076, 0.06955246680125256, 0.32092572878008924, 0.10352832958315271]"
131,17.625409748126422,5.075731792646371,16.177214703441575,1.448195044684845,0.877308186018909,33.91478292736503,0.0006916773994824488,0.0005508591592492744,11.40625,11.670525273075327,2.8449319797800854,14.380764499946963,14.380764499946963,244.8984375,,847.9921875,0.0,0.0,,,0,32,"[0.5700011076310028, 0.9560368862581943, 0.06891608298919967, 0.3202891778965676, 0.10377799640154918]"
132,17.591984671193067,5.077409278922912,16.151840141189403,1.4401445300036622,0.8772967011121718,33.97228895930248,0.0007257285625495713,0.0005812706202696589,11.46875,12.739283498376608,2.5396025885129347,14.750163987628184,14.750163987628184,244.8984375,,847.9921875,0.0,0.0,,,0,32,"[0.5703520725063753, 0.9560859828155206, 0.06827153277952332, 0.31965670209466485, 0.10402077731415783]"
133,17.558243602324644,5.078299465811177,16.126189488162666,1.4320541141619776,0.8772852402471125,33.951743537865845,0.0007525157463743881,0.000558795292961057,11.84375,12.864292082667816,2.8615410265047103,15.47340420074761,15.47340420074761,244.8984375,,847.9921875,0.0,0.0,,,0,32,"[0.5707012279186959, 0.9561351167320195, 0.06762266657073565, 0.31902532984636806, 0.10425745871070362]"
134,17.52476347927792,5.079077098098251,16.10069891142223,1.4240645678556887,0.877273800127836,33.781410577686444,0.0007654710452186242,0.0005514496389785839,12.21875,12.402700995153282,3.502201238006819,15.868080852669664,15.868080852669664,244.8984375,,847.9921875,0.0,0.0,,,0,32,"[0.5710508792116992, 0.9561841059918786, 0.06697108854182889, 0.3183911240103693, 0.10447785166782947]"
135,17.49117502938452,5.080147019384021,16.075055307437466,1.4161197219470503,0.8772623501106234,33.60905307894753,0.000770725416427781,0.0005592137641878892,12.4375,12.427744892193004,3.9611668107681908,16.378134889237117,16.378134889237117,244.8984375,,847.9921875,0.0,0.0,,,0,32,"[0.5713999083614238, 0.9562332488289302, 0.06631968779668368, 0.31775455238269473, 0.1046928336816656]"
136,17.457906698855535,5.081018395569787,16.049669209332112,1.4082374895234213,0.877250890481446,33.43173813125487,0.0007668233829977167,0.0005782571876497154,12.625,12.884029070846736,2.8244560744496994,15.603121115418617,15.603121115418617,244.8984375,,847.9921875,0.0,0.0,,,0,32,"[0.5717483722312202, 0.9562825365039279, 0.0656686015773025, 0.3171154709394086, 0.1049021308395992]"
137,17.424871314134965,5.082048733135417,16.024573322479277,1.4002979916556841,0.8772394204597471,33.251213364908956,0.0007657599603665688,0.0005347857581755417,12.75,13.225146212789696,3.46067342616152,16.482788800203707,16.482788800203707,244.8984375,,847.9921875,0.0,0.0,,,0,32,"[0.5720962127958963, 0.9563319779910613, 0.0650181415251329, 0.3164738998505753, 0.10510670537227747]"
138,17.393486181471168,5.083851898188758,16.000408989699984,1.3930771917711817,0.8772279391593989,33.10989034128539,0.0009974569118723353,0.0005750118630633173,12.96875,13.661213662999216,3.5931791571783833,17.059016514394898,17.059016514394898,244.8984375,,847.9921875,0.0,0.0,,,0,32,"[0.5724434624683657, 0.9563815760694286, 0.06436837479245254, 0.3158297340894502, 0.10530623321717163]"
139,17.359508342373797,5.083998443637133,15.974916020230054,1.3845923221437433,0.8772164594350524,33.087828094773855,0.0007837151970994383,0.0005488217263661646,13.1875,13.369752203288954,4.318833249271847,17.583502143679652,17.583502143679652,244.8984375,,847.9921875,0.0,0.0,,,0,32,"[0.5727896799319259, 0.9564312676613816, 0.06372035778809676, 0.31518377065611675, 0.10550740334039328]"
140,17.32802157115108,5.085945358457617,15.950506204306313,1.377515366844766,0.877204999404916,33.14650269403852,0.0008680911756006882,0.0005646996954751275,12.65625,12.55518791731447,2.679038865608163,15.045065003505442,15.045065003505442,244.8984375,,847.9921875,0.0,0.0,,,0,32,"[0.5731369682575955, 0.9564807725244314, 0.06307031553014661, 0.31453379549511634, 0.10568605786832241]"
141,17.29535644195682,5.087031290033618,15.925418423427537,1.3699380185292815,0.877193571944516,33.387221584457414,0.0009804030441016853,0.0005147157346384117,13.0,12.91903795208782,2.6838788180612028,15.47603530343622,15.47603530343622,244.8984375,,847.9921875,0.0,0.0,,,0,32,"[0.5734812674216657, 0.9565303374957248, 0.062417652316333075, 0.31388653377598225, 0.10587067746511387]"
142,17.262376046348265,5.088471527266514,15.899991952923683,1.3623840934245806,0.8771822116167753,33.20929993731841,0.000981284512715147,0.0005725812721850965,13.1875,13.495918130502105,3.5865011013811454,16.884288750588894,16.884288750588894,244.8984375,,847.9921875,0.0,0.0,,,0,32,"[0.5738242963636435, 0.9565795902030918, 0.061759521059751216, 0.31324055915303917, 0.10604239045648653]"
143,17.228995476385183,5.090454566803743,15.874110157490087,1.3548853188950947,0.8771708430060293,33.473645552300724,0.0009984090571133475,0.0005583234147390924,13.09375,12.899916393507738,3.1529498082818463,15.994709036021959,15.994709036021959,244.8984375,,847.9921875,0.0,0.0,,,0,32,"[0.5741666653036255, 0.9566289805906282, 0.0611025715922067, 0.3125920499702578, 0.10621031107909096]"
144,17.196085678790542,5.091767298222584,15.848390449786448,1.3476952290040947,0.8771594962150233,33.54077039658395,0.0009939486815611076,0.0006284798062039523,12.90625,13.139732036506757,2.7728616769309156,15.80045265291119,15.80045265291119,244.8984375,,847.9921875,0.0,0.0,,,0,32,"[0.5745137250897066, 0.9566779032577808, 0.060443396074579776, 0.31193365009816265, 0.10630598407899387]"
145,17.163252150951955,5.093191411699715,15.822852339848428,1.340399811103525,0.8771481806339759,33.417594362601655,0.00099510433498734,0.0005501348082315457,12.40625,13.257950187835377,4.478592309169471,17.41448644315824,17.41448644315824,244.8984375,,847.9921875,0.0,0.0,,,0,32,"[0.5748582389358257, 0.9567268622761288, 0.059780892412157, 0.31127730143219273, 0.1064019452706837]"
146,17.12975754109094,5.094927124246935,15.796430637929944,1.3333269031609898,0.8771368643401172,33.48086175547026,0.0009925104621935077,0.0005469602039043227,12.84375,13.220886990893632,2.3907660870463587,15.385090940981172,15.385090940981172,244.8984375,,847.9921875,0.0,0.0,,,0,32,"[0.5752021322339509, 0.9567758879805052, 0.05912088483671018, 0.3106182375946797, 0.10649868584257749]"
147,17.096955602823677,5.096606162772022,15.770088578605058,1.3268670242186151,0.8771255839967179,33.316725869049556,0.0019980181830150934,0.0006374244914005001,12.8125,13.131053521647118,2.910614748543594,15.404456622491125,15.404456622491125,244.8984375,,847.9921875,0.0,0.0,,,0,32,"[0.5755450001107554, 0.9568247833050425, 0.058459616522294255, 0.3099585434114442, 0.1065857413837493]"
148,17.06358818213796,5.098571255378122,15.743706237569139,1.3198819445688184,0.8771143021368603,33.13965727005622,0.001923424356582104,0.0006078332709153434,12.4375,12.985818146262318,3.70417666999856,16.336036213033367,16.336036213033367,244.8984375,,847.9921875,0.0,0.0,,,0,32,"[0.5758869679320537, 0.9568737776004228, 0.05780029268712478, 0.3092966534384606, 0.1066743490146724]"
149,17.030368097363343,5.100847010905017,15.717502223781624,1.3128658735817216,0.8771030150203317,32.95167860661596,0.0019056523689351679,0.0006264059125967899,12.375,12.581928320287261,3.5516467833076604,16.060319205280393,16.060319205280393,244.8984375,,847.9921875,0.0,0.0,,,0,32,"[0.5762281476740672, 0.956922892412139, 0.057142806176817273, 0.3086323060691229, 0.10676117171059639]"
150,16.997196684854654,5.10300873267378,15.691408293609154,1.3057883912455002,0.8770917204966395,32.7629548877777,0.0018868785948571998,0.0005593583987100192,12.5,12.441457402019296,3.9959416317287832,16.405500507971738,16.405500507971738,244.8984375,,847.9921875,0.0,0.0,,,0,32,"[0.576568565792388, 0.9569721392141208, 0.05648739985012926, 0.30796537668362484, 0.10684683383122098]"
151,16.964878580616006,5.104594578817125,15.666096134102329,1.298782446513678,0.8770804175125456,32.55634498446166,0.001866341548417666,0.0005757386767521026,12.34375,12.573704538226593,4.251353057043161,16.731357987737283,16.731357987737283,244.8984375,,847.9921875,0.0,0.0,,,0,32,"[0.5769082687626744, 0.9570215219769987, 0.055834135883658355, 0.3072957462770774, 0.10693052698175914]"
152,16.932409458749188,5.106537173650812,15.640556945606846,1.2918525131423437,0.8770691016710197,32.61189090660975,0.0018445677327774412,0.0005742472685284431,12.53125,13.094555695715826,4.786012177646626,17.57643255405128,17.57643255405128,244.8984375,,847.9921875,0.0,0.0,,,0,32,"[0.577247337142887, 0.9570710623534484, 0.055183475477121144, 0.306623111335799, 0.10701287779096896]"
153,16.899816051453584,5.108604282196372,15.615038244350472,1.284777807103108,0.8770578166056904,32.40178618788284,0.0018235158455846834,0.0005593742923258283,13.21875,12.976795100257732,4.130831133807078,17.089780114474706,17.089780114474706,244.8984375,,847.9921875,0.0,0.0,,,0,32,"[0.5775839168471905, 0.9571206343507923, 0.05452972477892873, 0.30595238520515333, 0.10709650315800764]"
154,16.86752345339719,5.110814997153609,15.589470308550036,1.278053144847156,0.8770465176149036,32.28691632888224,0.0018009635166494065,0.0006003052118620947,13.71875,13.360540491703432,4.933908559905831,18.250581932079513,18.250581932079513,244.8984375,,847.9921875,0.0,0.0,,,0,32,"[0.5779198822457271, 0.9571703702225592, 0.0538786150278389, 0.30527859232796756, 0.1071784351098652]"
155,16.835554557026136,5.112766948912775,15.564496725947974,1.2710578310781606,0.8770352054680717,32.266280279882984,0.0017810263517703262,0.0005676948156893413,13.78125,13.83846018143231,2.8090700798202306,16.3265723749646,16.3265723749646,244.8984375,,847.9921875,0.0,0.0,,,0,32,"[0.5782552531342389, 0.9572202502083499, 0.05323116676323009, 0.30460157845803176, 0.10726504526357711]"
156,16.803160847008122,5.115432273289216,15.539045170100643,1.2641156769074802,0.8770239107212187,32.042022511059024,0.0017636072936990377,0.0005971967336136296,13.53125,13.247376744402573,4.775612738740165,18.001684395130724,18.001684395130724,244.8984375,,847.9921875,0.0,0.0,,,0,32,"[0.5785881125279412, 0.9572702526462652, 0.0525814484956761, 0.3039260792900694, 0.10735599265010035]"
157,16.7716089494526,5.1176167984669325,15.514583801442823,1.2570251480097747,0.877012598097021,31.78345949036798,0.0017455310293283954,0.0007818636034506501,13.71875,13.159799163986463,3.9723517911625095,17.08586917084176,17.08586917084176,244.8984375,,847.9921875,0.0,0.0,,,0,32,"[0.5789203860455241, 0.9573204413223472, 0.05193479684550381, 0.30324730620054857, 0.10744645890114508]"
158,16.73991733058736,5.120044795646733,15.489244189977072,1.2506731406102898,0.8770012542008341,31.967809242248922,0.002744946736346038,0.0008588313542659866,14.25,13.482258131261915,4.608047442161478,18.080871413985733,18.080871413985733,244.8984375,,847.9921875,0.0,0.0,,,0,32,"[0.5792521723657079, 0.957370901585021, 0.05129190437258467, 0.3025647028986151, 0.10753653442547433]"
159,16.708237854401126,5.12240256955781,15.464621099532462,1.2436167548686679,0.8769899833457104,31.7097378596931,0.0026580560010986964,0.0010877972038360658,14.0625,13.45408451743424,2.806920623697806,16.066113668784965,16.066113668784965,244.8984375,,847.9921875,0.0,0.0,,,0,32,"[0.5795816265097657, 0.9574210833307741, 0.0506445901853145, 0.3018848910027236, 0.10762474943847929]"
160,16.682865997078153,5.11674744632089,15.447888940778745,1.2349770562994093,0.8769786866217302,31.314614606335798,0.0025676570317562097,0.0006347413846929029,14.0625,13.36404722678708,3.895214329531882,17.039135767845437,17.039135767845437,244.8984375,,847.9921875,0.0,0.0,,,0,32,"[0.5799107032378432, 0.9574714877379971, 0.05000112276733522, 0.30120117324560336, 0.10771220007236984]"
161,16.651682652094955,5.118846140254649,15.423910527881574,1.2277721242133777,0.8769673357540163,31.517265824210472,0.0016662543000874053,0.0005446557678520332,13.4375,12.843550241086632,3.721167675394099,16.454807213449385,16.454807213449385,244.8984375,,847.9921875,0.0,0.0,,,0,32,"[0.5802409082229829, 0.9575221530350791, 0.0493672069006918, 0.30050954416396625, 0.10780274057663146]"
162,16.62030495652004,5.121466052392581,15.398869795951391,1.221435160568651,0.8769560388006921,31.568041961365473,0.002382226976201607,0.000662722249337476,13.6875,13.06932706211228,3.2082257894217037,15.970591033692472,15.970591033692472,244.8984375,,847.9921875,0.0,0.0,,,0,32,"[0.5805694654176117, 0.9575726172084496, 0.04873028964334826, 0.29981892125245085, 0.10788568597102868]"
163,16.588437453338905,5.124273953978254,15.373867209086113,1.2145702442527946,0.8769447706736618,31.331377755032822,0.0016180095119734672,0.0018113965603876823,13.8125,13.902401144150645,2.114341768901795,15.680826385505497,15.680826385505497,244.8984375,,847.9921875,0.0,0.0,,,0,32,"[0.5808956084187351, 0.957623117994483, 0.048090591879329986, 0.29913000825296887, 0.10797092717751364]"
164,16.557922340758203,5.126518434405774,15.34976624766158,1.2081560930966226,0.8769334711954252,31.35916110029878,0.002193084229276554,0.0013592429175936032,13.4375,12.799600190191995,5.236042656179052,17.79176045965869,17.79176045965869,244.8984375,,847.9921875,0.0,0.0,,,0,32,"[0.5812215862402531, 0.957673864433324, 0.047455120665956294, 0.29843663831065576, 0.10805203031489657]"
165,16.525182437574664,5.128766093686092,15.324285825077355,1.2008966124973068,0.8769222057407324,31.066944826179345,0.001564767777333942,0.0014043293360873725,14.96875,14.542934004566632,4.518456007645,18.782640414428897,18.782640414428897,244.8984375,,847.9921875,0.0,0.0,,,0,32,"[0.5815455748541265, 0.9577245714011564, 0.04681755361426381, 0.2977442928328865, 0.10813343163860961]"
166,16.49446077190374,5.130671670081797,15.300172907723375,1.194287864180363,0.8769108955324741,31.414079295855455,0.0015315457923795461,0.00146727930143241,14.59375,13.839292892953381,3.306712540506851,17.07215458736755,17.07215458736755,244.8984375,,847.9921875,0.0,0.0,,,0,32,"[0.581869700767865, 0.9577755972684048, 0.046184828305439296, 0.2970465602160852, 0.10820531092588509]"
167,16.463715296956806,5.131820243522373,15.276077080991495,1.187638215965313,0.8768996756504969,31.133784894262348,0.0015021520887026352,0.0015025246018535686,14.6875,14.035111547855195,3.8944766856729984,17.880456070997752,17.880456070997752,244.8984375,,847.9921875,0.0,0.0,,,0,32,"[0.5821892234116968, 0.9578264407160274, 0.04554189920432427, 0.2963566817175367, 0.10828296433593605]"
168,16.43295319681815,5.133036746976595,15.251867563310888,1.1810856335072604,0.8768884143464901,31.178891885296384,0.0014705730189526756,0.001527782634772512,13.9375,14.158989637508057,2.6937818620353937,16.276458838547114,16.276458838547114,244.8984375,,847.9921875,0.0,0.0,,,0,32,"[0.5825086677915967, 0.9578775889691251, 0.044904020945150835, 0.29566185347040963, 0.10835822506821736]"
169,16.402170552083952,5.134176331177553,15.22767278632335,1.1744977657606024,0.8768771854821625,30.879716100443762,0.0014391359922127367,0.0015073687619293254,14.4375,15.229514938255306,3.659432113636285,18.49684156331932,18.49684156331932,244.8984375,,847.9921875,0.0,0.0,,,0,32,"[0.5828258722966693, 0.957928733301819, 0.044263475495809355, 0.29496848463866093, 0.10843376810020786]"
170,16.371678821124135,5.135190366911448,15.203843776237493,1.1678350448866428,0.8768659096648301,30.569141035665883,0.0013930817472802004,0.0015872611039853398,14.40625,13.628896267618984,3.675988635222893,17.23112534818938,17.23112534818938,244.8984375,,847.9921875,0.0,0.0,,,0,32,"[0.5831430855519262, 0.9579802105259716, 0.043628595058710876, 0.29426980006725795, 0.1085078798155837]"
171,16.341570918991014,5.135607709340795,15.180127186710152,1.161443732280862,0.8768545820355848,31.632068969083488,0.0014856441116196106,0.0016294346183564313,15.40625,14.521278404572513,3.1781646830495447,17.5057084125001,17.5057084125001,244.8984375,,847.9921875,0.0,0.0,,,0,32,"[0.5834603789475878, 0.9580320478508547, 0.04299981258580792, 0.29356549794037246, 0.10858019100872209]"
172,16.310078832668253,5.136340356749515,15.155001121008585,1.1550777116596687,0.876843503873798,31.360819948469405,0.0013772816759944906,0.0011991130045280463,15.03125,14.380597764102276,3.384350420674309,17.52912616211688,17.52912616211688,244.8984375,,847.9921875,0.0,0.0,,,0,32,"[0.5837707025459533, 0.9580828424931922, 0.04234776213980547, 0.292878471382843, 0.10864299143646397]"
173,16.278896575440868,5.136906856443539,15.130142323978959,1.1487542514619111,0.8768323844948747,31.421188110265078,0.001265765784034062,0.0012554661903882445,14.6875,13.747375953244045,2.8677660011453554,16.349158162483945,16.349158162483945,244.8984375,,847.9921875,0.0,0.0,,,0,32,"[0.5840808918383491, 0.9581339456555141, 0.04170057687824195, 0.2921865981629669, 0.10870327206782195]"
174,16.24767393316494,5.1374837052220945,15.105336893873124,1.142337039291817,0.8768212978308021,31.45523270975007,0.0011569188550953347,0.0016912507444712221,14.3125,13.908698892919347,3.9014518406474963,17.357364122290164,17.357364122290164,244.8984375,,847.9921875,0.0,0.0,,,0,32,"[0.5843884470453807, 0.9581850749728307, 0.041050254806172005, 0.2914969306307549, 0.10876835267268821]"
175,16.216719895530154,5.1373092288749715,15.080668588400469,1.1360513071296834,0.8768102331003492,31.883958120761182,0.0010444999131895838,0.0021248462644451317,14.34375,13.721672257815953,3.866876468237024,17.541870263812598,17.541870263812598,244.8984375,,847.9921875,0.0,0.0,,,0,32,"[0.5846939945154771, 0.9582362928596814, 0.040396023250812034, 0.2908081386286212, 0.10880790164678669]"
176,16.184855808676474,5.137572300771296,15.055042832935225,1.129812975741249,0.8767993000802131,31.999799831463783,0.0009988343413663003,0.001724816641709457,13.0625,13.648311964061577,4.070066039275844,17.137019349320326,17.137019349320326,244.8984375,,847.9921875,0.0,0.0,,,0,32,"[0.5849979640108932, 0.9582867650533156, 0.03973716527275724, 0.29012219924502436, 0.10882907781996677]"
177,16.15316189281201,5.137855855475939,15.029535433914681,1.123626458897328,0.8767884335447597,31.717818818218277,0.0009999720109093724,0.0016930230558241319,11.46875,12.385080837702844,4.24790418765042,16.538277617655694,16.538277617655694,244.8984375,,847.9921875,0.0,0.0,,,0,32,"[0.5852993327385102, 0.9583369892662355, 0.03907527874721865, 0.28943928480969944, 0.10887585943800643]"
178,16.12197026933248,5.137732920772599,15.00453898417454,1.117431285157941,0.8767775245790601,31.421293510832022,0.0008404547595095846,0.0016966124868280042,11.875,14.436469391512219,3.7378547713160515,17.154416505945846,17.154416505945846,244.8984375,,847.9921875,0.0,0.0,,,0,32,"[0.5856005714546274, 0.9583875285821879, 0.03841832395256161, 0.28875146383407013, 0.10892073389306324]"
179,16.09117811236913,5.137755331819501,14.979996463869117,1.1111816485000103,0.8767665668192944,30.88787680857137,0.0006998713999301909,0.0017850498515166273,12.03125,14.438026119023561,5.055056586570572,19.24865648470586,19.24865648470586,244.8984375,,847.9921875,0.0,0.0,,,0,32,"[0.5859018571499606, 0.9584384111335044, 0.037766993401082076, 0.2880581960684483, 0.10896299751356896]"
180,16.06025544076213,5.137968152448684,14.955332423527443,1.1049230172346864,0.876755497641387,31.23945386614065,0.0006257638426317991,0.0018298593462242826,12.34375,14.149696718959603,4.537544518825598,18.35739499074407,18.35739499074407,244.8984375,,847.9921875,0.0,0.0,,,0,32,"[0.5862019697162962, 0.9584901549389828, 0.03712271297681518, 0.287359933034591, 0.10903072119168031]"
181,16.02885168576293,5.138377580872985,14.9301739055807,1.0986777801822312,0.8767445370885739,31.318595103804437,0.0005512242146214208,0.0019037440719295487,12.4375,14.68567734991666,4.565131057461258,18.426274487865157,18.426274487865157,244.8984375,,847.9921875,0.0,0.0,,,0,32,"[0.5865008112584398, 0.9585412742948124, 0.03647502158935575, 0.2866633333663006, 0.1090883867177552]"
182,15.997460917542508,5.138838689167955,14.905028879796653,1.0924320377458556,0.8767336169967993,30.9847870182958,0.00048660545472598016,0.0014790921029136832,11.84375,13.049890629190486,3.7376913824118674,16.698633291525766,16.698633291525766,244.8984375,,847.9921875,0.0,0.0,,,0,32,"[0.5867969678981808, 0.9585923692910955, 0.03582391268994082, 0.28596926051990934, 0.10915163726002251]"
183,15.96661415425088,5.138851941300547,14.880531703523554,1.0860824507273268,0.8767226349783216,30.964420991462656,0.00042005917201345944,0.0015525947495060688,12.0625,13.346667263249401,3.813596398686059,17.06595856376225,17.06595856376225,244.8984375,,847.9921875,0.0,0.0,,,0,32,"[0.5870932951234786, 0.95864388538185, 0.03517934825546001, 0.2852691087606748, 0.10921376995498926]"
184,15.935494973930593,5.1392037837763045,14.855582005938604,1.0799129679919917,0.8767116685902702,31.951758531054043,0.00035034855737509085,0.0015627331459869302,12.25,14.112771816144232,4.0384694875683635,17.482333940279204,17.482333940279204,244.8984375,,847.9921875,0.0,0.0,,,0,32,"[0.5873875651651285, 0.9586955041194445, 0.03453284162435344, 0.2845696111769071, 0.10927270173550653]"
185,15.903916054785405,5.1389696311995685,14.830135740289858,1.0737803144955465,0.8767009921823576,32.44032341380391,0.0002782866932499739,0.0016832998571794735,11.8125,13.573262229328975,5.9813963089254685,19.263655041868333,19.263655041868333,244.8984375,,847.9921875,0.0,0.0,,,0,32,"[0.5876755873192641, 0.9587457099108105, 0.033865503468040487, 0.28388684637756983, 0.10932760739236588]"
186,15.87159704181493,5.138505184196847,14.803860129447214,1.067736912367717,0.8766904626266833,32.550497504641406,0.00020626593453515474,0.001691389270990756,11.6875,13.404916855506599,3.2739781454438344,16.480624486575834,16.480624486575834,244.8984375,,847.9921875,0.0,0.0,,,0,32,"[0.587958532263166, 0.9587953890627219, 0.033185597042797325, 0.28321437548546946, 0.10938223607326263]"
187,15.839517717069661,5.1380762661955615,14.777835092962684,1.0616826241069754,0.876679984786374,32.680779750575034,0.0001741378384696457,0.0018483505833050372,11.5625,12.386054047965445,4.4510420702863485,16.837096118251793,16.837096118251793,244.8984375,,847.9921875,0.0,0.0,,,0,32,"[0.5882387092012679, 0.958844978591649, 0.032501721487149915, 0.2825449080770304, 0.10943853327925437]"
188,15.807156147236073,5.137531183205408,14.751451555550144,1.0557045916859307,0.8766695628282992,32.675023307686416,0.00018571994912783274,0.0010178842890487384,12.90625,13.937178206106182,5.012991125113331,18.792977920384146,18.792977920384146,244.8984375,,847.9921875,0.0,0.0,,,0,32,"[0.5885159959241243, 0.9588944634365355, 0.0318134569371331, 0.2818788453290863, 0.10949611494687]"
189,15.77442267691427,5.1376714880051155,14.724472304937244,1.049950371977025,0.8766591695647812,32.65779730597768,0.0009675969716304023,0.001205682218915917,12.84375,13.569250368163921,5.4093977669253945,18.97173350880621,18.97173350880621,244.8984375,,847.9921875,0.0,0.0,,,0,32,"[0.5887904629063949, 0.9589440208863788, 0.031122148023314127, 0.28121520386693544, 0.10955843613264937]"
190,15.741908696386474,5.1379201176385525,14.697830289142557,1.0440784072439189,0.8766487782884608,32.56822791505661,0.0009527750670570434,0.0013957430334427979,12.71875,13.897769029426854,5.358723348763306,18.997400467924308,18.997400467924308,244.8984375,,847.9921875,0.0,0.0,,,0,32,"[0.589065456792318, 0.9589935375248854, 0.030434416151323862, 0.2805466659811241, 0.1096032516734759]"
191,15.709661431138182,5.138247928894372,14.671207948478287,1.0384534826598921,0.8766383623102542,32.20251991896106,0.000982914612568525,0.0010583479595260897,12.25,13.749196456046775,5.17370331363054,18.80248400993878,18.80248400993878,244.8984375,,847.9921875,0.0,0.0,,,0,32,"[0.5893409487301461, 0.9590432286966193, 0.02975105015723661, 0.27987244813670786, 0.10961198070774995]"
192,15.67898499809917,5.136759000349581,14.646121277017462,1.0328637210817042,0.8766278777763388,31.81484530067045,0.0009431649492495919,0.008237199365022289,12.1875,14.203091282979585,4.894784127827734,18.985622162290383,18.985622162290383,244.8984375,,848.44140625,0.0,0.0,,,0,32,"[0.5896166469016404, 0.9590933858984085, 0.029074015082884985, 0.2791919809676387, 0.10961989987816374]"
193,15.646210964978362,5.138658841486952,14.619219864228084,1.0269911007502788,0.8766173107035077,31.74590032800299,0.0009695209099149504,0.002206460116464145,11.53125,13.385638820182066,4.844320777920075,18.136247468646616,18.136247468646616,244.8984375,,848.44140625,0.0,0.0,,,0,32,"[0.5898929985287383, 0.9591440640320449, 0.02840499796919509, 0.2785038987119811, 0.10962441828614683]"
194,15.614567789634254,5.139471058286753,14.59338671006868,1.021181079565574,0.8766067580020503,31.31439389250348,0.0009870763004718452,0.0023554966324894535,11.0,12.716594217636157,3.6581457825377584,16.221276215219405,16.221276215219405,244.8984375,,848.44140625,0.0,0.0,,,0,32,"[0.5901664252131312, 0.9591949264331658, 0.027732474783979385, 0.27781816611119486, 0.10963600405243096]"
195,15.583185835529033,5.140093985528894,14.567824129647846,1.015361705881187,0.8765961122565753,31.864300329502882,0.0008972428106538699,0.0023975971258776855,10.90625,12.030754871375393,4.304791524191387,16.233679329161532,16.233679329161532,244.8984375,,848.44140625,0.0,0.0,,,0,32,"[0.5904404243250257, 0.9592463904837804, 0.027068186277089918, 0.2771246906442508, 0.10964541120591315]"
196,15.551797157212064,5.140625686598769,14.542098553167843,1.0096986040442224,0.8765856370965004,31.421820579685637,0.00090311100554058,0.002603506214543314,10.96875,12.721813145617489,4.845506620767992,17.564001580467448,17.564001580467448,244.8984375,,848.44140625,0.0,0.0,,,0,32,"[0.5907087781832218, 0.9592972099654029, 0.026389264759418107, 0.27644334121986874, 0.10966064675038381]"
197,15.520855534891627,5.141211059667488,14.517033727429345,1.0038218074622818,0.8765750652445379,30.81217901625111,0.00046586193499595363,0.0026258271184135982,10.84375,12.171555878012441,3.696882980875671,15.868438858888112,15.868438858888112,244.8984375,,848.44140625,0.0,0.0,,,0,32,"[0.5909776888251324, 0.9593486590116718, 0.025718461714680323, 0.2757542322859017, 0.10967451089848272]"
198,15.489974551047798,5.141977659290202,14.49181912589055,0.9981554251572455,0.87656435094501,30.703930300894005,0.0009945353652823508,0.002798709639958065,11.28125,12.905533141747583,4.102452723600436,16.988825955195352,16.988825955195352,244.8984375,,848.44140625,0.0,0.0,,,0,32,"[0.5912470119088631, 0.9594010566658796, 0.025057347751340633, 0.2750563811343779, 0.10970003853443946]"
199,15.459874688265671,5.142683442832326,14.467446698830784,0.992427989434888,0.8765536039993818,30.21168467738595,0.0009920555618780358,0.003037109310509662,10.65625,12.812372930056881,3.7982310677762143,16.539925636607222,16.539925636607222,244.8984375,,848.44140625,0.0,0.0,,,0,32,"[0.5915181191375366, 0.9594535274493823, 0.02440571814840294, 0.2743499268885321, 0.1097070347149172]"
200,15.429313614515284,5.144573942816047,14.442466266366345,0.9868473481489379,0.8765427381994093,30.288996132800193,0.0009451665295745204,0.003212292285107675,11.5,12.879521658760495,4.6506322105415165,17.222244874574244,17.222244874574244,244.8984375,,848.44140625,0.0,0.0,,,0,32,"[0.5917909130096197, 0.9595066657922262, 0.02376670635809286, 0.2736327267994608, 0.10971394730882604]"
201,15.399365667517953,5.146565803768308,14.417995043222735,0.9813706242952159,0.8765318992609455,30.262535041844014,0.0009571599295111477,0.00120120249228065,11.46875,12.804536949261092,4.939110549457837,17.50887503294507,17.50887503294507,244.8984375,,848.44140625,0.0,0.0,,,0,32,"[0.5920624510545631, 0.9595597402117265, 0.02312800306208245, 0.2729147611885062, 0.10971975052302364]"
202,15.36931615400971,5.14905608746008,14.39353833630675,0.9757778177029619,0.8765210671413218,30.243524308680506,0.0009690181457451819,0.0016271689275600921,11.53125,13.299457335961051,4.363657128124032,17.233428741747048,17.233428741747048,244.8984375,,848.44140625,0.0,0.0,,,0,32,"[0.5923320877198862, 0.9596129525211455, 0.022488526181175982, 0.27219680914877203, 0.10972862217830212]"
203,15.339568172868793,5.151647964156099,14.369022118631161,0.9705460542376301,0.8765102459585526,29.61020777531406,0.0008208015969270732,0.0015053600760938245,12.59375,14.518351708829869,4.821388429263607,19.134362519253045,19.134362519253045,244.8984375,,848.44140625,0.0,0.0,,,0,32,"[0.5925995911393876, 0.9596662957651766, 0.02184755317487478, 0.271479470156842, 0.10974184317377403]"
204,15.310359744157125,5.154379025571469,14.345238653119612,0.9651210910375134,0.8764992403075128,29.582405964060627,0.0012813124374620177,0.0032602153581620242,12.5,14.07470197591465,5.654244290781207,19.47936614305945,19.47936614305945,244.8984375,,848.44140625,0.0,0.0,,,0,32,"[0.5928690771437857, 0.9597207379449526, 0.021222633553735683, 0.2707489252533266, 0.10975573394617476]"
205,15.281611371653417,5.157838497237316,14.32180037872472,0.9598109929286966,0.8764882387205366,28.9290356318309,0.0012982325683604523,0.005775870077000126,12.6875,14.249811974877957,4.724284248368349,18.63840663281735,18.63840663281735,244.8984375,,848.44140625,0.0,0.0,,,0,32,"[0.5931365676351246, 0.9597753478677263, 0.020596752532712134, 0.27001856671870317, 0.10977350897931393]"
206,15.253524194651789,5.1608338817280766,14.299330440824802,0.9541937538269856,0.876477028468837,28.147207458411977,0.0011161738445488179,0.003217316792791684,11.59375,12.94098021753598,4.571275676426012,17.498448956757784,17.498448956757784,244.8984375,,848.44140625,0.0,0.0,,,0,32,"[0.5934064654510918, 0.9598311838920669, 0.019989715034956165, 0.26927345281164494, 0.10979217041410702]"
207,15.226443836131539,5.163843719394209,14.27796861240137,0.9484752237301703,0.8764655496396524,27.40368696558048,0.0009942729366249348,0.0039392425570362955,11.5,12.79526214057114,4.836597916437313,17.42748423566809,17.42748423566809,244.8984375,,848.44140625,0.0,0.0,,,0,32,"[0.5936787977961204, 0.9598886563998876, 0.019405114745953134, 0.2685117032056196, 0.10981479881470949]"
208,15.200242518101435,5.1670902565636885,14.257257078344175,0.9429854397572608,0.8764538004722776,27.915286644995632,0.0009855269749589335,0.004737384518637036,12.0625,12.760403464199044,6.21506264724303,18.814885152096394,18.814885152096394,244.8984375,,848.44140625,0.0,0.0,,,0,32,"[0.5939541619802428, 0.9599477231600285, 0.018846273086915406, 0.26773200222381804, 0.10983596631457886]"
209,15.173173367419645,5.169891939451947,14.235843816913704,0.937329550505942,0.8764422693269257,27.80561688066107,0.0009929457688441223,0.0026132661345619375,11.96875,13.292100506077986,4.102078724827152,17.30362662783591,17.30362662783591,244.8984375,,848.44140625,0.0,0.0,,,0,32,"[0.5942239431554374, 0.9600058091899963, 0.018266563118888295, 0.2669658948157324, 0.10986529075625372]"
210,15.146291459027783,5.171901768490203,14.21451364205443,0.9317778169733528,0.8764307032731075,27.73876919361951,0.0009854540491579522,0.003066114150310155,12.34375,14.559171184373554,4.410652458318509,18.63568287808448,18.63568287808448,244.8984375,,848.44140625,0.0,0.0,,,0,32,"[0.5944921694065873, 0.9600642939745165, 0.01768874490055506, 0.266198062408452, 0.10989984085127333]"
211,15.118629567855997,5.173695175851632,14.192015002190006,0.9266145656659917,0.876419133416833,28.453741527860707,0.0017526193211556407,0.002103070310268522,13.15625,14.236957576940767,6.130742585810367,20.125009359617252,20.125009359617252,244.8984375,,848.44140625,0.0,0.0,,,0,32,"[0.5947591414836734, 0.9601229315298315, 0.01711244329977904, 0.2654286353230915, 0.1099336930656714]"
212,15.090761757413542,5.174774368160489,14.170157996110731,0.9206037613028089,0.8764078537141239,28.92580966692603,0.0009845002619012222,0.00434719908684471,10.40625,12.360636719677132,5.099919391795993,17.449330451199785,17.449330451199785,244.8984375,,848.44140625,0.0,0.0,,,0,32,"[0.5950194338174004, 0.9601801936264215, 0.01651037677222788, 0.26467713551111266, 0.10997532096851638]"
213,15.06252919698556,5.1770313579932,14.147473451855891,0.9150557451296687,0.8763967061040867,28.860590670218837,0.0009963526966690894,0.0023595884249640407,10.71875,13.119410650688224,5.435162020148709,18.40858473588014,18.40858473588014,244.8984375,,848.44140625,0.0,0.0,,,0,32,"[0.5952788962137181, 0.9602366353807131, 0.01590512349311646, 0.2639269965676913, 0.1099966194885862]"
214,15.034496080284962,5.177902564676937,14.124860347795273,0.9096357324896893,0.8763855436932819,28.00393534327555,0.0009930994532912907,0.0024393185292536563,10.21875,12.39778858871432,5.331265172571875,17.686146988125984,17.686146988125984,244.8984375,,848.44140625,0.0,0.0,,,0,32,"[0.5955369074676504, 0.9602933243882478, 0.015301215783564335, 0.26317529204983964, 0.1100178879030533]"
215,15.007002555419017,5.178724545718096,14.102582740258526,0.904419815160493,0.8763740616689916,27.142393821152798,0.000978242539458496,0.0020610657135808736,9.90625,12.326608084549662,4.505031130975112,16.70112425199477,16.70112425199477,244.8984375,,848.44140625,0.0,0.0,,,0,32,"[0.5957987259284507, 0.9603518794976207, 0.01472608101893752, 0.26240269623817936, 0.1100362755911377]"
216,14.978837445425807,5.179255045480571,14.079803845286957,0.8990336001388501,0.876362232803779,28.709101395909688,0.0009953810654297623,0.002124406103289756,10.46875,12.519404575868975,5.004799641028512,17.378256176016293,17.378256176016293,244.8984375,,848.44140625,0.0,0.0,,,0,32,"[0.5960645937598229, 0.9604124592135266, 0.014184342993931866, 0.26160776639471556, 0.11005211385164392]"
217,14.950068967859881,5.179239023439004,14.056344742861217,0.8937242249986647,0.8763510432260329,29.97855883709496,0.00099871916864272,0.00252879791116086,10.5,13.057690892310347,3.419684806431178,16.091485893412028,16.091485893412028,244.8984375,,848.44140625,0.0,0.0,,,0,32,"[0.5963178502057047, 0.9604698019524703, 0.013582872986180775, 0.2608528924563719, 0.11008329317003282]"
218,14.92082335273574,5.179546443672507,14.032137323680764,0.8886860290549763,0.8763402793606172,29.044699777902817,0.001212554101581248,0.001167773928967737,12.3125,14.556024536432233,3.7151876895222813,16.971230776107404,16.971230776107404,244.8984375,,848.44140625,0.0,0.0,,,0,32,"[0.5965658120124397, 0.9605246971543941, 0.012955781406862765, 0.2601166434554105, 0.11009725808815872]"
219,14.89253375288887,5.179508108752028,14.009192489081599,0.8833412638072679,0.8763291777305212,28.04601096110213,0.0009947679972642787,0.0020279381319223953,11.25,12.7011656149989,5.68276438571047,18.326616314880084,18.326616314880084,244.8984375,,848.44140625,0.0,0.0,,,0,32,"[0.5968179499313553, 0.960581554825157, 0.01235739985612719, 0.25935834575983313, 0.1101081116471013]"
220,14.864261082034101,5.180575891669469,13.986161795597772,0.8780992864363308,0.8763176860195827,29.02020022431681,0.0009960507278950481,0.0013544033430367601,10.96875,11.971143598202616,5.169236035726499,17.112763351178728,17.112763351178728,244.8984375,,848.44140625,0.0,0.0,,,0,32,"[0.59707494970908, 0.9606406656781442, 0.011794700677660766, 0.25857489771963627, 0.1101140969769502]"
221,14.836392873938678,5.180777449611984,13.963621020060375,0.872771853878304,0.8763065984973396,27.92472388961462,0.0009814657644306446,0.005369567192973587,11.0,11.967426318733487,5.446488612506073,17.324243737675715,17.324243737675715,244.8984375,,848.44140625,0.0,0.0,,,0,32,"[0.5973237972349441, 0.9606977481197368, 0.01119629385698279, 0.2578156020575976, 0.11012809263015204]"
222,14.814050667290832,5.17488045831376,13.947024675390916,0.8670259918999167,0.8762950765258142,28.58650891429194,0.0017187769074396286,0.0007848025527958833,11.5625,13.165936885343399,5.929848040977959,19.095784926321357,19.095784926321357,244.8984375,,848.44140625,0.0,0.0,,,0,32,"[0.5975781456515875, 0.9607573281176082, 0.010637706052714899, 0.257028391726589, 0.1101341479155369]"
223,14.785979152624256,5.174278556746781,13.924306076744983,0.8616730758792701,0.8762837899412748,28.324636020138406,0.0016519598436983973,0.003434571659382802,11.21875,12.884838943136856,5.306543949700426,18.13926229806384,18.13926229806384,244.8984375,,848.44140625,0.0,0.0,,,0,32,"[0.5978239672234966, 0.9608160913755829, 0.010048536399560735, 0.2562615949556935, 0.11016609265286284]"
224,14.758139307274725,5.173040787017961,13.901758270046546,0.8563810372281758,0.8762724013775756,28.799047590492922,0.0015703596047301205,0.001806985257253878,11.25,12.863001691584941,3.570492539438419,16.126464666740503,16.126464666740503,244.8984375,,848.44140625,0.0,0.0,,,0,32,"[0.5980700836194972, 0.9608755465001061, 0.009469309233927293, 0.25548719058105, 0.11019227590920862]"
225,14.728848233561223,5.172000895104233,13.877687751332648,0.8511604822285744,0.8762611992286463,29.9327007621853,0.001485787110352993,0.004871402479414974,11.40625,12.027419717924204,3.900106421497185,15.897352444881108,15.897352444881108,244.8984375,,848.44140625,0.0,0.0,,,0,32,"[0.5983107310022467, 0.960934241240094, 0.008871548643504304, 0.2547253091965607, 0.11022164931860154]"
226,14.699201113000834,5.171313416534554,13.85322591014268,0.8459752028581534,0.876250435165415,29.864448645792717,0.0013936554762136177,0.0011414456330798555,11.03125,11.502520814246964,5.371418628783431,16.834907888551243,16.834907888551243,244.8984375,,848.44140625,0.0,0.0,,,0,32,"[0.5985428960873248, 0.9609907045194075, 0.008239071968785969, 0.2539891022530928, 0.11025137916365134]"
227,14.670320518419224,5.171381854620776,13.8289113214405,0.8414091969787252,0.8762396471624881,28.42305887469058,0.002907588663802113,0.0016493048903789573,11.125,11.699425645929296,3.8328843147610314,15.326898675994016,15.326898675994016,244.8984375,,848.44140625,0.0,0.0,,,0,32,"[0.5987741655884409, 0.961047432723435, 0.007609501138866303, 0.253249872334058, 0.11027319717546216]"
228,14.642593761363177,5.171283804056018,13.806385904432515,0.8362078569306596,0.8762282781793777,26.871470041614536,0.002780105128635413,0.0008354562144092328,11.5,11.70312000613194,3.029006278666202,14.597377405152656,14.597377405152656,244.8984375,,848.44140625,0.0,0.0,,,0,32,"[0.5990123508730456, 0.9611075505955715, 0.007026193082703367, 0.2524759196819037, 0.11029326245607925]"
229,14.614470766387447,5.173600390208419,13.783529179389427,0.8309415869980192,0.8762161993003825,27.530673402163888,0.0026448975321428647,0.007051672367372208,10.625,11.91409133025445,5.522432293219026,17.410131651558913,17.410131651558913,244.8984375,,848.44140625,0.0,0.0,,,0,32,"[0.59925878793041, 0.9611718193372889, 0.006505983515945185, 0.2516609171497854, 0.11031032659653936]"
230,14.589687263309177,5.172985227555099,13.764033516659072,0.825653746650103,0.8762043944969521,26.89690557978857,0.0025087831329035637,0.004227800246780861,10.34375,11.05123218439985,3.976318199420348,15.027550383820198,15.027550383820198,244.8984375,,848.44140625,0.0,0.0,,,0,32,"[0.5994979118828615, 0.9612349023217571, 0.005954245111169719, 0.2508648321782314, 0.11033628277492276]"
231,14.56322515340494,5.17477240518949,13.743573917053386,0.8196512363515529,0.8761922748663103,25.235875052342394,0.0006709390173297858,0.002654239782185393,9.96875,11.48768469283823,4.676185373682529,16.163870066520758,16.163870066520758,244.8984375,,848.44140625,0.0,0.0,,,0,32,"[0.5997396248263038, 0.9612999606240985, 0.005431034505198152, 0.25005022356144985, 0.11033388829522549]"
232,14.53824519013901,5.177330430857164,13.723386761799214,0.8148584283397966,0.8761792597327572,24.678977999821615,0.0009888613979240068,0.0008327660199307444,11.8125,12.70543280406855,5.021691686124541,17.592111929843668,17.592111929843668,244.8984375,,848.44140625,0.0,0.0,,,0,32,"[0.5999908899023008, 0.9613703041068535, 0.005000907715633216, 0.24918613469944761, 0.11031779359173632]"
233,14.5143609499774,5.179993600950431,13.704405439077378,0.8099555109000199,0.876165884566972,23.392845003062586,0.0010729510105390583,0.0016577027743683852,12.75,13.369105494348332,3.990903263911605,17.24431453476427,17.24431453476427,244.8984375,,848.44140625,0.0,0.0,,,0,32,"[0.6002436175876338, 0.9614429931273389, 0.00460884893492637, 0.24830467677439047, 0.1103048760768152]"
234,14.491472835481645,5.182858017347634,13.686706759874301,0.8047660756073457,0.876151648400532,22.73449391610295,0.0009854122020173939,0.0013083388994167557,12.75,13.354322996747214,3.7715289581683464,16.991172116831876,16.991172116831876,244.8984375,,848.44140625,0.0,0.0,,,0,32,"[0.6005035192119833, 0.9615208519928322, 0.00434486649595951, 0.24737929045702753, 0.11028583458844946]"
235,14.469272034265561,5.184876524822969,13.669530644264874,0.7997413900006874,0.8761369034602835,22.39814199254545,0.0009962262000928201,0.0012079527646151151,12.125,11.86967462854227,4.445128724910319,16.250325810688082,16.250325810688082,244.8984375,,848.44140625,0.0,0.0,,,0,32,"[0.6007661679100084, 0.9616017960999891, 0.004198570195883234, 0.24642908492630183, 0.11027277492135516]"
236,14.447655670352288,5.186461817741052,13.652826215889,0.7948294544632877,0.8761218264957494,22.28744103271909,0.0009895283315096703,0.0007416119379566306,11.5,11.844730383018032,4.848714517720509,16.69344490073854,16.69344490073854,244.8984375,,848.44140625,0.0,0.0,,,0,32,"[0.6010266012007328, 0.9616851241926164, 0.004133165148292419, 0.2454694593957646, 0.11026429253063834]"
237,14.424611181850972,5.190143538540989,13.634519280266428,0.7900919015845439,0.8761065983079758,22.33966553162029,0.0017463625860595078,0.0036288887296556846,10.75,12.103429340641014,4.731549772259314,16.834037618536968,16.834037618536968,244.8984375,,848.44140625,0.0,0.0,,,0,32,"[0.6012841860174327, 0.9617697126578808, 0.004110077951392275, 0.2445072370382783, 0.11025480728721793]"
238,14.402493920788428,5.19203204530525,13.617372297635665,0.7851216231527623,0.8760912696836701,22.19729912821896,0.0009733755907096187,0.004909496132082863,10.375,11.743924849724863,6.150368652015459,17.787280681659468,17.787280681659468,244.8984375,,848.44140625,0.0,0.0,,,0,32,"[0.6015378677747145, 0.9618552173014389, 0.004119965010223668, 0.243546345691155, 0.1103249826892022]"
239,14.380124652441449,5.194550890884756,13.59928139492887,0.780843257512579,0.8760758308168201,22.156481249403832,0.0009859997613224092,0.00443565095930684,10.09375,11.404719065467361,4.175571972155012,15.43906526057981,15.43906526057981,244.8984375,,848.44140625,0.0,0.0,,,0,32,"[0.6017887442375044, 0.96194187396359, 0.004144002369121336, 0.24258324141147303, 0.1102875130327002]"
240,14.358587268538493,5.195931177533558,13.58239548917045,0.7761917793680422,0.8760603080673723,22.113541218413868,0.00097913829870247,0.0020003432303068495,9.96875,11.067894440202508,4.072677715157624,15.0039449436008,15.0039449436008,244.8984375,,848.44140625,0.0,0.0,,,0,32,"[0.6020366792583226, 0.9620293930533802, 0.004175619147394118, 0.24161961912334687, 0.11025144227539889]"
241,14.334300799511979,5.2011090051650966,13.562685775322048,0.7716150241899304,0.8760447028141287,22.12995454420279,0.0028857409574108706,0.011300492838267116,9.46875,11.173954400874209,5.253975963569246,16.427930364443455,16.427930364443455,244.8984375,,848.44140625,0.0,0.0,,,0,32,"[0.6022818738032607, 0.9621177778437875, 0.004206452742907963, 0.24065539937407338, 0.11021406141858839]"
242,14.314275472577382,5.200534356934887,13.547534583007282,0.7667408895700989,0.8760289911002871,22.031396762115488,0.0009496132745262231,0.0013238145989754118,9.34375,10.90167728398228,4.161024393397383,14.887010111124255,14.887010111124255,244.8984375,,848.44140625,0.0,0.0,,,0,32,"[0.602524243867239, 0.9622071195352512, 0.004233547056152956, 0.23969056131435068, 0.11025441276248013]"
243,14.292549937724582,5.202204212855167,13.530543184184118,0.7620067535404624,0.8760132169074202,22.073241506395124,0.0009878381514204226,0.006411716788806934,9.40625,11.314245632092934,5.172706834855489,16.250197586487047,16.250197586487047,244.8984375,,848.44140625,0.0,0.0,,,0,32,"[0.6027638032877687, 0.9622972598077253, 0.004265701835914793, 0.23872512022778386, 0.11021732376382924]"
244,14.269434760891603,5.205817475118733,13.512103294108393,0.7573314667832101,0.8759973573598622,21.95488556165599,0.0009569636095342338,0.003182325983522252,9.46875,11.74462686321931,4.3940507603110746,15.845611873373855,15.845611873373855,244.8984375,,848.44140625,0.0,0.0,,,0,32,"[0.6030004849010094, 0.9623881942238681, 0.004291635600014716, 0.2377596931623146, 0.11027201166974585]"
245,14.250066649167028,5.204335093738673,13.497392091252307,0.7526745579147225,0.8759814152789315,22.003490647959698,0.0012452296784694894,0.002274663801479462,9.1875,11.608117798459716,2.8071954438928515,13.883523082768079,13.883523082768079,244.8984375,,848.44140625,0.0,0.0,,,0,32,"[0.6032342681940078, 0.9624800928386521, 0.004324173760595851, 0.23679310125716688, 0.11023275133958281]"
246,14.22974437901297,5.204396641461288,13.48187479646687,0.7478695825461015,0.8759653919446648,21.97426296470332,0.0020369039203636807,0.006994767887089017,8.90625,10.375429104897194,3.328619583044201,13.64726890460588,13.64726890460588,244.8984375,,848.44140625,0.0,0.0,,,0,32,"[0.6034652174400402, 0.9625727498993698, 0.00435020415581646, 0.23582686405185357, 0.11029427528979117]"
247,14.201344411464575,5.215137651738182,13.458255937039898,0.7430884744246776,0.8759492895533103,21.821553143605293,0.0008731115028800251,0.01630951340343852,8.59375,10.792063760163728,2.4568322915001772,13.028302106249612,13.028302106249612,244.8984375,,848.44140625,0.0,0.0,,,0,32,"[0.6036932690935842, 0.962666246728951, 0.004377420382879942, 0.23486037234074206, 0.11036063669055436]"
248,14.182528385388046,5.213139914986027,13.444090285853134,0.7384380995349131,0.8759330655533557,22.041908459878325,0.000623525875076969,0.0022471881449534765,8.15625,10.520936550165061,3.2455743348691612,13.533049452234991,13.533049452234991,244.8984375,,848.44140625,0.0,0.0,,,0,32,"[0.6039182408986367, 0.9627610058699655, 0.004414288051655822, 0.23389194858879475, 0.11032592928804472]"
249,14.160483061550226,5.216159980814557,13.42695933263762,0.7335237289126042,0.8759169711948126,21.908382702292297,0.0007877075840642678,0.002646624745419385,8.40625,10.520147036004346,4.953789502906147,14.964578884246293,14.964578884246293,244.8984375,,848.44140625,0.0,0.0,,,0,32,"[0.6041427280249698, 0.962855078651606, 0.004341247601196172, 0.23292583538759062, 0.11037116441732335]"
250,14.139814748884296,5.217395096730317,13.411066254697221,0.7287484941870755,0.8759006848384098,21.85657377432272,0.0009266189787559276,0.004187634777909478,8.5,10.613592799927574,4.687670822022483,15.275253179424908,15.275253179424908,244.8984375,,848.44140625,0.0,0.0,,,0,32,"[0.6043640238516886, 0.9629507156603384, 0.004320220070491014, 0.2319563220667863, 0.11040968043182357]"
251,14.116693798667484,5.221535986617104,13.392660881344534,0.7240329173229487,0.8758842814595823,21.734474347645286,0.0009450468079406082,0.007990165090150875,8.25,9.864391991868615,3.3478865734650753,13.128955033607781,13.128955033607781,244.8984375,,848.44140625,0.0,0.0,,,0,32,"[0.6045818301573369, 0.9630474301717276, 0.00433315111274753, 0.23098629151772804, 0.11045529006399162]"
252,14.096508795377371,5.221734129021366,13.377096306773794,0.719412488603576,0.8758677780787616,21.737596996685394,0.0010141031566990588,0.005911789309942272,8.0625,9.915912487485912,4.790625702298712,14.706538189784624,14.706538189784624,244.8984375,,848.4453125,0.0,0.0,,,0,32,"[0.6047963101061802, 0.9631452593808237, 0.004358851366066002, 0.23001578311710968, 0.11041192257962344]"
253,14.074697135191023,5.224167886823588,13.359799764973559,0.7148973702174666,0.8758511359323359,21.687697860108266,0.0009493788726911978,0.002097031546291133,8.0,10.061329368909355,3.975682193413377,14.037011562322732,14.037011562322732,244.8984375,,848.4453125,0.0,0.0,,,0,32,"[0.6050072666791513, 0.9632443048949931, 0.004385215772914727, 0.22904503319895078, 0.11046327260288734]"
254,14.052457598863075,5.227194650513773,13.342369140091549,0.7100884587715256,0.8758343872565122,21.62953529366566,0.0009011853685889637,0.001649857490550896,7.59375,9.847839690337423,2.7524808756425045,12.350615368632134,12.350615368632134,244.8984375,,848.4453125,0.0,0.0,,,0,32,"[0.6052152693396851, 0.96334440934863, 0.004413981300346034, 0.22807350260121292, 0.1105081595014623]"
255,14.030496962208174,5.229640793676547,13.325058895473392,0.7054380667347837,0.8758175215447086,21.58172530580127,0.0013505881724638624,0.009849732274437684,7.3125,9.520196064841002,3.7173760792938992,13.034297960984986,13.034297960984986,244.8984375,,848.4453125,0.0,0.0,,,0,32,"[0.6054198645844641, 0.9634456652863717, 0.004447760111582346, 0.22710152183737636, 0.11055288541709304]"
256,14.008495845887722,5.2320861358890385,13.307797432094139,0.700698413793583,0.8758005522225402,21.48080993510837,0.0007415404188473584,0.0017382930031642763,7.4375,9.86014622321818,2.815779982483946,12.365312897600234,12.365312897600234,244.8984375,,848.4453125,0.0,0.0,,,0,32,"[0.6056214454783443, 0.9635479640867315, 0.004480425947082664, 0.2261288049733599, 0.11059356642391983]"
257,13.988414022348998,5.232747693322513,13.292314499945995,0.696099522403002,0.8757835026235199,21.50910397842497,0.0008781164758144278,0.0040209404494437,7.3125,9.415081796760205,3.730647418706212,13.145729215466417,13.145729215466417,244.8984375,,848.4453125,0.0,0.0,,,0,32,"[0.6058197520488667, 0.9636512433688826, 0.004512820308498719, 0.2251557134326794, 0.11054827456184226]"
258,13.967144840214171,5.234572418647164,13.275663785477079,0.6914810547370933,0.8757663423587497,21.428530764140103,0.0011074580766418374,0.004807352714459099,7.15625,10.107330286700744,3.1425241322722286,12.35216644272441,12.35216644272441,244.8984375,,848.4453125,0.0,0.0,,,0,32,"[0.6060151313633337, 0.9637554985265513, 0.004544491127951377, 0.22418221614683817, 0.11059579065630334]"
259,13.945702735512345,5.237079017652632,13.258853341463391,0.6868493940489546,0.8757490297980397,21.38194528332301,0.0011520549885947473,0.0046645254685602116,6.71875,8.398600744840223,3.301635639218148,11.664762227155734,11.664762227155734,244.8984375,,848.4453125,0.0,0.0,,,0,32,"[0.6062065111338941, 0.9638612054732255, 0.0045817090134599335, 0.2232086948188842, 0.11065120615830444]"
260,13.924519345366736,5.239068332879414,13.242207952946998,0.6823113924197395,0.8757316054888871,21.335262629134725,0.00099860896987794,0.0011661261595322771,6.53125,9.094664346775971,3.6129552172496915,12.5746996855014,12.5746996855014,244.8984375,,848.4453125,0.0,0.0,,,0,32,"[0.6063946424328329, 0.9639680228164057, 0.0046212833989400315, 0.22223467143628087, 0.11070514119062444]"
261,13.90183373486491,5.243391818764092,13.224144840510311,0.6776888943545993,0.8757140718677529,21.197155573163773,0.000978958065208202,0.00893715779448858,6.625,10.089243362017442,3.0239498446462676,12.65877407422522,12.65877407422522,244.8984375,,848.4453125,0.0,0.0,,,0,32,"[0.6065797763252506, 0.9640759330759021, 0.0046561960433209315, 0.22125988544076336, 0.11075666000251858]"
262,13.883202568415946,5.242243987994552,13.209969982204512,0.6732325862114352,0.8756964124244554,21.255505614843127,0.0016285294265107053,0.009514639347509025,6.46875,8.760118835198227,3.4406678678351454,12.200786703033373,12.200786703033373,244.8984375,,848.4453125,0.0,0.0,,,0,32,"[0.6067613888122727, 0.9641851632920458, 0.004697298137427046, 0.22028409254574785, 0.11072166702699215]"
263,13.858668148565153,5.249274970238852,13.190098468401258,0.6685696801638947,0.8756786659822547,21.18418857938701,0.000934086572226267,0.017905992872645802,6.46875,9.081916512513999,2.9669493742403574,11.90247113845544,11.90247113845544,244.8984375,,848.4453125,0.0,0.0,,,0,32,"[0.6069401020048968, 0.9642952155488426, 0.004731259582943616, 0.21930857533342643, 0.11077790655258696]"
264,13.839716696010523,5.248958191770119,13.175622899233998,0.6640937967765255,0.8756607816928611,21.14753847041413,0.0018932710766775829,0.0031009331283836736,6.5625,8.715522948477883,2.8804606845369563,11.570463007956278,11.570463007956278,244.8984375,,848.4453125,0.0,0.0,,,0,32,"[0.6071155296701299, 0.9644065894660051, 0.004768592588937807, 0.21833177319510558, 0.11081375085592748]"
265,13.818598691418284,5.250926662632503,13.15902145405325,0.6595772373650339,0.8756427862465523,21.10692854461123,0.0017740368993490185,0.0035800330177876475,6.28125,8.65406770753907,2.547836040321272,11.171171623573173,11.171171623573173,244.8984375,,848.4453125,0.0,0.0,,,0,32,"[0.6072878246253737, 0.9645190702956392, 0.004805973269042904, 0.2173546106192651, 0.11085141378855429]"
266,13.795618363455356,5.256230829237549,13.140800066926833,0.6548182965285246,0.8756246834526761,21.00155651543807,0.0008444943574326125,0.017846814634529327,6.15625,9.665029981988482,2.6200807333225384,11.954003159189597,11.954003159189597,244.8984375,,848.4453125,0.0,0.0,,,0,32,"[0.6074569995550294, 0.9646326334506026, 0.004838497164051827, 0.21637684610303198, 0.11088885707980417]"
267,13.775603781231913,5.257549360452173,13.125097956448661,0.6505058247832525,0.8756064766632448,20.982828655668026,0.00328287802238858,0.018680607723089576,6.0625,9.321640573034529,3.0422513373196125,11.905868748726789,11.905868748726789,244.8984375,,848.4453125,0.0,0.0,,,0,32,"[0.6076222062211726, 0.9647473699954902, 0.004878103576859666, 0.21539905351094313, 0.11084532247690292]"
268,13.754754390492678,5.259571550307101,13.108817068431865,0.6459373220608113,0.8755880969305724,20.943012341821778,0.002174400956970246,0.011904772709615112,5.875,8.43304624868324,2.6971242332365364,11.004825384588912,11.004825384588912,244.8984375,,848.4453125,0.0,0.0,,,0,32,"[0.6077841678778085, 0.9648636111593271, 0.004911489993935324, 0.21442031322009422, 0.11088009608519217]"
269,13.735944944784917,5.259497496930202,13.094547321975558,0.6413976228093601,0.8755696013675301,20.91751913076529,0.0009362711033353843,0.002991140938143501,5.1875,7.600953889777884,2.9620838176924735,10.563037707470357,10.563037707470357,244.8984375,,848.4453125,0.0,0.0,,,0,32,"[0.6079427615209566, 0.9649810029935847, 0.0049453920399396434, 0.2134412241836948, 0.11091618657814818]"
270,13.71135499517962,5.266805422731795,13.074554175600694,0.6368008195789262,0.875550995413651,20.853342819460416,0.0008305337863614426,0.021608903604480385,5.3125,9.500329913862515,3.4775675085256808,12.778835494827945,12.778835494827945,244.8984375,,848.4453125,0.0,0.0,,,0,32,"[0.6080977666860938, 0.9650994966680007, 0.004988656626601785, 0.212462475613523, 0.11096214373027691]"
271,13.694764187323955,5.263531301208686,13.06230823507805,0.6324559522459055,0.8755322470268057,20.832775944980966,0.0007305919704998498,0.003482768017406247,5.09375,8.59819354081992,3.2229172429651953,11.790836848376784,11.790836848376784,244.8984375,,848.4453125,0.0,0.0,,,0,32,"[0.608249104061837, 0.9652193648494638, 0.005035746303825731, 0.21148286089081839, 0.11099157458373392]"
272,13.672519327000982,5.267895961371184,13.044490746826774,0.6280285801742074,0.8755133980999082,20.77379405585401,0.0017169110468821802,0.010845792453057078,4.90625,8.501279167830944,2.5556148175382987,10.83936669601826,10.83936669601826,244.8984375,,848.4453125,0.0,0.0,,,0,32,"[0.608397342087134, 0.9653402564703956, 0.005077951659063634, 0.2105032533820599, 0.11103627962391703]"
273,13.65173357702707,5.270247920600838,13.028131680714873,0.6236018963121965,0.8754944097227719,20.65422240407924,0.001896205008555668,0.012648746621443904,4.8125,7.8200128191383556,2.385044157563243,10.13996804249473,10.13996804249473,244.8984375,,848.5078125,0.0,0.0,,,0,32,"[0.6085421115642148, 0.9654624961180872, 0.0051204028337433075, 0.20952284471380153, 0.11106938563560867]"
274,13.634699524379396,5.267544464270965,13.015815491181579,0.6188840331978185,0.8754751938882811,20.656152045109277,0.0036954199480501992,0.010850884560076502,4.78125,7.624551421031356,2.2841379541205242,9.882204998575617,9.882204998575617,244.8984375,,848.5078125,0.0,0.0,,,0,32,"[0.608681919455141, 0.9655868247201203, 0.005163460872945131, 0.2085424329761582, 0.11111337406934489]"
275,13.613880822162447,5.270012604543353,12.99919449235191,0.6146863298105378,0.8754558979731671,20.54686976061656,0.0014384569493191557,0.02264897898874519,4.6875,7.890055865573231,3.3166344510391355,11.206690316612367,11.206690316612367,244.8984375,,848.5078125,0.0,0.0,,,0,32,"[0.6088180344476393, 0.9657120361439996, 0.005204940974115072, 0.2075631633958218, 0.11118482544009432]"
276,13.589234901876324,5.277686925831324,12.97916556484683,0.6100693370294927,0.8754363830555169,20.47242365508211,0.00077413319902922,0.025369598516684622,4.75,7.7163459864095785,4.1659410344436765,11.882287020853255,11.882287020853255,244.8984375,,848.5078125,0.0,0.0,,,0,32,"[0.6089499231682619, 0.9658392541813611, 0.0052435769366713895, 0.2065830515711408, 0.11125046848892871]"
277,13.56901514498759,5.279422379170127,12.963391984926181,0.6056231600614098,0.875416703504669,20.42499011967585,0.001501513601373211,0.013324662718746896,4.6875,7.3167291629943065,3.2410128696938045,10.49298469297355,10.49298469297355,244.8984375,,848.5078125,0.0,0.0,,,0,32,"[0.6090779191456104, 0.9659680234537462, 0.005286678139279393, 0.20560182077809652, 0.1112990886636243]"
278,13.548668166535137,5.281407962747597,12.947462605006166,0.6012055615289718,0.8753968855626573,20.381335052949606,0.001250164897682815,0.011905563623208121,4.59375,7.33812012913404,4.018916646600701,11.357036775734741,11.357036775734741,244.8984375,,848.5078125,0.0,0.0,,,0,32,"[0.6092023247716255, 0.966098136608206, 0.005327853298532155, 0.20462015039196926, 0.1113462232211547]"
279,13.531508062974769,5.279209338132018,12.934748123224036,0.5967599397507315,0.875376932060138,20.362027416942972,0.002483980996543511,0.010092473147787053,4.4375,7.5409469500300474,2.3691473397775553,9.748100812430494,9.748100812430494,244.8984375,,848.5078125,0.0,0.0,,,0,32,"[0.6093231461259639, 0.9662295716750617, 0.005366579973001961, 0.2036380826649272, 0.11139280913880574]"
280,13.508610618876261,5.284697766374749,12.916187018554798,0.5924236003214653,0.8753568599121754,20.29232677748002,0.00027239276760224196,0.006411960089442952,4.28125,7.102595562173519,3.1946244707796723,10.297220032953192,10.297220032953192,244.8984375,,848.5078125,0.0,0.0,,,0,32,"[0.6094401568319049, 0.9663621985874034, 0.005405814094914578, 0.20265663991817595, 0.1114556535128183]"
281,13.488335869283215,5.286604163601504,12.90027149774276,0.5880643715404539,0.8753366202340903,20.247196908758156,0.00027204611314302074,0.00565491534641075,4.25,7.62349643628113,4.174804969807155,11.798301406088285,11.798301406088285,244.8984375,,848.5078125,0.0,0.0,,,0,32,"[0.6095534871367658, 0.9664964034991036, 0.00544390189731627, 0.20167406663991777, 0.11150302814565986]"
282,13.468048395722075,5.288504910278841,12.884326888886362,0.5837215068357122,0.8753162350005472,20.203307451430284,0.0002540710010145997,0.005265639915283749,4.21875,6.812539191741962,3.390090147149749,10.202629338891711,10.202629338891711,244.8984375,,848.5078125,0.0,0.0,,,0,32,"[0.6096630053270213, 0.9666320127552755, 0.0054841636139264585, 0.20069127764774744, 0.11154907905974516]"
283,13.448660219415753,5.289137280215179,12.86931222896561,0.5793479904501427,0.8752957059539346,20.168002887109637,0.0013833547141624547,0.002317466433943629,4.125,7.544906213297509,2.922974970715586,10.40991328045493,10.40991328045493,244.8984375,,848.5078125,0.0,0.0,,,0,32,"[0.6097687612826934, 0.9667690140155314, 0.0055241437520564, 0.19970821240500675, 0.11159414178933941]"
284,13.428142623677275,5.2913207925073955,12.852875685514583,0.5752669381626918,0.8752750411037263,20.10886010189975,0.0024985725288709515,0.011542189617076233,4.03125,7.1025162760633975,3.295743306807708,10.04449995525647,10.04449995525647,244.8984375,,848.5078125,0.0,0.0,,,0,32,"[0.6098706890407624, 0.9669073445725932, 0.0055640575226398445, 0.19872518655701607, 0.11164456462363113]"
285,13.40702302722286,5.295076423691225,12.836181391620695,0.5708416356021636,0.8752542075346785,20.072794639944405,0.0003899947757104172,0.0027499927896895717,3.96875,7.253537136421073,2.53666662320029,9.768182091647759,9.768182091647759,244.8984375,,848.5078125,0.0,0.0,,,0,32,"[0.6099689917664813, 0.9670472682667174, 0.005602203644416273, 0.19774129832465193, 0.11168015610502231]"
286,13.385298646363893,5.29908365141558,12.81863869921784,0.5666599471460543,0.8752332336537518,20.015127219145487,0.0003756238113410415,0.025940166412557867,4.0,6.9791181886103,2.840637956978753,9.668220183812082,9.668220183812082,244.8984375,,848.5078125,0.0,0.0,,,0,32,"[0.6100631292931497, 0.9671885587827789, 0.005647038619020485, 0.1967576593907328, 0.11172039773613443]"
287,13.365733425390111,5.300453163510909,12.803395849959252,0.5623375754308624,0.8752120931477984,19.979656021373266,0.0003516614582383948,0.02180797092552586,3.9375,6.597686617169529,2.998270450916607,9.569483605446294,9.569483605446294,244.8984375,,848.5078125,0.0,0.0,,,0,32,"[0.6101534535404286, 0.9673314348470733, 0.00568886464605634, 0.19577331117509633, 0.11174754795604037]"
288,13.350236752183566,5.295978206623102,12.792024178079625,0.5582125741039426,0.8751908097085989,19.958885337291076,0.0009249175118778707,0.004976331194242264,3.96875,5.984818642900791,2.8724220901494846,8.85198479227256,8.85198479227256,244.8984375,,848.5078125,0.0,0.0,,,0,32,"[0.6102398680121143, 0.9674756988134339, 0.00573081303718204, 0.19478895666169246, 0.11177928077054836]"
289,13.328819463540418,5.299844723969556,12.774985675134271,0.5538337884061468,0.875169397843713,19.87978459023294,0.0019933464480022534,0.0019498684796966268,3.9375,6.566502452187706,2.9179311968619004,9.301193211285863,9.301193211285863,244.8984375,,848.5078125,0.0,0.0,,,0,32,"[0.610322782659283, 0.9676212288807915, 0.005767154607264162, 0.19380482760503692, 0.11182527480179189]"
290,13.311529359793752,5.298504076410144,12.761736261142303,0.5497930986514484,0.8751477792316642,19.84586515369773,0.0022323329006072035,0.01537339050009411,3.875,6.668655085377395,2.6577953904052265,9.196370287099853,9.196370287099853,244.8984375,,848.5078125,0.0,0.0,,,0,32,"[0.6104005634586295, 0.9677686903977638, 0.005809274258908125, 0.19282120507045303, 0.11187929232366542]"
291,13.288174413244498,5.30545617796518,12.74260242633462,0.5455719869098771,0.8751260118868093,19.775674231793968,0.0006893593879199744,0.006845114553084441,4.125,7.080677634803578,3.270440880442038,10.112469921295997,10.112469921295997,244.8984375,,848.5078125,0.0,0.0,,,0,32,"[0.6104746123539996, 0.9679175908035628, 0.005847597305676494, 0.19183769411923488, 0.11193915034875594]"
292,13.268816354790157,5.30694558432057,12.727409586977362,0.5414067678127937,0.875104050888071,19.734283645449462,0.0021525011760553103,0.008016874488899503,4.09375,7.040697397314943,3.874345071380958,10.766532555862796,10.766532555862796,244.8984375,,848.5078125,0.0,0.0,,,0,32,"[0.6105444215264042, 0.9680682961593752, 0.00588838009188329, 0.19085325293592556, 0.11197948514925635]"
293,13.250029160726116,5.3076917905874845,12.712892873648517,0.5371362870775995,0.8750819277857211,19.706956274695404,0.0012949762936781961,0.008159354980426031,4.03125,7.259172496560495,3.416955347347539,10.534080342040397,10.534080342040397,244.8984375,,848.5078125,0.0,0.0,,,0,32,"[0.6106102131281883, 0.9682205511293019, 0.005929321732940554, 0.18986868693607958, 0.11201747808599628]"
294,13.231009193066502,5.308859840867974,12.698010505062076,0.5329986880044264,0.8750596599534973,19.667866371425497,0.0013601862082320282,0.010488355468099954,3.78125,7.336043432587758,2.880128347896971,9.497074097453151,9.497074097453151,244.8984375,,848.5078125,0.0,0.0,,,0,32,"[0.6106718555532492, 0.9683742159677466, 0.005972384610242513, 0.188884562254726, 0.11206471714830218]"
295,13.211493793950389,5.31072294709178,12.682573796690049,0.5289199972603409,0.8750372263526583,19.59238557104923,0.0012864846942554353,0.010248509614419192,3.875,6.932185046025552,3.3734700482455082,10.232269807602279,10.232269807602279,244.8984375,,849.09375,0.0,0.0,,,0,32,"[0.6107292980952926, 0.9685294611747037, 0.006019911653159347, 0.18790061004390782, 0.1121113916284605]"
296,13.192046147269723,5.312559310613705,12.667243132071349,0.5248030151983749,0.8750145733682093,19.549289200488637,0.001195119474387496,0.009848885776823864,3.9375,6.86903070891276,3.729386044142302,10.598416753055062,10.598416753055062,244.8984375,,849.09375,0.0,0.0,,,0,32,"[0.6107818073207207, 0.9686867429528662, 0.006067855023371582, 0.18691693457093556, 0.11216227601337846]"
297,13.17253666756255,5.314181508924666,12.65183772651076,0.520698941051791,0.8749917477719177,19.505418501729142,0.001094059098565331,0.009407143208444524,3.9375,6.496354115370195,3.2971018881653436,9.793456003535539,9.793456003535539,244.8984375,,849.09375,0.0,0.0,,,0,32,"[0.610830086126985, 0.9688456649972771, 0.006116826094368911, 0.18593326503839083, 0.11221135783908366]"
298,13.15317337774794,5.316005896997516,12.63655222958309,0.5166211481648488,0.8749687474120376,19.544906181982324,0.0009910465086547249,0.008918925005485736,4.0625,7.03616306418553,2.4428217147942632,9.46991027740296,9.46991027740296,244.8984375,,849.09375,0.0,0.0,,,0,32,"[0.6108741255321392, 0.9690062466688597, 0.0061652473710182175, 0.18494954869402758, 0.11225859756120035]"
299,13.133836255164933,5.318210883736339,12.621487624067885,0.5123486310970486,0.874945715588523,19.477740516908142,0.001912729949982317,0.0072516709449929094,3.78125,6.904411980940495,2.8933602225151844,9.557411183777731,9.557411183777731,244.8984375,,849.09375,0.0,0.0,,,0,32,"[0.6109167070170773, 0.9691673810756856, 0.006140864952429666, 0.18396487681270562, 0.11230386679882358]"
300,13.113895762949697,5.320622392514682,12.60554583620819,0.5083499267415059,0.8749224640359365,19.418595899457266,9.614586127590363e-05,0.00475790265000156,3.625,6.367086396494415,2.819543457007967,9.168142452836037,9.168142452836037,244.8984375,,849.09375,0.0,0.0,,,0,32,"[0.6109541513928587, 0.9693305009512725, 0.006143744817672481, 0.18298012015280105, 0.11235115159617584]"
301,13.093897772311477,5.323478309574241,12.589714140632715,0.5041836316787622,0.8748989995882887,19.307142630634786,0.000570436330613544,0.001295402420141903,3.59375,6.164849328342825,3.0664593359688297,9.231308664311655,9.231308664311655,244.8984375,,849.09375,0.0,0.0,,,0,32,"[0.610986869438688, 0.9694955756696033, 0.0061622472756804585, 0.18199528241824275, 0.11238899551884357]"
302,13.075322720715825,5.324169598070792,12.575197002202092,0.5001257185137318,0.8748752397355011,19.26939471478316,0.0012048661303019625,0.0038505439825351844,3.65625,6.497035101347137,3.7952181228320114,10.292253224179149,10.292253224179149,244.8984375,,849.09375,0.0,0.0,,,0,32,"[0.6110130765216454, 0.9696633234933701, 0.006196360058315267, 0.1810116594179616, 0.11243895518060339]"
303,13.056682716247145,5.324883792167577,12.5605672747425,0.4961154415046458,0.8748512974965852,19.231834652749765,0.0018819369453949297,0.008078988051175481,3.59375,6.222152522241231,3.268789099820424,9.384420751302969,9.384420751302969,244.8984375,,849.09375,0.0,0.0,,,0,32,"[0.6110347287299849, 0.9698327976306361, 0.006234953984689925, 0.18002846941231535, 0.11249050729323032]"
304,13.0374150012968,5.32665151280699,12.54522784030815,0.4921871609886485,0.8748271718615956,19.194809903449983,0.0010137747183434076,0.0024420560652607315,3.65625,6.477361574070528,3.2403621735284105,9.717723747598939,9.717723747598939,244.8984375,,849.09375,0.0,0.0,,,0,32,"[0.6110517971418151, 0.9700040088010269, 0.006277246055386299, 0.17904574848293678, 0.11254404569224058]"
305,13.017224375002161,5.329658506216811,12.529011521304293,0.48821285369786893,0.874802866754071,19.10435886363361,0.0004858075187891553,0.0029005518592095073,3.5625,6.029450996720698,2.6371538333478384,8.666604830068536,8.666604830068536,244.8984375,,849.09375,0.0,0.0,,,0,32,"[0.6110644881096778, 0.9701769203450863, 0.00632300783327798, 0.1780633743618755, 0.11259684231352406]"
306,12.999228225888425,5.329648736745196,12.514933555600074,0.48429467028835016,0.8747782915264191,19.07119677255008,0.0014616969547489034,0.00737541191899267,3.5625,6.486366241006181,2.257112348161172,8.575464868044946,8.575464868044946,244.8984375,,849.09375,0.0,0.0,,,0,32,"[0.6110713850457756, 0.9703523056941217, 0.006370012261252495, 0.17708159467651308, 0.11265244487440652]"
307,12.98045386682418,5.330601182400535,12.50010070141706,0.4803531654071216,0.8747535332145461,19.03076124952562,0.0017786687927388856,0.00865627892653608,3.4375,6.38849593087798,3.0283648520708084,9.22956481372239,9.22956481372239,244.8984375,,849.203125,0.0,0.0,,,0,32,"[0.6110737612030447, 0.9705294303578792, 0.006416288681617651, 0.1761002857532676, 0.11271171120078541]"
308,12.96108104282013,5.332593887213582,12.48450694678105,0.4765740960390793,0.874728580132936,18.980305193560127,8.709693927017037e-05,0.004806223145905678,3.46875,5.899334340938367,2.7861036724061705,8.685438013344537,8.685438013344537,244.8984375,,849.203125,0.0,0.0,,,0,32,"[0.6110714603391353, 0.9707083913654039, 0.006463088000092686, 0.17511934689302108, 0.11277117917586026]"
309,12.94195217473391,5.334168910698774,12.469318863094419,0.47263331163948963,0.8747034107444448,18.942083948862887,0.0010820096880635732,0.0024687267298553715,3.46875,6.02354081638623,2.752117630734574,8.688463225553278,8.688463225553278,244.8984375,,849.203125,0.0,0.0,,,0,32,"[0.6110644056093751, 0.9708893611020515, 0.006513206782839127, 0.1741385203773904, 0.11282282836808472]"
310,12.92303899906263,5.3354360450749345,12.454083396741956,0.46895560232067174,0.8746780468828496,18.902298501886754,0.00097384327629646,0.0024765128269054696,4.15625,6.225268007256091,2.9888051576563157,9.130458005529363,9.130458005529363,244.8984375,,849.203125,0.0,0.0,,,0,32,"[0.6110524835359855, 0.9710721703157166, 0.006565123496485917, 0.17315832766735503, 0.11287728533828068]"
311,12.903518864006417,5.3376472252867,12.438261774058297,0.46525708994811915,0.8746524808344829,18.851859264450486,0.0009487990417885173,0.0021058650470365116,3.875,6.067741749575362,2.866829774575308,8.93457152415067,8.93457152415067,244.8984375,,849.203125,0.0,0.0,,,0,32,"[0.6110357855753211, 0.9712568786793123, 0.0066190650107454336, 0.17217865336053415, 0.1129314384925917]"
312,12.884917367540858,5.338442484542538,12.423414654404485,0.46150271313637325,0.8746266934540343,18.816336299353097,0.0018121995247355749,0.009296353266524345,3.625,5.952038940449711,3.4438318834872916,9.395870823937003,9.395870823937003,244.8984375,,849.203125,0.0,0.0,,,0,32,"[0.6110142696981004, 0.9714436430457577, 0.006673208603015614, 0.17119905396675475, 0.11297736928375449]"
313,12.866907607019488,5.33847609375506,12.409245776471568,0.4576618305479202,0.8746007166559029,18.789829437733832,0.001089761371066006,0.004271662636435271,3.46875,6.0219952574698254,2.4843941573635675,8.46037341398187,8.46037341398187,244.8984375,,849.203125,0.0,0.0,,,0,32,"[0.61098827129605, 0.9716322008808134, 0.006723214396510251, 0.1702196571919543, 0.11302266171201182]"
314,12.847461930802673,5.340444284636361,12.393533077070767,0.45392885373190583,0.8745745517715039,18.740221932866355,0.001665652501985887,0.009903049180729538,3.3125,5.926681187702343,3.042353506316431,8.945878442318644,8.945878442318644,244.8984375,,849.203125,0.0,0.0,,,0,32,"[0.6109574510754814, 0.9718225487488326, 0.006773138727574998, 0.1692411252149811, 0.11307558178715643]"
315,12.82941491721902,5.340401099955507,12.379195272261605,0.450219644957418,0.8745481599579208,18.714591105424294,0.0011107123814744213,0.004629577942237385,3.25,5.416792831965722,2.4927386330091394,7.909531464974862,7.909531464974862,244.8984375,,849.203125,0.0,0.0,,,0,32,"[0.6109217205225471, 0.9720150023781989, 0.006822762547893657, 0.16826267715870152, 0.11311873043430096]"
316,12.809979099172722,5.342238681632466,12.363338126060114,0.44664097311260864,0.8745215772951932,18.66642565787133,0.0017574449268166203,0.007746649681079195,3.34375,5.65500404627528,2.505313437723089,7.983250361576211,7.983250361576211,244.8984375,,849.203125,0.0,0.0,,,0,32,"[0.6108811011271986, 0.9722092705227989, 0.006872746203005959, 0.16728520525556087, 0.11317030819605332]"
317,12.791990301969154,5.342028999030216,12.349058505437846,0.4429317965313082,0.8744947652001188,18.64119242663567,0.0009432867370038067,0.008510108220135863,3.34375,5.6693195074331015,3.0610132453148253,8.730332752747927,8.730332752747927,244.8984375,,849.203125,0.0,0.0,,,0,32,"[0.6108355536077972, 0.9724056671364035, 0.0069214095000674665, 0.16630786722026608, 0.1132126879309065]"
318,12.772224536944442,5.344372574907892,12.332887843542604,0.4393366934018401,0.8744677579017376,18.596409718227182,0.0009806946255977167,0.002818506064552117,3.25,5.553096510993782,2.5730471970746294,8.126143708068412,8.126143708068412,244.8984375,,849.203125,0.0,0.0,,,0,32,"[0.6107851491840253, 0.97260391431254, 0.006968953935724732, 0.16533135839861204, 0.11326093209208722]"
319,12.754566616679247,5.3438142042593855,12.31887387410326,0.4356927425759859,0.8744405229221421,18.57115018478281,0.0009964048981741802,0.007717975906546763,3.125,5.6843091660994105,2.175824069126975,7.720119399891701,7.720119399891701,244.8984375,,849.203125,0.0,0.0,,,0,32,"[0.6107296662753929, 0.9728042806792381, 0.007016036896409646, 0.16435521630855154, 0.11330222108300973]"
320,12.73615713861707,5.344424275640876,12.304106184719576,0.4320509538974958,0.8744130859285246,18.539842265834046,0.001239301037022661,0.00536201578855,3.0625,5.807783039927017,1.9032224226975814,7.659847586182877,7.659847586182877,244.8984375,,849.21484375,0.0,0.0,,,0,32,"[0.610669210311118, 0.9730065549367224, 0.007064048134952218, 0.16338004054884833, 0.11334866847048843]"
321,12.71669302783744,5.346623318379032,12.288147181009155,0.4285458468282835,0.8743854357237059,18.496455142197828,0.0006842628577998777,0.00217629703817976,2.96875,5.8773443379323,2.937497600214556,8.607482595834881,8.607482595834881,244.8984375,,849.21484375,0.0,0.0,,,0,32,"[0.610603548353098, 0.9732108331901329, 0.007115171351945411, 0.16240589310987222, 0.11339747509168965]"
322,12.699192434382551,5.345931516470601,12.274266406462875,0.42492602791967693,0.8743575496456442,18.4759573623119,0.0009414803667277816,0.00754279478737552,3.03125,5.140545836184174,2.533034421503544,7.670833161682822,7.670833161682822,244.8984375,,849.21484375,0.0,0.0,,,0,32,"[0.6105327443484345, 0.9734172997622346, 0.0071663122546419, 0.16143215717116235, 0.1134372403688094]"
323,12.679955966485775,5.347891706826836,12.258512329688601,0.4214436367971732,0.8743294647626908,18.43565673751593,0.0013419052100743512,0.005909617846803557,3.03125,5.426260249805637,2.5642221444286406,7.980555797985289,7.980555797985289,244.8984375,,849.21484375,0.0,0.0,,,0,32,"[0.6104569976467374, 0.9736256502441446, 0.007216445767004489, 0.16045938642205704, 0.11348258587016398]"
324,12.662391211822715,5.347363631743151,12.244473371004524,0.41791784081818983,0.8743011445454728,18.414511176060877,0.0008588616659504222,0.006759375971469386,2.96875,5.398137291194871,2.8372122105793096,8.193306253815535,8.193306253815535,244.8984375,,849.21484375,0.0,0.0,,,0,32,"[0.6103760193183486, 0.9738361879164812, 0.00726750433001254, 0.15948722625284684, 0.11352018942588908]"
325,12.643507005918638,5.349032252292173,12.229034009641056,0.414472996277581,0.8742726180386582,18.37635591392203,0.001291237943609247,0.007603122841778171,3.0,5.343806391465478,2.7411502742324956,8.044177142437547,8.044177142437547,244.8984375,,849.21484375,0.0,0.0,,,0,32,"[0.6102899630740727, 0.974048674050825, 0.007318150141518497, 0.15851615500381427, 0.11356377378790082]"
326,12.625647538042877,5.3490025401020125,12.214612183150305,0.4110353548925725,0.8742438512328176,18.35055912405489,0.0009129147737646504,0.003932941642765789,3.0,5.4341194409062155,2.909023482061457,8.259402799012605,8.259402799012605,244.8984375,,849.21484375,0.0,0.0,,,0,32,"[0.6101984994438517, 0.9742633916496012, 0.007372471844398354, 0.15754598736624068, 0.11360057955815106]"
327,12.607896691256308,5.349025102789012,12.200340677067643,0.4075560141886626,0.8742148637332635,18.32877193827116,0.00027447443289960183,0.0011180501670398468,3.0,5.235968892520759,1.9837914078379981,7.219760300358757,7.219760300358757,244.8984375,,849.21484375,0.0,0.0,,,0,32,"[0.610101891897571, 0.9744801769684105, 0.007427394041259626, 0.15657677342095605, 0.11363634250137634]"
328,12.589219871983389,5.350210337276249,12.185070805643374,0.4041490663400137,0.8741856603831766,18.20795130182772,0.00022113119237954226,0.0007059580397172405,3.0,5.272240050544497,2.548104544985108,7.76861522172112,7.76861522172112,244.8984375,,849.21484375,0.0,0.0,,,0,32,"[0.6100000156587728, 0.974698992917849, 0.007485181944247551, 0.15560881566575907, 0.11367454138436954]"
329,12.571750787858974,5.349269415520347,12.1709804013841,0.4007703864748735,0.8741560334688641,18.18568536821612,0.00036935431126733365,0.006978641085777363,2.96875,6.550920326844789,2.471536099619698,7.733665959676728,7.733665959676728,244.8984375,,849.21484375,0.0,0.0,,,0,32,"[0.6098897238591549, 0.9749216102079447, 0.007547397215086603, 0.1546434010538848, 0.11372333839597436]"
330,12.553649671714215,5.349325344200512,12.156251487823239,0.3973981838909745,0.8741261857999406,18.159358673914795,0.0004300233932207076,0.0072502486157821336,2.96875,5.199705083214212,2.628242364153266,7.79805159982061,7.79805159982061,244.8984375,,849.21484375,0.0,0.0,,,0,32,"[0.6097742966572981, 0.9751462997006797, 0.007605960040252881, 0.15367893603323743, 0.11377402184871944]"
331,12.535506760080512,5.349467424567928,12.141431211992936,0.3940755480875753,0.8740961067859978,18.1337812768212,0.0003720532283193745,0.006901796700260033,2.875,5.068343518360052,3.039353105123155,8.09015221602749,8.09015221602749,244.8984375,,849.21484375,0.0,0.0,,,0,32,"[0.6096535194551949, 0.9753731520708435, 0.007663449126216053, 0.15271552248286693, 0.11382382351094888]"
332,12.517291048645966,5.349575130770118,12.1265295183052,0.39076153034076555,0.8740657956539635,18.109698773048926,0.0003058523900685006,0.006527832926359046,2.875,5.92052900174167,2.2093989173299633,7.623244731803425,7.623244731803425,244.8984375,,849.21484375,0.0,0.0,,,0,32,"[0.609527388391095, 0.9756021745372772, 0.007719364491026899, 0.15175317262589405, 0.11387277133316846]"
333,12.499184595034691,5.349603045188558,12.11170779816268,0.3874767968720111,0.8740352540491644,18.02261533534418,0.00025751216595856774,0.006213414035278368,2.84375,4.861190485826228,3.2508961157873273,8.112086601613555,8.112086601613555,244.8984375,,849.21484375,0.0,0.0,,,0,32,"[0.6093959489894611, 0.9758333538987053, 0.00777237938419121, 0.15079181948615145, 0.11392040901108892]"
334,12.481300536123602,5.3494337074058596,12.097116678622891,0.3841838575007105,0.8740043397135899,17.996925470378486,0.00020831121842748712,0.0058752227268137796,2.96875,5.232495299424045,2.7974713448202237,7.968995421833824,7.968995421833824,244.8984375,,849.23046875,0.00048828125,0.00048828125,,,0,32,"[0.6092569144657757, 0.976067908570028, 0.00782456958450442, 0.1498327393175236, 0.11397604102094226]"
335,12.463302374672438,5.349215538939427,12.082352688639002,0.38094968603343515,0.8739731794576686,18.123319680439216,0.00016366849599164235,0.005594799961595766,2.96875,5.239312267804053,2.531339632696472,7.770651900500525,7.770651900500525,244.8984375,,849.23046875,0.0,0.0,,,0,32,"[0.6091121630223968, 0.9763047536107076, 0.00788052727872881, 0.1488751902245725, 0.11403007728090546]"
336,12.44518544789133,5.349102358067977,12.067459962413523,0.3777254854778076,0.8739422133299158,18.099368254292752,0.00012588881360259263,0.005373786902635238,2.96875,5.1024514104938135,2.2902391356183216,7.307895764824934,7.307895764824934,244.8984375,,849.23046875,0.0,0.0,,,0,32,"[0.608968341185596, 0.9765401376614036, 0.007933537520725918, 0.14791689040748485, 0.11408262252569829]"
337,12.426462706406097,5.34976764000749,12.051952004717727,0.37451070168836853,0.8739110052241351,18.074228184865827,0.00016655270873464079,0.0010465825328575483,2.96875,4.885968810413033,2.511038204829674,7.397007015242707,7.397007015242707,244.8984375,,849.23046875,0.0,0.0,,,0,32,"[0.6088189205718798, 0.9767777796709936, 0.007986803325793938, 0.14695996486085627, 0.11413415899525924]"
338,12.408360094450472,5.349623189354715,12.037002662271412,0.371357432179061,0.873879553054834,18.052972408353487,0.00016041352100606976,0.001050824773431527,2.84375,4.799745089258067,2.5071058480534703,7.306850937311538,7.306850937311538,244.8984375,,849.23046875,0.0,0.0,,,0,32,"[0.6086638474714542, 0.9770176994093035, 0.00803920411374059, 0.1460043833941173, 0.11418424961854604]"
339,12.390787583244666,5.348677674722407,12.022577276334069,0.36821030691059886,0.8738478585347575,18.03428983439175,0.00019534880470861715,0.0008486541912401289,2.90625,4.964017964084633,2.2354874527081847,7.199505416792817,7.199505416792817,244.8984375,,849.23046875,0.0,0.0,,,0,32,"[0.6085031299121643, 0.9772598824146075, 0.008092181972834284, 0.1450503113834269, 0.11423381980051839]"
340,12.372965100266246,5.347982695348072,12.007895799440165,0.36506930082608186,0.8738159209484982,18.016590151281267,0.0005865786502970427,0.00395986306057056,2.96875,5.121062589751091,2.3589616248500533,7.480024214601144,7.480024214601144,244.8984375,,849.23046875,0.0,0.0,,,0,32,"[0.608336748167389, 0.9775043349027788, 0.008146792918491835, 0.14409786615751047, 0.11428307253928288]"
341,12.35478896015509,5.347957938196369,11.992756949590113,0.3620320105649799,0.8737837434974959,17.997637000854443,0.00012123624639853725,0.002262393791257021,2.875,5.275981129670981,2.8109717604820617,8.086952890153043,8.086952890153043,244.8984375,,849.23046875,0.0,0.0,,,0,32,"[0.6081647779977554, 0.9777510318872407, 0.00819939332032962, 0.14314693477960197, 0.11433336737847298]"
342,12.336734652642523,5.3476850324844385,11.977765200946633,0.35896945169588984,0.8737513198486104,17.981871542159492,8.322308653663235e-05,0.0021301870396196617,2.875,5.76013535464881,2.3027223578537814,7.31115133385174,7.31115133385174,244.8984375,,849.23046875,0.0,0.0,,,0,32,"[0.6079871493647959, 0.9780000254755206, 0.008251965357365517, 0.14219751684826018, 0.11438124257368981]"
343,12.3189801338265,5.347009082973217,11.963041606120797,0.35593852770570356,0.8737186548289505,17.967216815519343,0.00013454127611975397,0.0012877687682965027,2.90625,5.171661599888466,2.2708964097546414,7.354760418820661,7.354760418820661,244.8984375,,849.23046875,0.0,0.0,,,0,32,"[0.6078038447892744, 0.9782512774238924, 0.008305137420701988, 0.1412497460042299, 0.11442788000413985]"
344,12.30103466384366,5.3465771009506415,11.948099670441108,0.352934993402552,0.8736857456038679,17.953442453405874,0.00013087836391798002,0.0012927489616025507,2.90625,5.142715308465995,2.345218352274969,7.487933660740964,7.487933660740964,244.8984375,,849.23046875,0.0,0.0,,,0,32,"[0.6076148072331196, 0.9785048123254022, 0.00835992404714204, 0.1403037976944641, 0.11447441039092042]"
345,12.283016663137914,5.346094435262042,11.93304092272226,0.34997574041565516,0.8736525930250298,17.939822593102317,0.0003258437319033636,0.001440404367473475,2.90625,5.636211273667868,2.346076951653231,7.515714729379397,7.515714729379397,244.8984375,,849.23046875,0.0,0.0,,,0,32,"[0.6074200483418009, 0.9787606241052961, 0.008415345280706492, 0.13935960954671628, 0.11451986955988064]"
346,12.265157212088027,5.345205795730363,11.918165119726407,0.34699209236162065,0.8736191946834462,18.136395947444157,0.00043920551540524433,0.0015905198276716286,2.875,4.91501059877919,2.776123452349566,7.691134051128756,7.691134051128756,244.8984375,,849.23046875,0.0,0.0,,,0,32,"[0.6072195796283102, 0.9790187331979509, 0.008470204707155562, 0.13841713446847137, 0.11456372342421703]"
347,12.247020829195698,5.344854677476332,11.90293739026978,0.3440834389259173,0.8735861480261882,18.124021492069712,0.00027692652734784273,0.0013411569226274124,2.875,4.899442181340419,2.839917709934525,7.739359891274944,7.739359891274944,244.8984375,,849.23046875,0.0,0.0,,,0,32,"[0.6070223786971152, 0.9792740338894329, 0.008520973763484277, 0.1374730334203209, 0.11460876855120386]"
348,12.22900660076082,5.344321848847578,11.887867878956381,0.34113872180444027,0.8735528546034143,18.11518040612157,0.00022630021583430748,0.0011756286604786659,2.875,4.907579299469944,2.518280096410308,7.425859395880252,7.425859395880252,244.8984375,,849.25390625,0.0,0.0,,,0,32,"[0.6068194240327763, 0.9795316397669137, 0.008573676129269292, 0.13653078707988053, 0.11465169768673938]"
349,12.21088126834997,5.3437421515596215,11.872591858096097,0.3382894102538734,0.873519320690338,18.147504133816643,0.00044197522310668313,0.0018457094959430458,2.875,4.917117155855522,2.712585272092838,7.562274768133648,7.562274768133648,244.8984375,,849.25390625,0.0,0.0,,,0,32,"[0.606610576097551, 0.9797915029119161, 0.00863176859934469, 0.13559074819677383, 0.1146941929687083]"
350,12.192804988433597,5.343307071784658,11.857428836748547,0.3353761516850512,0.8734856394192207,18.13172009774768,0.00022733221285456406,0.001421869754108432,2.8125,4.804201365914196,2.507498582417611,7.28061929839896,7.28061929839896,244.8984375,,849.25390625,0.0,0.0,,,0,32,"[0.6063985455399633, 0.9800528341349859, 0.00864518915081146, 0.13465003271440762, 0.11473448322227829]"
351,12.174631583440197,5.342918584126175,11.842132100779805,0.3324994826603912,0.8734516931110982,18.121716578020372,0.00021411785297600905,0.0016409269319662156,2.8125,5.60752773162676,2.463720280502457,7.312619069125503,7.312619069125503,244.8984375,,849.25390625,0.0,0.0,,,0,32,"[0.6061801492768347, 0.9803166223172396, 0.008672712818360026, 0.13371175015928358, 0.1147743224194255]"
352,12.156481495480218,5.3423313089709925,11.826803168019197,0.32967832746102177,0.8734174936614177,18.115758572902536,0.00026041945866833727,0.0016119004777986631,2.78125,4.779916460392997,2.294687641551718,7.074604101944715,7.074604101944715,244.8984375,,849.25390625,0.0,0.0,,,0,32,"[0.6059556096500213, 0.9805827728465151, 0.00870966571228095, 0.13277587110772893, 0.11481319061013344]"
353,12.138426624855573,5.341545748648792,11.811543484165437,0.32688314069013535,0.8733830479793375,18.11092759471123,0.0002432705682919034,0.0016241472427557116,2.78125,4.896456441201735,2.7018484543077648,7.5983048955095,7.5983048955095,244.8984375,,849.25390625,0.0,0.0,,,0,32,"[0.6057250773834466, 0.9808512297772822, 0.008753045014742722, 0.13184235289151935, 0.11485123961161653]"
354,12.120264433992135,5.340858722139247,11.796135666427181,0.324128767564953,0.8733483553335609,18.109162032517137,0.00022341273272735718,0.0007606385828580449,2.78125,4.669889487558976,2.471234736731276,7.103137824742589,7.103137824742589,244.8984375,,849.25390625,0.0,0.0,,,0,32,"[0.6054885258370273, 0.9811220011845901, 0.008802862712835426, 0.13091128959998705, 0.11488819302808753]"
355,12.101454012088436,5.340900407899424,11.780036049104886,0.32141796298354663,0.8733134206877778,18.105312469530595,0.00026372539143487694,0.00197388760043775,2.75,4.0375725729973055,1.9060021077166311,5.943574680713937,5.943574680713937,244.8984375,,849.25390625,0.0,0.0,,,0,32,"[0.6052458985657914, 0.9813950483185037, 0.008862484992290046, 0.12998290766663892, 0.11492180016333636]"
356,12.08410215955897,5.33853899346934,11.765379403214137,0.3187227563448319,0.8732782406301376,18.14734988593466,0.0006077375946189345,0.002666683655935567,2.6875,4.051637057273183,2.07539030816406,6.127027365437243,6.127027365437243,244.8984375,,849.25390625,0.0,0.0,,,0,32,"[0.6049973486623423, 0.9816703999323106, 0.0089242695699807, 0.12905680299358827, 0.11495208604755137]"
357,12.066552482511037,5.336646223744474,11.750561694919096,0.3159907875919419,0.8732429227026898,18.146222261094962,0.0014107204330386924,0.003187342811424129,2.6875,4.249193392752204,3.107086908130441,7.291583868209273,7.291583868209273,244.8984375,,849.25390625,0.0,0.0,,,0,32,"[0.6047456360288657, 0.9819471388865175, 0.008941996760759954, 0.12813017990858122, 0.11498542830919961]"
358,12.048425401692663,5.335366567968658,11.735063492241196,0.31336190945146575,0.8732073543834161,18.14587433949147,0.0010192201183622795,0.0017892918082136697,2.625,4.265590709110256,2.634617827425245,6.9002085365355015,6.9002085365355015,244.8984375,,849.25390625,0.0,0.0,,,0,32,"[0.6044877220251538, 0.9822262196111692, 0.008970696871542005, 0.12720628342344045, 0.11501986526903674]"
359,12.0298372359348,5.334543681563389,11.71906356465378,0.31077367128101774,0.8731715361596489,18.146833280788286,0.0008296658296952086,0.0003346611775553501,2.5625,4.269348428351805,2.670470108569134,6.914916637470014,6.914916637470014,244.8984375,,849.25390625,0.0,0.0,,,0,32,"[0.604223710757945, 0.9825076411648562, 0.009006701703443205, 0.126285053321628, 0.11505361006865931]"
360,12.01199627174164,5.332545571537719,11.703840417041347,0.3081558547002942,0.8731354707505404,18.255647236932848,0.0013041330463367806,0.0039477081528006466,2.53125,4.3114447107655,3.3720967767294496,7.683541487494949,7.683541487494949,244.8984375,,849.25390625,0.0,0.0,,,0,32,"[0.6039536559016442, 0.9827913833978338, 0.009047782709147233, 0.12536644689064247, 0.11508578608046276]"
361,11.993084279640462,5.332088862730991,11.687514823707929,0.3055694559325343,0.8730994827940879,18.262846244381393,0.0008093249465055685,0.0033507231203282408,2.53125,4.631378484191373,2.3368710390059277,6.968249523197301,6.968249523197301,244.8984375,,849.25390625,0.0,0.0,,,0,32,"[0.6036825153762432, 0.9830746622741634, 0.009093065176591204, 0.1244482585880876, 0.11511918717182593]"
362,11.974500321411403,5.330904181182819,11.671435605167616,0.30306471624378784,0.8730632591951111,18.268638533821,0.0008272518114876282,0.004520544153866522,2.53125,4.7961363234207965,2.049377442745026,6.75939043139806,6.75939043139806,244.8984375,,849.25390625,0.0,0.0,,,0,32,"[0.6034054680486366, 0.983360166538281, 0.009142822531457585, 0.12353260507209902, 0.11514808246090902]"
363,11.95618753543171,5.329218998660528,11.655657162711304,0.3005303727204035,0.8730267947614757,18.281202542345948,0.0005402848747711186,0.001617453513115062,2.53125,4.516124194196891,1.8152384873246774,6.28701983805513,6.28701983805513,244.8984375,,849.26953125,0.0,0.0,,,0,32,"[0.6031225783453766, 0.9836479384710037, 0.009194841063978354, 0.12261947198688004, 0.11517343539918679]"
364,11.938057910764842,5.327328822205543,11.640049104697471,0.29800880606737257,0.8729901039169526,18.296022034691884,0.0004060360658694473,0.0013635392594764568,2.5625,4.550258265226148,2.4665200180606917,6.9904822812532075,6.9904822812532075,244.8984375,,849.26953125,0.0,0.0,,,0,32,"[0.6028340048218556, 0.983937857324749, 0.009247242093641805, 0.12170881546058689, 0.11519855915240083]"
365,11.919990229769713,5.325150225544739,11.624433732495087,0.29555649727462524,0.8729531891439629,18.31221174350653,0.00027206727196765756,0.0022227801169716712,2.5625,4.71433944767341,2.13362568320008,6.84796513087349,6.84796513087349,244.8984375,,849.26953125,0.0,0.0,,,0,32,"[0.6025396929957216, 0.984229903686155, 0.009302289755727337, 0.12080083695600732, 0.11522374370932773]"
366,11.901644017922571,5.3231895776338884,11.608526877994148,0.2931171399284229,0.872916049937088,18.324828387078902,0.00022561867574752426,0.0020336559985364476,2.53125,4.7984903867472894,3.1312288920162246,7.929719278763514,7.929719278763514,244.8984375,,849.26953125,0.0,0.0,,,0,32,"[0.602239790552729, 0.9845240795556788, 0.00935647541219566, 0.11989533294954387, 0.11524915023189049]"
367,11.883414353060182,5.321118466379967,11.592710555570516,0.2907037974896654,0.8728786777939438,18.342690034049838,0.00033991119245752044,0.0014406423285323994,2.53125,4.758451941597741,2.217624416516628,6.976076358114369,6.976076358114369,244.8984375,,849.26953125,0.0,0.0,,,0,32,"[0.601934018849796, 0.9848204607793848, 0.009413310618272677, 0.11899271405172714, 0.11527580957498691]"
368,11.86511336811315,5.31902613941282,11.576787485082718,0.28832588303043283,0.8728410823443122,18.362600749791962,0.00034486305993761124,0.0014549981307222782,2.53125,4.872460871411022,2.4151292382157408,7.287590109626763,7.287590109626763,244.8984375,,849.26953125,0.0,0.0,,,0,32,"[0.6016225190082907, 0.9851189660103635, 0.009472493642911936, 0.11809290352574645, 0.11530228338750773]"
369,11.846743145829787,5.316874172771403,11.56076973310998,0.2859734127198057,0.8728032667952534,18.424395779910117,0.0003430224071488408,0.0016406719785004597,2.53125,4.7079364958335645,2.5607918141759,7.250890019349754,7.250890019349754,244.8984375,,849.26953125,0.0,0.0,,,0,32,"[0.6013053721035578, 0.9854195679365392, 0.00953287139405131, 0.11719582949226565, 0.11532814897120017]"
370,11.828138804745207,5.314905995316843,11.544461881589768,0.28367692315543813,0.8727653530055153,18.445920577517548,0.00041807877999391896,0.0030700073456606755,2.5625,4.811489117855672,2.4998445514938794,7.311333669349551,7.311333669349551,244.8984375,,849.26953125,0.0,0.0,,,0,32,"[0.6009844880508578, 0.9857212175536529, 0.00959311977970343, 0.1163006045977565, 0.11535950903330573]"
371,11.809586599766885,5.312577354410332,11.52820358824412,0.281383011522765,0.8727272193413885,18.47066571790881,0.0005285143751133925,0.003227335721504978,2.5625,4.715805145679042,2.943637424323242,7.659442570002284,7.659442570002284,244.8984375,,849.26953125,0.0,0.0,,,0,32,"[0.6006579813619851, 0.9860249623079884, 0.009654557435653705, 0.11540812649717616, 0.1153885049080277]"
372,11.791162946054076,5.309974718259878,11.51208179558014,0.2790811504739332,0.8726888732021486,18.49873902029605,0.0004117086535531944,0.0013054921843328922,2.53125,4.681352664192673,2.3099833124433644,6.969787282287143,6.969787282287143,244.8984375,,849.26953125,0.0,0.0,,,0,32,"[0.6003259748861597, 0.9863307395720451, 0.009715082675989953, 0.11451828590055291, 0.11541665402310096]"
373,11.77274664945242,5.3074674006542875,11.495895896857167,0.2768507525952546,0.8726503211265356,18.527363560682677,0.0001944250690095184,0.0008036129215648861,2.53125,4.890272022748832,2.32680394401541,7.1538026531925425,7.1538026531925425,244.8984375,,849.26953125,0.0,0.0,,,0,32,"[0.5999884731315231, 0.9866384957631886, 0.009775845037597743, 0.11363124132257543, 0.11544561165633878]"
374,11.754296010595013,5.305000074034611,11.479642075729679,0.27465393486533657,0.8726115591004049,18.557240333662726,0.0003676374030887608,0.002734747650388491,2.53125,4.769201281305868,1.873370842076838,6.485088189947419,6.485088189947419,244.8984375,,849.26953125,0.0,0.0,,,0,32,"[0.5996454368134291, 0.9869482646650755, 0.00983847097607505, 0.1127471159142648, 0.11547335271078416]"
375,11.735946127128596,5.302079131532371,11.463501856932126,0.27244427019647066,0.8725725883304188,18.587112179561537,0.00040462999125204235,0.0012216171755023383,2.53125,4.565955117868725,2.6454242324689403,7.1194561969605274,7.1194561969605274,244.8984375,,849.26953125,0.0,0.0,,,0,32,"[0.5992968818578766, 0.987260036537556, 0.009903085838312857, 0.11186595068776112, 0.11549943921435445]"
376,11.717355545600796,5.2992391453916525,11.447055019331511,0.27030052626928375,0.8725334090547191,18.619485668073416,0.0001905889058340382,0.0007352891510566464,2.53125,4.625955283700023,2.4407281816820614,7.066683465382084,7.066683465382084,244.8984375,,849.26953125,0.0,0.0,,,0,32,"[0.5989427335543968, 0.9875738118949245, 0.009969196471042982, 0.1109878958590967, 0.11552724400440582]"
377,11.698652068573434,5.296331566247958,11.430462807818623,0.2681892607548094,0.8724940251777453,18.93490927176195,0.000353929689993121,0.001401829505585721,2.53125,4.644882814318407,2.315630335942842,6.960513150261249,6.960513150261249,244.8984375,,849.27734375,0.0,0.0,,,0,32,"[0.5985831726902183, 0.987889554996615, 0.010034657916360136, 0.11011268250321589, 0.11555442229631349]"
378,11.67976813302803,5.29354290423884,11.413726825368997,0.266041307659035,0.8724554498319695,18.967231679524943,0.00033473432746869425,0.0025106543987616346,2.53125,4.7160933099803515,2.2931113053346053,6.966518427361734,6.966518427361734,244.8984375,,849.27734375,0.0,0.0,,,0,32,"[0.598234565861748, 0.988198522887179, 0.010094812348210818, 0.10923022801832437, 0.11558026118498607]"
379,11.660750219207005,5.290685145420667,11.396821117367326,0.2639291018396792,0.8724166676180224,19.00195328148403,0.0003298737658529727,0.0024910652239839197,2.53125,4.619473525963258,2.0637355410144664,6.683209066977724,6.683209066977724,244.8984375,,849.27734375,0.0,0.0,,,0,32,"[0.5978804152782301, 0.9885094795901395, 0.010156588428921877, 0.10835078921355976, 0.1156058423812858]"
380,11.64164416250815,5.287680046611141,11.37980005134213,0.2618441111660199,0.8723776820975123,19.0384871803881,0.00032458884684843925,0.002469189497691879,2.53125,4.375953729322646,2.5310690034530126,6.907022732775658,6.907022732775658,244.8984375,,849.27734375,0.0,0.0,,,0,32,"[0.5975208108875861, 0.9888223942412129, 0.010218869358220181, 0.10747429384357107, 0.11563126000523652]"
381,11.622482665213441,5.284546882833526,11.362697322044411,0.25978534316902874,0.8723384960299321,19.077019508519577,0.00031897692411775314,0.0024486230812659515,2.53125,4.678690878790803,2.363033563597128,6.988031411310658,6.988031411310658,244.8984375,,849.27734375,0.0,0.0,,,0,32,"[0.5971558026187344, 0.9891372435513224, 0.010281014817280842, 0.10660071516465078, 0.11565650102834327]"
382,11.603356108692228,5.281142476325966,11.345636036628077,0.2577200720641505,0.8722991123951803,19.15357135238138,0.0008253827328192354,0.004123722737051657,2.53125,4.647265428502578,2.6108848251169547,7.234340351715218,7.234340351715218,244.8984375,,849.27734375,0.0,0.0,,,0,32,"[0.5967854249572296, 0.9894540026153903, 0.01034305806794713, 0.10573007947699345, 0.11568156529799918]"
383,11.584171001030883,5.277916757189161,11.328430080994725,0.2557409200361588,0.8722596426272745,19.196260557092792,0.00012397872879074678,0.0009252421172706057,2.53125,4.62902682920685,2.4776593199931085,7.106686149199959,7.106686149199959,244.8984375,,849.27734375,0.0,0.0,,,0,32,"[0.5964113298856089, 0.9897717132231877, 0.010406826029425402, 0.10486154163536973, 0.11570780480711382]"
384,11.564827070314408,5.2746981962753114,11.311062140122116,0.25376493019229357,0.8722199799096201,19.257374399664414,0.0003010997679966376,0.002419306018189694,2.53125,4.331351854489185,2.958352575660683,7.289704430149868,7.289704430149868,244.8984375,,849.27734375,0.0,0.0,,,0,32,"[0.5960320754564246, 0.9900912911098096, 0.010467920509408606, 0.1039957124685623, 0.11573316956115333]"
385,11.545500500860644,5.271366725638964,11.293712809540747,0.25178769131989653,0.8721801695515401,19.300689609066936,0.0003832802594865292,0.0019683576036611315,2.53125,4.5599043514812365,3.20184320298722,7.761747554468457,7.761747554468457,244.8984375,,849.27734375,0.0,0.0,,,0,32,"[0.5956489558135357, 0.9904123400935282, 0.010505817708246771, 0.10313077896726267, 0.11575767935380393]"
386,11.526235925936442,5.26777065345151,11.276414416861446,0.24982150907499548,0.8721401617228766,19.348320310353,0.00014226101467523788,0.0032083565460716023,2.53125,4.5227208829601295,2.3436012197635137,6.837326582171954,6.837326582171954,244.8984375,,849.27734375,0.0,0.0,,,0,32,"[0.5952602544920159, 0.9907353013233785, 0.010550336565070473, 0.10226936017152347, 0.11578182591456591]"
387,11.506872328909214,5.264203344477675,11.258951905510337,0.24792042339887638,0.8720999659879167,19.396706142278198,0.00044398553395433304,0.002460455419049684,2.5625,4.3491838878253475,2.2697187450830825,6.61890263290843,6.61890263290843,244.8984375,,849.27734375,0.0,0.0,,,0,32,"[0.5948661096018634, 0.9910600942134418, 0.010600314424645216, 0.10141143229760946, 0.11580675302520385]"
388,11.487559165646871,5.260263645082962,11.241540316936597,0.24601884871027496,0.8720595814210458,19.44980514651623,0.00013058575837182618,0.003148856359614138,2.5625,5.308720770699438,3.059510563616641,7.511960488045588,7.511960488045588,244.8984375,,849.27734375,0.0,0.0,,,0,32,"[0.5944665541860211, 0.9913867265230017, 0.01065560873549352, 0.10055700497538646, 0.11583048684599387]"
389,11.46820135242255,5.256128476825146,11.224060078148177,0.244141274274374,0.8720190194128387,19.538047198944152,0.0008067186678901161,0.004021213258577417,2.5625,4.49290015239967,2.528472170524765,6.975805292313453,6.975805292313453,244.8984375,,849.27734375,0.0,0.0,,,0,32,"[0.5940617530856563, 0.9917151015689111, 0.010714595719407497, 0.09970599014156745, 0.11585498555445452]"
390,11.448378876952455,5.2525030385996505,11.206062012318025,0.24231686463442914,0.8719783767787186,19.73652917800226,0.0004365152534556438,0.001723948883025691,2.5625,4.351680945546832,2.440309413941577,6.791990359488409,6.791990359488409,244.8984375,,849.27734375,0.0,0.0,,,0,32,"[0.5936532255914074, 0.9920443840758993, 0.010778063572346766, 0.09885744960914875, 0.11588006768993091]"
391,11.428407927474526,5.248869706742052,11.187882112772291,0.24052581470223344,0.8719381663883841,19.801892818129176,0.000744036949415855,0.005911918837735586,2.53125,4.362979605502915,2.7226766978856176,7.028559266473167,7.028559266473167,244.8984375,,849.27734375,0.0,0.0,,,0,32,"[0.5932495796027839, 0.992370132523746, 0.010840406236702894, 0.098005091607314, 0.11590367051821261]"
392,11.409273829491873,5.2438559324035054,11.170584159647118,0.2386896698447521,0.8718978071765442,19.86190104758787,0.0009472341989253952,0.003167861933371221,2.53125,5.100119858980179,2.1833307546330616,6.579438675544225,6.579438675544225,244.8984375,,849.28125,0.0,0.0,,,0,32,"[0.5928418380105548, 0.9926973649435634, 0.010886739459357208, 0.09715418087252715, 0.11592534749424367]"
393,11.389104144783122,5.24018412619488,11.152147503887356,0.23695664089576474,0.8718572775148906,19.918942881858506,0.0010095539761944827,0.0035820186842627274,2.53125,4.143036581808701,2.22185534221353,6.364891924022231,6.364891924022231,244.8984375,,849.28125,0.0,0.0,,,0,32,"[0.5924288908565006, 0.9930262804874362, 0.010938659669788528, 0.0963068341958794, 0.11594978341616721]"
394,11.369723807401272,5.2349369416149285,11.134553383253678,0.23517042414759354,0.8718165689684657,19.985092081575086,0.0010732669213100454,0.004061676226793576,2.53125,4.0417284981231205,2.9697032514377497,6.968140849494375,6.968140849494375,244.8984375,,849.28125,0.0,0.0,,,0,32,"[0.5920107152659805, 0.9933569509848544, 0.010995380729083964, 0.09546296488642504, 0.11597107913460449]"
395,11.349608994109735,5.2305471296799535,11.11615538983504,0.23345360427469472,0.8717757030578576,20.05002893646673,0.0009350872175574454,0.0022956072664650903,2.53125,4.249127065122593,1.9033188218600117,6.052952259778976,6.052952259778976,244.8984375,,849.28125,0.0,0.0,,,0,32,"[0.5915875757124139, 0.9936891930378634, 0.01105506488117197, 0.09462248546794554, 0.1159955798595283]"
396,11.329065282595252,5.22664712252819,11.097269464737973,0.2317958178572797,0.8717346752271342,20.115070975676353,0.0004925024390727006,0.0030143313363737725,2.53125,4.387484172184486,2.2541384387295693,6.575883111509029,6.575883111509029,244.8984375,,849.28125,0.0,0.0,,,0,32,"[0.5911594598497754, 0.9940230455256186, 0.011117305786783108, 0.09378534460604655, 0.11601967491264421]"
397,11.308534693998684,5.222454767074391,11.078420860053336,0.23011383394534796,0.8716934840873636,20.49249983635477,0.00044690865001534297,0.0010011294456163332,2.53125,3.991919060354121,2.981986603117548,6.9688786315964535,6.9688786315964535,244.8984375,,849.28125,0.0,0.0,,,0,32,"[0.590726397545036, 0.9943585198878324, 0.011181704660755437, 0.09295148832971796, 0.1160408996145157]"
398,11.288375885571496,5.217585902051921,11.0599135409796,0.22846234459189602,0.8716533031936718,20.55887561260804,0.00040859931259773496,0.0032517459669249315,2.5625,4.064989458129276,2.8695477958535776,6.934537253982853,6.934537253982853,244.8984375,,849.28125,0.0,0.0,,,0,32,"[0.5903077562080253, 0.9946854539266166, 0.011243222182890538, 0.0921067115105432, 0.11606142485472264]"
399,11.268039956470773,5.212359354542187,11.041220566552546,0.2268193899182256,0.8716129555350476,20.99378821325729,0.0005483489249400453,0.0023102715926317467,2.5625,4.559099084872287,2.4830089969327673,6.826221018854994,6.826221018854994,244.8984375,,849.28125,0.0,0.0,,,0,32,"[0.5898840811287567, 0.995014039248679, 0.011308034010882066, 0.09126531527507863, 0.11608099307462857]"
400,11.246718202281674,5.208528412245422,11.0215581675664,0.22516003471527166,0.8715737074231653,21.060343204691737,0.00034795469216072905,0.003579430219380057,2.5625,4.077988131029997,2.4325939957634546,6.450819186284207,6.450819186284207,244.8984375,,849.28125,0.0,0.0,,,0,32,"[0.5894762784578466, 0.9953333169554109, 0.011369450524011167, 0.0904123267619871, 0.11610092636416078]"
401,11.226183339567331,5.2030518346167165,11.002685448361785,0.22349789120554744,0.8715342892964751,21.17286314955627,0.0009116220571379896,0.002884475386053518,2.5625,4.51972058363026,2.433147485135123,6.853348677395843,6.853348677395843,244.8984375,,849.28125,0.0,0.0,,,0,32,"[0.5890633268658654, 0.9956542754945544, 0.011434598614497157, 0.08956270499917221, 0.11611977272424645]"
402,11.20462741576713,5.198791588152263,10.982698083058674,0.22192933270845566,0.8714948126153869,21.25743331243165,0.00017163240093354126,0.0013100811128707401,2.53125,4.541848233202472,2.7158965458511375,7.202885586593766,7.202885586593766,244.8984375,,849.28125,0.0,0.0,,,0,32,"[0.588647085247405, 0.9959759495481899, 0.011501393421029404, 0.08871516140314313, 0.11614161362463304]"
403,11.183347422568922,5.193959498647298,10.96298418102145,0.22036324154746934,0.8714552031050867,21.32813315768928,0.0008819434188436504,0.003880496992540476,2.53125,4.1906245751306415,1.9534253297024406,6.144049904833082,6.144049904833082,244.8984375,,849.28125,0.0,0.0,,,0,32,"[0.5882269758437758, 0.9962989692842664, 0.011553645099347119, 0.08786896627418882, 0.11616135963522563]"
404,11.161832367232869,5.1891399726811915,10.943036416802773,0.21879595043009548,0.8714154246367303,21.403444959341627,0.0002307806056794648,0.0017575439221111826,2.53125,4.084608794073574,3.43591085402295,7.520519648096524,7.520519648096524,244.8984375,,849.28125,0.0,0.0,,,0,32,"[0.5878017234203755, 0.9966236604498575, 0.011611261176209649, 0.08702631056186598, 0.11618000800126367]"
405,11.14051102288398,5.183754879487347,10.92322460289729,0.21728641998668924,0.8713754868155231,21.480706526274723,0.000858395269307588,0.00399501423203033,2.53125,4.21592185011832,2.277754458191339,6.493676308309659,6.493676308309659,244.8984375,,849.28125,0.0,0.0,,,0,32,"[0.587371447864832, 0.9969499418929759, 0.011673304842481741, 0.08618714595072913, 0.1161988946385867]"
406,11.11897234252276,5.178308052592613,10.903181359711226,0.21579098281153397,0.8713353916198491,21.561479854748914,0.0009182095801093249,0.004364899779364681,2.53125,4.0547971075284295,3.0810161697445437,7.135813277272973,7.135813277272973,244.8984375,,849.28125,0.0,0.0,,,0,32,"[0.5869362585931326, 0.997277795012159, 0.011738647606359483, 0.08535137415232331, 0.1162172917643949]"
407,11.097835951706616,5.1721627866164335,10.883524473519278,0.21431147818733776,0.8712951456945524,21.73174553308701,0.0001686945671693918,0.0019248711483012416,2.53125,4.0742998535279185,3.1683961642556824,7.242696017783601,7.242696017783601,244.8984375,,849.28515625,0.0001220703125,0.0001220703125,,,0,32,"[0.5864962398867201, 0.9976071635201104, 0.011806913147707378, 0.08451896827182677, 0.11623573600349844]"
408,11.07571129296465,5.167261419795659,10.862818679837705,0.21289261312694735,0.8712549219175599,21.855959249427354,0.0007123431688292048,0.002644388730952251,2.53125,3.929277489078231,2.289114963787142,6.218392452865373,6.218392452865373,244.8984375,,849.28515625,0.0,0.0,,,0,32,"[0.5860543121587763, 0.9979365489097476, 0.011876052923452887, 0.08368765541952272, 0.11625427734573611]"
409,11.053858916647597,5.161626243642003,10.842379259603334,0.2114796570442639,0.871214640979756,21.990187462183023,0.000922166710813882,0.002774742378850957,2.53125,4.049175942782313,2.4145420975401066,6.454245260101743,6.454245260101743,244.8984375,,849.28515625,0.0,0.0,,,0,32,"[0.5856091230520526, 0.9982666398033261, 0.011947930915777956, 0.08285854870335282, 0.1162704720563644]"
410,11.032189995721946,5.155375475957345,10.822090455929203,0.2100995397927427,0.8711743092823042,22.0855947110841,0.0003634091575249465,0.003116177149770117,2.53125,3.872578345180955,3.1123302615014836,6.93535445316229,6.93535445316229,244.8984375,,849.28515625,0.0,0.0,,,0,32,"[0.5851607896973059, 0.9985973802125707, 0.01202150381346189, 0.08203154008442738, 0.11628633892951884]"
411,11.01008518931938,5.1494174507949895,10.80134067524942,0.20874451406995917,0.8711338486936744,22.18240645561333,0.000395282992871393,0.002849094892809718,2.53125,3.8590040057897568,2.917728925240226,6.776732931029983,6.776732931029983,244.8984375,,849.28515625,0.0,0.0,,,0,32,"[0.5847080218357515, 0.9989294465696227, 0.012096860827237451, 0.08120766554909553, 0.11630322882484999]"
412,10.987670616431316,5.14364866955068,10.780250086643761,0.2074205297875568,0.8710932611011517,22.280883322428764,0.0007332097462848797,0.002127758105772798,2.53125,4.1409279583604075,3.066588571527973,7.20751652988838,7.20751652988838,244.8984375,,849.28515625,0.0,0.0,,,0,32,"[0.5842508329984525, 0.9992628237907851, 0.012173973702423247, 0.08038692800995599, 0.1163200065418248]"
413,10.965867295701791,5.1365341011332815,10.759777410547995,0.20608988515379434,0.8710525484461727,22.760931798248993,0.000964334264546951,0.002290660532462006,2.53125,4.19179806340253,3.248260312830098,7.389859536488075,7.389859536488075,244.8984375,,849.28515625,0.0,0.0,,,0,32,"[0.5837892527699885, 0.9995974957022326, 0.01225278796201272, 0.07956932276186827, 0.11633576646454162]"
414,10.94327813040584,5.13036949949522,10.738488575255193,0.20478955515064634,0.8710130051282181,22.858837895560523,0.0008523595307583232,0.003333734677345304,2.53125,3.999769134679809,2.4337850118172355,6.433554146497045,6.433554146497045,244.8984375,,849.28515625,0.0,0.0,,,0,32,"[0.5833450210041815, 0.9999222392881809, 0.012323918722731543, 0.07873757566049985, 0.11635412173294706]"
415,10.91978224517375,5.125007680059155,10.716257509985912,0.20352473518783815,0.8709733258757755,22.957542591006398,0.00035933646287433785,0.0005142467646945495,2.53125,3.690049998112954,3.012021115864627,6.659690829110332,6.659690829110332,244.8984375,,849.28515625,0.0,0.0,,,0,32,"[0.5828962025276044, 1.0002483711243964, 0.012397832259316989, 0.07790907800469499, 0.11637224420311502]"
416,10.896893612267139,5.118369599624603,10.694609989218064,0.2022836230490745,0.870933510953108,23.060404329219455,0.0005021173604058959,0.0004881103077782476,2.53125,4.48601115931524,2.3910093441372737,6.758851282938849,6.758851282938849,244.8984375,,849.28515625,0.0,0.0,,,0,32,"[0.5824427985466256, 1.0005758900494135, 0.012474533135613135, 0.0770838357312144, 0.11638800330918395]"
417,10.873832120600209,5.111586412726072,10.672753408771374,0.2010787118288356,0.8708935668002088,23.243250738547097,0.0006866923103174827,0.0036251797895519005,2.53125,4.400294812512584,2.1996386494720355,6.446601881179959,6.446601881179959,244.8984375,,849.28515625,0.0,0.0,,,0,32,"[0.5819849579868555, 1.0009047386555403, 0.012552846121806634, 0.07626172342098417, 0.11640346428066746]"
418,10.850475188440495,5.104910274562418,10.650609379853709,0.1998658085867841,0.8708537057471735,23.63705977927595,0.0007000659930108954,0.002919112171037438,2.53125,4.118093100260012,2.9642460358445533,7.082339136104565,7.082339136104565,244.8984375,,849.28515625,0.0,0.0,,,0,32,"[0.5815266131413414, 1.0012330665701992, 0.012621996572955433, 0.07543885050245128, 0.11641826826990719]"
419,10.82691018887493,5.0982264070135725,10.628243512933253,0.1986666759416769,0.8708147313551714,23.740778578441567,0.000758284792801267,0.002736048815362787,2.53125,4.027403723739553,2.6121852570213377,6.5445371947134845,6.5445371947134845,244.8984375,,849.28515625,0.0,0.0,,,0,32,"[0.5810807058760649, 1.0015539251188323, 0.012689896287667854, 0.07460614822106443, 0.11643286422337848]"
420,10.803436784393847,5.090922386668117,10.605955051799565,0.19748173259428006,0.8707756196761637,23.848595437958814,0.00012383103808116802,0.0011632340526497081,2.53125,4.207839272567071,2.4897771945688874,6.647811445873231,6.647811445873231,244.8984375,,849.28515625,0.0,0.0,,,0,32,"[0.5806301412971602, 1.001876185072445, 0.012761610634753699, 0.07377681664241337, 0.11644722624302367]"
421,10.779143089190276,5.084516161458925,10.582797590630548,0.19634549855972777,0.87073637680189,23.95605675674419,0.00046858606336100395,0.003313810347911623,2.53125,4.563199960102793,2.417009323835373,6.7808400563080795,6.7808400563080795,244.8984375,,849.28515625,0.0,0.0,,,0,32,"[0.580175024239195, 1.0021997933791758, 0.012836469944589464, 0.07295081091855951, 0.11646324982737466]"
422,10.755179871090096,5.077205813505606,10.559941723805846,0.19523814728425049,0.8706970005660579,24.067434173717043,0.0006891778440661356,0.0027700861575232273,2.53125,4.125592517084442,2.3239138317876495,6.449506348872092,6.449506348872092,244.8984375,,849.28515625,0.0,0.0,,,0,32,"[0.5797153100443637, 1.0025247704757527, 0.01291503900028863, 0.07212820688759397, 0.11647747155359948]"
423,10.731124736420728,5.0697045984157345,10.536969488234796,0.1941552481859308,0.8706574964771835,24.223413696286933,0.0007240821000603082,0.003408044702583112,2.53125,4.018353676656261,2.9016894623055123,6.867572046758141,6.867572046758141,244.8984375,,849.28515625,0.0,0.0,,,0,32,"[0.5792511252400082, 1.0028510673308082, 0.012996302907035422, 0.07130890270056167, 0.11649160153441682]"
424,10.706908564953379,5.061990771948076,10.513839254523688,0.19306931042968994,0.8706179464760644,24.34333444975114,0.0004480162056320902,0.0027377113938327016,2.53125,3.7293102068360895,2.5561257789377123,6.285435985773802,6.285435985773802,244.8984375,,849.28515625,0.0,0.0,,,0,32,"[0.5787838475078777, 1.0031779738166768, 0.013079561848007204, 0.07049180112770591, 0.11650562433502579]"
425,10.682431581294832,5.054298550836413,10.49036711948129,0.19206446181354325,0.8705782816785809,24.46150831148401,0.000705072804907031,0.0017973124811019351,2.53125,4.1658474583528005,2.952008828287944,7.117856286640745,7.117856286640745,244.8984375,,849.28515625,0.0,0.0,,,0,32,"[0.5783122594702241, 1.0035060887892309, 0.013165269261302565, 0.06967794836065287, 0.1165212192186182]"
426,10.658275197248413,5.045619389433553,10.467240970495416,0.19103422675299597,0.8705384960641137,24.793017862061067,0.0010266532105757675,0.00369350498492494,2.53125,3.836264382698573,3.6358107900014147,7.472075172699988,7.472075172699988,244.8984375,,849.28515625,0.0,0.0,,,0,32,"[0.5778363515741586, 1.0038354626601365, 0.01325319602276783, 0.06886732919728601, 0.1165350026952391]"
427,10.633119426439057,5.038178749947649,10.443038913399917,0.1900805130391422,0.8704989362299519,25.254672428677008,0.0005969785353778789,0.0012027857920723023,2.53125,3.8453437155112624,3.036154797882773,6.881498513394035,6.881498513394035,244.8984375,,849.28515625,0.0,0.0,,,0,32,"[0.5773619810566997, 1.0041630889223998, 0.013339120059317327, 0.06805488612798476, 0.116548676155976]"
428,10.608387850215111,5.029680660706942,10.419256760616248,0.18913108959886385,0.8704598015871734,25.393350788858537,0.0007403823209524985,0.00032416066198825776,2.53125,3.6778715439140797,3.1698819875600748,6.847753531474154,6.847753531474154,244.8984375,,849.28515625,0.0,0.0,,,0,32,"[0.5768925977295896, 1.0044872369772584, 0.013421221763836907, 0.06723772882507684, 0.11655965719334367]"
429,10.582510021180928,5.022572916148105,10.394282025423875,0.18822799575705218,0.8704205670133874,25.57112599822686,0.0007626009287030888,0.002658748873041015,2.53125,4.421059449668974,2.190236729802564,6.545832926349249,6.545832926349249,244.8984375,,849.28515625,0.0,0.0,,,0,32,"[0.5764192032844232, 1.0048124628244197, 0.013505573197486277, 0.06642357965000256, 0.11657276459549115]"
430,10.556816898110892,5.014722778877337,10.369491327099734,0.1873255710111551,0.8703813384934985,25.76470636141249,0.0002897474106628162,0.0007242382459980379,2.53125,3.925033459381666,1.8852706489269622,5.783950677141547,5.783950677141547,244.8984375,,849.28515625,0.0,0.0,,,0,32,"[0.5759435594835264, 1.0051378501029176, 0.013592481603759192, 0.06561104080089812, 0.11658342486168488]"
431,10.530970749444364,5.0065362327785925,10.344513494471572,0.1864572549727937,0.8703421157920265,25.95322742940579,0.0002906640992183518,0.0006851786795915605,2.53125,3.889391300617717,2.7596501167863607,6.649041417404078,6.649041417404078,244.8984375,,849.28515625,0.0,0.0,,,0,32,"[0.5754659378156046, 1.0054633916884301, 0.013674198322272093, 0.06479919191998634, 0.11659455998231309]"
432,10.50541372768151,4.997541006278313,10.31979403202341,0.18561969565810071,0.8703028977958744,26.20181746500843,0.000208910842245974,0.0012983330265550759,2.53125,3.817944882030133,2.796038555970881,6.613983438001014,6.613983438001014,244.8984375,,849.28515625,0.0,0.0,,,0,32,"[0.5749862447544278, 1.005789099790194, 0.013752981792302183, 0.0639883391270387, 0.11660550130413928]"
433,10.478863841195926,4.989562108077544,10.294079423503081,0.18478441769284493,0.8702637829337547,26.347173354337986,0.0002530743519506551,0.001972341507757015,2.53125,4.484819517529104,3.1022456169012003,7.441202164045535,7.441202164045535,244.8984375,,849.28515625,0.0,0.0,,,0,32,"[0.5745059366206456, 1.0061141263744142, 0.013833861431584474, 0.0631777963547724, 0.11661736361627036]"
434,10.452574274569244,4.980620632885785,10.268565865073546,0.18400840949569813,0.8702245684422325,26.50151620178885,8.935657136779906e-05,0.0024336701124159773,2.53125,3.812226845184341,2.4834226569510065,6.295649502135348,6.295649502135348,244.8984375,,849.28515625,0.0,0.0,,,0,32,"[0.5740215024872699, 1.0064402332799642, 0.0139191733903019, 0.06237059789106516, 0.1166287814296146]"
435,10.425746267163733,4.972055779426296,10.242510319057477,0.18323594810625643,0.8701852648424611,26.651041264306805,0.0003862613993380615,0.00018014223761637674,2.53125,3.772357442358043,2.4384657663176768,6.196682392328512,6.196682392328512,244.8984375,,849.28515625,0.0,0.0,,,0,32,"[0.5735334087830103, 1.006767320458274, 0.01400274734858777, 0.06156581547323734, 0.11663969779801281]"
436,10.399119973000346,4.962606844060639,10.216610961396764,0.18250901160358055,0.8701458647879454,26.80317295869154,0.0006388288240381235,0.0018301703210671608,2.53125,4.075946948432829,2.1877551698707975,6.191359236254357,6.191359236254357,244.8984375,,849.28515625,0.0,0.0,,,0,32,"[0.5730412558885775, 1.007095460422412, 0.014090361533004827, 0.06076436096528542, 0.11664990166048848]"
437,10.372478288500647,4.952525701395333,10.19068666030364,0.18179162819700612,0.8701063705451577,26.9876570074708,0.0005223724434846033,0.00038636393729483173,2.53125,4.129112887312658,3.208975431334693,7.1439140374423005,7.1439140374423005,244.8984375,,849.28515625,0.0,0.0,,,0,32,"[0.5725451444140501, 1.007424631519306, 0.014180989284149017, 0.05996610717336398, 0.11665976513946438]"
438,10.345516048603162,4.942525127364045,10.16440123108829,0.18111481751487157,0.8700668774363679,27.722807253466403,0.0005975441926700797,0.0002305103775418176,2.53125,4.172193206613883,2.7259719572612084,6.807886165915988,6.807886165915988,244.8984375,,849.28515625,0.0,0.0,,,0,32,"[0.5720466780245493, 1.0077540065550312, 0.014273549576803074, 0.059169650416968964, 0.11667127912207965]"
439,10.31748312622442,4.9336446085761345,10.13701344235173,0.18046968387268958,0.8700281822160242,27.883966615296433,0.00010584240496416819,0.0029963349173312416,2.53125,4.075491342518944,2.7263196752755903,6.6588643385330215,6.6588643385330215,244.8984375,,849.28515625,0.0,0.0,,,0,32,"[0.5715594776750548, 1.008076670948151, 0.014360995032877317, 0.05836296006077686, 0.1166825693968165]"
440,10.289763633972155,4.923697212087189,10.10993301987298,0.179830614099176,0.869989391801302,28.051488284218944,0.0011447499501376912,0.002518508044417105,2.53125,4.083418592927046,2.61234056961257,6.676527569652535,6.676527569652535,244.8984375,,849.28515625,0.0,0.0,,,0,32,"[0.5710682650324191, 1.008400376828178, 0.014452365546629157, 0.05755954557472307, 0.11669263099542868]"
441,10.261435230187747,4.914118954723185,10.08219599770668,0.17923923248106494,0.8699505145950093,28.274292401370694,0.0007699963216946104,0.002063898283472508,2.53125,3.993106343841646,2.4215628727688454,6.292966187174898,6.292966187174898,244.8984375,,849.28515625,0.0,0.0,,,0,32,"[0.5705731635570437, 1.0087250511745123, 0.014547069939578983, 0.05675932147921821, 0.11670418836722952]"
442,10.23313673717632,4.904015606343801,10.054461377854505,0.17867535932181558,0.869911664475686,28.544447259255872,0.0009359878253280274,0.0030139129655845595,2.53125,3.7919188252999447,2.4666519602760673,6.258332374272868,6.258332374272868,244.8984375,,849.28515625,0.0,0.0,,,0,32,"[0.5700761197268999, 1.0090497065026602, 0.014644555683760899, 0.05596062170880056, 0.11671521357639632]"
443,10.204502318367537,4.8937315623235484,10.026355090861896,0.17814722750564044,0.8698729027019201,28.77492806307167,0.00014954073845110938,0.000986023640780673,2.53125,3.8681884689140134,2.45258064387599,6.313438272627536,6.313438272627536,244.8984375,,849.28515625,0.0,0.0,,,0,32,"[0.5695781951693121, 1.009373810613753, 0.014743956168471406, 0.05516248111039698, 0.11672611261044004]"
444,10.175774883003,4.88292424621304,9.998151454005887,0.1776234289971108,0.8698341599110953,28.94807755302207,0.0009952661485412295,0.0016700501696761763,2.53125,3.8082211030996405,2.5611457094782963,6.369366812577937,6.369366812577937,244.8984375,,849.28515625,0.0,0.0,,,0,32,"[0.5690782331072467, 1.0096979648732347, 0.014845687468072844, 0.05436591961932475, 0.11673623615614012]"
445,10.14619506539565,4.872831127603463,9.969040509421118,0.17715455597453228,0.8697953309604725,29.256950246666705,0.00072968177708857,0.0019191370286676232,2.53125,4.0176948823500425,2.385465500992723,6.3750145709491335,6.3750145709491335,244.8984375,,849.28515625,0.0,0.0,,,0,32,"[0.5685744054933456, 1.0100230824725929, 0.014950365683277574, 0.053572585289171124, 0.11674716290860766]"
446,10.116649577888095,4.862072001653911,9.939932440147507,0.176717137740588,0.8697565930370016,30.109165052755447,0.0005231002293755449,0.003215565055401913,2.53125,4.229734462569468,2.483865748217795,6.713600210787263,6.713600210787263,244.8984375,,849.28515625,0.0,0.0,,,0,32,"[0.568069802598632, 1.010347624696128, 0.015055774380709661, 0.0527795753640858, 0.11675567930522247]"
447,10.086470830848317,4.851775225915705,9.910157112809793,0.17631371803852317,0.869718687848329,30.30577075918154,0.00027914718995569743,0.003113647233999283,2.53125,4.061284300405532,2.3043700348353013,6.3656543352408335,6.3656543352408335,244.8984375,,849.28515625,0.0,0.0,,,0,32,"[0.5675770763194946, 1.0106651554977426, 0.01515573732395898, 0.05197562220065912, 0.11676353582267854]"
448,10.055976576684648,4.841309819414601,9.880032440534116,0.17594413615053173,0.8696807094661684,30.53976046843526,0.0006286461132027354,0.0021573689880284965,2.53125,4.193341825157404,2.863744361093268,6.979246471018996,6.979246471018996,244.8984375,,849.28515625,0.0,0.0,,,0,32,"[0.567080703342118, 1.0109835375513336, 0.015259103358946511, 0.05117468689091673, 0.11677158738775774]"
449,10.025343555216779,4.830468838578905,9.849737589901945,0.17560596531483344,0.8696427424676997,30.879899670750447,0.000496239289362016,0.0022692922461078394,2.53125,3.8920913939364254,2.777553250780329,6.6696446447167546,6.6696446447167546,244.8984375,,849.28515625,0.0,0.0,,,0,32,"[0.5665821191073899, 1.0113020377184514, 0.015365223420722007, 0.05037552990481296, 0.11677920634285556]"
450,9.994452254700962,4.819493573435707,9.819147854556654,0.1753044001443071,0.869605690253638,31.14745341147027,0.0002487032302030401,0.001376744989230807,2.53125,3.845289145829156,2.565115260949824,6.41040440677898,6.41040440677898,244.8984375,,849.28515625,0.0,0.0,,,0,32,"[0.566096474224305, 1.0116128284301749, 0.015472064882684667, 0.049565538688699486, 0.11678677686889474]"
451,9.963379884953675,4.808040417133062,9.788326704638985,0.17505318031469103,0.8695686701059775,31.334058821122465,0.0006486002910484068,0.002074543352408165,2.5625,4.348308844782878,2.3533847634098493,6.570746540091932,6.570746540091932,244.8984375,,849.28515625,0.0,0.0,,,0,32,"[0.5656089445645026, 1.0119235590047955, 0.015581952126308151, 0.04875706750247332, 0.11679455347096988]"
452,9.93197139165991,4.7964275697527565,9.757156766632486,0.17481462502742573,0.869531552221787,31.875665895744028,0.00018753252532968667,0.002011358707311931,2.5625,4.275030929420609,2.0796670360141434,6.251120590604842,6.251120590604842,244.8984375,,849.28515625,0.0,0.0,,,0,32,"[0.5651173525790002, 1.0122353543674965, 0.015695681000462373, 0.047951999868821066, 0.11680182120907326]"
453,9.90000085583884,4.784702159491337,9.725372530646968,0.1746283251918747,0.8694947915849478,32.76537826047284,0.0002126631354702202,0.002912521421053116,2.5625,4.072966861713212,2.645833999849856,6.6362478537485,6.6362478537485,244.8984375,,849.28515625,0.0,0.0,,,0,32,"[0.5646294301964371, 1.0125442690821536, 0.015809222034286415, 0.04714357498968447, 0.11680963760807712]"
454,9.86730562716115,4.773336249094039,9.69284103218853,0.17446459497261987,0.8694588066979763,32.96608154159744,0.0007349517093670488,0.0031039923181520913,2.53125,3.812477065366693,2.258976412122138,6.071453477488831,6.071453477488831,244.8984375,,849.28515625,0.0,0.0,,,0,32,"[0.5641523378162222, 1.0128466746831108, 0.01591841255215919, 0.04632567552235307, 0.11681682129767547]"
455,9.834130286790568,4.761876226400299,9.659768471698834,0.17436181509173346,0.8694227257958909,33.216158239905354,0.00022074215502029815,0.002779140189431011,2.53125,3.766673500649631,2.3501608811784536,6.102059443946928,6.102059443946928,244.8984375,,849.28515625,0.0,0.0,,,0,32,"[0.5636711597516214, 1.0131501315932325, 0.016032274906331894, 0.04551121151459928, 0.11682490326664363]"
456,9.800856746966648,4.749893427081162,9.626573758935166,0.17428298803148234,0.8693866333714382,33.412543227228426,0.00018647023970708165,0.003426941175260466,2.53125,3.6224306386429816,2.4224702938226983,6.04490093246568,6.04490093246568,244.8984375,,849.28515625,0.0,0.0,,,0,32,"[0.5631873447149184, 1.013453907885333, 0.016150386604100456, 0.04469902691794919, 0.11683188770879838]"
457,9.767427340619395,4.737300425337179,9.593197343133383,0.17422999748601203,0.8693504382315187,33.60853972808986,0.0007619677561602756,0.002987437186190481,2.53125,3.8633888761978596,2.6084422643180005,6.431486232031602,6.431486232031602,244.8984375,,849.28515625,0.0,0.0,,,0,32,"[0.562699333503714, 1.0137587941228874, 0.01627325658447815, 0.04389048228497359, 0.1168388147786815]"
458,9.733637555585918,4.724567710933193,9.559401639206499,0.17423591637941874,0.8693141398608748,33.909792698237396,0.0002082263109240423,0.0022595819842537047,2.53125,4.352899697551038,2.4158107771654613,6.485978010459803,6.485978010459803,244.8984375,,849.28515625,0.0,0.0,,,0,32,"[0.5622071085485444, 1.014064794809473, 0.016400482970950123, 0.043085603373515795, 0.11684666065614696]"
459,9.6995228741511,4.711456257924785,9.525253050262158,0.17426982388894188,0.8692778733606685,34.34440950482698,0.00027774062260033094,0.0035498108005099995,2.53125,3.868262043397408,2.657386430655606,6.525648474053014,6.525648474053014,244.8984375,,849.28515625,0.0,0.0,,,0,32,"[0.5617130024890683, 1.014370738222553, 0.01653096407660804, 0.04228237007849465, 0.1168536452690711]"
460,9.665215160570199,4.697891976533641,9.490879697753265,0.17433546281693468,0.8692417610413676,34.54037774725307,0.000726847692512772,0.0025016455160627765,2.53125,4.32062333857175,2.2979198838584125,6.593910475203302,6.593910475203302,244.8984375,,849.28515625,0.0,0.0,,,0,32,"[0.5612191230068259, 1.0146755628917585, 0.0166628722224807, 0.04147880139460901, 0.11686017132412062]"
461,9.629931134366444,4.684679110471748,9.455478282884208,0.174452851482235,0.8692055410677275,35.566370664956224,0.0002504939022117125,0.003943440528961923,2.53125,4.221615774440579,2.658179793797899,6.799214505008422,6.799214505008422,244.8984375,,849.28515625,0.0,0.0,,,0,32,"[0.560720952660001, 1.0149815406734344, 0.016799085065698473, 0.040679055707015695, 0.11686770784743425]"
462,9.594004111985027,4.67126916714857,9.419395466666113,0.174608645318914,0.8691701816238492,36.43837465325891,0.0005846539067623502,0.0010563006578872217,2.53125,4.246995827998035,2.589569332485553,6.708943474222906,6.708943474222906,244.8984375,,849.28515625,0.0,0.0,,,0,32,"[0.5602350760903766, 1.015280275310301, 0.016930312398498442, 0.03986823880903511, 0.11687378410464007]"
463,9.556980895154476,4.658598991564582,9.382142300104087,0.1748385950503877,0.8691354337278983,36.8471669192072,0.0005540047297783457,0.0015235943203845438,2.53125,4.106247695744969,2.6387170146335848,6.640527120907791,6.640527120907791,244.8984375,,849.28515625,0.0,0.0,,,0,32,"[0.5597571289332295, 1.0155739302385678, 0.017060292253478687, 0.03905068806706603, 0.11688080690213923]"
464,9.520222907435627,4.644859493332755,9.345107716532747,0.17511519090288089,0.8691007607607447,37.520212684762114,0.0007848426786989937,0.0020229025958907183,2.53125,4.07947559870081,2.668440283741802,6.732721318257973,6.732721318257973,244.8984375,,849.28515625,0.0,0.0,,,0,32,"[0.5592780422614527, 1.0158671555671583, 0.017192711856112187, 0.038234031369600366, 0.11688644205269433]"
465,9.482509266051892,4.631567195708233,9.307052675357507,0.1754565906943834,0.8690664168259529,37.7555467689425,0.00033248751636624774,0.0002688440897192062,2.53125,4.13804805430118,3.043267090106383,7.159422086260747,7.159422086260747,244.8984375,,849.28515625,0.0,0.0,,,0,32,"[0.5588021617717973, 1.0161577475385337, 0.01732462244728614, 0.03741448815211917, 0.11689296710857594]"
466,9.444532785622147,4.617959055784944,9.2686834989935,0.17584928662864588,0.8690319814099,38.875697124598126,0.00013265781808299848,0.002261021045239311,2.53125,4.541242946288548,2.772996376734227,7.2621065701241605,7.2621065701241605,244.8984375,,849.28515625,0.0,0.0,,,0,32,"[0.5583225397438084, 1.0164493434879573, 0.017455569215199217, 0.03659732845544488, 0.11689908974296455]"
467,9.405370700279589,4.60469305412874,9.229072065153153,0.17629863512643562,0.8689982914297226,39.619272923775895,0.00040482382653159177,0.0015760161595841265,2.53125,4.47655522293644,3.359082249517087,7.543986597738694,7.543986597738694,244.8984375,,849.28515625,0.0,0.0,,,0,32,"[0.5578530920961867, 1.0167347033420637, 0.017584693027279254, 0.03577180669276161, 0.11690452300138587]"
468,9.36583036379455,4.591139174886133,9.189020141806978,0.17681022198757346,0.8689650169109854,39.859482594540395,0.00035792646787699556,0.0003247930775281017,2.53125,4.514704844041262,2.8574995740200393,7.255771452037152,7.255771452037152,244.8984375,,849.28515625,0.0,0.0,,,0,32,"[0.5573882062336495, 1.017016686896892, 0.017714796141492052, 0.03494270229309403, 0.11690957114395258]"
469,9.325786074677925,4.57737598131711,9.148411408177207,0.1773746665007196,0.8689316447070475,40.05657438219646,0.0003462185657435446,0.0019545110002084968,2.53125,3.749667332158424,3.368051548022777,7.10691099811811,7.10691099811811,244.8984375,,849.28515625,0.0,0.0,,,0,32,"[0.5569194156297723, 1.017299730175681, 0.017845240788851875, 0.03411621997461112, 0.1169153194705867]"
470,9.28559535176766,4.562881945483876,9.107603657911797,0.177991693855862,0.868898138182268,40.59448494440657,0.0004118958114979754,0.0008821840022717123,2.53125,3.96471925341757,2.104030005284585,6.028776042512618,6.028776042512618,244.8984375,,849.28515625,0.0,0.0,,,0,32,"[0.5564457824286204, 1.0175841623963273, 0.017983008432151674, 0.03329417427585593, 0.11692087359000476]"
471,9.244712653833734,4.548344554327153,9.066055562418473,0.17865709141526004,0.8688647982932224,41.14540853405016,0.0002369004641778194,0.0016479213743983325,2.53125,3.5677119303727522,2.588545765320305,6.156257695693057,6.156257695693057,244.8984375,,849.28515625,0.0,0.0,,,0,32,"[0.5559724547598216, 1.0178673751022578, 0.018124702990644472, 0.03247219936258826, 0.11692647494708966]"
472,9.203391577972733,4.53344318532425,9.024007246134534,0.1793843318381964,0.8688316281009041,41.71620494052751,0.0003783409232455126,0.0010817027648807546,2.53125,4.226953009492718,3.352158331836108,7.504473403969314,7.504473403969314,244.8984375,,849.28515625,0.0,0.0,,,0,32,"[0.5554994703832027, 1.018149342652984, 0.018270438954079097, 0.03165030316930971, 0.11693174336695004]"
473,9.161762463018775,4.518076060003526,8.981596813560483,0.18016564945829194,0.8687986227038382,41.8359711917075,0.0005358622858263884,0.0012884956762543634,2.53125,3.5976181316073053,2.068687492283061,5.666305623890366,5.666305623890366,244.8984375,,849.28515625,0.0,0.0,,,0,32,"[0.5550267545288731, 1.0184301074887692, 0.018420239306061723, 0.030828568135083022, 0.11693645676511077]"
474,9.119725575096364,4.502395492506518,8.93872403493091,0.18100154016545433,0.8687654278199253,42.24685636053278,0.00011251366928760609,0.0012749257801980395,2.53125,3.6812250546063296,2.110466572048608,5.686989221430849,5.686989221430849,244.8984375,,849.28515625,0.0,0.0,,,0,32,"[0.5545486351840136, 1.018712725111007, 0.01856978528026463, 0.03001056101264147, 0.11694189007960501]"
475,9.077033709786264,4.486756452941852,8.895162124172606,0.18187158561365718,0.8687324952070015,43.104718749328754,0.0004202626570191659,0.0020386335078256984,2.53125,3.8579810425289907,2.5390156370121986,6.396996679541189,6.396996679541189,244.8984375,,849.28515625,0.0,0.0,,,0,32,"[0.5540723598382884, 1.0189932987159267, 0.018724181197260808, 0.029191673953536824, 0.1169470020775094]"
476,9.034000968163344,4.470598043011058,8.851205342404871,0.18279562575847227,0.8686999485611869,43.271510120140825,0.00039806442488499183,0.0012565614142895183,2.53125,4.600204658345319,2.9688644644920714,7.254351432493422,7.254351432493422,244.8984375,,849.28515625,0.0,0.0,,,0,32,"[0.5536001286296174, 1.0192707536155496, 0.018880156859515385, 0.028369684048436105, 0.11695154662689795]"
477,8.990853588461476,4.4538336805732985,8.807066824279126,0.18378676418234965,0.8686672388529194,43.425895243848096,0.00039341841638410036,0.0007193751518883331,2.53125,3.877811148413457,2.25117860827595,6.128989756689407,6.128989756689407,244.8984375,,849.28515625,0.0,0.0,,,0,32,"[0.5531229254768114, 1.0195498332483155, 0.01903603394439142, 0.027551107164329815, 0.11695663865446285]"
478,8.9470133764267,4.436517865440259,8.762194402287975,0.18481897413872556,0.8686343520190439,44.11212452447501,0.0002468971045363755,0.001600116039778222,2.53125,3.991441502876114,2.0652587700169533,5.84134829841787,5.84134829841787,244.8984375,,849.28515625,0.0,0.0,,,0,32,"[0.5526401169802451, 1.019830674390866, 0.019200110303734454, 0.02673804041831684, 0.11696170058362128]"
479,8.903034973375622,4.418655940931745,8.717106567103965,0.1859284062716574,0.8686018102447237,43.38039528319805,0.00044582438026397053,0.0014815716586775733,2.53125,4.054203680425417,2.5341454020235687,6.588349082448985,6.588349082448985,244.8984375,,849.28515625,0.0,0.0,,,0,32,"[0.5521605760798152, 1.020108754409046, 0.0193678718840797, 0.025922844105871104, 0.11696650189999604]"
480,8.859041433854884,4.400273351119722,8.672019279276084,0.18702215457880045,0.8685683305681663,45.36547341612625,0.00043616773328264413,0.0014124261671769034,2.53125,3.9301598590100184,2.0600377611117437,5.929362967435736,5.929362967435736,244.8984375,,849.28515625,0.0,0.0,,,0,32,"[0.5516623829102458, 1.0203951899663175, 0.019551920740042732, 0.02512543280753127, 0.11697091520077244]"
481,8.81305269924459,4.382705682489207,8.624825226558155,0.18822747268643425,0.8685358257169515,47.623498077228845,0.0002976712724262198,0.00022778837979695526,2.53125,4.02196009963518,2.5409392328583635,6.562899332493544,6.562899332493544,244.8984375,,849.28515625,0.0,0.0,,,0,32,"[0.5511786132872334, 1.020673392579098, 0.019725529990002284, 0.02431400693103728, 0.11697517353105828]"
482,8.76523876303281,4.366018201690847,8.575674874833492,0.18956388819931796,0.8685044902546495,48.401256123849706,0.0002052397680998852,0.0016929123956636203,2.53125,3.5795521471300162,2.7090035437140614,6.288555690844078,6.288555690844078,244.8984375,,849.28515625,0.0,0.0,,,0,32,"[0.5507123853938592, 1.020941685630084, 0.019890020495620046, 0.023487221249313378, 0.11697949791432337]"
483,8.716658472833926,4.348490048745137,8.525704261649302,0.19095421118462141,0.8684733469886265,49.276975460948215,0.0002731647147984906,0.00021318615500296674,2.53125,3.8636044700979255,2.4022943543968722,6.265898824494798,6.265898824494798,244.8984375,,849.28515625,0.0,0.0,,,0,32,"[0.5502468803367998, 1.0212085408313345, 0.020058434935157625, 0.022660350259990764, 0.11698327772774832]"
484,8.666664580699745,4.330370418192858,8.47425476540823,0.19240981529151757,0.868442442283342,50.200182452806956,0.0001368835242202271,0.00018567524364911404,2.53125,3.6963235252187587,2.543754846556112,6.240078371774871,6.240078371774871,244.8984375,,849.28515625,0.0,0.0,,,0,32,"[0.5497828094092231, 1.0214735593546915, 0.020231681179016896, 0.021833082533266615, 0.11698742546991038]"
485,8.615497013257464,4.3114241117560725,8.421600719855572,0.1938962934018904,0.8684112969512892,50.5489491314189,0.0002054446288585754,0.0005897638085447482,2.53125,4.371646522486117,3.036395166418515,7.006319530773908,7.006319530773908,244.8984375,,849.28515625,0.0,0.0,,,0,32,"[0.5493122319997612, 1.021740883432602, 0.020409875081335474, 0.021011299122096937, 0.11699112646657243]"
486,8.563965442735626,4.291695364793224,8.368570480792869,0.1953949619427568,0.8683796189430538,53.55610085496586,0.0002443236763360057,0.001824485334451737,2.53125,3.9681963608018123,2.15579780342523,6.123994164227042,6.123994164227042,244.8984375,,849.28515625,0.0,0.0,,,0,32,"[0.5488300247951908, 1.022013047568124, 0.02059844733265683, 0.020200231948907677, 0.11699479277294855]"
487,8.509872351209395,4.27036438757022,8.312838863251184,0.19703348795821102,0.8683491488420455,55.03928815983902,8.292291037789723e-05,0.001236378122454971,2.53125,3.7598398339468986,2.153049790649675,5.912889624596573,5.912889624596573,244.8984375,,849.28515625,0.0,0.0,,,0,32,"[0.5483659905449348, 1.02227497192371, 0.020777828926270843, 0.01937326239358082, 0.11699817581523876]"
488,8.454579073768718,4.247725905292899,8.255846295637102,0.19873277813161686,0.8683187925416732,58.303131443853495,0.0001163609936096488,0.0013056122024105474,2.53125,3.5281495438539423,2.281965447764378,5.794025521026924,5.794025521026924,244.8984375,,849.28515625,0.0,0.0,,,0,32,"[0.5479014164062213, 1.0225361350578477, 0.020960066616187465, 0.018546980361805052, 0.11700165652555236]"
489,8.397008224112792,4.223017603045339,8.196394205190847,0.20061401892194375,0.868291048585399,59.33356221384143,0.00036705071152168256,0.0010663891027966903,2.53125,4.0587185067124665,2.3305410650209524,6.101509279687889,6.101509279687889,244.8984375,,849.28515625,0.0,0.0,,,0,32,"[0.5474780897273036, 1.0227749295264688, 0.02113445186216864, 0.01769062105242733, 0.11700485713466864]"
490,8.33691287948906,4.196910905353279,8.13429533708107,0.20261754240798976,0.8682648973043885,63.09311359558321,0.00033424641083332207,0.0009557290901963379,2.5625,3.701333531353157,2.6425320538692176,6.343865585222375,6.343865585222375,244.8984375,,849.28515625,0.0,0.0,,,0,32,"[0.5470787421148213, 1.0230001827073771, 0.021308271543493438, 0.016819095169921132, 0.11700829855897865]"
491,8.273483262030128,4.1693108620889285,8.068689771788007,0.20479349024212118,0.8682408567200169,64.47936932865728,0.0001240854190910634,0.00040508693796199955,2.53125,3.689431818202138,2.506835175154265,6.196266993356403,6.196266993356403,244.8984375,,849.28515625,0.0,0.0,,,0,32,"[0.5467122160513309, 1.023207408472957, 0.021474280228633118, 0.015927384977501124, 0.11701148855184855]"
492,8.20883487388215,4.140529899589333,8.001755869691525,0.2070790041906252,0.868217012475698,65.57029793899628,0.0003845681520084909,0.0015073520303036626,2.53125,4.535908170510083,2.420225595415104,6.5319996065227315,6.5319996065227315,244.8984375,,849.28515625,0.0,0.0,,,0,32,"[0.5463464649991114, 1.023413165283971, 0.02164435106978086, 0.015035780754025105, 0.11701433814702597]"
493,8.142598161852,4.11133302546869,7.933164328500587,0.2094338333514131,0.8681929179765339,67.41429791025719,0.00025653912814813107,0.0006890642540752745,2.53125,4.228504760249052,2.702750723983627,6.690515772788785,6.690515772788785,244.8984375,,849.28515625,0.0,0.0,,,0,32,"[0.5459739229804091, 1.0236213188836008, 0.02182254584222349, 0.014149145728259926, 0.11701741668936694]"
494,8.075242748378765,4.082133125979835,7.8633759916525845,0.2118667567261804,0.8681688111586144,68.04311858839426,0.00020480912511317007,0.0003402224303524395,2.53125,3.873249974276405,2.2130117431515828,6.086261717427988,6.086261717427988,244.8984375,,849.28515625,0.0,0.0,,,0,32,"[0.5455985762280428, 1.023829811269956, 0.02200725772400114, 0.013265110299189588, 0.11702035287711533]"
495,8.006698219391271,4.05442332280889,7.792430064324122,0.21426815506715133,0.8681442578163158,69.92740881573887,0.00016294297778909894,0.0010861255877834008,2.53125,4.357043522759341,2.6785618319991045,7.019853168458212,7.019853168458212,244.8984375,,849.28515625,0.0,0.0,,,0,32,"[0.5452130126760364, 1.0240424027573376, 0.02220480076484665, 0.012389259609618583, 0.11702316773921119]"
496,7.937762097635584,4.023100017570502,7.720928003528566,0.21683409410701854,0.8681200775896237,70.12826960281488,0.00021916944675109962,0.001559849108228207,2.53125,4.063867832883261,2.8733071230817586,6.93717495596502,6.93717495596502,244.8984375,,849.28515625,0.0,0.0,,,0,32,"[0.5448311777305651, 1.0242519966333605, 0.02240551926361575, 0.011511775713732053, 0.11702573255154146]"
497,7.866118251679621,3.987225267573922,7.646705330761534,0.21941292091808884,0.8680954936070849,73.37525770448525,0.0004175401745842855,0.0011164530316012968,2.59375,3.9666685624979436,2.176495036110282,5.850979883689433,5.850979883689433,244.8984375,,849.28515625,0.0,0.0,,,0,32,"[0.5444395999607797, 1.0244653279620448, 0.02262341109302738, 0.010643632524356201, 0.11702840609370999]"
498,7.791348034253472,3.950355369152494,7.569230558074119,0.22211747617935318,0.86807137480736,76.7042943522207,0.0006011499995846048,0.0015198000214750429,2.625,4.055452467582654,2.4266803011414595,6.482132768724114,6.482132768724114,244.8984375,,849.28515625,0.0,0.0,,,0,32,"[0.5440535832828173, 1.0246748548909645, 0.022836055901700677, 0.009770783159369781, 0.11703080646437308]"
499,7.715016507569791,3.9097389737761428,7.489914076901666,0.22510243066812569,0.8680493979632546,75.42520474316561,0.0007281706470341209,0.001196689868977288,2.59375,4.096965087228455,2.360549107834231,6.3497415103483945,6.3497415103483945,244.8984375,,849.28515625,0.0,0.0,,,0,32,"[0.5437008401344582, 1.0248660906396747, 0.02304209295004733, 0.00887829041985355, 0.11703337635160253]"
500,7.63781001532112,3.8660240329479856,7.409651708982894,0.2281583063382273,0.8680267092233337,79.62124176064279,0.0008171179483709157,0.0011730281191407591,2.59375,3.854216556646861,2.153223038476426,6.007439595123287,6.007439595123287,244.8984375,,849.28515625,0.0,0.0,,,0,32,"[0.5433329232387547, 1.0250637397510123, 0.02327297302707287, 0.007999507472817033, 0.11703600478723793]"
