epoch,loss,loss_std,loss_u,loss_x,theta_rel_error,grad_norm,constraint_violation_inf,solve_convergence_error,sqp_num_iter,forward_time_ms,backward_time_ms,value_grad_time_ms,total_sample_time_ms,build_rss_delta_mb,build_gpu_used_delta_mb,rss_mb,rss_delta_mb,rss_peak_delta_mb,gpu_used_mb,gpu_used_delta_mb,nonfinite_sample_grad_count,finite_grad_sample_count,theta
0,24.862225089977862,3.9507957826377087,22.1320393747136,2.730185715264258,0.8788834949472446,40.605409934158274,0.0007569469063151979,0.0005003615927253751,7.4375,12.169644874987284,2.056534593762649,14.226179468749933,14.226179468749933,248.33203125,,850.99609375,0.04736328125,0.04736328125,,,0,32,"[0.5118216247002567, 0.9504636963259353, 0.14415961271963373, 0.4, 0.06349896734588635]"
1,24.825524109882625,3.9497674389659587,22.105485683666867,2.720038426215759,0.8788708793899249,40.7006493208456,0.0010118161136611903,0.0002519729282708551,4.71875,4.096095624973373,2.998975812559479,7.093161312539564,7.093161312539564,248.33203125,,851.50390625,0.015869140625,0.015869140625,,,0,32,"[0.5123732233343281, 0.950499469471047, 0.14362294485971022, 0.3994025977602416, 0.06372158226235895]"
2,24.78538096191548,3.9531546072840333,22.0765117521304,2.7088692097850764,0.8788581759601698,40.595310264405136,0.0010893481271437438,0.0002292803213262756,4.75,3.858352031286927,2.3543394686953434,6.21269149998227,6.21269149998227,248.33203125,,851.50390625,0.0,0.0,,,0,32,"[0.5129120620149971, 0.9505367575920175, 0.14308587018956903, 0.398815750822598, 0.0639962164603759]"
3,24.745282057856507,3.9565729020008904,22.047612102659233,2.69766995519727,0.8788454830836494,40.488850748220585,0.0011664743459933458,0.00023648194149290247,4.8125,3.8568960936800067,2.6060072500087017,6.4629033436887084,6.4629033436887084,248.33203125,,851.50390625,0.0,0.0,,,0,32,"[0.513449725291009, 0.9505740975172818, 0.14254869823237987, 0.39822800743510706, 0.0642710399136684]"
4,24.705360664386383,3.959932044879171,22.01883833439149,2.686522329994897,0.8788328004252358,40.38227551707308,0.001243574372802106,0.00025401096385495694,4.78125,3.739386562472191,2.1279889062384427,5.867375468710634,5.867375468710634,248.33203125,,851.50390625,0.0,0.0,,,0,32,"[0.5139862319652755, 0.9506114906909263, 0.142011425811324, 0.39763934455510946, 0.06454595207840108]"
5,24.665578963071326,3.963254201786156,21.990142639804667,2.6754363232666605,0.87882012822291,40.37303175649255,0.0013208483954370853,0.00025872585171017137,4.9375,4.117617968745435,2.6242188749989737,6.741836843744409,6.741836843744409,248.33203125,,851.50390625,0.0,0.0,,,0,32,"[0.5145215705058847, 0.9506489357516287, 0.14147409199504002, 0.3970497655737838, 0.06482105116786557]"
6,24.625737454101866,3.96664684918,21.961396838079743,2.664340616022127,0.8788074526025146,40.35168074395218,0.00139796860340137,0.0002613964780857833,4.96875,4.651719656266096,3.269668000029924,7.833340625040819,7.833340625040819,248.33203125,,851.50390625,0.0,0.0,,,0,32,"[0.5150551652951134, 0.9506865951563257, 0.1409346509740937, 0.3964603530146723, 0.06509574115717683]"
7,24.58607685596546,3.9700868942186025,21.93278662220265,2.65329023376281,0.8787947694149663,40.24593858845683,0.0014824782384205981,0.0002773844430107395,4.9375,4.445994000036535,2.7990312812136153,7.184982156246633,7.184982156246633,248.33203125,,851.50390625,0.0,0.0,,,0,32,"[0.5155847825961578, 0.950724635176839, 0.1403947044270668, 0.39587304407162377, 0.06538137099287812]"
8,24.54648418246463,3.9735563556764264,21.904231481753015,2.642252700711613,0.878782096483732,40.13960625369546,0.0015670492971086303,0.00028684843814532994,5.0,4.574297062490018,3.130776593735618,7.451358249980444,7.451358249980444,248.33203125,,851.50390625,0.0,0.0,,,0,32,"[0.5161132314494733, 0.9507627294546378, 0.13985468296405967, 0.39528483328666847, 0.06566716029880555]"
9,24.506982858222443,3.977067088997541,21.875745747105128,2.631237111117313,0.878769433664404,40.03265396849718,0.0016518027968880356,0.00026263025828162257,4.9375,4.642508499983933,2.6765862812823116,7.319094781266244,7.319094781266244,248.33203125,,851.50390625,0.0,0.0,,,0,32,"[0.5166405210796589, 0.9508008784559876, 0.13931459142175961, 0.3946957063930257, 0.06595306400412887]"
10,24.467636947071156,3.9804975497686486,21.847371808132156,2.6202651389390055,0.8787567808564999,40.029285601969114,0.0017365276060215262,0.00026618754344197147,5.03125,4.661882531209471,3.837188750097198,8.49907128130667,8.49907128130667,248.33203125,,851.50390625,0.0,0.0,,,0,32,"[0.5171666635025179, 0.9508390820179028, 0.13877444370676176, 0.39410564314341534, 0.06623903681082002]"
11,24.428297335527603,3.983805758124929,21.81897684973477,2.6093204857928307,0.8787441252693794,39.92310767279783,0.0018211470163857768,0.00025748868069813,5.0625,4.5072280313007695,3.285040343726564,7.7597744687807335,7.7597744687807335,248.33203125,,851.50390625,0.0,0.0,,,0,32,"[0.5176910675481224, 0.9508774967886383, 0.13823208893392744, 0.39351579761187494, 0.06652444573087787]"
12,24.38908071761636,3.9870938063563797,21.790676684104312,2.5984040335120464,0.8787314797843622,39.918061974321354,0.0019058333088382284,0.0002817760783183907,5.09375,4.068146437504083,2.5123360937584494,6.580482531262533,6.580482531262533,248.33203125,,851.50390625,0.0,0.0,,,0,32,"[0.5182143038020903, 0.9509159668859413, 0.13768968568179873, 0.39292503788612126, 0.06681000751518179]"
13,24.34962681841688,3.9909011866571014,21.762262630403757,2.587364188013122,0.878718882777022,39.80561576515579,0.0020054794640346207,0.000299758606070848,5.15625,4.213813625028706,2.702075812436533,6.912451718733337,6.912451718733337,248.33203125,,851.50390625,0.0,0.0,,,0,32,"[0.5187322583687003, 0.9509544598431457, 0.1371513054516416, 0.3923374402977578, 0.06711841821716684]"
14,24.310765276093495,3.994296201773049,21.734244636317356,2.576520639776141,0.8787062942115978,39.7475447779219,0.0021047060406878815,0.0003242126132069694,5.03125,4.0179827812494295,2.5140966250063457,6.532079406255775,6.532079406255775,248.33203125,,851.50390625,0.0,0.0,,,0,32,"[0.5192491558200757, 0.950993014231714, 0.13661284622729797, 0.3917488147191249, 0.0674264964146786]"
15,24.271810045961626,3.997840813217621,21.706151694783372,2.56565835117825,0.8786937101082036,39.74206513311653,0.002202408414531176,0.00027730154742400097,5.09375,4.339994406237224,2.2458134062759427,6.387850062523626,6.387850062523626,248.33203125,,851.50390625,0.0,0.0,,,0,32,"[0.5197651763872232, 0.9510316579378563, 0.13607304924837, 0.3911592902250082, 0.06773196250221208]"
16,24.23293471319812,4.001295071542879,21.67809373465711,2.5548409785410096,0.87868112361612,39.63416681850179,0.002299962692350832,0.00026094821237406424,4.9375,4.406431375031161,3.368210687483497,7.685001343759268,7.685001343759268,248.33203125,,851.50390625,0.0,0.0,,,0,32,"[0.5202795671130379, 0.9510705035455371, 0.13553102683316923, 0.3905698974194008, 0.0680364637699892]"
17,24.19412383037703,4.004827345314846,21.650059880087934,2.544063950289095,0.8786685463220736,39.635755401920164,0.0023973020970729786,0.00032053738793177955,4.875,4.193204124987915,1.9556568125125295,6.100491031247657,6.100491031247657,248.33203125,,851.50390625,0.0,0.0,,,0,32,"[0.5207928577856612, 0.9511094079329829, 0.13498894141233936, 0.3899795299590702, 0.06834081355615955]"
18,24.155569053907612,4.007993058914985,21.622166478700922,2.533402575206691,0.8786559668976851,39.530604086427,0.002494176280142868,0.0003205721600321741,4.84375,3.8318761249769295,2.2194359688114673,6.051312093788397,6.051312093788397,248.33203125,,851.50390625,0.0,0.0,,,0,32,"[0.5213044759680681, 0.9511485167231992, 0.13444449612608417, 0.3893893879943636, 0.06864417658905131]"
19,24.116919362813743,4.011222194072273,21.594217564080143,2.522701798733599,0.8786433973034051,39.53466218347156,0.0025908956382079684,0.0003373552285495544,4.8125,3.9756585311891968,1.954482968812954,5.930141500002151,5.930141500002151,248.33203125,,851.50390625,0.0,0.0,,,0,32,"[0.5218149615239669, 0.9511876816588409, 0.1339000071779766, 0.38879830826643214, 0.06894753635179512]"
20,24.078044074232324,4.014602934702987,21.56607148986282,2.5119725843695027,0.8786308258497307,39.427292553888314,0.00268751306658524,0.0003338753326110911,5.1875,4.309940437465798,2.1095748125503633,6.419515250016161,6.419515250016161,248.33203125,,851.50390625,0.0,0.0,,,0,32,"[0.5223237522774973, 0.9512270510658551, 0.13335312582031714, 0.38820749257802556, 0.06924992620263425]"
21,24.039333869850253,4.017822684212491,21.538070059975137,2.501263809875117,0.8786182634678711,39.31921624643582,0.002783687844553906,0.0003464276013402666,4.875,4.5094320624770035,2.365217531263397,6.864608468731603,6.864608468731603,248.33203125,,851.50390625,0.0,0.0,,,0,32,"[0.5228314318940541, 0.9512664811236626, 0.132806151867253, 0.3876157136207207, 0.06955212454451355]"
22,24.000886079445465,4.0207688609375865,21.51025346246968,2.4906326169757866,0.8786057096239782,39.211407115222514,0.0028799125861514174,0.00034182820664946476,5.09375,4.44314962501835,2.79263324996748,7.23578287498583,7.23578287498583,248.33203125,,851.50390625,0.0,0.0,,,0,32,"[0.523338033428238, 0.9513059735949073, 0.1322590798212513, 0.3870229273674887, 0.0698539719641483]"
23,23.962432339798056,4.02394071394571,21.482419383407684,2.480012956390372,0.8785931651449342,39.20269914827814,0.0029761568925103787,0.00036548175795287285,4.9375,4.314885312524552,2.387361906230012,6.7022472187545645,6.7022472187545645,248.33203125,,851.50390625,0.0,0.0,,,0,32,"[0.5238435041099633, 0.9513455253371811, 0.13171199992730248, 0.3864291798361067, 0.07015580388461735]"
24,23.92365641991981,4.0273933875209655,21.454424968471283,2.4692314514485254,0.8785806160111123,39.090734544279016,0.003084172003690794,0.0003857025221472944,5.0,4.4374662812884935,2.7956783437161903,7.233144625004684,7.233144625004684,248.33203125,,851.50390625,0.0,0.0,,,0,32,"[0.5243434620785106, 0.9513855500096402, 0.13116601875340234, 0.3858390137747904, 0.07047525440206509]"
25,23.885524961211367,4.030528056570841,21.426856296324214,2.458668664887149,0.8785680735621841,38.981088718504886,0.003191654315173903,0.00040711205238814704,5.03125,4.483777906330033,3.2950704686811605,7.778848375011194,7.778848375011194,248.33203125,,851.50390625,0.0,0.0,,,0,32,"[0.5248424408748875, 0.951425645410777, 0.13061980085104447, 0.3852477543220271, 0.07079379919049483]"
26,23.847831396842974,4.033272651977342,21.399588087630015,2.448243309212961,0.8785555391753569,39.048495707711595,0.003299128969862536,0.0003986671854146536,4.90625,4.612604781215168,4.30980034377626,8.922405124991428,8.922405124991428,248.33203125,,851.50390625,0.0,0.0,,,0,32,"[0.5253403711371135, 0.9514658051979059, 0.13007350880870863, 0.38465545668076156, 0.07111192047882543]"
27,23.81012309309498,4.036473745733604,21.37235316415952,2.437769928935457,0.8785430409758931,39.041210904922096,0.0034268691854885402,0.0004303126729334135,5.375,4.705078375067728,3.477509249918853,8.182587624986581,8.182587624986581,248.33203125,,851.50390625,0.0,0.0,,,0,32,"[0.5258305765790925, 0.9515062876743137, 0.12953165385307827, 0.3840690704912671, 0.07145920168705162]"
28,23.766262171402712,4.045376884159163,21.340932137973223,2.425330033429489,0.8785305377505137,38.89774649536366,0.000999307275250827,0.0003660659978007887,6.09375,5.044319875011638,2.5627535312366945,7.6070734062483325,7.6070734062483325,248.33203125,,851.50390625,0.0,0.0,,,0,32,"[0.5263192619436172, 0.9515469875798329, 0.12898730032675418, 0.3834827799415575, 0.07180485000816679]"
29,23.728165461857476,4.048883412422565,21.313383867887655,2.414781593969817,0.878518024066772,38.78498077727933,0.0009969484508531579,0.0003639351820221572,7.46875,5.167301531244561,2.3727112187543753,7.5216213750053385,7.5216213750053385,248.33203125,,851.50390625,0.0,0.0,,,0,32,"[0.5268075964170782, 0.951587849167544, 0.12844125054422298, 0.3828948445525597, 0.07214546912982746]"
30,23.68963623512471,4.053020126908011,21.285672491846178,2.4039637432785326,0.878505516494631,38.77876159720429,0.0010235774483901006,0.0003377594088414255,8.65625,5.816773562457911,3.6563544375383117,9.44174303126033,9.44174303126033,248.33203125,,851.50390625,0.0,0.0,,,0,32,"[0.5272949775283046, 0.9516287847951981, 0.1278949645066112, 0.3823058065350891, 0.07248515973301381]"
31,23.65207630438327,4.055887077427491,21.258421468731875,2.393654835651401,0.8784930033201792,38.71702703272246,0.0011244224783514,0.0003523843493045387,9.3125,6.139156593761186,3.031962250020115,8.939381500027821,8.939381500027821,248.33203125,,851.50390625,0.0,0.0,,,0,32,"[0.5277809637281674, 0.9516699349912192, 0.12734587307207543, 0.3817167860812785, 0.07282232078714451]"
32,23.614084639832328,4.059233959610935,21.23095813647293,2.3831265033594016,0.8784804875758783,38.72071928505687,0.0012233164257528517,0.00035688821801541185,10.25,6.14088249994893,3.7035493126325036,9.844431812581433,9.844431812581433,248.33203125,,851.50390625,0.0,0.0,,,0,32,"[0.5282662352721764, 0.9517112173311582, 0.12679498885625468, 0.3811266993910865, 0.073155684816101]"
33,23.57625991412692,4.062317287693385,21.203515321323273,2.3727445928036452,0.8784679670101021,38.610168696696434,0.0013218566194490022,0.00037785561624014904,10.25,6.428331906249696,3.0535477187498827,9.481879624999578,9.481879624999578,248.33203125,,851.50390625,0.0,0.0,,,0,32,"[0.5287499727151143, 0.9517527193758999, 0.12624125916688902, 0.3805368061988124, 0.07348687225457938]"
34,23.538046090507052,4.066070420342393,21.175937407931293,2.3621086825757533,0.8784554525483285,38.49219444238585,0.00141993368521115,0.0003953599071914876,10.5625,6.782527593784948,3.2022448749557952,9.984772468740744,9.984772468740744,248.33203125,,851.50390625,0.0,0.0,,,0,32,"[0.5292327375394142, 0.9517942966508715, 0.12568728296990106, 0.3799458171070057, 0.07381710205511349]"
35,23.500406829993967,4.069080216354407,21.14865012756089,2.351756702433075,0.8784429425845248,38.38008008690532,0.0015177336214041715,0.0004017440897293121,10.46875,7.001968843766804,3.7719354999836696,10.723760468749788,10.723760468749788,248.33203125,,851.50390625,0.0,0.0,,,0,32,"[0.5297146009757879, 0.9518359557895185, 0.125133030535532, 0.37935362499462755, 0.07414601676424998]"
36,23.462839393067462,4.07210846955363,21.12143572728523,2.3414036657822326,0.8784304386468331,38.3338578483849,0.0016151462002485517,0.0004499289461601933,10.53125,6.71118856251951,3.2593612500591007,9.97054981257861,9.97054981257861,248.33203125,,851.50390625,0.0,0.0,,,0,32,"[0.5301954911886674, 0.9518776902646279, 0.12457858366404939, 0.378760314548316, 0.07447400185193656]"
37,23.42530381105251,4.07523210336576,21.09421620346504,2.331087607587469,0.8784179292491004,38.281421968653156,0.0017107437541713788,0.0004686322778454277,10.6875,6.664531218746106,3.02016706258712,9.684698281333226,9.684698281333226,248.33203125,,851.50390625,0.0,0.0,,,0,32,"[0.5306755000426132, 0.9519195943867207, 0.12402189926402075, 0.37816619365114096, 0.07479797466405197]"
38,23.38787396989097,4.078356282516414,21.06708822963187,2.320785740259098,0.878405401110371,38.353194101545554,0.0018110253412094157,0.0004902133530240401,10.8125,7.112148999979695,3.608001531247851,10.720150531227546,10.720150531227546,248.33203125,,851.50390625,0.0,0.0,,,0,32,"[0.5311518083411388, 0.9519619664166102, 0.12346470669961368, 0.3775738892270253, 0.07512970788696029]"
39,23.35043803816546,4.081400253038783,21.039867753105383,2.310570285060077,0.8783928637335501,38.752955126581945,0.001908869765618687,0.0004869165636608707,11.1875,7.171339124994347,3.1058942187200955,10.277233343714443,10.277233343714443,248.33203125,,851.50390625,0.0,0.0,,,0,32,"[0.5316268873322911, 0.9520045816927121, 0.12290292093737994, 0.37698184652301137, 0.07545584602392663]"
40,23.312983892492365,4.084578066548535,21.012552370388494,2.3004315221038714,0.8783803839289778,38.707897096176936,0.002012674447519347,0.0005105272109893058,11.625,6.463984468723538,1.8976253125799758,8.361609781303514,8.361609781303514,248.33203125,,851.50390625,0.0,0.0,,,0,32,"[0.5320977682901028, 0.9520471588196787, 0.12233892579798666, 0.37639416799248243, 0.07579200333728704]"
41,23.275131291757273,4.088306124451387,20.98486950532105,2.2902617864362216,0.8783679174765777,38.600294178765765,0.0021138205129040133,0.0005014843174994865,12.0,6.4399541562778495,3.1571547187070337,9.597108874984883,9.597108874984883,248.33203125,,851.50390625,0.0,0.0,,,0,32,"[0.5325686030467529, 0.9520897015871254, 0.12177282527449058, 0.3758049602855549, 0.07612195669802582]"
42,23.237369410345035,4.092085874981155,20.957238181625442,2.280131228719595,0.8783554565076884,38.49247647405361,0.002214253186621301,0.0005735954309049919,12.03125,7.416368687486852,4.398234562529524,11.734943093770767,11.734943093770767,248.33203125,,851.50390625,0.0,0.0,,,0,32,"[0.533038507275172, 0.9521323223374939, 0.12120630676484388, 0.3752146382739429, 0.07645051443813554]"
43,23.200129529962034,4.095236046005688,20.930025767376485,2.2701037625855522,0.8783430005875525,38.385873123008444,0.0023140224954499578,0.0005782053479163757,12.03125,7.521382281268529,4.01481212495014,11.53619440621867,11.53619440621867,248.33203125,,851.50390625,0.0,0.0,,,0,32,"[0.5335075153551997, 0.9521750216164374, 0.12063935738506906, 0.37462315108668953, 0.07677749991263633]"
44,23.162650224335422,4.098911281092402,20.90260600942684,2.2600442149085804,0.8783305509833312,38.78971511369128,0.0024136337912697703,0.0005911475049530069,11.84375,7.380295687511307,3.9232052500182135,11.1820136875167,11.1820136875167,248.33203125,,851.50390625,0.0,0.0,,,0,32,"[0.533975542736931, 0.9522177953738551, 0.12007212901168533, 0.37403057719116045, 0.07710342770585443]"
45,23.12465711370017,4.102464494624055,20.874923400692232,2.249733713007938,0.8783182200657159,38.68626619601285,0.002537451853424688,0.0005648456601948626,10.625,6.781700937452229,2.9689010000879534,9.750601937540182,9.750601937540182,248.33203125,,851.50390625,0.0,0.0,,,0,32,"[0.5344325322191287, 0.9522605559032333, 0.11951209175470627, 0.3734491062894409, 0.07747434819805842]"
46,23.087640191366763,4.1063681228197755,20.847951487709885,2.239688703656876,0.8783058946475769,38.73081420360722,0.002661131908641118,0.0005769475314338978,10.71875,7.441337281321125,3.320625281148182,10.638166031228025,10.638166031228025,248.33203125,,851.50390625,0.0,0.0,,,0,32,"[0.534888492798247, 0.9523034044608885, 0.11895158322688074, 0.37286672611533767, 0.07784438532382193]"
47,23.04858960819987,4.110282812837062,20.819729194138432,2.2288604140614336,0.878293592214659,38.71164500390491,0.002739683817169103,0.0005527034254723518,10.03125,7.172264656233551,2.9355650937787914,10.107829750012343,10.107829750012343,248.33203125,,851.50390625,0.0,0.0,,,0,32,"[0.5353383330961639, 0.9523465988369579, 0.11839425735639393, 0.372288917744112, 0.07823336258854793]"
48,23.009334572074405,4.1145101507737385,20.791272973388168,2.2180615986862335,0.8782812751661994,38.573683470673856,0.0027016003279982936,0.00046600242900345865,9.125,7.434098093767716,3.131080781258788,10.435561875027588,10.435561875027588,248.33203125,,851.7578125,0.0079345703125,0.0079345703125,,,0,32,"[0.5357873099806352, 0.9523900397582703, 0.11783298827712677, 0.3717106926130703, 0.0786169839670664]"
49,22.972450573018087,4.117960054558335,20.76437748723932,2.2080730857787687,0.8782689513086875,38.4594833883685,0.0028388597321558073,0.0004937574889136303,8.59375,6.495861437500139,3.024355718750371,9.52021715625051,9.52021715625051,248.33203125,,851.7578125,0.0,0.0,,,0,32,"[0.53623600045344, 0.9524336053507746, 0.11727033370533824, 0.3711307039478809, 0.07899620933523319]"
50,22.935381111476232,4.121541815673018,20.73732456133427,2.198056550141965,0.8782566301964384,38.464543540894496,0.0029752131282967664,0.00046114481868852174,8.96875,7.704954125046015,3.1339329999582333,10.663430593723433,10.663430593723433,248.33203125,,851.7578125,0.0,0.0,,,0,32,"[0.5366839203239175, 0.9524772590768509, 0.11670714049465683, 0.37054946661651567, 0.07937361987284558]"
51,22.898667614744106,4.124681358226098,20.710550805011092,2.188116809733012,0.8782443040710401,38.34885192055426,0.0031098500082286096,0.0005208017388161105,8.6875,6.567568281212743,2.5125807187862392,8.97174468751416,8.97174468751416,248.33203125,,851.7578125,0.0,0.0,,,0,32,"[0.5371305313685513, 0.9525211201635426, 0.1161406973880429, 0.36996829895418337, 0.07974778712838006]"
52,22.861836747329278,4.127960768824264,20.683638023860848,2.1781987234684284,0.8782319801509896,38.35886140094916,0.0032434342318297116,0.0005419640475912713,8.71875,6.714294124975595,2.67404771874169,9.388341843717285,9.388341843717285,248.33203125,,851.7578125,0.0,0.0,,,0,32,"[0.5375763920355223, 0.9525650712970921, 0.11557372268197454, 0.36938583157904603, 0.08012000749736484]"
53,22.81928668180216,4.135887096856183,20.65311245665821,2.166174225143951,0.8782196531448152,37.984459981956576,0.002338775765712564,0.00047981623615331277,8.8125,7.714780499981089,2.0379727500028366,9.746313624972913,9.746313624972913,248.33203125,,852.01171875,0.0079345703125,0.0079345703125,,,0,32,"[0.5380208547314248, 0.9526092222981662, 0.11500357291706151, 0.36880354396631226, 0.08048929597901792]"
54,22.782174947254102,4.139016619838523,20.625977989490035,2.1561969577640667,0.8782072388416461,37.86840070675038,0.0024506718457704135,0.00042559512313085547,9.5625,8.223422531315805,2.7094129062135153,10.802925593779378,10.802925593779378,248.33203125,,852.01171875,0.0,0.0,,,0,32,"[0.5384672471596611, 0.9526539334839866, 0.1144283220674083, 0.3682162434146713, 0.08083986584636432]"
55,22.743939942839464,4.141882464453931,20.59811373411467,2.1458262087247926,0.8781948264143508,37.87131244776475,0.0009993634960994702,0.0003968976687493233,7.625,7.001111593766041,3.3683689062371514,10.369480500003192,10.369480500003192,248.33203125,,852.01171875,0.0,0.0,,,0,32,"[0.5389128493555271, 0.9526987396579877, 0.11385247710092614, 0.36762765370191436, 0.08118828486769447]"
56,22.706871145231002,4.144934331456734,20.57098480927887,2.135886335952132,0.8781824077293802,37.75560506631778,0.0010449735782562808,0.00042509009090028094,7.71875,6.837373656239265,2.630053031268176,9.408783375008056,9.408783375008056,248.33203125,,852.01171875,0.0,0.0,,,0,32,"[0.5393572143677843, 0.9527437595096495, 0.1132729280355619, 0.367039084741434, 0.08153211972403183]"
57,22.66973981310257,4.147678760478296,20.544003589736054,2.1257362233665122,0.8781699909507177,38.15178152616533,0.0011599155231558078,0.0004308588491220713,7.46875,6.860338156243984,2.0739180937141555,8.934256249958139,8.934256249958139,248.33203125,,852.01171875,0.0,0.0,,,0,32,"[0.539800788461001, 0.9527888740628462, 0.11269276370497809, 0.366449218968728, 0.081873696100008]"
58,22.63273356493786,4.150881685430667,20.51680173637927,2.1159318285585913,0.8781576712271963,38.03964275564906,0.0012837811990497328,0.00042369439735226504,7.96875,7.605233156240843,2.063071999998556,9.64508868749192,9.64508868749192,248.33203125,,852.01171875,0.0,0.0,,,0,32,"[0.5402393470715116, 0.9528337249665024, 0.11211257680910736, 0.3658650214311056, 0.08223111902104699]"
59,22.595801529379266,4.153758958383687,20.489643243837246,2.106158285542019,0.878145354934619,38.14106130828331,0.0014072189211514485,0.0004539886665070748,7.96875,7.189155437544059,2.616967874999432,9.806123312543491,9.806123312543491,248.33203125,,852.01171875,0.0,0.0,,,0,32,"[0.5406770418817246, 0.9528786656379177, 0.11153180224490823, 0.3652796633205518, 0.08258673169960817]"
60,22.558871656150778,4.15664499958823,20.462553956301736,2.0963176998490427,0.878133082290572,38.198612594821874,0.0015417274234266753,0.00045316858114943255,7.75,6.876381374993912,2.632523281278054,9.508904656271966,9.508904656271966,248.33203125,,852.01171875,0.0,0.0,,,0,32,"[0.541108577663374, 0.9529238092212028, 0.11095424429743501, 0.3646995187630399, 0.08296302684406846]"
61,22.52214372202245,4.159786883948782,20.43561123989778,2.086532482124663,0.8781208314816947,38.07604651653346,0.001690218148022865,0.00049080015689619,8.0,7.177275718746046,2.8061029062911302,9.983378625037176,9.983378625037176,248.33203125,,852.01171875,0.0,0.0,,,0,32,"[0.5415351238063265, 0.9529692377250755, 0.1103780521098896, 0.3641232635946156, 0.0833528052206417]"
62,22.48523201241193,4.162995911523386,20.408553858066625,2.076678154345309,0.878108579716934,37.94958783919963,0.0018487868355029358,0.0005268287435517158,8.53125,7.183888375024594,3.4651801874332477,10.648614531206135,10.648614531206135,248.33203125,,852.01171875,0.0,0.0,,,0,32,"[0.5419610133570595, 0.9530147737000734, 0.10980104297217337, 0.36354562222071535, 0.08374002023030436]"
63,22.448701572639102,4.165460199749068,20.38189422292904,2.06680734971006,0.8780963260847717,37.854201880447384,0.001983281603801512,0.0005029920542705027,8.4375,7.039460156292421,3.132911750000744,10.024283281296675,10.024283281296675,248.33203125,,852.01171875,0.0,0.0,,,0,32,"[0.5423862825347068, 0.9530604205020489, 0.10922321665963045, 0.3629665215407533, 0.08412449604360502]"
64,22.411903814078848,4.169008935018272,20.3549468102973,2.05695700378155,0.8780840662956991,37.733258458153344,0.0020618175483456957,0.0005264807687693306,9.03125,8.140043875016545,3.2295468437411046,11.333273968759272,11.333273968759272,248.33203125,,852.01171875,0.0,0.0,,,0,32,"[0.5428118859138561, 0.9531061435753297, 0.10864255054644371, 0.3623852292799276, 0.08450092311054787]"
65,22.37775011365609,4.172290964672207,20.33012067179228,2.0476294418638084,0.8780718063877951,37.631121636648956,0.0021384564286807406,0.0005448318036189491,9.71875,8.406980343778514,3.0721656250136675,11.407492000046204,11.407492000046204,248.33203125,,852.01171875,0.0,0.0,,,0,32,"[0.5432367811033209, 0.953151971227678, 0.1080611130363673, 0.3618025859163923, 0.0848748496234543]"
66,22.33893212492925,4.174985450494829,20.301659623925012,2.037272501004239,0.8780595535592034,37.183208569647995,0.002214011739648941,0.0005475604459245585,11.0625,9.272112218695838,3.5159130000579353,12.643426062510343,12.643426062510343,248.33203125,,852.01171875,0.0,0.0,,,0,32,"[0.5436607805270427, 0.9531978624192753, 0.10747949274988326, 0.36121879582582217, 0.0852477108036805]"
67,22.302558366546066,4.1776423990587634,20.275091854267032,2.027466512279031,0.8780471793489859,37.058175964188614,0.002275409697938685,0.0005447941196699674,11.90625,8.790999437522373,3.1783696875606893,11.969369125083062,11.969369125083062,248.33203125,,852.01171875,0.0,0.0,,,0,32,"[0.5440872197587511, 0.9532445176127358, 0.10689183442185654, 0.360628732857298, 0.0855976483084731]"
68,22.266378890927225,4.1803453533389066,20.248643104342293,2.017735786584934,0.878034804329774,36.97535597500999,0.002334938314737023,0.0005339239676133482,12.25,9.254367999929514,2.969516031356534,12.223884031286048,12.223884031286048,248.33203125,,852.01171875,0.0,0.0,,,0,32,"[0.5445129521745316, 0.953291280016389, 0.10630356676924982, 0.36003720133879275, 0.08594491883597251]"
69,22.230222262111695,4.18305671598584,20.2222038376967,2.0080184244149972,0.8780224274790901,36.85076987194426,0.0023889984927411845,0.0005530604186459403,12.125,9.98096568751805,3.925067343743649,13.9060330312617,13.9060330312617,248.33203125,,852.01171875,0.0,0.0,,,0,32,"[0.5449388479676985, 0.9533381006089457, 0.10571259594244851, 0.35944362735062996, 0.0862838052593087]"
70,22.194183972798115,4.185630345680404,20.195818894441544,1.9983650783565714,0.8780100502834511,36.487307152406395,0.0024411429537226914,0.0005733066701813659,11.9375,9.128065625034765,2.7595368124764263,11.887602437511191,11.887602437511191,248.33203125,,852.01171875,0.0,0.0,,,0,32,"[0.5453640533702873, 0.9533850229069224, 0.10512107637837605, 0.3588485337733351, 0.08661991075337847]"
71,22.158031107800568,4.188280621005234,20.169341853492856,1.9886892543077104,0.8779975857356329,36.35863520108939,0.002481298449688918,0.0005926931048915202,12.0,8.675096874966925,2.2899262813069754,10.965023156273901,10.965023156273901,248.33203125,,852.01171875,0.0,0.0,,,0,32,"[0.5457908617899213, 0.9534325222781389, 0.10452530648013787, 0.3582482440002963, 0.08693659482213134]"
72,22.122198575127072,4.190700925790184,20.14313189356419,1.9790666815628812,0.8779851213505585,36.22840685162022,0.002519431655997051,0.0005822744293758576,12.125,9.269155343702096,2.8439251875340688,12.10810949999086,12.10810949999086,248.33203125,,852.01171875,0.0,0.0,,,0,32,"[0.5462169340536946, 0.9534801207807884, 0.10392919273633885, 0.35764639437598666, 0.08725063660718684]"
73,22.086309278006844,4.193099197832631,20.117004655499592,1.9693046225072535,0.8779726569568433,36.09251947145734,0.0025558001079570847,0.0005930555812595148,12.6875,9.898875187502654,3.218925468743805,12.978865187520228,12.978865187520228,248.33203125,,852.01171875,0.0,0.0,,,0,32,"[0.5466422859129351, 0.9535278178398363, 0.10333281939279682, 0.35704293625612665, 0.08756204938644681]"
74,22.050962993976928,4.1950921945758965,20.09119561458359,1.9597673793933366,0.8779601904454439,35.95971795369555,0.0025898698770875084,0.0006194844051472482,12.96875,9.804099375074316,2.470478718677782,12.274578093752098,12.274578093752098,248.33203125,,852.01171875,0.0,0.0,,,0,32,"[0.5470669741020783, 0.9535756249576932, 0.10273611511134209, 0.3564377727953279, 0.08787039271407382]"
75,22.01460017135352,4.1973875497507525,20.064746552622207,1.9498536187313138,0.8779477237599604,35.892824330257675,0.002622080759139278,0.0005960673546441479,14.40625,11.116292500020108,3.183188843721041,14.29948134374115,14.29948134374115,248.33203125,,852.01171875,0.0,0.0,,,0,32,"[0.547490937915057, 0.9536235310794686, 0.10213928630321241, 0.3558309566599537, 0.08817621822055914]"
76,21.97870977091062,4.199687840413366,20.038716387465897,1.9399933834447212,0.8779352383477244,36.09107563348368,0.002651238143615342,0.0005861849181611775,15.15625,11.1034867500166,2.249964874991406,13.338686093760543,13.338686093760543,248.33203125,,852.01171875,0.0,0.0,,,0,32,"[0.5479139343597407, 0.9536717049731147, 0.1015404161312111, 0.35522293083029305, 0.0884769047538602]"
77,21.94398016245251,4.2016098197350145,20.01306182618421,1.9309183362683047,0.8779228356288042,35.967991482875206,0.0026887339326504556,0.000611200701636726,15.46875,11.06033934370032,2.5219060000267746,13.582245343727095,13.582245343727095,248.33203125,,852.01171875,0.0,0.0,,,0,32,"[0.5483334111640873, 0.9537195839309047, 0.10094342274914234, 0.35461802948540316, 0.08879224596704462]"
78,21.908864464609408,4.20377999006146,19.98731429319536,1.9215501714140482,0.8779104370148206,35.89281030829004,0.0027247819868495005,0.0005788920466031028,15.53125,11.442714406285859,2.3277549061901937,13.693112562492615,13.693112562492615,248.33203125,,852.01171875,0.0,0.0,,,0,32,"[0.5487521331285592, 0.9537675314606131, 0.1003465262190017, 0.3540115439020133, 0.08910571481766608]"
79,21.872612299266716,4.2071133803247065,19.960531055612947,1.9120812436537689,0.8778980432821704,35.76157647658143,0.0027550920440423954,0.0007499985827515979,16.5,10.88162815619853,2.4245894062744355,13.2556686249643,13.2556686249643,248.33203125,,852.01171875,0.0,0.0,,,0,32,"[0.54917116353734, 0.9538154700261194, 0.09974767926889797, 0.3534026010432695, 0.08941015912388738]"
80,21.83685577221809,4.209047572294,19.934873366394164,1.9019824058239228,0.8778856458369565,35.613174330400774,0.0017638780109340835,0.0007361973498345892,15.59375,10.752398343754521,2.2928724687432123,13.003951843742811,13.003951843742811,248.33203125,,852.01171875,0.0,0.0,,,0,32,"[0.5495895659810105, 0.9538635292162203, 0.09914816229499131, 0.35279193027258005, 0.08971064259631265]"
81,21.801863941359017,4.211403701575375,19.908964442992186,1.8928994983668344,0.8778732426351216,35.48393955159398,0.0018012117452494703,0.0007741001639179591,15.96875,11.86336474998484,2.7684228125650634,14.581188906291231,14.581188906291231,248.33203125,,852.01171875,0.0,0.0,,,0,32,"[0.5500074913870449, 0.9539117093893772, 0.09854827509945102, 0.3521792003831751, 0.09000680886914295]"
82,21.766819186878887,4.213732836757263,19.88316282841857,1.8836563584603208,0.8778608396124361,35.349597015462486,0.0018363605615656642,0.0008456644268358902,15.8125,11.893342281254604,2.792799718747574,14.638660687523952,14.638660687523952,248.33203125,,852.01171875,0.0,0.0,,,0,32,"[0.550424748673717, 0.953959980248556, 0.09794832304617448, 0.3515646952306138, 0.09030007876551488]"
83,21.73208974225473,4.215896965319102,19.857629980578373,1.874459761676356,0.8778484351942787,35.21385838776628,0.001869468404235658,0.0009523427712817192,15.84375,11.513255687503943,2.148232374992176,13.656777093743244,13.656777093743244,248.33203125,,852.01171875,0.0,0.0,,,0,32,"[0.5508413982859648, 0.9540083484448484, 0.09734827813490565, 0.35094830007743766, 0.09059002141122713]"
84,21.697393571838603,4.218158845190431,19.83225488073065,1.8651386911079535,0.8778360290515741,35.07371692085329,0.0018997763779054766,0.0010816509813181528,15.46875,12.17658234381247,2.9126622499688892,14.992930125018233,14.992930125018233,248.33203125,,852.01171875,0.0,0.0,,,0,32,"[0.5512574479850562, 0.9540568152608829, 0.0967482265223056, 0.3503299739931325, 0.09087666497266425]"
85,21.662658265689593,4.220416052532421,19.806652350305257,1.8560059153843365,0.8778236193159319,34.93678656342463,0.0019982092683058506,0.001190113669157992,15.53125,11.441024437502278,1.5643914062337672,12.801497781239846,12.801497781239846,248.33203125,,852.01171875,0.0,0.0,,,0,32,"[0.5516729290641339, 0.9541053927723666, 0.09614811495841283, 0.34970965951976213, 0.09115966985480561]"
86,21.62814451084516,4.222572987020967,19.781345793278227,1.846798717566934,0.8778112071738907,34.795195300106634,0.0020999395349283745,0.0013459206986261266,15.65625,10.86848612497704,1.9158144062885185,12.763160250031547,12.763160250031547,248.33203125,,852.01171875,0.0,0.0,,,0,32,"[0.5520878399094743, 0.954154070529904, 0.095548016481773, 0.3490873212132091, 0.09143905546086162]"
87,21.59351528555,4.225145066303805,19.75591329358756,1.8376019919624396,0.877798791149606,34.73542499184224,0.0021940155585980226,0.0016064666513532974,15.25,11.238083718765779,1.7696960938167194,12.829704250080454,12.829704250080454,248.33203125,,852.01171875,0.0,0.0,,,0,32,"[0.5525021736659376, 0.9542028603689771, 0.09494796599337287, 0.3484629434892202, 0.09171480708645142]"
88,21.55899482885532,4.22725844188758,19.730411212626123,1.828583616229194,0.8777863750081567,34.59818341246364,0.002239930493717207,0.0018524043453742752,15.5625,11.903601937476083,2.2493773125376038,14.152979250013686,14.152979250013686,248.33203125,,852.01171875,0.0,0.0,,,0,32,"[0.5529165724787719, 0.9542517059358199, 0.09434501519484753, 0.3478364496720884, 0.09197908642006376]"
89,21.52453445542583,4.22933201955143,19.705114865831803,1.819419589594028,0.8777739565504907,34.6173816721803,0.0022834793719419266,0.002185053960454891,15.9375,11.573048031237931,2.1955168750480425,13.768564906285974,13.768564906285974,248.33203125,,852.01171875,0.0,0.0,,,0,32,"[0.5533303308455594, 0.9543006556739975, 0.09374218098076648, 0.34720796565913087, 0.09223986734888293]"
90,21.48992893670874,4.231361141916076,19.67975698989751,1.8101719468112316,0.8777615431456932,34.47567946546868,0.0023232719514338362,0.002813676099422567,15.59375,12.390423656228222,2.5236101562455815,14.776777906206462,14.776777906206462,248.33203125,,852.01171875,0.0,0.0,,,0,32,"[0.5537426296281714, 0.9543497487698529, 0.09313598338163438, 0.346579636571183, 0.09249545805654082]"
91,21.455699484398007,4.233207710414915,19.654695500514116,1.8010039838838912,0.8777491240922369,34.33660593287545,0.0023594002847814877,0.004006555060116868,15.15625,12.11239818751153,2.1745536250250552,14.078060031295081,14.078060031295081,248.33203125,,852.01171875,0.0,0.0,,,0,32,"[0.5541544310750618, 0.9543989600087704, 0.09252970910658073, 0.34594906683361015, 0.09274607954757595]"
92,21.422356652512075,4.23431977298347,19.630097190496013,1.7922594620160586,0.8777367055312434,34.19745085768874,0.0023912892640202688,0.005686973232415352,15.5625,11.727048812545604,2.393872687463272,14.120921500008876,14.120921500008876,248.33203125,,852.01171875,0.0,0.0,,,0,32,"[0.5545659981663666, 0.9544482243551546, 0.09192353542201182, 0.34531601794542593, 0.09299100427649297]"
93,21.38869172573726,4.235816074501361,19.605649356896237,1.7830423688410248,0.8777242873503458,34.12543122771849,0.0024209939292435534,0.006445236112310747,15.5,12.214765312535292,2.798835312432857,15.013600624968149,15.013600624968149,248.33203125,,852.01171875,0.0,0.0,,,0,32,"[0.5549769382076225, 0.9544975675648893, 0.09131810558195981, 0.3446808432615178, 0.09323328791160397]"
94,21.360168582717456,4.233291440978138,19.58563404209169,1.7745345406257644,0.877711873847402,34.29346873824579,0.0024603972777845484,0.0007758660857626811,15.28125,10.468303875043716,2.46587678121557,12.934180656259286,12.934180656259286,248.33203125,,852.01171875,0.0,0.0,,,0,32,"[0.5553839607916189, 0.9545472185795791, 0.09071356664830112, 0.34404819455155883, 0.09349049537715512]"
95,21.32556127982899,4.235982552636557,19.56050179976374,1.7650594800652506,0.8776995578841991,34.306980881358925,0.0025126270303087728,0.0010061581281490908,15.40625,10.96400196878733,2.169942937541691,13.06671590631936,13.06671590631936,248.33203125,,852.01171875,0.0,0.0,,,0,32,"[0.5557877550678498, 0.9545964240792242, 0.09011281338040664, 0.3434182516058661, 0.09376761700672223]"
96,21.292321588013454,4.237677336189761,19.53574353310278,1.7565780549106726,0.8776872445650077,34.33693419421487,0.002561154401073379,0.0009470989620448646,15.15625,11.160890249996669,2.949792625003056,14.110682874999725,14.110682874999725,248.33203125,,852.01171875,0.0,0.0,,,0,32,"[0.5561900244676441, 0.954645797838602, 0.08950831851554901, 0.34278860378312304, 0.09403940946347875]"
97,21.258167287328785,4.239577655904098,19.510597366870602,1.7475699204581794,0.8776749439190787,34.0008714231492,0.002606424029512555,0.000801207810497518,15.25,11.616876062561232,1.8485219062398528,13.449073656303767,13.449073656303767,248.33203125,,852.01171875,0.0,0.0,,,0,32,"[0.5565908096605776, 0.9546952596001727, 0.08890059281529669, 0.34215926142011643, 0.09430684623478304]"
98,21.224782686225836,4.240950520173495,19.485667016387435,1.7391156698384012,0.877662561871428,33.86229676076173,0.0026366420043292538,0.0007999765932635607,14.96875,11.329000281278923,2.085848124977474,13.395892343766036,13.395892343766036,248.33203125,,852.01171875,0.0,0.0,,,0,32,"[0.5569927471018786, 0.9547452851703875, 0.08828968391136753, 0.34152458121205453, 0.09455162180586726]"
99,21.18955426325823,4.24353818703146,19.460303219955378,1.7292510433028534,0.877650179762428,33.70313897003857,0.002664544626227977,0.0007024312658978916,13.78125,11.667499812503479,2.5820923124797446,14.249592124983224,14.249592124983224,248.33203125,,852.01171875,0.0,0.0,,,0,32,"[0.5573939860987058, 0.9547953988314076, 0.08767941824545442, 0.34088787543131155, 0.09479385610191214]"
100,21.156240676698168,4.245004462036403,19.435630681475374,1.7206099952227958,0.87763778323973,33.55266243838018,0.0026898758188014793,0.0006963385310759048,14.03125,11.063872656222884,2.317725531312931,13.322918250040061,13.322918250040061,248.33203125,,852.01171875,0.0,0.0,,,0,32,"[0.5577942906676873, 0.9548457292887892, 0.08706918149499059, 0.3402493225615832, 0.09503277960024864]"
101,21.1227510005601,4.24664788876596,19.410942657498683,1.7118083430614153,0.87762538223557,33.40095425761883,0.002712654531382419,0.0007053582969793444,14.1875,11.268307281284251,2.291402031218581,13.494536468755314,13.494536468755314,248.33203125,,852.01171875,0.0,0.0,,,0,32,"[0.558193967479845, 0.95489617403052, 0.08645961608697511, 0.3396085265646139, 0.09526841550047224]"
102,21.08945386641858,4.248448133866357,19.386308047403993,1.7031458190145914,0.8776129754200759,33.24906270040017,0.0027328873495795214,0.0006722623607294648,14.625,11.691912750009692,2.0271788750108044,13.715514968765774,13.715514968765774,248.33203125,,852.01171875,0.0,0.0,,,0,32,"[0.5585929660479382, 0.9549467471671943, 0.08585071930593531, 0.33896553537509294, 0.09550090107151761]"
103,21.056366387193144,4.25009346349025,19.361987454692343,1.6943789325008043,0.8776005633062735,33.09077298979414,0.002750517804585184,0.0006273066609716085,13.9375,10.213288906243179,2.098495593827465,12.311784500070644,12.311784500070644,248.33203125,,852.01171875,0.0,0.0,,,0,32,"[0.5589913157392984, 0.9549974407707739, 0.08524256348095749, 0.3383202586316984, 0.09573005625677203]"
104,21.023542130408746,4.251580854787653,19.33774239454995,1.6857997358587982,0.8775881436369064,33.02043659317985,0.002765314484839937,0.0006311854054416235,14.1875,10.513298343710176,2.1665241562942583,12.679822500004434,12.679822500004434,248.33203125,,852.01171875,0.0,0.0,,,0,32,"[0.5593890874820093, 0.9550482664015902, 0.08463527462985912, 0.33767255765802656, 0.09595561799109097]"
105,20.990800719287122,4.25292462648785,19.313571327814532,1.6772293914725898,0.8775757335202223,33.046206815016085,0.0027726118577063863,0.0006120495928862542,14.6875,12.326143468726514,2.1843286250629035,14.320463656289917,14.320463656289917,248.33203125,,852.01171875,0.0,0.0,,,0,32,"[0.5597870543514692, 0.9550990511204186, 0.08402722340810378, 0.3370220248158311, 0.09617038301639252]"
106,20.957904138493106,4.25431522847515,19.289161833921924,1.6687423045711784,0.8775633375795293,32.89133325040746,0.0027770888595106957,0.0006128640473389948,14.5625,11.272105312528424,2.4104355625240714,13.682540875052496,13.682540875052496,248.33203125,,852.01171875,0.0,0.0,,,0,32,"[0.560183338359372, 0.9551499262990196, 0.08341622689757648, 0.33637193910866975, 0.09638119700727293]"
107,20.925348995667218,4.255852200502301,19.26474563102822,1.6606033646389982,0.8775509361998772,32.926676122142105,0.0027792156212022856,0.0006486020636434452,14.375,10.804566656261727,2.22833706246206,13.001295593724649,13.001295593724649,248.33203125,,852.01171875,0.0,0.0,,,0,32,"[0.5605789583913952, 0.9552009224742029, 0.08280631386591884, 0.33571950419525587, 0.09658908870492203]"
108,20.892719838422444,4.2567346629731615,19.24046449930635,1.652255339116099,0.8775385503297473,33.16649066617277,0.0027781411478146056,0.0006464464700816642,15.15625,12.15921731244407,2.591166531288991,14.651838468736855,14.651838468736855,248.33203125,,852.01171875,0.0,0.0,,,0,32,"[0.5609729502710329, 0.9552519958078488, 0.08219337737060708, 0.33506746603670196, 0.09679235455516351]"
109,20.859722360507604,4.257790539319466,19.21589192721214,1.6438304332954679,0.8775261984494618,33.21135263844394,0.002779679197584678,0.0006210679235497194,14.875,11.076411500027916,2.268841874936811,13.345253374964727,13.345253374964727,248.33203125,,852.01171875,0.0,0.0,,,0,32,"[0.561362861680822, 0.9553032319371789, 0.08157383710522668, 0.33442056099136713, 0.09699978568460242]"
110,20.826563521004346,4.258921893895298,19.19115465222177,1.635408868782576,0.8775138613879991,33.240401091629955,0.0027802909963060285,0.0006690744786468021,14.6875,10.179100625009596,2.2657483124532973,12.444848937462893,12.444848937462893,248.33203125,,852.01171875,0.0,0.0,,,0,32,"[0.5617506237804867, 0.9553545913707425, 0.08095126615838737, 0.33377479331353865, 0.09720567955306682]"
111,20.793413641756153,4.260091631506787,19.166194467488644,1.6272191742675095,0.8775015581520211,33.195135851822066,0.002769870105773009,0.0006652524525422282,14.6875,11.01084209372516,2.9914913437778523,13.996332156239077,13.996332156239077,248.33203125,,852.01171875,0.0,0.0,,,0,32,"[0.5621388611063047, 0.9554057254573263, 0.0803264241095013, 0.3331265593108578, 0.09739547464189445]"
112,20.76022705532776,4.261364403765757,19.14115773596553,1.6190693193622314,0.8774892702135496,33.202566502618915,0.0027519823162391044,0.0007073640261319384,15.0,11.388654218762895,2.5742157499593077,13.962869968722202,13.962869968722202,248.33203125,,852.01171875,0.0,0.0,,,0,32,"[0.5625270192201012, 0.9554568009182901, 0.07970079358139393, 0.3324759142548516, 0.0975742818827326]"
113,20.72706102449841,4.262522440817496,19.116143042099054,1.6109179823993593,0.8774769948643958,33.057180127642845,0.0027257357675714022,0.0006566218364128257,15.125,11.455144375005943,2.510169374971838,13.965313749977781,13.965313749977781,248.33203125,,852.43359375,0.0,0.0,,,0,32,"[0.5629142445849403, 0.9555079239842609, 0.07907204937433712, 0.33182446528241444, 0.09774082889517635]"
114,20.693985963806696,4.263698038208574,19.091233728271334,1.6027522355353612,0.877464716396409,32.90855973867288,0.002697736715694704,0.0006093516479032566,15.21875,12.274885468812613,2.6502935624250767,14.895693281232525,14.895693281232525,248.33203125,,852.43359375,0.0,0.0,,,0,32,"[0.5633006531921474, 0.9555591629172333, 0.07844440800062084, 0.33117089673939004, 0.09790507695632987]"
115,20.661232606521743,4.26478601467225,19.066282649493758,1.5949499570279868,0.8774524341395503,32.90860848242419,0.002667697187305307,0.0006303225147763338,14.90625,11.369368187516216,2.0003414375082684,13.369709625024484,13.369709625024484,248.33203125,,852.43359375,0.0,0.0,,,0,32,"[0.5636862535806806, 0.9556105207207137, 0.07781798397551645, 0.3305151463804912, 0.09806712362849795]"
116,20.628239092218386,4.265938340738553,19.04152358351673,1.5867155087016582,0.8774401772142744,32.75535721588619,0.0026294162394629728,0.0006173029472441834,15.0625,11.625213218735553,2.406072656270908,13.88189953124197,13.88189953124197,248.33203125,,852.43359375,0.0,0.0,,,0,32,"[0.5640716253776686, 0.9556617676303809, 0.07719032439825435, 0.3298575037390244, 0.09821682981919007]"
117,20.595588583407352,4.266877909384222,19.016847023484033,1.5787415599233188,0.8774279157633732,32.60401970162726,0.002589122643066044,0.0005933282284644047,15.375,11.24022840619432,2.248534843829475,13.477956687523829,13.477956687523829,248.33203125,,852.43359375,0.0,0.0,,,0,32,"[0.5644562112163403, 0.9557131359293605, 0.07656402427440048, 0.32919757900393637, 0.0983641476030207]"
118,20.562970571391766,4.267951612309698,18.99225431786249,1.5707162535292736,0.8774156501307916,32.44796728246699,0.0025468002954712465,0.0006511872138755419,15.15625,10.905469750014163,1.9662124687442883,12.832116000026872,12.832116000026872,248.33203125,,852.43359375,0.0,0.0,,,0,32,"[0.564840033466185, 0.9557646199639692, 0.07593924243896949, 0.32853531297483374, 0.0985093414028765]"
119,20.5306857994999,4.268949325062667,18.967690348639977,1.5629954508599238,0.8774033786664915,32.497810462163855,0.0025026467794348473,0.0006216920797391344,15.15625,11.19857968750182,1.9274677187155476,13.126047406217367,13.126047406217367,248.33203125,,852.43359375,0.0,0.0,,,0,32,"[0.5652231123021564, 0.9558162302439492, 0.07531604625234357, 0.3278706315357041, 0.09865221226023617]"
120,20.49827533566624,4.269563274790528,18.943260760133416,1.5550145755328213,0.8773911290000902,32.33636171961748,0.002455465228541398,0.0006372304795413778,14.78125,12.32507296874985,2.16441324995742,14.399580312456806,14.399580312456806,248.33203125,,852.43359375,0.0,0.0,,,0,32,"[0.565604224295932, 0.955867899701373, 0.07468969431097836, 0.3272068692413251, 0.09879072860395961]"
121,20.466022734339795,4.270188041759288,18.918802991697902,1.5472197426418912,0.8773788723550964,32.80665674191141,0.0024060717054338876,0.0006035979843543972,14.96875,11.95600778122241,1.6084005312677618,13.282923249974488,13.282923249974488,248.33203125,,852.43359375,0.0,0.0,,,0,32,"[0.5659846281130767, 0.9559197004121908, 0.07406500096912486, 0.32654057602092196, 0.09892645330823004]"
122,20.433641608572948,4.270799858100491,18.894083964844192,1.5395576437287557,0.8773667440882392,32.657689917519384,0.0023967427676881425,0.0006707570629957207,16.1875,12.518150406208406,2.1685926562753366,14.651291874983485,14.651291874983485,248.33203125,,852.43359375,0.0,0.0,,,0,32,"[0.5663571548919126, 0.9559711879014658, 0.07343979530960144, 0.3258859644986077, 0.0991243787377524]"
123,20.40170581971182,4.27044262795384,18.87037790194764,1.5313279177641834,0.8773546119616785,32.69565196856907,0.0023861498261419645,0.0006713241733900777,15.34375,11.809531374993298,2.1236110625295623,13.93314243752286,13.93314243752286,248.33203125,,852.43359375,0.0,0.0,,,0,32,"[0.566728900403301, 0.956022789005104, 0.07281622172669387, 0.3252290658676163, 0.09932131216855421]"
124,20.369076108947073,4.271063734427589,18.845887423017643,1.5231886859294297,0.8773424969568897,32.53097870586251,0.0023714694023550253,0.000653655326931935,14.96875,11.440045187512737,1.9048500625160614,13.15322393753604,13.15322393753604,248.33203125,,852.43359375,0.0,0.0,,,0,32,"[0.5670989728129908, 0.9560744612625376, 0.072189318140925, 0.3245726405651337, 0.09951229412008078]"
125,20.337113124560254,4.270793259241886,18.821735267257996,1.515377857302258,0.8773303725127991,32.36631830337003,0.002354531145391997,0.0006945246279652982,14.8125,11.447158406255653,1.9779571562139608,13.110314656245237,13.110314656245237,248.33203125,,852.43359375,0.0,0.0,,,0,32,"[0.5674683778915087, 0.9561262811566893, 0.0715638139492971, 0.3239136715794513, 0.09970033392623878]"
126,20.30471720292728,4.271188006324715,18.797278979338174,1.5074382235891015,0.8773182392368123,32.629709613996965,0.002335134309047082,0.000650225749301243,15.65625,11.423940218790563,2.1107827499662335,13.31867556250188,13.31867556250188,248.33203125,,852.43359375,0.0,0.0,,,0,32,"[0.5678371470801398, 0.95617823853116, 0.07094007197271032, 0.32325204304732025, 0.09988608469708048]"
127,20.27266757691436,4.270522972313174,18.772937326208158,1.499730250706201,0.8773061621595274,32.46947510500554,0.002313092654572385,0.0006424518440950296,15.0,10.473886687506706,1.8281548125287372,12.286346468769693,12.286346468769693,248.33203125,,852.43359375,0.0,0.0,,,0,32,"[0.5682028241810542, 0.956230129897482, 0.07030857693783564, 0.3225947474925085, 0.10006709331157561]"
128,20.240370364178183,4.27031985623731,18.748525111097273,1.4918452530809105,0.8772940775276348,32.88397311244179,0.0022890512874551294,0.000669693719419832,14.46875,10.409151281322693,1.6729924061706924,12.040040156236387,12.040040156236387,248.33203125,,852.43359375,0.0,0.0,,,0,32,"[0.5685678057324124, 0.9562821541640889, 0.06967875633565855, 0.3219349086060553, 0.10024603630766547]"
129,20.207848818020253,4.270360706954292,18.723575372888142,1.4842734451321107,0.8772820845622642,32.945227541907705,0.0022568423838573437,0.0006498509038202602,14.28125,11.715728218703703,1.8166100625762738,13.304467625019356,13.304467625019356,248.33203125,,852.43359375,0.0,0.0,,,0,32,"[0.5689301589183575, 0.9563338389846779, 0.06903890737172122, 0.32127987974413585, 0.10041204637168848]"
130,20.17517448999932,4.270473719892722,18.69871074878425,1.476463741215068,0.8772701152477825,32.78532323591565,0.0022237791457266898,0.0006105859325857364,14.34375,11.07335059379011,1.9774855311851525,13.050836124975262,13.050836124975262,248.33203125,,852.43359375,0.0,0.0,,,0,32,"[0.5692901964393302, 0.9563855959778833, 0.06839599368962404, 0.3206263709808715, 0.10057722049452582]"
131,20.142661729148013,4.270861862109416,18.673699822603268,1.4689619065447432,0.8772581387697402,32.624650750971284,0.0021880959618841844,0.0006468442123419028,14.1875,11.369160343747353,2.1648112187619972,13.53397156250935,13.53397156250935,248.33203125,,852.43359375,0.0,0.0,,,0,32,"[0.5696495452151038, 0.9564374845465092, 0.06775451690659859, 0.319970347390922, 0.10073944447569094]"
132,20.11052227012939,4.270736120023246,18.6485338338343,1.4619884362950915,0.8772461564704788,32.47402434939269,0.0021513527468152716,0.0006461580090602714,14.1875,11.917489468771691,1.6933802499323747,13.221140937474729,13.221140937474729,248.33203125,,852.43359375,0.0,0.0,,,0,32,"[0.5700081206629706, 0.9564894989066168, 0.06711475597319953, 0.3193119251271322, 0.10090039237152054]"
133,20.078129703186185,4.271047387621694,18.623752114212092,1.454377588974091,0.8772341713255059,32.77246111549603,0.002113709863584834,0.0006367984928023411,14.78125,11.589129875034132,2.1706973749928693,13.759827250027001,13.759827250027001,248.33203125,,852.43359375,0.0,0.0,,,0,32,"[0.5703658984791453, 0.9565416160621144, 0.06647689640065346, 0.31865113350268076, 0.10106091785585963]"
134,20.045406145699324,4.27181684712142,18.59890270375,1.446503441949329,0.877222282315921,33.05038870717241,0.0020949934994263786,0.000630049946758075,14.09375,11.572400124975957,1.6425512500148898,13.114655687502363,13.114655687502363,248.33203125,,852.43359375,0.0,0.0,,,0,32,"[0.5707200310859265, 0.9565933327142766, 0.06584079893938334, 0.3179946701037084, 0.10125157805170254]"
135,20.012896652915778,4.272307174369461,18.573750768432095,1.4391458844836809,0.8772104458811923,33.08226184800918,0.0020748934371144223,0.0005910158116314896,14.59375,11.128758250038118,2.738202093695463,13.865847374987084,13.865847374987084,248.33203125,,852.43359375,0.0,0.0,,,0,32,"[0.5710704170125492, 0.9566450658137626, 0.06519662259301463, 0.31734350867783984, 0.10144020207212996]"
136,19.980074582860446,4.273122849158622,18.548630219680753,1.431444363179692,0.8771986302433504,32.912671703380106,0.00205520121263697,0.0006323315728191589,13.96875,10.623940624995498,2.358418187498046,12.982358812493544,12.982358812493544,248.33203125,,852.43359375,0.0,0.0,,,0,32,"[0.5714182943556908, 0.9566969054470009, 0.06454970095954887, 0.31669406094396946, 0.10162994939801136]"
137,19.947714097130227,4.273577894307437,18.523649770139066,1.4240643269911621,0.8771868036296315,32.74407351108392,0.002033271885482829,0.0006313571719526462,14.53125,11.932322843776433,2.1171265937312,13.863929062523539,13.863929062523539,248.33203125,,852.43359375,0.0,0.0,,,0,32,"[0.5717654857389256, 0.9567489042894648, 0.06390417019709917, 0.31604203727588454, 0.10181679006483223]"
138,19.915159536951894,4.274317436244618,18.4989098872544,1.4162496496974908,0.8771749669013419,32.804019658818405,0.0020092010906818947,0.0006379317684809536,14.125,11.757644281203739,2.3909167187952107,14.14856099999895,14.14856099999895,248.33203125,,852.43359375,0.0,0.0,,,0,32,"[0.5721120146884663, 0.9568010518485949, 0.06326032212162087, 0.3153873667579875, 0.10200135573852687]"
139,19.882672484804765,4.275181467234536,18.473774690683868,1.4088977941208927,0.8771631523562952,32.82306844387168,0.0019832771835960328,0.000617561268031234,14.09375,11.526025156271658,2.0251468437777476,13.44122293754424,13.44122293754424,248.33203125,,852.43359375,0.0,0.0,,,0,32,"[0.5724562802113541, 0.9568532823896895, 0.06261306721749353, 0.31473418241034445, 0.10218346701606068]"
140,19.850034488780835,4.276263392210479,18.448723768033503,1.401310720747326,0.8771513560068752,32.64080350460783,0.0019577712704243744,0.0006028654109544067,13.625,11.007197874988606,1.9205397187675999,12.91990915625263,12.91990915625263,248.33203125,,852.43359375,0.0,0.0,,,0,32,"[0.5727980504460692, 0.9569056358502837, 0.061963327848787254, 0.31408260099221497, 0.10236713146588171]"
141,19.817795742888386,4.277169060557143,18.423805611533403,1.3939901313549843,0.8771395452964175,32.71327775854866,0.0019300769327884326,0.0005576277818673671,14.15625,11.44752118754866,2.0428742812015344,13.385817437495007,13.385817437495007,248.33203125,,852.43359375,0.0,0.0,,,0,32,"[0.5731391975756116, 0.9569581651874577, 0.061315322061837214, 0.31342819365278507, 0.10254795966866165]"
142,19.7853350681788,4.278297630435662,18.398949729694895,1.3863853384839042,0.8771277623130158,32.52602369279119,0.0019014184951335056,0.0005633924943212432,13.3125,10.266141156208164,1.7400808437741944,12.006221999982358,12.006221999982358,248.33203125,,852.43359375,0.0,0.0,,,0,32,"[0.5734779880381194, 0.9570107431531933, 0.06066402733729428, 0.3127755053364076, 0.10272759742493703]"
143,19.753138040390887,4.279360840894356,18.373979218169985,1.379158822220902,0.8771159630908365,32.34020649406418,0.0018702001404447555,0.0005779785738214346,13.4375,10.234043468742016,2.0947635625674366,12.328807031309452,12.328807031309452,248.33203125,,852.43359375,0.0,0.0,,,0,32,"[0.5738161435616669, 0.957063511275233, 0.06001454916817164, 0.3121199572460728, 0.10290451880940547]"
144,19.72101069576464,4.280503822821576,18.349340352874584,1.3716703428900539,0.8771041487236163,32.14385932459554,0.0018372091049449757,0.0005665856737358274,12.9375,11.311127187454417,2.47094853125418,13.782075718708597,13.782075718708597,248.33203125,,852.43359375,0.0,0.0,,,0,32,"[0.574153667370064, 0.9571164578992638, 0.05936723573320705, 0.3114614918330702, 0.10307968430418839]"
145,19.689277069350744,4.281212121526015,18.32493540145406,1.3643416678966886,0.8770923152988558,32.13506046074348,0.0018017375312951445,0.0005846490450387434,12.40625,10.648904000007064,2.3164985624930523,12.901903624992883,12.901903624992883,248.33203125,,852.43359375,0.0,0.0,,,0,32,"[0.5744906636109439, 0.9571696023954934, 0.05872216219121516, 0.31079982111400145, 0.10325196657577332]"
146,19.65746472115736,4.282473400339173,18.30055494497003,1.3569097761873288,0.8770804952315967,32.083366518417336,0.0017671707016209959,0.0005632269409725067,12.25,10.714324499971895,2.2136803124794824,12.8965889062016,12.8965889062016,248.33203125,,852.43359375,0.0,0.0,,,0,32,"[0.5748252629084152, 0.9572228909567422, 0.058075233675535395, 0.31013935640541346, 0.10342653319251871]"
147,19.625459993776325,4.2842821334490635,18.27586320725983,1.3495967865164957,0.8770686867984538,31.878764597672372,0.001774485801751352,0.0005186191062695605,13.25,11.953974812485058,2.2109576875237735,14.164932500008831,14.164932500008831,248.33203125,,852.43359375,0.0,0.0,,,0,32,"[0.575160217496895, 0.9572761018395576, 0.057428593638330167, 0.3094753216949641, 0.10358743251261666]"
148,19.593721836074227,4.285864307261473,18.251337935725516,1.3423839003487117,0.8770568575789125,31.66730076246508,0.0017987719417313641,0.0005392538937406858,13.09375,10.936859624990802,2.0624475937722764,12.970825375006712,12.970825375006712,248.33203125,,852.43359375,0.0,0.0,,,0,32,"[0.5754947002234714, 0.9573295156557576, 0.0567846511224055, 0.30880787815278665, 0.10374594252508024]"
149,19.562225367636145,4.28719396128686,18.226900960868935,1.3353244067672103,0.8770450049765828,31.725412442631587,0.0018212458176122548,0.0005392043780594912,12.8125,9.956670593751937,2.110504187513129,12.067174781265066,12.067174781265066,248.33203125,,852.43359375,0.0,0.0,,,0,32,"[0.5758287156457014, 0.9573831492248823, 0.05614366231770279, 0.30813692123181147, 0.10390249060209417]"
150,19.531035157866565,4.288084329241035,18.20291121884395,1.3281239390226158,0.877033179259529,31.776629468421422,0.0018437835934188573,0.0005439797210093859,13.3125,10.64679203130936,2.157353718658328,12.797612187455343,12.797612187455343,248.33203125,,852.43359375,0.0,0.0,,,0,32,"[0.5761603232193077, 0.9574368372513595, 0.05549976015016345, 0.30746766247130186, 0.10405945149868699]"
151,19.49934491545006,4.289688212800762,18.1783895922068,1.3209553232432594,0.8770213778238988,32.119640256807465,0.0018660251299499053,0.0005415205045455363,13.46875,10.694873343709332,2.3246110938686115,12.984842656322826,12.984842656322826,248.33203125,,852.43359375,0.0,0.0,,,0,32,"[0.5764895996157653, 0.9574905923708052, 0.05485305819127789, 0.3067999082576455, 0.10421619437216781]"
152,19.467567809710772,4.2908528405708894,18.15373413226694,1.3138336774438337,0.8770096636885268,31.915550733752653,0.0018869830156366119,0.0005670881872297405,12.90625,10.953993781257054,3.2338540624436973,14.001999062443815,14.001999062443815,248.33203125,,852.43359375,0.0,0.0,,,0,32,"[0.5768149626696285, 0.957544131519005, 0.05419741114402408, 0.3061386065779932, 0.10437137001686507]"
153,19.436009848982714,4.291856101438375,18.129230970020284,1.3067788789624255,0.8769979269513691,31.693101024812552,0.0019068317671444568,0.0005985781674884558,13.375,11.414497593762007,3.352863406234974,14.65640453125161,14.65640453125161,248.33203125,,852.43359375,0.0,0.0,,,0,32,"[0.5771397659140652, 0.9575978940401534, 0.053544417463635204, 0.30547400690759957, 0.10452472899184864]"
154,19.404503219243708,4.293134226494425,18.104922946473053,1.2995802727706516,0.8769861631921929,31.468998477184034,0.0019249028773241084,0.0005877328812082999,13.3125,10.759463687463722,2.4860289687751447,13.212381031237896,13.212381031237896,248.33203125,,852.43359375,0.0,0.0,,,0,32,"[0.5774641155350387, 0.9576518994044296, 0.05289459502367861, 0.3048057472866192, 0.10467652036017948]"
155,19.37332058358772,4.294255930166945,18.08077910059319,1.29254148299453,0.8769743700566951,31.612815725096564,0.0019410925819081104,0.0005502999179253477,14.0,11.510456156216264,2.562841531300819,13.96950165624844,13.96950165624844,248.33203125,,852.43359375,0.0,0.0,,,0,32,"[0.5777880607366388, 0.9577061611975455, 0.052247989594475845, 0.3041336903784373, 0.10482603990826149]"
156,19.34181464126538,4.295576190920168,18.05616805681696,1.2856465844484175,0.8769626181129511,31.986256477454152,0.0019382943435083122,0.0005550727035140415,13.875,11.426822593762154,2.542177999998785,13.969000593760939,13.969000593760939,248.33203125,,852.43359375,0.0,0.0,,,0,32,"[0.5781129990590554, 0.9577601030844799, 0.05159974864467221, 0.30345785167634426, 0.10494658483436771]"
157,19.310176779501052,4.296415149585163,18.03142377418358,1.2787530053174738,0.8769509667669362,32.080957976691124,0.0019352214619006158,0.0005270311257294656,13.65625,10.763041875037516,2.043253499977027,12.740601531262996,12.740601531262996,248.33203125,,852.43359375,0.0,0.0,,,0,32,"[0.5784339106298761, 0.9578137437471445, 0.050942125713413396, 0.3027889997100111, 0.10506619909119824]"
158,19.278231622462265,4.297027642203809,18.006228662779705,1.272002959682556,0.8769393605686279,31.86808073532621,0.0019294135150487168,0.000552401928178892,13.3125,9.98225271878539,2.1945825937450536,12.162691218790656,12.162691218790656,248.33203125,,852.43359375,0.0,0.0,,,0,32,"[0.5787527714129452, 0.9578672813684772, 0.05028130550260669, 0.3021216832798549, 0.10518224630208912]"
159,19.246367091396284,4.298071665799022,17.981248091157696,1.2651190002385895,0.876927729136677,31.641468254721758,0.0019221473914981524,0.0005707167536948432,13.03125,10.550015875082863,3.8877709374247615,14.277782375003767,14.277782375003767,248.33203125,,852.43359375,0.0,0.0,,,0,32,"[0.5790711866143675, 0.9579210474329125, 0.04962368029238277, 0.30145068910604544, 0.10529633780663712]"
160,19.214971193174996,4.298327559300605,17.956399713397502,1.2585714797774936,0.8769160682605228,31.641569792273362,0.0019129069952703859,0.0005788197123113228,13.46875,9.767843187489689,2.4211807187413115,12.114943656243327,12.114943656243327,248.33203125,,852.43359375,0.0,0.0,,,0,32,"[0.5793892473358345, 0.9579750640574203, 0.04896955674695512, 0.3007757415213314, 0.10540808630525143]"
161,19.183472255369225,4.29923468703916,17.931798606696667,1.2516736486725588,0.8769044258436294,31.72321597135334,0.0018930210759485477,0.000544322761146331,12.6875,10.613865562490332,2.3678418438208837,12.90934753130557,12.90934753130557,248.33203125,,852.43359375,0.0,0.0,,,0,32,"[0.5797077377317588, 0.9580289418608608, 0.04831718475088086, 0.30009683033534823, 0.10550374941352937]"
162,19.151938693542032,4.299988151812754,17.906902704958576,1.2450359885834583,0.8768928176179291,31.483277332649706,0.00187290084111702,0.0005680288626767316,12.90625,11.24471637500335,2.701534625032309,13.849418843776107,13.849418843776107,248.33203125,,852.43359375,0.0,0.0,,,0,32,"[0.5800237939742431, 0.9580828242251924, 0.047661666026223154, 0.29941982158746927, 0.10559945468673415]"
163,19.120728979648984,4.300562632726609,17.882003596584486,1.2387253830644975,0.8768811747736908,31.903952721817234,0.0018338806761911408,0.0004941503609283428,12.8125,10.41979490625522,2.415414093732693,12.835208999987913,12.835208999987913,248.33203125,,852.43359375,0.0,0.0,,,0,32,"[0.5803396583062922, 0.9581369766952696, 0.04701034273980783, 0.2987383477832435, 0.1056925603495637]"
164,19.08862617808196,4.302058635873256,17.856411910734433,1.2322142673475276,0.8768696511214482,31.669451613768814,0.0017883223700993212,0.0005094236209612249,12.4375,10.773141093693539,2.136130500034028,12.58191759372096,12.58191759372096,248.33203125,,852.43359375,0.0,0.0,,,0,32,"[0.5806513221854704, 0.9581907084415279, 0.04634909106857044, 0.2980646268404489, 0.10578650099244688]"
165,19.057336653617167,4.30253412355267,17.831673802477383,1.2256628511397851,0.8768580957469729,31.422649676410536,0.0017410469936089135,0.00048291772922139347,12.875,10.851505656191307,2.0865711250621644,12.938076781253471,12.938076781253471,248.33203125,,852.43359375,0.0,0.0,,,0,32,"[0.5809626959367361, 0.9582446975426656, 0.045691781552607065, 0.29738669357395076, 0.10587860012588605]"
166,19.025930719707993,4.303147209973725,17.806807498763675,1.21912322094432,0.8768465025528962,31.85192634930862,0.0016908742954570288,0.0005325918886588387,12.8125,10.817390562493756,2.079722937523343,12.8937004687657,12.8937004687657,248.33203125,,852.43359375,0.0,0.0,,,0,32,"[0.5812739159079142, 0.9582989748679079, 0.04503890890668362, 0.29670411880990677, 0.10596829461400904]"
167,18.994283661411394,4.303288066678611,17.781638226045956,1.2126454353654377,0.8768350328111796,31.8813459575777,0.001641433952142335,0.00045682602565266534,12.65625,10.155148718794749,2.331026031257011,12.331070937548816,12.331070937548816,248.33203125,,852.43359375,0.0,0.0,,,0,32,"[0.5815808218492327, 0.9583528130587375, 0.04437570776359443, 0.29602963082838274, 0.10605851877361457]"
168,18.962256913590853,4.304015048931807,17.755873632453053,1.2063832811378021,0.8768235648770453,32.352938425082286,0.0015733079043803166,0.0005255958857422072,11.96875,9.633099218774532,2.5689959687724695,12.202095187547002,12.202095187547002,248.33203125,,852.43359375,0.0,0.0,,,0,32,"[0.5818854646770716, 0.9584069178921462, 0.04370759986266585, 0.2953561080543422, 0.10612382053479784]"
169,18.930165138491837,4.304793409733855,17.730289774533897,1.1998753639579358,0.8768122231657187,32.26737055407201,0.0015100189382728224,0.0005246100427823727,11.65625,10.101847968712718,2.416353000029403,12.518200968742121,12.518200968742121,248.33203125,,852.43359375,0.0,0.0,,,0,32,"[0.5821851046767196, 0.9584606199297081, 0.043028569104803904, 0.2946919904525595, 0.10619591077444522]"
170,18.898015438867162,4.305516128867922,17.703877936200556,1.1941375026666088,0.8768008710850893,32.03074640847113,0.001910522376749768,0.0005210179845451001,13.15625,10.383366437537234,2.4905771250018915,12.865287687546356,12.865287687546356,248.33203125,,852.43359375,0.0,0.0,,,0,32,"[0.58248488746334, 0.9585143992351904, 0.04235304895631579, 0.29402347915205, 0.10625918191498834]"
171,18.866167013696703,4.3064976510396695,17.67829739805665,1.1878696156400543,0.8767894852363737,31.77727471930263,0.001788297809002637,0.0005311259716723852,12.84375,10.084704718778426,3.0197953125110644,13.10450003128949,13.10450003128949,248.33203125,,852.43359375,0.0,0.0,,,0,32,"[0.5827843983990532, 0.9585684447773336, 0.04168170507571123, 0.2933506177901201, 0.10632184977245396]"
172,18.834540218488883,4.307790104860016,17.65295911696529,1.1815811015235933,0.87677805871571,31.5129872591315,0.001662548024496946,0.0005236959020077069,12.3125,10.146554531246466,2.4173108125182807,12.553044437524363,12.553044437524363,248.33203125,,852.43359375,0.0,0.0,,,0,32,"[0.5830837623932326, 0.9586227965269624, 0.041014933161620595, 0.2926730016612598, 0.10638250191824852]"
173,18.803419606240944,4.3083432510588455,17.628028668327246,1.1753909379136953,0.8767665871502859,31.23049487762293,0.0015349352825038132,0.0005202367060189912,11.59375,9.436491156208149,2.8141888437573925,12.250679999965541,12.250679999965541,248.33203125,,852.43359375,0.0,0.0,,,0,32,"[0.5833830452441379, 0.9586774788346877, 0.040353104088066256, 0.29199037838271663, 0.10644121611895796]"
174,18.772181999800715,4.309911479152829,17.603093044398406,1.1690889554023132,0.8767550630446939,31.193338818415096,0.001405378026000964,0.00047030268360461174,12.15625,9.071874656200407,3.5993205938780193,12.671195250078426,12.671195250078426,248.33203125,,852.43359375,0.0,0.0,,,0,32,"[0.5836824213653463, 0.958732526594969, 0.0396969763686137, 0.29130215810877064, 0.10649772233484484]"
175,18.740879878215978,4.311225914725066,17.577881006710296,1.1629988715056787,0.876743543122037,31.680306646566823,0.0012665152364676469,0.0004814672167092483,11.1875,9.450121937476297,2.019116343802807,11.226397500053054,11.226397500053054,248.33203125,,852.43359375,0.0,0.0,,,0,32,"[0.5839825472564228, 0.958787498108998, 0.03904559996772219, 0.2906086209815334, 0.10653794197750881]"
176,18.709584094449994,4.3122833052031355,17.55258797768569,1.1569961167643044,0.876732168409463,31.85970757033972,0.0009939408702494823,0.0006762969585931433,8.3125,7.732012968730828,1.6642319063038258,9.344150625025804,9.344150625025804,248.33203125,,852.43359375,0.0,0.0,,,0,32,"[0.5842781610262878, 0.9588418919321983, 0.03838280784934328, 0.2899241620022519, 0.10658125853969432]"
177,18.678855430428698,4.311580197324341,17.527463912190136,1.1513915182385597,0.8767208831535881,32.40817152443365,0.0020400271175133045,0.0005688751315913038,9.65625,8.293452468748796,2.66049865629725,10.953951125046046,10.953951125046046,248.33203125,,852.43359375,0.0,0.0,,,0,32,"[0.5845716871329208, 0.9588958194465375, 0.03771833398241536, 0.28924223650437225, 0.10664748801525833]"
178,18.646805253081222,4.312138275181996,17.501586337958916,1.1452189151223071,0.8767097578906181,32.13100526886978,0.0019238360173781943,0.000576189156390011,9.375,8.72599215625769,2.575628625024251,11.288110656280992,11.288110656280992,248.33203125,,852.43359375,0.0,0.0,,,0,32,"[0.5848604674854601, 0.9589490806542327, 0.037042453743685685, 0.28857014975103457, 0.10671997560471254]"
179,18.614604205770828,4.313302674803849,17.4755782376293,1.1390259681415267,0.876698583544438,32.266227650176944,0.00180350068897292,0.0005720522364830667,9.5,9.179489593734047,2.115320093807327,11.07620946879706,11.07620946879706,248.33203125,,852.43359375,0.0,0.0,,,0,32,"[0.5851493238157107, 0.9590026876436964, 0.03637173160847954, 0.28789266064831676, 0.10678946405121913]"
180,18.581857976710218,4.313934417840943,17.44901541224669,1.1328425644635232,0.8766874714906359,32.33764409364661,0.0009763120918134804,0.0005074765531522782,8.125,8.249489656265041,2.3161418750135,10.545419406270184,10.545419406270184,248.33203125,,852.43359375,0.0,0.0,,,0,32,"[0.5854361892738262, 0.9590560615163428, 0.03569798980363016, 0.287216918298477, 0.10685506660978387]"
181,18.549849673598878,4.31369152984043,17.42305377870491,1.1267958948939645,0.8766763802474837,32.48655745561548,0.0009947456184441206,0.0007686938973109167,8.5625,8.34202718749566,2.5978704375120287,10.939897625007688,10.939897625007688,248.33203125,,852.5,0.0020751953125,0.0020751953125,,,0,32,"[0.5857199526957798, 0.9591095907808985, 0.035020692276607875, 0.286543930840261, 0.10692555688691986]"
182,18.517469898512964,4.313775910524456,17.396827796582052,1.120642101930914,0.8766653512581601,32.1763081002715,0.0009657144129995021,0.0004695323815621802,8.34375,8.5902188750282,2.722626625029534,11.255867343791692,11.255867343791692,248.33203125,,852.5,0.0,0.0,,,0,32,"[0.5860016048996456, 0.9591628991479306, 0.03434015084018609, 0.28587292078815063, 0.1069921835883372]"
183,18.48540356224102,4.313716397944531,17.370860560290055,1.1145430019509655,0.8766542621751691,31.8527601965255,0.0009987499232359531,0.00044277239547156676,8.15625,7.951952968696219,1.6923093126166577,9.605300812566497,9.605300812566497,248.33203125,,852.5,0.0,0.0,,,0,32,"[0.5862834767804144, 0.9592166172784806, 0.033665369598054676, 0.2851959224385126, 0.10705547746748088]"
184,18.45340830404185,4.313601194322707,17.344868190507633,1.1085401135342172,0.8766431068619264,31.917192679625018,0.000981934476114027,0.0006474433266379262,8.0,7.5167669374422985,2.072604656333965,9.565120156281637,9.565120156281637,248.33203125,,852.5,0.0,0.0,,,0,32,"[0.5865656565342136, 0.9592707783645118, 0.03299691170852062, 0.28451255614358256, 0.10711560832627247]"
185,18.421452734218185,4.313766760848275,17.31889888548995,1.102553848728236,0.8766319659795577,31.572456266804092,0.0009873182803228353,0.0004437275315168674,7.34375,7.268580875049224,2.1248739687251827,9.37429393751188,9.37429393751188,248.33203125,,852.5,0.0,0.0,,,0,32,"[0.5868454210751398, 0.9593251262859632, 0.032324302360510815, 0.28383051081859356, 0.10715008940375963]"
186,18.389822358147057,4.313301124976331,17.293224302813265,1.0965980553337933,0.8766207503289623,31.677890783658537,0.0009977340827053705,0.000758401534016838,8.78125,7.930573874972424,2.155102281264476,9.936599124984014,9.936599124984014,248.33203125,,852.5,0.0,0.0,,,0,32,"[0.5871255989798642, 0.9593799651945724, 0.03165878862171023, 0.2831416206468575, 0.10718194580908057]"
187,18.358318594032227,4.312934820423247,17.26758900839056,1.0907295856416703,0.8766095863431363,31.75107412921012,0.0009959133894154593,0.0009011191277915997,8.59375,7.567716718739348,1.8014130937302752,9.343750781226845,9.343750781226845,248.33203125,,852.5,0.0,0.0,,,0,32,"[0.5874038843317902, 0.9594346343967324, 0.030991055957035767, 0.2824539450126849, 0.10721029809171491]"
188,18.32683750732894,4.312615792673091,17.24200917620969,1.0848283311192457,0.8765984591372856,31.37076171175327,0.0009037498094175422,0.0009423526895050004,8.59375,7.45614993753918,1.9405344061453889,9.39668434368457,9.39668434368457,248.33203125,,852.5,0.0,0.0,,,0,32,"[0.5876800539881802, 0.9594892559055234, 0.030321146838310557, 0.2817675315997563, 0.1072386743294389]"
189,18.29575795990246,4.3121533416596485,17.216806894826917,1.0789510650755494,0.8765872429296072,30.965002748004643,0.0007586769359728407,0.0017095697393592546,8.59375,8.523095656215673,2.3909850624903584,10.826139249942912,10.826139249942912,248.33203125,,852.5,0.0,0.0,,,0,32,"[0.587956887358157, 0.9595444437653284, 0.029659483305896912, 0.28107336327365284, 0.10726415550496247]"
190,18.264877932523518,4.311807671254927,17.19180988825994,1.0730680442635785,0.876575925670885,31.021324317172663,0.0009663287637684537,0.0016701718800623709,8.53125,8.117558906235445,2.4838440000394257,10.600599406274114,10.600599406274114,248.33203125,,852.5,0.0,0.0,,,0,32,"[0.5882345946875055, 0.9596002618293683, 0.029007196041713583, 0.28037066672871996, 0.10728655804224191]"
191,18.234172667552773,4.311512140771221,17.167025957164423,1.0671467103883492,0.8765646380480863,30.562234006896176,0.0009865063341918945,0.001389557170680772,8.46875,7.866446781264358,2.4631230312195385,10.329569812483896,10.329569812483896,248.33203125,,852.5,0.0,0.0,,,0,32,"[0.5885102397575117, 0.9596560772033335, 0.028353001916489567, 0.27966893750078536, 0.10730915398424672]"
192,18.20373541102508,4.311522076792794,17.142570514303003,1.0611648967220766,0.876553219875354,30.494079293957594,0.000993419935945955,0.00036753164755167086,7.65625,7.418055968827275,2.441071999882638,9.837923687470607,9.837923687470607,248.33203125,,852.5,0.0,0.0,,,0,32,"[0.5887866725926533, 0.9597127356575386, 0.027709183050687022, 0.27895802790753926, 0.10733105205471132]"
193,18.173089211820205,4.312360527347741,17.117940590484977,1.0551486213352246,0.8765417981185081,30.52740758673809,0.0009805480377975129,0.0003741130653406564,7.5,7.695089562503199,2.684194156245212,10.379283718748411,10.379283718748411,248.33203125,,853.01953125,0.0001220703125,0.0001220703125,,,0,32,"[0.5890613019320259, 0.9597695931879218, 0.027065285897864482, 0.2782466309776417, 0.10735668039671505]"
194,18.142710917662498,4.313543953751341,17.093665372368676,1.0490455452938194,0.8765303968335766,30.523051996247226,0.0009715321335318772,0.00035060217334800976,7.34375,7.453097375019979,2.995302218707252,10.3656992187382,10.3656992187382,248.33203125,,853.01953125,0.0,0.0,,,0,32,"[0.5893338845282152, 0.9598265107856415, 0.02641978770767937, 0.2775359213960073, 0.10738281643247706]"
195,18.112184738197463,4.315593325423183,17.069176332843945,1.043008405353516,0.8765190024658409,30.539162930895085,0.0009961358365786488,0.00035513417561294357,7.34375,7.040923093825313,3.159712906139589,10.17544274996851,10.17544274996851,248.33203125,,853.01953125,0.0,0.0,,,0,32,"[0.5896045166213615, 0.9598835734082076, 0.02577339424833426, 0.276825348699835, 0.10741045818414845]"
196,18.081893177929317,4.318139531251494,17.04492780727674,1.0369653706525805,0.8765076220327418,30.021790651910496,0.0009926283529233249,0.0003710845140003469,7.0,6.517668625050987,2.4032589374627378,8.920927562513725,8.920927562513725,248.33203125,,853.01953125,0.0,0.0,,,0,32,"[0.5898731364798497, 0.9599407394362756, 0.025125689555386823, 0.27611525529762826, 0.10743911839588864]"
197,18.051970064443942,4.320461637910812,17.021025101600397,1.0309449628435459,0.8764960857555326,30.000721614110123,0.0009931345166180883,0.0003796655567414595,6.59375,6.914393218792725,2.4925109374152044,9.079061624944984,9.079061624944984,248.33203125,,853.01953125,0.0,0.0,,,0,32,"[0.5901432798239973, 0.9599988564004115, 0.024491288779038757, 0.27539378434309986, 0.10746481487100286]"
198,18.022111957766683,4.323232083396545,16.99720130942135,1.0249106483453314,0.8764845498861661,30.555185549448506,0.00099808418656408,0.00034536999203647493,6.53125,6.238144062450601,2.340239062490923,8.578383124941524,8.578383124941524,248.33203125,,853.01953125,0.0,0.0,,,0,32,"[0.5904114829610319, 0.9600571622407997, 0.02385624618606829, 0.2746722424974591, 0.10749248753556727]"
199,17.991976392640183,4.325682556601154,16.972950347640882,1.0190260449992983,0.8764732099604559,30.570728254340093,0.0009685801463749089,0.00036430198835943946,6.46875,6.774440906269774,2.1986663437303378,8.85330662499939,8.85330662499939,248.33203125,,853.01953125,0.0,0.0,,,0,32,"[0.590674516670692, 0.9601146017575951, 0.02320589539277917, 0.27396256507130107, 0.10752274916081558]"
200,17.961490497489745,4.328423265159955,16.94842958973983,1.0130609077499093,0.8764618917309418,30.58003656750413,0.0009885560018667305,0.0003629672072512769,6.375,6.964440406207473,2.05029681255553,8.985311843758836,8.985311843758836,248.33203125,,853.01953125,0.0,0.0,,,0,32,"[0.5909357694607076, 0.9601720699068159, 0.022554545394490276, 0.27325307455060005, 0.10755122322442898]"
201,17.93130024831975,4.331335668013655,16.92419237096341,1.0071078773563413,0.8764505836420139,29.961099855861406,0.0009560505472790415,0.00037370605774385095,6.0625,6.80640468749516,2.96407787500641,9.77048256250157,9.77048256250157,248.33203125,,853.01953125,0.0,0.0,,,0,32,"[0.5911947250596052, 0.9602296930315073, 0.02190141737797993, 0.2725445389280007, 0.10758320194950298]"
202,17.900229634446042,4.334882508244758,16.899340314714486,1.000889319731561,0.876439077473132,30.619680776531744,0.0009925642154187675,0.0003491689466795864,5.375,6.372223031320345,3.2381046561482663,9.610327687468612,9.610327687468612,248.33203125,,853.01953125,0.0,0.0,,,0,32,"[0.5914553823607798, 0.96028854464567, 0.021263304296898, 0.27182311325919667, 0.10761403957259003]"
203,17.870058543477363,4.335842942615367,16.875166863859935,0.9948916796174267,0.8764278245175173,29.958498257352797,0.0008504659863974307,0.0003419909203032273,5.1875,5.9555979062793085,1.8417327811874884,7.797330687466797,7.797330687466797,248.33203125,,853.01953125,0.0,0.0,,,0,32,"[0.5917108654501613, 0.960346135074632, 0.02060804891290864, 0.2711150295567132, 0.10763991592400035]"
204,17.840348017084374,4.336907707220552,16.851427970667217,0.988920046417156,0.876416358176311,29.92521642188762,0.00068618590406197,0.00032800478966738054,5.25,6.074706687542175,2.496965531250339,8.522288593781013,8.522288593781013,248.33203125,,853.01953125,0.0,0.0,,,0,32,"[0.5919682139875074, 0.9604050455798253, 0.01996867573117562, 0.27039329527165873, 0.10766446870309353]"
205,17.811114238376476,4.338277403866424,16.828097693885038,0.9830165444914385,0.8764048862330867,29.168952759962853,0.0008146823911434065,0.00035379547654743553,5.25,6.3440207812703875,3.4965809374085666,9.840601718678954,9.840601718678954,248.33203125,,853.01953125,0.0,0.0,,,0,32,"[0.5922234150271111, 0.9604642057324929, 0.01932839835297144, 0.26967177926270475, 0.10769331369407395]"
206,17.782541457711694,4.339654371398092,16.80549414167982,0.9770473160318771,0.8763931402610475,28.38113270439926,0.0009180729820381373,0.00034096524729591274,5.53125,6.013264312500155,1.8898504062860866,7.903114718786242,7.903114718786242,248.33203125,,853.01953125,0.0,0.0,,,0,32,"[0.5924806058138137, 0.9605250950032027, 0.01870722653793194, 0.26893468832398953, 0.10772474489214437]"
207,17.75378972698014,4.341072473349204,16.782703098546598,0.9710866284335429,0.8763811001418175,29.07252441183971,0.0009936414770351232,0.0003378858547274621,5.15625,5.387928468778114,1.881954312466405,7.269882781244519,7.269882781244519,248.33203125,,853.1328125,0.0035400390625,0.0035400390625,,,0,32,"[0.5927405284553179, 0.9605877798656276, 0.018109128822544274, 0.26817983677591617, 0.10775619472005468]"
208,17.72538999599039,4.34187250982017,16.760300784777694,0.9650892112126959,0.8763693428107534,28.22300887938704,0.0009664350115349829,0.0007956970947764378,5.5,5.649679343704861,1.8683680000464165,7.518047343751277,7.518047343751277,248.33203125,,853.1328125,0.0,0.0,,,0,32,"[0.592994633181354, 0.9606490578847701, 0.01748924216330267, 0.2674406379357994, 0.10778783957809439]"
209,17.696929102327896,4.342852992311643,16.73775815493787,0.9591709473900282,0.8763572619244684,29.70979935754168,0.0008926787743459286,0.001340520646224501,5.34375,5.9309365937707526,2.5735349999536083,8.504471593724361,8.504471593724361,248.33203125,,853.1328125,0.0,0.0,,,0,32,"[0.5932516892034885, 0.9607123140161548, 0.016894335555270156, 0.2666823839219707, 0.10782036405439398]"
210,17.66678593016064,4.344741265766987,16.71335890412191,0.9534270260387318,0.8763457750436244,29.797534650063266,0.0007607127430881155,0.00040171897633782934,5.65625,6.957257781223802,2.36553421873964,9.074372187441782,9.074372187441782,248.33203125,,853.1328125,0.0,0.0,,,0,32,"[0.59349810739603, 0.9607724472773258, 0.016254170934445627, 0.26595818281871475, 0.10785756735495967]"
211,17.639018456348673,4.343233065588751,16.69178318070783,0.9472352756408378,0.8763343334262885,28.820548399972317,0.0006217899490593148,0.004323179724873765,5.71875,6.211421906343162,2.103293312401888,8.31471521874505,8.31471521874505,248.33203125,,853.1328125,0.0,0.0,,,0,32,"[0.5937427416006299, 0.960832446021228, 0.015612159756805705, 0.2652348361050321, 0.1078914116493073]"
212,17.611814992121126,4.341622502481216,16.670601617147266,0.9412133749738614,0.8763225393972918,29.561359683409894,0.0006218478309694131,0.0012491180234857839,5.96875,6.7002386249868096,2.7321173124761344,9.432355937462944,9.432355937462944,248.33203125,,853.1328125,0.0,0.0,,,0,32,"[0.5939904185689956, 0.9608946229978605, 0.01499476510600675, 0.2644917078985921, 0.1079284853175384]"
213,17.582704675301535,4.344280371263389,16.647242242675865,0.9354624326256666,0.8763110461943214,29.135335938580283,0.0006157086111114318,0.00034076910740263875,4.34375,5.3566504687694305,2.3797719061775524,7.708545437452585,7.708545437452585,248.33203125,,853.1328125,0.0,0.0,,,0,32,"[0.5942300527100135, 0.9609554526385238, 0.014351716315655228, 0.2637691252805077, 0.10798538739610494]"
214,17.553948988081302,4.347896735841567,16.624205767556433,0.9297432205248717,0.8762993100969034,28.086400456961332,0.0005475977015483025,0.0003364242028588803,4.53125,5.70291850002036,2.0378976250299274,7.740816125050287,7.740816125050287,248.33203125,,853.1328125,0.0,0.0,,,0,32,"[0.5944735563639492, 0.9610176405887105, 0.0137302319289381, 0.2630279185294953, 0.10802014856254107]"
215,17.52703756512497,4.350196455476809,16.602819060205846,0.9242185049191224,0.87628712870849,27.91285667074539,0.0007798097397557213,0.0003686505261048104,5.40625,5.823668906273838,1.7800911249423734,7.603760031216211,7.603760031216211,248.33203125,,853.1328125,0.0,0.0,,,0,32,"[0.5947206937339624, 0.9610825917821229, 0.013140305107455329, 0.26226292210675384, 0.10805850584744578]"
216,17.499355395498164,4.352534590260255,16.580902450906045,0.9184529445921206,0.8762748711010809,27.732259387589767,0.0006753244717677964,0.00035838069040753414,5.3125,5.47168840626,1.6909403124856226,7.145806312493619,7.145806312493619,248.33203125,,853.1328125,0.0,0.0,,,0,32,"[0.5949672877066079, 0.9611481328270857, 0.012556826218173032, 0.26149291570351196, 0.10809772712749281]"
217,17.470847287403025,4.353401656410449,16.55806744888527,0.9127798385177559,0.8762625299413265,29.745338674195462,0.0008797809565304349,0.0003542045621586303,5.21875,5.092103593696606,1.9843609999981027,7.073539781188742,7.073539781188742,248.33203125,,853.1328125,0.0,0.0,,,0,32,"[0.595213171726352, 0.9612143329293568, 0.011979644007293028, 0.26071797299419375, 0.10813623800922702]"
218,17.44126715875087,4.355164945825675,16.53408334018291,0.9071838185679624,0.8762510277087863,29.65327395780454,0.0007694449161488315,0.00034841694547592167,5.1875,5.217726499978426,2.3951706875067202,7.5016571562258605,7.5016571562258605,248.33203125,,853.1328125,0.0,0.0,,,0,32,"[0.5954452703949988, 0.9612760010766053, 0.011338696853157495, 0.25999030895417524, 0.10818117171702911]"
219,17.4112912562022,4.355920426599052,16.509619646314583,0.9016716098876212,0.8762394957280584,29.545193083481394,0.0009054154201247611,0.0003628627746701283,5.1875,5.406617750040255,2.243269187488295,7.649886937528549,7.649886937528549,248.33203125,,853.1328125,0.0,0.0,,,0,32,"[0.5956763779069019, 0.9613379834462625, 0.010700442749271937, 0.25925978841211267, 0.10822263182184692]"
220,17.381272931453736,4.356091866789911,16.48514895089943,0.8961239805543084,0.8762279193921648,29.50560177448813,0.0007849391832495667,0.0003475422802702874,5.1875,5.052107624990754,1.8583008125006018,6.9104084374913555,6.9104084374913555,248.33203125,,853.1328125,0.0,0.0,,,0,32,"[0.5959062349812634, 0.9614004074870875, 0.01006477486657334, 0.2585265377431291, 0.10826185890220881]"
221,17.352073120517044,4.356066901194128,16.461402930594954,0.8906701899220919,0.8762163249156824,29.360190990288356,0.0009331719371886427,0.00035963439383132883,5.09375,5.793858000004093,1.6815902187090614,7.253509156200266,7.253509156200266,248.33203125,,853.1484375,0.0,0.0,,,0,32,"[0.5961345229151336, 0.9614631208805778, 0.009429985787240403, 0.25779191637082066, 0.10829827199921384]"
222,17.323387790713454,4.3561094534016025,16.438231359429757,0.8851564312836973,0.8762046692496803,28.977883994942516,0.0007935580829873112,0.00039511076072920094,5.03125,5.186410562487254,2.1191040937225125,7.305514656209766,7.305514656209766,248.33203125,,853.1484375,0.0,0.0,,,0,32,"[0.5963618996467787, 0.9615263599361321, 0.008799330752744942, 0.2570533901604068, 0.1083322412169887]"
223,17.29532543171536,4.355514974168175,16.415611173678037,0.8797142580373223,0.876192848884865,27.4325410730846,0.0009575347450207772,0.0004005484771642589,4.90625,5.527669124987256,1.888331718745917,7.356778687466203,7.356778687466203,248.33203125,,853.1484375,0.0,0.0,,,0,32,"[0.5965896772042689, 0.9615907233272291, 0.00817999063391919, 0.2563054350338199, 0.10836315535640091]"
224,17.267628482806565,4.355156879069201,16.393433357286575,0.8741951255199902,0.8761803192585298,27.001633039636914,0.0009545522754387248,0.0003934835278759025,5.03125,5.629416250016561,1.9375226249565003,7.5243364374699695,7.5243364374699695,248.33203125,,853.1484375,0.0,0.0,,,0,32,"[0.5968246614919821, 0.9616593520634878, 0.007613558918654503, 0.255519074139026, 0.10839255154949935]"
225,17.24124281776167,4.354786782092977,16.372569695886426,0.8686731218752426,0.876167563866937,26.477555537230376,0.0009598219458911428,0.00039286999077122787,4.75,5.049618531216993,1.8685702187895004,6.918188750006493,6.918188750006493,248.33203125,,853.1484375,0.0,0.0,,,0,32,"[0.5970605543805707, 0.9617294766303318, 0.007064941053917659, 0.2547204635268935, 0.10841856344906826]"
226,17.21576558894129,4.354537683142573,16.35265375297262,0.8631118359686697,0.8761545319880448,24.82322938185824,0.0007637114284080315,0.0003963105578111443,4.59375,4.985523312498685,1.59134296876573,6.4922984375215265,6.4922984375215265,248.33203125,,853.1484375,0.0,0.0,,,0,32,"[0.5972986215889805, 0.9618013278223059, 0.006541674022436871, 0.25390559944223734, 0.10843725964640072]"
227,17.19169258823874,4.354597599175479,16.334212123639567,0.8574804645991693,0.876140543441205,23.480719889629235,0.0005742676112850953,0.0003763018135673836,4.53125,4.805358437465657,1.9092703125096477,6.714628749975304,6.714628749975304,248.33203125,,853.1484375,0.0,0.0,,,0,32,"[0.5975457574755026, 0.9618789388675668, 0.0061110422656785405, 0.25304119216479576, 0.10845328238098802]"
228,17.168494914406466,4.355072177495549,16.31661003666901,0.851884877737456,0.8761256497960052,23.308556694717037,0.000397248284606716,0.0003645638609167445,4.4375,5.188756531225636,1.890137468834041,7.001403312571597,7.001403312571597,248.33203125,,853.1484375,0.0,0.0,,,0,32,"[0.5978000131582263, 0.9619620814889034, 0.005791525532844639, 0.252132241438784, 0.10846589140322717]"
229,17.14576713762677,4.3558956862351375,16.29944216677991,0.846324970846863,0.8761106010065433,22.503357658163782,0.00033792926007017443,0.00034980082256620714,4.4375,4.595888093760436,1.9396195937417815,6.535507687502218,6.535507687502218,248.33203125,,853.1484375,0.0,0.0,,,0,32,"[0.5980536016927649, 0.9620463579457259, 0.005492896726028946, 0.25121609448003257, 0.10847516069048829]"
230,17.12350370197569,4.3570126618164,16.282601328311472,0.8409023736642162,0.8760948997497436,22.11166342153936,0.0003552902502709232,0.0003770491011729486,4.3125,4.276944718810682,1.4612638749724738,5.738208593783156,5.738208593783156,248.33203125,,853.1484375,0.0,0.0,,,0,32,"[0.598309684674431, 0.96213479447451, 0.005307313108660052, 0.2502715707651708, 0.10848100533809173]"
231,17.101546442802324,4.358220308248989,16.26592976957651,0.8356166732258143,0.8760788173465186,21.93919182071307,0.0003710262472192416,0.0003592704512138848,4.1875,4.105389656245961,1.719161937543845,5.824551593789806,5.824551593789806,248.33203125,,853.1484375,0.0,0.0,,,0,32,"[0.5985645609467524, 0.9622258636613172, 0.005209348199387176, 0.24931389921946956, 0.10848455162166018]"
232,17.079681139558712,4.359582322586217,16.24922660859536,0.8304545309633486,0.8760625198186907,21.855275401381743,0.000373618175060042,0.00037725961682116913,4.125,4.252114656225103,1.6310379999850966,5.8831526562102,5.8831526562102,248.33203125,,853.1484375,0.0,0.0,,,0,32,"[0.5988165352048223, 0.9623186125857833, 0.005169195991645816, 0.24835145951360948, 0.10848660663453824]"
233,17.05786537278171,4.361216752292841,16.232466602180263,0.8253987706014454,0.8760460833168366,21.799182572360692,0.0004098195604225474,0.0004107075222002675,3.6875,4.434442625040447,2.0120425937051323,6.343385812499491,6.343385812499491,248.33203125,,853.1484375,0.0,0.0,,,0,32,"[0.5990652062593976, 0.9624125966707296, 0.005161569406396525, 0.24738747301476338, 0.10848785708767128]"
234,17.03617049991685,4.362673013082298,16.21581868757267,0.8203518123441769,0.8760295364545674,21.750776995039725,0.00045410175171473055,0.0003863394816916038,3.8125,4.419222062480799,2.074979031291946,6.310121375022959,6.310121375022959,248.33203125,,853.1484375,0.0,0.0,,,0,32,"[0.5993106483643894, 0.9625076436583766, 0.00517011791957646, 0.24642277110467334, 0.1084890364211553]"
235,17.014670259693844,4.364230259422424,16.199245920417333,0.815424339276511,0.8760128853775392,21.705452150221593,0.0006402095270459374,0.0003850775067113842,3.4375,3.883952500018495,1.7713797187326463,5.6519289687457785,5.6519289687457785,248.33203125,,853.1484375,0.0,0.0,,,0,32,"[0.5995528641651038, 0.9626037177166057, 0.005192327012582163, 0.24545757269413518, 0.10848929274553692]"
236,16.994366356858087,4.364013105798413,16.183284182134294,0.8110821747237993,0.8759961365569209,21.61269419657654,0.0013367837710736297,0.00039103795630169555,3.78125,4.036164624992011,1.7214352187693294,5.757599843761341,5.757599843761341,248.33203125,,853.1484375,0.0,0.0,,,0,32,"[0.5997920292588947, 0.9627007770839786, 0.005218326092443181, 0.24449180772892562, 0.10849056433401685]"
237,16.97270938110276,4.365729293393752,16.16670505584293,0.8060043252598312,0.875979236817238,21.565373101986033,0.0011742461702412832,0.00036814350048739315,3.71875,4.051197937542383,1.7647367499193933,5.815934687461777,5.815934687461777,248.33203125,,853.1484375,0.0,0.0,,,0,32,"[0.6000274344235079, 0.9627992458927122, 0.0052483276645192015, 0.24352554474211632, 0.10850856567217294]"
238,16.951046534040415,4.367425081284897,16.150080126567662,0.8009664074727518,0.87596223451333,21.518007475237216,0.0009644907584710483,0.0003615110080924676,3.125,3.9665034687743628,2.176524218725717,6.094213968751205,6.094213968751205,248.33203125,,853.15234375,0.0,0.0,,,0,32,"[0.6002597349036758, 0.9628987457405236, 0.00528076491147809, 0.24255869751952686, 0.10852561091725803]"
239,16.929508221428407,4.368836581850712,16.13354951326512,0.7959587081632866,0.8759451299804705,21.472334511928963,0.0009746515417544954,0.00036879392978040183,2.78125,3.8234956875271564,2.1917343124329136,5.969309593709227,5.969309593709227,248.33203125,,853.15234375,0.0,0.0,,,0,32,"[0.6004889829627679, 0.9629992761077395, 0.005312736698454869, 0.24159119914999183, 0.10854184921934165]"
240,16.907982586927076,4.370519254436917,16.11694463277529,0.7910379541517847,0.8759279245882948,21.42629979731178,0.0009937963484852597,0.00034367338815621286,3.125,3.8267659688386857,1.6519929061615812,5.478758875000267,5.478758875000267,248.33203125,,853.15234375,0.0,0.0,,,0,32,"[0.6007152072776303, 0.9631008262123455, 0.00534340561538945, 0.24062304546571786, 0.10855759713286399]"
241,16.88671513087442,4.371977661090558,16.10059689246174,0.7861182384126784,0.8759106154579994,21.381529380954678,0.0010711323439897558,0.00035660182166523835,3.53125,3.7966877187898262,1.5999639374655317,5.396651656255358,5.396651656255358,248.33203125,,853.15234375,0.0,0.0,,,0,32,"[0.6009383120650611, 0.9632034187345629, 0.005375401089887223, 0.23965431411640603, 0.10857292327662901]"
242,16.865417000937597,4.373683713393807,16.08424427291164,0.7811727280259553,0.8758932012278046,21.336824118793224,0.0011051462575370208,0.0003319743536257295,3.53125,3.706020437505231,1.7510946562424579,5.457115093747689,5.457115093747689,248.33203125,,853.15234375,0.0,0.0,,,0,32,"[0.6011582404858345, 0.9633070639424318, 0.005411039327268701, 0.23868509003783253, 0.10858788195877521]"
243,16.844423507893364,4.375537594983523,16.068147070748783,0.7762764371445809,0.8758756826212022,21.29324521639523,0.00099678570041975,0.00033699925631546776,3.40625,3.7369647187546207,1.8414066249476946,5.578371343702315,5.578371343702315,248.33203125,,853.15234375,0.0,0.0,,,0,32,"[0.6013750574132731, 0.963411758461739, 0.005447103118023755, 0.23771528403762057, 0.10860220685152865]"
244,16.823246178998836,4.377273837406109,16.051849008748125,0.7713971702507101,0.8758580585969881,21.248936390276636,0.0009911606275131157,0.0002951672290358347,3.03125,3.6566531562272075,2.064327687548939,5.720980843776147,5.720980843776147,248.33203125,,853.15234375,0.0,0.0,,,0,32,"[0.6015887254349036, 0.9635175097618344, 0.0054852501700609286, 0.2367449718950291, 0.10861641204146368]"
245,16.801984131670896,4.379164569890962,16.035512450533,0.7664716811378965,0.8758403288577842,21.204171225764107,0.0009977842316067076,0.0003054877648277607,2.5625,3.3676681249801277,1.9291880625047497,5.296856187484877,5.296856187484877,248.33203125,,853.15234375,0.0,0.0,,,0,32,"[0.6017992811210374, 0.9636243224687343, 0.005522823684167547, 0.23577406735215467, 0.10863019421636178]"
246,16.78107195617111,4.380433415639748,16.01955073071422,0.7615212254568939,0.8758224934638119,21.162124085799917,0.0009933090884306217,0.0002828397898575463,2.125,2.871753874998717,1.8164759375167705,4.6882298125154875,4.6882298125154875,248.33203125,,853.15234375,0.0,0.0,,,0,32,"[0.602006773650062, 0.9637321985657438, 0.00555682170078528, 0.23480247899535153, 0.10864322486805766]"
247,16.759965675675993,4.382053106777795,16.003389086192346,0.7565765894836454,0.8758045493556581,21.11852161028452,0.0008930355056959993,0.0002920961206207373,1.78125,2.5100147813077456,1.4465137811612294,3.956528562468975,3.956528562468975,248.33203125,,853.15234375,0.0,0.0,,,0,32,"[0.60221102959052, 0.9638411609233355, 0.005594354959264725, 0.23383043951612625, 0.10865493899419099]"
248,16.738878635752418,4.383712464870162,15.987197993608564,0.7516806421438514,0.8757864977722013,21.19662146482824,0.0009740449599245915,0.00029776611645267734,1.90625,2.5134795312027336,1.5505670313160635,4.064046562518797,4.064046562518797,248.33203125,,853.15234375,0.0,0.0,,,0,32,"[0.6024121737852485, 0.9639512026957, 0.0056289596523082745, 0.23285775341252604, 0.10866571305304998]"
249,16.717844704116345,4.385253878902521,15.971224604181792,0.746620099934552,0.8757684933519918,21.292419015316746,0.0009880070041326516,0.0003135125495227636,1.9375,2.5572846562056384,1.5611710313407912,4.1184556875464295,4.1184556875464295,248.33203125,,853.15234375,0.0,0.0,,,0,32,"[0.6026122395742396, 0.9640612390983705, 0.005574312747446677, 0.23188575272579537, 0.10867541103979274]"
250,16.696488875670937,4.38734875147135,15.955052407046425,0.7414364686245112,0.8757505193885425,21.315449824158133,0.0009925263078401914,0.0003305342028293329,1.875,2.808156343775181,2.169027374975485,4.977183718750666,4.977183718750666,248.33203125,,853.15234375,0.0,0.0,,,0,32,"[0.6028091214631763, 0.9641714984225622, 0.005462059266279653, 0.23091818745515122, 0.10869264490896645]"
251,16.6754038425184,4.389722945469081,15.939206470404955,0.7361973721134483,0.875732486814164,21.032913936136286,0.0009960346603980763,0.00031422085041904143,1.71875,2.779867968797589,1.6521529687167913,4.43202093751438,4.43202093751438,248.33203125,,853.15234375,0.0,0.0,,,0,32,"[0.6030017150164005, 0.9642826523347168, 0.005317126558304653, 0.2299545434895182, 0.10872326106037862]"
252,16.654472574290182,4.391729947045861,15.923381487545026,0.7310910867451537,0.8757140892558309,21.11738334052204,0.0009789464157768935,0.0003103600147828129,1.5,2.557957656222243,2.0137693124837597,4.5717269687060025,4.5717269687060025,248.33203125,,853.15234375,0.0,0.0,,,0,32,"[0.6031909314563338, 0.9643965572719541, 0.00524854229050615, 0.22898208563474723, 0.10875232517978287]"
253,16.63339010790059,4.393822515171168,15.907509711405748,0.7258803964948404,0.8756957166002195,20.91909145713139,0.0008002734234701936,0.0002872042137561686,1.53125,2.5169006562606455,1.5703437186829206,4.087244374943566,4.087244374943566,248.33203125,,853.15234375,0.0,0.0,,,0,32,"[0.6033774191951621, 0.9645106456865964, 0.005141759689961614, 0.22801253013355127, 0.10877999760708408]"
254,16.61263977619317,4.395369421125666,15.891809705521421,0.7208300706717503,0.8756770503995287,20.82515597756446,0.0007852733581755478,0.00028386492635691467,1.5,2.5329159687856873,1.635275593699248,4.168191562484935,4.168191562484935,248.33203125,,853.15234375,0.0,0.0,,,0,32,"[0.6035600418318026, 0.9646270515089925, 0.0050988406498415585, 0.22703753363251572, 0.1088052648994274]"
255,16.591836048778774,4.397171004292221,15.875984936998787,0.7158511117799835,0.8756581952407911,20.96222542422456,0.0007697145402507655,0.00026355297185851544,1.5,2.4751009062811136,1.5906635312461503,4.065764437527264,4.065764437527264,248.33203125,,853.15234375,0.0,0.0,,,0,32,"[0.6037386201300272, 0.9647451061815113, 0.00509425479686951, 0.22606101708551335, 0.10882908273062131]"
256,16.571003111559442,4.399005601916703,15.860222571654106,0.7107805399053335,0.8756394409672088,20.74919247487857,0.000783288023551848,0.00024913572064646236,1.46875,2.4930852500091305,1.850678999986144,4.343764249995274,4.343764249995274,248.33203125,,853.15234375,0.0,0.0,,,0,32,"[0.6039157779503176, 0.9648627733173902, 0.005015543650997319, 0.22508724639418853, 0.10884765012344522]"
257,16.55019162859434,4.400666457913215,15.844377881682236,0.705813746912106,0.8756203552297405,20.671628219139105,0.0007683131644934116,0.0002438674842149766,1.46875,2.550534000036464,1.8706853124399458,4.41250049998132,4.41250049998132,248.33203125,,853.15234375,0.0,0.0,,,0,32,"[0.6040876781786114, 0.964983164809688, 0.0049920972118366255, 0.22411020883844243, 0.10887600641458488]"
258,16.529579192224674,4.402136121785514,15.82865385154478,0.7009253406798939,0.8756010936509488,20.80703892502193,0.0007902921016360032,0.00023851209925258046,1.4375,2.494307437487464,1.860130062524945,4.354437500012409,4.354437500012409,248.33203125,,853.15234375,0.0,0.0,,,0,32,"[0.6042554479421459, 0.9651051420170156, 0.004997215958669178, 0.22313235630920605, 0.10890344902439202]"
259,16.50885983503852,4.404138082831203,15.812943568668238,0.6959162663702867,0.8755819310799801,20.642519231781346,0.0007723067773915127,0.00024111523651530885,1.40625,2.3499273125224818,1.7118722812341503,4.061799593756632,4.061799593756632,248.33203125,,853.15234375,0.0,0.0,,,0,32,"[0.6044217603502171, 0.9652267708693514, 0.004917403396015367, 0.22215737451445566, 0.10892767834441897]"
260,16.48843972548367,4.405799936799398,15.79738656473377,0.6910531607498989,0.8755624883760886,20.586600573196353,0.0009306416568367337,0.00022997130803163103,1.375,2.299315374941102,2.2156421250230096,4.514957499964112,4.514957499964112,248.33203125,,853.15234375,0.0,0.0,,,0,32,"[0.6045835208567989, 0.9653507067562844, 0.004890931229882496, 0.22117905078353212, 0.10895327788294233]"
261,16.46793683915553,4.4077236728956,15.781719741081586,0.6862170980739444,0.8755428912152249,20.531977860907855,0.0008893559239596116,0.00023055021974349341,1.34375,2.3728739687385314,2.0099198437861787,4.38279381252471,4.38279381252471,248.33203125,,853.15234375,0.0,0.0,,,0,32,"[0.6047414692595, 0.9654760449042672, 0.00489526745835458, 0.22019983664008252, 0.10897480714524599]"
262,16.44738910533342,4.409708657234563,15.765938032757479,0.681451072575942,0.8755231410279942,20.457760667778906,0.000846897053060347,0.00023746002007189897,1.28125,2.2488045000130796,1.6913524375326006,3.94015693754568,3.94015693754568,248.33203125,,853.15234375,0.0,0.0,,,0,32,"[0.6048954102896114, 0.9656028208668304, 0.004917684189834132, 0.21922038902010485, 0.10899505225414313]"
263,16.42695761351217,4.4115250746491235,15.750258346833803,0.6766992666783671,0.8755032155850406,20.410698626968056,0.0008069828301185134,0.00022762523140440366,1.28125,2.261946593748121,1.5746030937862088,3.8365496875343297,3.8365496875343297,248.33203125,,853.15234375,0.0,0.0,,,0,32,"[0.6050450720683346, 0.9657312375363565, 0.004947832785786591, 0.2182407823945761, 0.10901897781285028]"
264,16.406599962539723,4.4132247204201125,15.734629241752135,0.6719707207875839,0.8754831488938913,20.38953171543215,0.0007676328068690896,0.0002267041241496474,1.28125,2.7381278437417222,2.1164064374943337,4.794035656246365,4.794035656246365,248.33203125,,853.15234375,0.0,0.0,,,0,32,"[0.6051909399624951, 0.9658610173586459, 0.004983756257811059, 0.21726095610076232, 0.10904199287940576]"
265,16.386368295911943,4.414740556991497,15.719047413409552,0.6673208825023904,0.8754629757153946,20.470502401473244,0.0007032685983711096,0.00023000905807645428,1.21875,2.0318265937930846,2.1965458437165353,4.22837243750962,4.22837243750962,248.33203125,,853.15234375,0.0,0.0,,,0,32,"[0.6053335421492456, 0.9659918758472243, 0.005022000708950415, 0.21628077650126035, 0.1090600479888803]"
266,16.366017080301184,4.416962053750646,15.70356625441873,0.6624508258824522,0.8754428525761665,20.3286708004784,0.0005767538614104284,0.00021013673678614732,1.75,2.352721906277111,1.446287781206479,3.79900968748359,3.79900968748359,248.33203125,,853.15234375,0.0,0.0,,,0,32,"[0.6054751000798589, 0.9661227158106214, 0.00496703787878103, 0.21530123045177338, 0.10907767979233284]"
267,16.3456745867948,4.418852053397315,15.68801447784098,0.657660108953819,0.8754224533789614,20.26063718936094,0.0004538545525576698,0.00020917535114880033,1.71875,2.683809750067212,1.6446755937096214,4.328485343776833,4.328485343776833,248.33203125,,853.15234375,0.0,0.0,,,0,32,"[0.605611537131531, 0.9662559114203738, 0.004954219157011123, 0.21431989801619744, 0.1090992712659395]"
268,16.325380449220106,4.420639644485106,15.672443982706849,0.6529364665132555,0.8754018716641713,20.20654466610178,0.0003322675545197884,0.00021047586216048223,1.6875,2.491209187525101,1.7025909374694947,4.1938001249945955,4.1938001249945955,248.33203125,,853.15234375,0.0,0.0,,,0,32,"[0.6057436102131069, 0.9663907742653384, 0.004964905950935772, 0.21333815308217272, 0.1091200412231746]"
269,16.30512440858665,4.422373836654873,15.656856841584025,0.6482675670026259,0.8753811269435149,20.141176087295623,0.00024069579771712757,0.00020881902455229266,1.6875,2.6151936249902974,2.1886859374831147,4.803879562473412,4.803879562473412,248.33203125,,853.15234375,0.0,0.0,,,0,32,"[0.6058715184483308, 0.9665271721709114, 0.0049884349855815755, 0.21235627743968713, 0.10914008372649424]"
270,16.284989070989475,4.424007567771746,15.64136331498779,0.6436257560016837,0.8753601883853007,20.093881405826885,8.930158595996107e-05,0.0001987764415417054,1.6875,2.8359813749432305,1.6220106250273147,4.457991999970545,4.457991999970545,248.33203125,,853.15234375,0.0,0.0,,,0,32,"[0.6059948995283391, 0.9666654006059812, 0.005019443659773897, 0.21137408209178518, 0.10913920650431266]"
271,16.2648866386793,4.425540941421182,15.625893887622555,0.6389927510567481,0.8753390952803403,20.048885914137728,9.233749059145424e-06,0.00019146877332812143,1.6875,2.597210624969648,1.5856971875365389,4.182907812506187,4.182907812506187,248.33203125,,853.15234375,0.0,0.0,,,0,32,"[0.6061142619599023, 0.9668051085747155, 0.005055794186031339, 0.21039178358731073, 0.10913760003256412]"
272,16.244812520007038,4.427012571442845,15.610436283675428,0.6343762363316097,0.8753178507105118,20.002390622313758,3.3276834464857075e-05,0.00019923242896477853,1.6875,2.4664467812698376,1.588279624982647,4.054726406252485,4.054726406252485,248.33203125,,853.15234375,0.0,0.0,,,0,32,"[0.6062296830973615, 0.9669462744758084, 0.005094457959540805, 0.20940931373188038, 0.10913472858955679]"
273,16.22469105444117,4.428421421717471,15.594908793045255,0.6297822613959136,0.8752964523238419,19.95686321331157,1.0055677955644882e-05,0.0002097869738557725,1.65625,2.474077437469191,1.5902473437563458,4.064324781225537,4.064324781225537,248.33203125,,853.15234375,0.0,0.0,,,0,32,"[0.6063411780685525, 0.9670889193941675, 0.00513301656040211, 0.20842660297449397, 0.10913097355532125]"
274,16.20458836873086,4.429785130016559,15.579379035251606,0.6252093334792546,0.8752749011269642,19.912617150209716,8.32919249349473e-06,0.0002369858910988599,1.65625,2.4683770937201643,1.5586437187522506,4.027020812472415,4.027020812472415,248.33203125,,853.15234375,0.0,0.0,,,0,32,"[0.606448781741908, 0.9672330367584662, 0.005169621994732146, 0.20744360233567619, 0.10912634526737397]"
275,16.184619736752307,4.431135030033258,15.563972326434893,0.6206474103174144,0.8752531975783321,19.85066153635257,8.18987768713697e-06,0.00023893259992668284,1.625,2.437612687472779,1.5464995313152485,3.9841122187880273,3.9841122187880273,248.33203125,,853.15234375,0.0,0.0,,,0,32,"[0.6065524936407195, 0.9673786236973126, 0.005204045788824927, 0.20646032580211215, 0.10912081840345242]"
276,16.164729012972103,4.43228775601912,15.548618689084254,0.6161103238878497,0.8752313108428634,19.802280372102256,8.288945594792096e-06,0.00024045838545292013,1.65625,2.8297812187645377,1.9595604062914163,4.75660003129974,4.75660003129974,248.33203125,,853.15234375,0.0,0.0,,,0,32,"[0.6066518439563501, 0.9675259333657533, 0.0052399124809913355, 0.20547690025747017, 0.10911667655523549]"
277,16.1449898858399,4.433472713507202,15.533421059338593,0.6115688265013085,0.875209258486371,19.820726767716398,8.975347703721326e-05,0.0002395486476838368,1.59375,2.828943124967509,1.7082449062399974,4.526338499957205,4.526338499957205,248.33203125,,853.15234375,0.0,0.0,,,0,32,"[0.6067470681872231, 0.9676748227698821, 0.0052762946954742485, 0.2044933258170892, 0.10911199191102312]"
278,16.125220241497015,4.434747575640273,15.51811571442439,0.6071045270726272,0.8751871361281208,19.71321113465065,9.052223755912081e-06,0.000227727838235766,1.625,2.286693874964385,1.3727814687882756,3.6594753437526606,3.6594753437526606,248.33203125,,853.15234375,0.0,0.0,,,0,32,"[0.6068393629075532, 0.9678245038164559, 0.005314580341429988, 0.2035097505048832, 0.10909816861805857]"
279,16.105558445045233,4.4359923926579805,15.50291503352005,0.6026434115251849,0.8751647554137326,19.664552108015712,9.584240369786556e-06,0.0002230738900884205,1.625,2.2334265937615783,1.5686531875473975,3.8020797813089757,3.8020797813089757,248.33203125,,853.15234375,0.0,0.0,,,0,32,"[0.606926279101234, 0.9679765302149765, 0.0053557404457955805, 0.20252608836601807, 0.10909122658660048]"
280,16.08600868795683,4.437370882524834,15.48780360811266,0.59820507984417,0.8751422027865985,19.616959180036805,1.3948756057313716e-05,0.00021461061110127669,1.5625,2.4424320937441735,1.529263718722973,3.9497679687201526,3.9497679687201526,248.33203125,,853.15234375,0.0,0.0,,,0,32,"[0.6070089662488332, 0.9681301900060844, 0.005397582130220462, 0.2015423439817367, 0.10908431543199407]"
281,16.06652076812665,4.438836887995671,15.472726184568302,0.5937945835583504,0.875119476882009,19.57012973410725,9.444884487397331e-06,0.00021123541304039767,1.5625,2.2801624375574647,1.4467204374284393,3.726882874985904,3.726882874985904,248.33203125,,853.15234375,0.0,0.0,,,0,32,"[0.607087372356167, 0.9682854946563254, 0.005441485678118166, 0.20055859691179986, 0.1090774503887366]"
282,16.046992014323287,4.44035060959691,15.457595699271563,0.5893963150517207,0.8750965774708983,19.523150815852986,1.0087050360318983e-05,0.0001912834470179825,1.625,2.361350375025495,1.5241526562874697,3.8855030313129646,3.8855030313129646,248.33203125,,853.15234375,0.0,0.0,,,0,32,"[0.6071615161582716, 0.9684424472177937, 0.005486162582150654, 0.19957481530824983, 0.1090706444486386]"
283,16.02759926649202,4.441670792470241,15.442565452807987,0.5850338136840347,0.8750735014038099,19.531058808653988,9.384163185632843e-06,0.00017848841231920713,1.5625,2.5161939062599004,1.8360408437416709,4.352234750001571,4.352234750001571,248.33203125,,853.15234375,0.0,0.0,,,0,32,"[0.6072313163220009, 0.9686010748768319, 0.005532573821934525, 0.19859106463669515, 0.10906387569920473]"
284,16.00812476609867,4.443238671757664,15.427557137777224,0.5805676283214453,0.8750503629271192,19.458525671809678,9.981887101329079e-06,0.0001727491906697807,1.53125,2.500431906241829,1.5418746250617232,4.042306531303552,4.042306531303552,248.33203125,,853.15234375,0.0,0.0,,,0,32,"[0.6072990954762584, 0.9687605114021978, 0.005512436172813153, 0.19760641463798168, 0.10905717974902199]"
285,15.988730554786013,4.444520948449008,15.412555083636637,0.5761754711493754,0.8750269966040793,19.4040902451537,9.41689468625384e-06,0.0001688211061630832,1.53125,2.3791104999872914,1.6011079999884714,3.980218499975763,3.980218499975763,248.33203125,,853.15234375,0.0,0.0,,,0,32,"[0.6073617578610799, 0.9689219963701443, 0.005520432033457552, 0.19662158641816108, 0.10905043628453373]"
286,15.969386108107102,4.4457019270854845,15.397552124071098,0.5718339840360037,0.8750034285775539,19.355730662019283,1.3947519892365534e-05,0.00015683052230094032,1.5625,2.548054281234613,1.5754634062830064,4.123517687517619,4.123517687517619,248.33203125,,853.15234375,0.0,0.0,,,0,32,"[0.6074195577699076, 0.9690853480515306, 0.005544783009896656, 0.1956370373344036, 0.10904368866668938]"
287,15.950015225637905,4.4468663843825,15.382476647552775,0.5675385780851315,0.8749796680698916,19.310385094341814,9.505999304160184e-06,0.00015873291420982614,1.5625,2.4488820937733635,1.6416372500174248,4.090519343790788,4.090519343790788,248.33203125,,853.15234375,0.0,0.0,,,0,32,"[0.6074726387353879, 0.9692505026341368, 0.005579103492017232, 0.1946528203627089, 0.10903694833413698]"
288,15.930713186866598,4.447955221640799,15.367438923802451,0.5632742630641464,0.8749557214984742,19.266252815897385,1.4865382607975874e-05,0.00015898837644291196,1.53125,2.319937124951821,1.5846063437976454,3.9045434687494662,3.9045434687494662,248.33203125,,853.15234375,0.0,0.0,,,0,32,"[0.6075211763311413, 0.9694174132784236, 0.005616887386512021, 0.19366879169143827, 0.10903024832992372]"
289,15.911469362417568,4.448983778449325,15.352434556812838,0.5590348056047287,0.8749315893647518,19.22247163288293,9.762280017699965e-06,0.0001610725659277619,1.5,2.4835615000142752,2.11772406250077,4.601285562515045,4.601285562515045,248.33203125,,853.15234375,0.0,0.0,,,0,32,"[0.6075651902940354, 0.9695860773210622, 0.005657013696316746, 0.19268494163800673, 0.10902360277386448]"
290,15.892328581363884,4.449928695583817,15.337508093981022,0.5548204873828626,0.8749072703752299,19.17928593613288,1.0513296045733256e-05,0.00015868120073746653,1.5,2.60749465624599,2.2238976249866482,4.831392281232638,4.831392281232638,248.33203125,,853.15234375,0.0,0.0,,,0,32,"[0.6076046822273584, 0.9697565071176636, 0.005698161664512702, 0.19170124588391674, 0.10901700127922472]"
291,15.873170502306925,4.4509025746290805,15.322538675192511,0.5506318271144147,0.8748827626175434,19.13723740330868,1.0027053680250475e-05,0.00016371381252281607,1.46875,2.3666677499960542,1.6651737812907186,4.031841531286773,4.031841531286773,248.33203125,,853.15234375,0.0,0.0,,,0,32,"[0.6076396110274319, 0.9699287192534418, 0.005740809927616391, 0.19071775163584953, 0.10901043249782706]"
292,15.854067274758364,4.451830442702312,15.307604354407617,0.5464629203507454,0.8748580669345948,19.094484448788638,1.3680850872610506e-05,0.00015488431749366424,1.4375,2.2739382812488884,1.517867218794322,3.7918055000432105,3.7918055000432105,248.33203125,,853.15234375,0.0,0.0,,,0,32,"[0.6076699973008387, 0.970102707891315, 0.005783912912329431, 0.18973443884934474, 0.10900389607032351]"
293,15.834986316364105,4.452677325084885,15.29266042657617,0.5423258897879366,0.874833178508094,19.052815284115646,1.3887751325825093e-05,0.00014925678311896427,1.46875,2.3048740937809953,1.507125906172746,3.8119999999537413,3.8119999999537413,248.33203125,,853.15234375,0.0,0.0,,,0,32,"[0.6076957469940831, 0.9702785141243139, 0.005828324831753396, 0.18875137497062186, 0.10899740657881954]"
294,15.81584303701286,4.453507155718081,15.277628422068783,0.5382146149440753,0.8748080980044682,19.012206713635848,1.6435708738243848e-05,0.00016343323823434755,1.28125,2.0667790313240175,1.5288693436303902,3.5956483749544077,3.5956483749544077,248.33203125,,853.15234375,0.0,0.0,,,0,32,"[0.6077168977051887, 0.9704561336066946, 0.0058723612029018, 0.1877685100578945, 0.10899097787412769]"
295,15.796745616864833,4.454205486320783,15.26262865626848,0.5341169605963509,0.8747828261721246,18.972049518465525,1.405604003545946e-05,0.00017586427017610314,1.4375,2.3113173437820933,1.8273938124337974,4.138711156215891,4.138711156215891,248.33203125,,853.15234375,0.0,0.0,,,0,32,"[0.607733466866973, 0.9706355613255839, 0.005914918722361074, 0.186785820037966, 0.108984626587456]"
296,15.777692437754684,4.454928939493056,15.247644497865599,0.5300479398890849,0.8747573614765961,18.931913359479157,3.151745947979623e-05,0.00018086232020486523,1.375,2.5619948749522337,2.2058287500783536,4.767823625030587,4.767823625030587,248.33203125,,853.15234375,0.0,0.0,,,0,32,"[0.607745441983313, 0.9708168114985416, 0.005955155754596102, 0.18580329989225464, 0.10897829287609156]"
297,15.75882573564253,4.455664199267426,15.232832691109998,0.5259930445325304,0.8747317000368572,18.893641386259993,2.809531748493299e-05,0.00018070296918627893,1.40625,2.1922320000129503,2.0293667812580907,4.221598781271041,4.221598781271041,248.33203125,,853.15234375,0.0,0.0,,,0,32,"[0.6077527165321521, 0.9709999166268085, 0.005995090283634705, 0.18482106448802227, 0.10897209311767074]"
298,15.739980665158665,4.4563794978074425,15.218021215581857,0.5219594495768076,0.8747058405522572,18.856110385495374,1.4439995396742233e-05,0.00017967241003796492,1.4375,2.168083562509082,1.6050706875603282,3.7731542500694104,3.7731542500694104,248.33203125,,853.15234375,0.0,0.0,,,0,32,"[0.6077551952135407, 0.9711848868579177, 0.006038331391829094, 0.1838392946571109, 0.10896592258962456]"
299,15.721137106111236,4.457227536618523,15.203168843516472,0.517968262594764,0.8746797830919284,18.818542143065965,3.859015480450756e-05,0.0001732176392641075,1.34375,2.0784382500380616,1.4867364374850922,3.565174687523154,3.565174687523154,248.33203125,,853.15234375,0.0,0.0,,,0,32,"[0.6077529169278751, 0.9713717235381276, 0.006082596848227652, 0.1828579238088897, 0.10895970230233006]"
300,15.702352805430571,4.457946697509614,15.188360843971584,0.5139919614589855,0.8746535248448661,18.781784353276326,3.2265608042258975e-05,0.00016677539713482107,1.4375,2.030264468714904,1.4493475625130259,3.47961203122793,3.47961203122793,248.33203125,,853.15234375,0.0,0.0,,,0,32,"[0.6077458152718161, 0.9715604506612034, 0.006128594687620891, 0.18187701629030645, 0.10895367915906988]"
301,15.683745110140304,4.458647412568742,15.173699232806959,0.5100458773333463,0.874627064955714,18.746795362333287,3.751185947051261e-05,0.00015222417019521695,1.4375,2.0248654999903692,1.488815125014753,3.5136806250051222,3.5136806250051222,248.33203125,,853.15234375,0.0,0.0,,,0,32,"[0.6077338864843723, 0.9717510767499059, 0.006175552777002716, 0.18089656816319763, 0.1089476953286497]"
302,15.665207077832644,4.459198127482126,15.159092929958792,0.5061141478738502,0.8746004031630608,18.712136627184492,1.5530601495061802e-05,0.00013407854341300707,1.5,2.0998031563266295,1.5164642811100748,3.6162674374367043,3.6162674374367043,248.33203125,,853.15234375,0.0,0.0,,,0,32,"[0.6077170957561708, 0.9719436042045817, 0.006224857999727803, 0.17991667778093745, 0.10894177211933599]"
303,15.646654213378277,4.4598601985065836,15.144424735952771,0.5022294774255055,0.8745735371537943,18.678005314739732,3.650489086737263e-05,0.00011345177499965748,1.4375,2.3074116874965966,1.7026565312363573,3.870639687477251,3.870639687477251,248.33203125,,853.15234375,0.0,0.0,,,0,32,"[0.6076954050635696, 0.9721380538003656, 0.006276321823742268, 0.1789373748283179, 0.10893576625866767]"
304,15.62812225672607,4.460425081087056,15.129777556036988,0.49834470068908154,0.874546466427326,18.644335116138393,1.4724873313998188e-05,0.00010718841731770118,1.34375,2.2914352500293944,1.9791111250242466,4.240566156298087,4.240566156298087,248.33203125,,853.15234375,0.0,0.0,,,0,32,"[0.6076688175430275, 0.9723344302725104, 0.006329057128296102, 0.17795864370814954, 0.10892995532010913]"
305,15.609563028084654,4.460956164341421,15.115059801769315,0.49450322631534044,0.8745191906256232,18.645496359004408,1.4971833614207952e-05,0.00010070444352695994,1.34375,2.1441160312605234,1.678383031219255,3.8224990624797783,3.8224990624797783,248.33203125,,853.15234375,0.0,0.0,,,0,32,"[0.6076373655838156, 0.9725327380164426, 0.006381105785632886, 0.17698041000499376, 0.10892407550396697]"
306,15.590965977496195,4.461615093819476,15.100377799257835,0.4905881782383611,0.8744917981909257,18.59985006174726,1.4674647105916705e-05,0.0001112223405390711,1.34375,2.162055656242501,1.7355176562858787,3.8975733125283796,3.8975733125283796,248.33203125,,853.15234375,0.0,0.0,,,0,32,"[0.6076031888024328, 0.9727322784608776, 0.006377658660652745, 0.17600113986202426, 0.10891827351578755]"
307,15.572353700259054,4.4621459243349655,15.085616078532713,0.4867376217263402,0.8744641663172386,18.562764713142137,1.4771178201922197e-05,0.00011444972532716855,1.375,2.1632706874754604,1.7037029062692,3.8669735937446603,3.8669735937446603,248.33203125,,853.15234375,0.0,0.0,,,0,32,"[0.6075634330564708, 0.9729340149626213, 0.006392572611280362, 0.17502263811966645, 0.10891246156201896]"
308,15.553785987227773,4.462644000339351,15.070841777158357,0.4829442100694163,0.8744363091066527,18.52862585282146,0.000126489780035266,0.00011575805598788864,1.25,2.0600259375100904,1.5096984061955254,3.569724343705616,3.569724343705616,248.33203125,,853.15234375,0.0,0.0,,,0,32,"[0.6075182830066288, 0.9731378443618917, 0.006419565784098099, 0.17404506278777493, 0.10890672674809503]"
309,15.535299089058949,4.462931310959123,15.056134876868454,0.47916421219049576,0.8744082309325212,18.49663802023669,0.00013056502560471195,0.0001060591385863898,1.25,2.2353674999919804,2.143653406264434,4.3790209062564145,4.3790209062564145,248.33203125,,853.15234375,0.0,0.0,,,0,32,"[0.6074678380876207, 0.9733437370812752, 0.006453990411652511, 0.17306841066456097, 0.10890133476418475]"
310,15.51684867563232,4.463206411892143,15.041429649693981,0.4754190259383355,0.8743799338231102,18.466911488036118,0.0001266490768286055,0.00010296253526650116,1.25,2.2422674375093266,2.043462656232009,4.272119156226495,4.272119156226495,248.33203125,,853.15234375,0.0,0.0,,,0,32,"[0.6074121438297988, 0.9735516798539787, 0.006493780794032486, 0.17209268218094423, 0.10889598643219693]"
311,15.498414170693781,4.463439286019092,15.026709407807488,0.4717047628862939,0.8743514209289832,18.438460420082954,0.00012005645849719193,0.00010102822516074516,1.25,2.136451718726562,1.839308843756271,3.975760562482833,3.975760562482833,248.33203125,,853.15234375,0.0,0.0,,,0,32,"[0.607351271818678, 0.9737616482368769, 0.00653694809197695, 0.17111784051667667, 0.10889067696504554]"
312,15.480017844012586,4.463691198062068,15.012000272624867,0.46801757138771766,0.8743226931478744,18.411209502609633,0.00011154054552031667,9.890210995452942e-05,1.25,2.01992846869814,1.662397375071123,3.682325843769263,3.682325843769263,248.33203125,,853.15234375,0.0,0.0,,,0,32,"[0.6072852590541212, 0.9739736361951516, 0.006581834415847848, 0.1701438482779349, 0.10888540844891005]"
313,15.461819985423546,4.463546904395198,14.997403003489346,0.464416981934199,0.874293750311299,18.386318306205567,0.0005193435835358085,0.00010012274247718419,1.5,2.0556011875498825,1.5508256562100087,3.606426843759891,3.606426843759891,248.33203125,,853.15234375,0.0,0.0,,,0,32,"[0.607214095290375, 0.9741876460798161, 0.006628320078670563, 0.16917073612962466, 0.10888018179048292]"
314,15.44348251956903,4.463657711193908,14.982715608737896,0.4607669108311353,0.874264592642194,18.361106794634587,0.0003600715578059299,9.520495357241818e-05,1.40625,2.0083816874745253,1.5494042188066715,3.5577859062811967,3.5577859062811967,248.33203125,,853.15234375,0.0,0.0,,,0,32,"[0.6071377094734771, 0.9744036750792595, 0.006679760146158269, 0.16819871298819608, 0.10887553309599049]"
315,15.425138869280254,4.463731516248402,14.967999675922062,0.4571391933581901,0.874235220124748,18.336721412077768,0.00018243392690348026,9.14156018873402e-05,1.3125,1.9821751250361785,1.556983062442896,3.5391581874790745,3.5391581874790745,248.33203125,,853.15234375,0.0,0.0,,,0,32,"[0.6070562021771304, 0.974621726719602, 0.006730774216107374, 0.16722753636617818, 0.10887067755283335]"
316,15.406754228910138,4.463832449427419,14.953203944075726,0.4535502848344105,0.8742056321575723,18.31258262074112,0.00011115407402262356,9.163112355715664e-05,1.21875,1.9851403125130673,1.9152431250262225,3.90038343753929,3.90038343753929,248.33203125,,853.15234375,0.0,0.0,,,0,32,"[0.6069695669973063, 0.9748418070977766, 0.0067807404911080504, 0.1662572083386826, 0.10886559196746969]"
317,15.388461775562716,4.463787926923017,14.938444770180732,0.45001700538198397,0.874175826884328,18.289616759253544,0.00027605307078090724,8.842768349352821e-05,1.28125,1.9236906562127842,1.9545225000143773,3.8782131562271616,3.8782131562271616,248.33203125,,853.15234375,0.0,0.0,,,0,32,"[0.606877771018933, 0.9750639326252343, 0.006829307656842962, 0.165287750202729, 0.10886050262055491]"
318,15.370193533796801,4.46377553573246,14.923669099452715,0.44652443434408706,0.8741458027362408,18.267043418146685,0.0005261405424774879,8.587629334923993e-05,1.28125,1.828080500004603,1.5986670937451208,3.426747593749724,3.426747593749724,248.33203125,,853.15234375,0.0,0.0,,,0,32,"[0.6067807308233669, 0.975288116413409, 0.006878828690680757, 0.16431932363184493, 0.1088557619900631]"
319,15.351939617565817,4.463740567050929,14.908872457581733,0.4430671599840835,0.8741155584300906,18.245176426918306,0.0008511228363128065,8.571503163545592e-05,1.21875,1.8338114687566076,1.661744718717273,3.4955561874738805,3.4955561874738805,248.33203125,,853.15234375,0.0,0.0,,,0,32,"[0.6066784507029436, 0.9755143699243336, 0.006928057369489638, 0.16335190071474168, 0.10885157123754992]"
320,15.333654085940454,4.463640965338659,14.894049383093689,0.43960470284676667,0.8740850928673864,18.224731769083665,0.000979887619467712,9.395740457194404e-05,1.15625,1.7095813437464358,1.4139096250147531,3.123490968761189,3.123490968761189,248.33203125,,853.15234375,0.0,0.0,,,0,32,"[0.6065709084931198, 0.9757427031177558, 0.0069768056112746194, 0.16238551047495867, 0.10884808709305126]"
321,15.315367388866122,4.4634573944191285,14.87923386705637,0.4361335218097521,0.8740544066579304,18.20566483265467,0.0008930002321367314,9.839093905008158e-05,1.125,1.8465426249463235,1.544520125037252,3.374645749985916,3.374645749985916,248.33203125,,853.15234375,0.0,0.0,,,0,32,"[0.6064581072268332, 0.9759731125665074, 0.007024538050220709, 0.1614201612734158, 0.10884494168322859]"
322,15.297076129799768,4.463337973490829,14.864364646458608,0.43271148334116133,0.874023499910349,18.187518897655476,0.0009723483827716317,0.00011203879842331318,1.0625,1.788921531243659,1.6386112187376511,3.42753274998131,3.42753274998131,248.33203125,,853.15234375,0.0,0.0,,,0,32,"[0.6063400340387892, 0.9762055990761327, 0.007071167122116683, 0.16045588740025274, 0.10884172107821681]"
323,15.279000022240533,4.4631188010692755,14.849711482242629,0.4292885399979025,0.8739923720405659,18.170893685348325,0.0008963863678658757,0.00010170401823093804,1.03125,1.7839036875244574,1.8042122499224433,3.5881159374469007,3.5881159374469007,248.33203125,,853.15234375,0.0,0.0,,,0,32,"[0.6062166746221236, 0.9764401679744955, 0.007116490773019811, 0.1594927171994074, 0.10883875171580001]"
324,15.260855822927589,4.462857503193397,14.834958315472868,0.425897507454724,0.8739610206832378,18.155081926860493,0.000838111084220633,9.879408072076569e-05,1.0,1.8180918438019944,1.9135197499906553,3.7316115937926497,3.7316115937926497,248.33203125,,853.15234375,0.0,0.0,,,0,32,"[0.6060878975973575, 0.9766768398254922, 0.007164557693230552, 0.15853090465759298, 0.1088357320422918]"
325,15.242780681000468,4.462436376276567,14.820278818910122,0.4225018620903458,0.8739294465451387,18.141001788461352,0.000562074080217162,8.936451536866163e-05,1.0,1.8876950625354993,1.7935299999862764,3.6812250625217757,3.6812250625217757,248.33203125,,853.15234375,0.0,0.0,,,0,32,"[0.605953752773335, 0.9769156099214011, 0.007213038277874257, 0.15757036603157992, 0.10883270081527914]"
326,15.22468185476794,4.462022896660471,14.805538105854437,0.4191437489135026,0.8738976500241874,18.128356527448723,0.00035312580635263324,8.104016619801711e-05,1.0,1.7600374062567425,1.6392875625115266,3.399324968768269,3.399324968768269,248.33203125,,853.15234375,0.0,0.0,,,0,32,"[0.6058142130818782, 0.9771564763635489, 0.007262826303019253, 0.15661118866797322, 0.10882924115462016]"
327,15.206568101023084,4.461590869486625,14.790744757891392,0.4158233431316899,0.8738656320830045,18.1167177608174,0.00021885572736143888,7.246991522205309e-05,1.0,1.7257277187354703,1.4911377187445396,3.21686543748001,3.21686543748001,248.33203125,,853.15234375,0.0,0.0,,,0,32,"[0.6056692866464674, 0.977399431735587, 0.0073135970025963596, 0.15565339058458275, 0.10882547511758961]"
328,15.188526397150246,4.461076336645521,14.775994421093088,0.4125319760571607,0.8738333926632854,18.10600231831035,0.0001040545515453295,6.486104537539573e-05,1.0,1.7088061249808106,1.557354593785476,3.2661607187662867,3.2661607187662867,248.33203125,,853.15234375,0.0,0.0,,,0,32,"[0.6055189684393463, 0.9776444772508796, 0.0073650119684348205, 0.15469699208887105, 0.10882153167605225]"
329,15.170489014793429,4.460542310415044,14.761228894486992,0.40926012030643727,0.8738009306296513,18.096793301888766,1.8786715470842097e-05,5.154127617409258e-05,1.0,1.7083886874615928,1.691330062499219,3.3997187499608117,3.3997187499608117,248.33203125,,853.15234375,0.0,0.0,,,0,32,"[0.6053632209841397, 0.9778916233153322, 0.007417620499600861, 0.15374206949671157, 0.10881744041045717]"
330,15.152447936458891,4.459948630710909,14.746443839008062,0.4060040974508299,0.8737682470136245,18.08894239453933,1.4789821354277422e-05,4.771592165210244e-05,1.0,1.722764437502633,1.7114682500505296,3.4342326875531626,3.4342326875531626,248.33203125,,853.15234375,0.0,0.0,,,0,32,"[0.6052020566914003, 0.97814086219713, 0.0074710385822205705, 0.15278863687125108, 0.10881310593209093]"
331,15.134375444147743,4.4592917085048445,14.731603820326367,0.4027716238213764,0.8737353428789953,18.082366130822834,1.4739462825374972e-05,5.2571321130050884e-05,1.0,1.79533009375632,1.7375791249349959,3.532909218691316,3.532909218691316,248.33203125,,853.15234375,0.0,0.0,,,0,32,"[0.6050355121916487, 0.9783921858742238, 0.0075240188910287486, 0.15183665478586195, 0.10880835883704694]"
332,15.116297240556094,4.458556947295859,14.716733079687334,0.3995641608687604,0.8737022188496502,18.077062801736957,1.4855926272705489e-05,5.702503988740295e-05,1.0,1.8330452500521233,1.8904541561681754,3.7234994062202986,3.7234994062202986,248.33203125,,853.15234375,0.0,0.0,,,0,32,"[0.6048635922114207, 0.978645590022578, 0.007576152703296866, 0.15088613651474533, 0.10880316847220853]"
333,15.0982206928868,4.457764212412294,14.701839680534261,0.3963810123525387,0.8736688752664444,18.032832457843416,1.4968000775272827e-05,6.243027205122516e-05,1.0,1.7137651875600568,1.6145459999421519,3.3283111875022087,3.3283111875022087,248.33203125,,853.15234375,0.0,0.0,,,0,32,"[0.6046862891952413, 0.9789010726535973, 0.007627420674179403, 0.14993712011209834, 0.10879753567807814]"
334,15.080160611190195,4.45687748409039,14.686935799560487,0.393224811629707,0.8736352225113936,18.02692431027545,1.9027067025945144e-05,6.012068073966599e-05,1.0,1.5925634062199379,1.4444692500887868,3.0370326563087247,3.0370326563087247,248.33203125,,853.15234375,0.0,0.0,,,0,32,"[0.6045022288248157, 0.9791593914142275, 0.0076788208699630775, 0.14899015062060522, 0.10879753567807814]"
335,15.062176835406142,4.455882039389195,14.672079715075768,0.390097120330372,0.8736013425096789,18.022547864926427,1.5171388688006715e-05,5.779997423277722e-05,1.0,1.5507292499989944,1.4504737187337469,3.0012029687327413,3.0012029687327413,248.33203125,,853.15234375,0.0,0.0,,,0,32,"[0.6043126098916904, 0.9794198558398908, 0.007730620485372851, 0.14804488888806355, 0.10879753567807814]"
336,15.044176971787307,4.4548567106079595,14.657179014206136,0.38699795758117045,0.8735672357148613,18.019740572883062,1.526564424025878e-05,5.518343022254632e-05,1.0,1.6578889687508536,1.5922233125422736,3.250112281293127,3.250112281293127,248.33203125,,853.15234375,0.0,0.0,,,0,32,"[0.6041174251658266, 0.9796824627873766, 0.0077831498033786375, 0.14710139475206085, 0.10879753567807814]"
337,15.026153778060833,4.453759232990763,14.642228170305625,0.3839256077552092,0.8735329035484988,18.018363637296925,1.5354376864173958e-05,5.545522035297562e-05,1.0,1.5598116250430394,1.5781125311917776,3.137924156234817,3.137924156234817,248.33203125,,853.15234375,0.0,0.0,,,0,32,"[0.603916695702107, 0.9799472009835234, 0.007835928616314464, 0.14615967517235526, 0.10879753567807814]"
338,15.008139038836633,4.45257368418446,14.627259263678713,0.3808797751579213,0.8734983470382849,18.01846615666821,1.5364404593043446e-05,5.551737761034729e-05,1.0,1.6343179374871397,1.7742507187250567,3.4085686562121964,3.4085686562121964,248.33203125,,853.15234375,0.0,0.0,,,0,32,"[0.6037104296966259, 0.9802140625693341, 0.007888700284075595, 0.1452197526329494, 0.10879753567807814]"
339,14.990114900886432,4.451302744975814,14.612253555831252,0.37786134505517865,0.8734635669510059,18.019860592945466,1.499516361880282e-05,5.843786562025453e-05,1.0,1.7014884687256426,1.737792093777557,3.4392805625031997,3.4392805625031997,248.33203125,,853.15234375,0.0,0.0,,,0,32,"[0.603498619591079, 0.9804830419037618, 0.007941748086539044, 0.14428168412399453, 0.10879753567807814]"
340,14.972044984709505,4.450010684963692,14.597176813161132,0.37486817154837404,0.8734285641222395,18.02262576107401,1.9198844877443833e-05,6.291910393552495e-05,1.0,1.9043996249905604,1.8997891874761308,3.804188812466691,3.804188812466691,248.33203125,,853.15234375,0.0,0.0,,,0,32,"[0.6032812813966024, 0.9807541326444671, 0.007994504071036601, 0.14334547329003391, 0.10879753567807814]"
341,14.953976346237855,4.448625814709481,14.58207547955179,0.3719008666860658,0.8733933393936647,18.026704142372807,1.757940231872368e-05,6.771791891816197e-05,1.0,1.6612706562995072,1.796907968667938,3.458178624967445,3.458178624967445,248.33203125,,853.15234375,0.0,0.0,,,0,32,"[0.6030584149450107, 0.9810273285913655, 0.008046850661447903, 0.14241115302704832, 0.10879753567807814]"
342,14.935890424626269,4.447148471248746,14.566931684241407,0.36895874038486187,0.8733578932787378,18.032229958317824,1.760548799101258e-05,7.473210552806899e-05,1.0,1.710837250016084,1.8172742812225806,3.5281115312386646,3.5281115312386646,248.33203125,,853.15234375,0.0,0.0,,,0,32,"[0.6028300199594837, 0.9813026261945549, 0.008098680191660788, 0.1414787579069076, 0.10879753567807814]"
343,14.91783223899218,4.445670134904589,14.551790200122548,0.36604203886963216,0.8733222268156067,18.039301012330753,1.767678518538318e-05,7.334589553009791e-05,1.0,1.70891390624206,1.4900106562265591,3.198924562468619,3.198924562468619,248.33203125,,853.15234375,0.0,0.0,,,0,32,"[0.6025960950113087, 0.9815800175165377, 0.008150130011383486, 0.1405483353743126, 0.10879753567807814]"
344,14.899774622008586,4.444131653762998,14.536621849184606,0.36315277282397845,0.8732863405279012,18.047841682765362,1.718442620202154e-05,7.414567702001384e-05,1.0,1.717983437544035,1.6750695624949685,3.3930530000390036,3.3930530000390036,248.33203125,,853.15234375,0.0,0.0,,,0,32,"[0.6023566179612533, 0.9818594989934037, 0.008201961534395482, 0.1396199742701038, 0.10879753567807814]"
345,14.881681202994447,4.44254914948955,14.521390623754364,0.3602905792400818,0.8732502354583034,18.058002761156935,1.468471927656978e-05,7.783399079370324e-05,1.0,1.7420945937516308,1.8757196875043292,3.61781428125596,3.61781428125596,248.33203125,,853.15234375,0.0,0.0,,,0,32,"[0.6021116001426874, 0.9821410624945314, 0.008253957747500217, 0.13869369965788522, 0.10879753567807814]"
346,14.863587916486866,4.440951474023231,14.506134162005994,0.35745375448087124,0.873213913418248,18.069708383815243,1.791176267307293e-05,7.88274305304106e-05,1.0,1.902117093706579,1.9072138438076536,3.8093309375142326,3.8093309375142326,248.33203125,,853.15234375,0.0,0.0,,,0,32,"[0.6018610669727666, 0.9824246933460923, 0.008305700177004232, 0.1377695192686747, 0.10879753567807814]"
347,14.845544296769772,4.439291102114007,14.490900262217913,0.35464403455185817,0.8731773754708865,18.23896627202263,1.800350634573178e-05,7.724045206361629e-05,1.0,1.8451749999712774,1.9446384063002142,3.7898134062714917,3.7898134062714917,248.33203125,,853.15234375,0.0,0.0,,,0,32,"[0.6016050151092327, 0.9827103833460014, 0.00835748315074884, 0.13684749042380978, 0.10879753567807814]"
348,14.827418862816376,4.437689805299261,14.475576290401289,0.35184257241508643,0.8731410824025345,18.253593238850186,1.8101933430436645e-05,7.577084707594861e-05,1.0,1.6530374062568853,1.6109679374949337,3.264005343751819,3.264005343751819,248.33203125,,853.15234375,0.0,0.0,,,0,32,"[0.601350720315041, 0.9829941676203261, 0.00840705221147345, 0.1359242658836724, 0.10879753567807814]"
349,14.809226839192192,4.436217130941156,14.460154713339744,0.3490721258524474,0.8731045768718977,18.26992160783524,1.8193500118890427e-05,6.866850923456595e-05,1.0,1.718215031331738,1.5094437499811875,3.227424750065211,3.227424750065211,248.33203125,,853.15234375,0.0,0.0,,,0,32,"[0.6010909125848569, 0.9832799820707926, 0.008458280452494492, 0.13500329590014254, 0.10879753567807814]"
350,14.791015343894173,4.434664913395168,14.444683953895966,0.34633138999820723,0.8730678603613367,18.28802195222916,1.831074462987914e-05,6.305185076858349e-05,1.0,1.7278732187264723,1.549219656183709,3.2770928749101813,3.2770928749101813,248.33203125,,853.15234375,0.0,0.0,,,0,32,"[0.6008255945320659, 0.9835678148527612, 0.008511621302754187, 0.13408464832126313, 0.10879753567807814]"
351,14.772779877333818,4.433024769823693,14.429160828934375,0.3436190483994407,0.8730309352520259,18.30777662685289,1.8432461155626356e-05,5.626744979496142e-05,1.0,1.6029117187059683,1.5258630938035367,3.128774812509505,3.128774812509505,248.33203125,,853.15234375,0.0,0.0,,,0,32,"[0.6005548091290462, 0.983857646272701, 0.008566444590793311, 0.13316831463716342, 0.10879753567807814]"
352,14.754483361679771,4.431310317160102,14.41354926478777,0.34093409689200327,0.8729938036489054,18.329193338810224,1.8556001232905572e-05,5.6556708156298824e-05,1.0,1.5742268749647792,1.5714260937329527,3.145652968697732,3.145652968697732,248.33203125,,853.15234375,0.0,0.0,,,0,32,"[0.600278593748547, 0.9841494589478524, 0.008622182581547974, 0.1322542885420309, 0.10879753567807814]"
353,14.736136568559605,4.429510137738037,14.397861427543313,0.33827514101629147,0.8729564678978171,18.352250766046,1.867997040871927e-05,5.460312946283667e-05,1.0,1.6332107187224665,1.872903781290347,3.5061145000128136,3.5061145000128136,248.33203125,,853.15234375,0.0,0.0,,,0,32,"[0.5999969937077377, 0.984443233377768, 0.008678046142236199, 0.1313425444639414, 0.10879753567807814]"
354,14.717749275413848,4.427619273195992,14.382108152044601,0.33564112336924523,0.8729189300229349,18.376879237627378,1.8800029055743295e-05,5.543092671730358e-05,1.0,1.647973156224225,1.6298467187425558,3.277819874966781,3.277819874966781,248.33203125,,853.15234375,0.0,0.0,,,0,32,"[0.5997100377074973, 0.9847389529187661, 0.00873367279171863, 0.13043308754749883, 0.10879753567807814]"
355,14.69933820338817,4.425643289913526,14.366305510992284,0.3330326923958863,0.8728811915885943,18.403258941877098,1.891014267751956e-05,5.344282140336995e-05,1.0,1.5999700937072703,1.5993111562835338,3.199281249990804,3.199281249990804,248.33203125,,853.15234375,0.0,0.0,,,0,32,"[0.5994177367756157, 0.9850366049775385, 0.008789094843772778, 0.12952595370220596, 0.10879753567807814]"
356,14.680908508698383,4.423618145670948,14.350458242606091,0.33045026609229267,0.8728432545797661,18.43155903716115,1.829514746010119e-05,5.4417133566298664e-05,1.0,1.5091960937354543,1.414169906226448,2.923365999961902,2.923365999961902,248.33203125,,853.15234375,0.0,0.0,,,0,32,"[0.5991201060348382, 0.9853361733231542, 0.008844487775207655, 0.12862118501817874, 0.10879753567807814]"
357,14.662445584770463,4.42151709591044,14.334551543777101,0.3278940409933603,0.8728051214773742,18.461693734223225,1.835479356104841e-05,5.5154530553274254e-05,1.0,1.5944496250028806,1.5034580937651754,3.097907718768056,3.097907718768056,248.33203125,,853.15234375,0.0,0.0,,,0,32,"[0.5988171748957508, 0.9856376373434234, 0.008899840359325678, 0.12771880579585268, 0.10879753567807814]"
358,14.64396534204521,4.419323347630163,14.318602472148818,0.3253628698963893,0.8727667946700101,18.493606028789646,1.841068642560728e-05,6.040361096307729e-05,1.0,1.6521233125388335,1.5961827186572464,3.24830603119608,3.24830603119608,248.33203125,,853.15234375,0.0,0.0,,,0,32,"[0.5985089787991623, 0.9859409771220884, 0.008954885278414964, 0.12681882235066633, 0.10879753567807814]"
359,14.625459187177777,4.41704340924137,14.302602283864907,0.3228569033128689,0.8727282761875064,18.527361974684506,1.8465476808948722e-05,5.8153327072604125e-05,1.0,1.6473939687955408,1.659626499957767,3.307020468753308,3.307020468753308,248.33203125,,853.15234375,0.0,0.0,,,0,32,"[0.5981955343024495, 0.986246175971232, 0.009009831539254253, 0.1259212772997738, 0.10879753567807814]"
360,14.606893169082408,4.414689450839455,14.28651661154339,0.3203765575390155,0.8726895683611009,18.56299958787237,1.8520210450123642e-05,6.338038518706098e-05,1.0,1.8265749687600419,1.8736389999531866,3.7002139687132285,3.7002139687132285,248.33203125,,853.15234375,0.0,0.0,,,0,32,"[0.5978768626546652, 0.9865532146138787, 0.009064865457687223, 0.12502620919027485, 0.10879753567807814]"
361,14.588287975620299,4.412236887908574,14.270367247734859,0.31792072788544135,0.8726506739597476,18.600522062296392,1.857225300705423e-05,6.367845482905227e-05,1.0,1.8377436251171275,2.4287574061219175,4.266501031239045,4.266501031239045,248.33203125,,853.15234375,0.0,0.0,,,0,32,"[0.5975530056176356, 0.9868620698580359, 0.009119648047712278, 0.12413361525933363, 0.10879753567807814]"
362,14.569615571462375,4.409705954931606,14.254124810197444,0.31549076126493025,0.8726115954348689,18.669145072589526,1.8621231549165174e-05,7.022857022328553e-05,1.0,1.741601656220837,1.7346734375109918,3.4762750937318287,3.4762750937318287,248.33203125,,853.15234375,0.0,0.0,,,0,32,"[0.5972239772600363, 0.9871727215105324, 0.009174638284626797, 0.12324355236012884, 0.10879753567807814]"
363,14.550906046557383,4.407156051936834,14.23787450628999,0.31303154026739305,0.8725724113495069,18.703698669753035,1.855046361676216e-05,7.518362669461129e-05,1.0,1.6818816250179225,1.7720059374681796,3.453887562486102,3.453887562486102,248.33203125,,853.15234375,0.0,0.0,,,0,32,"[0.5968920045356865, 0.9874844933764064, 0.009192061696049589, 0.12235344627730972, 0.10879753567807814]"
364,14.532151749386351,4.404525252326764,14.22153867488651,0.3106130744998413,0.8725330269509638,18.74312105256142,1.851139315389716e-05,7.6291104833458e-05,1.0,1.6890029062182066,1.6930994688237888,3.3821023750419954,3.3821023750419954,248.33203125,,853.15234375,0.0,0.0,,,0,32,"[0.5965543642269615, 0.9877981983370032, 0.009219799256448002, 0.12146641817890232, 0.10879753567807814]"
365,14.513409981291744,4.40181655394116,14.205179025672818,0.3082309556189258,0.8724934528889002,18.78620413611104,1.8495655182526605e-05,7.337082085264392e-05,1.0,1.6663747499592318,1.6798637187775967,3.3462384687368285,3.3462384687368285,248.33203125,,853.15234375,0.0,0.0,,,0,32,"[0.5962112500541004, 0.9881137481529292, 0.009255366201225754, 0.12058242950788324, 0.10879753567807814]"
366,14.494622460119398,4.399017583272937,14.188739494009177,0.3058829661102216,0.8724536965897626,18.832412077737768,1.8486585999344385e-05,6.982257330829164e-05,1.0,1.6663071875484547,1.6250346874642219,3.2913418750126766,3.2913418750126766,248.33203125,,853.15234375,0.0,0.0,,,0,32,"[0.5958627994515389, 0.9884310807402177, 0.009297255209172482, 0.11970144851056685, 0.10879753567807814]"
367,14.475781872847742,4.396123744930311,14.172215537758412,0.30356633508933156,0.8724137646319401,18.881244763542114,1.8412801027434256e-05,6.852115122802461e-05,1.0,1.7199544062549421,1.922983249997401,3.642937656252343,3.642937656252343,248.33203125,,853.15234375,0.0,0.0,,,0,32,"[0.5955091476871206, 0.9887501406329002, 0.009343698752692985, 0.11882339713868105, 0.10879753567807814]"
368,14.456885267274789,4.393137510124535,14.155606536664907,0.30127873060988075,0.8723736622702768,18.932361368874517,1.842716625910512e-05,6.468076530461174e-05,1.0,1.8143136875039545,1.970560343764305,3.7848740312682594,3.7848740312682594,248.33203125,,853.15234375,0.0,0.0,,,0,32,"[0.5951504025140247, 0.9890708832596524, 0.00939338276749041, 0.11794820712112022, 0.10879753567807814]"
369,14.437920781551663,4.390070706505578,14.138901495117162,0.29901928643450154,0.872333393779021,18.98578385655338,1.8261452148227164e-05,6.472647445389976e-05,1.0,2.203336406225276,1.6371436250466331,3.516328750023945,3.516328750023945,248.33203125,,853.15234375,0.0,0.0,,,0,32,"[0.594786646796945, 0.9893932723134212, 0.009445422253960849, 0.11707583164682618, 0.10879753567807814]"
370,14.41888749258581,4.3869227923100755,14.122101076775397,0.29678641581041076,0.8722929634446867,19.041371180985436,1.8329102034808642e-05,6.677132037245684e-05,1.0,1.7066520312454259,1.4541562812269149,3.1608083124723407,3.1608083124723407,248.33203125,,853.15234375,0.0,0.0,,,0,32,"[0.5944179653539553, 0.9897172711834311, 0.009498939396414425, 0.11620621412096156, 0.10879753567807814]"
371,14.399805158425888,4.3837154688475515,14.105226354095574,0.29457880433031447,0.87225237503877,19.132566341241883,1.8397430117111924e-05,6.675073608172949e-05,1.0,1.7228933437536398,1.9162197187370111,3.639113062490651,3.639113062490651,248.33203125,,853.15234375,0.0,0.0,,,0,32,"[0.5940444270037034, 0.9900428477073084, 0.009553352708876823, 0.11533931838362176, 0.10879753567807814]"
372,14.380671743685188,4.380494367968841,14.088277753295769,0.2923939903894195,0.8722117298101857,19.192512395729523,1.844673834616728e-05,6.546937010510259e-05,1.0,1.7124444374871928,1.6825113125236157,3.3949557500108085,3.3949557500108085,248.33203125,,853.15234375,0.0,0.0,,,0,32,"[0.5936677225481588, 0.9903691241071323, 0.00960770230928331, 0.11447405334617573, 0.10879753567807814]"
373,14.361472620050852,4.377192486710083,14.071237692829053,0.29023492722179894,0.8721709332218553,19.254617205106058,1.8211329395168008e-05,6.428520209568882e-05,1.0,1.5135382811735099,1.5492011563367214,3.0627394375102313,3.0627394375102313,248.33203125,,853.15234375,0.0,0.0,,,0,32,"[0.5932862562962873, 0.9906969210195564, 0.009663073284242481, 0.11361151828136946, 0.10879753567807814]"
374,14.342210343147215,4.373783680213335,14.054109898479613,0.2881004446676019,0.8721299888573905,19.318861050466527,1.8276492730784355e-05,6.236136659703193e-05,1.0,1.5395830312883163,1.7105613124357433,3.2501443437240596,3.2501443437240596,248.33203125,,853.15234375,0.0,0.0,,,0,32,"[0.592900086072686, 0.9910262079023527, 0.009719226427061436, 0.1127516988050993, 0.10879753567807814]"
375,14.32286951090074,4.370278314178048,14.036879383383827,0.28599012751691427,0.872088900178718,19.385283380592536,1.786085057009501e-05,6.163700472799357e-05,1.0,1.6661504687505158,1.8332750937020137,3.4994255624525294,3.4994255624525294,248.33203125,,853.15234375,0.0,0.0,,,0,32,"[0.5925092670987928, 0.9913569552488679, 0.009775949621056934, 0.11189458200927668, 0.10879753567807814]"
376,14.303451473945895,4.366678507907052,14.019548119149986,0.283903354795909,0.8720476707989347,19.45390642589973,1.7941203966476138e-05,6.200005040211585e-05,1.0,1.670438000033414,1.9917988437470058,3.66223684378042,3.66223684378042,248.33203125,,853.15234375,0.0,0.0,,,0,32,"[0.5921138587689585, 0.9916891322044772, 0.009832953854099515, 0.11104014579733631, 0.10879753567807814]"
377,14.283953224394613,4.362985265751121,14.002113192521957,0.2818400318726557,0.8720063043040531,19.524732152197167,1.798052688117835e-05,6.513354463019084e-05,1.0,1.5937941250001586,1.5217418437458718,3.1155359687460304,3.1155359687460304,248.33203125,,853.15234375,0.0,0.0,,,0,32,"[0.5917139159984331, 0.9920227081913969, 0.009890091604255665, 0.1101883781536904, 0.10879753567807814]"
378,14.264393142696466,4.359189403078554,13.98459350045729,0.2797996422391748,0.8719648042337834,19.597902447404262,1.8912993528186206e-05,6.4959357331192e-05,1.0,1.6368364687906478,1.6241551561932965,3.2609916249839443,3.2609916249839443,248.33203125,,853.15234375,0.0,0.0,,,0,32,"[0.5913094945562645, 0.9923576529759476, 0.009947188415486608, 0.10933926376648231, 0.10879753567807814]"
379,14.244744447373769,4.355293096020954,13.966962044737244,0.27778240263652415,0.8719231742343855,19.67336236397343,1.8776138234422035e-05,6.786991852612897e-05,1.0,1.5193520312237752,1.415403750030464,2.934755781254239,2.934755781254239,248.33203125,,853.15234375,0.0,0.0,,,0,32,"[0.5909006385634221, 0.9926939356021799, 0.010004533027574824, 0.10849282276565846, 0.10879753567807814]"
380,14.225017646900675,4.351297973474184,13.94922964702954,0.2757879998711337,0.8718814180617513,19.751181733411496,1.899172070984889e-05,6.863539699754276e-05,1.0,1.6599819687428408,1.4611390937915303,3.121121062534371,3.121121062534371,248.33203125,,853.15234375,0.0,0.0,,,0,32,"[0.5904874065624179, 0.9930315239489903, 0.010061977073173639, 0.10764903748309594, 0.10879753567807814]"
381,14.205203812442317,4.347208873861809,13.931387396592545,0.273816415849773,0.8718395394796857,19.831373995320103,1.7009477989660127e-05,7.042797322050169e-05,1.0,1.7272429687125168,1.5338166249989627,3.2610595937114795,3.2610595937114795,248.33203125,,853.15234375,0.0,0.0,,,0,32,"[0.5900698512165, 0.9933703859021438, 0.010119597650222563, 0.10680790730357499, 0.10879753567807814]"
382,14.185318826740318,4.343013373513675,13.91345149192476,0.2718673348155564,0.871797542298138,19.913980144006693,1.7339830943097212e-05,7.159015830899717e-05,1.0,1.8604710624998688,2.1680476250338643,4.028518687533733,4.028518687533733,248.33203125,,853.15234375,0.0,0.0,,,0,32,"[0.5896480289766497, 0.9937104888779755, 0.010177379625856874, 0.1059694222368685, 0.10879753567807814]"
383,14.165340241281582,4.338725387008737,13.895399313313888,0.26994092796769475,0.8717554302936176,19.998949071731776,1.7570439835967733e-05,7.347579540584631e-05,1.0,1.8126850312114584,2.2572213437825894,4.069906374994048,4.069906374994048,248.33203125,,853.15234375,0.0,0.0,,,0,32,"[0.5892219900848896, 0.9940518006594175, 0.010235521317425314, 0.10513358931441429, 0.10879753567807814]"
384,14.145303079372896,4.3343299561266235,13.87726629991595,0.2680367794569448,0.8717132072729376,20.086413567168456,1.7582104693492084e-05,7.171250212098403e-05,1.0,1.8474946562463401,1.7007265311974606,3.5482211874438008,3.5482211874438008,248.33203125,,853.15234375,0.0,0.0,,,0,32,"[0.5887917979570292, 0.9943942885197035, 0.010293812234247994, 0.10430037927624888, 0.10879753567807814]"
385,14.12518255273188,4.329843012637102,13.85902736300735,0.2661551897245298,0.8716708770177604,20.176311908965985,1.7604640012436334e-05,6.957784793172324e-05,1.0,1.7292707812543995,1.57015115628667,3.2994219375410694,3.2994219375410694,248.33203125,,853.15234375,0.0,0.0,,,0,32,"[0.5883574972480765, 0.994737920260807, 0.010352681829345053, 0.10346981652035235, 0.10879753567807814]"
386,14.104962203208963,4.325255074356896,13.840666352119554,0.264295851089409,0.8716284433639455,20.268647842156977,1.7625373575747005e-05,6.95396138201214e-05,1.0,1.7278551250115015,1.599312406227682,3.3271675312391835,3.3271675312391835,248.33203125,,853.15234375,0.0,0.0,,,0,32,"[0.587919148996932, 0.9950826629129381, 0.010412057717487235, 0.10264188064214229, 0.10879753567807814]"
387,14.084641068734493,4.320567590170425,13.822182588658643,0.2624584800758482,0.8715859102057149,20.363449750911762,1.764419852312571e-05,7.028719506232309e-05,1.0,1.6767429062980455,1.675906812465655,3.3526497187637005,3.3526497187637005,248.33203125,,853.15234375,0.0,0.0,,,0,32,"[0.5874768183475289, 0.9954284829307414, 0.010471748879375398, 0.10181653884804873, 0.10879753567807814]"
388,14.06421936312566,4.315787201393992,13.803576678751583,0.26064268437407784,0.8715432814226561,20.46076550057523,1.6937510551873203e-05,7.115619073564957e-05,1.0,1.7236157186886203,1.7260751563128451,3.4496908750014654,3.4496908750014654,248.33203125,,853.15234375,0.0,0.0,,,0,32,"[0.5870305689970823, 0.9957753468981215, 0.010531614451930259, 0.10099376122403236, 0.10879753567807814]"
389,14.043693375901501,4.31091297503933,13.784845059484896,0.25884831641660605,0.8715005608980869,20.560598329429485,1.7729721476289484e-05,7.278556948745108e-05,1.0,1.8373112187646257,1.907696312471785,3.7450075312364106,3.7450075312364106,248.33203125,,853.15234375,0.0,0.0,,,0,32,"[0.5865804625619616, 0.9961232213913895, 0.010591592695131111, 0.10017352336564066, 0.10879753567807814]"
390,14.023062478924984,4.30591348940379,13.765988118785813,0.25707436013917034,0.8714577524743592,20.662910228271492,1.876181667226362e-05,7.65158108711195e-05,1.0,1.8353705000322407,2.227104062512808,4.062474562545049,4.062474562545049,248.33203125,,853.15234375,0.0,0.0,,,0,32,"[0.5861265620726699, 0.9964720732808634, 0.01065156853823689, 0.09935579504689723, 0.10879753567807814]"
391,14.002322453519714,4.300806134185304,13.747000789379978,0.2553216641397369,0.8714148598062759,20.767812383655656,1.8841127480406783e-05,7.634953842052707e-05,1.0,1.8323661874717345,1.8237562500473814,3.656122437519116,3.656122437519116,248.33203125,,853.15234375,0.0,0.0,,,0,32,"[0.5856689183779589, 0.9968218712615337, 0.010711687594663549, 0.09854057156804945, 0.10879753567807814]"
392,13.981493736973889,4.295612355990234,13.727903941874544,0.2535897950993451,0.8713718867997453,20.91131395620953,1.8922269787946533e-05,7.73165310625398e-05,1.0,1.7672439999927292,2.06058046870794,3.827824468700669,3.827824468700669,248.33203125,,853.15234375,0.0,0.0,,,0,32,"[0.5852075954376328, 0.9971725816202303, 0.010771863718528287, 0.09772782177681703, 0.10879753567807814]"
393,13.960561119814136,4.2903587232560865,13.708685359533558,0.25187576028057757,0.8713289320566104,21.021951500423707,1.9000228726362423e-05,7.82165483005031e-05,1.0,1.7022114374753983,1.6661227500236464,3.3683341874990447,3.3683341874990447,248.33203125,,853.15234375,0.0,0.0,,,0,32,"[0.5847443008266769, 0.9975233442717251, 0.010831470020837522, 0.09691617483725487, 0.10879753567807814]"
394,13.939492460859977,4.285043096602639,13.689308119958895,0.2501843409010834,0.8712859048008454,21.135049862437924,1.9077777418718966e-05,7.696828107651096e-05,1.0,1.7199465000174996,1.517952437495751,3.2378989375132505,3.2378989375132505,248.33203125,,853.15234375,0.0,0.0,,,0,32,"[0.5842774357135218, 0.997874952008502, 0.010891714726757134, 0.09610699034595148, 0.10879753567807814]"
395,13.91830115904568,4.279631359119505,13.669787362272196,0.24851379677348398,0.8712428085323958,21.250845499075925,1.8579525095763216e-05,7.811423643894913e-05,1.0,1.5457323437004789,1.5936593437686497,3.1393916874691286,3.1393916874691286,248.33203125,,853.15234375,0.0,0.0,,,0,32,"[0.5838070608618237, 0.998227374537896, 0.010952429799531883, 0.09530023168339904, 0.10879753567807814]"
396,13.89699193000168,4.274119495078901,13.650128152684982,0.24686377731669745,0.8711996471228196,21.369359642307106,1.8687285911145324e-05,7.858318417263952e-05,1.0,1.6022140625722159,2.030213281301485,3.632427343873701,3.632427343873701,248.33203125,,853.15234375,0.0,0.0,,,0,32,"[0.5833332419286698, 0.9985805783503415, 0.011013481506959738, 0.09449585902444115, 0.10879753567807814]"
397,13.875562862939727,4.268490594936488,13.630328641203743,0.2452342217359854,0.8711564243203597,21.490627124354184,2.1343630418613202e-05,8.038799043579337e-05,1.0,1.6774614375094643,1.6794432812616833,3.3569047187711476,3.3569047187711476,248.33203125,,853.15234375,0.0,0.0,,,0,32,"[0.5828560400607957, 0.9989345310449788, 0.011074830372183006, 0.09369384145356603, 0.10879753567807814]"
398,13.854016577124526,4.262743151224178,13.610392331527525,0.2436242455969999,0.8711131439445464,21.614685398560503,2.1446698851512735e-05,8.021460563512712e-05,1.0,1.801695562534178,1.9783724374491385,3.7800679999833164,3.7800679999833164,248.33203125,,853.15234375,0.0,0.0,,,0,32,"[0.5823755180623335, 0.9992891995744941, 0.011136434365986514, 0.09289414539185716, 0.10879753567807814]"
399,13.832338073640301,4.2568780281034275,13.590304105829883,0.24203396781041833,0.8710698097535211,21.741553810177646,1.67289580774721e-05,7.765164186546232e-05,1.0,1.9576353437713578,1.611601812513186,3.568670625028858,3.568670625028858,248.33203125,,853.15234375,0.0,0.0,,,0,32,"[0.5818917320693822, 0.9996445515484622, 0.011198426877407373, 0.09209675400981897, 0.10879753567807814]"
400,13.810517092857154,4.25091898533936,13.570053220150609,0.24046387270654745,0.8710264255629176,22.144155043504096,1.5995706544646993e-05,8.176139949258907e-05,1.0,1.7078433749162514,1.5798902500989698,3.287733625015221,3.287733625015221,248.33203125,,853.15234375,0.0,0.0,,,0,32,"[0.581404744478305, 1.0000005539489263, 0.011260770996851624, 0.09130163226582533, 0.10879753567807814]"
401,13.78857112892712,4.244925587589791,13.549714115888104,0.2388570130390161,0.87098411936051,22.270166485694734,1.599513008221365e-05,7.908689765128671e-05,1.0,1.6730328124765492,1.601482343815519,3.2745151562920682,3.2745151562920682,248.33203125,,853.15234375,0.0,0.0,,,0,32,"[0.5809347753090586, 1.0003473477011615, 0.011300111290556122, 0.09049088235700045, 0.10879753567807814]"
402,13.766234247197273,4.239194195390526,13.528957762913794,0.2372764842834792,0.8709417443765628,22.399872059200632,1.6016332287538404e-05,8.112790515752329e-05,1.0,1.740229875025534,1.686645562472222,3.426875437497756,3.426875437497756,248.33203125,,853.15234375,0.0,0.0,,,0,32,"[0.580461142832372, 1.0006949568577839, 0.011344927668047594, 0.0896829023797927, 0.10879753567807814]"
403,13.74377332663797,4.233333175899693,13.508051521540029,0.2357218050979413,0.8708993064954944,22.533317995355738,1.7550892911444294e-05,7.982639474621447e-05,1.0,1.7636082187522106,1.7980345312622603,3.561642750014471,3.561642750014471,248.33203125,,853.15234375,0.0,0.0,,,0,32,"[0.5799839691752531, 1.0010433305102329, 0.011394192399491562, 0.08887759865729618, 0.10879753567807814]"
404,13.721182798543069,4.2273500680471905,13.48699089838545,0.2341919001576187,0.8708568115003081,22.670330729385185,1.7563937515951977e-05,7.82856131583119e-05,1.0,1.817154093686213,1.7129813750926814,3.5301354687788944,3.5301354687788944,248.33203125,,853.15234375,0.0,0.0,,,0,32,"[0.5795033698961485, 1.0013924184516185, 0.01144716758763532, 0.08807488104097999, 0.10879753567807814]"
405,13.698455738781105,4.221224471448422,13.46576982699036,0.23268591179074385,0.8708142646213879,22.81077338320148,1.7582765370782738e-05,7.478516490580828e-05,1.0,1.8214994062475398,1.9014833437864809,3.7229827500340207,3.7229827500340207,248.33203125,,853.15234375,0.0,0.0,,,0,32,"[0.5790194497421288, 1.0017421751653448, 0.011503222990126263, 0.08727466274726976, 0.10879753567807814]"
406,13.675583564880238,4.214955914137457,13.444380504268082,0.23120306061215645,0.8707716706823012,22.954605206828106,1.7606249202994917e-05,7.524654810582077e-05,1.0,1.746329968781879,1.6687247187547882,3.415054687536667,3.415054687536667,248.33203125,,853.15234375,0.0,0.0,,,0,32,"[0.5785323049401512, 1.0020925586085156, 0.011561815274497081, 0.08647686056071595, 0.10879753567807814]"
407,13.652558193101749,4.208536665840341,13.422815439297684,0.22974275380406406,0.8707290342621496,23.10179597996689,1.7635110437286272e-05,7.542518400770608e-05,1.0,1.7169454062724299,1.5408423750074007,3.2577877812798306,3.2577877812798306,248.33203125,,853.15234375,0.0,0.0,,,0,32,"[0.5780420243744737, 1.0024435288689555, 0.011622515294792642, 0.08568139821041777, 0.10879753567807814]"
408,13.62938428626533,4.201979193076224,13.401079825121545,0.22830446114378528,0.8706863597445292,23.26924635105076,1.766830570959499e-05,7.431310358302226e-05,1.0,1.7146779063352824,1.731761687452149,3.4464395937874315,3.4464395937874315,248.33203125,,853.15234375,0.0,0.0,,,0,32,"[0.5775486918768435, 1.0027950477298126, 0.011684956686390939, 0.08488820302015311, 0.10879753567807814]"
409,13.60605059816225,4.195311013322961,13.379178908841727,0.22687168932052365,0.8706436802897813,23.421160773171703,1.7656499483820198e-05,7.220427584554519e-05,1.0,1.7555100624946363,1.6805032812783338,3.43601334377297,3.43601334377297,248.33203125,,853.15234375,0.0,0.0,,,0,32,"[0.5770535047399015, 1.0031468119560512, 0.011731331893296266, 0.0840951702536608, 0.10879753567807814]"
410,13.582560500370402,4.1885318916684415,13.357096316804435,0.22546418356596698,0.8706009641708974,23.576988271239873,1.765609533688206e-05,7.289376221185714e-05,1.0,1.6829732812340126,1.606122687562106,3.2890959687961185,3.2890959687961185,248.33203125,,853.15234375,0.0,0.0,,,0,32,"[0.5765552035737018, 1.0034991138515361, 0.011782044196794485, 0.08330459604178969, 0.10879753567807814]"
411,13.558909956113483,4.181610771194255,13.334829587446993,0.22408036866649075,0.8705582167321112,23.77523906861133,1.7662807468177277e-05,7.331313829440835e-05,1.0,1.6726409687208843,1.9807796875142003,3.6534206562350846,3.6534206562350846,248.33203125,,853.15234375,0.0,0.0,,,0,32,"[0.5760538937841224, 1.003851906932292, 0.011836521981323275, 0.08251639701360237, 0.10879753567807814]"
412,13.535068667112204,4.1746080349507855,13.312350136269194,0.22271853084301035,0.8705155256821543,23.939530338763376,1.7678420346722845e-05,7.126333460933531e-05,1.0,1.6796814374657743,1.9388989063031659,3.61858034376894,3.61858034376894,248.33203125,,853.15234375,0.0,0.0,,,0,32,"[0.5755511296985607, 1.0042044246966837, 0.011893727372315595, 0.08172919497898928, 0.10879753567807814]"
413,13.511053487195802,4.167507975687385,13.289673556805047,0.2213799303907553,0.8704728139118084,24.107415299772423,1.7698017700684687e-05,7.188251599154352e-05,1.0,1.736535187532695,1.811207718688479,3.5187714062203668,3.5187714062203668,248.33203125,,853.15234375,0.0,0.0,,,0,32,"[0.5750455690799329, 1.0045573410323576, 0.01195361934920797, 0.08094416537954026, 0.10879753567807814]"
414,13.486863888574781,4.160263858671706,13.266800581256495,0.22006330731828574,0.8704300855345479,24.27903150789281,1.7723366786182027e-05,6.954177507120666e-05,1.0,1.5609998750250043,1.609887499995466,3.1708873750204702,3.1708873750204702,248.33203125,,853.15234375,0.0,0.0,,,0,32,"[0.5745372936745826, 1.0049106199880389, 0.012015813496916746, 0.08016123372238267, 0.10879753567807814]"
415,13.46250521632573,4.15287603332386,13.243736878875538,0.2187683374501934,0.8703873447885643,24.454392189470695,1.7750591674303706e-05,7.076269104463132e-05,1.0,1.6628988437332737,1.6107298750540622,3.271655968774212,3.271655968774212,248.33203125,,853.15234375,0.0,0.0,,,0,32,"[0.5740263871371366, 1.005264224491014, 0.012079931783696141, 0.07938031937959526, 0.10879753567807814]"
416,13.437971948074079,4.145340023142667,13.220477226958588,0.21749472111549184,0.8703445957041241,24.63352116229066,1.7778856719274927e-05,6.910728077603303e-05,1.0,1.6569943437048096,1.4556489687578278,3.1126433124626374,3.1126433124626374,248.33203125,,853.15234375,0.0,0.0,,,0,32,"[0.5735129252094515, 1.0056181193512232, 0.012145751638133983, 0.07860135659261681, 0.10879753567807814]"
417,13.413253674506066,4.137653144721532,13.197011490135523,0.21624218437054404,0.8703018422036174,24.816450038644994,1.8308226213736845e-05,6.825571616969691e-05,1.0,1.7232295938072184,1.6714163749753652,3.3946459687825836,3.3946459687825836,248.33203125,,853.15234375,0.0,0.0,,,0,32,"[0.5729969812405845, 1.005972270313787, 0.01221307114185851, 0.07782428066252808, 0.10879753567807814]"
418,13.388347863467324,4.129810775967346,13.17333744898104,0.21501041448628194,0.8702590881224059,25.003225655630644,1.810109425193218e-05,6.895201635928831e-05,1.0,1.7976467812275132,1.781000156228174,3.5668214999589054,3.5668214999589054,248.33203125,,853.15234375,0.0,0.0,,,0,32,"[0.5724786271114786, 1.0063266438684582, 0.01228168470950552, 0.07704902550522612, 0.10879753567807814]"
419,13.36324978745105,4.12180690002312,13.149450452997282,0.21379933445376878,0.8702163372021386,25.19387463495614,1.829777139983335e-05,7.150976503327132e-05,1.0,1.848245500042367,1.8594353749392667,3.7076808749816337,3.7076808749816337,248.33203125,,853.15234375,0.0,0.0,,,0,32,"[0.5719579313605452, 1.0066812073541391, 0.012351444743992196, 0.07627553070422871, 0.10879753567807814]"
420,13.337954043553296,4.11364523015348,13.125345292216153,0.21260875133714408,0.8701735930749518,25.38848689933863,1.8501549768679126e-05,6.994853215977933e-05,1.0,1.8454244999901448,2.191685375009911,4.037109875000056,4.037109875000056,248.33203125,,853.15234375,0.0,0.0,,,0,32,"[0.5714349602180242, 1.007035929067259, 0.012422218738514207, 0.0755037375117018, 0.10879753567807814]"
421,13.31246062472695,4.105323231494797,13.101021978039572,0.21143864668737833,0.8701308593689415,25.587122000762605,1.8717698892611878e-05,7.265244144314531e-05,1.0,1.7315017187655712,1.7121263437616108,3.443628062527182,3.443628062527182,248.33203125,,853.15234375,0.0,0.0,,,0,32,"[0.5709097786087853, 1.00739077736699, 0.012493908737135703, 0.07473358979496622, 0.10879753567807814]"
422,13.286766156725063,4.096838063153945,13.076477209213804,0.21028894751125884,0.8700881396327459,25.7898490505469,1.7973996345510557e-05,7.507279122588993e-05,1.0,1.7042082500324796,1.591960249982094,3.2961685000145735,3.2961685000145735,248.33203125,,853.15234375,0.0,0.0,,,0,32,"[0.5703824488839107, 1.0077457213313543, 0.012566462936296204, 0.07396503658821404, 0.10879753567807814]"
423,13.260869626632392,4.088186889773518,13.051709897390154,0.20915972924223658,0.870045437375626,25.996737206881885,1.800270057117359e-05,7.493632718868098e-05,1.0,1.7474608749807885,1.7728510937757846,3.520311968756573,3.520311968756573,248.33203125,,853.15234375,0.0,0.0,,,0,32,"[0.5698530321815554, 1.0081007303935192, 0.012639846850152004, 0.07319802855550822, 0.10879753567807814]"
424,13.234765089828379,4.079370234089191,13.026714035867657,0.20805105396072188,0.8700027560579389,26.23392778797533,2.048589951275659e-05,7.432816378465168e-05,1.0,1.7332810624566264,1.818018156328094,3.5512992187847203,3.5512992187847203,248.33203125,,853.15234375,0.0,0.0,,,0,32,"[0.5693215875806262, 1.0084557744453515, 0.012714065308787421, 0.07243252089532472, 0.10879753567807814]"
425,13.208450733000385,4.070385699865576,13.001489477809335,0.20696125519104935,0.8699601868067891,26.4531697763229,1.9634044106986437e-05,7.537095364542503e-05,1.0,1.7637237187528854,1.9653506250136843,3.7290743437665697,3.7290743437665697,248.33203125,,853.15234375,0.0,0.0,,,0,32,"[0.5687897357601881, 1.008810055908384, 0.012788591870997706, 0.07166697267504503, 0.10879753567807814]"
426,13.181896936165806,4.061270292282142,12.97601207615627,0.20588486000953704,0.8699176543931618,26.672046906947482,1.9887341876856368e-05,7.337017432521579e-05,1.0,1.8304524999734895,1.8289417187702384,3.659394218743728,3.659394218743728,248.33203125,,853.15234375,0.0,0.0,,,0,32,"[0.568256479285493, 1.0091642233068283, 0.012855306731845175, 0.07090162823401397, 0.10879753567807814]"
427,13.15511942548646,4.051974417818213,12.95028899420937,0.2048304312770892,0.8698751489548167,26.895542192222294,2.2521597808022875e-05,7.343980953397177e-05,1.0,1.8490540311830728,2.1078776250504916,3.9569316562335644,3.9569316562335644,248.33203125,,853.15234375,0.0,0.0,,,0,32,"[0.5677212425235663, 1.0095183748054932, 0.012924316627556488, 0.07013786389930761, 0.10879753567807814]"
428,13.128110673030303,4.042491732096761,12.924312626839352,0.2037980461909496,0.8698326743227088,27.16830791147894,2.284007773889485e-05,7.250905628429117e-05,1.0,1.6569190938184875,1.4845561874921032,3.1414752813105906,3.1414752813105906,248.33203125,,853.15234375,0.0,0.0,,,0,32,"[0.5671840993024213, 1.0098724768660299, 0.012995394892833119, 0.06937560621918429, 0.10879753567807814]"
429,13.100838087977529,4.032891822624763,12.898050835094246,0.2027872528832823,0.869790311718001,27.402624967516683,2.3199904954918082e-05,7.287330824821937e-05,1.0,1.603596187464973,1.6020620313383915,3.2056582188033644,3.2056582188033644,248.33203125,,853.15234375,0.0,0.0,,,0,32,"[0.566646503565975, 1.0102258183853374, 0.013067869978383505, 0.0686134461593132, 0.10879753567807814]"
430,13.073317975586468,4.0231352471048165,12.87151912403656,0.20179885154990873,0.8697479883434895,27.645902002639595,2.361821819096832e-05,7.440040313329808e-05,1.0,1.6826778750669291,1.672763218664386,3.355441093731315,3.355441093731315,248.33203125,,853.15234375,0.0,0.0,,,0,32,"[0.5661071574762075, 1.0105790368289431, 0.013142136511672828, 0.06785263934508078, 0.10879753567807814]"
431,13.045537870666271,4.013220978435415,12.844708993279724,0.2008288773865462,0.8697057165225816,27.8893265134517,1.7254588946524763e-05,7.436426934731661e-05,1.0,1.5871705313088569,1.5020949686714857,3.0892654999803426,3.0892654999803426,248.33203125,,853.15234375,0.0,0.0,,,0,32,"[0.5655665224568189, 1.0109320170764373, 0.013212133748016669, 0.06709223214653927, 0.10879753567807814]"
432,13.01753682781939,4.003083691752816,12.817655216528994,0.19988161129039678,0.8696634889261547,28.137741706083492,2.315301277366899e-05,7.17051171171313e-05,1.0,1.6135654687303713,1.5823333124984629,3.195898781228834,3.195898781228834,248.33203125,,853.15234375,0.0,0.0,,,0,32,"[0.5650242029295518, 1.0112848313737441, 0.01328442328839426, 0.06633316309545584, 0.10879753567807814]"
433,12.989280167543596,3.992750171502211,12.790323237431991,0.19895693011160534,0.8696213090260153,28.629832020371552,1.7430140067720146e-05,7.111454070329131e-05,1.0,1.6758815312982733,2.05124199997897,3.7271235312772433,3.7271235312772433,248.33203125,,853.15234375,0.0,0.0,,,0,32,"[0.5644802634515655, 1.0116374493877667, 0.013358906765049689, 0.06557537513554867, 0.10879753567807814]"
434,12.960780757862377,3.9821874646409308,12.762734776228408,0.19804598163396916,0.8695801279814808,28.88493075741196,1.751327615684417e-05,6.62147455783323e-05,1.0,1.7948985937721318,1.8733150937180199,3.6682136874901516,3.6682136874901516,248.33203125,,853.15234375,0.0,0.0,,,0,32,"[0.5639515707636416, 1.011981549761896, 0.013431663927156666, 0.0648028562881269, 0.10879753567807814]"
435,12.93185613828441,3.971630984946241,12.734697318702864,0.1971588195815469,0.8695389829320552,29.157587709073248,1.9074982712030675e-05,6.774948265636708e-05,1.0,1.782113031211452,1.9404835312570867,3.7225965624685387,3.7225965624685387,248.33203125,,853.15234375,0.0,0.0,,,0,32,"[0.5634210337867909, 1.0123255571940648, 0.013507235170414706, 0.06403183204077846, 0.10879753567807814]"
436,12.902581582324144,3.9609664663830926,12.706289272085312,0.19629231023883165,0.8694978957308299,29.422511207132214,1.9065273157092832e-05,6.830783072907485e-05,1.0,1.715169812527506,1.5582148437118803,3.2733846562393865,3.2733846562393865,248.33203125,,853.15234375,0.0,0.0,,,0,32,"[0.5628893715246074, 1.0126692706923552, 0.013577221625255799, 0.06326092467526584, 0.10879753567807814]"
437,12.873029660870582,3.950071565068031,12.677577959015995,0.1954517018545851,0.8694568488338471,29.6932408511833,1.906529076700636e-05,6.825403652048435e-05,1.0,1.7585000937714312,1.5302586250101058,3.288758718781537,3.288758718781537,248.33203125,,853.15234375,0.0,0.0,,,0,32,"[0.5623559205261297, 1.0130128542936043, 0.013650507897224037, 0.06249150316301331, 0.10879753567807814]"
438,12.843204199260075,3.9389404475606398,12.648567315282563,0.19463688397751364,0.8694158462878845,29.975775357512052,1.904551351028516e-05,6.868077040399604e-05,1.0,1.732977968813998,1.5605080936182958,3.2934860624322937,3.2934860624322937,248.33203125,,853.15234375,0.0,0.0,,,0,32,"[0.5618207604165412, 1.0133562725639895, 0.013726799270780335, 0.061723488075276216, 0.10879753567807814]"
439,12.813094665397683,3.9275645685772314,12.619248947248888,0.19384571814879636,0.8693749022476478,30.25768098535661,1.9029532999148557e-05,7.329907778701841e-05,1.0,1.7263384687282723,1.621755812493575,3.3480942812218473,3.3480942812218473,248.33203125,,853.15234375,0.0,0.0,,,0,32,"[0.561284373919388, 1.0136993947161859, 0.013800309032012176, 0.06095592502943073, 0.10879753567807814]"
440,12.782696855454796,3.915945119946792,12.589615808938753,0.1930810465160417,0.8693340084323461,30.581179658622617,1.901800574088952e-05,7.028608870888418e-05,1.0,1.9092689062603085,1.7170332187959048,3.6263021250562133,3.6263021250562133,248.33203125,,853.15234375,0.0,0.0,,,0,32,"[0.5607463739197966, 1.01404230062378, 0.013876953800041043, 0.060189702399570146, 0.10879753567807814]"
441,12.751980104935605,3.9041159356328508,12.55963943175832,0.19234067317728554,0.869293253095983,30.875144511652287,1.901609727283926e-05,6.914948403893149e-05,1.0,1.8936894688010852,2.241396156165365,4.13508562496645,4.13508562496645,248.33203125,,853.15234375,0.0,0.0,,,0,32,"[0.5602083411468665, 1.0143842181306229, 0.013955900920823858, 0.059423294867060474, 0.10879753567807814]"
442,12.720956859119255,3.8920477669027065,12.52933066538038,0.1916261937388744,0.8692525540592527,31.17525565675593,1.9593657119898467e-05,6.862513056702871e-05,1.0,1.8352462812600834,1.823672718685998,3.6589189999460814,3.6589189999460814,248.33203125,,853.15234375,0.0,0.0,,,0,32,"[0.5596688123043875, 1.0147258663240972, 0.01403762248245311, 0.05865811075431772, 0.10879753567807814]"
443,12.689629449083668,3.8797293885115023,12.498690750115856,0.19093869896781065,0.8692119147412992,31.481822722854094,1.902826987665307e-05,7.129931278266574e-05,1.0,1.8289091562593285,1.627646999963872,3.4565561562232006,3.4565561562232006,248.33203125,,853.15234375,0.0,0.0,,,0,32,"[0.5591278529621364, 1.0150672153006588, 0.01412193767616609, 0.05789408535268458, 0.10879753567807814]"
444,12.6579076712434,3.867344516442286,12.467629285459171,0.19027838578422757,0.8691713387750186,32.254971198951715,1.901812317806062e-05,7.149558366917338e-05,1.0,1.8249858125329865,1.7599585624878955,3.584944375020882,3.584944375020882,248.33203125,,853.15234375,0.0,0.0,,,0,32,"[0.5585855314157931, 1.015408233311192, 0.014208695800523119, 0.057131152141504334, 0.10879753567807814]"
445,12.62549216825914,3.855589084948268,12.435844838838587,0.18964732942055237,0.8691314371002162,32.582809543796536,1.900939280430336e-05,7.541307755369871e-05,1.0,1.7038600937127057,1.6451784375277612,3.349038531240467,3.349038531240467,248.33203125,,853.15234375,0.0,0.0,,,0,32,"[0.5580527539601882, 1.0157435761011255, 0.014293352839988163, 0.05635880080842605, 0.10879753567807814]"
446,12.592744202787253,3.843573997648232,12.403698917703892,0.1890452850833614,0.8690916029766209,32.917797859997066,1.8755923980595668e-05,7.586173849168696e-05,1.0,1.6815436249970617,1.7523664999572475,3.433910124954309,3.433910124954309,248.33203125,,853.15234375,0.0,0.0,,,0,32,"[0.5575186743635077, 1.0160785521550246, 0.014380810665880966, 0.05558750245084074, 0.10879753567807814]"
447,12.559661532126281,3.831291695338912,12.371188942120703,0.18847259000557923,0.8690518400200296,33.26002637244072,1.8474992653949585e-05,7.405270777860638e-05,1.0,1.7323106562088242,1.8136798125425457,3.54599046875137,3.54599046875137,248.33203125,,853.15234375,0.0,0.0,,,0,32,"[0.5569833615498492, 1.0164131298590644, 0.014470890889960014, 0.05481718855071795, 0.10879753567807814]"
448,12.526234078616096,3.8187392136622034,12.33830446883895,0.18792960977714462,0.8690121516939527,33.60962635397607,1.908448275766972e-05,7.55647499118245e-05,1.0,1.8321249687431873,2.1040115937722703,3.9361365625154576,3.9361365625154576,248.33203125,,853.15234375,0.0,0.0,,,0,32,"[0.5564468800259381, 1.016747278977362, 0.014563472782226623, 0.05404779883512026, 0.10879753567807814]"
449,12.492445317855063,3.8059128049179503,12.30502881768707,0.1874165001679913,0.8689725413853429,33.96679986761912,1.921051419362385e-05,7.312321982329701e-05,1.0,1.85142046879605,1.8103574999486227,3.6617779687446728,3.6617779687446728,248.33203125,,853.15234375,0.0,0.0,,,0,32,"[0.5559092926798421, 1.0170809699479877, 0.014658440814544685, 0.05327927345865049, 0.10879753567807814]"
450,12.458301887321019,3.7928019527283463,12.271367779897446,0.18693410742357408,0.8689330124920586,34.4019914608169,1.738888230518043e-05,7.784296421525387e-05,1.0,1.6448767812420328,1.5085596250514755,3.1534364062935083,3.1534364062935083,248.33203125,,853.15234375,0.0,0.0,,,0,32,"[0.5553706631082407, 1.0174141730927522, 0.014755664004254637, 0.052511548572836485, 0.10879753567807814]"
451,12.42370263624834,3.77951953953168,12.237224257357589,0.1864783788907524,0.8688937086091855,34.77387832040179,1.6745015772201555e-05,7.972283919903312e-05,1.0,1.7516587500097103,1.646123437467395,3.3977821874771053,3.3977821874771053,248.33203125,,853.40234375,0.0078125,0.0078125,,,0,32,"[0.5548335521685014, 1.0177456328028207, 0.01485410465318806, 0.05174216197453152, 0.10879753567807814]"
452,12.388743864006265,3.765919724734606,12.202690310994612,0.186053553011654,0.8688544893181493,35.153314981582504,1.4915816207494714e-05,8.287601516076572e-05,1.0,1.607644906229666,1.481398031273784,3.08904293750345,3.08904293750345,248.33203125,,853.40234375,0.0,0.0,,,0,32,"[0.554295453855824, 1.0180765773128138, 0.014954752791450138, 0.05097352949443221, 0.10879753567807814]"
453,12.353411501042487,3.7520017157468617,12.16775033519469,0.1856611658477989,0.8688153572499151,35.54069403105931,1.559050052701849e-05,7.828108362598849e-05,1.0,1.6061741874580093,1.5737534687900734,3.1799276562480827,3.1799276562480827,248.33203125,,853.40234375,0.0,0.0,,,0,32,"[0.5537564135967321, 1.0184069838007033, 0.01505762437570115, 0.0502056202621708, 0.10879753567807814]"
454,12.317679363214213,3.7377693364967883,12.132378008969448,0.18530135424476546,0.8687763153239397,35.93626241364617,1.5868714148936647e-05,8.42365224608985e-05,1.0,1.6735939999819038,1.6179914063201295,3.2915854063020333,3.2915854063020333,248.33203125,,853.40234375,0.0,0.0,,,0,32,"[0.5532164823480312, 1.0187368269123382, 0.01516270751635214, 0.04943839454444873, 0.10879753567807814]"
455,12.281542864299414,3.723218154096873,12.096567860074861,0.18497500422455188,0.868737366526228,36.34014543389961,1.4862575826501967e-05,8.172639341448381e-05,1.0,1.7796571875265954,1.8966806562019656,3.676337843728561,3.676337843728561,248.33203125,,853.40234375,0.0,0.0,,,0,32,"[0.552675714253669, 1.019066080643029, 0.015269926597679877, 0.048671800833578784, 0.10879753567807814]"
456,12.245020686893254,3.708310029576429,12.060337735112059,0.18468295178119376,0.8686985137278,36.75236885921382,1.7409746970287188e-05,8.708047817880656e-05,1.0,1.745510468722955,2.135084468775972,3.880594937498927,3.880594937498927,248.33203125,,853.40234375,0.0,0.0,,,0,32,"[0.552134161737809, 1.0193947199803972, 0.01537920591974995, 0.0479057883739753, 0.10879753567807814]"
457,12.208070556851261,3.693058338620309,12.023645248049904,0.18442530880135694,0.8686597595944846,37.173110752692686,1.564881454640954e-05,9.031841582612718e-05,1.0,1.772731187543286,1.6425780937368017,3.415309281280088,3.415309281280088,248.33203125,,853.40234375,0.0,0.0,,,0,32,"[0.5515918694254319, 1.0197227218547742, 0.015490596602040529, 0.04714033038411515, 0.10879753567807814]"
458,12.170667989561231,3.677503435168699,11.986465810441207,0.1842021791200233,0.868621106839083,37.70288564440199,1.6123974733162072e-05,8.987952887307783e-05,1.0,1.7731817187325305,1.75907893743954,3.5322606561720704,3.5322606561720704,248.33203125,,853.40234375,0.0,0.0,,,0,32,"[0.55104888300553, 1.0200500627843032, 0.015604101749131198, 0.046375392317837126, 0.10879753567807814]"
459,12.13271363174897,3.6618450327060112,11.948702379796948,0.18401125195202261,0.8685827075036473,38.339073117524656,1.7137282909196472e-05,8.86917250051765e-05,1.0,1.764534749923996,1.5835316250587539,3.34806637498275,3.34806637498275,248.33203125,,853.40234375,0.0,0.0,,,0,32,"[0.5505079263753845, 1.0203754131266256, 0.01571841553752149, 0.04560829034493117, 0.10879753567807814]"
460,12.094143111390729,3.6461486971033747,11.910281083141186,0.18386202824954112,0.8685446119916511,38.795785011298086,1.5974233586124598e-05,9.661591115631055e-05,1.0,1.909987968744531,1.5733895312735058,3.4448532812660915,3.4448532812660915,248.33203125,,853.40234375,0.0,0.0,,,0,32,"[0.5499698896419556, 1.0206983329188843, 0.01583334116126258, 0.04483820503650331, 0.10879753567807814]"
461,12.055158954674443,3.630074602032928,11.871407633850481,0.18375132082395995,0.8685066272014218,39.26157029095107,1.6484858726961704e-05,8.585386283961331e-05,1.0,1.782817093797462,1.7794708437577356,3.5622879375551975,3.5622879375551975,248.33203125,,853.40234375,0.0,0.0,,,0,32,"[0.5494313089714526, 1.0210205113053805, 0.01595060196025295, 0.04406854156871008, 0.10879753567807814]"
462,12.015662242998037,3.6136634645534698,11.831982909546145,0.1836793334518892,0.868468755307155,39.73710773960995,1.4771624077702938e-05,8.741720651461612e-05,1.0,1.9279806875118766,1.9357499374308418,3.8637306249427184,3.8637306249427184,248.33203125,,853.40234375,0.0,0.0,,,0,32,"[0.5488922103642726, 1.0213419299043953, 0.016070480677584358, 0.043299326469355644, 0.10879753567807814]"
463,11.975707882795536,3.596813517718761,11.79206006454468,0.1836478182508556,0.868430998866092,40.269539225962596,1.614632102553415e-05,8.984261999363225e-05,1.0,1.9521888125524356,2.178570968695226,4.1307597812476615,4.1307597812476615,248.33203125,,853.40234375,0.0,0.0,,,0,32,"[0.5483526474705679, 1.0216625662152845, 0.016192721977409234, 0.042530482333985244, 0.10879753567807814]"
464,11.93519146999223,3.5796803229408805,11.751537300266811,0.18365416972541798,0.8683934229219976,40.76323766118373,1.4036494372149377e-05,9.105479080029764e-05,1.0,1.9240848749575434,1.6838041875786303,3.6078890625361737,3.6078890625361737,248.33203125,,853.40234375,0.0,0.0,,,0,32,"[0.5478139923276267, 1.0219818438656993, 0.01631243632422464, 0.04176004032182908, 0.10879753567807814]"
465,11.894263252067397,3.562043571413719,11.71055778217377,0.18370546989362674,0.868355963836396,41.49007241700479,1.57981657529227e-05,8.546684339502454e-05,1.0,1.9290303124961383,1.6786455000215028,3.607675812517641,3.607675812517641,248.33203125,,853.40234375,0.0,0.0,,,0,32,"[0.5472748785653931, 1.0223003279672773, 0.016434876361043675, 0.04099001911056526, 0.10879753567807814]"
466,11.852563427572541,3.544295221401715,11.668763278769879,0.18380014880266177,0.8683188596282648,42.007646156514795,1.469499964912302e-05,9.983841433270735e-05,1.0,1.8597911874991269,1.568880624958524,3.428671812457651,3.428671812457651,248.33203125,,853.40234375,0.0,0.0,,,0,32,"[0.546739582542778, 1.022615937268109, 0.016557716159433196, 0.040216223710389805, 0.10879753567807814]"
467,11.810333018451196,3.5262365384725625,11.626393258701746,0.18393975974945043,0.8682818749159347,42.53366360035086,1.4482214627520307e-05,8.820443762929355e-05,1.0,1.8975086874917224,1.6077529375166932,3.5052616250084156,3.5052616250084156,248.33203125,,853.40234375,0.0,0.0,,,0,32,"[0.5462038727557291, 1.0229307304960673, 0.0166832650214994, 0.03944281713495519, 0.10879753567807814]"
468,11.767511706959116,3.5076685279793858,11.583389195641654,0.18412251131746132,0.8682450105357117,43.13198957690907,1.4407796018467423e-05,0.000137777968567979,1.0,2.044386843749635,1.6025676249995513,3.646954468749186,3.646954468749186,248.33203125,,853.40234375,0.0,0.0,,,0,32,"[0.5456677247028855, 1.023244701998454, 0.016812360920077107, 0.038669964361076885, 0.10879753567807814]"
469,11.724246315438535,3.488886049502988,11.539892806397882,0.18435350904065193,0.8682083332833872,43.676002882317384,2.0677822512027433e-06,0.00012727018873659538,1.0,2.167452062508346,1.863858249961936,4.031310312470282,4.031310312470282,248.33203125,,853.40234375,0.0,0.0,,,0,32,"[0.5451325983909541, 1.0235572579949919, 0.01693888579560226, 0.03789540639992722, 0.10879753567807814]"
470,11.680303415225813,3.4693929397493086,11.495674482816213,0.18462893240959816,0.8681717759159923,44.22824919217773,2.3296196163258287e-06,0.00015267760649016767,1.0,2.1983785937464972,1.9783787499676464,4.176757343714144,4.176757343714144,248.33203125,,853.40234375,0.0,0.0,,,0,32,"[0.5445970199022776, 1.0238689967068344, 0.017069141281588176, 0.03712145022133808, 0.10879753567807814]"
471,11.635852186632622,3.4495423341285667,11.450895617640045,0.1849565689925779,0.868135338518612,44.78935957362715,3.851531219734028e-06,0.0001353737631957723,1.0,2.1235536561903245,2.0162671250147923,4.139820781205117,4.139820781205117,248.33203125,,853.40234375,0.0,0.0,,,0,32,"[0.5440610274868046, 1.0241799161497653, 0.017202222058909512, 0.03634793180703201, 0.10879753567807814]"
472,11.590757644034166,3.4290997426665126,11.405425938949254,0.18533170508491098,0.8680990221335423,45.36028581243763,2.158832445253722e-06,0.00016174264495994264,1.0,1.943354499957195,1.6877840312901071,3.631138531247302,3.631138531247302,248.33203125,,853.40234375,0.0,0.0,,,0,32,"[0.5435245840373603, 1.024490009516901, 0.01733926587115979, 0.03557508672376463, 0.10879753567807814]"
473,11.545073560444703,3.4083052548859527,11.359312658373605,0.1857609020710966,0.8680628279199737,45.940566870965654,3.266808819901712e-06,0.00015015695619235091,1.0,1.9016150312296531,1.5017314375143087,3.403346468743962,3.403346468743962,248.33203125,,853.40234375,0.0,0.0,,,0,32,"[0.5429877468019364, 1.0247992654288267, 0.01747941839339962, 0.03480273716941039, 0.10879753567807814]"
474,11.498452488304402,3.387618789637602,11.312215771723583,0.18623671658081947,0.8680267570503806,48.036239824648334,2.5578528792813415e-06,0.00016532345388404687,1.0,1.9652082500698498,1.6152118124637127,3.5804200625335625,3.5804200625335625,248.33203125,,853.40234375,0.0,0.0,,,0,32,"[0.5424504973107975, 1.0251076753304422, 0.01762341534935967, 0.03403104345197409, 0.10879753567807814]"
475,11.450218720193991,3.3679593409325315,11.263399048102707,0.18681967209128555,0.8679920481136539,48.68265063783905,2.0896411481174937e-06,0.00016570916232337048,1.0,2.252077593766444,1.9489211874770263,4.20099878124347,4.20099878124347,248.33203125,,853.40234375,0.0,0.0,,,0,32,"[0.541935108706751, 1.0254044123375292, 0.017757360189434603, 0.03323833889461283, 0.10879753567807814]"
476,11.40127061319142,3.347897948041126,11.213809629771706,0.18746098341971312,0.8679574691438372,49.11114623317721,1.587175164630139e-06,0.00017143942958375665,1.0,2.2403721249872888,1.8212901249938795,4.061662249981168,4.061662249981168,248.33203125,,853.40234375,0.0,0.0,,,0,32,"[0.5414193860578552, 1.0257002479896615, 0.017895997094676222, 0.03244632170739503, 0.10879753567807814]"
477,11.351800897812202,3.3272154079827243,11.163650886975436,0.18815001083676802,0.8679228434339609,49.624126696644446,2.4035384273979332e-06,0.00017316295965929792,1.0,2.217816687519303,1.9964838124053585,4.214300499924661,4.214300499924661,248.33203125,,853.40234375,0.0,0.0,,,0,32,"[0.5409001873435424, 1.0259967254949394, 0.018040653705261755, 0.03165790034230271, 0.10879753567807814]"
478,11.301883318736138,3.305833636416052,11.112993549750817,0.18888976898532195,0.8678882463988955,50.160971078930594,1.7058484576004673e-06,0.00017657820831529746,1.0,2.0657917187492103,1.6910176562561219,3.756809375005332,3.756809375005332,248.33203125,,853.40234375,0.0,0.0,,,0,32,"[0.5403788421427174, 1.0262931868416856, 0.01819088442167633, 0.03087193559544208, 0.10879753567807814]"
479,11.251504126226564,3.283746069254735,11.061821677895205,0.18968244833136017,0.8678537006453259,50.20338737166079,1.1027703192389993e-05,0.0001749891005285197,1.0,2.227471437549866,1.9060695312305143,4.092134281279414,4.092134281279414,248.33203125,,853.40234375,0.0,0.0,,,0,32,"[0.5398557541022884, 1.0265894346712587, 0.01834644152248043, 0.03008808732324729, 0.10879753567807814]"
480,11.200928111404838,3.2608116297485474,11.010438767575803,0.1904893438290371,0.867818744068928,50.84930929032757,1.0650067956419207e-06,0.00016528258326432832,1.0,2.0709897187742854,1.6741199062693113,3.7451096250435967,3.7451096250435967,248.33203125,,853.40234375,0.0,0.0,,,0,32,"[0.5393226710300653, 1.0268895057125491, 0.018511120243034588, 0.029314355633780778, 0.10879753567807814]"
481,11.149789661699602,3.2372555345100142,10.958431645755606,0.19135801594399426,0.8677839073816178,51.366516325495375,1.989473244368156e-06,0.0001623030863883009,1.0,2.1393014375234998,1.909446499936962,4.048747937460462,4.048747937460462,248.33203125,,853.40234375,0.0,0.0,,,0,32,"[0.5387890874558404, 1.0271887632512593, 0.018680027854462686, 0.028541566067570037, 0.10879753567807814]"
482,11.097483324035021,3.2136919684939844,10.905219090780788,0.19226423325423347,0.8677490501502988,52.91260143863483,1.989177885075577e-06,0.0001599639149538091,1.0,2.1493960000356083,2.003355343703106,4.152751343738714,4.152751343738714,248.33203125,,853.40234375,0.0,0.0,,,0,32,"[0.5382524985074678, 1.0274884340243964, 0.018854173547954836, 0.027772187743434287, 0.10879753567807814]"
483,11.044164421541756,3.1899558210048244,10.850894581236382,0.1932698403053762,0.8677148766708064,54.71032019149717,1.62571216266727e-06,0.00015854815711087937,1.0,2.3080031250373167,1.7253762812714513,3.9828021563010907,3.9828021563010907,248.33203125,,853.40234375,0.0,0.0,,,0,32,"[0.5377256050704123, 1.0277823612633123, 0.019025553938384843, 0.026993330345711733, 0.10879753567807814]"
484,10.988944827706256,3.166549301901255,10.794576402640182,0.19436842506607485,0.8676814167835242,55.61287577462546,1.6445347132965082e-06,0.0001521687037176504,1.0,2.266550343762219,1.9597291562547525,4.226279500016972,4.226279500016972,248.33203125,,853.40234375,0.0,0.0,,,0,32,"[0.5372089749614124, 1.0280702839045237, 0.019193036783601132, 0.026204569685111246, 0.10879753567807814]"
485,10.93319909619526,3.142493763328937,10.737667254224117,0.19553184197114454,0.8676480017409567,55.96647592640937,1.747888971692646e-05,0.000154442590602626,1.0,2.1250818750502276,2.0834064374923855,4.208488312542613,4.208488312542613,248.33203125,,853.40234375,0.0,0.0,,,0,32,"[0.5366904972736689, 1.0283580498156764, 0.019365532041959534, 0.02541804755984427, 0.10879753567807814]"
486,10.876513343083037,3.117744908367472,10.679796637429032,0.19671670565400431,0.8676143326438788,57.466911941938264,1.4903166563051684e-06,0.0001438728915408796,1.0,2.035447187523687,1.7250910313322265,3.7605382188559133,3.7605382188559133,248.33203125,,853.40234375,0.0,0.0,,,0,32,"[0.5361647829012987, 1.0286482715087502, 0.019546647436205086, 0.02463920676640826, 0.10879753567807814]"
487,10.818161143778465,3.092333814241066,10.620187103306066,0.19797404047239764,0.8675809419264031,59.6974088947229,2.3458563669365162e-06,0.0001352206082138278,1.0,1.914182562487099,1.5867472500445956,3.5009298125316946,3.5009298125316946,248.33203125,,853.40234375,0.0,0.0,,,0,32,"[0.5356415366770382, 1.028936291148193, 0.019727745724419786, 0.023857886418472682, 0.10879753567807814]"
488,10.758183945066126,3.0658378201184737,10.55883303635865,0.19935090870747613,0.8675483027918099,61.625493442160774,1.714252133622196e-05,0.00013902131233287812,1.0,1.9020538437644063,1.5826597186645586,3.484713562428965,3.484713562428965,248.33203125,,853.40234375,0.0,0.0,,,0,32,"[0.5351291707285075, 1.0292179782706632, 0.019905364039008947, 0.023066315048258183, 0.10879753567807814]"
489,10.695042979601855,3.038622882220294,10.494248125695773,0.2007948539060829,0.867516007211456,65.05921130601281,8.73442795690238e-06,0.00013952746953495168,1.0,1.959952749999161,1.7977514687714802,3.757704218770641,3.757704218770641,248.33203125,,853.40234375,0.0,0.0,,,0,32,"[0.5346203754213159, 1.029496897540672, 0.020083560061052615, 0.022271596510708327, 0.10879753567807814]"
490,10.629335166835538,3.011398627846343,10.426954653312782,0.20238051352275685,0.8674848768238501,68.5061561089805,1.2222068908052108e-05,0.00013609180948929308,1.0,1.9962034062643852,1.8504905312539677,3.846693937518353,3.846693937518353,248.33203125,,853.40234375,0.0,0.0,,,0,32,"[0.534129810867928, 1.0297658754885108, 0.020254065694070233, 0.02146047068098459, 0.10879753567807814]"
491,10.559192523368285,2.9839378081002916,10.355080905584495,0.204111617783788,0.8674558486407633,72.33072964460298,1.2108303444335888e-05,0.00012920771499875727,1.0,2.0809626875575304,1.6126035624353108,3.6786002187341182,3.6786002187341182,248.33203125,,853.40234375,0.0,0.0,,,0,32,"[0.5336738303300024, 1.0300167472932653, 0.020413362207150017, 0.020621560848205822, 0.10879753567807814]"
492,10.485776844315916,2.9542372316459384,10.279754193133739,0.20602265118217628,0.8674286154933435,78.01938218593263,9.863351736960624e-05,0.0001332820770461004,1.0,2.038392124958932,1.7999102500567687,3.838302375015701,3.838302375015701,248.33203125,,853.40234375,0.0,0.0,,,0,32,"[0.5332467044255638, 1.030252206388673, 0.02056741922804913, 0.01976226525851681, 0.10879753567807814]"
493,10.406123162206804,2.925763829679442,10.19798979440947,0.2081333677973343,0.8674047216889641,80.72612968182062,1.214948187744369e-05,0.00010423350133010792,1.0,1.9427079062097619,1.7468675625167407,3.6895754687265025,3.6895754687265025,248.33203125,,853.40234375,0.0,0.0,,,0,32,"[0.5328751776717636, 1.030458804362484, 0.020710373376102268, 0.018868481582238097, 0.10879753567807814]"
494,10.324527754746281,2.8969434620856327,10.114159268248091,0.2103684864981912,0.867381245327356,82.99436948637579,1.1470239717592534e-05,0.00010442784467174494,1.0,1.99802703126295,1.8167881875541525,3.8148152188171025,3.8148152188171025,248.33203125,,853.40234375,0.0,0.0,,,0,32,"[0.5325082514766257, 1.0306620059569034, 0.0208572780782513, 0.01797266168525346, 0.10879753567807814]"
495,10.240173380405665,2.8670399137209803,10.027451591953193,0.21272178845247058,0.8673581016492462,85.25096536004219,3.3397859893202764e-05,0.0001053187329051966,1.0,2.041854000026433,1.709230656203431,3.751084656229864,3.751084656229864,248.33203125,,853.40234375,0.0,0.0,,,0,32,"[0.5321443749577838, 1.030862552911204, 0.02101036980161651, 0.017076035942597597, 0.10879753567807814]"
496,10.151958784470882,2.834812429284224,9.936818306137816,0.21514047833306466,0.8673351560869229,90.03658355820049,1.5569172213680815e-06,0.00010634389204900515,1.0,2.178922781254755,2.101991187544172,4.280913968798927,4.280913968798927,248.33203125,,853.40234375,0.0,0.0,,,0,32,"[0.5317811892818408, 1.031061618433711, 0.021170412153843892, 0.01618001388481528, 0.10879753567807814]"
497,10.058855795683861,2.8008411392726327,9.84116999075213,0.21768580493173165,0.8673129998162702,97.04240097320667,8.987303454333073e-06,0.00011144498479133332,1.0,2.2124221249697484,1.8700851875053104,4.082507312475059,4.082507312475059,248.33203125,,853.40234375,0.0,0.0,,,0,32,"[0.5314293245280075, 1.0312540387582316, 0.021327167018104134, 0.01527746553361632, 0.10879753567807814]"
498,9.960830993542114,2.766994599819649,9.740424157653324,0.22040683588878845,0.8672928834519298,97.76962014733395,2.207461676118072e-06,0.00011203549098039201,1.0,2.17258631249706,1.8057819375201234,3.9783682500171835,3.9783682500171835,248.33203125,,853.40234375,0.0,0.0,,,0,32,"[0.5311105017064565, 1.0314289201351268, 0.021474362691548187, 0.014357627533644116, 0.10879753567807814]"
499,9.86115736570579,2.733172182590965,9.637956007010906,0.22320135869488278,0.8672725978130293,103.50326180435344,2.0196357501944817e-06,0.0001150904018816841,1.0,2.112411937545744,1.7390165624533438,3.8514284999990878,3.8514284999990878,248.33203125,,853.40234375,0.0,0.0,,,0,32,"[0.5307859004538902, 1.0316055252301801, 0.021632175577476112, 0.013441909367247526, 0.10879753567807814]"
500,9.756947973628844,2.6981460552849463,9.530739806241398,0.2262081673874447,0.8672530466825067,105.33573276531676,0.0003013913562273096,0.00012921996808752418,1.0,2.205062281277037,1.8619293124686465,4.0669915937456835,4.0669915937456835,248.33203125,,853.40234375,0.0,0.0,,,0,32,"[0.5304718002696727, 1.031775958068557, 0.021784245993971846, 0.012520406078971185, 0.10879753567807814]"
501,9.649109489496958,2.6641962727979727,9.419808571781143,0.22930091771581473,0.8672333730271353,113.19962309823615,1.5956943317796402e-06,0.00013212056292159774,1.0,2.2198957500876304,1.9033870311488954,4.123282781236526,4.123282781236526,248.33203125,,853.40234375,0.0,0.0,,,0,32,"[0.530152576576526, 1.0319477137555322, 0.02194976602883836, 0.011603236882048779, 0.10879753567807814]"
502,9.532541971731515,2.6277798269841015,9.300022824208758,0.2325191475227564,0.8672146607644051,119.92418085611143,2.577918920110278e-06,0.0001366912821295643,1.0,2.112688906237281,1.5844204999950762,3.6971094062323573,3.6971094062323573,248.33203125,,853.40234375,0.0,0.0,,,0,32,"[0.5298478453130991, 1.0321113192002895, 0.022106889112422905, 0.010678204746314625, 0.10879753567807814]"
503,9.406303198828148,2.5886707907148097,9.170417445678543,0.23588575314960225,0.8671965804993699,131.41569078995946,2.652825148441451e-06,0.00014524372469618891,1.0,2.1808130937728265,1.8765759687511263,4.042355562532407,4.042355562532407,248.33203125,,853.40234375,0.0,0.0,,,0,32,"[0.5295516745197033, 1.0322696522371466, 0.022261495293316825, 0.009749059741803354, 0.10879753567807814]"
504,9.272382466658746,2.5492233974277543,9.032874074968163,0.2395083916905825,0.8671797345908652,135.70268556749122,3.535915449770499e-06,0.00016513855261855704,1.0,2.2442990625251014,2.020739499954516,4.265038562479617,4.265038562479617,248.33203125,,853.40234375,0.0,0.0,,,0,32,"[0.5292747201654607, 1.032417457679337, 0.022406471867803753, 0.008810746558599043, 0.10879753567807814]"
505,9.135218989044033,2.510976259881153,8.89199350366912,0.24322548537491373,0.8671629815061734,138.32454415169428,2.8489495917938257e-06,0.00017160582279754656,1.0,2.0254989374848265,1.7925738750221853,3.818072812507012,3.818072812507012,248.33203125,,853.40234375,0.0,0.0,,,0,32,"[0.5289967132149829, 1.0325646981298884, 0.022556984876045003, 0.007873528217145152, 0.10879753567807814]"
506,8.997653607274867,2.473443052725169,8.75056253578481,0.24709107149005544,0.8671462297905588,144.7045062521389,0.0001250030017034831,0.00019128143047477162,1.0,2.045632906231276,1.6747147187459177,3.720347624977194,3.720347624977194,248.33203125,,853.40234375,0.0,0.0,,,0,32,"[0.5287157952068169, 1.0327121810625288, 0.022719805828016647, 0.006939278146303905, 0.10879753567807814]"
507,8.850461873110307,2.4399086307953386,8.599322253277375,0.2511396198329312,0.8671296624522948,153.65213137199072,2.530981697113077e-06,0.0002164118012774322,1.0,2.084637812430401,1.7703836251143912,3.844253031289213,3.844253031289213,248.33203125,,853.40234375,0.0,0.0,,,0,32,"[0.5284353545934135, 1.0328583037319459, 0.022889331646612974, 0.0060058638627911555, 0.10879753567807814]"
508,8.702596482311918,2.400672942412207,8.447136051383577,0.2554604309283406,0.8671136160358055,150.37531750106467,3.5653303260829716e-06,0.000260488209856967,1.0,1.9794925624978532,1.661891375022151,3.641383937520004,3.641383937520004,248.33203125,,853.40234375,0.0,0.0,,,0,32,"[0.5281611515182514, 1.0330001378475322, 0.023066150143992877, 0.005071288570900869, 0.10879753567807814]"
509,8.550739723025396,2.355713998328784,8.291133916323325,0.2596058067020711,0.8670964521618653,150.22148730386425,3.838037258230287e-06,0.000284847428798053,1.0,2.0271722499671796,1.7011687187533653,3.728340968720545,3.728340968720545,248.33203125,,853.40234375,0.0,0.0,,,0,32,"[0.5278649853515002, 1.033151944469194, 0.0232559076956277, 0.004147582761192449, 0.10879753567807814]"
510,8.409492195547697,2.317892214480716,8.145734026857511,0.2637581686901867,0.8670786767314996,149.44445658876026,0.0002111850523887071,0.00032073579735783395,1.0,2.247446531285391,2.104680312456253,4.352126843741644,4.352126843741644,248.33203125,,853.40234375,0.0,0.0,,,0,32,"[0.5275552626515566, 1.0333093299262806, 0.023460546552907253, 0.0032324736938520566, 0.10879753567807814]"
511,8.299187414033039,2.2422652620070243,8.031249414045528,0.2679379999875115,0.8670605974594983,82.64279846967712,0.0004403244830770703,0.0003925918525344333,1.0,2.1866347187398105,2.017684562460431,4.204319281200242,4.204319281200242,248.33203125,,853.40234375,0.0,0.0,,,0,32,"[0.5272372368251089, 1.0334696162598458, 0.023684196248236002, 0.0023251982787967293, 0.10879753567807814]"
512,8.252821675958476,2.1952809831212505,7.983495721673222,0.26932595428525374,0.8670276350014978,88.37581150959547,0.00021801034024404586,0.00041185539375926145,1.0,2.072951843700821,1.574675500023659,3.64762734372448,3.64762734372448,248.33203125,,853.40234375,0.0,0.0,,,0,32,"[0.5266511909407043, 1.0337596411852872, 0.024147764113200097, 0.0017272512923774777, 0.10879753567807814]"
513,8.198719296298048,2.204430308150881,7.9350285222393495,0.2636907740586989,0.8669962915619885,104.57695900315079,2.7219493569319297e-05,0.0003881973004222374,1.0,2.191125624989354,1.9440399999837155,4.1351656249730695,4.1351656249730695,248.33203125,,853.40234375,0.0,0.0,,,0,32,"[0.5260923535478157, 1.034032484744773, 0.024613183476658782, 0.0023570464785088703, 0.10879753567807814]"
514,8.165938155095994,2.150834854391083,7.899331570231041,0.2666065848649528,0.8669705119160359,96.76210060130697,6.446117004621499e-06,0.00043501173511374127,1.0,2.202696781282043,1.8856272812399766,4.08832406252202,4.08832406252202,248.33203125,,853.40234375,0.0,0.0,,,0,32,"[0.5256329395111423, 1.034260292318172, 0.02495022215546131, 0.001567459636292877, 0.10879753567807814]"
515,8.107809908617996,2.16400809312753,7.84702910660758,0.26078080201041753,0.8669420291289641,104.3581389152987,1.385508008899805e-05,0.0003909275487761413,1.0,2.1748049375247547,1.8264734375037506,4.001278375028505,4.001278375028505,248.33203125,,853.40234375,0.0,0.0,,,0,32,"[0.5251234940088981, 1.0345080511592735, 0.025369330448123218, 0.00227698699723197, 0.10879753567807814]"
516,8.082218871461885,2.1111135173230324,7.818537065014996,0.26368180644688977,0.8669163972026026,103.82141177790305,6.42864670208354e-06,0.0004506030770918925,1.0,2.2072117500187005,2.2169829374973915,4.424194687516092,4.424194687516092,248.33203125,,853.40234375,0.0,0.0,,,0,32,"[0.5246651935814243, 1.0347347441266457, 0.025694608799264766, 0.0014815217176629353, 0.10879753567807814]"
517,8.025432421016154,2.1294261265624614,7.767611065731591,0.25782135528456285,0.8668900887147482,87.85713853566783,4.3955096334258315e-05,0.00038534831350675185,1.0,2.289030156219951,2.246890312548544,4.535920468768495,4.535920468768495,248.33203125,,853.40234375,0.0,0.0,,,0,32,"[0.5241933900641264, 1.0349634555946403, 0.026074225527718937, 0.0022437445492226103, 0.10879753567807814]"
518,7.9904451935970755,2.0768124855902945,7.730540771948636,0.2599044216484405,0.866859823351444,90.02146524575814,6.344057520646373e-06,0.0004286700274510223,1.0,2.2450906249815716,2.149512093765793,4.394602718747365,4.394602718747365,248.33203125,,853.40234375,0.0,0.0,,,0,32,"[0.5236510225464059, 1.0352306729463123, 0.0264424264653939, 0.0015374440238210604, 0.10879753567807814]"
519,7.938166387308572,2.0949441749046223,7.683762592635921,0.25440379467264995,0.866829737493474,90.32788993292512,5.643629016161e-05,0.00038853796859883574,1.0,2.184480437563252,1.9484529686479846,4.132933406211237,4.132933406211237,248.33203125,,853.40234375,0.0,0.0,,,0,32,"[0.5231106846461842, 1.0354928171850566, 0.02684036398220239, 0.0022309576029191005, 0.10879753567807814]"
520,7.903843599840185,2.038134633410411,7.647110838476973,0.25673276136321166,0.8668005513616583,91.62687572675675,6.0011078315547195e-06,0.0004335034273936646,1.0,2.2884757811567624,1.9872159688674174,4.273424843788121,4.273424843788121,248.33203125,,853.40234375,0.0,0.0,,,0,32,"[0.522587010490217, 1.0357507900630003, 0.0271658303906097, 0.0014871249674318309, 0.10879753567807814]"
521,7.855756942892901,2.062494353930277,7.604485993755876,0.2512709491370245,0.8667712826296936,112.15612129319364,3.1511880082213395e-05,0.0003820545708524959,1.0,2.1284526562368455,1.705848093749296,3.8343007499861415,3.8343007499861415,248.33203125,,853.40234375,0.0,0.0,,,0,32,"[0.5220605638091304, 1.0360058094792366, 0.027529867639344886, 0.0022118979462663127, 0.10879753567807814]"
522,7.836374445265227,2.000471314160565,7.581880180579887,0.25449426468534037,0.8667480312603224,109.4657709776422,6.05950144461076e-06,0.0004598446964109512,1.0,2.1494853437218353,1.9357083750008997,4.085193718722735,4.085193718722735,248.33203125,,853.40234375,0.0,0.0,,,0,32,"[0.5216428807172272, 1.0362120925697689, 0.02776504184594269, 0.0013588556179790472, 0.10879753567807814]"
523,7.790238619520871,2.035684665847765,7.5413420748381625,0.24889654468270841,0.8667237863496438,92.67111802223407,0.0002108103563944752,0.00038857947564694415,1.0,2.3704051562702944,2.4718166249471096,4.842221781217404,4.842221781217404,248.33203125,,853.40234375,0.0,0.0,,,0,32,"[0.5212061951395182, 1.0364228510347702, 0.028061394749889574, 0.0021816931061706115, 0.10879753567807814]"
524,7.760207587962664,1.9731237835182909,7.50879422929513,0.25141335866753334,0.8666957879680671,97.21398226889214,5.9767443345570825e-06,0.00044407120692073346,1.0,2.255788593743091,2.1432940312706705,4.399082625013762,4.399082625013762,248.33203125,,853.40234375,0.0,0.0,,,0,32,"[0.5207021557226632, 1.0366707264199293, 0.028337602184064774, 0.001401813940533319, 0.10879753567807814]"
525,7.718001118794658,2.009299561917851,7.471997156630265,0.24600396216439263,0.8666686928628519,110.29759171851596,9.119068662455376e-05,0.0003888907136813289,1.0,2.0469145937340727,1.8439341250200414,3.890848718754114,3.890848718754114,248.33203125,,853.40234375,0.0,0.0,,,0,32,"[0.5202133151028162, 1.0369067285144153, 0.028645814813521384, 0.002183058354804023, 0.10879753567807814]"
526,7.695076880274792,1.9420591125458009,7.4460129539518,0.24906392632299237,0.8666453642431287,106.77817328689225,5.892559530096264e-06,0.0004704406618708227,1.0,2.0602758124681486,1.8858358437796596,3.9461116562478082,3.9461116562478082,248.33203125,,853.40234375,0.0,0.0,,,0,32,"[0.5197915243869129, 1.037113947218363, 0.028877479474823584, 0.0013313045843892626, 0.10879753567807814]"
527,7.653247982613043,1.983994169030002,7.409630676102706,0.24361730651033675,0.8666208946005389,111.2319718774389,7.432950206132105e-05,0.0003885926130871073,1.0,1.9808030625370066,1.7258119374758962,3.706615000012903,3.706615000012903,248.33203125,,853.40234375,0.0,0.0,,,0,32,"[0.5193485534584722, 1.0373269146504798, 0.029161515108107078, 0.002154557515413053, 0.10879753567807814]"
528,7.633125790509254,1.9151147410887175,7.386440163803684,0.24668562670556932,0.8665979267671458,110.84190906532733,5.742538594422086e-06,0.0004815014839639547,1.0,2.048366593740525,1.8132507812538279,3.8616173749943528,3.8616173749943528,248.33203125,,853.40234375,0.0,0.0,,,0,32,"[0.5189323464579103, 1.0375310820609434, 0.02938223201780778, 0.0012964366340914996, 0.10879753567807814]"
529,7.592713873326524,1.96191069698917,7.351419793639755,0.24129407968676964,0.8665745451366773,112.62707268306151,3.785977910064631e-05,0.00039348736603508287,1.0,2.1544433437554744,1.9642629374487797,4.118706281204254,4.118706281204254,248.33203125,,853.40234375,0.0,0.0,,,0,32,"[0.518508309979833, 1.0377345268086944, 0.029646975361264732, 0.0021382883205348707, 0.10879753567807814]"
530,7.572931623543971,1.889485072783462,7.3285825898639665,0.24434903368000543,0.8665520106361272,113.24050088979189,5.546574628034762e-06,0.00047560775152383694,1.0,2.25602721877749,2.326976093783628,4.583003312561118,4.583003312561118,248.33203125,,853.40234375,0.0,0.0,,,0,32,"[0.5180992581587671, 1.0379349882908813, 0.029854058161194845, 0.0012724889697524754, 0.10879753567807814]"
531,7.535993787808142,1.9422153615618278,7.2969420000649645,0.23905178774317704,0.8665293027757953,114.2223271513682,4.471570127018154e-05,0.00039584277771020167,1.0,2.3130003125260146,2.2578601874414517,4.570860499967466,4.570860499967466,248.33203125,,853.40234375,0.0,0.0,,,0,32,"[0.5176868200932095, 1.0381325539317174, 0.030102675754523193, 0.002126334360867119, 0.10879753567807814]"
532,7.5158938713387,1.866133866136742,7.273778695549258,0.24211517578944192,0.8665072325891878,114.78754244461248,5.378767508279481e-06,0.0004835396398868753,1.0,2.218419375012104,1.947176624994995,4.165596000007099,4.165596000007099,248.33203125,,853.40234375,0.0,0.0,,,0,32,"[0.5172856528252185, 1.0383290237926568, 0.030295256411100084, 0.0012526198150642819, 0.10879753567807814]"
533,7.480396983641207,1.9224265241081484,7.24352554067613,0.23687144296507745,0.8664850035089602,115.92340449623838,0.00041668391405913496,0.00038924890805156,1.0,2.3544545625213686,2.058173874985414,4.412628437506783,4.412628437506783,248.33203125,,853.40234375,0.0,0.0,,,0,32,"[0.5168814111554779, 1.0385224213549666, 0.030529325746889345, 0.0021154046094255955, 0.10879753567807814]"
534,7.460613215892963,1.8437028298407232,7.220672071367796,0.23994114452516607,0.8664634009392593,116.50601974728275,5.853396866317695e-06,0.00048206728209715865,1.0,2.153069374983829,1.8085677187826832,3.9616370937665124,3.9616370937665124,248.33203125,,853.40234375,0.0,0.0,,,0,32,"[0.5164880300717588, 1.038714873759367, 0.030710930579247384, 0.001234931395820175, 0.10879753567807814]"
535,7.426861010309025,1.9041139095619648,7.1920569885096555,0.23480402179937027,0.8664416648821599,117.10850380405829,0.0003181500275561966,0.000397230088262379,1.0,2.1665269062935977,1.8520185625163776,4.018545468809975,4.018545468809975,248.33203125,,853.40234375,0.0,0.0,,,0,32,"[0.5160920508189746, 1.0389039905212487, 0.03093446554653528, 0.0021052574267645674, 0.10879753567807814]"
536,7.408091449000998,1.823365254066538,7.17021855327137,0.23787289572962733,0.8664204232460007,118.30388034747297,5.534134086104814e-06,0.000491917577159493,1.0,2.212655593780255,2.061936468692238,4.274592062472493,4.274592062472493,248.33203125,,853.40234375,0.0,0.0,,,0,32,"[0.5157046830312498, 1.0390933480871463, 0.031104844331166212, 0.0012192207576484848, 0.10879753567807814]"
537,7.376299167878695,1.887575897874993,7.143502388496612,0.2327967793820839,0.866399176974107,118.53799789210201,3.648158405500368e-05,0.00039489902947371377,1.0,2.2996164062760727,2.6237823437611496,4.923398750037222,4.923398750037222,248.33203125,,853.40234375,0.0,0.0,,,0,32,"[0.5153171580329257, 1.0392781935620443, 0.031315724863911085, 0.0020973926810169984, 0.10879753567807814]"
538,7.357552517287234,1.8038700725008185,7.12168549494824,0.23586702233899326,0.8663783272023735,119.4373930160333,5.515872481876016e-06,0.0004982080030988904,1.0,2.2557156250258004,2.204600781311683,4.460316406337483,4.460316406337483,248.33203125,,853.40234375,0.0,0.0,,,0,32,"[0.5149364388531089, 1.039464177381633, 0.03147495776793722, 0.001205704502758313, 0.10879753567807814]"
539,7.326656891967877,1.8710800787279396,7.095802242325698,0.23085464964217936,0.8663574343131188,119.6559480762466,6.53902565810327e-05,0.00039042883455795525,1.0,2.3066693124320636,1.9040080313601493,4.210677343792213,4.210677343792213,248.33203125,,853.40234375,0.0,0.0,,,0,32,"[0.5145549234006963, 1.039645952694857, 0.03167476084736409, 0.002089719448629891, 0.10879753567807814]"
540,7.3075484567160505,1.7847639744540589,7.073655578915099,0.23389287780095086,0.8663369083588315,120.17305820115,4.962746087411318e-06,0.0004939240679630032,1.0,2.1933815624493036,1.7635435000471489,3.9569250624964525,3.9569250624964525,248.33203125,,853.40234375,0.0,0.0,,,0,32,"[0.5141790986627528, 1.0398291862787339, 0.031831511492823386, 0.0011949510678533853, 0.10879753567807814]"
541,7.277956233128068,1.8551407896041752,7.04898785523039,0.22896837789767802,0.8663162949190178,113.74189370468136,0.0002512402937822067,0.00039746850582038796,1.0,2.2057474687784406,1.8557298750039308,4.0614773437823715,4.0614773437823715,248.33203125,,853.40234375,0.0,0.0,,,0,32,"[0.5138022818627308, 1.0400085408429527, 0.03202082661516958, 0.002083770973101972, 0.10879753567807814]"
542,7.2555212642404605,1.7683955916571497,7.023672503302915,0.23184876093754575,0.8662948159469542,116.64587427165326,4.876825629551718e-06,0.0005044336553443,1.0,2.2830521875363274,1.983699781192172,4.266751968728499,4.266751968728499,248.33203125,,853.40234375,0.0,0.0,,,0,32,"[0.5134079425982172, 1.040200241562386, 0.03218609586819805, 0.001200349526319633, 0.10879753567807814]"
543,7.229180662946877,1.8403315140585725,7.0021747232049165,0.2270059397419606,0.8662737129239746,115.37487388937265,0.0005237854507100792,0.0004023271284542308,1.0,2.2652857187352993,1.8651526250721417,4.103832500064186,4.103832500064186,248.33203125,,853.40234375,0.0,0.0,,,0,32,"[0.5130211380848421, 1.040384021612033, 0.03237824682189187, 0.0020833473591476397, 0.10879753567807814]"
544,7.206003917622407,1.7510493926364386,6.976116196673299,0.22988772094910775,0.8662526757940507,116.63279131387868,4.775202882445484e-06,0.0005095382130989784,1.0,2.1689508749744846,1.8427395625337795,4.011690437508264,4.011690437508264,248.33203125,,853.40234375,0.0,0.0,,,0,32,"[0.5126343988201805, 1.0405719042847765, 0.03253264089433774, 0.001193799545455012, 0.10879753567807814]"
545,7.181661184149004,1.825881988229004,6.956555566741659,0.22510561740734475,0.8662317222739246,116.72407861034327,4.2797693464713404e-06,0.00039756144079721193,1.0,2.0146735625417023,1.8781822812030669,3.892855843744769,3.892855843744769,248.33203125,,853.40234375,0.0,0.0,,,0,32,"[0.5122498401841411, 1.0407544185129944, 0.03271642064619027, 0.0020798177251525347, 0.10879753567807814]"
546,7.158159235508287,1.7341037381204032,6.93018072937335,0.22797850613493648,0.8662110634443357,117.40618767207958,4.290455271060978e-06,0.0005050137812430068,1.0,2.0898664062372063,1.826140000076748,3.9160064063139544,3.9160064063139544,248.33203125,,853.40234375,0.0,0.0,,,0,32,"[0.5118695353177187, 1.0409390389478086, 0.032861300263674745, 0.0011852265335672019, 0.10879753567807814]"
547,7.134854432016088,1.8115204198960235,6.911577924654825,0.22327650736126287,0.8661904008861149,117.899223580945,3.818994458448799e-06,0.00039816949679742614,1.0,2.184718249949924,1.8127781562924383,3.9974964062423624,3.9974964062423624,248.33203125,,853.40234375,0.0,0.0,,,0,32,"[0.511489855040484, 1.0411190322168251, 0.03303599310954826, 0.0020756914232671784, 0.10879753567807814]"
548,7.111513765022175,1.7176098290821664,6.885367185376643,0.22614657964553175,0.8661700764085636,118.66017334838065,3.988045401914775e-06,0.0005095613239992075,1.0,2.207747468702337,1.8384012500121116,4.0461487187144485,4.0461487187144485,248.33203125,,853.40234375,0.0,0.0,,,0,32,"[0.5111153165415094, 1.0413007657469568, 0.03317046163347234, 0.0011764628355958198, 0.10879753567807814]"
549,7.08977277914261,1.7982001378856882,6.86825355702625,0.22151922211636033,0.8661497772723484,118.85539697385532,4.211427133249401e-06,0.0004014267287232634,1.0,2.254231968706222,1.9934671875319054,4.247699156238127,4.247699156238127,248.33203125,,853.40234375,0.0,0.0,,,0,32,"[0.510741961642134, 1.0414775872033046, 0.03333481264904935, 0.0020721910507181503, 0.10879753567807814]"
550,7.066361124682226,1.7021568964297153,6.8419825965585535,0.22437852812367348,0.8661297456511386,119.93298580115362,3.942748795893181e-06,0.0005163223492433576,1.0,2.3324026250293173,2.1524480312393734,4.484850656268691,4.484850656268691,248.33203125,,853.40234375,0.0,0.0,,,0,32,"[0.5103723055157527, 1.0416568038606486, 0.03346164595085348, 0.0011693349982310115, 0.10879753567807814]"
551,7.044920660538658,1.7846605719542443,6.825144481779543,0.21977617875911484,0.8661098058638648,115.46018500926397,4.070228692754085e-06,0.00040181392374844557,1.0,2.3444738124709374,2.0059640000624768,4.350437812533414,4.350437812533414,248.33203125,,853.40234375,0.0,0.0,,,0,32,"[0.5100050881912367, 1.0418304973437806, 0.03361799344507821, 0.0020696335440159043, 0.10879753567807814]"
552,7.019170146438425,1.6903607537193286,6.796664434241864,0.22250571219656148,0.8660883084323701,114.83644878215674,4.5188530362061385e-06,0.0005240955132157395,1.0,2.3742485937532365,2.0643229999848245,4.438571593738061,4.438571593738061,248.33203125,,853.40234375,0.0,0.0,,,0,32,"[0.5096077281648049, 1.0420226836084305, 0.0337510452421474, 0.0011822403569952307, 0.10879753567807814]"
553,6.99867568234297,1.7715450305147609,6.780761948039492,0.217913734303478,0.866067616058425,121.14491810403626,5.240541673945387e-06,0.00039742064190829605,1.0,2.2152276875004873,1.8140511561881567,4.029278843688644,4.029278843688644,248.33203125,,853.40234375,0.0,0.0,,,0,32,"[0.5092260754810812, 1.0422031025522778, 0.03390597188398323, 0.002075430129304047, 0.10879753567807814]"
554,6.974376836430778,1.6758649101554235,6.753635694613516,0.22074114181726168,0.8660472674411519,116.2159085739192,4.552030181237399e-06,0.0005209749346939867,1.0,2.2005420937176723,1.884880968745506,4.085423062463178,4.085423062463178,248.33203125,,853.40234375,0.0,0.0,,,0,32,"[0.5088494673602747, 1.0423852334176302, 0.03402525956858238, 0.0011750051632288612, 0.10879753567807814]"
555,6.952541437880538,1.757357007224344,6.736384793756776,0.21615664412376195,0.8660269726436822,120.25289493770327,4.6648621538913915e-06,0.00039277066521787473,1.0,2.1650014061975753,1.762214500061532,3.927215906259107,3.927215906259107,248.33203125,,853.40234375,0.0,0.0,,,0,32,"[0.5084746694426484, 1.0425621844185788, 0.034172062903563345, 0.0020731497201041636, 0.10879753567807814]"
556,6.92651011030238,1.6619336584855584,6.707623080281252,0.2188870300211277,0.8660056806605824,119.27727126740953,5.061058564237442e-06,0.0005223829668123499,1.0,2.364339468769572,2.127274312414329,4.491613781183901,4.491613781183901,248.33203125,,853.40234375,0.0,0.0,,,0,32,"[0.5080798024686143, 1.042752701434293, 0.03429527118983162, 0.0011828671482567174, 0.10879753567807814]"
557,6.90488940002791,1.7432711978666238,6.690587275316872,0.2143021247110381,0.8659850553170151,121.4662261359731,6.619255927553525e-05,0.00038608948411827124,1.0,2.4039333750351943,2.300064343742747,4.703997718777941,4.703997718777941,248.33203125,,853.40234375,0.0,0.0,,,0,32,"[0.5076982402399953, 1.0429326488646888, 0.034439440658525174, 0.00207798968304281, 0.10879753567807814]"
558,6.879037266374548,1.6470092261469733,6.661981121228051,0.2170561451464969,0.8659641112907687,126.03060118601316,4.975973114884624e-06,0.0005224534467150879,1.0,2.2046365625101316,1.8092998125354143,4.013936375045546,4.013936375045546,248.33203125,,853.40234375,0.0,0.0,,,0,32,"[0.5073090858176325, 1.0431201749072123, 0.034557550018181345, 0.0011838739197926077, 0.10879753567807814]"
559,6.858320008283803,1.7303607281579383,6.645822995887842,0.21249701239596006,0.8659437561239365,123.03869739650699,0.0002080029403899175,0.00039453481728620766,1.0,2.040200374992196,1.7179772187176923,3.7581775937098882,3.7581775937098882,248.33203125,,853.40234375,0.0,0.0,,,0,32,"[0.5069314312622949, 1.0432978279957754, 0.03470201214510979, 0.002081062367578314, 0.10879753567807814]"
560,6.831508257897739,1.6319620674153519,6.616273826381061,0.2152344315166786,0.8659232083811411,125.9669267574817,5.254467800863694e-06,0.0005189343817767211,1.0,2.039326343762582,1.9463114687567895,3.9856378125193714,3.9856378125193714,248.33203125,,853.40234375,0.0,0.0,,,0,32,"[0.5065490924310245, 1.0434819226688274, 0.034812742124993266, 0.0011823605032141174, 0.10879753567807814]"
561,6.812546077670005,1.7174329931728627,6.601803751535006,0.21074232613499866,0.8659029842796125,124.164525257476,4.9025596360330326e-06,0.00040277767075229116,1.0,2.113167156224449,1.7768338125421224,3.8900009687665715,3.8900009687665715,248.33203125,,853.40234375,0.0,0.0,,,0,32,"[0.5061733218701777, 1.043658472665845, 0.03495174362485045, 0.0020814184363816346, 0.10879753567807814]"
562,6.785386030708414,1.6170717877467526,6.571926429319345,0.2134596013890681,0.865882750981711,126.79939002549095,4.4828369420990555e-06,0.0005134611525624231,1.0,2.077123750026999,1.7829094687442648,3.860033218771264,3.860033218771264,248.33203125,,853.40234375,0.0,0.0,,,0,32,"[0.5057962572668433, 1.0438398571587122, 0.035056343131231175, 0.0011792095393269929, 0.10879753567807814]"
563,6.767874678828976,1.7046517861807586,6.558845134883386,0.2090295439455902,0.8658628011293463,147.5037111085244,5.702387135375631e-06,0.0004028119847037647,1.0,2.2000376250019826,1.929196093769292,4.129233718771275,4.129233718771275,248.33203125,,853.40234375,0.0,0.0,,,0,32,"[0.5054250591004152, 1.0440140314700908, 0.03518936103328625, 0.0020815295868872666, 0.10879753567807814]"
564,6.746001431300632,1.6006616522855208,6.534018580484838,0.21198285081579477,0.8658459148467412,135.65297103355684,4.407045462784254e-06,0.0005233283467785035,1.0,2.2741294375094867,2.018630281227729,4.292759718737216,4.292759718737216,248.33203125,,853.40234375,0.0,0.0,,,0,32,"[0.5051100112665722, 1.044165925919811, 0.035269522766529796, 0.0011481234399938886, 0.10879753567807814]"
565,6.726512549375549,1.691194071099797,6.518900212607299,0.20761233676825003,0.8658274033596235,123.78079485002215,1.8538418499414178e-05,0.000406755884974303,1.0,2.184793843753141,1.9939752187951854,4.1787690625483265,4.1787690625483265,248.33203125,,853.40234375,0.0,0.0,,,0,32,"[0.5047652224157017, 1.044327379906725, 0.03539155708436858, 0.002064726344033893, 0.10879753567807814]"
566,6.701201050310939,1.5879148087457835,6.4909393678949865,0.2102616824159529,0.8658073604091088,132.6500726620819,5.289321446610984e-06,0.000518397794066715,1.0,2.1864181875059785,1.9226340312599177,4.109052218765896,4.109052218765896,248.33203125,,853.40234375,0.0,0.0,,,0,32,"[0.504390500747269, 1.0445072105253324, 0.03548879142991412, 0.0011604088655647973, 0.10879753567807814]"
567,6.681670604713982,1.677358121176815,6.475799302780873,0.2058713019331092,0.8657885530760169,145.59098234364694,5.974958748211634e-06,0.00038849871185983733,1.0,2.4340480312758928,1.887849687463472,4.321897718739365,4.321897718739365,248.33203125,,853.40234375,0.0,0.0,,,0,32,"[0.5040396771502611, 1.044671345236338, 0.03560825558129011, 0.0020745811233813857, 0.10879753567807814]"
568,6.6604538502825985,1.575135993573818,6.451700410741793,0.20875343954080516,0.8657709294270661,135.41897748622816,6.102759420034687e-06,0.0005357541006392829,1.0,2.296117906212203,1.9414199688156941,4.237537875027897,4.237537875027897,248.33203125,,853.40234375,0.0,0.0,,,0,32,"[0.5037093677678406, 1.0448298866759729, 0.03569265420223429, 0.0011479543395108687, 0.10879753567807814]"
569,6.637159827946634,1.662688232162705,6.432848035808703,0.20431179213793155,0.8657526212563856,141.85535111268695,5.005404542846037e-06,0.0003919330967730063,1.0,2.3294173437733434,1.946256906236954,4.275674250010297,4.275674250010297,248.33203125,,853.40234375,0.0,0.0,,,0,32,"[0.5033671058099374, 1.0449896607562026, 0.03581011061632393, 0.0020663948581337065, 0.10879753567807814]"
570,6.6176797670650345,1.562869456460752,6.410551649591201,0.20712811747383392,0.865733865556784,134.8214447285953,7.077275961275831e-06,0.000538055852814611,1.0,2.333663249970641,2.0730474063412885,4.40671065631193,4.40671065631193,248.33203125,,853.40234375,0.0,0.0,,,0,32,"[0.503014584414346, 1.0451582892677727, 0.03590336284926489, 0.0011506453772234131, 0.10879753567807814]"
571,6.591769116741079,1.6478545457482818,6.389144963720727,0.20262415302035208,0.865715590811369,137.7120273597701,5.437369363647804e-06,0.0003843544208272849,1.0,2.357613937562064,2.085642187481085,4.443256125043149,4.443256125043149,248.33203125,,853.40234375,0.0,0.0,,,0,32,"[0.502672159640478, 1.0453178404964338, 0.03602074457326829, 0.0020690734966449186, 0.10879753567807814]"
572,6.570731014157599,1.548394184323485,6.365402813956443,0.20532820020115625,0.8656955718338442,138.72122054827904,6.3141640365138585e-06,0.0005153350413724566,1.0,2.192010781257636,2.0213844687475557,4.213395250005192,4.213395250005192,248.33203125,,853.40234375,0.0,0.0,,,0,32,"[0.5022947286875553, 1.0454977318273755, 0.036125409767428514, 0.0011667264558898913, 0.10879753567807814]"
573,6.545772227822729,1.6341399481075438,6.344950492986275,0.2008217348364546,0.8656770810027281,140.03794194755625,6.517817481732635e-06,0.0003882522748074615,1.0,2.1266808749231814,1.7639428438087634,3.890623718731945,3.890623718731945,248.33203125,,853.40234375,0.0,0.0,,,0,32,"[0.5019471695916051, 1.0456593009151918, 0.036246613031785474, 0.0020823726066455986, 0.10879753567807814]"
574,6.524377444493494,1.532734709549117,6.3208187052662455,0.20355873922724915,0.8656575067120571,142.11625551529144,6.323845454847543e-06,0.0005018139983297885,1.0,2.0387254374441,1.7119363125459586,3.7506617499900585,3.7506617499900585,248.33203125,,853.40234375,0.0,0.0,,,0,32,"[0.50157763251877, 1.0458353146070285, 0.036344694045047095, 0.001175266412793937, 0.10879753567807814]"
575,6.499623192028113,1.6191908183043067,6.300549521750102,0.19907367027801065,0.8656388016931453,141.20428425869585,7.584809991634245e-06,0.00038682092474799526,1.0,2.0507423749904774,1.7149337812156773,3.7656761562061547,3.7656761562061547,248.33203125,,853.40234375,0.0,0.0,,,0,32,"[0.5012254309956755, 1.0459988504392008, 0.036464373197152754, 0.0020889879345263158, 0.10879753567807814]"
576,6.476544044686131,1.5159932373595002,6.274756946212896,0.20178709847323587,0.8656195059815367,148.31448094232482,7.899676595091165e-06,0.0004911308162026408,1.0,2.1120067500817186,1.8554904687420049,3.9674972188237234,3.9674972188237234,248.33203125,,853.40234375,0.0,0.0,,,0,32,"[0.5008606225593094, 1.046172456815786, 0.03655748775945249, 0.001178985017468979, 0.10879753567807814]"
577,6.454145132026459,1.603847655606783,6.256782592082965,0.19736253994349456,0.865600927680091,141.96250582128312,1.2492531594965328e-05,0.00038945289523477356,1.0,2.2772940624946614,2.4490736562654547,4.726367718760116,4.726367718760116,248.33203125,,853.40234375,0.0,0.0,,,0,32,"[0.5005097471622972, 1.0463349621851414, 0.036679547389146576, 0.0020930856177866723, 0.10879753567807814]"
578,6.429653456784259,1.4994273765791808,6.229597355231803,0.20005610155245623,0.8655818516335434,147.8324082245796,8.971149748848717e-06,0.0004898639893283358,1.0,2.074524531252564,1.9108758749837307,3.9854004062362947,3.9854004062362947,248.33203125,,853.40234375,0.0,0.0,,,0,32,"[0.5001485679329869, 1.0465066809228407, 0.03676819864474217, 0.0011808339012527621, 0.10879753567807814]"
579,6.4078490782327115,1.5879251640992569,6.212183581072736,0.19566549715997616,0.8655633322840763,142.88039238915658,6.266495305284892e-05,0.00039354449878505407,1.0,1.9873250312514301,1.6800615625243154,3.6673865937757455,3.6673865937757455,248.33203125,,853.40234375,0.0,0.0,,,0,32,"[0.49979831481851267, 1.0466687147676437, 0.03688644956970045, 0.0020957571262754967, 0.10879753567807814]"
580,6.383101659347812,1.4835543071007924,6.184741443959842,0.19836021538796958,0.8655444948413537,147.2196612929663,1.0427312385985488e-05,0.0004971048387747179,1.0,2.0689106874129948,1.6432407501270063,3.712151437540001,3.712151437540001,248.33203125,,853.40234375,0.0,0.0,,,0,32,"[0.49944110178041873, 1.0468383784344362, 0.03697083500805787, 0.0011811576601814806, 0.10879753567807814]"
581,6.362002958166338,1.572068073558275,6.16800118967781,0.19400176848852796,0.8655260155787011,143.45919758022154,1.0009452115156137e-05,0.00040102719488622845,1.0,2.1597300000308906,1.82671928124023,3.9864492812711205,3.9864492812711205,248.33203125,,853.40234375,0.0,0.0,,,0,32,"[0.49909107739733616, 1.0470001108343814, 0.03708586560139217, 0.002096632140794029, 0.10879753567807814]"
582,6.337287891684957,1.4675340841374742,6.140615877327358,0.19667201435759873,0.86550736206926,147.22588531250204,1.147683385038789e-05,0.0005080805181927048,1.0,2.028955156205825,1.7242203125817923,3.7531754687876173,3.7531754687876173,248.33203125,,853.40234375,0.0,0.0,,,0,32,"[0.4987360185780859, 1.0471682555892339, 0.0371754892142023, 0.001181411848014719, 0.10879753567807814]"
583,6.315141339711545,1.5558130102665502,6.122826917833023,0.19231442187852285,0.8654889970199314,139.20312405725116,4.10139886994898e-05,0.0003926380637135346,1.0,2.2014751875047978,1.9531891249897626,4.107466031243234,4.107466031243234,248.33203125,,853.40234375,0.0,0.0,,,0,32,"[0.49838723937045126, 1.047329056282345, 0.03729158310110751, 0.0020973913296844695, 0.10879753567807814]"
584,6.289605148636644,1.4502974406493807,6.094694161155297,0.19491098748134683,0.8654698782054332,146.04325288323633,1.2080609299580658e-05,0.0005090188178401614,1.0,2.198327687466417,2.0654196562617244,4.2637473437281415,4.2637473437281415,248.33203125,,853.40234375,0.0,0.0,,,0,32,"[0.4980224119134232, 1.0475014051333926, 0.03738449055657227, 0.001187135868366032, 0.10879753567807814]"
585,6.268064541289342,1.5397948217855646,6.077478196730683,0.19058634455866,0.8654514812927934,140.61617863789635,2.4152197263926922e-05,0.00038125694868591234,1.0,2.1893657499703068,1.8795329062442079,4.068898656214515,4.068898656214515,248.33203125,,853.40234375,0.0,0.0,,,0,32,"[0.49767208557547493, 1.047662576839113, 0.037502076670687445, 0.0021022689974692357, 0.10879753567807814]"
586,6.2421585046201145,1.4328231026133114,6.048979928209665,0.1931785764104506,0.8654326715039624,145.47477926036402,1.0674774842733825e-05,0.0005064940393486644,1.0,2.2074724375329424,1.8035922812629224,4.011064718795865,4.011064718795865,248.33203125,,853.40234375,0.0,0.0,,,0,32,"[0.4973126639888335, 1.047832238776957, 0.037589320455371174, 0.0011888033593978249, 0.10879753567807814]"
587,6.22125099913067,1.5232164465979867,6.032351948988028,0.18889905014264255,0.8654143253159037,141.3082961692048,2.2587845305288567e-05,0.00036375618883086204,1.0,2.3025194062853416,2.3472414999048397,4.649760906190181,4.649760906190181,248.33203125,,853.40234375,0.0,0.0,,,0,32,"[0.4969627962987457, 1.0479930115838474, 0.037703157059908024, 0.002104655930210809, 0.10879753567807814]"
588,6.195210398302334,1.4148456455212404,6.003738312919494,0.19147208538283947,0.8653957295424386,145.57687402086995,9.529081649528592e-06,0.0004991115179567257,1.0,2.1900569375219447,1.759651218733893,3.949708156255838,3.949708156255838,248.33203125,,853.40234375,0.0,0.0,,,0,32,"[0.4966068806182013, 1.048160834048938, 0.03778648840420618, 0.0011891148139243483, 0.10879753567807814]"
589,6.176123515540112,1.507150691712664,5.988858806296384,0.18726470924372984,0.8653775206847993,141.9127344065787,1.323893794680231e-05,0.000360404001423188,1.0,2.306965062516042,2.187229812506075,4.494194875022117,4.494194875022117,248.33203125,,853.40234375,0.0,0.0,,,0,32,"[0.49625912942441774, 1.0483204349247064, 0.037896300478727246, 0.002106468603890602, 0.10879753567807814]"
590,6.147986799049112,1.3963693122542304,5.958207858836549,0.18977894021256275,0.8653591212816046,145.59905319557026,8.585215760525955e-06,0.00048330470781572134,1.0,2.4732549999981757,2.6066747188195905,5.079929718817766,5.079929718817766,248.33203125,,853.40234375,0.0,0.0,,,0,32,"[0.4959064155588266, 1.0484865718912997, 0.03797590072184504, 0.001189050902597198, 0.10879753567807814]"
591,6.131785991091501,1.4914651685340359,5.9461189404770405,0.1856670506144605,0.8653410406340012,142.4079811929388,0.00014569862498214903,0.0003572441972060755,1.0,2.3683865312875696,1.8480009686925314,4.185482312465183,4.185482312465183,248.33203125,,853.40234375,0.0,0.0,,,0,32,"[0.4955605737894314, 1.0486450838032382, 0.038082136350878926, 0.0021077355249998044, 0.10879753567807814]"
592,6.101761225741198,1.3784391311889588,5.91363306557648,0.18812816016471826,0.8653228210042968,145.76173371466442,8.401614785213951e-06,0.00047357472347233043,1.0,2.261071531250991,1.8154956874809614,4.0523868437389865,4.0523868437389865,248.33203125,,853.40234375,0.0,0.0,,,0,32,"[0.49521074342195215, 1.0488096820486805, 0.03815837371348598, 0.0011886522882201818, 0.10879753567807814]"
593,6.088033278911801,1.47625049570642,5.903934554611999,0.18409872429980212,0.8653048847927061,142.9228176559387,0.00010585961869491456,0.0003561916226775361,1.0,2.1756191874686692,1.7551850938133384,3.9308042812820077,3.9308042812820077,248.33203125,,853.40234375,0.0,0.0,,,0,32,"[0.49486713753080636, 1.048966958830656, 0.03826105677371604, 0.0021087909704649477, 0.10879753567807814]"
594,6.056988169810051,1.3611165356882409,5.870468128029568,0.1865200417804828,0.8652868442426997,146.48469804019066,7.070953392585011e-06,0.0004684741901707564,1.0,2.212357468721393,1.9936221875553883,4.2059796562767815,4.2059796562767815,248.33203125,,853.40234375,0.0,0.0,,,0,32,"[0.4945201964991511, 1.0491300225893532, 0.0383339580298384, 0.0011880697650996565, 0.10879753567807814]"
595,6.044944567843029,1.4614379989425037,5.862384007710343,0.18256056013268604,0.8652691195105441,143.43806955599786,5.639241199828504e-05,0.00035388838649462744,1.0,2.221086156282581,1.85557343749565,4.076659593778231,4.076659593778231,248.33203125,,853.40234375,0.0,0.0,,,0,32,"[0.49418012500791064, 1.0492854649790242, 0.03843307160585436, 0.0021102224332561603, 0.10879753567807814]"
596,6.012976829365515,1.3447076346695073,5.828028357468458,0.18494847189705604,0.8652512559851675,146.92647022182848,7.233658948280208e-06,0.0004671599185483319,1.0,2.370042531282479,2.5073484999467155,4.877391031229195,4.877391031229195,248.33203125,,853.40234375,0.0,0.0,,,0,32,"[0.493836033594995, 1.0494470118383157, 0.038502895213736975, 0.0011879272659734573, 0.10879753567807814]"
597,6.0021359475662095,1.4471509519642576,5.821084905132453,0.18105104243375691,0.8652337038368794,144.10193820164352,2.32363723124962e-05,0.0003529000330719456,1.0,2.3083105624692735,1.927077406307376,4.183783968770172,4.183783968770172,248.33203125,,853.40234375,0.0,0.0,,,0,32,"[0.4934987535684, 1.049600966418085, 0.03859880729258938, 0.0021116918702739026, 0.10879753567807814]"
598,5.970044294239102,1.3286737703414784,5.786633234220732,0.1834110600183703,0.8652160329635463,147.52218056999982,6.703234153970783e-06,0.0004680747557156606,1.0,2.064261812535051,1.7551274687406249,3.819389281275676,3.819389281275676,248.33203125,,853.40234375,0.0,0.0,,,0,32,"[0.49315781793284025, 1.0497608564196925, 0.03866560220786355, 0.0011877132346524194, 0.10879753567807814]"
599,5.9599690465581965,1.433115380827805,5.780399768061393,0.17956927849680207,0.8651986683268268,144.46316478455597,5.066257029007204e-05,0.00034929430304614535,1.0,2.0513049063168864,1.9487616249449502,4.000066531261837,4.000066531261837,248.33203125,,853.40234375,0.0,0.0,,,0,32,"[0.49282365489288854, 1.0499131867725167, 0.038758153535030294, 0.00211322108344595, 0.10879753567807814]"
600,5.928174769407608,1.3125355554205036,5.746274984113228,0.18189978529437945,0.8651811527117982,148.54119251883162,6.461781871358596e-06,0.0004667937011969404,1.0,2.215519218736972,1.9702829687702206,4.185802187507193,4.185802187507193,248.33203125,,853.40234375,0.0,0.0,,,0,32,"[0.49248517588381, 1.0500717501695844, 0.03882208985865134, 0.0011879093759412152, 0.10879753567807814]"
601,5.918849350494045,1.4192970259514948,5.740740056222872,0.17810929427117186,0.8651640235080523,144.6029232014375,5.159077294702996e-06,0.0003467850213335976,1.0,2.1645245936809943,1.6705461563333301,3.8350707500143244,3.8350707500143244,248.33203125,,853.40234375,0.0,0.0,,,0,32,"[0.4921550588828308, 1.0502220276891594, 0.03891138130557633, 0.0021155226953156825, 0.10879753567807814]"
602,5.886665508861686,1.297028485893353,5.7062612825423,0.1804042263193854,0.8651466311198621,148.89208455010328,7.220761658377484e-06,0.0004663487989402645,1.0,2.227060593781971,2.1136859999728586,4.3407465937548295,4.3407465937548295,248.33203125,,853.40234375,0.0,0.0,,,0,32,"[0.4918180253409386, 1.0503795766156598, 0.03897708658861056, 0.0011896341797914922, 0.10879753567807814]"
603,5.878509611834679,1.4056436892703597,5.701847037726358,0.1766625741083223,0.8651296553274237,145.1309312768215,1.8224617695405954e-05,0.00034704356124919784,1.0,2.33645587498188,2.093047749951893,4.429503624933773,4.429503624933773,248.33203125,,853.40234375,0.0,0.0,,,0,32,"[0.49149037835783715, 1.0505285334030023, 0.03906351006798436, 0.0021186068985416424, 0.10879753567807814]"
604,5.845660088707573,1.281810865474852,5.666728524203218,0.17893156450435524,0.8651124315563694,149.57531268869067,5.4061481296052705e-06,0.0004662750163537912,1.0,2.4664894375518998,2.3480835624667407,4.81457300001864,4.81457300001864,248.33203125,,853.40234375,0.0,0.0,,,0,32,"[0.491156093035681, 1.0506846339241527, 0.039126446147745936, 0.0011912854868661724, 0.10879753567807814]"
605,5.838536186102669,1.3920896270224878,5.663297998769505,0.1752381873331639,0.8650956414417084,145.4629805317026,1.0426354760451062e-05,0.000347067622353645,1.0,2.316657468725225,2.08746265629145,4.404120125016675,4.404120125016675,248.33203125,,853.40234375,0.0,0.0,,,0,32,"[0.4908311470224823, 1.0508320115563499, 0.0392142566704126, 0.002121328084892356, 0.10879753567807814]"
606,5.8048108263478575,1.26710027149517,5.62733617020811,0.1774746561397471,0.8650785625911502,149.64568613671761,3.873051836134067e-06,0.00046784612294610496,1.0,2.477819281267557,1.941527843726476,4.3007149687355195,4.3007149687355195,248.33203125,,853.40234375,0.0,0.0,,,0,32,"[0.4904991565563182, 1.0509868736232502, 0.03927462254416807, 0.0011928045085103484, 0.10879753567807814]"
607,5.796574232813587,1.3786938618139508,5.622741164630123,0.1738330681834633,0.8650618903912689,145.4943504463612,2.5658831038999352e-05,0.0003508791618442687,1.0,2.1793375313023944,1.8377786561671883,4.017116187469583,4.017116187469583,248.33203125,,853.40234375,0.0,0.0,,,0,32,"[0.4901760060437633, 1.0511332461598144, 0.03935983692977512, 0.0021238723552652865, 0.10879753567807814]"
608,5.763954287283975,1.252886508816767,5.587926761017717,0.1760275262662585,0.8650449247564371,149.50064908313558,4.1155696988148804e-06,0.000469968670565151,1.0,2.169230843776404,1.7980369687649045,3.9672678125413086,3.9672678125413086,248.33203125,,853.40234375,0.0,0.0,,,0,32,"[0.4898454227627798, 1.051287169960634, 0.03942037552247708, 0.001194702168125655, 0.10879753567807814]"
609,5.758015796907571,1.3655132368846508,5.585578320281405,0.17243747662616662,0.8650283424172189,145.72889004267282,2.560590997946477e-05,0.0003493041966793817,1.0,2.293731874971172,2.049506437529658,4.34323831250083,4.34323831250083,248.33203125,,853.40234375,0.0,0.0,,,0,32,"[0.4895232602404622, 1.0514328083414435, 0.03950588483356074, 0.00212620038549765, 0.10879753567807814]"
610,5.723487201374529,1.238912728951947,5.548888669275065,0.17459853209946405,0.8650115064397639,149.29505268040486,4.14978939566879e-06,0.0004738858017486447,1.0,2.3043179374440115,1.8895967187120277,4.193914656156039,4.193914656156039,248.33203125,,853.40234375,0.0,0.0,,,0,32,"[0.48919470738009596, 1.0515856270013586, 0.03956396039317031, 0.00119597100276298, 0.10879753567807814]"
611,5.719601423964159,1.3526764721276734,5.548539482830448,0.17106194113371043,0.8649950096018535,145.98894963140117,2.327501221888184e-05,0.00034343427295591557,1.0,2.325688781283475,2.0496510624781195,4.371649312517434,4.371649312517434,248.33203125,,853.40234375,0.0,0.0,,,0,32,"[0.48887371322388085, 1.0517305495054898, 0.039647102282523744, 0.002128198252797448, 0.10879753567807814]"
612,5.684124155927737,1.2249745250248845,5.510931221378247,0.17319293454949128,0.8649783055660581,149.67129425162057,4.086129178570985e-06,0.0004743966420302521,1.0,2.1973801875248,1.8981809999445431,4.095561187469343,4.095561187469343,248.33203125,,853.40234375,0.0,0.0,,,0,32,"[0.48854723423863083, 1.0518822423181273, 0.03970281325192181, 0.0011969104075675403, 0.10879753567807814]"
613,5.68377751770587,1.3402939610055986,5.51407101658047,0.16970650112540026,0.8649619585982343,146.6522472733085,4.383744161895464e-06,0.00034703137160529567,1.0,2.088280999998915,1.7697126875333424,3.8579936875322574,3.8579936875322574,248.33203125,,853.40234375,0.0,0.0,,,0,32,"[0.48822868450852736, 1.0520258710872064, 0.03978339648957699, 0.0021304001975239496, 0.10879753567807814]"
614,5.645426947877563,1.2111204223835605,5.4736122738162845,0.17181467406127787,0.8649454229130673,150.99026461444782,4.020465083520719e-06,0.0004626557090341236,1.0,2.0474756562407492,1.6313263436700254,3.6788019999107746,3.6788019999107746,248.33203125,,853.40234375,0.0,0.0,,,0,32,"[0.48790506163219444, 1.052176108930493, 0.03983637691611503, 0.0011977213145409672, 0.10879753567807814]"
615,5.646232187269715,1.3282573236456316,5.477857352614027,0.1683748346556878,0.8649293309380662,146.84906988311988,4.334700830277427e-06,0.00034287366676215774,1.0,2.2025020312526067,1.886376500010556,4.060359687514392,4.060359687514392,248.33203125,,853.40234375,0.0,0.0,,,0,32,"[0.4875910102755686, 1.0523175021247664, 0.03991429067423604, 0.0021333008976391434, 0.10879753567807814]"
616,5.607890137130633,1.1971264410809799,5.43743564388234,0.17045449324829362,0.8649129182269308,152.04080939876215,4.696036312701324e-06,0.0004578719431731534,1.0,2.0930674062782373,2.1417288437106663,4.234796249988904,4.234796249988904,248.33203125,,853.40234375,0.0,0.0,,,0,32,"[0.48726930437336613, 1.0524666916845429, 0.03996506241755653, 0.001199668198007223, 0.10879753567807814]"
617,5.609773239026337,1.3166181529623167,5.442709523746296,0.16706371528004088,0.8648970443007462,147.0987392384381,4.2405730691363885e-06,0.00034036976425253667,1.0,2.115304593729661,1.9366308438293345,4.0519354375589955,4.0519354375589955,248.33203125,,853.40234375,0.0,0.0,,,0,32,"[0.48695907165009866, 1.0526061770066615, 0.040040327175754, 0.002137023370020999, 0.10879753567807814]"
618,5.570446905043963,1.1839103406691653,5.401334581133266,0.16911232391069647,0.8648807574205056,152.25102959060348,5.511095260590793e-06,0.00046059697901479975,1.0,2.1587136249934247,1.8577672500157405,4.016480875009165,4.016480875009165,248.33203125,,853.40234375,0.0,0.0,,,0,32,"[0.48663935342757686, 1.0527542915159462, 0.04008897703983499, 0.0012024242361396709, 0.10879753567807814]"
619,5.574183296064695,1.3051081984994832,5.40841084745813,0.16577244860656565,0.864865007185187,147.49367052461216,4.119132796187586e-06,0.00034200957353617493,1.0,2.356662874944959,2.1946788125859484,4.551341687530908,4.551341687530908,248.33203125,,853.40234375,0.0,0.0,,,0,32,"[0.48633111759148434, 1.0528927120210954, 0.040161721954442446, 0.002140794424552209, 0.10879753567807814]"
620,5.532776225775903,1.1712229788947695,5.364983470993027,0.16779275478287514,0.8648488584102364,152.6334450362127,5.361864000352767e-06,0.0004576161435117411,1.0,2.182488593746257,1.780969000009236,3.963457593755493,3.963457593755493,248.33203125,,853.40234375,0.0,0.0,,,0,32,"[0.4860136455007555, 1.0530396405419093, 0.0402082381369314, 0.001205134376165879, 0.10879753567807814]"
621,5.538481093527871,1.2937006475815067,5.373982779535897,0.16449831399197365,0.8648332511419311,147.83334070880335,4.406043066840226e-06,0.00034133115576468387,1.0,2.1848119374965336,1.9281900624861237,4.113001999982657,4.113001999982657,248.33203125,,853.40234375,0.0,0.0,,,0,32,"[0.48570775062217164, 1.0531768254953868, 0.0402787899978487, 0.002144618834108979, 0.10879753567807814]"
622,5.492079456577317,1.1614860253916262,5.3255773471803085,0.1665021093970088,0.8648172348362849,171.51601084972185,6.894938084966995e-05,0.00045246757759421347,1.0,2.180105531266463,2.018232312465784,4.198337843732247,4.198337843732247,248.33203125,,853.40234375,0.0,0.0,,,0,32,"[0.4853924124508324, 1.0533226178254418, 0.040323264219160035, 0.0012079606905836325, 0.10879753567807814]"
623,5.5063248608302935,1.285173715475926,5.343055610627985,0.16326925020230826,0.8648034432442626,149.3746480138166,4.02791111886458e-06,0.00034486666851820676,1.0,2.319550562546624,2.301367374940355,4.620917937486979,4.620917937486979,248.33203125,,853.40234375,0.0,0.0,,,0,32,"[0.4851218729337866, 1.053443557792937, 0.04038607255344744, 0.002160975384658652, 0.10879753567807814]"
624,5.457396277286671,1.1512202022636724,5.292127589571565,0.16526868771510558,0.8647876760770524,151.61658941904741,6.793159948159655e-05,0.00045172965616978967,1.0,2.223892562469132,1.8991563750176965,4.123048937486828,4.123048937486828,248.33203125,,853.40234375,0.0,0.0,,,0,32,"[0.48481106645856026, 1.053587162684457, 0.04042781816668492, 0.0012223411247552851, 0.10879753567807814]"
625,5.471793858082094,1.2738525906156415,5.309758924506092,0.16203493357600285,0.8647721710290807,149.36835644821903,8.877033022436365e-06,0.00034285309433282205,1.0,2.4771401874659205,1.9014151562686266,4.224403781236674,4.224403781236674,248.33203125,,853.40234375,0.0,0.0,,,0,32,"[0.4845062345097836, 1.0537235232125401, 0.040494673492991226, 0.002162561128121743, 0.10879753567807814]"
626,5.422156403470611,1.1386575275026325,5.258150049563027,0.16400635390758395,0.8647564932169729,152.68409880064326,6.79630025048894e-05,0.0004519154818070998,1.0,2.136580843767888,1.8559349687308213,3.9925158124987092,3.9925158124987092,248.33203125,,853.40234375,0.0,0.0,,,0,32,"[0.48419649469819637, 1.0538663926544287, 0.04053706996737702, 0.0012234913167381487, 0.10879753567807814]"
627,5.437903724199495,1.2630622624250876,5.277089115184709,0.16081460901478667,0.8647411963897287,149.51121360476887,4.026093256470631e-05,0.00034580531021229446,1.0,2.1878808437350017,1.733486437487386,3.9213672812223876,3.9213672812223876,248.33203125,,853.40234375,0.0,0.0,,,0,32,"[0.48389533685112046, 1.0540009283140477, 0.04060167063842779, 0.0021653144746267435, 0.10879753567807814]"
628,5.387086930707714,1.1270524302160012,5.224326929044738,0.16276000166297716,0.8647256241456555,153.13674581265974,6.593834634038842e-05,0.0004531740303846991,1.0,2.334831562492923,2.1618395312543726,4.496671093747295,4.496671093747295,248.33203125,,853.40234375,0.0,0.0,,,0,32,"[0.48358723526944175, 1.0541428988173722, 0.04064227977353615, 0.001225490720033035, 0.10879753567807814]"
629,5.404100786342894,1.252439855871937,5.24449343400067,0.1596073523422229,0.8647104676505076,149.28782426427088,1.5279542962431947e-05,0.00034942829454988474,1.0,2.2830430624907194,2.2648775937881283,4.547920656278848,4.547920656278848,248.33203125,,853.40234375,0.0,0.0,,,0,32,"[0.4832881615163563, 1.0542762380230262, 0.040707406966023464, 0.002168111532051139, 0.10879753567807814]"
630,5.3524150423368155,1.1156631616150334,5.19088964910087,0.16152539323594492,0.8646949653689155,153.4084383944252,6.749013570050977e-05,0.000454714464981761,1.0,2.065884062503187,2.239466156240155,4.305350218743342,4.305350218743342,248.33203125,,853.40234375,0.0,0.0,,,0,32,"[0.4829809748801667, 1.0544176289043377, 0.04074658719823654, 0.0012278403484917043, 0.10879753567807814]"
631,5.370048221640939,1.242125893842343,5.2116324470791895,0.15841577456175038,0.864679931847957,149.5888531020307,3.763370635567753e-06,0.0003473922750704355,1.0,2.0033109374537617,1.761072187548507,3.7643831250022686,3.7643831250022686,248.33203125,,853.40234375,0.0,0.0,,,0,32,"[0.48268390494903224, 1.0545499069494815, 0.0408097916755625, 0.0021713747510624846, 0.10879753567807814]"
632,5.322097612530175,1.101499747994977,5.1617949970167665,0.16030261551340913,0.8646645505620825,151.26040409017685,4.452405722332742e-06,0.00046076452535275057,1.0,1.9870560625179223,1.7814550000139207,3.768511062531843,3.768511062531843,248.33203125,,853.40234375,0.0,0.0,,,0,32,"[0.4823786755337209, 1.054690259066967, 0.040847073249041604, 0.0012302337566174617, 0.10879753567807814]"
633,5.3358944173816685,1.2316722985238435,5.178656185261198,0.15723823212047144,0.864649380390524,149.42886656371874,3.7041908553803182e-06,0.0003432918718316594,1.0,1.9862816874933742,1.680366218735685,3.666647906229059,3.666647906229059,248.33203125,,853.40234375,0.0,0.0,,,0,32,"[0.4820785356391801, 1.0548238042243827, 0.04090893976307372, 0.0021727061801277304, 0.10879753567807814]"
634,5.288106036821548,1.0900238831224751,5.129010164263745,0.1590958725578032,0.8646340751100073,152.27705853271974,3.553503586051221e-06,0.00046152530644918716,1.0,2.078173031279107,2.033669281260586,4.111842312539693,4.111842312539693,248.33203125,,853.40234375,0.0,0.0,,,0,32,"[0.48177434208870584, 1.0549635221304896, 0.04094476757089531, 0.001231079099617791, 0.10879753567807814]"
635,5.3019956667011074,1.2211296745224485,5.145942663875095,0.15605300282601325,0.8646191035640157,142.44215804640467,3.890571104836482e-06,0.0003433904790195448,1.0,2.096554687511798,1.944215218742329,4.040769906254127,4.040769906254127,248.33203125,,853.40234375,0.0,0.0,,,0,32,"[0.4814777210702906, 1.055095324996659, 0.04100454767307379, 0.002175044308344967, 0.10879753567807814]"
636,5.251268579542338,1.0800432297539335,5.093461940989854,0.157806638552484,0.8646025085990872,149.1452596455483,3.88121330852087e-06,0.00045428343840613766,1.0,2.3032731562011577,2.05564803128766,4.358921187488818,4.358921187488818,248.33203125,,853.40234375,0.0,0.0,,,0,32,"[0.4811464858872117, 1.055246697110652, 0.0410519138355375, 0.0012449227123966238, 0.10879753567807814]"
637,5.267606114521014,1.2115222827529977,5.1128422496018775,0.15476386491913646,0.864587319955489,143.49860416659465,3.917321265589635e-06,0.00033850482018587234,1.0,2.346005593835798,2.004267531120263,4.313893562454041,4.313893562454041,248.33203125,,853.40234375,0.0,0.0,,,0,32,"[0.48084506650575354, 1.055380499634902, 0.0411105735727762, 0.0021871553143653346, 0.10879753567807814]"
638,5.2155058827689125,1.0693421899572217,5.058968470664746,0.1565374121041663,0.8645709423423829,147.05105845150922,3.625913775984202e-05,0.0004536891272663047,1.0,2.234568343666865,1.9401363750972678,4.174704718764133,4.174704718764133,248.33203125,,853.40234375,0.0,0.0,,,0,32,"[0.48051771992371833, 1.0555299710544688, 0.0411554119806515, 0.0012552261179443872, 0.10879753567807814]"
639,5.23310870464625,1.2014062854192762,5.079613745740309,0.15349495890594228,0.8645556352997575,144.2479983408171,3.8077092705535165e-06,0.00033558185822334466,1.0,2.1617439999630506,1.730146437509461,3.8918904374725116,3.8918904374725116,248.33203125,,853.40234375,0.0,0.0,,,0,32,"[0.48021347391854535, 1.0556648855669901, 0.0412126653044162, 0.0021964776781371407, 0.10879753567807814]"
640,5.179506070045238,1.0578828364066095,5.02424115902339,0.15526491102184775,0.8645394383952834,150.22377996850378,0.00018229765389055075,0.00045448755736536876,1.0,2.110763499970858,1.9217544062684055,4.0325179062392635,4.0325179062392635,248.33203125,,853.40234375,0.0,0.0,,,0,32,"[0.4798892762424055, 1.0558127847824328, 0.04125527036475189, 0.0012630932462492053, 0.10879753567807814]"
641,5.197807742345944,1.1907428738888783,5.045570253408665,0.15223748893727884,0.8645239537674066,144.59725022064953,3.7150850182854356e-06,0.0003327569907238877,1.0,2.224388656244969,1.871884250007838,4.096272906252807,4.096272906252807,248.33203125,,853.40234375,0.0,0.0,,,0,32,"[0.4795803522693476, 1.055949396291185, 0.041317692036013744, 0.0022022454221522414, 0.10879753567807814]"
642,5.143697585213335,1.045476706137686,4.989713425143762,0.1539841600695729,0.8645078944918325,150.37385158665836,4.12082917344847e-06,0.0004522344277168214,1.0,2.300285843730876,1.9028139687833345,4.146129625013373,4.146129625013373,248.33203125,,853.40234375,0.0,0.0,,,0,32,"[0.47925842207408725, 1.0560961104766595, 0.04135834130083407, 0.0012678025215800532, 0.10879753567807814]"
643,5.163423535814212,1.1801786430986287,5.012426492430308,0.15099704338390468,0.8644925280417843,144.97438373085615,3.622497178668027e-06,0.0003294477905815527,1.0,2.291192531231445,2.3062854687907475,4.597478000022193,4.597478000022193,248.33203125,,853.40234375,0.0,0.0,,,0,32,"[0.4789514041407156, 1.0562317048964656, 0.041418805633896674, 0.0022078547575398, 0.10879753567807814]"
644,5.108037362263518,1.0338014134596334,4.955315660249594,0.15272170201392415,0.8644766064341287,150.05431678194552,3.890447866528035e-06,0.00044915477056269666,1.0,2.329919968715899,2.3197049062702035,4.649624874986102,4.649624874986102,248.33203125,,853.40234375,0.0,0.0,,,0,32,"[0.4786317634274378, 1.0563772320527796, 0.04145751080447416, 0.0012723583273162495, 0.10879753567807814]"
645,5.1292736323631924,1.1696418399584871,4.979501668038278,0.14977196432491457,0.8644613082277119,145.23190035415035,3.88725368116738e-06,0.00033023337271003713,1.0,2.255174749976163,2.019249875061746,4.274424625037909,4.274424625037909,248.33203125,,853.40234375,0.0,0.0,,,0,32,"[0.4783256474118856, 1.0565122589036429, 0.04151622898437484, 0.002212896954868331, 0.10879753567807814]"
646,5.072545535045252,1.022388329383788,4.921072014927461,0.15147352011779128,0.8644455105880693,149.96227131698205,3.626513127574782e-06,0.00044250757268488104,1.0,2.1932672500355466,1.906548249962725,4.099815499998272,4.099815499998272,248.33203125,,853.40234375,0.0,0.0,,,0,32,"[0.4780080215583745, 1.056656721555253, 0.041553133056069516, 0.0012764769374811115, 0.10879753567807814]"
647,5.09533854083743,1.1590032689117955,4.946775427009168,0.14856311382826207,0.8644303050341151,145.43673277549888,4.583980074190919e-06,0.0003303760562821065,1.0,2.276996281196375,2.0933042500814736,4.370300531277849,4.370300531277849,248.33203125,,853.40234375,0.0,0.0,,,0,32,"[0.47770329001673184, 1.0567909612664041, 0.0416101715408319, 0.002217680952949664, 0.10879753567807814]"
648,5.037785265978032,1.0108457450918273,4.8875429324734965,0.1502423335045357,0.8644146250156445,150.31215218403295,3.5904936996900005e-06,0.00043673032535149377,1.0,2.2740509687508847,1.9312026875013544,4.205253656252239,4.205253656252239,248.33203125,,853.40234375,0.0,0.0,,,0,32,"[0.4773875532034291, 1.0569344158984995, 0.04164536912567886, 0.0012804018252204792, 0.10879753567807814]"
649,5.061194219002205,1.1482916275069484,4.913820858469432,0.14737336053277356,0.8643995561722586,145.58879120266482,5.4824474498005316e-06,0.0003307309258880269,1.0,2.312615437475074,2.0270728749807176,4.339688312455792,4.339688312455792,248.33203125,,853.40234375,0.0,0.0,,,0,32,"[0.4770851097007726, 1.0570674700834484, 0.04170062590843983, 0.002222617936060969, 0.10879753567807814]"
650,5.00339987379343,0.9997165430883839,4.854369341028031,0.1490305327653996,0.8643839887013434,150.53369096046598,4.537745119215231e-06,0.0004387455112647367,1.0,2.2018303437789655,2.0116534999914393,4.213483843770405,4.213483843770405,248.33203125,,853.40234375,0.0,0.0,,,0,32,"[0.47677115352721605, 1.0572099621041013, 0.041734213610594206, 0.001284535097821221, 0.10879753567807814]"
651,5.027068094964973,1.1374816454688454,4.880869173949175,0.14619892101579746,0.8643690415001236,145.67281520629882,6.446106548541053e-06,0.0003300210763120296,1.0,1.9889772812007322,1.6373264687956635,3.6263037499963957,3.6263037499963957,248.33203125,,853.40234375,0.0,0.0,,,0,32,"[0.4764707051746951, 1.0573419655479457, 0.04178774183929751, 0.002227636686735452, 0.10879753567807814]"
652,4.9696946826278285,0.9890809058796165,4.8218539189787215,0.14784076364910706,0.8643535794420831,157.5941145697481,7.227971974277381e-06,0.00044720120280378406,1.0,2.00608462496632,1.715801937493211,3.721886562459531,3.721886562459531,248.33203125,,853.40234375,0.0,0.0,,,0,32,"[0.47615838292583784, 1.0574835587868228, 0.04181982051398534, 0.0012888198109799703, 0.10879753567807814]"
653,4.993795850776989,1.127424905630803,4.848771541678358,0.14502430909863037,0.8643393758801534,146.33642003956209,5.888547079280215e-06,0.0003184031479384562,1.0,2.081644374996472,1.7433374375457333,3.8249818125422053,3.8249818125422053,248.33203125,,853.40234375,0.0,0.0,,,0,32,"[0.47587213873491424, 1.057608929279897, 0.04187369586854728, 0.002237209999035327, 0.10879753567807814]"
654,4.936457950630752,0.978950296450998,4.789781870897059,0.1466760797336928,0.8643240764813577,155.8940941967749,7.750963594510552e-06,0.0004531308155243409,1.0,2.0939042499890093,1.6676158750499326,3.735806625030591,3.735806625030591,248.33203125,,853.40234375,0.0,0.0,,,0,32,"[0.47556264766371337, 1.057749105539951, 0.04190394497098416, 0.0012971829330601487, 0.10879753567807814]"
655,4.9615691368872685,1.118020235604828,4.817693314676028,0.14387582221124176,0.864309805363552,146.7915720618648,5.543020919152042e-06,0.0003144933380569111,1.0,2.086908406255361,2.153949156209478,4.240857562464839,4.240857562464839,248.33203125,,853.40234375,0.0,0.0,,,0,32,"[0.4752746054995756, 1.0578751289840924, 0.04195666432066476, 0.002245007006068881, 0.10879753567807814]"
656,4.9033862604571405,0.968928571745636,4.757862015301997,0.1455242451551435,0.8642946435429699,154.72589336362125,3.7502625197749495e-05,0.0004588374292312958,1.0,2.4528291562404547,2.1736216249905738,4.6264507812310285,4.6264507812310285,248.33203125,,853.40234375,0.0,0.0,,,0,32,"[0.474967451448547, 1.058014112911989, 0.04198526297434448, 0.0013039852349440893, 0.10879753567807814]"
657,4.929593091789151,1.108546792894734,4.786848690397501,0.14274440139164946,0.8642803535198127,147.12046280027548,4.824534071357078e-06,0.0003102630234025149,1.0,2.2408701249503338,1.9001333750878757,4.1410035000382095,4.1410035000382095,248.33203125,,853.40234375,0.0,0.0,,,0,32,"[0.47467859085950204, 1.058140350611639, 0.04203673533951269, 0.0022516002405807032, 0.10879753567807814]"
658,4.870087684546544,0.9579074644612823,4.725727624068472,0.1443600604780726,0.8642653155034877,154.31034914099203,5.662605976253232e-05,0.0004484019505695857,1.0,2.179326062474729,1.7250384374847272,3.9043644999594562,3.9043644999594562,248.33203125,,853.40234375,0.0,0.0,,,0,32,"[0.4743734990630136, 1.0582782655638117, 0.04206377529230693, 0.0013097046504882718, 0.10879753567807814]"
659,4.897533548136418,1.0987651094909854,4.755907159733168,0.14162638840325006,0.8642510799385819,147.4260296381061,4.746840547298348e-06,0.00030743627059871657,1.0,2.1324521249823647,1.755355937547165,3.8878080625295297,3.8878080625295297,248.33203125,,853.40234375,0.0,0.0,,,0,32,"[0.4740853036767716, 1.0584040552783403, 0.04211383746139709, 0.0022576572581083088, 0.10879753567807814]"
660,4.8377386266953994,0.947128276985972,4.694518318616544,0.14322030807885494,0.8642361628402999,154.30236816518132,3.6725095161393995e-05,0.00044168508958124697,1.0,2.2019269375022077,1.7077036562511694,3.909630593753377,3.909630593753377,248.33203125,,853.40234375,0.0,0.0,,,0,32,"[0.47378221496696904, 1.0585409269225516, 0.04213938486017811, 0.0013149214958628076, 0.10879753567807814]"
661,4.865779399967251,1.0887724212392873,4.725254104830057,0.14052529513719517,0.8642220187643912,147.62258040899843,5.316922732312435e-06,0.00030517623661234267,1.0,2.269434625077338,1.8509872811449668,4.120421906222305,4.120421906222305,248.33203125,,853.40234375,0.0,0.0,,,0,32,"[0.47349545184432923, 1.0586659332633013, 0.04218798705693267, 0.002263487862933078, 0.10879753567807814]"
662,4.805742824565584,0.9365250175900425,4.663650773140969,0.14209205142461662,0.8642072090241608,154.27537551624783,0.0001975326294894053,0.0004380273247447014,1.0,2.3427212811810705,2.041247218812714,4.3764983437455385,4.3764983437455385,248.33203125,,853.40234375,0.0,0.0,,,0,32,"[0.4731936786327568, 1.0588019143506198, 0.042216014984028036, 0.0013202718177071217, 0.10879753567807814]"
663,4.834005508589121,1.0789743498897346,4.694575254639479,0.13943025394964242,0.8641931536369701,147.82715977868048,6.261892888659304e-06,0.0003008851452585856,1.0,2.5583131250073166,2.3370519374736887,4.855321656236811,4.855321656236811,248.33203125,,853.40234375,0.0,0.0,,,0,32,"[0.47290829985886823, 1.0589261618914274, 0.04226318440266938, 0.002269427521457634, 0.10879753567807814]"
664,4.7748738939524085,0.9262179677326234,4.6338936669799216,0.14098022697248583,0.864178452466231,155.45233140025275,0.00023743186966074248,0.00042825373866593297,1.0,2.2156685625134287,1.9466332499575856,4.162301812471014,4.162301812471014,248.33203125,,853.40234375,0.0,0.0,,,0,32,"[0.4726078673296195, 1.059061241219929, 0.04229370855154801, 0.0013257315181196706, 0.10879753567807814]"
665,4.803219627340804,1.0696801537717207,4.664880320674053,0.13833930666675032,0.8641645921429806,148.16591767751694,1.796778864848747e-05,0.00029880400140859834,1.0,2.1598641562405874,1.749350718768028,3.9092148750086153,3.9092148750086153,248.33203125,,853.40234375,0.0,0.0,,,0,32,"[0.47232519966768727, 1.0591838354802021, 0.04234723757383626, 0.002275575865378049, 0.10879753567807814]"
666,4.743206299852396,0.9162189796456547,4.603342548239057,0.13986375161333797,0.8641500108503058,155.2316795422083,5.903472733326254e-06,0.00042797819339609653,1.0,2.2340521874610886,2.1241768750286383,4.358229062489727,4.358229062489727,248.33203125,,853.40234375,0.0,0.0,,,0,32,"[0.4720268002350857, 1.0593178766458462, 0.04237613908914554, 0.0013310360584092532, 0.10879753567807814]"
667,4.773507810449127,1.0611524292739878,4.636248197361775,0.13725961308735107,0.8641362201520915,148.45694389059733,3.8465857124858616e-05,0.00030269467488056175,1.0,2.152757593776755,1.8866532811330217,4.039410874909777,4.039410874909777,248.33203125,,853.40234375,0.0,0.0,,,0,32,"[0.47174514525769473, 1.0594398826028313, 0.04242822772726918, 0.002281336954941237, 0.10879753567807814]"
668,4.711445308287333,0.9064042049827041,4.572688341637852,0.1387569666494813,0.8641217508057903,158.91307072369162,1.0784090460624896e-05,0.00043464929715094285,1.0,2.0702699375050315,1.5724303749919954,3.635586218749154,3.635586218749154,248.33203125,,853.40234375,0.0,0.0,,,0,32,"[0.4714486383234393, 1.059572955613804, 0.04245555786714428, 0.0013360178156324558, 0.10879753567807814]"
669,4.743650944234846,1.053276570960917,4.607473864182351,0.13617708005249507,0.8641083630941301,147.12427293281507,3.0743924175347104e-06,0.0003009846784002119,1.0,2.117833874962116,1.98010993753428,4.097943812496396,4.097943812496396,248.33203125,,853.40234375,0.0,0.0,,,0,32,"[0.4711748259271777, 1.0596913575176992, 0.04250556127842658, 0.002289174371329166, 0.10879753567807814]"
670,4.679240994685008,0.8973364123187669,4.541609296300188,0.13763169838481953,0.8640933274100542,156.3580046765377,7.1846137807973776e-06,0.00041720424272404855,1.0,2.1399446874710293,1.9982406250136364,4.138185312484666,4.138185312484666,248.33203125,,853.40234375,0.0,0.0,,,0,32,"[0.4708659883323469, 1.05982959561171, 0.042535825535900025, 0.001348645985737893, 0.10879753567807814]"
671,4.713612346789081,1.046002217931716,4.578553364184312,0.13505898260476965,0.8640798048533472,155.26567522633215,3.130613888568945e-06,0.0002992574632665955,1.0,1.9703606250800476,1.6301204062045827,3.6004810312846303,3.6004810312846303,248.33203125,,853.40234375,0.0,0.0,,,0,32,"[0.4705889850309201, 1.0599492601443508, 0.042584879438181636, 0.0023007716524949106, 0.10879753567807814]"
672,4.647606283459014,0.8877500887088243,4.511057399546151,0.13654888391286402,0.8640656531612744,101.53345759405806,3.8661621606372876e-06,0.00041303684362014464,1.0,2.1173599687358546,1.6369231562833875,3.738417281269335,3.738417281269335,248.33203125,,853.40234375,0.0,0.0,,,0,32,"[0.4702980706714259, 1.060079559460772, 0.04261028914279398, 0.0013532774464483505, 0.10879753567807814]"
673,4.664303859818616,1.019010424501075,4.530445144106495,0.13385871571212082,0.8640443975403577,138.98998015944116,3.617910680819847e-06,0.00028944437924540594,1.0,2.188095937455614,1.7145662812509954,3.895599812466344,3.895599812466344,248.33203125,,853.40234375,0.0,0.0,,,0,32,"[0.46986022240573505, 1.0602694269057324, 0.0426843429016772, 0.0022289230884582505, 0.10879753567807814]"
674,4.610571556611144,0.869087830634828,4.475324925666816,0.13524663094432815,0.8640287374600203,117.1676746405345,7.820546761427849e-05,0.0004310089324329983,1.0,2.2165276562446934,1.8146317187159866,4.03115937496068,4.03115937496068,248.33203125,,853.40234375,0.0,0.0,,,0,32,"[0.4695370589975081, 1.0604134325864978, 0.042715971133249174, 0.001294135716668231, 0.10879753567807814]"
675,4.621537617720985,1.0001907164551889,4.488930051875361,0.13260756584562416,0.8640098825258032,134.18209274760932,3.3066306257545364e-06,0.00029199338978816555,1.0,2.223013874981916,1.9183893750778225,4.141403250059739,4.141403250059739,248.33203125,,853.40234375,0.0,0.0,,,0,32,"[0.46914780820258717, 1.060581615436256, 0.042785432598263944, 0.0021971160334961514, 0.10879753567807814]"
676,4.573397740775153,0.8549460293859206,4.439473698748229,0.133924042026926,0.8639938072570477,127.76224593790309,9.142960765373687e-06,0.0004341409102580787,1.0,2.299897125027428,2.0872293749931714,4.3871265000205995,4.3871265000205995,248.33203125,,853.40234375,0.0,0.0,,,0,32,"[0.4688152399687057, 1.0607294440166597, 0.04281797582059493, 0.001266263725496054, 0.10879753567807814]"
677,4.58329825844616,0.9862662695814807,4.451930797317719,0.1313674611284394,0.8639766841428574,132.0413657291733,2.7891034384275315e-06,0.00029357371994108157,1.0,2.47921559375186,2.1894986563069097,4.611024750047932,4.611024750047932,248.33203125,,853.40234375,0.0,0.0,,,0,32,"[0.46846119438119843, 1.06088197941363, 0.042881849739025736, 0.0021867553317489468, 0.10879753567807814]"
678,4.53502899127756,0.8431330922609183,4.40239714570796,0.13263184556959953,0.8639604767373676,130.65841774994158,7.606175282948158e-06,0.00043213596727847834,1.0,2.113027687471458,1.968757343789207,4.081785031260665,4.081785031260665,248.33203125,,853.40234375,0.0,0.0,,,0,32,"[0.4681252147457676, 1.0610310652635042, 0.042913791974573824, 0.0012573088364996121, 0.10879753567807814]"
679,4.547028181423494,0.9741591727223782,4.4168907453069295,0.1301374361165641,0.863943870745948,130.7537661702272,5.1945841756939615e-06,0.00029496893444323373,1.0,2.1154830625391696,1.8169177499913758,3.9324008125305454,3.9324008125305454,248.33203125,,853.40234375,0.0,0.0,,,0,32,"[0.4677812992711599, 1.0611789664935525, 0.042974601843158974, 0.0021825923240633973, 0.10879753567807814]"
680,4.499638620434212,0.8317635625430876,4.3682589681564234,0.1313796522777881,0.8639276254810988,102.50156118885498,1.1908970149576703e-05,0.00043729754955281505,1.0,2.126085531216404,1.8109151875478346,3.9370007187642386,3.9370007187642386,248.33203125,,853.40234375,0.0,0.0,,,0,32,"[0.46744391350523024, 1.061328454763607, 0.04300545025261793, 0.001253683029407588, 0.10879753567807814]"
681,4.498883911978614,0.9483720811811739,4.370049620453939,0.12883429152467604,0.8639060623692989,121.39938066563698,4.830195340144172e-06,0.00029860492148721856,1.0,2.1338927812450947,1.8305833437750607,3.9644761250201555,3.9644761250201555,248.33203125,,853.40234375,0.0,0.0,,,0,32,"[0.4669954787146177, 1.0615215115180132, 0.04308277782989832, 0.002122967662849575, 0.10879753567807814]"
682,4.460612490328025,0.8150798102152512,4.3306611225544716,0.12995136777355332,0.863888762372036,82.971802353308,6.053871825573154e-05,0.0004443145903874963,1.0,2.3643375625113094,2.063264500037576,4.3992012500524424,4.3992012500524424,248.33203125,,853.40234375,0.0,0.0,,,0,32,"[0.46663503373795107, 1.0616806302321866, 0.04311714187770665, 0.0012045016777342706, 0.10879753567807814]"
683,4.436352008932242,0.9041731836026743,4.308909484752775,0.12744252417946667,0.8638616222236555,108.36001448075164,5.841817359186763e-06,0.00031601165472460287,1.0,2.2958619062478647,1.9617537500238313,4.257615656271696,4.257615656271696,248.33203125,,853.40234375,0.0,0.0,,,0,32,"[0.46606855564587113, 1.0619245963330723, 0.04321114272332407, 0.001986004687220067, 0.10879753567807814]"
684,4.41744748430092,0.7919976023472712,4.288978183286378,0.12846930101454318,0.8638424395315457,111.24298071654307,0.000728532525759995,0.0004659791822266409,1.0,2.2259820311774092,1.975825156264932,4.201807187442341,4.201807187442341,248.33203125,,853.40234375,0.0,0.0,,,0,32,"[0.46566768837864486, 1.0621008400164824, 0.04324760315205886, 0.0010877206367877787, 0.10879753567807814]"
685,4.393143424889704,0.8882780409770872,4.267154967464762,0.12598845742494064,0.8638224271399164,109.61918376197578,2.551628059510591e-05,0.0003387362937099225,1.0,2.0161877499873526,1.6983851250103044,3.714572874997657,3.714572874997657,248.33203125,,853.40234375,0.0,0.0,,,0,32,"[0.4652496362281865, 1.0622799841438768, 0.043320099293107865, 0.001975348988436314, 0.10879753567807814]"
686,4.371266094777349,0.7780931870095197,4.244242640384812,0.12702345439253643,0.8638035860665936,117.58528604253995,0.00017251528072903533,0.00045921058448346487,1.03125,2.0210729687732965,1.7657166562230486,3.786789624996345,3.786789624996345,248.33203125,,853.40234375,0.0,0.0,,,0,32,"[0.46485535306310727, 1.0624532021571258, 0.04335095732628176, 0.0010733600265250228, 0.10879753567807814]"
687,4.351485027525702,0.8748986161622709,4.2269113485442755,0.12457367898142645,0.8637848475543298,108.28104129252316,0.0001014521511764066,0.00033163103382423766,1.0,1.9701974063508487,1.6306476560998817,3.6008450624507304,3.6008450624507304,248.33203125,,853.40234375,0.0,0.0,,,0,32,"[0.4644632105079271, 1.0626208341285264, 0.04341854731170335, 0.0019753330485449833, 0.10879753567807814]"
688,4.323777898704723,0.7654304277049627,4.198226303770236,0.12555159493448612,0.8637659456811192,112.36664244208386,0.00011341370779138771,0.0004216039061309739,1.0625,1.9953841874951195,1.6031943124659165,3.598578499961036,3.598578499961036,248.33203125,,853.40234375,0.0,0.0,,,0,32,"[0.46406681336920796, 1.062794682576183, 0.04344770783461495, 0.0010743359955163786, 0.10879753567807814]"
689,4.308291952242798,0.8598847086662742,4.185131751643203,0.12316020059959447,0.8637464667527749,110.09526885630831,7.67725639816419e-06,0.0003280077151313585,1.0,2.0572862813423853,1.8991663436906947,3.95645262503308,3.95645262503308,248.33203125,,853.6328125,0.0,0.0,,,0,32,"[0.4636585806012986, 1.0629691130669572, 0.04351207293374516, 0.0019680793284186818, 0.10879753567807814]"
690,4.28003902474679,0.7525783660137252,4.155908204189842,0.12413082055694791,0.8637279962075082,117.1066071056854,3.26095094860257e-05,0.0004456154605021027,1.0625,2.307082562509777,2.491759531253024,4.798842093762801,4.798842093762801,248.33203125,,853.6328125,0.0,0.0,,,0,32,"[0.4632706591432708, 1.063139120847705, 0.04353574266216821, 0.0010625109760326482, 0.10879753567807814]"
691,4.268310293615284,0.8468689097215285,4.146514597546915,0.1217956960683696,0.8637094868064529,108.27129522270165,1.5908021356203506e-05,0.00032385634849067433,1.0,2.1975617500089584,1.8908615312511756,4.088423281260134,4.088423281260134,248.33203125,,853.6328125,0.0,0.0,,,0,32,"[0.46288203950599743, 1.0633047996540574, 0.04359609272929276, 0.0019668799162606975, 0.10879753567807814]"
692,4.237758282968574,0.7409804839492639,4.115075017026023,0.12268326594255047,0.8636908748647504,117.45849085953768,0.0006419931849745986,0.0004688504281099528,1.09375,2.2986102499942263,2.0811444999822015,4.379754749976428,4.379754749976428,248.33203125,,853.6328125,0.0,0.0,,,0,32,"[0.46249032852253713, 1.0634761660898175, 0.0436183809125531, 0.0010631657540288672, 0.10879753567807814]"
693,4.2299243984219945,0.8358355489644155,4.109494250232414,0.1204301481895798,0.8636725862255505,107.28205857868498,6.408157472659326e-06,0.00032264864797729886,1.0,2.110691375037277,1.91116353117593,4.021854906213207,4.021854906213207,248.33203125,,853.6328125,0.0,0.0,,,0,32,"[0.46210553268962995, 1.0636399136903119, 0.04367630052109317, 0.001969677866058387, 0.10879753567807814]"
694,4.198252456943416,0.7308886657008636,4.076946578145845,0.12130587879757057,0.8636539606913854,119.31774274433789,0.0006656529799511368,0.00045122551470828877,1.1875,2.2728381874799197,1.8170721250356792,4.089910312515599,4.089910312515599,248.33203125,,853.6328125,0.0,0.0,,,0,32,"[0.46171176511545936, 1.0638115557909376, 0.043705445430172775, 0.0010671056190336282, 0.10879753567807814]"
695,4.19231736143516,0.8258805249984172,4.073261361340901,0.11905600009425854,0.8636361167200582,107.1490574826291,5.007488240948987e-06,0.00032015071728370894,1.0,2.181617718733264,2.180956093738473,4.362573812471737,4.362573812471737,248.33203125,,853.6328125,0.0,0.0,,,0,32,"[0.4613343860755253, 1.0639714261240283, 0.04377127446162322, 0.0019768820066334443, 0.10879753567807814]"
696,4.157522066270759,0.7212499329367907,4.03754469472789,0.11997737154286862,0.863617623938687,120.48549606556378,7.701507324764378e-06,0.00041690239140260843,1.25,2.4279620937477375,2.6014450000104716,5.029407093758209,5.029407093758209,248.33203125,,853.6328125,0.0,0.0,,,0,32,"[0.4609424177943015, 1.0641419592821673, 0.0438003966088332, 0.0010733161766955002, 0.10879753567807814]"
697,4.154274190192938,0.8154985243381803,4.036574053170981,0.11770013702195586,0.8636001135414216,107.48026369736827,4.9272129496458206e-06,0.0003184984138890078,1.0,2.209246312531832,1.9337640624712549,4.143010375003087,4.143010375003087,248.33203125,,853.6328125,0.0,0.0,,,0,32,"[0.46057096055982305, 1.0642988966968663, 0.04386756046170131, 0.0019859383261577614, 0.10879753567807814]"
698,4.114356535766461,0.7093849863772018,3.995754676022404,0.11860185974405783,0.8635818330710746,117.62525241761706,5.114195185562664e-06,0.0004360787131386164,1.25,2.3319974999935766,1.953351000011594,4.2853485000051705,4.2853485000051705,248.33203125,,853.6328125,0.0,0.0,,,0,32,"[0.4601827689684581, 1.0644675759614706, 0.04389393790615341, 0.0010803121204247838, 0.10879753567807814]"
699,4.115993603917654,0.8042393129300852,3.9996280815277,0.11636552238995379,0.8635640514172668,106.75975428724199,3.2976883095336973e-06,0.00031593005866641647,1.0,2.1184664999935876,1.6665123437604734,3.784978843754061,3.784978843754061,248.33203125,,853.6328125,0.0,0.0,,,0,32,"[0.459804814693659, 1.0646270610818938, 0.043959211190459715, 0.0019899573594496316, 0.10879753567807814]"
700,4.073255639181757,0.6990073246388472,3.9560057700455964,0.1172498691361604,0.8635458098975417,117.83497301507066,6.360748256550863e-06,0.0004421238910633532,1.25,2.3408282813051073,1.7941548124724704,4.121396375012409,4.121396375012409,248.33203125,,853.6328125,0.0,0.0,,,0,32,"[0.4594166841911009, 1.064795461572962, 0.04398353264011312, 0.0010841955504298996, 0.10879753567807814]"
701,4.0791504646786505,0.7938044813337338,3.964101428292933,0.11504903638571785,0.8635282222283279,106.14867025773732,3.9444625055118365e-06,0.00031900146296531123,1.0,2.085592156291227,1.6875643124478756,3.773156468739103,3.773156468739103,248.33203125,,853.6328125,0.0,0.0,,,0,32,"[0.4590421258285701, 1.064953249561665, 0.044046413416503186, 0.001995708025188169, 0.10879753567807814]"
702,4.032411611889478,0.6888529096662839,3.916499575318782,0.11591203657069701,0.8635100340113347,117.45051962433423,8.571428829373673e-06,0.00044726300502131143,1.25,2.2199075937834323,1.6908354999571884,3.9107430937406207,3.9107430937406207,248.33203125,,853.6328125,0.0,0.0,,,0,32,"[0.4586544028080327, 1.065121238231179, 0.04406856056284803, 0.0010896395011961895, 0.10879753567807814]"
703,4.042584600985837,0.7840209878452625,3.9288414693614695,0.11374313162436765,0.8634925490916108,105.74733956149058,5.624826858952048e-06,0.00031804561865398127,1.0,2.081095062507643,1.8759104062695542,3.957005468777197,3.957005468777197,248.33203125,,853.6328125,0.0,0.0,,,0,32,"[0.45828129750792646, 1.0652781618204878, 0.04412928973198733, 0.0020020425865519493, 0.10879753567807814]"
704,3.9920040907359633,0.6788713280136199,3.8774221498487575,0.11458194088720611,0.8634744479634667,68.02390085422441,9.828002248912782e-06,0.00045116053275222405,1.21875,2.309230531196249,2.2501403750254667,4.559370906221716,4.559370906221716,248.33203125,,853.6328125,0.0,0.0,,,0,32,"[0.4578940687217779, 1.0654454806157239, 0.04415463886187459, 0.001095722715009538, 0.10879753567807814]"
705,3.9729083743701388,0.7288178812771626,3.8606006509675863,0.11230772340255228,0.8634437908890366,131.41283924128217,3.471225730811156e-05,0.0003238127404174763,1.0,2.054618437441036,1.829980437534573,3.884598874975609,3.884598874975609,248.33203125,,853.6328125,0.0,0.0,,,0,32,"[0.4572340619474332, 1.0657234291044746, 0.044265846484759404, 0.0017847572279568935, 0.10879753567807814]"
706,3.9331818432425796,0.6584957135251238,3.8198423731980684,0.11333947004451131,0.8634286365605397,64.164519529497,2.4712685606331775e-05,0.00041112848890486806,1.28125,2.192026374956413,1.5864027500640532,3.778429125020466,3.778429125020466,248.33203125,,853.6328125,0.0,0.0,,,0,32,"[0.4569084861084231, 1.0658641087633283, 0.04428177924167561, 0.0008499012209190665, 0.10879753567807814]"
707,3.853506890641584,0.6580599569207795,3.7406564239234914,0.11285046671809269,0.8633947189128565,77.6013690432307,0.0006349236211424802,0.0004678226117766082,1.4375,2.5791462499853424,1.7325335624320815,4.311679812417424,4.311679812417424,248.33203125,,853.6328125,0.0,0.0,,,0,32,"[0.4561701534054745, 1.0661758116601914, 0.044402744532124644, 0.00026417643712523746, 0.10879753567807814]"
708,3.8035641632233292,0.6543496645977301,3.691337536543384,0.11222662667994499,0.8633663590454353,55.04770293080955,4.996699139780958e-06,0.0005252665171808619,1.5625,2.6421161875447297,1.6209243124620798,4.2630405000068095,4.2630405000068095,248.33203125,,853.6328125,0.0,0.0,,,0,32,"[0.4555517757187142, 1.0664359257473868, 0.044508619359230485, 1e-05, 0.10879753567807814]"
709,3.7530653747230036,0.6425077143881681,3.642482968965199,0.11058240575780481,0.8633268554777749,55.79824873084379,5.864713109371422e-06,0.0005160695260888828,1.5625,2.9267075937724485,1.7629885937964218,4.6760172188129445,4.6760172188129445,248.33203125,,853.6328125,0.0,0.0,,,0,32,"[0.45468516750932286, 1.0667977329670262, 0.04469510114951345, 1e-05, 0.10879753567807814]"
710,3.7042906170303618,0.6311745282345019,3.595286182760562,0.1090044342697995,0.863288267834349,55.60985351973833,5.25089390590594e-06,0.0005188291294206139,1.5625,2.885328875009918,2.1065760000311684,4.991904875041087,4.991904875041087,248.33203125,,853.6328125,0.0,0.0,,,0,32,"[0.4538372090619787, 1.067151304401956, 0.044868159280945036, 1e-05, 0.10879753567807814]"
711,3.6560835132313,0.6200983979547814,3.548632981574061,0.10745053165723875,0.8632499786336776,56.054143261193936,5.627718765666145e-06,0.0005204329256312495,1.53125,2.831412125033239,1.9768030312405926,4.778113906255044,4.778113906255044,248.33203125,,853.6328125,0.0,0.0,,,0,32,"[0.4529939418354112, 1.0675023267965893, 0.04503467209078604, 1e-05, 0.10879753567807814]"
712,3.6091577505636705,0.609329590111495,3.503245525659433,0.1059122249042374,0.863212394885431,56.40228646454743,5.201460382853185e-06,0.00052828738528202,1.53125,2.6600293437866185,1.7477458749652897,4.407775218751908,4.407775218751908,248.33203125,,853.6328125,0.0,0.0,,,0,32,"[0.45216196846769563, 1.0678472558587173, 0.04521282687099374, 1e-05, 0.10879753567807814]"
713,3.5632263360245107,0.5990767876232833,3.458809754304836,0.10441658171967474,0.8631754320322884,56.1044251094231,4.220330586335308e-06,0.0005310549177565055,1.5625,2.6832519375403763,1.7053858124853605,4.388637750025737,4.388637750025737,248.33203125,,853.6328125,0.0,0.0,,,0,32,"[0.4513422222225831, 1.0681866431021558, 0.0453810603506999, 1e-05, 0.10879753567807814]"
714,3.519412266938467,0.5911075768414584,3.4164655068379846,0.1029467601004829,0.8631386863378193,64.62203613515622,2.999543995008125e-05,0.000533027710526648,1.5625,2.883936781259422,1.6878741562464938,4.571810937505916,4.571810937505916,248.33203125,,853.6328125,0.0,0.0,,,0,32,"[0.45052553077849533, 1.0685242114736715, 0.04554349352252451, 1e-05, 0.10879753567807814]"
715,3.4820773941075984,0.5850653609776593,3.380395868584071,0.1016815255235278,0.8631068796361833,75.1410555772522,4.283211179822999e-05,0.00050696371071453,1.5625,2.871507781293303,1.9600099061847231,4.831517687478026,4.831517687478026,248.33203125,,853.6328125,0.0,0.0,,,0,32,"[0.4498180603763448, 1.0688164815693515, 0.04567400872635587, 1e-05, 0.10879753567807814]"
716,3.4490099752788552,0.5775429241662541,3.348379901567116,0.10063007371173899,0.8630795772863581,75.21574663330247,4.673521522846613e-05,0.0005326009526790317,1.59375,2.8410753436816094,2.190668531326878,5.0317438750084875,5.0317438750084875,248.33203125,,853.6328125,0.0,0.0,,,0,32,"[0.4492113554480671, 1.0690673381368665, 0.045770988284301935, 1e-05, 0.10879753567807814]"
717,3.416481119320111,0.5702436102452011,3.3168871935296647,0.09959392579044618,0.8630525258786714,75.05310147899783,4.1441831390987005e-05,0.00054421191938584,1.59375,2.8433191874910335,1.8404440312878023,4.683763218778836,4.683763218778836,248.33203125,,853.6328125,0.0,0.0,,,0,32,"[0.44860926542190965, 1.0693159843063698, 0.04586458991217899, 1e-05, 0.10879753567807814]"
718,3.383799475620555,0.5630113794275156,3.2852512317095406,0.0985482439110146,0.8630256415945003,74.6812446985568,4.9149526345715344e-05,0.0005237424949705242,1.625,2.7136270625192083,1.67063131253542,4.384258375054628,4.384258375054628,248.33203125,,853.6328125,0.0,0.0,,,0,32,"[0.4480099179727804, 1.0695631907463328, 0.045955377821339044, 1e-05, 0.10879753567807814]"
719,3.3509119177668043,0.5544490043030131,3.2533874549099204,0.09752446285688432,0.8629988514883027,62.99636223500896,4.963728339646423e-05,0.000540845377374645,1.625,2.8043452500128296,1.678760343736485,4.483105593749315,4.483105593749315,248.33203125,,853.6328125,0.0,0.0,,,0,32,"[0.44741073177809704, 1.069809704200604, 0.04605105566931908, 1e-05, 0.10879753567807814]"
720,3.314047162989132,0.5467053576321743,3.217736455105206,0.0963107078839263,0.8629676169262804,51.56283787103279,1.0292860797012082e-05,0.0005501725461347451,1.65625,2.765529343790263,1.8326488749380587,4.5981782187283216,4.5981782187283216,248.33203125,,853.6328125,0.0,0.0,,,0,32,"[0.4467089455042995, 1.070097390778371, 0.0461742954231777, 1e-05, 0.10879753567807814]"
721,3.2720444303610936,0.5400422240298394,3.1771873879491475,0.09485704241194624,0.8629301950159847,49.08686817672833,1.0637302459759468e-05,0.0005267290931524511,1.65625,2.61925103121996,1.7490661250576522,4.368317156277612,4.368317156277612,248.33203125,,853.6328125,0.0,0.0,,,0,32,"[0.4458622576128696, 1.070442570316572, 0.046349159330658744, 1e-05, 0.10879753567807814]"
722,3.2238833906491853,0.527599796980423,3.1306037428477085,0.0932796478014768,0.8628914192028713,50.827804425850786,0.00032753076774016954,0.0005282663685734646,1.71875,2.7110545625106397,2.0319844062441916,4.743038968754831,4.743038968754831,248.33203125,,853.6328125,0.0,0.0,,,0,32,"[0.444982593363507, 1.070800468417526, 0.04652824460716988, 1e-05, 0.10879753567807814]"
723,3.177813597148126,0.5155124572288846,3.0859685733888305,0.09184502375929578,0.8628543923408747,53.968362620927515,0.0003310808060992265,0.0005435453109726836,2.125,3.1222301249727025,1.86689574998411,4.989125874956812,4.989125874956812,248.33203125,,853.6328125,0.0,0.0,,,0,32,"[0.4441396681816938, 1.0711424915978298, 0.046700341476136324, 1e-05, 0.10879753567807814]"
724,3.1371086200442573,0.5069443357899512,3.0465906249490455,0.09051799509521206,0.8628198744804372,54.23431260047066,0.0003336544206526959,0.0005479652460475088,1.8125,2.703902125034574,1.5725984686838501,4.276500593718424,4.276500593718424,248.33203125,,853.6328125,0.0,0.0,,,0,32,"[0.4433528378244841, 1.0714614511548346, 0.04685042358913064, 1e-05, 0.10879753567807814]"
725,3.098724899744272,0.49910068057250784,3.009518080603745,0.08920681914052708,0.8627859083833973,63.22186509906883,0.0003532509593979771,0.0005374613752592459,2.3125,3.056567343747929,1.6218965312475575,4.6784638749954865,4.6784638749954865,248.33203125,,853.6328125,0.0,0.0,,,0,32,"[0.44257721233357344, 1.0717754530844201, 0.04699200095339557, 1e-05, 0.10879753567807814]"
726,3.067207082287383,0.4938343008421475,2.9790351736399687,0.08817190864741412,0.8627570851792099,60.79878013243529,0.0003365293436325967,0.0005262281540673545,2.59375,3.4016926875466424,1.7019759373937404,5.103668624940383,5.103668624940383,248.33203125,,853.6328125,0.0,0.0,,,0,32,"[0.44192017574193615, 1.072041842132626, 0.04709099167372498, 1e-05, 0.10879753567807814]"
727,3.03330120526339,0.48627236639117116,2.9462272740053312,0.08707393125805868,0.8627274174774511,75.36330077332939,0.00034245199347049393,0.0005415049640823077,2.65625,3.6672150000356396,1.9859176561709546,5.653132656206594,5.653132656206594,248.33203125,,853.6328125,0.0,0.0,,,0,32,"[0.4412425793078341, 1.072316166586326, 0.04719121596539711, 1e-05, 0.10879753567807814]"
728,3.006928120769384,0.48055025462505113,2.9206713245712406,0.08625679619814335,0.8627034941150824,74.83919685560764,0.00035428344292354197,0.0005432538899816063,2.75,4.153692031295009,2.132428093659655,6.182823531219128,6.182823531219128,248.33203125,,853.6328125,0.0,0.0,,,0,32,"[0.440697127280219, 1.072537316248182, 0.04725640036325149, 1e-05, 0.10879753567807814]"
729,2.9807290108730813,0.47491779927908034,2.8952720871661377,0.08545692370694394,0.8626796001307706,62.44139800523302,0.00035808061311981554,0.0005431934664455792,2.53125,3.7011934063286844,1.8293689999495655,5.53056240627825,5.53056240627825,248.33203125,,853.6328125,0.0,0.0,,,0,32,"[0.44015148116648045, 1.0727582784740541, 0.04731999936068794, 1e-05, 0.10879753567807814]"
730,2.9500089490516137,0.46864268808111614,2.865489581641545,0.08451936741006921,0.8626514283943318,73.96230064021157,0.00028893985938593936,0.0005389871374365325,2.59375,3.623917187539405,1.7231954687133566,5.317341218756155,5.317341218756155,248.33203125,,853.6328125,0.0,0.0,,,0,32,"[0.4395051458856875, 1.0730190587908917, 0.04740628923998627, 1e-05, 0.10879753567807814]"
731,2.924316890156267,0.46361795122100324,2.8405875380769015,0.08372935207936587,0.8626276773971386,71.66271768028176,0.0003009590098417281,0.0005470304103438917,2.46875,3.511790093682521,1.92710893755077,5.438899031233291,5.438899031233291,248.33203125,,853.6328125,0.0,0.0,,,0,32,"[0.4389610192818367, 1.0732388726686788, 0.047465635922006054, 1e-05, 0.10879753567807814]"
732,2.898309796916445,0.4586366057139951,2.815373951387522,0.08293584552892307,0.8626033940417431,70.42434896226129,8.443931865009802e-05,0.0005254151994736717,2.625,3.535007874958751,1.662775812548034,5.197783687506785,5.197783687506785,248.33203125,,853.6328125,0.0,0.0,,,0,32,"[0.43840358529128587, 1.0734637177122093, 0.04752624422830617, 1e-05, 0.10879753567807814]"
733,2.872416145443591,0.4537535410727158,2.7902852381382686,0.0821309073053221,0.8625789025072248,70.0900667406239,0.0004833761400662162,0.0005346671339961636,2.3125,3.438980093733335,2.0199208125006862,5.458900906234021,5.458900906234021,248.33203125,,853.6328125,0.0,0.0,,,0,32,"[0.4378404230838409, 1.0736905830480623, 0.047586186598229635, 1e-05, 0.10879753567807814]"
734,2.8468413214088444,0.44896995021465014,2.7655298740316705,0.0813114473771741,0.862554499352353,70.40714219038568,3.4635644932556886e-05,0.0005268971070407157,2.875,4.092665531231887,2.03965028127584,6.0920790312621875,6.0920790312621875,248.33203125,,853.6328125,0.0,0.0,,,0,32,"[0.4372784671400926, 1.0739167127128435, 0.047643871829509375, 1e-05, 0.10879753567807814]"
735,2.821820816471511,0.4442423448163436,2.7413040655556555,0.08051675091585549,0.8625304013244784,67.58028182950952,0.00047342510751424705,0.0005200431814561973,2.21875,3.2629839375317715,1.8145028750069514,5.077486812538723,5.077486812538723,248.33203125,,853.6328125,0.0,0.0,,,0,32,"[0.43672274865772964, 1.0741400935422514, 0.047698386878975575, 1e-05, 0.10879753567807814]"
736,2.7954589678454687,0.4397005771629573,2.7158086210142214,0.07965034683124764,0.8625055469659951,65.60675427163987,0.000492337929737463,0.0005440373061034572,2.09375,3.2758329374900086,2.018841437518404,5.294674375008412,5.294674375008412,248.33203125,,853.6328125,0.0,0.0,,,0,32,"[0.4361483337154183, 1.0743706014574863, 0.047754909580653156, 1e-05, 0.10879753567807814]"
737,2.7683460346353708,0.4344746709187581,2.6896152626613468,0.07873077197402428,0.8624793055828317,64.86056084938735,0.0005138339108798906,0.0005459744671306718,1.84375,2.7864291249812823,1.7293562187603584,4.489629187489186,4.489629187489186,248.33203125,,853.6328125,0.0,0.0,,,0,32,"[0.4355392471715375, 1.0746142053857572, 0.047824627323169985, 1e-05, 0.10879753567807814]"
738,2.740456185625103,0.4301836265335523,2.662497417234187,0.07795876839091587,0.8624539069468782,64.70365414335926,0.0004848198693117034,0.0005537462509897959,2.125,2.948559906229775,1.7987250312501146,4.74728493747989,4.74728493747989,248.33203125,,853.6328125,0.0,0.0,,,0,32,"[0.43495002896135704, 1.0748499734081116, 0.047879679723524186, 1e-05, 0.10879753567807814]"
739,2.7125460320386976,0.42586826408655803,2.6354558341486216,0.07709019789007558,0.862427785118226,63.288849179814186,0.0005059716874340481,0.0005627585684893066,1.84375,2.9122276874886666,2.067351062478906,4.9795787499675725,4.9795787499675725,248.33203125,,853.6328125,0.0,0.0,,,0,32,"[0.4343417775954658, 1.075092663102284, 0.0479448561617143, 1e-05, 0.10879753567807814]"
740,2.6847920114842694,0.4216655264219217,2.608589058223238,0.0762029532610316,0.8624013524049668,63.24590249329988,0.0005276515395651327,0.0005611990315456737,2.3125,3.454377093760286,2.3042946562128463,5.648728218730525,5.648728218730525,248.33203125,,853.6328125,0.0,0.0,,,0,32,"[0.43372509100978546, 1.0753383565732777, 0.04800956975341098, 1e-05, 0.10879753567807814]"
741,2.656185381143772,0.4173310576309861,2.580845821533421,0.07533955961035127,0.8623751488894116,61.56362623562363,0.00043456649021056393,0.0005631221502020739,1.75,2.9102249374943767,1.6834213437562084,4.593646281250585,4.593646281250585,248.33203125,,853.6328125,0.0,0.0,,,0,32,"[0.43311279470530273, 1.0755820160350416, 0.04807093920687501, 1e-05, 0.10879753567807814]"
742,2.627945933589829,0.41293501966171864,2.553520381072988,0.07442555251684044,0.8623485209074111,60.51991417342636,0.0006894188433801407,0.0005576217482373743,1.75,2.879006062443068,1.8419020938296171,4.720908156272685,4.720908156272685,248.33203125,,853.6328125,0.0,0.0,,,0,32,"[0.43248933778586435, 1.0758297420922278, 0.04813217745504921, 1e-05, 0.10879753567807814]"
743,2.6008011022148434,0.40883335623582634,2.5272531817632573,0.07354792045158637,0.8623217197037769,61.10820917603746,0.0008250316391789081,0.0005581975989006866,2.28125,3.355395593700905,1.7099605312864696,5.065356124987375,5.065356124987375,248.33203125,,853.6328125,0.0,0.0,,,0,32,"[0.43186060928943076, 1.076079196289512, 0.04819196655298649, 1e-05, 0.10879753567807814]"
744,2.5737020067918994,0.40494782130580625,2.501011465857168,0.07269054093473118,0.8622954205315496,60.130482595449756,0.0009358583005798504,0.0005632928080659437,2.28125,3.476552281242107,1.8044307500417744,5.194537781292752,5.194537781292752,248.33203125,,853.6328125,0.0,0.0,,,0,32,"[0.43124275042030236, 1.0763240705991828, 0.04824726687652811, 1e-05, 0.10879753567807814]"
745,2.5464163631115317,0.40131407702370947,2.474557841420596,0.07185852169093603,0.8622689705287225,59.05160474975272,0.000257156238688383,0.0005577637322384242,2.3125,3.636615531206644,2.1452849375691585,5.781900468775802,5.781900468775802,248.33203125,,853.6328125,0.0,0.0,,,0,32,"[0.4306201947093541, 1.0765704616271508, 0.048301051417263895, 1e-05, 0.10879753567807814]"
746,2.51980312960469,0.3977596920017936,2.448829419319392,0.070973710285298,0.8622423224742107,57.9296888603241,0.0007362040651579527,0.0005517138351359085,2.25,3.711838249969901,1.951069406317174,5.662907656287075,5.662907656287075,248.33203125,,853.6328125,0.0,0.0,,,0,32,"[0.4299918350640255, 1.076818810629193, 0.048353457157024465, 1e-05, 0.10879753567807814]"
747,2.4921898133622813,0.3941923153021213,2.4221193776868377,0.07007043567544355,0.8622154450539402,55.42594081002088,0.0007639884618033665,0.0005489229501097194,1.9375,3.0536276875210433,1.76224478123288,4.815872468753923,4.815872468753923,248.33203125,,853.6328125,0.0,0.0,,,0,32,"[0.4293556347672815, 1.0770695147502778, 0.04841285110468052, 1e-05, 0.10879753567807814]"
748,2.4641720814714088,0.39039055202545364,2.395044439026795,0.06912764244461378,0.8621876887609478,55.89748342678132,0.00079274750227043,0.0005548094374376474,2.65625,3.633112374998859,1.8161386875163998,5.449251062515259,5.449251062515259,248.33203125,,853.6328125,0.0,0.0,,,0,32,"[0.428694553075341, 1.077328770099379, 0.04849127309166564, 1e-05, 0.10879753567807814]"
749,2.436730263878684,0.3869273681785204,2.3684873563769675,0.06824290750171663,0.86216045355764,55.41674536976845,0.0008202533575374371,0.0005630613833401888,2.4375,3.4001664062799364,1.6451032499844587,5.045269656264395,5.045269656264395,248.33203125,,853.6328125,0.0,0.0,,,0,32,"[0.42804487366241184, 1.077583259503011, 0.048563952251548165, 1e-05, 0.10879753567807814]"
750,2.409346769545749,0.3835456264332852,2.34198744338856,0.0673593261571886,0.8621332828342084,54.470649537451855,0.0008460048887530824,0.0005658324966346089,2.53125,3.5838995625567804,1.7937415312587746,5.370556000059423,5.370556000059423,248.33203125,,853.6328125,0.0,0.0,,,0,32,"[0.4273956533065468, 1.0778372548998358, 0.048633190776980174, 1e-05, 0.10879753567807814]"
751,2.381943895103608,0.38020346794970716,2.3154727004603,0.06647119464330786,0.8621059546758159,53.78227157672863,0.0008829699602010965,0.0005723292664916034,2.53125,3.5871899062840384,1.834366968708423,5.421556874992461,5.421556874992461,248.33203125,,853.6328125,0.0,0.0,,,0,32,"[0.426740171551102, 1.0780929473456902, 0.048709092665019195, 1e-05, 0.10879753567807814]"
752,2.354920888289336,0.377102728169765,2.289352436807759,0.0655684514815773,0.8620785956920685,51.48605784994674,0.0009192946685212533,0.0005689603555366236,2.03125,3.0349840937731187,1.6234671562642689,4.648441937533221,4.648441937533221,248.33203125,,853.6328125,0.0,0.0,,,0,32,"[0.42608279242989344, 1.0783490431238567, 0.04878192405587862, 1e-05, 0.10879753567807814]"
753,2.327193291794379,0.3740992351258878,2.262533245068308,0.06466004672607081,0.8620503811540651,50.30120653578645,0.0009493897282384367,0.0005700755665013717,2.03125,3.0223599999885664,1.7206174687203202,4.742977468708887,4.742977468708887,248.33203125,,853.6328125,0.0,0.0,,,0,32,"[0.4254019561288585, 1.0786134059788925, 0.048864910025835435, 1e-05, 0.10879753567807814]"
754,2.299384646937925,0.3710974631258878,2.235606409624671,0.0637782373132543,0.8620218622884949,50.626369940637964,0.0009724161530997311,0.0005807715850372047,2.28125,3.1168951562250413,1.446485687523591,4.563380843748632,4.563380843748632,248.33203125,,853.6328125,0.0,0.0,,,0,32,"[0.42471246513723765, 1.0788807498688584, 0.048945610571402315, 1e-05, 0.10879753567807814]"
755,2.2721225594354326,0.3682811260439745,2.209235477546222,0.06288708188921033,0.8619938498081493,49.354194185419495,0.0009914339082905954,0.0005888381929189136,2.59375,3.2539168125538254,1.4898060624091158,4.743722874962941,4.743722874962941,248.33203125,,853.6328125,0.0,0.0,,,0,32,"[0.42403431125950336, 1.079143444647377, 0.04901969077929809, 1e-05, 0.10879753567807814]"
756,2.244908950696364,0.36560786795207195,2.182855966474325,0.06205298422203853,0.8619654849009835,48.49087244348692,0.0009810120880135997,0.0005842999140348516,2.3125,3.4785542499946587,1.8750438125039182,5.353598062498577,5.353598062498577,248.33203125,,853.6328125,0.0,0.0,,,0,32,"[0.42334622991060694, 1.0794095798842147, 0.04909192309533305, 1e-05, 0.10879753567807814]"
757,2.2179978199115067,0.3633014512770312,2.156824273494434,0.06117354641707267,0.8619369763394329,47.467347966122084,0.000999708991376469,0.0005899955077537705,2.3125,3.7543887187752034,2.3560907499842187,6.109953968760351,6.109953968760351,248.33203125,,853.6328125,0.0,0.0,,,0,32,"[0.4226535209717464, 1.0796771821742062, 0.0491608337698339, 1e-05, 0.10879753567807814]"
758,2.190496148662137,0.36112925541152535,2.130182708306175,0.060313440355961874,0.8619082254025173,45.94313997167842,8.443011338510331e-06,0.000573241400510773,2.65625,3.7806686874830575,2.0796620312779623,5.86033071876102,5.86033071876102,248.33203125,,853.6328125,0.0,0.0,,,0,32,"[0.4219521871690639, 1.079947308664266, 0.0492364680596924, 1e-05, 0.10879753567807814]"
759,2.163412332540804,0.3589356290413013,2.103988470399225,0.05942386214157865,0.8618789318334132,45.049548393739386,8.666501105203395e-06,0.000582670026690632,2.4375,3.5371709062417267,1.660710343699634,5.197881249941361,5.197881249941361,248.33203125,,853.6328125,0.0,0.0,,,0,32,"[0.42123618965407195, 1.0802226755643818, 0.049310506780572055, 1e-05, 0.10879753567807814]"
760,2.1359902104121735,0.35686083798118795,2.0774676331209188,0.058522577291254485,0.8618494581463916,43.89224093583123,8.776825373146835e-06,0.0005855368854020431,2.625,3.6887479374883014,1.6075583750563283,5.29630631254463,5.29630631254463,248.33203125,,853.6328125,0.0,0.0,,,0,32,"[0.42051448698080063, 1.080499867520386, 0.049380742823092065, 1e-05, 0.10879753567807814]"
761,2.1088418787647627,0.355078816660862,2.051214003570945,0.05762787519381757,0.8618196356020751,42.58807631790541,8.747053955371342e-06,0.0005899841375000457,2.625,3.7640547812571867,1.7066015312394711,5.470656312496658,5.470656312496658,248.33203125,,853.6328125,0.0,0.0,,,0,32,"[0.4197827546300607, 1.0807804864986408, 0.04944804972585856, 1e-05, 0.10879753567807814]"
762,2.0815989970137005,0.35343432916933365,2.0248672924509563,0.05673170456274468,0.8617893439159661,39.871919552092486,8.459011839434538e-06,0.0005992356186093178,2.53125,3.6532562500468657,2.015175312422457,5.668431562469323,5.668431562469323,248.33203125,,853.6328125,0.0,0.0,,,0,32,"[0.419037987457774, 1.0810656707822326, 0.04951264504565124, 1e-05, 0.10879753567807814]"
763,2.0535740140804988,0.3522043589933584,1.9977730140990486,0.055800999981450466,0.8617579052622403,47.05968814931309,0.00073983705970182,0.0005941884126377732,2.59375,3.874271625079473,2.25024262491047,6.124514249989943,6.124514249989943,248.33203125,,853.6328125,0.0,0.0,,,0,32,"[0.41826246624288677, 1.081361890999652, 0.04958155261451522, 1e-05, 0.10879753567807814]"
764,2.030408871966163,0.3512662020654083,1.9753703481062872,0.055038523859875406,0.8617314304254132,45.49692838379842,0.00020902901129993268,0.0005904825587258793,2.625,3.896071500008702,1.9185218437058893,5.814593343714591,5.814593343714591,248.33203125,,853.6328125,0.0,0.0,,,0,32,"[0.41761042322816383, 1.0816112810155323, 0.04962232828779402, 1e-05, 0.10879753567807814]"
765,2.0069880009323238,0.3505492197439772,1.9527085389551337,0.05427946197718989,0.8617044061533573,43.89675438264716,7.191572097520194e-05,0.0005877694321147825,2.625,3.5723502812459174,1.6502506250333226,5.22260090627924,5.22260090627924,248.33203125,,853.6328125,0.0,0.0,,,0,32,"[0.41694354843438364, 1.0818659741662142, 0.04966147729353659, 1e-05, 0.10879753567807814]"
766,1.9834306968431508,0.3504169607930952,1.9298956228158468,0.05353507402730383,0.8616767784771914,42.40990777558358,4.305591749886872e-05,0.0005901945343934941,2.625,3.4257882499701964,1.6532717812651754,5.079060031235372,5.079060031235372,248.33203125,,853.6328125,0.0,0.0,,,0,32,"[0.4162604028099491, 1.0821264890392415, 0.04969893030982193, 1e-05, 0.10879753567807814]"
767,1.959644321677731,0.3504784379184738,1.9068611895396197,0.052783132138111144,0.8616485828309843,50.90631766758003,6.877565969176658e-06,0.0005958062376201661,2.625,3.5361023437445738,1.5183029687477756,5.002819624976951,5.002819624976951,248.33203125,,853.6328125,0.0,0.0,,,0,32,"[0.4155617935402008, 1.08239249842833, 0.04973422964664584, 1e-05, 0.10879753567807814]"
768,1.940189904824119,0.35069318420373685,1.8880148203792897,0.05217508444482922,0.8616252058602493,60.6944572856414,0.0008560924069649367,0.0005956272179555272,2.59375,3.7509882187549692,1.8580313437581708,5.482833750022564,5.482833750022564,248.33203125,,853.6328125,0.0,0.0,,,0,32,"[0.4149836338730042, 1.0826129794053807, 0.049748618510717595, 1e-05, 0.10879753567807814]"
769,1.9240056762131537,0.35092211837372156,1.8723412867255282,0.051664389487625625,0.8616056418145149,59.04327603473599,0.0009433763433714937,0.0005878467164147883,2.6875,3.7188725000305567,1.9769542186764966,5.695826718707053,5.695826718707053,248.33203125,,853.6328125,0.0,0.0,,,0,32,"[0.4145008579272176, 1.0827974237450113, 0.04974829741129441, 1e-05, 0.10879753567807814]"
770,1.907817878604635,0.35116679700693115,1.8566447066412033,0.051173171963431546,0.861585738085387,57.92599921966438,3.466244108540906e-05,0.0005687467006164056,2.53125,3.451713718703786,1.662364750060874,5.11407846876466,5.11407846876466,248.33203125,,853.6328125,0.0,0.0,,,0,32,"[0.4140088885972079, 1.0829851480349515, 0.0497471088876605, 1e-05, 0.10879753567807814]"
771,1.8914889346485855,0.35150017147567664,1.8408215941996415,0.05066734044894404,0.8615656537852844,56.60841755547542,1.6692395570672147e-05,0.0005752543031061902,2.53125,3.886249562540911,1.8009631249640279,5.68646893749758,5.68646893749758,248.33203125,,853.6328125,0.0,0.0,,,0,32,"[0.4135117407472306, 1.08317464636451, 0.049744541491625674, 1e-05, 0.10879753567807814]"
772,1.8749875885258005,0.35191338171262954,1.8248303130731869,0.05015727545261363,0.8615453165459794,54.99567435562941,1.1700613994580777e-05,0.0005769480281392307,2.53125,3.7294114374617493,2.117013593789352,5.846425031251101,5.846425031251101,248.33203125,,853.6328125,0.0,0.0,,,0,32,"[0.4130075387329406, 1.0833666081892401, 0.04974071823633287, 1e-05, 0.10879753567807814]"
773,1.8582682760804536,0.3524532825249139,1.8086285769078372,0.049639699172616646,0.861524611394948,53.26459909374357,1.4158568946598393e-05,0.0005806079521251172,2.53125,3.738483906232659,1.821672406222774,5.560156312455433,5.560156312455433,248.33203125,,853.6328125,0.0,0.0,,,0,32,"[0.41249335435508727, 1.0835621256548869, 0.04973576542335441, 1e-05, 0.10879753567807814]"
774,1.8413427833615637,0.35313091556437276,1.7922318673925657,0.04911091596899776,0.8615034753139668,51.11147410002764,1.533531365716101e-05,0.0005805901211831004,2.84375,4.336206437500323,2.008194437522093,6.174325875022646,6.174325875022646,248.33203125,,853.63671875,0.0001220703125,0.0001220703125,,,0,32,"[0.41196755385342143, 1.0837618002026457, 0.04972966889150824, 1e-05, 0.10879753567807814]"
775,1.8239583980177554,0.3532755486113964,1.7754165562428674,0.04854184177488815,0.8614817133233063,59.25466991838012,0.000496914044436636,0.0005724203736545661,2.6875,3.8129636562445057,1.829863531284559,5.642827187529065,5.642827187529065,248.33203125,,853.63671875,0.0,0.0,,,0,32,"[0.41142513418073207, 1.08396748708665, 0.04972268621280636, 1e-05, 0.10879753567807814]"
776,1.8080974356061876,0.35270196334850656,1.760050908838313,0.04804652676787444,0.8614622093498536,56.315659905076274,0.0005007117207287415,0.0005645992562382091,2.6875,3.7173345000098834,1.7092235936928546,5.426558093702738,5.426558093702738,248.33203125,,853.63671875,0.0,0.0,,,0,32,"[0.4109368460880853, 1.0841520305639232, 0.049725752196779605, 1e-05, 0.10879753567807814]"
777,1.7920313291590941,0.35547708394084365,1.744575134816053,0.04745619434304111,0.8614421854524235,56.973141694163125,0.0005730614136316703,0.0005730263354580033,2.875,4.06032996875183,1.698895124988553,5.759225093740383,5.759225093740383,248.33203125,,853.63671875,0.0,0.0,,,0,32,"[0.41043534758188543, 1.0843415200737196, 0.04972386964162794, 1e-05, 0.10879753567807814]"
778,1.7771796488545206,0.355236654346829,1.7301698003918926,0.04700984846262814,0.861423397006274,53.63590010506586,0.0004145026171575861,0.0005580074434864521,2.90625,4.0422420625105815,1.6142528124589717,5.656494874969553,5.656494874969553,248.33203125,,853.63671875,0.0,0.0,,,0,32,"[0.4099660377497137, 1.0845192190977306, 0.04970737912620096, 1e-05, 0.10879753567807814]"
779,1.761185277066787,0.3538832956815308,1.7147047257058095,0.04648055136097765,0.8614028049881207,51.53507724776155,0.00041690207711653215,0.0005446161330687976,3.1875,4.361349906218948,2.3557554375344125,6.71710534375336,6.71710534375336,248.33203125,,853.63671875,0.0,0.0,,,0,32,"[0.40944875702432754, 1.0847142362061983, 0.04970260310799063, 1e-05, 0.10879753567807814]"
780,1.744299336666347,0.35287356846450924,1.69834598216113,0.04595335450521691,0.8613816218384321,49.93788758254154,0.0004199641277327082,0.0005493721509742998,3.1875,4.721010093803102,2.5204944062124923,7.221256843763513,7.221256843763513,248.33203125,,853.63671875,0.0,0.0,,,0,32,"[0.4089156140536231, 1.084914948064444, 0.04969703053369633, 1e-05, 0.10879753567807814]"
781,1.7273599990467474,0.3520587357231044,1.681919452307557,0.04544054673919069,0.8613600208083755,48.29328168642955,0.00042392375590893927,0.0005531036128382095,3.15625,4.152161468752524,1.9996743437502573,6.151835812502782,6.151835812502782,248.33203125,,853.63671875,0.0,0.0,,,0,32,"[0.408371025493967, 1.0851197099798924, 0.04968995629986246, 1e-05, 0.10879753567807814]"
782,1.7101142833986165,0.351378354895665,1.665194537747961,0.04491974565065561,0.8613379584853231,46.57874860204855,0.0004287316351785364,0.0005617705537165469,3.15625,4.160429656252518,1.453499999968244,5.455570406226684,5.455570406226684,248.33203125,,853.63671875,0.0,0.0,,,0,32,"[0.4078138207446244, 1.0853289404238244, 0.049681292201390004, 1e-05, 0.10879753567807814]"
783,1.693462101519947,0.3502290484968514,1.649078182239279,0.04438391928066789,0.8613153762638925,43.08520524930717,0.000522293094983306,0.0005707328649390891,2.9375,3.8016339687487744,1.791721218765474,5.532688093765614,5.532688093765614,248.33203125,,853.63671875,0.0,0.0,,,0,32,"[0.4072424316086006, 1.085543203313934, 0.049670959242231943, 1e-05, 0.10879753567807814]"
784,1.6750818548763555,0.3495791751780783,1.6312596004331616,0.04382225444319361,0.8612913133706545,52.008877849562076,0.0005253272795391339,0.0005769327109477236,2.9375,4.5153095937848775,2.200291499946161,6.55415743747767,6.55415743747767,248.33203125,,853.63671875,0.0,0.0,,,0,32,"[0.40663207993547046, 1.0857716553770511, 0.04966021207602748, 1e-05, 0.10879753567807814]"
785,1.659913362720114,0.34900104482419364,1.6165485603446252,0.04336480237548865,0.8612714657812469,50.18317091464227,0.0005272074755346967,0.0005664592456347996,2.9375,3.93914874995005,1.8299985625418458,5.743119812478881,5.743119812478881,248.33203125,,853.63671875,0.0,0.0,,,0,32,"[0.40612964018504155, 1.0859600212245566, 0.049639220772459164, 1e-05, 0.10879753567807814]"
786,1.6448175412697341,0.349488660704143,1.6019506642667873,0.0428668770029466,0.8612511424214089,48.119982383252086,0.0005292838729009652,0.0005651132449509602,3.0625,3.7482049062163014,1.4589199375336648,5.207124843749966,5.207124843749966,248.33203125,,853.63671875,0.0,0.0,,,0,32,"[0.4056142375301447, 1.0861529904456566, 0.049616840097580696, 1e-05, 0.10879753567807814]"
787,1.629299382905736,0.34908407696933536,1.586901110618222,0.04239827228751376,0.8612302115838787,46.563410087238275,0.0005309993559092785,0.0005668191776740477,2.84375,4.126021437528493,1.8836093437926138,5.982332750079422,5.982332750079422,248.33203125,,853.63671875,0.0,0.0,,,0,32,"[0.40508236383505714, 1.0863518271664854, 0.04959305389987299, 1e-05, 0.10879753567807814]"
788,1.61358875022886,0.3488314684781063,1.5716725240606273,0.041916226168232595,0.8612088491424169,44.56836867447035,0.0005327697489341254,0.0005698844013111503,2.84375,3.918383937559611,1.7685617186771196,5.68694565623673,5.68694565623673,248.33203125,,853.63671875,0.0,0.0,,,0,32,"[0.4045385896933694, 1.0865548551395772, 0.04956733394823367, 1e-05, 0.10879753567807814]"
789,1.597680430738918,0.3487682359980202,1.5562569564833901,0.04142347425552809,0.8611868256435595,42.567247260721544,0.0005340519824350576,0.0005738408082122631,2.8125,4.081033031255288,1.9632041875325967,6.044237218787885,6.044237218787885,248.33203125,,853.63671875,0.0,0.0,,,0,32,"[0.40397690825277266, 1.086764269543036, 0.04953970078630078, 1e-05, 0.10879753567807814]"
790,1.5808007959249986,0.34868445884830357,1.5399035574114106,0.04089723851358801,0.8611640846406465,39.8744246326977,0.0005342792499536397,0.0005773484404568475,3.09375,4.512162218730964,2.169257093768806,6.632612218737677,6.632612218737677,248.33203125,,853.63671875,0.0,0.0,,,0,32,"[0.40339407146883477, 1.0869807610135862, 0.04952071825997249, 1e-05, 0.10879753567807814]"
791,1.5633902309882548,0.3478283179318909,1.5230125537688124,0.04037767721944252,0.8611401845668724,36.50748662488283,0.0004998252217360832,0.0005652351874324204,3.21875,4.167506656330033,1.690600249844465,5.858106906174498,5.858106906174498,248.33203125,,853.63671875,0.0,0.0,,,0,32,"[0.4027800711554679, 1.0872084230152788, 0.049500175874041985, 1e-05, 0.10879753567807814]"
792,1.5435829704681943,0.345944357140994,1.5038232785409584,0.03975969192723584,0.8611134212234136,34.466937499293486,0.0005128098264730596,0.0005794166867687462,3.21875,4.4054630000402994,1.7167310936514468,6.122194093691746,6.122194093691746,248.33203125,,853.63671875,0.0,0.0,,,0,32,"[0.40208827260588875, 1.087463742256919, 0.04949393862499069, 1e-05, 0.10879753567807814]"
793,1.5246629061763373,0.34746452304545566,1.4855793509346242,0.03908355524171296,0.8610855669668268,32.17208930069787,0.0005269024943355127,0.0005579652080186283,3.34375,4.28692596875635,1.8761687812229866,6.1630947499793365,6.1630947499793365,248.33203125,,853.63671875,0.0,0.0,,,0,32,"[0.4013666968572951, 1.087729624251882, 0.049484657821271975, 1e-05, 0.10879753567807814]"
794,1.5036384177887299,0.3453584610120627,1.4652243636914255,0.03841405409730435,0.8610562605289201,30.05458998866884,0.0005418878151137729,0.0005704709145359901,3.34375,4.42327834373657,1.9249718750131706,6.34825021874974,6.34825021874974,248.33203125,,853.63671875,0.0,0.0,,,0,32,"[0.40060566952341375, 1.0880095466602502, 0.049472136445034176, 1e-05, 0.10879753567807814]"
795,1.4819494623817677,0.3431618747035829,1.444237390855227,0.037712071526540825,0.8610255101967226,27.93602138509565,0.0005571647755608922,0.0005778116504753291,3.25,4.784768687457586,1.9168990625075821,6.685995187481808,6.685995187481808,248.33203125,,853.63671875,0.0,0.0,,,0,32,"[0.3998051713074917, 1.0883034545090282, 0.04945569311407039, 1e-05, 0.10879753567807814]"
796,1.4590877033999392,0.3406629173393662,1.4221296316099936,0.03695807178994545,0.8609931329022207,26.295554845199646,0.0005731895121039443,0.0006021578739041267,2.9375,4.071924968769736,1.6439569062072223,5.689935812469571,5.689935812469571,248.33203125,,853.63671875,0.0,0.0,,,0,32,"[0.39896004623964937, 1.0886131342289127, 0.04943496443891406, 1e-05, 0.10879753567807814]"
797,1.4365256301283797,0.33940318914937495,1.4003557535186912,0.03616987660968844,0.8609595096543842,24.605431079481104,0.0009861959988453073,0.0005994232988975183,3.0625,3.9691052812003136,1.526763281290755,5.457304812495067,5.457304812495067,248.33203125,,853.63671875,0.0,0.0,,,0,32,"[0.3980799984147018, 1.0889349635678045, 0.049408519227391624, 1e-05, 0.10879753567807814]"
798,1.4128547976697474,0.3364670410369559,1.3774365051725503,0.0354182924971974,0.8609244477677063,23.558838276633473,0.0006083890179748863,0.000584753270156835,3.46875,4.036637406258592,1.4138122187148383,5.45044962497343,5.45044962497343,248.33203125,,853.63671875,0.0,0.0,,,0,32,"[0.3971592803601511, 1.0892708484098168, 0.04937751454011445, 1e-05, 0.10879753567807814]"
799,1.389679073316458,0.33394806025123674,1.355007543564866,0.03467152975159186,0.8608888012643789,23.260210381901466,0.0006043257345151876,0.0005881728179373974,3.5,4.431486906227633,1.7030955625045863,6.087867874995823,6.087867874995823,248.33203125,,853.63671875,0.0,0.0,,,0,32,"[0.39622016154305656, 1.0896126112846518, 0.04934259569750878, 1.5887206003458163e-05, 0.10879753567807814]"
800,1.3792275651931891,0.33294656809595236,1.3452512687146265,0.03397629647856247,0.860853944498943,45.98334476591276,0.000973992459135653,0.0005575709166783735,3.3125,4.841797750017918,1.7229123438085026,6.432843906296171,6.432843906296171,248.33203125,,853.63671875,0.0,0.0,,,0,32,"[0.39530226277790387, 1.089946265337142, 0.04929544836330918, 0.00022544378324664504, 0.10879753567807814]"
