epoch,seed,loss,loss_mean,loss_std,loss_sem,theta,grad_theta,grad_norm,wall_time_sec,forward_time_sec,backward_time_sec,warm_start,penalty_warm_start,constraint_violation_inf,outer_iterations,inner_iterations_total,backward_iterations,backward_solver_used,backward_fallback_count,alm_residual_inf,teacher_rollout_samples
0,1,14.05676868268742,14.05676868268742,17.15452933032521,3.0325210043841198,"[0.5118216247002567, 0.9504636963259353, 0.14415961271963373, 0.9486494471372439, 0.31183145201048545]","[3.755789881999754, -15.573330999822954, 13.93893009656627, 9.77612071647463, 5.122041761500747]",23.93190791337752,0.14701579976826906,0.004507359393755905,8.688434900250286e-05,True,False,3.1980056893754494e-05,1.59375,262.65625,3.6875,cg,0,3.1980056893754494e-05,32
1,1,14.00923339394761,14.00923339394761,17.123519990940224,3.0270392758443103,"[0.5115077516989535, 0.9517651664014128, 0.1429947302416937, 0.9478324524578852, 0.3114034007427114]","[3.7516318779754196, -15.548623213177066, 13.927457028946911, 9.804231572807861, 5.126280274492791]",23.92091534729073,0.026234901510179043,0.000740546893212013,7.929377898108214e-05,True,False,5.0090647636835683e-05,1.0,46.15625,3.6875,cg,0,5.0090647636835683e-05,32
2,1,13.961346579008834,13.961346579008834,17.092116901680235,3.021487941502824,"[0.5111940821070209, 0.953065168762258, 0.14183027170604307, 0.9470127320224372, 0.31097479839201925]","[3.751638206376242, -15.541917717914599, 13.935373676596658, 9.828863654706883, 5.181083368233414]",23.943074587440844,0.024801199790090322,0.0007001187623245642,7.491873111575842e-05,True,False,6.940539282496161e-05,1.0,48.90625,3.6875,cg,0,9.418179791831349e-05,32
3,1,13.913385691685496,13.913385691685496,17.06087940549408,3.0159658801576943,"[0.5108807022866876, 0.9543634078551954, 0.14066622958395703, 0.9461917126818842, 0.31054201492896855]","[3.7472372721704565, -15.51717247185874, 13.923480912697746, 9.856658887720206, 5.187449048850563]",23.93221890015439,0.03010270232334733,0.0008687562658451498,7.195318175945431e-05,True,False,9.042660651958911e-05,1.03125,55.59375,3.6875,cg,0,9.191850217904474e-05,32
4,1,13.865497178957845,13.865497178957845,17.029099038640776,3.010347851930052,"[0.5105675481000534, 0.9556601678870126, 0.13950265332132922, 0.9453679980962513, 0.31010850317894856]","[3.7427246122866853, -15.492595565766598, 13.91088339000116, 9.88500771550403, 5.192830227648794]",23.921121313324647,0.029940797481685877,0.0008631155797047541,7.25343415979296e-05,True,False,0.00010990048188919133,1.0,54.28125,3.6875,cg,0,0.00013680313702257862,32
5,1,13.817893330775135,13.817893330775135,16.998129570437204,3.0048731716859307,"[0.5102546259286296, 0.9569554746882443, 0.1383395905027254, 0.9445415311772791, 0.3096743404020942]","[3.7383263271592364, -15.468107512577264, 13.898106932622113, 9.913283683530526, 5.197626498554741]",23.90990013923544,0.026339900214225054,0.0007485562236979604,7.456565799657255e-05,True,False,0.00013035026392937965,1.03125,50.25,3.6875,cg,0,0.00013334680970089607,32
6,1,13.769940583103363,13.769940583103363,16.966573966329157,2.999294876273621,"[0.5099419248043896, 0.9582493410299566, 0.1371770505631098, 0.9437123111784178, 0.30923957267257046]","[3.7329330451960363, -15.438765260561889, 13.881262511586868, 9.940711179402767, 5.194466781688765]",23.891001123950566,0.021763498429208994,0.0006015843682689592,7.852495764382184e-05,True,False,0.0001514916035492142,1.0,42.0,3.6875,cg,0,0.00018011447729060492,32
7,1,13.72226112902987,13.72226112902987,16.93479977389675,2.9936779395397006,"[0.5096294278080793, 0.9595417745432964, 0.13601500110030265, 0.9428801391712748, 0.3088047255303748]","[3.723479099988232, -15.403485549731005, 13.855763665922465, 9.970192768237549, 5.1761137704563565]",23.860233612754975,0.034770399797707796,0.0010097718914039433,7.680310227442533e-05,True,False,0.00017083715153498602,1.03125,57.90625,3.6875,cg,0,0.0001741496164138212,32
8,1,13.674611789482075,13.674611789482075,16.90301759988036,2.988059591847741,"[0.5093173202939398, 0.9608329174381296, 0.13485359053825896, 0.9420444228971063, 0.3083708560340198]","[3.718845517384715, -15.379174188400203, 13.841966305929512, 9.999046479042041, 5.180443777490431]",23.848831630409016,0.026806102134287357,0.0007625593716511503,7.513132004532963e-05,True,False,0.00015876775172607438,1.03125,50.09375,3.6875,cg,0,0.00018867064954708468,32
9,1,13.626533397693995,13.626533397693995,16.870424313414016,2.982297858377364,"[0.5090054521425049, 0.9621226388321241, 0.13369278178084382, 0.9412058873551075, 0.3079364159861755]","[3.714093956557354, -15.353561331754904, 13.82827234482431, 10.027474740126443, 5.183496915930099]",23.83624017059022,0.032062598038464785,0.0009223156084772199,7.964058022480458e-05,True,False,0.0001445339689323255,1.0625,56.375,3.6875,cg,0,0.00014918156200849353,32
10,1,13.579325372893496,13.579325372893496,16.839056939594407,2.976752837693399,"[0.5086938179309162, 0.9634108924510866, 0.13253250883131162, 0.940364523560487, 0.3075014902698196]","[3.709177845911543, -15.328494498856477, 13.813404078178294, 10.05588419220908, 5.1861705401833085]",23.823266943895263,0.025486497674137354,0.0007206187292467803,7.583432307001203e-05,True,False,0.00013082065797043185,1.03125,47.4375,3.6875,cg,0,0.00016200475277194926,32
11,1,13.53134323786394,13.53134323786394,16.806610128530064,2.9710169976605303,"[0.5083824267304993, 0.9646977432036985, 0.13137285225607115, 0.9395203165744789, 0.30706610325491696]","[3.688159278962125, -15.292872717241744, 13.771642147133742, 10.098514270871702, 5.152907471934613]",23.783713926440942,0.022803599946200848,0.0006302468827925622,8.236561552621424e-05,True,False,8.511785758580359e-05,1.09375,48.75,3.6875,cg,0,9.062159149131332e-05,32
12,1,13.483895424575605,13.483895424575605,16.774290246551583,2.965303595731997,"[0.5080722851529296, 0.9659837385502534, 0.1302147789468186, 0.9386711208347656, 0.3066327893084362]","[3.683145714968745, -15.267881865237888, 13.756383165224372, 10.127204221741508, 5.1559028579514115]",23.77089515408521,0.02131209708750248,0.0005888843734283,7.711866055615246e-05,True,False,0.00010504240913844498,1.0,43.96875,3.6875,cg,0,0.00013768347399656378,32
13,1,13.436332487980941,13.436332487980941,16.741823880387326,2.959564298813189,"[0.50776239815112, 0.9672683247440529, 0.12905736496846604, 0.9378190532827723, 0.306198989670323]","[3.6780868098156243, -15.242749264905617, 13.74060130231559, 10.156395621968914, 5.157518558964467]",23.75765606280488,0.03374480176717043,0.00097879690292757,7.572815229650587e-05,True,False,0.00012511965721673235,1.03125,56.53125,3.6875,cg,0,0.00013157191901402854,32
14,1,13.388717216225336,13.388717216225336,16.708925733762836,2.9537486731715275,"[0.507452764338766, 0.968551511033472, 0.12790063458518133, 0.9369640534802082, 0.3057648122796652]","[3.673092430217278, -15.218207299321358, 13.724905908621352, 10.18620250236394, 5.159044664924754]",23.745166810961777,0.03338619926944375,0.0009613375004846603,8.198122668545693e-05,True,False,0.00014518006897334956,1.0,57.34375,3.6875,cg,0,0.00017973689572370333,32
15,1,13.34138459876021,13.34138459876021,16.676676896679478,2.948047830324772,"[0.5071433883331725, 0.9698333051282312, 0.12674461778249393, 0.9361060934091732, 0.3053302779842627]","[3.6678186760926574, -15.193047876487764, 13.708675071909283, 10.21510131964799, 5.161089462250253]",23.73171947527518,0.03321719774976373,0.0009575843287166208,8.045310096349567e-05,True,False,0.00016711214291609267,1.03125,54.625,3.6875,cg,0,0.00017762102428831028,32
16,1,13.294021783747443,13.294021783747443,16.643880978323384,2.942250276258563,"[0.50683428147054, 0.9711137052182185, 0.12558931379488242, 0.935245211724653, 0.30489532513835454]","[3.6586803108126342, -15.157318442925904, 13.673224757967308, 10.248974239494029, 5.128577060873682]",23.69453723772659,0.03148910077288747,0.0009032687667058781,8.07656324468553e-05,True,False,0.00012378374655108715,1.0625,55.5625,3.6875,cg,0,0.00016266646080254077,32
17,1,13.246656978309167,13.246656978309167,16.610730116438425,2.936389976448305,"[0.506525460895236, 0.9723930987164087, 0.12443518914410683, 0.9343801199833598, 0.30446243404542433]","[3.6533820965242647, -15.13301693589485, 13.656358664738056, 10.279044199527467, 5.1299947586550285]",23.681788998826036,0.026102599687874317,0.0007386375218629837,7.706871838308871e-05,True,False,0.00014474667757902182,1.03125,49.5,3.6875,cg,0,0.0001590746130184506,32
18,1,13.199170529293703,13.199170529293703,16.578066909887173,2.930615882736383,"[0.5062169215279989, 0.9736711285929527, 0.12328186760536342, 0.9335120230503449, 0.3040291901922093]","[3.647934292518886, -15.107963834054631, 13.638894111833958, 10.308679956977107, 5.13113336520634]",23.668013023369163,0.03112570010125637,0.000892331256181933,8.03468719823286e-05,True,False,0.00013240523406965465,1.03125,56.25,3.6875,cg,0,0.00017666921610359765,32
19,1,13.15182306257842,13.15182306257842,16.544244354029548,2.9246368430853864,"[0.5059086629269273, 0.9749477853041434, 0.12212935056916008, 0.932640916553457, 0.3035955979544559]","[3.6427093676154856, -15.090974458134669, 13.625891599332512, 10.337746603177496, 5.157137720759052]",23.66721018227815,0.029795701149851084,0.0008547468751203269,7.636878581251949e-05,True,False,0.00015368715971275648,1.03125,52.15625,3.6875,cg,0,0.00017265954666267902,32
20,1,13.104525147788369,13.104525147788369,16.51099097990494,2.918758421500175,"[0.505600835401891, 0.9762230496332528, 0.12097789321581644, 0.9317673242269325, 0.30315979350764344]","[3.6370710556401744, -15.06597524726281, 13.60784188748913, 10.367596469634558, 5.157539684738125]",23.65317164793429,0.036023498978465796,0.0010484218364581466,7.731250661890954e-05,True,False,0.00014214807667167761,1.03125,61.0625,3.6875,cg,0,0.00019134285162136777,32
21,1,13.057143360377784,13.057143360377784,16.477159070069437,2.9127777282838814,"[0.505293301925229, 0.9774969570373739, 0.1198272786522002, 0.9308906894463194, 0.3027236964157788]","[3.6437224755346915, -15.05183746670084, 13.655447121080144, 10.371899750014459, 5.225157303108331]",23.689329537703006,0.03410169901326299,0.0009852312359726056,8.04468581918627e-05,True,False,0.00016250843887366528,1.03125,58.625,3.6875,cg,0,0.000186354016110446,32
22,1,13.00977577918179,13.00977577918179,16.443698779755167,2.9068627287384587,"[0.5049856762940703, 0.9787677264310041, 0.11867440118483498, 0.9300150293958254, 0.3022825562564871]","[3.6383398651350585, -15.027471236322985, 13.637914143089654, 10.402263106104042, 5.225441312399105]",23.676305149768854,0.03736499743536115,0.0010856155859073624,8.204058394767344e-05,True,False,0.00015117186915603043,1.03125,53.46875,3.6875,cg,0,0.00020463093971212487,32
23,1,12.962559515783449,12.962559515783449,16.410581984183867,2.90100845105855,"[0.5046783361206804, 0.9800371365978886, 0.11752237057395676, 0.9291363227699508, 0.3018411494340016]","[3.633051691132584, -15.00604347777038, 13.624642425887973, 10.429508935928157, 5.242443925426615]",23.670005526749048,0.026106097269803286,0.0007299155549844727,8.589998469687998e-05,True,False,0.00013876214568053769,1.0625,49.28125,3.6875,cg,0,0.0001671314262097212,32
24,1,12.914957936789403,12.914957936789403,16.376440741414687,2.894973074988494,"[0.5043713609755438, 0.9813050740692321, 0.1163711547527424, 0.928255080142128, 0.30139818849600936]","[3.6273806792833456, -14.98170433252287, 13.606200371423506, 10.459971677198432, 5.243942628355374]",23.65688030202152,0.027714400086551905,0.0007842875202186406,8.178748248610646e-05,True,False,0.00012806903362427846,1.03125,51.84375,3.6875,cg,0,0.00018610170306088136,32
25,1,12.867787711233753,12.867787711233753,16.342410704829387,2.888957357580121,"[0.5040646949542578, 0.9825716573330118, 0.11522085934632013, 0.9273707732053539, 0.3009548550926877]","[3.6211573055907142, -14.957469005532422, 13.58350029221067, 10.490213779109968, 5.2476555681734025]",23.6417557208722,0.029763598926365376,0.000844962487462908,8.514997898600996e-05,True,False,0.00011931456561597997,1.0625,56.125,3.65625,cg,0,0.000152352425697444,32
26,1,12.8206386017129,12.8206386017129,16.308394181006122,2.882944028913165,"[0.503758359219451, 0.9838370006671953, 0.11407174838755628, 0.9264833421784437, 0.30051092397099705]","[3.615365660984649, -14.933686465630249, 13.564483856273174, 10.52030502728024, 5.250867861812246]",23.62899730781442,0.02753430139273405,0.000767209377954714,9.323754056822509e-05,True,False,0.00014228630266188702,1.0,48.53125,3.65625,cg,0,0.00020663259406683565,32
27,1,12.773458947707432,12.773458947707432,16.274101818529747,2.876881938400677,"[0.503452348294507, 0.9851010142239668, 0.11292362655411621, 0.9255928850092472, 0.3000664812557022]","[3.609711473936993, -14.910332708026722, 13.546295398401396, 10.55033042394058, 5.255171202096572]",23.61729141598473,0.028935697861015797,0.0008225718484027311,8.166870975401253e-05,True,False,0.00013139841226328386,1.0625,52.96875,3.65625,cg,0,0.00017231436997677818,32
28,1,12.725960198483016,12.725960198483016,16.239437167911472,2.8707540360207657,"[0.5031466645130602, 0.9863636766050816, 0.11177647592119822, 0.9246994438234936, 0.29962145382988]","[3.60382145349985, -14.886332235925273, 13.527001078410729, 10.580564699172053, 5.258488493817652]",23.60445350511969,0.03322280012071133,0.0009405594028066844,9.765310096554458e-05,True,False,0.00015437891698022455,1.0,55.59375,3.65625,cg,0,0.0002261877969509385,32
29,1,12.679207232612786,12.679207232612786,16.205168379127528,2.8646961127877217,"[0.5028413135374432, 0.9876249921642041, 0.1106303361832116, 0.9238029549726563, 0.2991759032906604]","[3.597796545962471, -14.862341888000435, 13.507252075214275, 10.61067628723215, 5.2600532458737845]",23.590968959056987,0.03390950337052345,0.0009748437878442928,8.482819248456508e-05,True,False,0.00017744842623823587,1.03125,59.0625,3.65625,cg,0,0.00022504496927577833,32
30,1,12.63224457430162,12.63224457430162,16.171621525085914,2.858765810792647,"[0.5025362988047246, 0.9888849948298991, 0.10948521559930645, 0.9229034008843781, 0.29872996541886043]","[3.591932621388536, -14.839399521524232, 13.487695516076766, 10.641288726535628, 5.263784083796573]",23.57906141246361,0.023735398892313242,0.0006629312119912356,7.88000033935532e-05,True,False,0.00016802557845529975,1.03125,46.21875,3.65625,cg,0,0.00024739062770029463,32
31,1,12.58472978118042,12.58472978118042,16.135606936708218,2.8523992708767687,"[0.5022316274220598, 0.9901436878084967, 0.10834117553091124, 0.9220007959384102, 0.29828348589268294]","[3.585704828409664, -14.815631009572488, 13.467394733210936, 10.672480567067792, 5.2656571683112]",23.56607538596596,0.027748396154493093,0.0007849186804378405,8.221869939006865e-05,True,False,0.00019103856663038599,1.03125,50.3125,3.65625,cg,0,0.00024609866398472846,32
32,1,12.537817601309973,12.537817601309973,16.10121178250545,2.8463190091825856,"[0.5019273166898288, 0.991401057206353, 0.10719822792405945, 0.9210950464326635, 0.29783660137060225]","[3.5793764138651003, -14.791163075885114, 13.445483270697627, 10.703340882716084, 5.264864366491185]",23.551045919052957,0.03908210014924407,0.001144009394920431,7.730623474344611e-05,True,False,0.0001799228565504407,1.0625,68.90625,3.65625,cg,0,0.00023550348706802282,32
33,1,12.490872433705153,12.490872433705153,16.06615505558814,2.8401217968502266,"[0.5016233491780661, 0.9926571511502139, 0.10605641169081528, 0.9201860981915493, 0.29738949898845213]","[3.573130660070601, -14.76744911622144, 13.424941424276025, 10.73409833579388, 5.266288706963678]",23.537810692308543,0.034657700918614864,0.0010063031659228727,7.674998778384179e-05,True,False,0.00017075669897348433,1.0625,61.5,3.65625,cg,0,0.00020092338523047815,32
34,1,12.443620229297421,12.443620229297421,16.03040329688785,2.833801719096147,"[0.5013197414460958, 0.9939119364238859, 0.10491569885229352, 0.9192740254014622, 0.29694202417649257]","[3.5667913657859662, -14.74347579336068, 13.403754138668708, 10.765006416114137, 5.267693141098108]",23.524171787633392,0.03853229992091656,0.0011046968575101346,9.943751501850784e-05,True,False,0.00019414818106522347,1.0,59.28125,3.65625,cg,0,0.0002568892153451685,32
35,1,12.39660466642376,12.39660466642376,15.99498444844444,2.827540492117108,"[0.5010164966476958, 0.995165411013838, 0.10377612596878437, 0.9183587960354433, 0.296494170522946]","[3.560567871601944, -14.72058326321304, 13.381953666396768, 10.797314964349102, 5.267527443022229]",23.511247412874784,0.038422297686338425,0.0011081062257289886,9.259057696908712e-05,True,False,0.00014984848244914417,1.09375,66.34375,3.65625,cg,0,0.0001871739789391924,32
36,1,12.349531466248349,12.349531466248349,15.959520395881821,2.821271274103262,"[0.500713614558207, 0.9964176272832757, 0.10263778112209626, 0.9174403152101361, 0.29604608477485306]","[3.554038258879822, -14.697100354750628, 13.359387234613097, 10.82933047987594, 5.267164459709819]",23.497374197036063,0.032177898567169905,0.0009140187030425295,9.154062718153e-05,True,False,0.00013943409050920508,1.03125,58.15625,3.65625,cg,0,0.00021039303814074373,32
37,1,12.302508365453043,12.302508365453043,15.923516084485728,2.81490655091823,"[0.5004111094162343, 0.9976685841119735, 0.10150068494087873, 0.9165185670702286, 0.2955977653656018]","[3.5474420460552496, -14.672831503766293, 13.336800596042597, 10.860754099613866, 5.265862097213235]",23.48258637343395,0.034467400051653385,0.0009880156576400623,8.909059397410601e-05,True,False,0.00016247253217560598,1.03125,60.09375,3.65625,cg,0,0.00020756315601921926,32
38,1,12.255573125415271,12.255573125415271,15.8875234931207,2.808543899561558,"[0.500108975572075, 0.9989182617471203, 0.10036479638214972, 0.9155935621387924, 0.29514927455515627]","[3.540598721262823, -14.648372281392053, 13.311473860154406, 10.893567067225435, 5.260548794176645]",23.46591492341368,0.025317500345408916,0.0007104656251613051,8.070626063272357e-05,True,False,0.00018461951032833213,1.0,48.09375,3.65625,cg,0,0.00026360764409227855,32
39,1,12.208469875013677,12.208469875013677,15.85081882543049,2.802055369705321,"[0.49980721033235026, 1.0001667425609795, 0.09923025942477712, 0.9146651033846961, 0.2947009179655137]","[3.5326090907748124, -14.619969239608956, 13.27903133471814, 10.927767984326987, 5.242431045112719]",23.44045001969473,0.02721769968047738,0.000761406248784624,8.914686623029411e-05,True,False,0.00020843333824460686,1.03125,48.78125,3.65625,cg,0,0.00026136810841492775,32
40,1,12.161904910919992,12.161904910919992,15.81487647547444,2.7957015998588957,"[0.4995057989611815, 1.0014141562605203, 0.09809725802565769, 0.9137327178737797, 0.29425362014994405]","[3.5257554865399316, -14.597301378084977, 13.255604690566642, 10.960472950867507, 5.241429193211999]",23.427073276024764,0.031892200000584126,0.0009141343762166798,8.249687380157411e-05,True,False,0.00016486329795029064,1.0625,54.34375,3.65625,cg,0,0.0002517319050316935,32
41,1,12.11507108113291,12.11507108113291,15.778360893163986,2.7892464958912213,"[0.4992048005867924, 1.0026603470420552, 0.09696560965167436, 0.9127970079093928, 0.2938061524589327]","[3.5143505262382417, -14.565343715650188, 13.22025446916551, 10.993917312720734, 5.219016874810678]",23.39614028903681,0.04184260033071041,0.0012223937519593164,8.518750837538391e-05,True,False,0.0001560723867486402,1.0625,68.34375,3.59375,cg,0,0.00021696396860360068,32
42,1,12.06810972868638,12.06810972868638,15.741591338377184,2.7827464955084817,"[0.49890437919397534, 1.0039054535882708, 0.09583548696431851, 0.9118572018408335, 0.2933600090515064]","[3.507506275247586, -14.543343494119936, 13.196489205457368, 11.027568362942295, 5.218630629276501]",23.38375797969187,0.048176802694797516,0.0014244469057302922,8.107817848213017e-05,True,False,0.0001786738620768169,1.03125,62.40625,3.59375,cg,0,0.0002433983518232985,32
43,1,12.021529907874736,12.021529907874736,15.704571035269508,2.776202168666227,"[0.4986043841052352, 1.00514933778397, 0.09470679847751894, 0.9109140199645887, 0.2929136624348859]","[3.5006637587363336, -14.520847325301844, 13.172664786799592, 11.060463376827487, 5.217516937058051]",23.37060299779352,0.027205302845686674,0.0007720032153883949,7.816249853931367e-05,True,False,0.0002016815076304468,1.0,49.6875,3.625,cg,0,0.0003005767627577427,32
44,1,11.974647873019672,11.974647873019672,15.667808442682002,2.769703399038071,"[0.4983048057196097, 1.006391996976465, 0.09357951350438584, 0.9099674921084269, 0.29246715988316935]","[3.4936541498454736, -14.49838847562675, 13.147787109029622, 11.094317620362393, 5.215128639083119]",23.35711120316365,0.02758110361173749,0.0007827250374248251,7.918445044197142e-05,True,False,0.00019204268309902517,1.09375,55.625,3.625,cg,0,0.00023336587577604817,32
45,1,11.928158745067622,11.928158745067622,15.630033162593069,2.7630256098600445,"[0.4980056545001539, 1.007633450883063, 0.09245370757795039, 0.9090175186700691, 0.2920206039205336]","[3.4862573203977334, -14.473946357705607, 13.120010814041985, 11.127477874359556, 5.2082113454300405]",23.33945214209992,0.03314279904589057,0.0009610593697289005,7.465310045517981e-05,True,False,0.00018046794524240184,1.09375,62.46875,3.625,cg,0,0.00019297687010411124,32
46,1,11.881360131477553,11.881360131477553,15.592703149261393,2.7564265334678915,"[0.49770691078508955, 1.0088737496072115, 0.09132943004704693, 0.9080639849019125, 0.2915743028408427]","[3.4791037647228755, -14.452421959318096, 13.094486672368793, 11.162454432643564, 5.205520441109335]",23.326810256277728,0.027545297984033823,0.0007874843722674996,7.33061897335574e-05,True,False,0.00017196554782294982,1.0625,53.9375,3.625,cg,0,0.00018840392764385427,32
47,1,11.834666762827222,11.834666762827222,15.554825558025938,2.749730658063491,"[0.49740861850025925, 1.0101128750427013, 0.09020673161310365, 0.9071069355402956, 0.29112799060323313]","[3.4719009082413828, -14.430260234322708, 13.06867747666598, 11.196855945236875, 5.202127783945719]",23.31326990953705,0.0378196956589818,0.001100981215131469,8.088427421171218e-05,True,False,0.00012943806768417332,1.09375,69.1875,3.625,cg,0,0.00015004127897366715,32
48,1,11.787826779701462,11.787826779701462,15.516884125396386,2.7430234969884184,"[0.49711077088629824, 1.011350818951016, 0.08908559523654076, 0.9061463790856924, 0.2906817101969316]","[3.464615260665901, -14.408312575680785, 13.042319961537318, 11.231988806872854, 5.197934682695899]",23.29981196673838,0.04585669934749603,0.0013512156001525,8.180625445675105e-05,True,False,0.00011800711254794649,1.0625,69.8125,3.625,cg,0,0.0001427490353376193,32
49,1,11.741651883989604,11.741651883989604,15.478810840511123,2.7362930275073145,"[0.49681337661844205, 1.0125875939598128, 0.0879660737588914, 0.905182252094245, 0.29023553194537377]","[3.4571861616485777, -14.386476463818337, 13.015455817610734, 11.266936215460873, 5.192727925530495]",23.285901449854126,0.02900810120627284,0.0008328625117428601,7.364065095316619e-05,True,False,0.00014049615790012737,1.03125,54.3125,3.625,cg,0,0.00017049310315764288,32
50,1,11.694736515352226,11.694736515352226,15.440248951881207,2.7294761842709208,"[0.49651644277038426, 1.0138232323132759, 0.08684819083345857, 0.904214547559444, 0.2897895343586804]","[3.4495997633533797, -14.364257205303982, 12.987636598285258, 11.302705628952921, 5.186630333392321]",23.271497948060908,0.0346729988232255,0.0010104781104018912,7.305310282390565e-05,True,False,0.00013028267687120731,1.0625,61.96875,3.59375,cg,0,0.00016429797433570315,32
51,1,11.648278355318606,11.648278355318606,15.401393585924803,2.7226074610826063,"[0.49621997713066446, 1.0150577258758944, 0.08573200685366372, 0.9032431699838626, 0.2893437847687962]","[3.441890189871457, -14.341730730441146, 12.959896691800182, 11.337838442446795, 5.179948283277559]",23.25659509580457,0.029291601851582527,0.0008377938211197034,7.756873674225062e-05,True,False,0.0001216300983544194,1.0625,57.90625,3.59375,cg,0,0.0001593893240823263,32
52,1,11.601955582983308,11.601955582983308,15.363051617389791,2.7158294945938195,"[0.49592398451647957, 1.0162910732916055, 0.08461749317375011, 0.902268148627963, 0.2888983241790825]","[3.4337886809278815, -14.318070536182002, 12.928943048734867, 11.37443825593702, 5.16575367997297]",23.238297563764416,0.03274969710037112,0.0009480280859861523,7.539994840044528e-05,True,False,0.00014335429183542914,1.03125,61.59375,3.5625,cg,0,0.0001854821887574687,32
53,1,11.555450240281907,11.555450240281907,15.323984606939707,2.7089233575913343,"[0.4956284560965204, 1.0175233555185008, 0.08350476596017499, 0.9012892095964581, 0.2884537344955589]","[3.4261176918690808, -14.29697463699629, 12.89967349112856, 11.411475227698364, 5.158504772527304]",23.224454369214765,0.028966399375349283,0.0008277093584183604,7.749062206130475e-05,True,False,0.00016502503247872724,1.03125,55.0,3.5625,cg,0,0.00021223621030497242,32
54,1,11.508900862365497,11.508900862365497,15.284642756602382,2.701968635301847,"[0.49533341211940435, 1.0187545555638575, 0.08239389607401978, 0.9003064975769814, 0.2880095040572203]","[3.41818942276268, -14.274965114117355, 12.869991762311663, 11.448174371628216, 5.149701978880857]",23.209383077014753,0.03571140253916383,0.001039850030792877,7.613129855599254e-05,True,False,0.0001544438966574191,1.0625,61.03125,3.5625,cg,0,0.00020678647832639285,32
55,1,11.462474234393838,11.462474234393838,15.244882203767107,2.6949398961684596,"[0.49503885974709244, 1.0199846584981866, 0.08128486256640338, 0.8993199849813518, 0.28756574370722987]","[3.4102049884130716, -14.253070885131134, 12.839927912171605, 11.485085141043838, 5.140317663728599]",23.19425193642597,0.03244840307161212,0.0009311719186371192,8.28406773507595e-05,True,False,0.0001440429098313878,1.0625,58.03125,3.5625,cg,0,0.0002000584312846776,32
56,1,11.415917806494036,11.415917806494036,15.20506512804671,2.6879011651062323,"[0.49474480370272306, 1.0212136760085235, 0.08017769791657449, 0.8983296460670356, 0.287122503056262]","[3.401870845162412, -14.2308287639559, 12.808435446345676, 11.522620872309455, 5.129086863363083]",23.178083504861014,0.03515520179644227,0.0010249438200844452,7.365623605437577e-05,True,False,9.937784898639279e-05,1.09375,64.09375,3.5625,cg,0,0.00015973604295105304,32
57,1,11.36963305305951,11.36963305305951,15.16495405289981,2.6808104617969684,"[0.4944512616724424, 1.02244163161239, 0.07907247837216247, 0.8973353774192938, 0.2866799223000001]","[3.3938097421056703, -14.209628820970147, 12.777397609274143, 11.560548904682834, 5.118693856934922]",23.16334827349941,0.03280199971050024,0.0009529469098197296,7.211558113340288e-05,True,False,0.00012139671656408169,1.0625,61.53125,3.5625,cg,0,0.00015476367126066037,32
58,1,11.323082845542126,11.323082845542126,15.123821723950407,2.6735392246154386,"[0.4941582289293444, 1.0236685379000803, 0.0779692356580389, 0.8963372014416516, 0.2862379573650282]","[3.3856317002565315, -14.188511592054576, 12.746372664878432, 11.599251148590179, 5.1071921964312645]",23.14891830429595,0.035550097934901714,0.0010350374941481277,7.590306631755084e-05,True,False,0.00014323029014207123,1.03125,60.6875,3.5625,cg,0,0.0001814481034396742,32
59,1,11.277190406144546,11.277190406144546,15.084500264353997,2.666588106933745,"[0.4938657200824423, 1.02489438451675, 0.07686798569924819, 0.8953350594844668, 0.28579671063988316]","[3.3767523066809115, -14.165326023046537, 12.710542599518606, 11.63755576033344, 5.089646688684972]",23.1290730065985,0.03278809925541282,0.0009426843607798219,8.194374095182866e-05,True,False,0.00010176818269691523,1.09375,56.59375,3.5625,cg,0,0.00014466094088216863,32
60,1,11.230584461611524,11.230584461611524,15.042640341792504,2.659188248157951,"[0.4935737280682728, 1.0261192780538488, 0.07576888911242494, 0.8943287454176203, 0.28535660249659417]","[3.3692685695291518, -14.148081852042866, 12.683615878234734, 11.677039400591202, 5.087294879391298]",23.12202674691754,0.03441170183941722,0.0009990468679461628,7.631881453562528e-05,True,False,9.147227926131762e-05,1.0625,59.34375,3.59375,cg,0,0.00013940788350153,32
61,1,11.184531698194288,11.184531698194288,15.002618492707606,2.652113317937062,"[0.4932822943971451, 1.0273430532882857, 0.07467178668135219, 0.89331870944388, 0.2849165636596138]","[3.3609027147159596, -14.128116306954407, 12.65138148964073, 11.716712478857191, 5.075496055775705]",23.10841410745105,0.02343370020389557,0.0006597187457373366,7.258438563439995e-05,True,False,0.00011261644009197269,1.03125,45.84375,3.59375,cg,0,0.00016483544987844212,32
62,1,11.13848134396782,11.13848134396782,14.96124040173456,2.6447986357571636,"[0.49299141310179156, 1.0285658214315818, 0.07357682781223499, 0.8923046448331396, 0.28447728677700684]","[3.3523417250874417, -14.108242005736997, 12.618037171721696, 11.756942734651249, 5.062805079839494]",23.094441914527227,0.03778650052845478,0.0010791406239150092,0.00010168751759920269,True,False,0.00013483335091990512,1.03125,56.875,3.59375,cg,0,0.00019230741079523384,32
63,1,11.09229625780429,11.09229625780429,14.919891845867102,2.637489174695626,"[0.49270109721216326, 1.0297876082197053, 0.07248409413909625, 0.8912864827335614, 0.2840388431810665]","[3.3437503120153087, -14.088147937118435, 12.584575819659964, 11.797508637546498, 5.048718566893308]",23.080270713938443,0.041472199372947216,0.0012140843900851905,8.192184031940997e-05,True,False,0.00012375771363881682,1.0625,60.96875,3.59375,cg,0,0.00018582984582682371,32
64,1,11.045965341996663,11.045965341996663,14.878184633894278,2.6301163115930337,"[0.49241134755079113, 1.0310084039470275, 0.07139358909475856, 0.8902641802845774, 0.2836013510364336]","[3.3366226078217798, -14.075619951954264, 12.558506712762487, 11.83665433704832, 5.062502181358665]",23.080457806213612,0.04160929983481765,0.0012193437723908573,8.094684744719416e-05,True,False,0.00011249669756896452,1.0625,64.40625,3.59375,cg,0,0.00017960672200878491,32
65,1,10.999821273459737,10.999821273459737,14.835859466933654,2.622634208449856,"[0.49212221787791444, 1.032228104186037, 0.07030535186673985, 0.8892384940147541, 0.2831626680411789]","[3.320970165904531, -14.043174308029025, 12.492009367105604, 11.885299551497111, 4.998322339137752]",23.033311901485412,0.03323200112208724,0.0009601719211786985,7.832811388652772e-05,True,False,0.00013350262343836405,1.03125,61.5,3.59375,cg,0,0.00020563461157996343,32
66,1,10.953979986749077,10.953979986749077,14.793429378261019,2.6151335575931642,"[0.49183385551127223, 1.0334474836975447, 0.06922066118743223, 0.8882064844104197, 0.28272865990893126]","[3.3121099812590007, -14.024226483860083, 12.456948806074026, 11.927258661213672, 4.983395725697581]",23.019954532668056,0.03360719932243228,0.0009694093896541744,8.081558917183429e-05,True,False,0.0001232071233880916,1.0625,58.03125,3.59375,cg,0,0.00020038217265261338,32
67,1,10.906953822562635,10.906953822562635,14.747440793083209,2.607003847484063,"[0.49154609560484713, 1.0346659245474907, 0.06813838721613875, 0.887170230525229, 0.2822956967839686]","[3.5780318875705373, -14.843290760590401, 12.240870762011578, 12.803411052846977, 4.984912641192388]",23.911110355494863,0.03519260138273239,0.001020293784677051,7.947500853333622e-05,True,False,0.00011209305895443222,1.09375,65.03125,3.59375,cg,0,0.00016288577238166013,32
68,1,10.859056409795492,10.859056409795492,14.69608558523425,2.5979254435542525,"[0.4912468178352894, 1.035907463776685, 0.06711452252901128, 0.8860993132100597, 0.28187874311123057]","[3.59681198384547, -14.843597106721482, 12.300616053156904, 12.814686282739922, 5.073219683738313]",23.969320584561814,0.031737898010760546,0.0009124843491008505,7.932496373541653e-05,True,False,0.00013189028840931982,1.03125,57.5,3.59375,cg,0,0.00018825664477661874,32
69,1,10.81092600085422,10.81092600085422,14.643590071681963,2.588645460150579,"[0.4909466998598127, 1.0371460134513606, 0.06608815918181099, 0.885030055845255, 0.28145543368402937]","[3.5897489526966395, -14.827657223478875, 12.271994229122857, 12.861044068391116, 5.05873650520634]",23.965492446394713,0.03872809559106827,0.0011290593247395009,8.119366248138249e-05,True,False,0.00015159851949864134,1.0625,67.96875,3.59375,cg,0,0.00017999437091553716,32
70,1,10.763141504309402,10.763141504309402,14.592639634405957,2.5796386102250084,"[0.4906471233782882, 1.0383834307300606, 0.06506402047437067, 0.8839567589708743, 0.281033265308703]","[3.5918017326641025, -14.851440370226856, 12.281364476684317, 12.909407233629258, 5.158407677829219]",24.032482166033187,0.03477799752727151,0.0010096187615999952,7.719366112723947e-05,True,False,0.00017137100325115284,1.03125,57.71875,3.59375,cg,0,0.00020571474622332886,32
71,1,10.714948902248725,10.714948902248725,14.540233441235666,2.570374416583287,"[0.49034821112214255, 1.0396193780006757, 0.06404195671987997, 0.8828824290582249, 0.2806039790084385]","[3.585109315855247, -14.83879066844405, 12.25302696343768, 12.958249636066482, 5.147732496657356]",24.033201421429986,0.03715540003031492,0.001077587527106516,8.351872384082526e-05,True,False,0.00015730471939701118,1.0625,60.8125,3.59375,cg,0,0.00019714511252333367,32
72,1,10.667080658038202,10.667080658038202,14.487679002673058,2.561084016611019,"[0.49004986474266193, 1.0408542355968506, 0.06302228175040195, 0.8818040667203657, 0.2801755939251384]","[3.5776477781423806, -14.823667001877018, 12.224017839118048, 13.004879928078015, 5.135182229424828]",24.030486420611382,0.033375699538737535,0.0009562281338730827,8.676247671246529e-05,True,False,7.987037068879488e-05,1.125,61.6875,3.59375,cg,0,0.0001255628449010615,32
73,1,10.61903357292666,10.61903357292666,14.433862878522804,2.551570580030064,"[0.48975210566152033, 1.0420879740024573, 0.06200490593664192, 0.8807217016196425, 0.2797482049710133]","[3.5702397925103604, -14.809911886572309, 12.193768348357661, 13.05398496708945, 5.120734573767275]",24.02907686311403,0.025365700479596853,0.0007142968534026295,7.838128658477217e-05,True,False,9.984752147351728e-05,1.03125,47.75,3.59375,cg,0,0.00015101629854008536,32
74,1,10.570861009961769,10.570861009961769,14.381036438073062,2.542232096463074,"[0.48945494569880516, 1.043320639907213, 0.06098998818367836, 0.8796351858919755, 0.2793219934604567]","[3.5628296116322846, -14.796658029532443, 12.162384313873222, 13.103853481545295, 5.106443860921271]",24.028008258142155,0.03681500069797039,0.0010731937363743782,7.727503543719649e-05,True,False,0.00011930013725525157,1.03125,63.1875,3.59375,cg,0,0.00017608604131913452,32
75,1,10.523102022316763,10.523102022316763,14.328259285247551,2.532902325799414,"[0.48915838931567035, 1.0445522574320574, 0.05997763758160582, 0.8785444709779285, 0.2788969524994375]","[3.555321857878175, -14.783843260034207, 12.130607919408941, 13.154246781766863, 5.090910427910209]",24.027183790977688,0.03686050185933709,0.0010521218355279416,9.976884757634252e-05,True,False,0.0001391515986028935,1.03125,59.90625,3.59375,cg,0,0.00020210443028823022,32
76,1,10.475048762229854,10.475048762229854,14.272860889022214,2.5231091803899655,"[0.4888624476948246, 1.0457828505292783, 0.05896789727875275, 0.8774495239466282, 0.2784731899418289]","[3.54830973336196, -14.774171103553455, 12.105143531663952, 13.202475540551951, 5.092833945508061]",24.03421418891249,0.028542099986225367,0.0008076968661043793,8.424375846516341e-05,True,False,0.00015883534091987173,1.03125,52.40625,3.5625,cg,0,0.0002272956170812357,32
77,1,10.426943481411612,10.426943481411612,14.218344093065161,2.5134718813625168,"[0.488567176153569, 1.0470122787924045, 0.05796057135280301, 0.876350883863268, 0.2780493912767038]","[3.5407644608089868, -14.761647608997906, 12.073595263420641, 13.253202464409087, 5.07859936287377]",24.034444090414404,0.03741859970614314,0.0010895375162363052,7.979372458066791e-05,True,False,0.0001471495741376394,1.0625,68.21875,3.5625,cg,0,0.00022185386652484596,32
78,1,10.378698221960965,10.378698221960965,14.163567296164421,2.503788620227469,"[0.4882725353083435, 1.0482406531665196, 0.05695588031709617, 0.8752480331034168, 0.27762678118066353]","[3.5331647463210833, -14.749810417350279, 12.041062984394905, 13.305395103477935, 5.063136501365552]",24.035312528812703,0.033225699327886105,0.0009629812411731109,7.532186282332987e-05,True,False,0.00013518663762690508,1.0625,58.21875,3.5625,cg,0,0.00021532764943277272,32
79,1,10.330627836630438,10.330627836630438,14.108010195798567,2.4939674196245294,"[0.4879785374880998, 1.049467998173917, 0.055953932622889196, 0.8741408791950186, 0.27720547303290505]","[3.5254631748258, -14.738405315212537, 12.007817424724175, 13.358142766846852, 5.047253370043235]",24.036470329458176,0.036135501228272915,0.0010553593456279486,7.387506775557995e-05,True,False,0.0001549091325312446,1.03125,55.0625,3.5625,cg,0,0.00024127403497908873,32
80,1,10.28253413879062,10.28253413879062,14.051851240618557,2.4840398251164952,"[0.48768519465311966, 1.050694335078844, 0.05495479945070224, 0.8730293896474106, 0.27678550676492536]","[3.5177374778485637, -14.727760045660638, 11.974148989841964, 13.412503901378658, 5.0293980544019075]",24.038547016212753,0.03298040060326457,0.0009542656334815547,7.637188537046313e-05,True,False,0.0001419913154787622,1.125,63.21875,3.5625,cg,0,0.00016954510796640676,32
81,1,10.23443119598273,10.23443119598273,13.995587806219989,2.4740937611174774,"[0.4873925199356894, 1.051919680357418, 0.0539585537973133, 0.8719134732909208, 0.2763670623347524]","[3.5089654234373238, -14.714374883374711, 11.934051272425023, 13.467225840597786, 5.003125494944378]",24.034239802499762,0.028688999824225903,0.0008208531216951087,7.567812281195074e-05,True,False,0.0001609507869724247,1.03125,53.59375,3.5625,cg,0,0.00019514334228798447,32
82,1,10.186299689446088,10.186299689446088,13.93872539068644,2.4640418112128724,"[0.4871005227306913, 1.0531441313909167, 0.05296546632127944, 0.8707928032842384, 0.27595072917540564]","[3.501065492613627, -14.704036363487992, 11.899726684155098, 13.522268186332568, 4.984868053811947]",24.036852675359906,0.03274310100823641,0.0009451812657061964,7.804064080119133e-05,True,False,8.194450984566615e-05,1.15625,62.5625,3.5625,cg,0,9.070539996747229e-05,32
83,1,10.138428638225236,10.138428638225236,13.88151940170592,2.45392912552972,"[0.486809214584841, 1.0543675891007482, 0.051975342793513395, 0.8696676752678212, 0.2755359603934083]","[3.4577881547519107, -14.671298461221339, 11.798346865868378, 13.604067696255498, 4.870824836479951]",23.98332501344834,0.031915000174194574,0.0009210530988639221,7.629065657965839e-05,True,False,0.00010063947314353783,1.03125,56.8125,3.5625,cg,0,0.00011592048748010342,32
84,1,10.090174173731146,10.090174173731146,13.823279004858415,2.443633580642254,"[0.48652086522938937, 1.0555910473537122, 0.05099146363090682, 0.8685332147467667, 0.2751297761104912]","[3.452319955892365, -14.673785368535336, 11.776553913357283, 13.664050406171437, 4.880000550572732]",24.00929801285096,0.029687101487070322,0.0008470624889014289,8.065943256951869e-05,True,False,0.00011957169960385983,1.03125,56.71875,3.5625,cg,0,0.0001411233167591952,32
85,1,10.042092441972802,10.042092441972802,13.764024342509316,2.433158737251262,"[0.48623328331392474, 1.0568133892447638, 0.05001046419422497, 0.8673949848494753, 0.27472326688662657]","[3.4445098145675432, -14.666551671482937, 11.741677862011777, 13.722891548481522, 4.861509784628512]",24.01648214555189,0.02866169949993491,0.0008197000279324129,7.597808144055307e-05,True,False,0.00010626125302604095,1.0625,54.25,3.5625,cg,0,0.00013474032079274778,32
86,1,9.99415768227517,9.99415768227517,13.706158215945141,2.4229293546276303,"[0.4859464378222704, 1.0580347630981022, 0.049032662550307055, 0.8662521953714208, 0.2743184191029284]","[3.4367836228019186, -14.660061456203124, 11.705199005474725, 13.782963705197046, 4.841651749256052]",24.0239931628202,0.03355059865862131,0.0009762656118255109,7.219059625640512e-05,True,False,0.00012537724992478516,1.03125,67.0,3.5625,cg,0,0.0001601986177948156,32
87,1,9.946106568553308,9.946106568553308,13.646577136041369,2.4123968082200364,"[0.4856603252181445, 1.0592552147820695, 0.048058203481354055, 0.865104762169021, 0.2739153510770394]","[3.4287028088581573, -14.654661017601587, 11.668074539683916, 13.844446099687392, 4.821976178345082]",24.032877439615515,0.034716999158263206,0.0010095218749484047,7.538434874732047e-05,True,False,0.00014371774214749777,1.09375,70.34375,3.59375,cg,0,0.00017967689929054842,32
88,1,9.898262243252079,9.898262243252079,13.586896801626372,2.401846715927955,"[0.485374990861713, 1.0604747658785882, 0.047087194115661965, 0.8639526366165234, 0.27351406944189105]","[3.403931886068201, -14.628035209074199, 11.559824546253775, 13.929073007973713, 4.689122543740691]",23.98338289305236,0.0409769993275404,0.001191624949569814,8.890627941582352e-05,True,False,0.0001620869047940232,1.09375,74.0,3.59375,cg,0,0.00020370220487686552,32
89,1,9.850148562952441,9.850148562952441,13.525878208741155,2.3910600507260558,"[0.48509113333409853, 1.0616946134099974, 0.046123207959303636, 0.8627910762920683, 0.27312303848812985]","[3.398099411472905, -14.635509473032009, 11.538463427292667, 13.995251707300438, 4.699077576815824]",24.017280358776297,0.04402930103242397,0.0013036125164944679,7.23031407687813e-05,True,False,0.00011197716450839224,1.15625,83.96875,3.59375,cg,0,0.00015929350847398993,32
90,1,9.802213590460703,9.802213590460703,13.46516379048423,2.380327156509739,"[0.48480816212665373, 1.0629133616823907, 0.04516236116445861, 0.8616256444448606, 0.27273173043772414]","[3.391091683180667, -14.636594086206633, 11.506017128187885, 14.061807463987408, 4.686529472779104]",24.03779954687509,0.041606399696320295,0.0012270000152057037,7.319997530430555e-05,True,False,0.00012933749500421143,1.125,83.65625,3.59375,cg,0,0.00014997518731618698,32
91,1,9.753993390889644,9.753993390889644,13.403064907775422,2.369349521242862,"[0.484526015528632, 1.0641311598470735, 0.044205034175748864, 0.8604556698441505, 0.27234180044738165]","[3.38325836495055, -14.636468095450182, 11.469151684678428, 14.129529412271305, 4.668959276950838]",24.055287526474633,0.03463469911366701,0.0010095374891534448,7.279685814864933e-05,True,False,0.00014810401058218403,1.09375,66.46875,3.59375,cg,0,0.00017534602278379552,32
92,1,9.705882872914586,9.705882872914586,13.340648227787735,2.358315706823251,"[0.4842447253248806, 1.0653480622082474, 0.04325146821470358, 0.8592809152795972, 0.27195361475044344]","[3.375548343523004, -14.63777469614357, 11.431504752033533, 14.199488039195787, 4.649558115895312]",24.074507820901328,0.040952501352876425,0.0012027344346279278,7.703123264946043e-05,True,False,0.00013285138985752454,1.125,77.3125,3.59375,cg,0,0.00016606352492543053,32
93,1,9.657611159374614,9.657611159374614,13.277963647260485,2.347234533831588,"[0.48396430020728365, 1.0665641015810505, 0.04230179108430477, 0.8581012867576567, 0.2715673507279104]","[3.3680498577770495, -14.64050470146127, 11.393308592103029, 14.271538240793545, 4.629558285471556]",24.095751329018174,0.04768619732931256,0.0014131468051346019,7.70468614064157e-05,True,False,0.00011731110955093271,1.125,84.3125,3.59375,cg,0,0.00015630912174025013,32
94,1,9.60974939137147,9.60974939137147,13.214933559695229,2.3360922832475444,"[0.48368474471124223, 1.0677792954549368, 0.04135612158132402, 0.8569167179060506, 0.27118308727647744]","[3.36261276137284, -14.652269221326634, 11.369281165402633, 14.344790361702458, 4.6340155066348885]",24.135115959366896,0.04079979797825217,0.0011992905638180673,7.570312300231308e-05,True,False,0.00010187233754166414,1.125,78.5,3.5625,cg,0,0.00014704821369315724,32
95,1,9.561248212388184,9.561248212388184,13.150496763640415,2.324701359385471,"[0.4834060957280018, 1.0689934822229132, 0.040413985551476676, 0.8557280109294396, 0.2707990812071265]","[3.355359155421844, -14.658621689120533, 11.330770919799228, 14.421666504433528, 4.613828503084048]",24.161785379904497,0.04104980127885938,0.0012055969273205847,7.720936264377087e-05,True,False,0.00011956370810084493,1.125,75.78125,3.5625,cg,0,0.00013796462556614486,32
96,1,9.51269398118307,9.51269398118307,13.084842793870365,2.3130952675764163,"[0.48312835473307736, 1.0702068546172152, 0.03947607713608663, 0.8545342525811156, 0.27041716998406506]","[3.3477038266032584, -14.666230801306154, 11.291363554008235, 14.500679613624737, 4.593101260504051]",24.190217572044634,0.03303659940138459,0.0009580531041137874,7.434062717948109e-05,True,False,0.00013646598238237218,1.09375,64.15625,3.5625,cg,0,0.00016063269126975754,32
97,1,9.464428907327603,9.464428907327603,13.020415298626482,2.3017059878809625,"[0.4828515731112094, 1.0714194299697948, 0.03854252922400912, 0.8533353646777854, 0.27003742133181463]","[3.3404824993758577, -14.676001243870495, 11.250806388190682, 14.582297325370932, 4.571238969007264]",24.221149874037106,0.03899370087310672,0.001136262551881373,8.229060040321201e-05,True,False,0.00015302675599393467,1.09375,77.6875,3.5625,cg,0,0.00018372088111417995,32
98,1,9.415792440240924,9.415792440240924,12.953983610769919,2.289962413638702,"[0.48257574124388597, 1.0726312635383568, 0.037613522430670544, 0.8521312684725594, 0.26965996287153576]","[3.332225592009776, -14.68523968845974, 11.205334912433552, 14.667410622970547, 4.540397891739799]",24.250106597734877,0.03745069866999984,0.0010973405442200601,7.299378921743482e-05,True,False,0.000136545254624032,1.125,73.4375,3.5625,cg,0,0.00017436923794189596,32
99,1,9.367519110688253,9.367519110688253,12.88778683463143,2.2782603663136487,"[0.4823009197227151, 1.0738424120031, 0.03668937516007519, 0.8509215904397431, 0.26928549871211005]","[3.3252369147452048, -14.699507949916487, 11.163581418310386, 14.755126624518292, 4.517426784264644]",24.28742866276394,0.034804599825292826,0.0010128656140295789,7.477813051082194e-05,True,False,0.00012207119986618054,1.125,66.75,3.5625,cg,0,0.00016636248961487965,32
100,1,9.318963582606582,9.318963582606582,12.819777401356447,2.2662378834503,"[0.48202709601245086, 1.0750528742676253, 0.03577008629068853, 0.8497065481370945, 0.26891350158991123]","[3.318255544461443, -14.71741853641658, 11.121882851725282, 14.847161003210596, 4.496662510596988]",24.33038573453726,0.04236449999734759,0.0012498625146690756,7.402811024803668e-05,True,False,0.00010568656251841446,1.15625,78.90625,3.5625,cg,0,0.0001223377929577829,32
101,1,9.270273906771234,9.270273906771234,12.752226409754302,2.254296442390862,"[0.4817543296387049, 1.0762626716540202, 0.03485584818755147, 0.8484860856944029, 0.2685438681151711]","[3.311414503494922, -14.73647827911989, 11.07897551163031, 14.941527157016635, 4.473849077152614]",24.37493622189067,0.05020930198952556,0.0014906562719261274,7.838441524654627e-05,True,False,9.130981980920438e-05,1.125,86.15625,3.5625,cg,0,0.00011446098076905997,32
102,1,9.221460322727019,9.221460322727019,12.682502531934814,2.241970885686666,"[0.4814826231223707, 1.0774718217534802, 0.03394680166449013, 0.8472601110276068, 0.2681767821022074]","[3.3047473292978267, -14.759664760304421, 11.035679146619064, 15.041351258018656, 4.450876937125098]",24.42555682375998,0.03848600247874856,0.0011246500362176448,7.803754124324769e-05,True,False,0.00010878687359205941,1.09375,69.125,3.53125,cg,0,0.00013932488717882663,32
103,1,9.17228041373587,9.17228041373587,12.612583399902082,2.229610812587911,"[0.4812120256204994, 1.0786803644996044, 0.03304318425868898, 0.8460285033827181, 0.26781233784662234]","[3.3075411303076403, -14.82525784895716, 11.048174394750607, 15.151245013137814, 4.544437240523321]",24.556107007316005,0.04203900042921305,0.0012319281231611967,8.179064025171101e-05,True,False,9.106610672082738e-05,1.125,75.9375,3.5,cg,0,0.000128569150183111,32
104,1,9.12322664578544,9.12322664578544,12.541852737342387,2.217107279804466,"[0.4809426391799543, 1.079887824447872, 0.03214335315834323, 0.8447944930399544, 0.2674422109988297]","[3.3015034221346555, -14.855659533522111, 11.0043549317192, 15.260044427766275, 4.5228100739523445]",24.617293502495176,0.038701803889125586,0.0011367344268364832,7.269694469869137e-05,True,False,0.00010834312394614187,1.09375,71.625,3.5,cg,0,0.00015317351136845403,32
105,1,9.07384926730037,9.07384926730037,12.470235437147387,2.204447010149927,"[0.48067441282747847, 1.0810947531893613, 0.031249318651247082, 0.8435547105735675, 0.2670747611755329]","[3.295935463147001, -14.891596939769896, 10.959280618330675, 15.376442885531011, 4.500527597875018]",24.686401644151065,0.04251740267500281,0.001253359398106113,7.530943548772484e-05,True,False,0.00012483963684006838,1.09375,75.0,3.46875,cg,0,0.00017646077356126,32
106,1,9.0243181642779,9.0243181642779,12.397281624986373,2.191550476326811,"[0.4804073884542609, 1.0823012147185729, 0.030361438694025102, 0.8423089686378609, 0.26671014524952097]","[3.2907530169574195, -14.933811271395221, 10.912360556140712, 15.501171881473766, 4.477990300271623]",24.764210349692167,0.04193620150908828,0.0012288968719076365,8.160942525137216e-05,True,False,0.00011043992292902871,1.15625,75.125,3.46875,cg,0,0.0001365024110477897,32
107,1,8.974740378344988,8.974740378344988,12.323932796853295,2.1785841128855647,"[0.4801416216100647, 1.083507294868912, 0.029480137784235687, 0.8410570674738861, 0.26634849509093667]","[3.285747915372635, -14.979499401839774, 10.865023217351947, 15.63075817934661, 4.454715449074724]",24.847441763693233,0.03886279882863164,0.0011368405539542437,7.762190944049507e-05,True,False,9.51672283551197e-05,1.125,72.375,3.5,cg,0,0.00012886766401321026,32
108,1,8.92508567830831,8.92508567830831,12.249227507669747,2.1653779587425177,"[0.479877147870958, 1.0847130125072666, 0.028605599204349325, 0.8397989292456234, 0.2659899297713145]","[3.2865150795497744, -15.064587341800582, 10.856653388332134, 15.775872168456827, 4.529127459798705]",25.00002068326791,0.04090069979429245,0.001202921848744154,7.522501982748508e-05,True,False,0.00011197686406472229,1.09375,71.1875,3.46875,cg,0,0.00015333455359023418,32
109,1,8.875165066218836,8.875165066218836,12.17402433171151,2.152083789820809,"[0.4796142268821271, 1.0859181784974916, 0.027737067651880328, 0.8385368605163456, 0.2656275998743118]","[3.28312332080177, -15.126286936099001, 10.806823995466878, 15.926181270295478, 4.505707595710631]",25.106085932979386,0.04039560118690133,0.0011910125758731738,7.134996121749282e-05,True,False,0.0001285664585415347,1.125,76.71875,3.5,cg,0,0.00014616708831072245,32
110,1,8.824510245274201,8.824510245274201,12.096793804342605,2.1384312324165173,"[0.47935268684522647, 1.0871231681542526, 0.02687617487680697, 0.8372681497095574, 0.2652686663784607]","[3.2799099297596404, -15.192565864734501, 10.756242883781331, 16.083424983884143, 4.482447128638601]",25.21978428039775,0.030424002557992935,0.0008769750420469791,7.377503789030015e-05,True,False,0.00014560635902549635,1.09375,60.09375,3.53125,cg,0,0.0001715303787084288,32
111,1,8.773863670302669,8.773863670302669,12.018052371401794,2.124511582118319,"[0.4790925807401811, 1.0883279814623459, 0.02602317448919341, 0.835992688761563, 0.2649131956830238]","[3.277918583598144, -15.273813831140641, 10.702239416891533, 16.260000689976465, 4.458553812697878]",25.354257872481025,0.0362407979555428,0.0010574343468761072,7.509058923460543e-05,True,False,0.0001621197290622156,1.09375,68.71875,3.5,cg,0,0.0001962098368846199,32
112,1,8.723638685815962,8.723638685815962,11.939987517356185,2.110711535201322,"[0.47883401126439873, 1.089532813716349, 0.0251789581472838, 0.8347100639045378, 0.2645614950862289]","[3.269151793446397, -15.28316813260099, 10.62911473467738, 16.34794675407409, 4.432541161390756]",25.37998120334893,0.04118669964373112,0.0012107812508475035,7.630311301909387e-05,True,False,0.0001784067041330495,1.09375,80.1875,3.5,cg,0,0.00022054814788941002,32
113,1,8.672416302471962,8.672416302471962,11.859761573292772,2.096529457932739,"[0.47857639469903374, 1.0907371619788278, 0.024341359833156124, 0.8334218086751547, 0.264212200803802]","[3.2702107195195986, -15.391806261348068, 10.572135186359171, 16.560609499143627, 4.406718496869646]",25.554744675487708,0.034617200028151274,0.0010082937369588763,7.349376392085105e-05,True,False,0.00019344232164897335,1.09375,67.03125,3.5,cg,0,0.0002441965931883061,32
114,1,8.621072766656432,8.621072766656432,11.77721328862668,2.081936844967061,"[0.4783204570435479, 1.0919417763434949, 0.023513949086525866, 0.8321257198502579, 0.2638673162391032]","[3.2728327769036354, -15.515894770018084, 10.513288171019381, 16.79363772771219, 4.379631586981254]",25.752496850481656,0.031990100629627705,0.0009263062383979559,7.338440627790987e-05,True,False,0.0001134028284361932,1.1875,65.4375,3.5,cg,0,0.0001726958780641219,32
115,1,8.570020570639096,8.570020570639096,11.696318793317875,2.0676365834186816,"[0.4780662810857153, 1.0931467775408157, 0.022697462185729333, 0.8308214861035603, 0.26352718365994093]","[3.2793627323518555, -15.661405222809721, 10.452094088608565, 17.05137071766635, 4.356981626566214]",25.98100530322183,0.039656699635088444,0.0011607749911490828,7.849687244743109e-05,True,False,0.0001281362666913921,1.125,66.59375,3.5,cg,0,0.0001654753937252451,32
116,1,8.517513739038977,8.517513739038977,11.609277528827183,2.0522497163275766,"[0.47781383798784804, 1.094352381792031, 0.021892867138984924, 0.8295088832602134, 0.2631917861974064]","[3.284406834242766, -15.825552824646614, 10.38313408706786, 17.339478484907268, 4.326572345544422]",26.237790804835747,0.03333960333839059,0.0009690844162832946,7.277818804141134e-05,True,False,0.00011177452131327925,1.125,66.0625,3.46875,cg,0,0.00015810861553244848,32
117,1,8.464311949868186,8.464311949868186,11.519724822253478,2.036418884804607,"[0.4775634810230755, 1.095558699270645, 0.02110140308898888, 0.8281871653905023, 0.2628619891975323]","[3.2943769230793243, -16.023446722432382, 10.317012364295314, 17.66831701932451, 4.303692740518756]",26.54685868051275,0.024233301170170307,0.0006807437312090769,7.654693035874516e-05,True,False,9.254212855136501e-05,1.125,52.15625,3.46875,cg,0,0.00014816533276240662,32
118,1,8.41108820616102,8.41108820616102,11.428723962927723,2.0203320536238465,"[0.47731528767089004, 1.0967658814020353, 0.02032413505226406, 0.8268560612300219, 0.26253775552513053]","[3.3080761356256994, -16.25793457796041, 10.246322236411105, 18.0447806951797, 4.27950631552321]",26.910578003351073,0.02960069850087166,0.0008513843640685081,7.363746408373117e-05,True,False,0.00010728311658336764,1.125,55.9375,3.46875,cg,0,0.00013762376142745225,32
119,1,8.356590087104445,8.356590087104445,11.334439326996687,2.0036647272667114,"[0.4770694307342541, 1.097974174629727, 0.019562626159013653, 0.8255149692109458, 0.26221970168661163]","[3.324003918305429, -16.537816355058627, 10.156270843407476, 18.487661535408126, 4.241137889796707]",27.34006380634986,0.028005199506878853,0.0007864187064114958,8.874377817846835e-05,True,False,0.00012172464355497681,1.09375,55.0625,3.5,cg,0,0.00016153804749796663,32
120,1,8.30157916771844,8.30157916771844,11.237414592679034,1.9865130153720023,"[0.4768262708102885, 1.0991839608593124, 0.018819667333827797, 0.8241625465051555, 0.2619094509191166]","[3.3472510309738017, -16.885303753542384, 10.06139301983882, 19.016835854101355, 4.206849201166574]",27.872689642669933,0.03073119930922985,0.0008729343535378575,8.74156248755753e-05,True,False,0.00010360044182045058,1.125,58.28125,3.5,cg,0,0.00015333245645621219,32
121,1,8.244882268677493,8.244882268677493,11.135104086632271,1.968426902218929,"[0.4765860893944463, 1.1003955628948108, 0.01809771382675936, 0.8227979967543265, 0.2616075891860045]","[3.380686828865247, -17.32187379692584, 9.964461189607357, 19.658917649452473, 4.183704582953226]",28.543708050217617,0.0449021989479661,0.0013022187195019796,0.00010097499762196094,True,False,0.00011650931606199677,1.09375,78.09375,3.5,cg,0,0.00017685830819669235,32
122,1,8.187296701315049,8.187296701315049,11.029401838180744,1.949741208052244,"[0.476349211493173, 1.101609271622902, 0.017399524147147478, 0.8214205360814401, 0.2613144454518095]","[3.427065152563697, -17.897011937401356, 9.8474778538497, 20.482021564335657, 4.161179256890393]",29.42531651655338,0.028643199242651463,0.0008027030999073759,9.239687642548233e-05,True,False,0.0001300328849156429,1.09375,55.75,3.46875,cg,0,0.00020094338982579174,32
123,1,8.12732499739769,8.12732499739769,10.91555348070116,1.9296154716520528,"[0.4761162783894275, 1.102825707947502, 0.016730204050082402, 0.8200284000578825, 0.2610316155794845]","[3.494522759959627, -18.689248326275358, 9.700818939705087, 21.59001916301654, 4.139064266370056]",30.640926240611034,0.029982600826770067,0.0008447969012195244,9.215937461704016e-05,True,False,0.0001427397041520173,1.125,58.25,3.46875,cg,0,0.0001917376638891355,32
124,1,8.064294878198307,8.064294878198307,10.793408734572077,1.908023127083507,"[0.4758881832768709, 1.1040455958959867, 0.01609701046688509, 0.8186191724782216, 0.26076144983881905]","[3.5976590258092496, -19.854779053917675, 9.501115203247105, 23.187714331159064, 4.117402658243784]",32.43531551264456,0.030382000375539064,0.0008690750109963119,8.036250073928386e-05,True,False,0.00015434943336423146,1.09375,55.59375,3.46875,cg,0,0.00021486503018586234,32
125,1,7.996738772649203,7.996738772649203,10.657330824339345,1.8839677238096924,"[0.475666347357051, 1.1052698651062285, 0.015511160441825197, 0.8171893905282723, 0.2605075659105735]","[3.7718927460658973, -21.777370927534385, 9.18745441087785, 25.781300084436776, 4.087932305272252]",35.41577335780586,0.03206869727000594,0.0009141187329078093,8.802805677987635e-05,True,False,0.00013439624303623887,1.125,60.5,3.46875,cg,0,0.00020634600022084726,32
126,1,7.920436847572066,7.920436847572066,10.496410917988586,1.8555208345575607,"[0.47545334098230085, 1.1064996770720383, 0.014992326400405431, 0.8157334686245917, 0.260276712145848]","[4.158596478950577, -25.967286902800232, 8.529777328135047, 31.35119193810129, 4.046605775707015]",41.995514870975214,0.03511099796742201,0.001022637472487986,7.458121399395168e-05,True,False,0.00014460194103493862,1.125,69.15625,3.4375,cg,0,0.00019466896395714528,32
127,1,7.810678906427191,7.810678906427191,10.24691449969057,1.81141568224249,"[0.4752552914290746, 1.1077363466060095, 0.014586103147558628, 0.8142403952793226, 0.260083996052806]","[7.330096672517713, -59.66374271334829, 3.5208140473801355, 75.53850873810514, 4.032401996763381]",96.68616866744485,0.0319466982036829,0.0009160812332993373,8.225308556575328e-05,True,False,0.00015004219046277356,1.09375,51.84375,3.4375,cg,0,0.00021329014583049144,32
128,1,6.81586049462125,6.81586049462125,9.095590566013838,1.6078884420311932,"[0.4751036648464213, 1.108970519880947, 0.014513273412015923, 0.812677844817795, 0.2600005838739536]","[2.5917959701160687, -8.818964551274798, 11.664366076056124, 9.024440703272333, 4.022478271959879]",17.83731592810051,0.04180030012503266,0.0012284312688279897,7.782811007928103e-05,True,False,0.0001578038684315608,1.0625,68.0625,3.375,cg,0,0.00023774575784418772,32
129,1,6.7802108304930595,6.7802108304930595,9.062612692903848,1.6020587226048972,"[0.47481306103804366, 1.1099593418075562, 0.013205412282861798, 0.8116659839818775, 0.25954956553824116]","[2.571142554030658, -8.774113812921934, 11.600903081312518, 9.031792282327048, 3.9862997025360314]",17.766278639231185,0.03567300038412213,0.0010372405959060416,7.75406660977751e-05,True,False,7.889797627624873e-05,1.125,55.6875,3.375,cg,0,0.0001625333741812618,32
130,1,6.744828069156829,6.744828069156829,9.029796688828952,1.5962576178516963,"[0.4745236202827683, 1.110947068499296, 0.011899465965545504, 0.8106492496994516, 0.25910081655898004]","[2.550482075429599, -8.7293398019565, 11.53713732062802, 9.038368959766698, 3.9513241429214134]",17.69511078477457,0.035482199396938086,0.0010260874696541578,8.273126150015742e-05,True,False,0.00010039492247715387,1.03125,53.40625,3.34375,cg,0,0.00018877228936320378,32
131,1,6.709203508746071,6.709203508746071,8.995175022013628,1.5901373140064219,"[0.4742353505899354, 1.111933707114633, 0.01059547443248283, 0.8096276828871056, 0.2586542158916253]","[2.528907756047661, -8.682881912112745, 11.471667129771319, 9.04412541226494, 3.9138182500286236]",17.621042456154573,0.02913040015846491,0.0008316156163346022,7.870938861742616e-05,True,False,0.0001226178773943154,1.0625,55.9375,3.34375,cg,0,0.00018549572389980895,32
132,1,6.674382386720122,6.674382386720122,8.964138994629531,1.5846508676503253,"[0.47394831788319325, 1.1129192199676012, 0.009293432608604976, 0.8086011686573992, 0.2582099949257494]","[2.507864909070994, -8.638687859684655, 11.404178611995594, 9.05224915862208, 3.874072383047185]",17.547742185602498,0.033097497187554836,0.0009527750080451369,8.15217790659517e-05,True,False,0.00014426036349268756,1.03125,56.125,3.34375,cg,0,0.00021367201997302132,32
133,1,6.639220557699321,6.639220557699321,8.929621975421147,1.5785490630631769,"[0.47366248453980325, 1.1139038124887155, 0.00799364389610582, 0.8075694405795233, 0.2577684483903775]","[2.4856732669542927, -8.59111598107646, 11.336447593783713, 9.056882682448492, 3.8335572408030103]",17.47066611435041,0.032409798353910446,0.0009318874799646437,8.091871859505773e-05,True,False,0.00016647054488494462,1.03125,54.40625,3.34375,cg,0,0.00024199878974995315,32
134,1,6.604376442573437,6.604376442573437,8.896666250907787,1.5727232589925986,"[0.47337793061947275, 1.1148873028633073, 0.006695874535861099, 0.80653263034886, 0.25732959194203237]","[2.463910682015956, -8.545610468061428, 11.268353874729566, 9.063617188732639, 3.7927806871687277]",17.395644715036465,0.026141799055039883,0.0007411812403006479,7.574998016934842e-05,True,False,0.00012521789641173342,1.09375,51.40625,3.34375,cg,0,0.00020768346265187532,32
135,1,6.569899706971766,6.569899706971766,8.864303914855816,1.567002352173252,"[0.4730946515893205, 1.1158698028634577, 0.00540033716904633, 0.8054905744392705, 0.25689353099125056]","[2.4418220761956415, -8.499271976583792, 11.199149390418437, 9.069193097962717, 3.7506349525898592]",17.318735295868805,0.039246201515197754,0.0011473719059722498,7.907189137768e-05,True,False,0.00011587351777642141,1.0625,69.0,3.34375,cg,0,0.0002036736246031623,32
136,1,6.535083018755483,6.535083018755483,8.829669138036953,1.5608797307848767,"[0.4728126654010291, 1.1168513147153214, 0.004107038415015113, 0.804443247028521, 0.2564604006398365]","[2.404587811572995, -8.439806303093965, 11.076664146968804, 9.086151527416279, 3.645329926311671]",17.19160962367651,0.03960459865629673,0.0011588218621909618,7.882184581831098e-05,True,False,0.00010554226118797416,1.09375,69.65625,3.3125,cg,0,0.00016805804700803506,32
137,1,6.500793437444825,6.500793437444825,8.795551405767785,1.5548485108233179,"[0.4725329257066003, 1.1178331665008552, 0.0028184256104212286, 0.8033862021414181, 0.25603631819428363]","[2.3824829042238385, -8.394551976532817, 11.008282108357653, 9.091361868061517, 3.607149090996556]",17.116991202706664,0.021573500242084265,0.0006024593894835562,7.171249308157712e-05,True,False,0.00012638818664711948,1.03125,44.375,3.375,cg,0,0.00019638409270328339,32
138,1,6.466768249128869,6.466768249128869,8.761625774381994,1.5488512498210858,"[0.4722545493405825, 1.1188140108416194, 0.0015321852919739278, 0.8023239404670541, 0.2556148482001628]","[2.3601866288936866, -8.349028244000714, 10.939399862796856, 9.096463570392148, 3.5668700571229395]",17.041579574451475,0.032314800191670656,0.0009360219119116664,7.381559407804161e-05,True,False,0.00011382162163187104,1.0625,57.875,3.40625,cg,0,0.00019131954564644005,32
139,1,6.4326084066184785,6.4326084066184785,8.727401980952532,1.5428012807181108,"[0.47197755780720446, 1.11979385290462, 0.0002483371821948152, 0.801256379384454, 0.2551962402839974]","[2.3376488146890373, -8.302190881327524, 10.869677351717558, 9.100201366651403, 3.5255004432677897]",16.964188145335513,0.026783003006130457,0.0007628157181898132,7.415312575176358e-05,True,False,0.00010314923515730712,1.0625,53.125,3.40625,cg,0,0.0001869486037189283,32
140,1,6.410218310749771,6.410218310749771,8.694758341143924,1.5370306459502914,"[0.4717019597302998, 1.1207726431431757, 1e-05, 0.8001835073686344, 0.25478059994649865]","[2.3275283183428654, -8.270516557295977, 10.847973252577757, 9.09971202800204, 3.4944032497973465]",16.92669397580628,0.026841599494218826,0.0007578312506666407,8.096873352769762e-05,True,False,8.489622771046257e-05,1.0625,50.65625,3.40625,cg,0,0.00017843024473407354,32
141,1,6.390316659810781,6.390316659810781,8.663450432801874,1.5314961373769336,"[0.47142694698161636, 1.1217498589620034, 1e-05, 0.7991083166621125, 0.2543677132653091]","[2.322060666084876, -8.24711459367037, 10.84580061103545, 9.095162885221537, 3.493938739413691]",16.91058401049276,0.03125340212136507,0.0009044844191521406,7.218439714051783e-05,True,False,9.7146396134562e-05,1.0625,58.25,3.40625,cg,0,0.00016637007407194204,32
142,1,6.370428585115256,6.370428585115256,8.632225807650698,1.5259763513308326,"[0.4711523188949096, 1.1227252380013157, 1e-05, 0.7980326396921107, 0.2539544881824806]","[2.3141475740175568, -8.217176497549234, 10.833006170672439, 9.092556057757788, 3.462841184495807]",16.878896172811245,0.022799800615757704,0.0006354125071084127,7.708126213401556e-05,True,False,0.00010887442601514863,1.03125,40.40625,3.40625,cg,0,0.0001877384868813614,32
143,1,6.35065456670897,6.35065456670897,8.600864861700575,1.5204324669443934,"[0.47087811286269193, 1.1236989007826887, 1e-05, 0.7969552521705421, 0.25354417211099856]","[2.306247366617704, -8.186992017646197, 10.820305492531496, 9.089538902739093, 3.431287771821631]",16.84690118099471,0.03419439774006605,0.0009911155793815851,7.745934999547899e-05,True,False,0.00012107596495480877,1.03125,58.625,3.40625,cg,0,0.00020884342657367938,32
144,1,6.3307956587766405,6.3307956587766405,8.56950787873506,1.5148892831212766,"[0.4706043239514015, 1.1246708293206678, 1e-05, 0.7958761767008701, 0.2531368226839729]","[2.2995808870281755, -8.159753675452196, 10.81397975094864, 9.087282496556423, 3.408252214005238]",16.82280287825012,0.032864897046238184,0.0009472811798332259,7.974685286171734e-05,True,False,0.00013309344849554705,1.03125,54.96875,3.40625,cg,0,0.00023038641732764376,32
145,1,6.3112660446826805,6.3112660446826805,8.538543418714857,1.5094154882072603,"[0.47033093539617277, 1.1256409118608985, 1e-05, 0.7947958237345085, 0.25273162834882335]","[2.2918839672088804, -8.13008073758887, 10.801845970635513, 9.084231340506548, 3.3773625507156964]",16.7916841960244,0.030369102489203215,0.0008758719632169232,7.316248957067728e-05,True,False,0.00014511357873070452,1.0625,54.3125,3.40625,cg,0,0.000218781961019765,32
146,1,6.291451863403246,6.291451863403246,8.507099942720831,1.5038570144323973,"[0.4700579569456115, 1.1266092579353237, 1e-05, 0.7937138320493485, 0.25232936226150443]","[2.283483503761182, -8.098872997244715, 10.788640594561963, 9.079982474191029, 3.3456437705517574]",16.75828811624646,0.03142839903011918,0.000908165646251291,7.397182343993336e-05,True,False,0.0001576322594476487,1.03125,52.875,3.40625,cg,0,0.00024070632913897327,32
147,1,6.2717146473317,6.2717146473317,8.475727656040403,1.4983111252691326,"[0.469785437045275, 1.1275758092847912, 1e-05, 0.7926301912370335, 0.2519300799783566]","[2.27568206997479, -8.068254958469716, 10.776203635077488, 9.076005701645926, 3.314083702987681]",16.725999582382247,0.03008139878511429,0.0008668186783324927,7.32250337023288e-05,True,False,0.0001691816843170102,1.03125,49.1875,3.40625,cg,0,0.00026207480819762097,32
148,1,6.252263454512121,6.252263454512121,8.445105463281262,1.492897835230435,"[0.46951332391282746, 1.1285405653722522, 1e-05, 0.7915449340413244, 0.2515338006784001]","[2.2676121552965247, -8.038155800778922, 10.76295005482618, 9.072547886413505, 3.282393323190462]",16.693721530159735,0.034251098055392504,0.0009987937519326806,7.155306229833513e-05,True,False,0.00018092374784561827,1.0625,65.09375,3.40625,cg,0,0.00025220557911564967,32
149,1,6.232531091980716,6.232531091980716,8.413086102069029,1.487237558369827,"[0.46924165145787916, 1.1295035808132101, 1e-05, 0.7904579927179677, 0.25114055183726375]","[2.259237676430188, -8.006682519446466, 10.74954786669417, 9.067780372253132, 3.250145107532201]",16.659891454736286,0.035037100315093994,0.0010200750402873382,7.483434455934912e-05,True,False,0.00012831521825251713,1.09375,63.0,3.40625,cg,0,0.00021124664381000358,32
150,1,6.213321564560666,6.213321564560666,8.383462436478277,1.4820007846641214,"[0.468970432682843, 1.1304647734525162, 1e-05, 0.7893694165533095, 0.25075037581286796]","[2.25108155762338, -7.976229108068087, 10.735356490775658, 9.063916578198686, 3.2169491853162153]",16.62644952312295,0.029170000459998846,0.0008381874649785459,7.337504939641804e-05,True,False,0.00010802437981771718,1.0625,51.78125,3.40625,cg,0,0.00020000505653738898,32
151,1,6.193994340735099,6.193994340735099,8.352632454522006,1.4765507623378367,"[0.4686996494883483, 1.131424236156384, 1e-05, 0.7882791156366828, 0.25036340814660235]","[2.242933038534581, -7.945397979287488, 10.722308195808436, 9.059136403865176, 3.185200240328881]",16.593415672047236,0.030131297186017036,0.0008657999569550157,7.580308010801673e-05,True,False,8.712753501027848e-05,1.09375,56.40625,3.40625,cg,0,0.00015652294013834833,32
152,1,6.174684560564048,6.174684560564048,8.32214540961439,1.471161363289708,"[0.4684293093627553, 1.1323818928722575, 1e-05, 0.7871872203232206, 0.24997949680452675]","[2.234671632175567, -7.914119987691828, 10.708435966709466, 9.05404175829715, 3.1523623271052656]",16.559308975277062,0.02990279858931899,0.0008604405884398147,7.402186747640371e-05,True,False,6.687038674968449e-05,1.0625,54.6875,3.40625,cg,0,0.0001461190217191266,32
153,1,6.155462045944285,6.155462045944285,8.291484618994586,1.4657412500487572,"[0.46815941022199076, 1.1333377443512087, 1e-05, 0.786093691387772, 0.2495987608291764]","[2.226382141608205, -7.883218215642341, 10.69434450751153, 9.04935198224048, 3.1194576769565607]",16.5255165976151,0.03576829843223095,0.0010404937202110887,7.726560579612851e-05,True,False,7.809800579261506e-05,1.03125,66.5625,3.40625,cg,0,0.00016779845536563087,32
154,1,6.1364111778247175,6.1364111778247175,8.261593373448333,1.4604571744427903,"[0.46788996241038106, 1.1342918105274278, 1e-05, 0.7849984939180603, 0.2492212285858312]","[2.2181779811159026, -7.852214270178317, 10.680153539873345, 9.044231993844496, 3.086400908294864]",16.491430049003398,0.024157298728823662,0.0006822624709457159,7.265311433002353e-05,True,False,8.971204020591372e-05,1.0625,46.8125,3.40625,cg,0,0.00015473672249166626,32
155,1,6.117038835259799,6.117038835259799,8.230758731766763,1.4550063283856662,"[0.4676209526308301, 1.1352440886799433, 1e-05, 0.783901653684506, 0.2488469249749331]","[2.2096401265612067, -7.820495147912497, 10.665496172962952, 9.038614732338091, 3.0533683501799525]",16.45646003928061,0.02595659950748086,0.0007385905919363722,7.255314267240465e-05,True,False,0.00010074755190858653,1.03125,47.8125,3.40625,cg,0,0.00017652984716098885,32
156,1,6.098089109434596,6.098089109434596,8.200740481113328,1.449699801236566,"[0.4673524088345151, 1.136194535511008, 1e-05, 0.7828031653449464, 0.2484758405080786]","[2.2035787237815008, -7.802248803696311, 10.672985725183953, 9.03233240205212, 3.0776103633879304]",16.4529080726374,0.02671540016308427,0.0007632281194673851,7.162813562899828e-05,True,False,8.020552937981762e-05,1.0625,50.78125,3.40625,cg,0,0.00016699996087776725,32
157,1,6.0789936425612385,6.0789936425612385,8.170307753962211,1.4443200043019273,"[0.4670845438815331, 1.137142969522646, 1e-05, 0.7817052035303388, 0.2481017290926846]","[2.1951916680457373, -7.771103662229573, 10.658761915558845, 9.026680491853748, 3.045503730882708]",16.418714256542028,0.027406897395849228,0.0007857531163608655,7.071242725942284e-05,True,False,6.0443514786179264e-05,1.0625,51.9375,3.40625,cg,0,0.00015775586182620316,32
158,1,6.060033477992308,6.060033477992308,8.140233465167015,1.4390035709153157,"[0.4668171427155694, 1.1380895848958517, 1e-05, 0.7806056435586793, 0.24773074952837632]","[2.1867328332963964, -7.73970555980903, 10.644290517210843, 9.020503645991141, 3.013279624591303]",16.383989238731104,0.0331901996396482,0.0009647874976508319,7.240624108817428e-05,True,False,7.097156064039822e-05,1.03125,53.84375,3.40625,cg,0,0.0001791698661564034,32
159,1,6.040999806242173,6.040999806242173,8.110251900388217,1.433703528973898,"[0.46655020737994385, 1.13903437379269, 1e-05, 0.7795045071365293, 0.24736291730137702]","[2.181755294641899, -7.723580495186425, 10.665582895044164, 9.015966633055713, 3.0395930480389386]",16.391924552914507,0.016833702567964792,0.0004532156599452719,7.283754530362785e-05,True,False,8.260676309168602e-05,1.03125,36.6875,3.375,cg,0,0.00020145601596244234,32
160,1,6.022355159712444,6.022355159712444,8.081443098171743,1.4286108041226153,"[0.46628400858340036, 1.139976737878101, 1e-05, 0.7784044573402529, 0.2469920526066255]","[2.1737983601843287, -7.693922613232233, 10.652756448682032, 9.010412864853004, 3.0108058683972927]",16.360182041052205,0.031137200072407722,0.0009020218421937898,7.101566006895155e-05,True,False,9.34061550537102e-05,1.09375,59.53125,3.375,cg,0,0.0001586304967582386,32
161,1,6.003441834569535,6.003441834569535,8.050863589628955,1.4232050596586259,"[0.4660182660195833, 1.1409173047487453, 1e-05, 0.7773029521318521, 0.24662398752511744]","[2.1663117433856067, -7.665403854398474, 10.642090896884946, 9.004856895726222, 2.987300365972436]",16.331467560117368,0.021447501610964537,0.0005915999790886417,7.863444625400007e-05,True,False,0.00010429437521697338,1.03125,41.46875,3.375,cg,0,0.00018090756447808332,32
162,1,5.984638316498242,5.984638316498242,8.02138174293049,1.4179933562280294,"[0.4657529730524597, 1.1418560328606817, 1e-05, 0.7762001906241031, 0.24625815385404126]","[2.148961933143685, -7.623068712304902, 10.593121791003636, 8.999881642852746, 2.91593887211522]",16.261734604676374,0.03219870198518038,0.0009360719122923911,7.013752474449575e-05,True,False,0.00011508037512442115,1.0625,59.6875,3.375,cg,0,0.00017060778306721147,32
163,1,5.966075162400242,5.966075162400242,7.991683347668764,1.412743372058048,"[0.46548867628643165, 1.142793579671911, 1e-05, 0.7750933121931008, 0.2458995280440865]","[2.1408018421436226, -7.59296062086084, 10.579608118865991, 8.993590999428156, 2.8868545752205854]",16.229072674355468,0.022809700574725866,0.0006321500259218737,8.065311703830957e-05,True,False,0.0001260216630605271,1.03125,43.34375,3.40625,cg,0,0.00019326269322395007,32
164,1,5.946952826255834,5.946952826255834,7.960512129828735,1.407233027179916,"[0.4652248532221115, 1.1437293029597106, 1e-05, 0.7739849813378099, 0.2455437647009838]","[2.136892714459131, -7.582857954871352, 10.600091460746837, 8.994198074218355, 2.9231653751200763]",16.24402902674199,0.02252379897981882,0.000629878108156845,7.399060996249318e-05,True,False,0.00010465914201684967,1.0625,47.0,3.40625,cg,0,0.00018268711239022295,32
165,1,5.92883700934167,5.92883700934167,7.932889915796377,1.4023500634664994,"[0.46496175436765735, 1.1446629208376302, 1e-05, 0.7728775962107755, 0.24518385825534425]","[2.1283490944676013, -7.5528212902260305, 10.58484066862294, 8.988015156862572, 2.892597901177978]",16.210039184654594,0.0366503014229238,0.00106319687620271,8.212504326365888e-05,True,False,0.00011552851760843197,1.03125,63.78125,3.40625,cg,0,0.00020462897808704028,32
166,1,5.910054490561652,5.910054490561652,7.903588136444564,1.3971701917463748,"[0.46469915795193106, 1.1455947904282862, 1e-05, 0.7717686519258268, 0.24482696856889144]","[2.1204614179131296, -7.522681315418929, 10.572875848631927, 8.980656846414075, 2.8665304264900655]",16.178442093966677,0.023146100342273712,0.0006473250105045736,7.599062519147992e-05,True,False,0.00012637928162595458,1.03125,44.0,3.375,cg,0,0.00022667690087985193,32
167,1,5.891781392487469,5.891781392487469,7.87464525508981,1.3920537648281186,"[0.4644370237605836, 1.146524754051639, 1e-05, 0.7706584514759073, 0.2444726043588317]","[2.1119098665093166, -7.4921194099005, 10.558782357828688, 8.973327098865129, 2.837378394599851]",16.144696243467415,0.02653879811987281,0.0007526280824095011,7.670935883652419e-05,True,False,0.00013689877992195676,1.03125,46.25,3.375,cg,0,0.0002481839184227397,32
168,1,5.87311058577569,5.87311058577569,7.845630453777004,1.3869246241373523,"[0.46417540101655297, 1.147452875497401, 1e-05, 0.7695468384776831, 0.24412111079690454]","[2.1042553044442798, -7.462570628420902, 10.547015826787135, 8.966473358912294, 2.81121374713191]",16.11390582227344,0.024793499149382114,0.0006922718603163958,8.252498810179532e-05,True,False,0.00014724973642366024,1.0625,48.625,3.375,cg,0,0.0002379576385269644,32
169,1,5.854704318653401,5.854704318653401,7.816681011395181,1.3818070373824132,"[0.46391422842096725, 1.1483791029074735, 1e-05, 0.7684339520729528, 0.2437721930636171]","[2.0943560350159216, -7.427553459870954, 10.525274588829513, 8.958633646172455, 2.765402492691367]",16.069874004603324,0.02634709794074297,0.000749009326682426,7.433748396579176e-05,True,False,0.00012597650617074407,1.0625,49.875,3.375,cg,0,0.00022798439076643362,32
170,1,5.836310788077461,5.836310788077461,7.787961478963497,1.3767300933486757,"[0.46365357223482845, 1.1493035100879256, 1e-05, 0.7673189920374169, 0.24342802079546777]","[2.0899660323203, -7.405049951687927, 10.530301825640311, 8.952126037412349, 2.7636546489927856]",16.058279078124944,0.03048579953610897,0.0008780343632679433,7.464687223546207e-05,True,False,0.00013683084604965146,1.0625,54.78125,3.34375,cg,0,0.00021740633869837822,32
171,1,5.8181064599607595,5.8181064599607595,7.7593857022949475,1.3716785619836747,"[0.4633932745999421, 1.1502257820094934, 1e-05, 0.7662040374406881, 0.24308381770429277]","[2.081388556894006, -7.374380379655231, 10.516128740960445, 8.94430508809041, 2.734509791733177]",16.024380341061313,0.027109602466225624,0.0007637687813257799,8.34062957437709e-05,True,False,0.0001468515734948106,1.03125,41.40625,3.34375,cg,0,0.00023855921421356285,32
172,1,5.799887846425089,5.799887846425089,7.730698341470467,1.366607305140341,"[0.46313349687219674, 1.1511461770852767, 1e-05, 0.765087700347189, 0.2427425240338529]","[2.0817924149946494, -7.359199871548123, 10.528220639338926, 8.939231178676964, 2.7528629039777246]",16.025704991452088,0.028642799239605665,0.0008234656124841422,7.162186375353485e-05,True,False,0.00015752690846149164,1.0625,49.40625,3.3125,cg,0,0.0002284808088277579,32
173,1,5.781855604459634,5.781855604459634,7.7021753658186975,1.3615651077645945,"[0.4628736902158312, 1.152064601563328, 1e-05, 0.7639720887490862, 0.2423989681147499]","[2.073923480599549, -7.329076161742442, 10.51584038708365, 8.930558037079626, 2.72651630330183]",15.993379037603068,0.025997101329267025,0.000737809416023083,7.46000005165115e-05,True,False,0.00016813122299152994,1.03125,45.8125,3.3125,cg,0,0.0002503288645931967,32
174,1,5.763643659469427,5.763643659469427,7.673863893040566,1.3565602991678958,"[0.4626143424600388, 1.1529811153461944, 1e-05, 0.7628553068588397, 0.24205801248595865]","[2.066318010952648, -7.300081434524548, 10.504498040856868, 8.922674691038777, 2.7030930393846937]",15.963275784910723,0.021050698589533567,0.0005867906002094969,7.104373071342707e-05,True,False,0.00014462226345157703,1.0625,45.34375,3.3125,cg,0,0.0002380332920934869,32
175,1,5.745542359721295,5.745542359721295,7.645779633440934,1.3515956565660199,"[0.46235545850180054, 1.1538957247950856, 1e-05, 0.7617374066470406, 0.24171934853306618]","[2.0584717674460005, -7.2703945071193825, 10.491824484954291, 8.914328301908636, 2.677651037239863]",15.93139628158974,0.020041801501065493,0.0005549719207920134,7.133437611628324e-05,True,False,0.00015562641364219587,1.03125,40.3125,3.3125,cg,0,0.00026093549870731536,32
176,1,5.727525437530515,5.727525437530515,7.618021401589412,1.34668864807203,"[0.4620970415079686, 1.1548084375765841, 1e-05, 0.7606183172535201, 0.2413832008420862]","[2.0503964978885554, -7.24030394231231, 10.479050498249197, 8.905323950112606, 2.652249565329897]",15.898926024537488,0.025719499215483665,0.0007298312411876395,7.390310929622501e-05,True,False,0.00016549062326420838,1.0625,50.90625,3.3125,cg,0,0.0002498137681934409,32
177,1,5.709606851078307,5.709606851078307,7.589736309209208,1.3416885029148975,"[0.4618391125768452, 1.1557192291521512, 1e-05, 0.7594980750515238, 0.24104956200873737]","[2.042847599187919, -7.210834255247516, 10.467573447692454, 8.896295059460448, 2.628291773767468]",15.867937304074182,0.024182801134884357,0.0006651375006185845,9.057503484655172e-05,True,False,7.938112915573114e-05,1.125,46.625,3.3125,cg,0,0.00017519155925294072,32
178,1,5.6916181586717425,5.6916181586717425,7.561955002819561,1.3367774153803123,"[0.461581631398301, 1.1566280850565593, 1e-05, 0.7583767831169236, 0.24071829125523786]","[2.0343483552720585, -7.178760896168618, 10.454451526689924, 8.884508115853425, 2.602426803227886]",15.832746056376049,0.020593498833477497,0.0005682156042894349,7.533123425673693e-05,True,False,9.065328010304796e-05,1.0625,41.9375,3.3125,cg,0,0.00016471789194039133,32
179,1,5.673732937316531,5.673732937316531,7.5341849518408255,1.3318683175400723,"[0.4613246515480716, 1.1575349095417313, 1e-05, 0.7572544878330029, 0.24038955146571594]","[2.0262798906968507, -7.149643700323933, 10.439636721098037, 8.877579999105759, 2.5739941604374272]",15.800193121731496,0.02071849862113595,0.0005748436960857362,7.260938582476228e-05,True,False,6.802063427535643e-05,1.0625,41.125,3.3125,cg,0,0.00015387002999078803,32
180,1,5.655888535085853,5.655888535085853,7.506599230361038,1.3269918048595022,"[0.4610681635577088, 1.1584399166697819, 1e-05, 0.7561307572646297, 0.24006373340255135]","[2.0187052013715894, -7.119914108015233, 10.428152064092318, 8.867789655442705, 2.550324533210804]",15.768847505929704,0.029500698670744896,0.0008495624788338318,7.233435462694615e-05,True,False,7.818512783108744e-05,1.03125,51.9375,3.3125,cg,0,0.00017548872716677266,32
181,1,5.6381896066876065,5.6381896066876065,7.479211453773733,1.3221502842228756,"[0.4608121264312816, 1.1593429521141776, 1e-05, 0.755006034655505, 0.2397402697464928]","[2.011084036202362, -7.090262954573928, 10.416552257766565, 8.857820768507025, 2.5268871377887536]",15.737439311354619,0.023787403013557196,0.0006636250036535785,7.97313405200839e-05,True,False,8.791415882569709e-05,1.03125,43.71875,3.3125,cg,0,0.0001973943566380143,32
182,1,5.620478241243953,5.620478241243953,7.451605028237241,1.3172701115475818,"[0.46055654685492403, 1.1602440215720287, 1e-05, 0.7538803342676975, 0.2394191390863345]","[2.0023153822075956, -7.05893440856619, 10.400733926762754, 8.847849556123897, 2.4973936337085267]",15.701417286954333,0.020762499887496233,0.0005753968871431425,7.343123434111476e-05,True,False,6.600309788096226e-05,1.0625,40.5,3.3125,cg,0,0.00018688362068663977,32
183,1,5.602992073373788,5.602992073373788,7.424504723489972,1.3124794092328278,"[0.4603014978557813, 1.1611431677164956, 1e-05, 0.7527533214135252, 0.23910102848677423]","[1.994567357387079, -7.029034948566092, 10.388018933148375, 8.837779291465202, 2.472032375047561]",15.668881755718918,0.027495198417454958,0.000787443743320182,7.178120722528547e-05,True,False,7.509329234478557e-05,1.0625,53.28125,3.3125,cg,0,0.00017729562644008823,32
184,1,5.585430529073365,5.585430529073365,7.397155485508233,1.3076447013235348,"[0.4600469082317921, 1.1620403644734438, 1e-05, 0.7516252537659823, 0.23878549449865313]","[1.9866300300289632, -6.998417558853838, 10.37563586104613, 8.826490671904937, 2.4474922013582248]",15.635713043614201,0.026721701491624117,0.0007486844115192071,8.636876009404659e-05,True,False,8.467778012555272e-05,1.0625,50.5,3.3125,cg,0,0.00016475763484713468,32
185,1,5.567942998808075,5.567942998808075,7.370389295028118,1.3029130626247798,"[0.459792793817648, 1.1629355481518453, 1e-05, 0.750496237053189, 0.2384724301447123]","[1.9785703739631557, -6.968439944204383, 10.360960611044167, 8.81714257212616, 2.419678611523307]",15.601930921670544,0.03139169840142131,0.0009088124352274463,7.217813981696963e-05,True,False,9.456406074459522e-05,1.03125,48.6875,3.3125,cg,0,0.0001867766349699096,32
186,1,5.550704576809106,5.550704576809106,7.3434512573625055,1.2981510453484766,"[0.4595391623429581, 1.163828827320782, 1e-05, 0.7493659740599957, 0.23816225333089147]","[1.9702199361955, -6.937061643163665, 10.347047442550183, 8.805063870368292, 2.3929317879786565]",15.566671253662513,0.025383198633790016,0.0007190093747340143,7.421558257192373e-05,True,False,0.0001044030141557073,1.0625,49.28125,3.3125,cg,0,0.00017467028597595302,32
187,1,5.533225245911966,5.533225245911966,7.316653817626602,1.2934138825095527,"[0.45928602923518397, 1.164720098361286, 1e-05, 0.748234702804077, 0.23785481036523343]","[1.9622938788699664, -6.907072786376899, 10.33296683311907, 8.79495162105126, 2.366767929278697]",15.533229534304576,0.02382810041308403,0.0006653188029304147,7.930933497846127e-05,True,False,0.00011322700638105587,1.03125,43.1875,3.3125,cg,0,0.00019536097846595268,32
188,1,5.515842708607309,5.515842708607309,7.290068157284097,1.2887141573319258,"[0.45903337168262415, 1.1656094269803834, 1e-05, 0.747102298032608, 0.23755007426075503]","[1.9748612080562955, -6.916707554700964, 10.399531656817663, 8.790688647348597, 2.4761812159086203]",15.598040235174992,0.018942900467664003,0.0005137156549608335,7.824998465366662e-05,True,False,0.0001236891870046719,1.03125,38.1875,3.3125,cg,0,0.00021761433410949493,32
189,1,5.498558748060466,5.498558748060466,7.263752279419131,1.2840621234091272,"[0.4587801525373784, 1.1664962957728693, 1e-05, 0.7459751450679732, 0.23723257524441504]","[1.9668207012259895, -6.885662777402574, 10.382523952961739, 8.780052272435404, 2.445485530226641]",15.561081471862702,0.029500401113182306,0.0008418062934651971,8.008124132174999e-05,True,False,0.00010458058028461892,1.0625,52.75,3.3125,cg,0,0.0002103371013268962,32
190,1,5.4811893552539495,5.4811893552539495,7.237263771143653,1.2793795724528507,"[0.45852736538956274, 1.167381280892883, 1e-05, 0.7448466820767927, 0.23691826733021365]","[1.9607089041832246, -6.858238681943484, 10.376492394683721, 8.768776135038095, 2.4310199581097827]",15.535530392797025,0.021249798126518726,0.0005814280884806067,8.262810297310352e-05,True,False,0.00011613005346600147,1.03125,40.59375,3.3125,cg,0,0.00023421051159777662,32
191,1,5.464023319095887,5.464023319095887,7.211375907043737,1.2748032013889792,"[0.4582749493014753, 1.1682641910360323, 1e-05, 0.743717814775482, 0.23660530473460373]","[1.954511462732925, -6.831071050997855, 10.370062831786408, 8.757717005301423, 2.4162607157977507]",15.509924980108268,0.022181101143360138,0.0006175438029458746,7.561560778412968e-05,True,False,0.0001279592183776046,1.03125,40.3125,3.3125,cg,0,0.00025750702661753166,32
192,1,5.4469727254053435,5.4469727254053435,7.185175055199775,1.2701715013860466,"[0.4580229156565526, 1.1691450555223941, 1e-05, 0.7425885098928383, 0.23629372866718357]","[1.9498178097692915, -6.807494066130446, 10.36837355094682, 8.747574655830537, 2.412777964272474]",15.491562055127813,0.02509910101071,0.0007028687832644209,8.14781233202666e-05,True,False,0.00010800736172367209,1.09375,51.90625,3.3125,cg,0,0.0002152019467991373,32
193,1,5.429835235736931,5.429835235736931,7.159595440987605,1.2656496217186564,"[0.45777118922603455, 1.170023920292966, 1e-05, 0.7414591757915854, 0.23598223290509956]","[1.9389522325602715, -6.77173502504387, 10.329134341573017, 8.741514029949677, 2.3483475769509523]",15.434887467480864,0.028404798358678818,0.0008106249733828008,7.702497532591224e-05,True,False,8.841695617789469e-05,1.0625,52.625,3.3125,cg,0,0.00020794216944342025,32
194,1,5.412768853758044,5.412768853758044,7.133963181680701,1.2611184356253955,"[0.4575199464182694, 1.1709013785885154, 1e-05, 0.7403264802603999, 0.2356779420469062]","[1.9329928089763513, -6.744830835655667, 10.323455720989468, 8.729972901477415, 2.3349881520781697]",15.409981789582732,0.03082669945433736,0.0008626156486570835,0.00010071870929095894,True,False,9.966513272097188e-05,1.09375,54.25,3.3125,cg,0,0.00016352050420342934,32
195,1,5.395897562158816,5.395897562158816,7.108280277602342,1.2565782967168024,"[0.45726907100060243, 1.1717767632485774, 1e-05, 0.7391934519388723, 0.23537489325894395]","[1.9266051823271226, -6.716860040724596, 10.31579634950483, 8.717420729804207, 2.319326494261158]",15.382339556358506,0.0330205992795527,0.0009497750143054873,8.211871318053454e-05,True,False,0.00011087316699809335,1.03125,45.5,3.3125,cg,0,0.0001872426321400944,32
196,1,5.378972988955527,5.378972988955527,7.082848538712197,1.2520825579601558,"[0.45701857527137435, 1.1726500842431735, 1e-05, 0.7380600195767406, 0.2350733362057255]","[1.9207869720562094, -6.6902203790490224, 10.310397430640643, 8.705669404641998, 2.3067070553973172]",15.357810511670094,0.029048898722976446,0.0008258406160166487,8.193746907636523e-05,True,False,0.00012169099494263591,1.03125,44.375,3.3125,cg,0,0.0002094038560427336,32
197,1,5.36200800149923,5.36200800149923,7.057514834706176,1.2476041494863481,"[0.45676843714517834, 1.1735213308799946, 1e-05, 0.7369263072682758, 0.2347729409047815]","[1.9146659721030397, -6.662949132291718, 10.3043700553306, 8.693299526565964, 2.2934613225643794]",15.332132945488079,0.02237890101969242,0.0006240812654141337,7.525939145125449e-05,True,False,0.00013361846321879867,1.0625,42.90625,3.3125,cg,0,0.0002028814765915321,32
198,1,5.345302017005052,5.345302017005052,7.0323663062269475,1.2431584757302168,"[0.456518678552713, 1.1743904792438324, 1e-05, 0.7357923098581428, 0.2344737703548562]","[1.9086655261140897, -6.6358864721284565, 10.298758981714675, 8.680588117482916, 2.280805194838398]",15.306766880278472,0.02897989982739091,0.0008288124809041619,7.680938870180398e-05,True,False,0.00014505373659856602,1.03125,47.8125,3.3125,cg,0,0.00022561335149262618,32
199,1,5.3285696862378185,5.3285696862378185,7.00735818209658,1.2387376221908823,"[0.4562692900906141, 1.1752575319040837, 1e-05, 0.7346580940979094, 0.23417575768993112]","[1.9024448093103228, -6.60844510225671, 10.292481307694091, 8.667591027837435, 2.267505492151422]",15.28053434190145,0.026383901480585337,0.0007475312449969351,7.696567627135664e-05,True,False,0.00015643411840082777,1.03125,45.46875,3.3125,cg,0,0.0002495577973071761,32
200,1,5.311987254003988,5.311987254003988,6.9825971238449585,1.2343604441411131,"[0.4560202876975539, 1.176122481382153, 1e-05, 0.7335236323266999, 0.23387897415589132]","[1.8966499827926069, -6.581572389726472, 10.286945770232432, 8.65489819715619, 2.2544720961499887]",15.25534453211714,0.03618629649281502,0.0010487561958143488,8.206556958612055e-05,True,False,0.0001361277854119436,1.09375,65.78125,3.3125,cg,0,0.00020675400521419363,32
201,1,5.2953362008738,5.2953362008738,6.957792222133674,1.2299755155894343,"[0.45577163385972347, 1.1769853360198097, 1e-05, 0.7323889613688114, 0.23358340926828675]","[1.8897655768522568, -6.552450826994517, 10.277881216590083, 8.641688488726732, 2.2339511490378365]",15.225307410704447,0.02250180020928383,0.0006269780860748142,7.620317046530545e-05,True,False,0.00014729620938469523,1.03125,42.375,3.3125,cg,0,0.00023031948039564654,32
202,1,5.278779443368064,5.278779443368064,6.9331288721733335,1.225615610088501,"[0.4555233938044324, 1.1778460675176785, 1e-05, 0.7312537871151759, 0.23328995691443535]","[1.8838613243474032, -6.525326702921047, 10.272173706051063, 8.628187604164397, 2.221898632982055]",15.19963254767749,0.03192350082099438,0.0009177281754091382,7.988122524693608e-05,True,False,0.00015844556081923145,1.0625,56.46875,3.3125,cg,0,0.000218064058169265,32
203,1,5.262308981738617,5.262308981738617,6.908800790807753,1.221314972261786,"[0.4552755113219692, 1.1787046838930446, 1e-05, 0.7301184718269237, 0.23299759476346016]","[1.878111860186308, -6.498492557758332, 10.266289494831526, 8.615083627269378, 2.2092041604844375]",15.174144410867047,0.02373359678313136,0.0006567405798705295,8.493431960232556e-05,True,False,0.0001369899271366215,1.0625,45.84375,3.3125,cg,0,0.00020878380742361813,32
204,1,5.245833294291241,5.245833294291241,6.8842416463224225,1.2169734878603566,"[0.45502797026670977, 1.1795612056686877, 1e-05, 0.7289829766855263, 0.23270641470077977]","[1.8719859400281533, -6.471009235950189, 10.259944631346034, 8.60106486415228, 2.196666416805697]",15.1475547820029,0.018843301106244326,0.0005066781304776669,8.217502909246832e-05,True,False,0.000147779890280475,1.03125,35.8125,3.3125,cg,0,0.0002318411351605043,32
205,1,5.229414691107513,5.229414691107513,6.8601462863540155,1.2127139897531587,"[0.4547808035171128, 1.1804156022136947, 1e-05, 0.7278473392856466, 0.23241637892295633]","[1.8660129955202123, -6.44399310819702, 10.253734930072286, 8.587637806139742, 2.183911602376589]",15.12161117971763,0.030760399531573057,0.0008888624870451167,7.239999831654131e-05,True,False,0.0001596675819790505,1.0625,57.84375,3.3125,cg,0,0.00022311713408607048,32
206,1,5.213203821435169,5.213203821435169,6.8359665186482985,1.2084395703251019,"[0.4545340027002925, 1.1812678914348875, 1e-05, 0.726711529390324, 0.2321275325062251]","[1.8600506494132467, -6.417089051697562, 10.247529800566275, 8.57390775890272, 2.17157095214703]",15.095638508777105,0.020241500809788704,0.0005631312669720501,6.941563333384693e-05,True,False,0.00017007662162571435,1.03125,40.375,3.34375,cg,0,0.000245677528185162,32
207,1,5.197014977385457,5.197014977385457,6.812282361276577,1.2042527632540434,"[0.4542875671953341, 1.182118082574208, 1e-05, 0.7255755843617848, 0.23183982411273904]","[1.8540780629157088, -6.389664567613161, 10.241193361150147, 8.55943603731578, 2.1586383163174157]",15.0688793501055,0.02618150319904089,0.0007406031509162858,7.756882405374199e-05,True,False,0.00018170741916900823,1.03125,48.0625,3.34375,cg,0,0.0002690419926723031,32
208,1,5.180780620881513,5.180780620881513,6.788570317671911,1.2000610265468807,"[0.45404148677757833, 1.1829661435903902, 1e-05, 0.7244395428768302, 0.23155332127918107]","[1.8483733104781925, -6.362641316438778, 10.235194299859113, 8.54552766170861, 2.145474591263779]",15.04287190037846,0.03132949862629175,0.0009044531034305692,7.459372864104807e-05,True,False,0.00016010760713935923,1.09375,58.0625,3.34375,cg,0,0.00022440502223775027,32
209,1,5.16430948299341,5.16430948299341,6.764551329339,1.1958150291650202,"[0.45379573938006057, 1.1838120779782055, 1e-05, 0.7233033864676375, 0.23126807327529864]","[1.841980686994972, -6.334061126991962, 10.228085144404018, 8.52990097554806, 2.131901738478418]",15.014365274899049,0.024407597724348307,0.0006930999807082117,6.963744817767292e-05,True,False,0.00017178358706360086,1.0625,49.71875,3.34375,cg,0,0.00021617267749363123,32
210,1,5.1484378147989585,5.1484378147989585,6.741428386527635,1.191727431749294,"[0.4535503769350757, 1.1846558114308823, 1e-05, 0.722167154489954, 0.23098409167510398]","[1.83602616767, -6.3059649148801515, 10.22000911776155, 8.51542043948403, 2.1135625372681286]",14.985469756511584,0.02279609814286232,0.000639928097371012,7.244996959343553e-05,True,False,0.00018216233638934654,1.03125,41.625,3.34375,cg,0,0.0002396205683403707,32
211,1,5.132362908494372,5.132362908494372,6.718281448772807,1.1876355925867585,"[0.45330533607918266, 1.1854974220065826, 1e-05, 0.721030664199389, 0.23070201008921193]","[1.8300525348317787, -6.278662897873359, 10.213436994897252, 8.50052208347947, 2.1013444300174995]",14.958593497364625,0.028565500862896442,0.000821190609713085,7.148129225242883e-05,True,False,0.00012910356487960684,1.09375,51.71875,3.375,cg,0,0.00019915617753607506,32
212,1,5.11651294950335,5.11651294950335,6.694999583658207,1.1835199014114577,"[0.45306065364496423, 1.1863368943672106, 1e-05, 0.7198941239111047, 0.2304210552748108]","[1.823968719296765, -6.2515148902537145, 10.206859117800056, 8.485456644602397, 2.089464202301803]",14.931748339788708,0.019345698412507772,0.0005336437025107443,7.090937288012356e-05,True,False,0.00010758485846729116,1.0625,38.96875,3.375,cg,0,0.0001896960521943214,32
213,1,5.1006228464979095,5.1006228464979095,6.671977449345009,1.179450124588895,"[0.45281634618977973, 1.1871742396997966, 1e-05, 0.7187575581920826, 0.23014118661447527]","[1.8179247942690309, -6.224072411307216, 10.199875760688528, 8.47014110056228, 2.0767506122214177]",14.904280487198687,0.026844799984246492,0.0007651000050827861,7.37999944249168e-05,True,False,0.00011861766858700662,1.03125,50.84375,3.375,cg,0,0.00021289686786563067,32
214,1,5.084800299655058,5.084800299655058,6.649057565572646,1.1753984232790338,"[0.4525723995201356, 1.1880094457221517, 1e-05, 0.7176209530258998, 0.22986250820207343]","[1.8168419662351265, -6.207223216924239, 10.21815864624301, 8.457456270894419, 2.1002340021223547]",14.905732130712313,0.02900980180129409,0.0008340312779182568,7.252502837218344e-05,True,False,9.664631824390923e-05,1.0625,52.125,3.34375,cg,0,0.00020436948961766177,32
215,1,5.068936146225318,5.068936146225318,6.6256816008815305,1.1712660974915674,"[0.4523286218981871, 1.1888423096381373, 1e-05, 0.7164861605586581, 0.22958070600898906]","[1.8107900259153262, -6.179792784904488, 10.211667783018509, 8.441801665058785, 2.0881496906593746]",14.878553114326685,0.0184277999214828,0.0005005437269574031,7.532502058893442e-05,True,False,0.00010809149989832179,1.03125,38.21875,3.34375,cg,0,0.0002269740607134807,32
216,1,5.053309530867231,5.053309530867231,6.603808257447237,1.1673994001241648,"[0.45208521247364436, 1.1896730077224207, 1e-05, 0.7153513994566041, 0.22930001343431816]","[1.8050287050677363, -6.1529899430082775, 10.205630424722584, 8.42632157285512, 2.076977778579724]",14.852240173548916,0.030138100031763315,0.0008645000489195809,7.731557707302272e-05,True,False,0.0001193698751817962,1.125,60.125,3.34375,cg,0,0.00015038041812642788,32
217,1,5.0379660370744075,5.0379660370744075,6.581625943976909,1.163478084054846,"[0.45184214763172764, 1.1905015682453717, 1e-05, 0.7142167125038177, 0.22902032797890265]","[1.7991531905761717, -6.126208440808378, 10.199373111667027, 8.4108303039771, 2.0647376278827756]",14.825646758529055,0.019242700655013323,0.0005210437666391954,8.029062882997096e-05,True,False,9.853315848173949e-05,1.0625,38.15625,3.34375,cg,0,0.00014201962946502888,32
218,1,5.022068825701108,5.022068825701108,6.559175994629854,1.1595094561996968,"[0.4515994394086385, 1.1913280021325638, 1e-05, 0.7130820800064434, 0.22874179205242703]","[1.793266006911805, -6.09866207198976, 10.19306086162558, 8.394429055305151, 2.053605485191977]",14.798368370264235,0.016095099970698357,0.0004254624655004591,7.750940858386457e-05,True,False,0.00010946141977319357,1.03125,32.71875,3.34375,cg,0,0.00016606815394837326,32
219,1,5.006515501532009,5.006515501532009,6.537037493831058,1.1555958851896635,"[0.4513570794454423, 1.1921522365236785, 1e-05, 0.7119475726276967, 0.22846424719968778]","[1.787482348792, -6.071472326137747, 10.18669676587867, 8.3784487090822, 2.041107903282395]",14.771295968797912,0.031777999363839626,0.0009065625199582428,8.649996016174555e-05,True,False,5.423194047926572e-05,1.09375,53.09375,3.34375,cg,0,0.00012257309835916885,32
220,1,4.991159618069132,4.991159618069132,6.514872849587152,1.1516776926278003,"[0.4511150583861599, 1.1929743001176316, 1e-05, 0.7108131496595004, 0.22818788581508676]","[1.7815065664814633, -6.044268764811103, 10.180251561864578, 8.361929542962685, 2.0295342984453093]",14.743993609621917,0.026673600543290377,0.0007432187703670934,9.033124661073089e-05,True,False,6.819638210853185e-05,1.03125,43.59375,3.34375,cg,0,0.00014952252895739093,32
221,1,4.97577255616844,4.97577255616844,6.493284026245179,1.1478612917820634,"[0.4508733997672633, 1.1937941958561182, 1e-05, 0.7096788668099828, 0.2279125826167751]","[1.7755568875809966, -6.0168704853769555, 10.173515136384388, 8.345273307114073, 2.017281484018053]",14.716275143026909,0.02296760119497776,0.0006358563114190474,8.18812259240076e-05,True,False,4.739035339351716e-05,1.0625,44.875,3.34375,cg,0,0.00014076925434736154,32
222,1,4.960203474195719,4.960203474195719,6.4716825551734045,1.1440426551124492,"[0.4506320945633032, 1.1946119123538719, 1e-05, 0.7085447111591215, 0.22763842608405538]","[1.7696258556114, -5.989247367736778, 10.166510330040989, 8.328657382164968, 2.004253916584091]",14.688232008763142,0.02272330177947879,0.000626271910732612,8.383126987610012e-05,True,False,5.8076139439755536e-05,1.03125,42.4375,3.34375,cg,0,0.000163566208161825,32
223,1,4.9450190765124695,4.9450190765124695,6.449998922818094,1.1402094942426502,"[0.4503911362431412, 1.195427428797751, 1e-05, 0.7074106526316379, 0.22736552000315308]","[1.763793610913224, -5.962070815580549, 10.160016042535085, 8.311798406608343, 1.9922431485707632]",14.660771051059697,0.03234770195558667,0.0009346406877739355,7.6224998338148e-05,True,False,6.962898183937583e-05,1.0625,58.09375,3.34375,cg,0,0.00015715623481948882,32
224,1,4.929746591319567,4.929746591319567,6.4286275497996686,1.1364315335465012,"[0.4501505222120442, 1.1962407653943612, 1e-05, 0.7062767697850818, 0.2270937412349701]","[1.8498578543400932, -5.991779721898723, 10.249844023338179, 8.333058522664151, 1.9795842191515765]",14.756060410646247,0.02168530086055398,0.0006005875475239009,7.7078104368411e-05,True,False,8.071190427338948e-05,1.0625,45.78125,3.34375,cg,0,0.00014497394128021313,32
225,1,4.91457538468459,4.91457538468459,6.4074407118448615,1.1326861943490651,"[0.44989979704519956, 1.197052876425998, 1e-05, 0.7051473276046897, 0.22682543327689353]","[1.843686320294623, -5.964096918022209, 10.242661235661227, 8.315676345598998, 1.9667384282620362]",14.727534539551352,0.02546440064907074,0.0007138062501326203,8.195627015084028e-05,True,False,9.102328087084999e-05,1.03125,39.59375,3.34375,cg,0,0.0001668798939840066,32
226,1,4.899037279028403,4.899037279028403,6.384700581763526,1.128666269302671,"[0.44964942434157856, 1.1978628011152392, 1e-05, 0.7040180582999459, 0.22655835009024788]","[1.8373892000279473, -5.935692736907822, 10.235331158005023, 8.297459791444435, 1.9543328361092744]",14.698221221573723,0.021586700808256865,0.0006033905956428498,7.119380461517721e-05,True,False,0.00010224692455906847,1.03125,41.5625,3.34375,cg,0,0.0001905982657999239,32
227,1,4.884226217767756,4.884226217767756,6.364906210757539,1.125167085810757,"[0.4493994091632513, 1.198670476091282, 1e-05, 0.7028890155857567, 0.22629242228762264]","[1.831189791967327, -5.908526706857434, 10.227588532168014, 8.280302571352392, 1.941572951839415]",14.669718036951052,0.030678299255669117,0.0008719406323507428,8.675621938891709e-05,True,False,0.00011275136334010227,1.0625,54.4375,3.34375,cg,0,0.00018093000323826658,32
228,1,4.869443892756596,4.869443892756596,6.344768281567597,1.1216071692384415,"[0.4491497534047384, 1.199476016687437, 1e-05, 0.7017601182818097, 0.22602771741097585]","[1.825068701624029, -5.8811532882423165, 10.219886469316041, 8.262852746949898, 1.9281353166641781]",14.640948074776622,0.01806990196928382,0.0004885031667072326,7.618126983288676e-05,True,False,0.00012367618822839432,1.03125,35.03125,3.34375,cg,0,0.00020411043587387212,32
229,1,4.854231336934506,4.854231336934506,6.3239824369498185,1.117932716317961,"[0.44890044322452627, 1.2002794009024214, 1e-05, 0.7006313863575949, 0.22576432800385757]","[1.824437302881782, -5.8699849815214975, 10.248628541150445, 8.24924138808836, 1.9796661833513358]",14.655672751749501,0.026124902069568634,0.0007380312599707395,7.837192970328033e-05,True,False,0.00013340079462187404,1.03125,52.8125,3.34375,cg,0,0.000225391090676208,32
230,1,4.839353505596122,4.839353505596122,6.303939449270295,1.1143895831921038,"[0.4486514696927531, 1.2010804538572126, 1e-05, 0.6995056459665179, 0.22549417101867517]","[1.8182686804397108, -5.842199227067275, 10.241715013009813, 8.230788475689664, 1.9672546614939204]",14.626896083771136,0.018574800342321396,0.00050112817552872,7.93343351688236e-05,True,False,0.00014501516799070302,1.0625,41.28125,3.34375,cg,0,0.00021809714862230933,32
231,1,4.824436673887039,4.824436673887039,6.283355767283815,1.110750867913497,"[0.4484028497982927, 1.2018792835191188, 1e-05, 0.6983802139639949, 0.22522517961406102]","[1.812087394183313, -5.814491245753876, 10.234167617875592, 8.212504632903743, 1.9547531780756302]",14.597823410856227,0.03130029886960983,0.0008878063090378419,9.032803063746542e-05,True,False,0.00012280193436886577,1.09375,53.90625,3.34375,cg,0,0.00017755508049743796,32
232,1,4.809331574696548,4.809331574696548,6.262384887751615,1.1070437051323307,"[0.44815458163624444, 1.2026759079310885, 1e-05, 0.6972550455876966, 0.22495736527997504]","[1.8058688433711825, -5.785907926285457, 10.22707952525997, 8.192959499300814, 1.9421448295170831]",14.568032136253226,0.016354799270629883,0.0004395281139295548,7.155936327762902e-05,True,False,0.00013306604136831268,1.03125,34.5,3.34375,cg,0,0.0001993390087067226,32
233,1,4.7947959899283585,4.7947959899283585,6.243035752802393,1.1036232289991585,"[0.4479066594973643, 1.2034702373054025, 1e-05, 0.6961302595600285, 0.2246907342331433]","[1.7998342856506424, -5.758911874671236, 10.219603410807327, 8.17520064872255, 1.9293746417163176]",14.539640829992646,0.022298901341855526,0.000626468812697567,7.037185423541814e-05,True,False,0.0001438543637335421,1.03125,44.75,3.34375,cg,0,0.00022254812024824489,32
234,1,4.780041670988087,4.780041670988087,6.223291849770354,1.1001329670688975,"[0.4476590833286581, 1.2042624043116734, 1e-05, 0.695005720000386, 0.22442533914338242]","[1.7935556536947654, -5.731010288609899, 10.211379065524149, 8.156533340694272, 1.9158228100269878]",14.5097552153079,0.02200209954753518,0.0006088218651711941,7.874374568928033e-05,True,False,0.00015513358685348422,1.03125,44.28125,3.34375,cg,0,0.000246106975707594,32
235,1,4.765486440237133,4.765486440237133,6.20344565454514,1.0966246222627722,"[0.44741186266546196, 1.205052357030127, 1e-05, 0.693881437306557, 0.22416126538314782]","[1.7875623683790811, -5.703334116452863, 10.204378183321825, 8.137257763015784, 1.9036910083838166]",14.480736746801133,0.0192346996627748,0.0005283968785079196,7.268748595379293e-05,True,False,0.00016561822878058408,1.03125,37.1875,3.34375,cg,0,0.0002681087672500304,32
236,1,4.7510449949252,4.7510449949252,6.1840333113601895,1.0931929723865725,"[0.4471649743476213, 1.2058400702819847, 1e-05, 0.6927575638594065, 0.2238983380139761]","[1.7811324673760398, -5.675249702358284, 10.196030692672036, 8.117826996977007, 1.8899904691477465]",14.450298026777409,0.024857296608388424,0.0007055999158183113,7.119060319382697e-05,True,False,0.00014447711873311064,1.0625,47.71875,3.34375,cg,0,0.0002595143455113025,32
237,1,4.736580881018264,4.736580881018264,6.16504708689746,1.089836650369891,"[0.44691845590710855, 1.206625555770443, 1e-05, 0.6916340123615242, 0.22363675303275085]","[1.777212069497461, -5.652602978817572, 10.194175318786089, 8.100722413730079, 1.8932524493405]",14.43044427824365,0.019547597505152225,0.0005400718946475536,7.079052738845348e-05,True,False,0.00012245812551592294,1.09375,43.53125,3.34375,cg,0,0.00021834882205729045,32
238,1,4.722071460003924,4.722071460003924,6.145107188789272,1.0863117410777738,"[0.4466721416516211, 1.2074089832061385, 1e-05, 0.6905112856793829, 0.22337435605969802]","[1.7709518575916157, -5.624733465849611, 10.186366802118023, 8.081301951388623, 1.8802141384388205]",14.400646239212696,0.02930260030552745,0.0008366249821847305,7.90812773630023e-05,True,False,0.00013266260457678314,1.0625,50.46875,3.34375,cg,0,0.00020646926920564468,32
239,1,4.707466339211769,4.707466339211769,6.125978114122661,1.0829301664741278,"[0.44642618715373944, 1.2081901611299657, 1e-05, 0.6893889329992897, 0.22311322692603616]","[1.7648775126907055, -5.596954429442184, 10.178608474450334, 8.061519328373251, 1.8686238070098802]",14.37096415728832,0.024527797009795904,0.0006961436884012073,7.034996815491468e-05,True,False,0.00014379097333749868,1.0625,52.59375,3.34375,cg,0,0.00019452052888979665,32
240,1,4.69342464973875,4.69342464973875,6.106992255654664,1.0795739091567855,"[0.4461805700200174, 1.2089690865197718, 1e-05, 0.6882670153270194, 0.22285317147165912]","[1.7466268282985637, -5.559283894803004, 10.127061401904589, 8.04825228050885, 1.8049313368604694]",14.301952916989725,0.030033899005502462,0.0008679499878780916,7.060935604386032e-05,True,False,0.0001542379202472688,1.03125,56.4375,3.34375,cg,0,0.00021672232630098875,32
241,1,4.679202492744119,4.679202492744119,6.08792719324572,1.0762036504285084,"[0.44593631990420257, 1.2097465025729053, 1e-05, 0.6871415393410951, 0.22260076799260833]","[1.7406737969323383, -5.531598210641905, 10.11957156148567, 8.02790318899845, 1.793233383962168]",14.272251686423589,0.023239102214574814,0.0006547687662532553,7.145317795220762e-05,True,False,0.00013044566634690113,1.0625,46.90625,3.34375,cg,0,0.00020535949205413573,32
242,1,4.664989637707228,4.664989637707228,6.069204722386602,1.072893953902246,"[0.44569239570288455, 1.210521656813706, 1e-05, 0.6860165727465006, 0.2223494785081968]","[1.7184844797880419, -5.389591376684552, 10.10827224810144, 7.816487516762571, 1.7817452910502074]",14.08723341676879,0.025462001096457243,0.0007200437830761075,7.564375118818134e-05,True,False,0.00014039108770091957,1.03125,47.03125,3.34375,cg,0,0.00022805331547059993,32
243,1,4.651385106877683,4.651385106877683,6.050733687513111,1.069628705398601,"[0.445448418134142, 1.211286830672455, 1e-05, 0.6849068463318161, 0.22209651964278854]","[1.7129256462310976, -5.3643577105320865, 10.100401693957977, 7.7997310750279825, 1.768276520723544]",14.060269164986487,0.01814719894900918,0.0004913968150503933,7.570315210614353e-05,True,False,0.00015153712674553788,1.03125,39.5,3.34375,cg,0,0.00025123840180052426,32
244,1,4.637794041582808,4.637794041582808,6.032442423922824,1.0663952362683105,"[0.44520476338955506, 1.2120498825951747, 1e-05, 0.6837973752423299, 0.22184499152482032]","[1.707528550930091, -5.340160848964717, 10.092923395601858, 7.783812928930081, 1.7573101827170083]",14.034812328827353,0.02957189967855811,0.0008485780999762937,7.554376497864723e-05,True,False,0.00016161543389703326,1.0625,54.625,3.34375,cg,0,0.00024373433500901598,32
245,1,4.624297251163394,4.624297251163394,6.01423069631788,1.063175827246666,"[0.4449614357965952, 1.212810870447875, 1e-05, 0.6826881601354934, 0.22159456991013549]","[1.702058654226016, -5.315191062080615, 10.084858125300396, 7.767075395794386, 1.7441825114416043]",14.007935462924506,0.02106790104880929,0.000585196859901771,7.317504787351936e-05,True,False,0.00017252451585392237,1.03125,44.90625,3.34375,cg,0,0.00026778398468207953,32
246,1,4.610694634128237,4.610694634128237,5.996030999402843,1.0599585449706255,"[0.4447184223049055, 1.2135697533076326, 1e-05, 0.6815792065119137, 0.2213455421335679]","[1.696414483958876, -5.290379361746435, 10.076631803940183, 7.750549937899225, 1.731902767595655]",13.981235851706101,0.020098297856748104,0.000553056233911775,7.50155741116032e-05,True,False,0.0001825184593302609,1.03125,39.125,3.34375,cg,0,0.000289790594523609,32
247,1,4.597438445595595,4.597438445595595,5.9780826766151485,1.0567856997820995,"[0.44447575212870205, 1.214326536101011, 1e-05, 0.680470499095838, 0.22109779539846647]","[1.6909548455331431, -5.265643766936632, 10.068743439719313, 7.73361761827912, 1.7191748742977366]",13.954580994747753,0.02623600186780095,0.0007444562652381137,7.541879313066602e-05,True,False,0.000161679116106761,1.09375,52.53125,3.34375,cg,0,0.0002472496172902794,32
248,1,4.584023438970828,4.584023438970828,5.96017535021623,1.0536201017997004,"[0.44423340091141383, 1.2150812192790357, 1e-05, 0.6793621006966836, 0.22085139962709624]","[1.6854363311069565, -5.240904645602187, 10.06051429179546, 7.716813062266374, 1.7066759634204243]",13.927802110455639,0.020552099216729403,0.0005660562601406127,7.619684038218111e-05,True,False,0.0001399738811507234,1.0625,35.59375,3.34375,cg,0,0.00023794289206602315,32
249,1,4.570716504711596,4.570716504711596,5.942538726787413,1.0505023577937629,"[0.44399137617303525, 1.21583380100064, 1e-05, 0.6782539842831227, 0.2206063249269012]","[1.6800005415238708, -5.216033728369343, 10.052431791286192, 7.699728275969508, 1.693473302611779]",13.900879898189597,0.022105698008090258,0.0006182436482049525,7.255941454786807e-05,True,False,0.00014967113467134752,1.0625,44.625,3.34375,cg,0,0.00022666694286099798,32
250,1,4.5577541776920825,4.5577541776920825,5.925556071332512,1.047500220085084,"[0.44374966477725203, 1.2165842619450113, 1e-05, 0.6771461798373885, 0.2203626751270478]","[1.6745137423597645, -5.191817031061605, 10.044068455306926, 7.683124634995904, 1.6807858611702415]",13.874354643018732,0.028751100413501263,0.0008211312378989533,7.73406500229612e-05,True,False,9.648484384827682e-05,1.09375,53.4375,3.34375,cg,0,0.00018633191053529785,32
251,1,4.544447317283086,4.544447317283086,5.907444386452417,1.044298496285727,"[0.44350828219978106, 1.2173326667774191, 1e-05, 0.6760386508989801, 0.22012038841832585]","[1.6775706730547006, -5.194021249473147, 10.079022791412077, 7.675873763569102, 1.7694752954839392]",13.907871202612295,0.030140602495521307,0.0008657094003865495,7.618442759849131e-05,True,False,0.0001063006301467162,1.0625,55.375,3.34375,cg,0,0.00017742837902545716,32
252,1,4.531017880237616,4.531017880237616,5.889586023573152,1.0411415539125222,"[0.4432670417326391, 1.2180795850042898, 1e-05, 0.6749348336934288, 0.21986593174849067]","[1.6722753578099119, -5.169449391860753, 10.071565822723304, 7.65852418765174, 1.758436863201739]",13.881687323359126,0.020390196703374386,0.0005635187117150053,7.367493526544422e-05,True,False,0.00011729842989582906,1.03125,39.375,3.34375,cg,0,0.0002013919104704165,32
253,1,4.517956199148731,4.517956199148731,5.87280362516695,1.0381748169831224,"[0.44302610915452584, 1.2188243718981409, 1e-05, 0.6738314340837556, 0.21961258547694398]","[1.6670440851232255, -5.145181504880149, 10.063693179204709, 7.641329288096342, 1.7466174927542761]",13.855339586606698,0.021200000308454037,0.0005907812446821481,7.171876495704055e-05,True,False,0.00012770707007225823,1.03125,41.78125,3.34375,cg,0,0.0002240705764720019,32
254,1,4.504864798846338,4.504864798846338,5.855831063295154,1.0351744635847087,"[0.442785473538981, 1.2195670720640008, 1e-05, 0.6727284182767765, 0.21936046354493208]","[1.6615060998958917, -5.120419115111137, 10.054998614975187, 7.623713715196902, 1.7339077045619393]",13.827860945235177,0.01998600037768483,0.0005493562493938953,7.520626240875572e-05,True,False,7.398428001081925e-05,1.09375,44.125,3.34375,cg,0,0.0001834261812034832,32
255,1,4.491877296363711,4.491877296363711,5.8386646025189695,1.0321398333787553,"[0.4425451607232308, 1.2203076665977497, 1e-05, 0.6716257584012052, 0.219109678884701]","[1.6562548243124344, -5.096192868958403, 10.047230967800532, 7.606376436559928, 1.7220906261473998]",13.80158579802805,0.024460899643599987,0.0006886468181619421,7.575629570055753e-05,True,False,8.457635063585656e-05,1.0625,47.09375,3.34375,cg,0,0.00017171280126815347,32
256,1,4.4788922078801825,4.4788922078801825,5.821794785528796,1.0291576428809734,"[0.4423051513723591, 1.2210461604118905, 1e-05, 0.6705235116670516, 0.21886012920958053]","[1.6507954677499528, -5.071456841819682, 10.038812110866502, 7.5883932106221605, 1.709625287303699]",13.77421790571313,0.02199630020186305,0.0006043968896847218,8.29874916234985e-05,True,False,9.520805426355139e-05,1.03125,37.09375,3.34375,cg,0,0.0001939952259668587,32
257,1,4.466111575812467,4.466111575812467,5.8049390722499,1.0261779455906626,"[0.4420654578407292, 1.2217825298923455, 1e-05, 0.6694216860299061, 0.21861189365836706]","[1.645516631856733, -5.0470871164248825, 10.03070845016337, 7.570622258987062, 1.697061881726757]",13.747373050054266,0.019406399689614773,0.0005164094036445022,9.004058665595949e-05,True,False,0.00010596035082910404,1.03125,37.625,3.34375,cg,0,0.00021768192658866425,32
258,1,4.453329645670846,4.453329645670846,5.788282298240397,1.0232334161269596,"[0.4418260642306561, 1.2225167919361093, 1e-05, 0.6683202941885891, 0.21836500112472818]","[1.6400924190100128, -5.0225949136123225, 10.02216570489974, 7.5526695936600206, 1.6844801767141049]",13.720075061104673,0.021539700217545033,0.0005960656562820077,7.704997551627457e-05,True,False,0.00011577332689549635,1.0625,43.21875,3.34375,cg,0,0.00020790306307461037,32
259,1,4.440433156013194,4.440433156013194,5.771842241488977,1.0203271972239545,"[0.44158698501110577, 1.2232489446234491, 1e-05, 0.6672193279680003, 0.2181194514219621]","[1.634812098882927, -4.9981125900046, 10.013727181865027, 7.534672442744751, 1.6721700109109627]",13.692914718886044,0.02299599815160036,0.0006472374952863902,7.138744695112109e-05,True,False,9.280957729895789e-05,1.0625,48.09375,3.34375,cg,0,0.00019838267544347588,32
260,1,4.427564255675561,4.427564255675561,5.755306133114244,1.0174039986324022,"[0.44134820281866155, 1.223978973648277, 1e-05, 0.6661188066258492, 0.2178752126977579]","[1.6333969499163055, -4.979397614105899, 10.02190412371973, 7.512589688943331, 1.696539595336362]",13.682770146916583,0.01814949791878462,0.0004945155815221369,7.26562284398824e-05,True,False,0.0001026856100372342,1.0625,38.71875,3.34375,cg,0,0.00018746420782189688,32
261,1,4.415029011229432,4.415029011229432,5.739043287749511,1.0145291065727045,"[0.44110945044143696, 1.2247068083718418, 1e-05, 0.6650206971629657, 0.21762723080856497]","[1.6591478688255097, -5.021324132730164, 10.023782974665714, 7.596029064586724, 1.683383876172038]",13.746858973757135,0.025030200369656086,0.0007074281020322815,7.476565951947123e-05,True,False,0.0001133775150981009,1.03125,49.875,3.34375,cg,0,0.0002101629811623873,32
262,1,4.402194359275316,4.402194359275316,5.72178005250544,1.0114773688961292,"[0.4408680647006111, 1.2254373496746878, 1e-05, 0.6639155677543445, 0.21738231902482394]","[1.6627673106058312, -5.027152370228438, 10.069730838373857, 7.591071097541628, 1.7829192659851505]",13.792740726808544,0.016454100143164396,0.00044020626228302717,7.398436719086021e-05,True,False,9.098188722100886e-05,1.0625,36.53125,3.34375,cg,0,0.00020013612719127494,32
263,1,4.38945859854972,4.38945859854972,5.705124448119732,1.0085330461946556,"[0.44062695710011024, 1.2261663059379042, 1e-05, 0.6628148334989348, 0.2171237889326298]","[1.6580440417421194, -5.005544609487511, 10.063310111926132, 7.575424247633484, 1.7769817401303345]",13.770240155026736,0.021952200680971146,0.0006083781336201355,7.762813766021281e-05,True,False,0.0001058746571391822,1.0625,45.28125,3.34375,cg,0,0.00019253308953937065,32
264,1,4.376734133430462,4.376734133430462,5.688848681058712,1.0056558698801905,"[0.44038614154091077, 1.226893314988258, 1e-05, 0.6617145732040092, 0.21686569877298176]","[1.654715997119653, -4.98818704929913, 10.071741016659498, 7.559900393458877, 1.7916178272703402]",13.763068356096802,0.018787100911140442,0.0005120843998156488,7.501250365749002e-05,True,False,0.00011642451171045565,1.03125,38.5625,3.34375,cg,0,0.00021494368309937784,32
265,1,4.363700577936623,4.363700577936623,5.6715556715884485,1.002598868814304,"[0.4401456841146761, 1.2276181805371131, 1e-05, 0.6606159954454295, 0.21660534726112626]","[1.6501518163034132, -4.965772306304213, 10.064968044872593, 7.544113645102773, 1.7822504560966381]",13.739561300772898,0.023451002314686775,0.0006530656828545034,7.977813947945833e-05,True,False,0.00012237635283085524,1.03125,41.09375,3.34375,cg,0,0.00023292816117326254,32
266,1,4.351162208128739,4.351162208128739,5.654811885472434,0.9996389576379611,"[0.4399054796743654, 1.228341023457238, 1e-05, 0.6595178361258697, 0.21634591387501564]","[1.6585128714640756, -4.9657366038452695, 10.098699272953922, 7.535892066860835, 1.8480809805624347]",13.769459122392336,0.024803899694234133,0.0007019594049779698,7.316246046684682e-05,True,False,0.00013252805548313873,1.0625,47.5,3.3125,cg,0,0.00022073389025667467,32
267,1,4.338236255643936,4.338236255643936,5.638364781568107,0.9967314929625538,"[0.4396645823585592, 1.2290622916725464, 1e-05, 0.6584232554311119, 0.2160774819832469]","[1.6541204270908578, -4.943418549916181, 10.092163182114207, 7.519576111481053, 1.8396861652921155]",13.746044126384868,0.02696390077471733,0.0007613124907948077,8.130940841510892e-05,True,False,0.00014369498481325849,1.03125,40.3125,3.3125,cg,0,0.00024351405975986395,32
268,1,4.3239578324289685,4.3239578324289685,5.613407042310694,0.9923195462945531,"[0.4394239137834023, 1.2297815412987088, 1e-05, 0.6573291841416854, 0.21580981426033785]","[1.9725521708735994, -5.739628102013788, 10.239655778128345, 8.818248615706763, 1.830614416255043]",14.926402817163176,0.01682629995048046,0.00044412190618459135,8.169996726792306e-05,True,False,0.00012108473133176645,1.0625,32.15625,3.3125,cg,0,0.0002321872527404345,32
269,1,4.308025008406661,4.308025008406661,5.586154241347898,0.987501886202773,"[0.4391596100265087, 1.2305505984080385, 1e-05, 0.6561476203418694, 0.21556452885050992]","[1.962747534536481, -5.700805449082974, 10.231950723071023, 8.778474182742219, 1.8241597556569409]",14.880643267117414,0.0325449020601809,0.0009383937722304836,7.863441715016961e-05,True,False,9.803620379100764e-05,1.0625,61.1875,3.3125,cg,0,0.00022254478790761922,32
270,1,4.292374033278096,4.292374033278096,5.558530224865716,0.9826186038582331,"[0.4388958112781385, 1.2313168025762813, 1e-05, 0.6549677689033834, 0.21531935668653965]","[1.9527130984096515, -5.661332913317874, 10.224843772302894, 8.737455533167038, 1.8165370739535394]",14.834222092959143,0.025250001810491085,0.0006898062711115927,9.925628546625376e-05,True,False,0.00010907636654922115,1.03125,34.96875,3.34375,cg,0,0.0002479573596345652,32
271,1,4.276782437257747,4.276782437257747,5.531172390669527,0.9777823763385575,"[0.43863253989308826, 1.2320800826293181, 1e-05, 0.6537897555936426, 0.2150744450137269]","[1.942697182343036, -5.621870519892736, 10.216665668826161, 8.69630129577989, 1.8086868243512468]",14.787047106466474,0.022704601753503084,0.0006337687518680468,7.575005292892456e-05,True,False,0.00011907921023279755,1.09375,48.9375,3.34375,cg,0,0.0002008916838440733,32
272,1,4.261556930226371,4.261556930226371,5.504488703094848,0.9730653222307779,"[0.43836978328343873, 1.232840460340843, 1e-05, 0.6526135503333795, 0.21482981377515623]","[1.9328809771511688, -5.5836283661880985, 10.209091997426166, 8.656280511690989, 1.8018782566302578]",14.741657015554335,0.02299449872225523,0.0006453156238421798,7.326246122829616e-05,True,False,9.650368870994797e-05,1.0625,48.375,3.34375,cg,0,0.00019171603608736376,32
273,1,4.246175621620486,4.246175621620486,5.478017081532305,0.9683857564518082,"[0.4381075494009138, 1.233597990971208, 1e-05, 0.6514391531130439, 0.2145853530263263]","[1.9229449284081384, -5.545070109790926, 10.200520213997926, 8.61635751751829, 1.7935579499549466]",14.695393813910131,0.02354249730706215,0.0006588375108549371,7.686552999075502e-05,True,False,0.00010672498973152145,1.0625,46.96875,3.34375,cg,0,0.00018334611571813042,32
274,1,4.231001779525727,4.231001779525727,5.451865538639456,0.9637627731223022,"[0.43784584223571255, 1.2343526587507356, 1e-05, 0.650266492124704, 0.21434125504943027]","[1.8968225821561553, -5.357014573700507, 10.18404274253822, 8.3030324800556, 1.7859941357824456]",14.427071464811217,0.019808498676866293,0.00053362813196145,8.538745169062167e-05,True,False,0.00011688255727504426,1.03125,37.875,3.34375,cg,0,0.00020711376732451825,32
275,1,4.216563639779661,4.216563639779661,5.426591210447516,0.9592948609086883,"[0.43758288899719133, 1.2350952924288727, 1e-05, 0.6491154570723399, 0.21409366576701563]","[1.8876929942829581, -5.323696917497075, 10.175319335091775, 8.271007605715475, 1.7771180436742042]",14.387841138825554,0.024336899630725384,0.000681637495290488,7.889061816968024e-05,True,False,0.00012655856076015937,1.03125,43.09375,3.34375,cg,0,0.00023100382891527715,32
276,1,4.202233525676708,4.202233525676708,5.401384054936536,0.954838823259629,"[0.4373204878522332, 1.2358353196318088, 1e-05, 0.6479657352307745, 0.21384663523249645]","[1.8844010304471184, -5.317113444392421, 10.207138557999478, 8.255331870776034, 1.8603221323302748]",14.40901255808242,0.02126170229166746,0.0005866218853043392,7.780631131026894e-05,True,False,0.00013701498163021242,1.03125,41.90625,3.34375,cg,0,0.00025589655460489524,32
277,1,4.187959050910636,4.187959050910636,5.376584768755889,0.9504548874028986,"[0.4370589291891783, 1.2365733457002281, 1e-05, 0.6468198785196465, 0.21358841876905701]","[1.8759923653071948, -5.285039168922315, 10.199802429566164, 8.224150801566662, 1.8532563765117704]",14.372131768735942,0.02900610025972128,0.0008265656360890716,7.987499702721834e-05,True,False,0.00011639296402643495,1.09375,60.8125,3.34375,cg,0,0.00021826398026503213,32
278,1,4.17351425770395,4.17351425770395,5.351380049704662,0.9459992804631425,"[0.43679786946674276, 1.2373088022425973, 1e-05, 0.6456754204902698, 0.21333052294591764]","[1.867171616924162, -5.2529633015185, 10.191608283966051, 8.193544191418976, 1.8457591799736062]",14.33491632606013,0.029240598436444998,0.0008248030499089509,8.896565122995526e-05,True,False,0.00012694110931654734,1.0625,51.71875,3.34375,cg,0,0.00021072565612589855,32
279,1,4.1594321359692366,4.1594321359692366,5.327633983034532,0.9418015292709032,"[0.4365373626630303, 1.2380416929245754, 1e-05, 0.6445322615063626, 0.21307300359416678]","[1.8585178341910285, -5.221276750455851, 10.18276728268225, 8.163196968166652, 1.837396310315849]",14.297495547135815,0.02162529854103923,0.0005853781185578555,9.04124608496204e-05,True,False,0.00013715118254209457,1.03125,38.3125,3.34375,cg,0,0.00023549130513522698,32
280,1,4.145457512817681,4.145457512817681,5.303703372078006,0.9375711549495792,"[0.43627738456715554, 1.2387720693367068, 1e-05, 0.6433903556473003, 0.2128159800750295]","[1.8486244159843908, -5.18745748927621, 10.170545269261982, 8.13233164171263, 1.8199467690898403]",14.255319802854293,0.022071398328989744,0.0006065280613256618,8.320313645526767e-05,True,False,0.00014745548450401103,1.0625,42.1875,3.34375,cg,0,0.00022675541247174635,32
281,1,4.131796573099379,4.131796573099379,5.279919319018911,0.9333666886490325,"[0.43601802533264933, 1.239499861846542, 1e-05, 0.6422494017081941, 0.2125606442713953]","[1.8406722605875658, -5.156693740936142, 10.163398948969032, 8.102008624514212, 1.8128865243461525]",14.219822228370855,0.02530229790136218,0.0007082499796524644,8.244682976510376e-05,True,False,0.00015839828562347336,1.09375,48.09375,3.34375,cg,0,0.00018847652840614515,32
282,1,4.117510994819252,4.117510994819252,5.256363687245525,0.9292026019085088,"[0.43575913710874653, 1.2402251442949097, 1e-05, 0.6411098644490321, 0.21230566407612933]","[1.832277564057559, -5.125669075276433, 10.154722400585948, 8.072283056446237, 1.8060546725049313]",14.18350093585578,0.01954920031130314,0.0005385219119489193,7.239059777930379e-05,True,False,0.00016813887247835169,1.03125,39.875,3.34375,cg,0,0.00021223544084758572,32
283,1,4.10350759523188,4.10350759523188,5.233330881558204,0.9251309386356946,"[0.43550076964753726, 1.2409479093016729, 1e-05, 0.6399716006180662, 0.2120509942762618]","[1.8242710574577476, -5.09533378170134, 10.146542901029044, 8.042806839738518, 1.800088173264362]",14.148137099043064,0.019163699820637703,0.0005183687608223408,8.049685857258737e-05,True,False,0.00014766440817570725,1.0625,38.53125,3.34375,cg,0,0.00020649942410022604,32
284,1,4.090174045872539,4.090174045872539,5.210303953830535,0.9210603144491628,"[0.43524288819720097, 1.2416681926500277, 1e-05, 0.6388346584492327, 0.21179653135149146]","[1.818646240144683, -5.076671052229343, 10.167247891062125, 8.01628062016129, 1.84523507971422]",14.146329569122319,0.019688001833856106,0.000530603138031438,8.464691927656531e-05,True,False,0.00015762828922705197,1.03125,38.03125,3.34375,cg,0,0.00023125665088041814,32
285,1,4.076475761179966,4.076475761179966,5.1876630875276195,0.9170579369254804,"[0.4349857690298396, 1.2423859295056643, 1e-05, 0.63770132127079, 0.21153565306916847]","[1.8159164523031355, -5.057777523580087, 10.189360040994282, 7.98995774126325, 1.8840791673509356]",14.145349168571503,0.021578000392764807,0.0005949718615738675,7.934065070003271e-05,True,False,0.0001682214906533197,1.0625,45.375,3.34375,cg,0,0.00022332282355641553,32
286,1,4.062933989126018,4.062933989126018,5.165423016368496,0.9131264106428086,"[0.4347290180043917, 1.2431010447655209, 1e-05, 0.6365716273133654, 0.21126926457005615]","[1.8129993928072508, -5.0555917898772496, 10.226612593677034, 7.980091557692175, 1.9711698906559791]",14.177339393988072,0.027652396820485592,0.0007815624412614852,8.257495937868953e-05,True,False,0.00014460575666896958,1.0625,53.625,3.34375,cg,0,0.00021390843785917824,32
287,1,4.049380961090261,4.049380961090261,5.143368250388059,0.9092276419972463,"[0.43447325783073765, 1.24381423807338, 1e-05, 0.6354458742597969, 0.21099119125379587]","[1.805284308312866, -5.026410304067759, 10.219754157148872, 7.951314775496629, 1.966051922583075]",14.144115166123488,0.019653400406241417,0.0005456906073959544,6.847815529908985e-05,True,False,0.0001245591697389692,1.09375,45.40625,3.34375,cg,0,0.00017505485074398308,32
288,1,4.035819747420985,4.035819747420985,5.121406384577577,0.9053452959367211,"[0.43421798780684684, 1.244524980349539, 1e-05, 0.6343215459180738, 0.21071318843787523]","[1.7977213883374354, -4.998102777801674, 10.213068302234255, 7.9239200056100385, 1.9613830862239232]",14.112233330691817,0.020602301228791475,0.0005701281770598143,7.369373633991927e-05,True,False,0.00010291650574867361,1.0625,43.15625,3.34375,cg,0,0.00016674241312575333,32
289,1,4.022418711121469,4.022418711121469,5.099912927621537,0.9015457536455317,"[0.4339632129110406, 1.245233316537062, 1e-05, 0.6331985599498904, 0.21043521924049535]","[1.7906634069847716, -4.971241512908142, 10.206293856089966, 7.8990673051330695, 1.9555676011044996]",14.082175287474131,0.01629959885030985,0.0004399281315272674,6.943433254491538e-05,True,False,0.00011281947253038993,1.03125,36.0,3.34375,cg,0,0.00019054498482873328,32
290,1,4.009040722646901,4.009040722646901,5.078443556476741,0.8977504691644578,"[0.43370889660403505, 1.2459393497188782, 1e-05, 0.6320767066646812, 0.2101574826605928]","[1.7827395195242735, -4.941631142512478, 10.199336338824263, 7.868868605243634, 1.950985762103333]",14.04812367777643,0.018656001426279545,0.0005122812726767734,7.07187718944624e-05,True,False,9.207810595324162e-05,1.0625,38.21875,3.34375,cg,0,0.0001829063180727175,32
291,1,3.99589557102568,3.99589557102568,5.057649519304651,0.8940745679913003,"[0.43345509195933113, 1.246642878710437, 1e-05, 0.630956433411801, 0.20987972517401104]","[1.7754584956091835, -4.913992627729842, 10.192319888173264, 7.842372449335171, 1.944252346548928]",14.01662883645774,0.016960300039499998,0.00045271564158611,7.729373464826494e-05,True,False,0.00010354509905807774,1.03125,35.0,3.3125,cg,0,0.0002074634381221685,32
292,1,3.98260426818674,3.98260426818674,5.03626137440803,0.8902936424179498,"[0.4332017559373535, 1.2473440448302957, 1e-05, 0.6298374236213188, 0.20960230435205804]","[1.7680842327640307, -4.8862624197682685, 10.186116488597484, 7.814613825595329, 1.9414097469204559]",13.985560856000355,0.022330300882458687,0.0006277687498368323,7.005315274000168e-05,True,False,0.00011436858571034492,1.0625,47.375,3.34375,cg,0,0.0001981289838206557,32
293,1,3.9695847194592666,3.9695847194592666,5.015907288349318,0.8866955143487075,"[0.43294891170023747, 1.2480428029951958, 1e-05, 0.6287198976378422, 0.20932467376337147]","[1.7610323362387308, -4.859254889366899, 10.17988734676101, 7.7880787156332225, 1.9369778883782305]",13.955276879475553,0.024271702393889427,0.0006833688239566982,7.512187585234642e-05,True,False,0.00012554318679747212,1.0625,49.875,3.34375,cg,0,0.00018737840281124463,32
294,1,3.956451612153455,3.956451612153455,4.9954344371383295,0.8830763913683292,"[0.43269652941483794, 1.2487392069334315, 1e-05, 0.6276037494191666, 0.20904707584754822]","[1.754827491630724, -4.835381641273876, 10.172966093623264, 7.767857384415501, 1.9308570530589781]",13.92901258482187,0.02335689915344119,0.00064828124595806,8.162185258697718e-05,True,False,0.00013427541530708353,1.0625,42.75,3.34375,cg,0,0.0001777338007724616,32
295,1,3.943594405742927,3.943594405742927,4.97514149322913,0.8794890718062209,"[0.43244456216578586, 1.2494334961533573, 1e-05, 0.6264884000953643, 0.20876983335944474]","[1.7468605315383972, -4.805612909030365, 10.165969457739072, 7.735989112857475, 1.9266081773163806]",13.894233292518205,0.026324399281293154,0.0007496781327063218,7.295934483408928e-05,True,False,0.00011140640930973333,1.0625,51.15625,3.34375,cg,0,0.00016798992908562127,32
296,1,3.930663348373569,3.930663348373569,4.955094221367467,0.8759451813368029,"[0.4321931110069294, 1.2501252382318888, 1e-05, 0.6253748461554767, 0.20849250849572373]","[1.7398344289111414, -4.778636203923515, 10.159178010216719, 7.7094360875344154, 1.921198605741423]",13.863538311817253,0.022060003597289324,0.0006113813287811354,7.799378363415599e-05,True,False,9.128866333396601e-05,1.0625,45.46875,3.34375,cg,0,0.00016219368706149595,32
297,1,3.9178337201552087,3.9178337201552087,4.935209605442073,0.8724300446462688,"[0.43194211672399047, 1.2508146201336945, 1e-05, 0.6242626573457257, 0.20821535001534283]","[1.7327895954919668, -4.752096541011975, 10.151913351450386, 7.683718094937084, 1.9152109265327038]",13.83307206184778,0.016707399860024452,0.0004531968879746273,6.890935765113682e-05,True,False,0.00010168423677070493,1.03125,34.40625,3.34375,cg,0,0.00018569600090945215,32
298,1,3.9052606033145123,3.9052606033145123,4.915615562778566,0.8689662745367127,"[0.4316915881953138, 1.2515016832125856, 1e-05, 0.6231517373620767, 0.20793844682018398]","[1.726089540177023, -4.725937155667402, 10.14539502613487, 7.657761105790485, 1.910036952214539]",13.803349363416508,0.01925230072811246,0.00053022189240437,7.141250534914434e-05,True,False,0.00011287418931882343,1.03125,37.53125,3.34375,cg,0,0.00020947230788825877,32
299,1,3.8924699703511845,3.8924699703511845,4.896120930305956,0.8655200778321822,"[0.43144149099142404, 1.252186435446395, 1e-05, 0.6220421862084224, 0.20766169703985335]","[1.7189879940676744, -4.699578648743186, 10.1373485914391, 7.632585651301173, 1.9029629790559486]",13.772596976893283,0.018046601209789515,0.0004857187595916912,7.823752821423113e-05,True,False,9.304118164843445e-05,1.0625,36.875,3.34375,cg,0,0.00020257431797343628,32
300,1,3.8797288183915515,3.8797288183915515,4.876554487752494,0.8620611867788697,"[0.43119186661094927, 1.2528688889671487, 1e-05, 0.620933813450031, 0.20738535656723073]","[1.7122660237769287, -4.673404885045226, 10.130692768265478, 7.606575298851258, 1.8982364664295268]",13.742881560295455,0.023931602016091347,0.0006724594422848895,7.540312071796507e-05,True,False,0.0001039311846233737,1.03125,41.90625,3.34375,cg,0,0.00022656860123593248,32
301,1,3.867225914203381,3.867225914203381,4.857818001715098,0.8587490126957074,"[0.4309426807300785, 1.2535490090517467, 1e-05, 0.6198268294067029, 0.20710910642886446]","[1.7055864973124903, -4.647850839919858, 10.123210878614275, 7.581935167423032, 1.8916841886908895]",13.713320209766927,0.018298400100320578,0.0005018031079089269,7.002189522609115e-05,True,False,0.00011447382475582302,1.0625,39.46875,3.34375,cg,0,0.0002154873038011651,32
302,1,3.8547335231121966,3.8547335231121966,4.838921893764694,0.8554086211782664,"[0.4306939318536433, 1.2542268683547433, 1e-05, 0.6187210526800032, 0.20683321639499716]","[1.6989294649402, -4.622355562423556, 10.115579217452499, 7.557370728327028, 1.8849304413981043]",13.683723552862004,0.020689199212938547,0.0005740280903410167,7.250938506331295e-05,True,False,0.00012414164021334884,1.0625,43.53125,3.34375,cg,0,0.00020285476180958995,32
303,1,3.842504437389383,3.842504437389383,4.820260674048529,0.8521097524266383,"[0.4304456179413879, 1.2549024674406541, 1e-05, 0.6176164745732358, 0.20655771675720067]","[1.6924331967522963, -4.596997984239839, 10.108454814038414, 7.532195606228909, 1.8790398800295567]",13.654389068767093,0.029982698615640402,0.0008610687509644777,7.58905807742849e-05,True,False,0.00010410582142927893,1.09375,58.25,3.34375,cg,0,0.0001626737831870173,32
304,1,3.8301791169405357,3.8301791169405357,4.801771600816802,0.8488413151616361,"[0.4301977220907417, 1.2555758037518947, 1e-05, 0.6165132109167304, 0.2062824880566812]","[1.6844986876366175, -4.529808939023784, 10.103874722957688, 7.4165982288683905, 1.8925707266060896]",13.565866817626974,0.021470199804753065,0.0005969562334939837,7.398751040454954e-05,True,False,0.00011538592809490211,1.03125,45.375,3.34375,cg,0,0.0001872466185157684,32
305,1,3.8181522826672474,3.8181522826672474,4.783623878940923,0.8456332208612557,"[0.4299493784043178, 1.2562436282263034, 1e-05, 0.6154197904478393, 0.2060034685510485]","[1.678388791660044, -4.506694950077827, 10.096831422220962, 7.395329006372111, 1.8863769755148105]",13.539667731669665,0.020616699941456318,0.0005669718811986968,7.729999197181314e-05,True,False,0.00012622461192046686,1.03125,38.0625,3.34375,cg,0,0.00021175821559316077,32
306,1,3.806122820555175,3.806122820555175,4.765610704715148,0.8424489114498206,"[0.4297014566938595, 1.2569093306702717, 1e-05, 0.6143273959884793, 0.20572482405064277]","[1.672035536169064, -4.483285688883803, 10.08914418843152, 7.37369087586349, 1.8798014606032671]",13.512636845612432,0.019414199516177177,0.0005226094217505306,8.40843131300062e-05,True,False,0.00013774277474087882,1.03125,35.125,3.34375,cg,0,0.00023653061257133956,32
307,1,3.7940240296361067,3.7940240296361067,4.747143444895528,0.8391843302877238,"[0.4294539793798239, 1.2575729000001923, 1e-05, 0.6132360189375653, 0.2054465953848477]","[1.6657500924408533, -4.459660077414952, 10.081827840748813, 7.351549236678276, 1.8733902980199852]",13.485600148865222,0.020339200273156166,0.0005647812358802184,7.081877265591174e-05,True,False,0.00014848054087002183,1.03125,44.15625,3.34375,cg,0,0.00026046758038589246,32
308,1,3.7822966258076827,3.7822966258076827,4.7300351268678265,0.8361599783647029,"[0.4292069380803742, 1.2582342958636104, 1e-05, 0.6121457375774507, 0.20516875972648602]","[1.659696012485842, -4.437228268652545, 10.074458182360926, 7.331135990496257, 1.8666343049797174]",13.459872650579065,0.02076240023598075,0.0005533718358492479,9.545317152515054e-05,True,False,0.00012592904043984277,1.0625,37.34375,3.34375,cg,0,0.0002519223191397302,32
309,1,3.7704429269504165,3.7704429269504165,4.712471470668848,0.8330551332645211,"[0.428960324155347, 1.2588936227953746, 1e-05, 0.6110564054299231, 0.2048913968786643]","[1.6535723803292348, -4.414205891338752, 10.067005334988286, 7.309834531564694, 1.859473392456792]",13.43337016012402,0.03554700035601854,0.0010127687273779884,9.807503374759108e-05,True,False,0.0001370096727355552,1.0625,47.75,3.34375,cg,0,0.00024219288692517438,32
310,1,3.758754358144284,3.758754358144284,4.695293722968862,0.8300185077934783,"[0.4287141353940018, 1.2595508228633239, 1e-05, 0.6099680955800659, 0.20461455296382333]","[1.640909301462167, -4.357892515831731, 10.055388150289845, 7.224156036096586, 1.8525970966117429]",13.357214822125222,0.027352698147296906,0.0007719749846728519,8.279683243017644e-05,True,False,0.0001482409992328293,1.0625,47.90625,3.34375,cg,0,0.00023281552085441248,32
311,1,3.7474243545674817,3.7474243545674817,4.678165291238852,0.826990600236633,"[0.42846843906835447, 1.260203338013157, 1e-05, 0.608886409595112, 0.204337160240693]","[1.635243237033809, -4.336600700325276, 10.04797622100997, 7.205406569219322, 1.8446035727953451]",13.332756593624088,0.031829001381993294,0.000908315647393465,8.634064579382539e-05,True,False,9.414272082430841e-05,1.09375,56.34375,3.34375,cg,0,0.00019592743827612225,32
312,1,3.7357786139629727,3.7357786139629727,4.661253395197145,0.8240009711431797,"[0.4282231419723746, 1.2608538562566347, 1e-05, 0.6078055518567919, 0.2040604577358953]","[1.6293896618352246, -4.314953154645865, 10.040012844621069, 7.186318347470691, 1.837134860203507]",13.307660395531917,0.017646997701376677,0.00047509056457784027,7.637811359018087e-05,True,False,0.00010191352145616506,1.03125,36.65625,3.34375,cg,0,0.00021419109557330174,32
313,1,3.724333106399372,3.724333106399372,4.644326808278622,0.821008745045072,"[0.4279782620140222, 1.2615023478811687, 1e-05, 0.6067255245442008, 0.2037843558809543]","[1.6236017443009942, -4.29359505955273, 10.032419345513821, 7.16733080127348, 1.8298469659968923]",13.283051223932112,0.01919389795511961,0.0005222281033638865,7.758120773360133e-05,True,False,0.00011311433887994937,1.03125,37.84375,3.34375,cg,0,0.00023926344368119246,32
314,1,3.7128869475698734,3.7128869475698734,4.627796828529006,0.8180866298516146,"[0.427733799846888, 1.2621488251079513, 1e-05, 0.6056463552057855, 0.20350883982142692]","[1.6180382533282296, -4.272563184933399, 10.024488179887522, 7.149191931350782, 1.8214091853601797]",13.258645629135424,0.034618799574673176,0.000992231216514483,8.960627019405365e-05,True,False,0.00012319380342962205,1.09375,56.84375,3.34375,cg,0,0.0002001552337644874,32
315,1,3.7016384398016435,3.7016384398016435,4.611283883537417,0.8151675260063863,"[0.4274897269153888, 1.2627933197726586, 1e-05, 0.6045679355646267, 0.20323408940782203]","[1.612396001262378, -4.251761480391563, 10.016830944523232, 7.130880283156803, 1.8139207508449455]",13.234574448211278,0.017888599075376987,0.0004838530730921775,7.516564801335335e-05,True,False,0.00013457420442497536,1.03125,37.40625,3.34375,cg,0,0.0002250506487859738,32
316,1,3.6903540179197774,3.6903540179197774,4.594876942036759,0.8122671611079747,"[0.42724606271485854, 1.2634358431113135, 1e-05, 0.6034903217266416, 0.20295997092251583]","[1.6068787889756524, -4.230846136529764, 10.008927673544695, 7.112648827989416, 1.805220645106939]",13.21019858198646,0.023540697526186705,0.0006647343252552673,7.09124724380672e-05,True,False,0.00011351746403764906,1.0625,43.5,3.34375,cg,0,0.00021834485888172495,32
317,1,3.679114946505094,3.679114946505094,4.578787041230082,0.8094228416157196,"[0.4270027841935129, 1.264076385508909, 1e-05, 0.6024134796514362, 0.20268666380547795]","[1.6011884402885876, -4.20980192383887, 10.000674716430519, 7.093950724693637, 1.7970679639022624]",13.185344955456763,0.022446801885962486,0.0006268062570597976,7.465630187653005e-05,True,False,0.00012478871444310258,1.0625,47.1875,3.34375,cg,0,0.0002101003422372294,32
318,1,3.667874850232383,3.667874850232383,4.562318891548792,0.806511656537411,"[0.4267599102382882, 1.2647149432315536, 1e-05, 0.6013374439848502, 0.20241407814771367]","[1.5957168086475, -4.189301200040934, 9.992767641641837, 7.076179583091673, 1.7889103867447687]",13.161477108663583,0.017224099952727556,0.00046675630437675864,7.14968191459775e-05,True,False,0.00013500755737139158,1.0625,39.71875,3.34375,cg,0,0.00020000818228105288,32
319,1,3.6567313253385842,3.6567313253385842,4.5466666650823475,0.8037447076686383,"[0.42651742730185915, 1.2653515436929053, 1e-05, 0.6002621574460929, 0.20214223778027782]","[1.5902926024703818, -4.168786268119243, 9.984497021269611, 7.058472517045768, 1.77971808464194]",13.137253176108212,0.01545430114492774,0.00041199379484169185,7.095311593730003e-05,True,False,0.00014602650547956841,1.03125,33.8125,3.34375,cg,0,0.00022500587164486774,32
320,1,3.6456969918688253,3.6456969918688253,4.530705742546427,0.8009231885288527,"[0.42627532302312887, 1.2659861948200348, 1e-05, 0.5991875838770389, 0.20187129558853517]","[1.5878118192592354, -4.164003424813191, 10.010105533269455, 7.047360825536937, 1.842698308529175]",13.157625748743426,0.02527620131149888,0.0007175218925112858,7.235939847305417e-05,True,False,0.00012555683195447642,1.0625,52.3125,3.34375,cg,0,0.0002183479722468462,32
321,1,3.634898952085325,3.634898952085325,4.515869840497968,0.7983005467929813,"[0.42603397069263105, 1.2666191362798411, 1e-05, 0.5981163631325707, 0.20159119971963343]","[1.5833724494191148, -4.146766124663021, 10.00297432870845, 7.034846684905542, 1.834514513156214]",13.138369168437146,0.016247200313955545,0.00043355938396416605,7.416562584694475e-05,True,False,0.00013395831014229032,1.03125,35.65625,3.34375,cg,0,0.00024061103901962255,32
322,1,3.6236404628663994,3.6236404628663994,4.499692209498326,0.7954407186471363,"[0.42579294040508175, 1.2672503814627378, 1e-05, 0.5970454773028027, 0.20131193910676776]","[1.5780023990482421, -4.126638965551094, 9.995157627419465, 7.017268916802706, 1.8273075764367492]",13.115011732743387,0.019290200900286436,0.0005252499977359548,7.75687803979963e-05,True,False,0.00014445736835533296,1.03125,40.21875,3.34375,cg,0,0.0002647775114619222,32
323,1,3.612606214958552,3.612606214958552,4.484119229448116,0.7926877786979397,"[0.4255522997665396, 1.2678796815425744, 1e-05, 0.5959753648150268, 0.20103328017553168]","[1.5726747031629247, -4.1066982561933765, 9.987605457956839, 6.999527971684637, 1.8203766554033827]",13.091894517873753,0.01694460166618228,0.00045632189721800387,7.319690485019237e-05,True,False,0.00012077201790550163,1.0625,38.0625,3.34375,cg,0,0.00025485588887530497,32
324,1,3.601673811230097,3.601673811230097,4.4687796267108775,0.7899760944188874,"[0.42531204810534634, 1.2685070465507897, 1e-05, 0.5949060729777615, 0.20075518800899628]","[1.5675172124388923, -4.087074318018287, 9.980047953998547, 6.9826187503530415, 1.8119385236015648]",13.069151834855266,0.02697790041565895,0.0007694655796512961,7.359380833804607e-05,True,False,0.0001350730050693194,1.03125,49.6875,3.34375,cg,0,0.00028269715646356275,32
325,1,3.590869717491172,3.590869717491172,4.453671666546415,0.7873053591483405,"[0.42507216762463473, 1.2691325001945075, 1e-05, 0.5938375080336775, 0.2004779032170895]","[1.5622648499968392, -4.0674871840923315, 9.972065019610472, 6.965310479576179, 1.8043164310810063]",13.046007514561397,0.023556401021778584,0.0006638312625000253,7.23062694305554e-05,True,False,0.0001470955901896609,1.09375,50.5625,3.34375,cg,0,0.0002426890161539852,32
326,1,3.5800726406746657,3.5800726406746657,4.438211246398501,0.7845723171666947,"[0.4248326667891288, 1.2697560606484228, 1e-05, 0.592769700818134, 0.20020129500129186]","[1.557220746434278, -4.048354849925661, 9.964770631828278, 6.948789399453225, 1.796589505258071]",13.023984611375516,0.023042700719088316,0.0006433218659367412,7.676253153476864e-05,True,False,0.00012472090829040994,1.09375,42.3125,3.34375,cg,0,0.00020044321988343938,32
327,1,3.5692042210553394,3.5692042210553394,4.423511045557764,0.7819736642418724,"[0.42459353555659424, 1.2703777374962408, 1e-05, 0.5917026250181748, 0.19992540562354322]","[1.5521016324263346, -4.028974505475141, 9.956339867771998, 6.932251351262953, 1.7876895576693763]",13.000857716220976,0.01620589755475521,0.0004351186944404617,7.131560414563864e-05,True,False,0.000135782460262579,1.03125,34.96875,3.34375,cg,0,0.00022501620873605077,32
328,1,3.5584593294474347,3.5584593294474347,4.4084807254586815,0.779316653925506,"[0.4243547664436348, 1.270997538834446, 1e-05, 0.5906361951714609, 0.19965039460556994]","[1.545449699885914, -4.00561352514212, 9.937884609627522, 6.915685813651201, 1.756075321219636]",12.965547262220891,0.024728500749915838,0.0006977781449677423,7.498750346712768e-05,True,False,8.152201797839709e-05,1.125,52.09375,3.34375,cg,0,0.00015347116705832775,32
329,1,3.547746870163011,3.547746870163011,4.393953548837882,0.7767485876504904,"[0.42411637315895334, 1.2716154245964308, 1e-05, 0.5895694163192842, 0.1993795112736799]","[1.540442287304604, -3.9865684322650634, 9.930273627397684, 6.898828057903005, 1.748905333893093]",12.943281000583584,0.018614499364048243,0.0005081937706563622,7.35093344701454e-05,True,False,9.209945162602651e-05,1.03125,39.96875,3.34375,cg,0,0.00017663591456695826,32
330,1,3.537209784738593,3.537209784738593,4.379270973613783,0.77415305052393,"[0.42387834351451986, 1.2722314304502444, 1e-05, 0.5885034071586921, 0.1991092698513266]","[1.535585184548113, -3.967854510312976, 9.922999734909691, 6.882217362620249, 1.741751529978907]",12.921549026009535,0.01973149925470352,0.0005351593426894397,8.14500090200454e-05,True,False,0.00010347663869003654,1.03125,39.3125,3.34375,cg,0,0.0002018235272132074,32
331,1,3.5266195189451848,3.5266195189451848,4.364725570843516,0.7715817622904437,"[0.4236406653257302, 1.2728455757825137, 1e-05, 0.5874381761483489, 0.19883968119344383]","[1.530358074303656, -3.9491052639393422, 9.914494744047172, 6.8661572840096685, 1.7336385391857954]",12.899002003422904,0.023425099905580282,0.0006525594071717933,7.947496487759054e-05,True,False,0.00011680706941374908,1.03125,47.90625,3.34375,cg,0,0.0002289727022786181,32
332,1,3.516042290361504,3.516042290361504,4.350264175243215,0.769025324566845,"[0.42340338215083356, 1.2734578875354052, 1e-05, 0.5863735732772655, 0.19857087922898312]","[1.5258811369401324, -3.930825069274549, 9.907341260766154, 6.85003607409726, 1.7268867714427951]",12.877897420169349,0.016842502169311047,0.00044136565702501684,8.496253576595336e-05,True,False,0.00012430398745166826,1.03125,37.15625,3.34375,cg,0,0.00025073447219359224,32
333,1,3.50547650536602,3.50547650536602,4.335942271386889,0.7664935457327676,"[0.4231664054011303, 1.274068363755353, 1e-05, 0.5853097294136178, 0.1983026853282297]","[1.5211168597585687, -3.9123225387723535, 9.899496458340197, 6.834035080284897, 1.7187560669849076]",12.856058967408327,0.029758401215076447,0.0008330312848556787,9.691875311546028e-05,True,False,0.0001350223746885426,1.0625,52.875,3.34375,cg,0,0.00024148356847586427,32
334,1,3.4951248744895813,3.4951248744895813,4.321736015049888,0.7639822106849757,"[0.4229297672737701, 1.2746769985707946, 1e-05, 0.58424656766287, 0.19803530073218695]","[1.5146346049711858, -3.889962971121848, 9.887001609340333, 6.810334640281043, 1.711120353575771]",12.825261069600371,0.027231799438595772,0.0007583250117022544,9.266872075386345e-05,True,False,0.0001461389885326625,1.0625,49.53125,3.3125,cg,0,0.00023261427556331427,32
335,1,3.4845351276610907,3.4845351276610907,4.307608304274088,0.761484760661923,"[0.42269357175359573, 1.2752836081282466, 1e-05, 0.5831845487920194, 0.1977684647833269]","[1.5098615389028485, -3.8716612232972816, 9.879065162468692, 6.794485681384441, 1.7036507960399745]",12.803625763366027,0.022150399163365364,0.0006085749628255144,8.362501102965325e-05,True,False,0.00015616303470089576,1.03125,40.46875,3.3125,cg,0,0.00025667078303026614,32
336,1,3.474488470754869,3.474488470754869,4.293665557972456,0.7590200080473611,"[0.4224577226954164, 1.275888383883888, 1e-05, 0.5821232110418496, 0.1975023447283685]","[1.5052378936530255, -3.8535679805570653, 9.871692813235349, 6.77846988227435, 1.6948444562460432]",12.782261066490328,0.025201798882335424,0.0007015967858023942,8.595942927058786e-05,True,False,0.00010121468908241837,1.125,52.34375,3.3125,cg,0,0.0001843062156186015,32
337,1,3.4640410581539083,3.4640410581539083,4.279787076376483,0.7565666159350898,"[0.4222222028784286, 1.2764913394893493, 1e-05, 0.5810626052778953, 0.1972371577716482]","[1.5005131681361843, -3.835584953467001, 9.863038285070788, 6.763185892124148, 1.6866330612412213]",12.760414977988908,0.025813601911067963,0.0007265906606335193,8.008439908735454e-05,True,False,0.00011119882670174164,1.03125,46.96875,3.3125,cg,0,0.00020850102702052453,32
338,1,3.45385459939944,3.45385459939944,4.265934469443853,0.7541177978602963,"[0.4219870203752566, 1.2770925088023823, 1e-05, 0.5800025792672585, 0.19697280382014767]","[1.4930957711327735, -3.7919856725783925, 9.851467472918257, 6.693063918499396, 1.6786038921688826]",12.699398306089302,0.02160439919680357,0.0005974406376481056,7.769683725200593e-05,True,False,0.00012223317897319674,1.03125,43.625,3.3125,cg,0,0.00023485928362498854,32
339,1,3.4437826071638917,3.4437826071638917,4.252390040360303,0.7517234584472267,"[0.42175187604242637, 1.2776897001937984, 1e-05, 0.5789485035139588, 0.196708444225846]","[1.488361180879807, -3.774617524451346, 9.843180003425601, 6.678708942560142, 1.669454533042602]",12.678461287467501,0.02926419908180833,0.0008375156176043674,7.699060370214283e-05,True,False,0.00013446106765835353,1.0625,56.65625,3.3125,cg,0,0.00023022339677325476,32
340,1,3.433725605055086,3.433725605055086,4.238842437112894,0.7493285579159598,"[0.4215170902672419, 1.2782851379900055, 1e-05, 0.5778949515425322, 0.1964450913638451]","[1.4839730409736382, -3.757852034566657, 9.835166491659363, 6.665091265437247, 1.6610908245886393]",12.658467210639403,0.02027170080691576,0.0005562031146837398,7.728753553237766e-05,True,False,0.00014246377613513772,1.0625,40.75,3.3125,cg,0,0.0002207485487084604,32
341,1,3.423687622563832,3.423687622563832,4.225413286707358,0.7469545970866276,"[0.4212826269604034, 1.2788788673842109, 1e-05, 0.5768418870357476, 0.1961826439763666]","[1.4795883510809087, -3.7409295417291117, 9.827192222502342, 6.65119285618769, 1.6522783216242878]",12.638268574656822,0.021180801559239626,0.0005803781386930496,8.152191003318876e-05,True,False,0.00015353589673372525,1.03125,41.4375,3.3125,cg,0,0.0002461922720251586,32
342,1,3.413770125042842,3.413770125042842,4.21200307876071,0.7445839848425785,"[0.4210484828065229, 1.2794708677075677, 1e-05, 0.5757893389250042, 0.19592117171666057]","[1.4751354910740877, -3.7241570624544966, 9.819108109934259, 6.637378366931635, 1.6435907726557526]",12.61809957288355,0.03256510104984045,0.0009215687459800392,9.609066182747483e-05,True,False,0.00016377880924167698,1.0625,48.4375,3.3125,cg,0,0.00023778971031829244,32
343,1,3.4038795864778235,3.4038795864778235,4.199330681262517,0.7423438002913625,"[0.42081467018166024, 1.2800611558156378, 1e-05, 0.5747372980327815, 0.195660658512904]","[1.4708045886742585, -3.707857949403939, 9.810468857839458, 6.624711932887023, 1.6340830029191828]",12.598166984757194,0.0342538976110518,0.0009966905927285552,7.374370761681348e-05,True,False,0.00014287422761283253,1.0625,56.59375,3.3125,cg,0,0.00023160364684304824,32
344,1,3.393884584113379,3.393884584113379,4.185558041672167,0.7399091185790688,"[0.42058117516760984, 1.2806497903294676, 1e-05, 0.5736856034584238, 0.19540124251932867]","[1.466320432620454, -3.6906317656105734, 9.802507830465094, 6.60998840448079, 1.6253217440686805]",12.5775051455325,0.025216300506144762,0.0006989031535340473,8.910623728297651e-05,True,False,8.860644473429602e-05,1.125,47.78125,3.3125,cg,0,0.00016145649612520074,32
345,1,3.384004515612311,3.384004515612311,4.172526772740578,0.7376054939218207,"[0.42034800962078045, 1.281236652624114, 1e-05, 0.5726345224487208, 0.19514279353041822]","[1.4618730884406899, -3.673958600290747, 9.794063965895166, 6.596634224081219, 1.6153009567954735]",12.55720964063066,0.019823698792606592,0.0005468687595566735,7.262182771228254e-05,True,False,9.862870290344716e-05,1.03125,38.40625,3.34375,cg,0,0.0001848692626431614,32
346,1,3.3742673406291246,3.3742673406291246,4.159516088992413,0.7353055082452705,"[0.4201151755549074, 1.281821807878369, 1e-05, 0.5715838695708376, 0.19488552284642163]","[1.4575097113445517, -3.657586727466173, 9.785482312493677, 6.583208525641208, 1.6064183704129387]",12.53703129886028,0.01961589977145195,0.0005396875058067963,7.330936205107719e-05,True,False,0.00010858604465324717,1.03125,40.8125,3.34375,cg,0,0.00020973448455396948,32
347,1,3.364496636350848,3.364496636350848,4.146685512048337,0.7330373612543475,"[0.41988266282099396, 1.2824052931772383, 1e-05, 0.5705336674347522, 0.19462925510137247]","[1.4532469743599976, -3.6409091540910383, 9.777175523250158, 6.569634998631804, 1.595782905257523]",12.516706217900635,0.02488049864768982,0.0006979281024541706,7.958748028613627e-05,True,False,8.745796380260629e-05,1.125,56.21875,3.34375,cg,0,0.0001401615109846155,32
348,1,3.3546676196460234,3.3546676196460234,4.133727241855015,0.7307466410728111,"[0.4196504536520729, 1.2829870611104974, 1e-05, 0.569483928808034, 0.1943742706226527]","[1.4489333513163165, -3.6247346404469223, 9.768564864843336, 6.556576168536137, 1.5872127750077398]",12.496835760936769,0.024199901148676872,0.0006775563088012859,7.869060209486634e-05,True,False,9.726514004704256e-05,1.03125,46.4375,3.34375,cg,0,0.00016430047405435744,32
349,1,3.345000178218184,3.345000178218184,4.12115724229482,0.7285245580906796,"[0.41941856561594626, 1.2835671655000402, 1e-05, 0.5684346109977597, 0.19412025227668994]","[1.444569079623658, -3.608041614876508, 9.759685601184245, 6.542702264586562, 1.5767457637192348]",12.475948351964318,0.01691959798336029,0.000444228106061928,8.45093309180811e-05,True,False,0.0001082052862821925,1.03125,36.625,3.34375,cg,0,0.0001897350419239885,32
350,1,3.335214891081095,3.335214891081095,4.107732519142421,0.7261513798965263,"[0.4191869889792443, 1.284145565075415, 1e-05, 0.5673857605088858, 0.19386748660002784]","[1.4358080231455606, -3.572583091522386, 9.747930415312508, 6.489403122209002, 1.5676794239360952]",12.426464246345542,0.019374003168195486,0.000527100040926598,7.833755807951093e-05,True,False,0.00011783344232840776,1.0625,43.40625,3.3125,cg,0,0.0001804974140431348,32
351,1,3.325813904337188,3.325813904337188,4.095920916811254,0.7240633638702646,"[0.4189559002327487, 1.2847205609906507, 1e-05, 0.5663413116627717, 0.19361517356991215]","[1.4318105023578926, -3.5573373924081944, 9.738968132726777, 6.478216185106676, 1.5564861061747461]",12.40734318329467,0.02575359959155321,0.0007289313070941716,7.586868014186621e-05,True,False,0.00012792412068263204,1.03125,49.875,3.3125,cg,0,0.0002063822416631389,32
352,1,3.3162633718389847,3.3162633718389847,4.083453443619714,0.7218594051607647,"[0.4187250997332235, 1.2852939855086267, 1e-05, 0.5652970564843856, 0.19336427600335737]","[1.4277193600276599, -3.542020484456675, 9.730338780381425, 6.4661769124839115, 1.5482119876625156]",12.388389269254702,0.028635098598897457,0.0008131280919769779,8.171873923856765e-05,True,False,7.272428775895179e-05,1.09375,56.59375,3.3125,cg,0,0.0001670061433181047,32
353,1,3.306901013997966,3.306901013997966,4.071185103461287,0.719690648530783,"[0.4184946065950307, 1.2858658145668178, 1e-05, 0.5642531472607692, 0.19311433035604392]","[1.4236408068751165, -3.5264410894591802, 9.721242798711314, 6.454230101266938, 1.5367487348044682]",12.36866137987236,0.017069801688194275,0.00045478440006263554,7.864690269343555e-05,True,False,8.272517182650319e-05,1.03125,35.09375,3.3125,cg,0,0.00019281950668093017,32
354,1,3.297496632808434,3.297496632808434,4.058990589261672,0.7175349426098271,"[0.4182644053205295, 1.2864360365141843, 1e-05, 0.5632095047997915, 0.1928658396443197]","[1.4252261067573697, -3.5204696719070747, 9.73200694345181, 6.439511018706883, 1.5851800517274997]",12.374046762075722,0.02356679830700159,0.0006572468410013244,7.921560609247535e-05,True,False,9.277745062252762e-05,1.0625,50.65625,3.3125,cg,0,0.00018567891796994473,32
355,1,3.2880959616649323,3.2880959616649323,4.046693769252917,0.7153611514060219,"[0.4180340480034697, 1.2870050451399497, 1e-05, 0.5621686955735128, 0.19260962919319102]","[1.4213622714886824, -3.505369150693553, 9.723776528209036, 6.427634715476038, 1.5761787848342248]",12.355506511565954,0.02916339924558997,0.0008051249606069177,0.00010623126581776887,True,False,0.00010320353504589264,1.03125,46.25,3.3125,cg,0,0.0002106691915169101,32
356,1,3.2788047463303522,3.2788047463303522,4.034734821651289,0.7132470881697803,"[0.41780397046354156, 1.287572463261923, 1e-05, 0.5611282469753207, 0.19235449132681037]","[1.417499155241806, -3.490224641778928, 9.715370001784244, 6.416002567433679, 1.5654730706720859]",12.336741103592809,0.018658600747585297,0.0005119156558066607,7.116561755537987e-05,True,False,0.0001128217706387602,1.03125,40.21875,3.3125,cg,0,0.0002353560154757517,32
357,1,3.2693710574605266,3.2693710574605266,4.022692350377358,0.7111182598947703,"[0.41757416923107277, 1.2881382892952633, 1e-05, 0.5600881015247454, 0.19210070095261028]","[1.4135583296267504, -3.475260357236222, 9.70642545665432, 6.404506181473426, 1.5563694020436378]",12.31788382765363,0.02289219992235303,0.0006450624641729519,7.031878340058029e-05,True,False,0.0001229926497918754,1.0625,46.90625,3.3125,cg,0,0.00022911847790041406,32
358,1,3.2600366269219636,3.2600366269219636,4.010551900207022,0.7089721112342448,"[0.41734465605343773, 1.288702551859447, 1e-05, 0.5590482303471045, 0.19184800017645534]","[1.4096301431003022, -3.459985992466582, 9.697615564133823, 6.392513716790502, 1.5459656950697556]",12.298640143845974,0.02460070140659809,0.0006878531567053869,8.091876225080341e-05,True,False,0.0001340510844070053,1.09375,52.34375,3.3125,cg,0,0.00019028629202866298,32
359,1,3.250686515092947,3.250686515092947,3.9988186014899822,0.7068979374621182,"[0.41711542255664485, 1.2892652134141747, 1e-05, 0.5580086822927662, 0.19159659584608021]","[1.4057472138016682, -3.445041286453035, 9.688793334681316, 6.380941737703116, 1.5364014955007332]",12.279824835557744,0.017766997683793306,0.00048185003106482327,7.336864655371755e-05,True,False,0.00014334836679186225,1.03125,39.4375,3.3125,cg,0,0.00021471420461338653,32
360,1,3.241358607394317,3.241358607394317,3.9868422053060373,0.7047807897231572,"[0.4168864702332181, 1.2898263030603718, 1e-05, 0.5569694261433289, 0.1913463640201462]","[1.4019478448540943, -3.4301188967846516, 9.67988697591442, 6.369319543591156, 1.5267640897278487]",12.260939005896024,0.026205801405012608,0.0007409281533909962,7.800314051564783e-05,True,False,0.00011973473195903139,1.09375,56.625,3.3125,cg,0,0.000175168263851333,32
361,1,3.2321739272183247,3.2321739272183247,3.9751321685888192,0.7027107281304851,"[0.4166577850005348, 1.2903858228320395, 1e-05, 0.5559304650099265, 0.19109731880609382]","[1.398084513404428, -3.415269114038473, 9.671011595725659, 6.357817620849997, 1.5164878948612166]",12.242089247666753,0.021123499609529972,0.0005844249972142279,7.568436558358371e-05,True,False,0.00012936372624672288,1.0625,43.71875,3.3125,cg,0,0.00016823670050802875,32
362,1,3.2229091731094877,3.2229091731094877,3.963438418962111,0.7006435457158492,"[0.41642937880531666, 1.2909437781033444, 1e-05, 0.5548917832144082, 0.1908495689548948]","[1.394268592509397, -3.400337420757708, 9.661654422423307, 6.346357105978767, 1.5057238810722473]",12.222818765899854,0.0160599984228611,0.0004265999741619453,7.527497655246407e-05,True,False,0.00013903070474619028,1.03125,33.34375,3.3125,cg,0,0.0001930976027519904,32
363,1,3.2137948110370025,3.2137948110370025,3.9517900873051524,0.6985843921398129,"[0.41620123689810207, 1.2915001697975361, 1e-05, 0.553853339099837, 0.190603189799679]","[1.3904308528369784, -3.3855440044640845, 9.652547256162537, 6.334793595888726, 1.4953321743455155]",12.20379051398705,0.020268100779503584,0.0005488000169862062,8.457813237328082e-05,True,False,0.00011693510912680338,1.0625,40.4375,3.3125,cg,0,0.00018586658406594125,32
364,1,3.204606489088995,3.204606489088995,3.940298796276824,0.6965529996871331,"[0.4159733682123639, 1.2920550046253392, 1e-05, 0.5528151709031429, 0.19035812951738243]","[1.3865652994731688, -3.370665871984833, 9.643077353422106, 6.32334680284654, 1.484345492362511]",12.184452754396283,0.01610759971663356,0.00043164376984350383,7.171872130129486e-05,True,False,9.428935277355777e-05,1.0625,35.59375,3.3125,cg,0,0.00017905634501058643,32
365,1,3.1956673934631525,3.1956673934631525,3.9292180718297542,0.6945941858378875,"[0.41574577238556587, 1.2926082778727557, 1e-05, 0.5517772339633742, 0.1901144836972277]","[1.3887958714525472, -3.372214175726311, 9.676161081093838, 6.319104615911605, 1.5492689057516533]",12.217200701305208,0.02173310099169612,0.0006077812722651288,7.137813372537494e-05,True,False,0.00010285088517036911,1.03125,41.5,3.3125,cg,0,0.00020279610728879405,32
366,1,3.1864884035232857,3.1864884035232857,3.917410048743766,0.6925068025387602,"[0.41551842147183476, 1.2931603215459173, 1e-05, 0.5507427736528844, 0.18986086276662298]","[1.3850027872343902, -3.3573388504452293, 9.667554519791482, 6.3073539607699125, 1.5387315643513273]",12.198441543249187,0.021197700407356024,0.0005911281477892771,7.129998994059861e-05,True,False,0.00011429717730138123,1.0625,43.8125,3.3125,cg,0,0.00019563449430171076,32
367,1,3.1774588689812635,3.1774588689812635,3.906301160167332,0.6905430099277995,"[0.4152913428270406, 1.2937107752802353, 1e-05, 0.5497086490988763, 0.1896085794632568]","[1.3813413790397284, -3.343142184549226, 9.658746409362184, 6.296602995377278, 1.5287163364824057]",12.18032301668347,0.01663269940763712,0.0004493937158258632,7.03781406627968e-05,True,False,0.00012406066100867363,1.03125,37.84375,3.3125,cg,0,0.00022067571828499055,32
368,1,3.1681845515922724,3.1681845515922724,3.894698485452049,0.68849192743503,"[0.4150645275977508, 1.2942597167458592, 1e-05, 0.5486747515599956, 0.18935756537532777]","[1.3775193434642392, -3.3280716956222083, 9.649734265146236, 6.284622773774515, 1.5178755461358102]",12.161061702127803,0.020786098204553127,0.0005780124774901196,7.155309140216559e-05,True,False,9.987905187980317e-05,1.09375,47.6875,3.3125,cg,0,0.0001796718572739664,32
369,1,3.1593534982593665,3.1593534982593665,3.884006717872776,0.6866018720954864,"[0.41483798169623465, 1.294807049170752, 1e-05, 0.5476411867402138, 0.18910793658744893]","[1.3740623069839542, -3.314327579239111, 9.641237885216185, 6.274454988508077, 1.5075369086213115]",12.143629417063758,0.02200109977275133,0.0006118656310718507,7.566873682662845e-05,True,False,0.00010957850670223479,1.0625,42.8125,3.3125,cg,0,0.00017407581307127273,32
370,1,3.1505386659658368,3.1505386659658368,3.873007467839783,0.6846574610239125,"[0.41461167994415055, 1.2953529037032212, 1e-05, 0.5466078128167351, 0.1888596521814082]","[1.3630780141448602, -3.2968124138086465, 9.614030598321524, 6.271003921852187, 1.468230755809527]",12.10940666796441,0.027949998155236244,0.0007816281286068261,9.180931374430656e-05,True,False,0.0001198001691049555,1.03125,43.375,3.3125,cg,0,0.00019881207130456602,32
371,1,3.1414441590510416,3.1414441590510416,3.8618898317946475,0.6826921220643426,"[0.4143865528092863, 1.2958974080714258, 1e-05, 0.5455720884260555, 0.18861715792946893]","[1.3595374023273354, -3.2824377846308757, 9.605103579197818, 6.259665491737168, 1.4583042285604177]",12.090939492731756,0.025192598346620798,0.0007151655881898478,7.210311014205217e-05,True,False,0.00012959918496457945,1.03125,51.03125,3.3125,cg,0,0.00022394282466642323,32
372,1,3.1324788357016002,3.1324788357016002,3.850914355190118,0.6807519135808884,"[0.4141616674886655, 1.2964403663396948, 1e-05, 0.5445366576400554, 0.1883759352801758]","[1.3561041672738583, -3.2683339677560403, 9.596453876302311, 6.248552354735525, 1.448544292538121]",12.072930031048749,0.015339600387960672,0.00040460628224536777,7.475622987840325e-05,True,False,0.0001396244350138076,1.03125,34.625,3.3125,cg,0,0.0002483976742322369,32
373,1,3.123674778251724,3.123674778251724,3.84012694423718,0.6788449507218213,"[0.41393701545081324, 1.2969817981145961, 1e-05, 0.5435015232794407, 0.18813596962333975]","[1.352686895238078, -3.2543150654924555, 9.587482603659597, 6.237453733631931, 1.4383172761585359]",12.054656225857725,0.01880529895424843,0.0005160655709914863,7.160002132877707e-05,True,False,0.0001493845624707113,1.03125,37.625,3.3125,cg,0,0.0002738877689800745,32
374,1,3.1146787939780722,3.1146787939780722,3.8291480513025076,0.6769041383108142,"[0.4137125898231086, 1.2975217247627309, 1e-05, 0.5424666611288743, 0.18789733697399816]","[1.349250185622904, -3.240232712583607, 9.578854632232765, 6.226265205822028, 1.428858461684951]",12.036696186134556,0.01961929863318801,0.0005383937532315031,7.470932905562222e-05,True,False,0.00015888857877532914,1.0625,42.1875,3.3125,cg,0,0.0002654628118170521,32
375,1,3.105882118250144,3.105882118250144,3.8183022311393655,0.6749868500645924,"[0.4134884003670243, 1.2980601171358883, 1e-05, 0.541432113922727, 0.1876599199220978]","[1.3458975069900416, -3.2263672764460787, 9.570114047032742, 6.215290110875758, 1.4189234669284014]",12.018782955957214,0.022731803357601166,0.0006398000259650871,7.056882895994931e-05,True,False,0.00016829732797640773,1.0625,50.84375,3.3125,cg,0,0.00025912220749990666,32
376,1,3.0971750175742354,3.0971750175742354,3.8076332528574195,0.6731008233417183,"[0.4132644346773517, 1.298597004654034, 1e-05, 0.5403978511137331, 0.1874238022599335]","[1.3400203344735033, -3.1972917229742635, 9.556915166081277, 6.170803340897877, 1.4054563742780795]",11.975269426710692,0.01911299955099821,0.0005221937171882018,7.508751878049225e-05,True,False,0.00011219577907661815,1.09375,40.21875,3.28125,cg,0,0.00021804539447600746,32
377,1,3.0885409115787805,3.0885409115787805,3.7970333323161816,0.6712270044180314,"[0.41304063673400476, 1.2991309870821164, 1e-05, 0.5393672599645071, 0.18718907578755437]","[1.3367916857621127, -3.1839707336594736, 9.547833137736083, 6.160640277909337, 1.3955748379645003]",11.957713704221742,0.02252800017595291,0.0006139531324151903,9.004687308333814e-05,True,False,0.00012164586578800041,1.03125,41.1875,3.28125,cg,0,0.00024277583090004384,32
378,1,3.0798418065665505,3.0798418065665505,3.786378122467679,0.6693434116333209,"[0.41281705023265236, 1.2996635254606308, 1e-05, 0.5383368555862489, 0.1869556574481681]","[1.3337951857960268, -3.1709579021617342, 9.539716126581348, 6.1506689719279475, 1.3870116033316227]",11.941302164366524,0.02250769967213273,0.0006222187512321398,8.114686352200806e-05,True,False,0.0001305070845760703,1.0625,46.09375,3.28125,cg,0,0.0002365232368282122,32
379,1,3.071218361501013,3.071218361501013,3.775697476815757,0.6674553223913398,"[0.4125936583165405, 1.3001946162676885, 1e-05, 0.5373067051241381, 0.18672335253131334]","[1.3464554597519582, -3.1832199902727085, 9.584378881069203, 6.15379995734758, 1.4812933101166241]",11.994566858919931,0.015179598238319159,0.0004036374593852088,7.072498556226492e-05,True,False,0.0001401500004138967,1.03125,32.28125,3.28125,cg,0,0.00026091000644479223,32
380,1,3.0626192514528388,3.0626192514528388,3.7654243390999613,0.6656392710556142,"[0.4123691474233208, 1.300725393248208, 1e-05, 0.5362806072201095, 0.18647635848352218]","[1.3436480679229428, -3.170342343872717, 9.576610926533913, 6.144059141621454, 1.471847749952152]",11.978469688602777,0.026736102998256683,0.0007655781955691054,6.992502312641591e-05,True,False,0.00015037219429858695,1.09375,56.90625,3.28125,cg,0,0.0002239853000127745,32
381,1,3.0538362795134475,3.0538362795134475,3.7551019649622965,0.6638145158679423,"[0.4121448035625872, 1.3012547333769597, 1e-05, 0.5352547567899908, 0.18623060960439286]","[1.3408722250487577, -3.1575169991442538, 9.568301102492601, 6.1344066586233, 1.4633146574970648]",11.962126598224954,0.01433680159971118,0.0003694468905450776,7.857815944589674e-05,True,False,0.00015990007837496378,1.03125,34.03125,3.28125,cg,0,0.0002491699374398415,32
382,1,3.0452612076713024,3.0452612076713024,3.744404403930966,0.6619234363810895,"[0.4119206173003994, 1.3017826523841618, 1e-05, 0.5342291186465155, 0.1859859516591088]","[1.3381895976447615, -3.1446780432541344, 9.561021910503866, 6.124441087729032, 1.4541662747110788]",11.946391486958518,0.030569199472665787,0.0008808749989839271,7.441248453687876e-05,True,False,0.00016929938084508933,1.09375,58.375,3.28125,cg,0,0.00020937032230250452,32
383,1,3.036659182524491,3.036659182524491,3.7344435841195427,0.6601625955723809,"[0.41169658486366006, 1.302309117308139, 1e-05, 0.5332037979722513, 0.1857425030367902]","[1.335070179625915, -3.131750447361712, 9.551659811717728, 6.11493518880328, 1.4440741770755015]",11.929051135778616,0.02191900135949254,0.0006109625392127782,7.400625327136368e-05,True,False,0.0001797770987841396,1.03125,46.8125,3.28125,cg,0,0.00023550836764352212,32
384,1,3.028261832075178,3.028261832075178,3.7245311711355664,0.6584103119626581,"[0.4114727497632287, 1.3028341801000496, 1e-05, 0.5321785806068985, 0.18550039255197165]","[1.332336794792656, -3.1193844906169095, 9.543947943082285, 6.105800022172001, 1.434846017506454]",11.91353013510412,0.022292099427431822,0.0006225249817362055,7.410312537103891e-05,True,False,0.00012304903022419822,1.09375,47.78125,3.28125,cg,0,0.00019384777462772007,32
385,1,3.01960178439961,3.01960178439961,3.714062067943958,0.6565596184977261,"[0.41124908192010046, 1.303357850994399, 1e-05, 0.5311535611622138, 0.18525951583430456]","[1.3284051420108685, -3.103970401952793, 9.527468385614862, 6.094939947955458, 1.4130617978809663]",11.887681983053906,0.016115101519972086,0.0004326187336118892,7.09781888872385e-05,True,False,0.00013321537344745948,1.03125,35.90625,3.28125,cg,0,0.00021998369930287254,32
386,1,3.0111072844185838,3.0111072844185838,3.703991985990602,0.6547794626886455,"[0.4110255892082677, 1.3038800672525588, 1e-05, 0.5301281400656315, 0.18502178037001868]","[1.3257559235442182, -3.0915092893408676, 9.519465088999269, 6.085302305610048, 1.4046912514318273]",11.87178738430239,0.018388699740171432,0.0004919468628941104,8.270000398624688e-05,True,False,0.00014273025201916312,1.03125,39.4375,3.28125,cg,0,0.000244883201774293,32
387,1,3.002688162282392,3.002688162282392,3.6938921701734286,0.6529940506253809,"[0.41080224357706385, 1.304400883400794, 1e-05, 0.5291029697002754, 0.18478513677022326]","[1.3231567413594485, -3.079152325027595, 9.511860828816467, 6.075730308044907, 1.3962427244984768]",11.856281531387117,0.01925739925354719,0.0005270187393762171,7.477498729713261e-05,True,False,0.00015241590545977957,1.03125,38.65625,3.28125,cg,0,0.0002705769532913571,32
388,1,2.994144270009675,2.994144270009675,3.683897702850404,0.6512272617207664,"[0.41057904429864844, 1.3049202962228692, 1e-05, 0.5280780732702356, 0.18454960884003968]","[1.3205110965329676, -3.0667260237138096, 9.503810257855971, 6.0661788419419365, 1.3879239346269752]",11.840431836240308,0.0206049969419837,0.0005662718176608905,7.76343367761001e-05,True,False,0.00016196905643361958,1.03125,39.71875,3.28125,cg,0,0.0002956025914007121,32
389,1,2.9858699425687267,2.9858699425687267,3.674018636342883,0.6494808729909511,"[0.41035599312708904, 1.3054383053742025, 1e-05, 0.5270534182702612, 0.18431517078005918]","[1.3179575751373533, -3.0544455367066456, 9.496110821594428, 6.056507661168993, 1.379216865587956]",11.824816897300899,0.027497098315507174,0.0007793218392180279,7.996248314157128e-05,True,False,0.00017233858142162717,1.0625,54.6875,3.28125,cg,0,0.0002899349841696264,32
390,1,2.9774250815368326,2.9774250815368326,3.6640045861202077,0.647710622286052,"[0.41013307930331105, 1.3059549214982367, 1e-05, 0.5260290459331235, 0.18408189581648896]","[1.3153374468566263, -3.0420840672811202, 9.488367723687997, 6.046874869915241, 1.3707923895655423]",11.80920308907999,0.015739299822598696,0.0004156499926466495,7.620312680955976e-05,True,False,0.0001811972596086342,1.0625,35.09375,3.28125,cg,0,0.0002821216836146334,32
391,1,2.9689680427218605,2.9689680427218605,3.6541786291679443,0.6459736220879039,"[0.4099103144923711, 1.3064701271465902, 1e-05, 0.525004950602763, 0.18384973918761074]","[1.3126375758487159, -3.029732921193933, 9.47944973810067, 6.037438888343496, 1.362027700815527]",11.792711906289593,0.01909050066024065,0.0005179250292712823,7.865311636123806e-05,True,False,0.00015901201460222225,1.09375,42.03125,3.28125,cg,0,0.0002438658021164386,32
392,1,2.9606865429214797,2.9606865429214797,3.64431644222535,0.6442302172717944,"[0.409687696050376, 1.306983958561283, 1e-05, 0.523981023462711, 0.18361874436444822]","[1.315417643441354, -3.0273342160312895, 9.504016979089617, 6.030406057944903, 1.4038826471688564]",11.813471059844128,0.015541598666459322,0.00040356870158575475,8.210625674109906e-05,True,False,0.00013352384393927608,1.0625,35.75,3.28125,cg,0,0.00023425754102035512,32
393,1,2.9523352731110117,2.9523352731110117,3.634738410230216,0.6425370444282492,"[0.4094649981427642, 1.3074964809521095, 1e-05, 0.5229600862585844, 0.18338106948634705]","[1.3128911434740174, -3.0153853931093297, 9.496081444033356, 6.021193490735582, 1.3961740465141164]",11.798129853342875,0.017156201880425215,0.00046204372483771294,7.408758392557502e-05,True,False,0.00011183978218598511,1.0625,37.3125,3.28125,cg,0,0.00022812780579073433,32
394,1,2.9440636382954315,2.9440636382954315,3.6251084935335314,0.6408346995786274,"[0.4092424389474201, 1.3080076442348223, 1e-05, 0.5219393832208874, 0.18314439230720916]","[1.310500024066921, -3.0033941910690043, 9.48855471205447, 6.01188789377007, 1.387592710940852]",11.782982096328281,0.02493600221350789,0.0007066844118526205,7.256565731950104e-05,True,False,8.955439930735665e-05,1.0625,46.46875,3.28125,cg,0,0.00022171610086596516,32
395,1,2.935757429268348,2.935757429268348,3.6154471412890654,0.639126797656754,"[0.40901999949818013, 1.30851742930727, 1e-05, 0.5209189475036621, 0.18290886742913004]","[1.3080015364672584, -2.991415246885985, 9.481000610415323, 6.002552723965565, 1.3795146870333814]",11.76785901296942,0.021030900068581104,0.0005822156235808507,7.500000356230885e-05,True,False,9.905351902439463e-05,1.03125,41.90625,3.28125,cg,0,0.0002468879270471902,32
396,1,2.9274992419281753,2.9274992419281753,3.605641935766688,0.6373934658278038,"[0.40879769881716166, 1.3090258336386502, 1e-05, 0.5198987869601274, 0.18267441276997823]","[1.30244073371921, -2.9682549759138834, 9.470342928876786, 5.967627970180825, 1.3708834594740835]",11.733975869557566,0.01801890227943659,0.0004897000617347658,7.339063449762762e-05,True,False,7.732054039832903e-05,1.125,39.46875,3.28125,cg,0,0.0001767928386655626,32
397,1,2.919371943370585,2.919371943370585,3.5964294319308614,0.6357649098442987,"[0.4085757040307249, 1.3095317584860604, 1e-05, 0.5188816333480845, 0.18244075224866868]","[1.300285480625664, -2.9569256600295564, 9.462857072305116, 5.959413377837543, 1.36233565206371]",11.719657925800353,0.02769310027360916,0.0007882937352405861,7.711564830970019e-05,True,False,8.697979274963075e-05,1.0625,50.28125,3.28125,cg,0,0.00016689291630322955,32
398,1,2.9111021687044323,2.9111021687044323,3.586942057731351,0.6340877631862667,"[0.4083538058339094, 1.310036368036697, 1e-05, 0.5178646389246876, 0.18220826497633144]","[1.2981029786067415, -2.945331360823908, 9.455388427062555, 5.950769071256606, 1.353855925072644]",11.705084232077423,0.027090598829090595,0.0007696843676967546,7.689684571232647e-05,True,False,9.577691203510597e-05,1.09375,55.28125,3.28125,cg,0,0.0001272755210131038,32
399,1,2.9030889077144506,2.9030889077144506,3.577537140327507,0.6324251929680773,"[0.4081320042726804, 1.3105396247928511, 1e-05, 0.5168478552855847, 0.18197693713654592]","[1.2959534136602149, -2.9339407720825394, 9.447871050111337, 5.942137707978322, 1.3452242101910976]",11.690526070295547,0.02569799916818738,0.0007094812317518517,9.358124225400388e-05,True,False,0.00010544527099431988,1.03125,43.875,3.28125,cg,0,0.00015270552358481737,32
400,1,2.894990727722527,2.894990727722527,3.5682999312309347,0.6307922696702213,"[0.40791029424769837, 1.311041559565365, 1e-05, 0.515831282092601, 0.1817467979277563]","[1.2936325953894006, -2.922377754390602, 9.439805761798528, 5.93352985698383, 1.336095137043847]",11.675428755752245,0.018560901749879122,0.0005053344066254795,7.46937730582431e-05,True,False,7.963019804524407e-05,1.0625,41.84375,3.28125,cg,0,0.00014264260487850677,32
401,1,2.886905348834156,2.886905348834156,3.5590769755875664,0.6291618660507191,"[0.4076886950889281, 1.311542162637899, 1e-05, 0.5148148689088792, 0.18151792493904123]","[1.2912515370936293, -2.9109087234330318, 9.431794509769254, 5.9249800142125455, 1.3273959732423404]",11.660481809998963,0.015839600935578346,0.00042223128548357636,7.275624375324696e-05,True,False,8.938106696243509e-05,1.03125,33.9375,3.28125,cg,0,0.00016915142897966362,32
402,1,2.878825849983243,2.878825849983243,3.549716335141403,0.6275071229667863,"[0.4074672202720169, 1.312041440244196, 1e-05, 0.5137986193044034, 0.18129025064654497]","[1.2889881636804217, -2.8993513831728723, 9.423708081498772, 5.916356542017358, 1.3178767131517852]",11.645345709675572,0.014979897066950798,0.0003949531092075631,7.316867413464934e-05,True,False,9.830551239797813e-05,1.03125,33.6875,3.28125,cg,0,0.00019376451087849134,32
403,1,2.8708071363841032,2.8708071363841032,3.5405597765100625,0.6258884567916481,"[0.4072458463092845, 1.3125393819035003, 1e-05, 0.5127825298401647, 0.1810639152940541]","[1.2866973956356071, -2.888041202606079, 9.41547044389119, 5.907935145672382, 1.3092130758635396]",11.630356504387876,0.02348000230267644,0.0006617875187657773,7.196255319286138e-05,True,False,0.00010743118318901068,1.0625,50.40625,3.28125,cg,0,0.000185612272334712,32
404,1,2.862812504160195,2.862812504160195,3.5313058367340213,0.6242525758995654,"[0.40702458096887306, 1.3130360203687559, 1e-05, 0.5117665790147647, 0.1808387780722919]","[1.284487839427725, -2.876560275502201, 9.40755730219639, 5.899238076142029, 1.2996827583585668]",11.61537031582386,0.02532579656690359,0.0007187156297732145,7.271551294252276e-05,True,False,0.00011726910585707628,1.0625,49.21875,3.28125,cg,0,0.0001805854571190757,32
405,1,2.8547284954460213,2.8547284954460213,3.521717387413376,0.6225575615156423,"[0.4068034106050548, 1.3135313227477659, 1e-05, 0.5107508149168095, 0.18061499136159598]","[1.2822156019200284, -2.86498573094948, 9.399145854486463, 5.890318734508455, 1.290633148284109]",11.599903085793965,0.025023600552231073,0.0006992031121626496,8.278440509457141e-05,True,False,9.432913152318534e-05,1.0625,49.78125,3.28125,cg,0,0.00017411472833384067,32
406,1,2.846929341627993,2.846929341627993,3.5130701300360028,0.621028927933091,"[0.40658233710257363, 1.3140252899317177, 1e-05, 0.5097352342364477, 0.1803924665458924]","[1.2801633352672055, -2.8540247703928654, 9.391277120997936, 5.882210271768203, 1.2815915227920776]",11.58547521817494,0.020108898635953665,0.0005381343798944727,9.026870247907937e-05,True,False,0.00010309779093997662,1.0625,37.53125,3.28125,cg,0,0.00016467214450521794,32
407,1,2.838904634439757,2.838904634439757,3.504045122120836,0.6194335168588218,"[0.40636134257087786, 1.314517980083205, 1e-05, 0.5087197885753094, 0.18017122546625658]","[1.2780356286181647, -2.8426251655343924, 9.383107902367511, 5.873415341646184, 1.2726225652899057]",11.570357936398871,0.015108600724488497,0.0003910000523319468,8.114372030831873e-05,True,False,0.00010940141425264116,1.03125,32.75,3.28125,cg,0,0.0001880407026426667,32
408,1,2.8309963378023486,2.8309963378023486,3.4950697849163364,0.6178468864086374,"[0.4061404270839875, 1.3150093434759218, 1e-05, 0.5077045364329947, 0.17995124565713133]","[1.2815713491330882, -2.858853867709314, 9.423246909937085, 5.891607072310729, 1.3758688521743265]",11.628288862870557,0.028160000685602427,0.0008081562409643084,7.184378046076745e-05,True,False,8.704821679161867e-05,1.0625,55.625,3.25,cg,0,0.0001820172928002073,32
409,1,2.8231269259995697,2.8231269259995697,3.4861946549765293,0.61627797026755,"[0.40592000405113443, 1.3155010501923918, 1e-05, 0.5066912132964125, 0.1797146039864124]","[1.2794128856872682, -2.84787905079277, 9.415417394775682, 5.883706049589795, 1.3664980699224836]",11.61390162653933,0.01587719889357686,0.00042022496927529573,7.593749614898115e-05,True,False,9.585258363564719e-05,1.03125,32.6875,3.25,cg,0,0.0002068173893645664,32
410,1,2.815101245383436,2.815101245383436,3.477285095121196,0.6147029677197766,"[0.40569967966287657, 1.3159914760875173, 1e-05, 0.5056779954755145, 0.1794792828835227]","[1.2821573653332705, -2.8429489984947844, 9.41837346342294, 5.876834131146897, 1.3881873228703157]",11.614486155763467,0.022824799176305532,0.0006379468541126698,7.532812014687806e-05,True,False,0.00010533936921053311,1.0625,47.65625,3.25,cg,0,0.00020078689267943872,32
411,1,2.8071341448406795,2.8071341448406795,3.468379450928334,0.6131286573698748,"[0.4054788937670517, 1.3164810283518402, 1e-05, 0.5046660119832057, 0.17924023876152992]","[1.2783692210881588, -2.830188907280366, 9.401621528751281, 5.869847680576564, 1.3671822451899391]",11.591332260397449,0.028171800076961517,0.0008024999842746183,7.786876813042909e-05,True,False,0.00011453493976532059,1.03125,45.28125,3.25,cg,0,0.00022498640661217095,32
412,1,2.7992147374845935,2.7992147374845935,3.4596076158156386,0.6115780013469655,"[0.4052583204641285, 1.3169693568447962, 1e-05, 0.5036532124967955, 0.17900434141783234]","[1.274930973299533, -2.816643144462855, 9.387266706146256, 5.862239891620686, 1.34098740893097]",11.569088450697851,0.034581299871206284,0.0009964312630472705,8.423435792792588e-05,True,False,0.00012422900440922646,1.0625,63.125,3.25,cg,0,0.00021567788582155245,32
413,1,2.7912720412603704,2.7912720412603704,3.4505837914140094,0.6099827994903083,"[0.4050379174516315, 1.317456282527182, 1e-05, 0.5026397808999854, 0.17877251893423224]","[1.2729776070653178, -2.8059017744751813, 9.380345534949296, 5.853803315887031, 1.3344278306795863]",11.555611191430685,0.014744800981134176,0.0003865344333462417,7.42405973142013e-05,True,False,0.0001337406531800589,1.03125,34.375,3.25,cg,0,0.000241580165795785,32
414,1,2.783465886458342,2.783465886458342,3.4419110035469718,0.6084496527121647,"[0.4048175954650456, 1.3179419170345654, 1e-05, 0.5016266275118337, 0.17854156138322816]","[1.271168699239415, -2.795489860092555, 9.373172436550792, 5.845923414130839, 1.3275585640980103]",11.542279984912643,0.026852500159293413,0.0007636812224518508,7.545940752606839e-05,True,False,0.0001436768803739774,1.09375,55.0625,3.25,cg,0,0.00020318123988527503,32
415,1,2.775611152343564,2.775611152343564,3.433183985458243,0.6069069192946452,"[0.40459733244928253, 1.318426308309687, 1e-05, 0.5006136693404385, 0.17831152735776382]","[1.2696413157695523, -2.785314723459721, 9.366601055438073, 5.837947309222385, 1.322254712715586]",11.529664731540098,0.01624880125746131,0.00043243127583991736,7.534376345574856e-05,True,False,0.00015254630195959962,1.03125,36.21875,3.25,cg,0,0.00022824507909957603,32
416,1,2.7677897348449734,2.7677897348449734,3.4246397392765133,0.6053964956908381,"[0.4043770933798521, 1.3189094645484973, 1e-05, 0.499600986414326, 0.1780821616748253]","[1.2677853758996407, -2.774857663368417, 9.359103463097195, 5.830139961300079, 1.3149280653199231]",11.516054021650447,0.028853097930550575,0.0008187156054191291,8.294370491057634e-05,True,False,0.00012647754374039977,1.09375,56.9375,3.25,cg,0,0.00018637893836626063,32
417,1,2.7599886908126963,2.7599886908126963,3.4158555859943935,0.6038436621026458,"[0.4041569163342415, 1.3193913757409788, 1e-05, 0.49858846251510963, 0.17785379733010553]","[1.2662403495380476, -2.7644950384751223, 9.352727003710028, 5.821766160734454, 1.3089251058609161]",11.50328414017077,0.015832999255508184,0.0004119999648537487,8.278126188088208e-05,True,False,0.00013538350402653165,1.03125,34.0,3.25,cg,0,0.00021141533800994594,32
418,1,2.7521742110538776,2.7521742110538776,3.4072972354713,0.6023307451799832,"[0.40393676349197516, 1.3198720202255536, 1e-05, 0.49757627050293496, 0.17762622317131793]","[1.2643444893459983, -2.754048013568917, 9.344927489153445, 5.813753397378215, 1.3020721559189772]",11.489392398689517,0.020691500511020422,0.0005650500243064016,8.155936666298658e-05,True,False,0.00014526550207660804,1.03125,39.34375,3.25,cg,0,0.00023686143518997227,32
419,1,2.744417743162702,2.744417743162702,3.3988003305025036,0.6008286903993497,"[0.4037166744837209, 1.3203514273025794, 1e-05, 0.4965642494673343, 0.1773995667719849]","[1.2676353279559647, -2.7718163646113494, 9.39162127640821, 5.834858477357298, 1.4114317015490996]",11.555523717349153,0.01854470046237111,0.0005026437574997544,7.687813194934279e-05,True,False,0.00015384852683109074,1.03125,38.96875,3.21875,cg,0,0.0002621934911632984,32
420,1,2.7364943354710896,2.7364943354710896,3.390214457746524,0.5993109081873103,"[0.403497275457099, 1.3208311660720493, 1e-05, 0.4955543673331144, 0.17715527984290216]","[1.2644578153066244, -2.7527900646765318, 9.38207831019295, 5.805000926722343, 1.4051739241604488]",11.527039934079026,0.022774397395551205,0.0006266311684157699,8.506875019520521e-05,True,False,0.00016426082554721333,1.0625,45.90625,3.21875,cg,0,0.0002531442869155853,32
421,1,2.7288146380360256,2.7288146380360256,3.3817534305987587,0.5978151957693132,"[0.4032778856011727, 1.321308789135764, 1e-05, 0.4945471701759229, 0.17691147502708224]","[1.2628091367033005, -2.743097812246549, 9.375523344539161, 5.7982598443895785, 1.3988152861024834]",11.515042854240123,0.021022601053118706,0.0005821062513859943,7.48500315239653e-05,True,False,0.00014207998039195147,1.0625,44.28125,3.21875,cg,0,0.0002471930313978632,32
422,1,2.7210928276641857,2.7210928276641857,3.3732602580253106,0.596313800789195,"[0.40305855352354547, 1.3217852264094643, 1e-05, 0.4935400944894002, 0.1766685206058634]","[1.2613766232261627, -2.7334433974508396, 9.369404585051441, 5.791456383576029, 1.3925832235527253]",11.503424757369261,0.02648000232875347,0.0007419813045999035,8.551876817364246e-05,True,False,0.00015104124564802035,1.0625,48.40625,3.21875,cg,0,0.00024040512380318901,32
423,1,2.71326057032552,2.71326057032552,3.3649089090347934,0.5948374769133825,"[0.40283924898603224, 1.3222604663410267, 1e-05, 0.49253318454645256, 0.1764264043226166]","[1.2597142165016453, -2.7235982039719624, 9.362223446267175, 5.784601625173509, 1.3861888473123087]",11.490832451312809,0.01873659947887063,0.0005028062150813639,8.271251863334328e-05,True,False,0.00012978885453751587,1.0625,39.71875,3.21875,cg,0,0.0002349607014302535,32
424,1,2.7056350295887253,2.7056350295887253,3.356530776988889,0.5933564184175486,"[0.40261999346703836, 1.3227345134938808, 1e-05, 0.4915263642574648, 0.17618513566726635]","[1.2581668953365455, -2.713963324172435, 9.35558440929046, 5.777784761706962, 1.379705216118124]",11.478759677631958,0.019667901564389467,0.0005335781606845558,8.104376320261508e-05,True,False,0.00010799157212959543,1.0625,40.03125,3.21875,cg,0,0.00022865660781290487,32
425,1,2.697904986158388,2.697904986158388,3.348185200771892,0.5918811150335617,"[0.40240077694355303, 1.3232073804934792, 1e-05, 0.49051967278147507, 0.17594474293238116]","[1.25793152755711, -2.707886867057718, 9.363146936784164, 5.771660984325166, 1.3955477853006986]",11.482298886183704,0.02331109857186675,0.000653737472021021,7.473435834981501e-05,True,False,0.00011710230588235504,1.0625,43.15625,3.21875,cg,0,0.00022170835540880063,32
426,1,2.6902410273166435,2.6902410273166435,3.339917447565148,0.5904195689441453,"[0.4021816689861803, 1.3236790433362013, 1e-05, 0.4895143582462878, 0.1757016648172733]","[1.2784335323958511, -2.7053632577580813, 9.395998782685746, 5.747292260955318, 1.4411217562660108]",11.50418949890142,0.02984320092946291,0.0008574437524657696,7.515627657994628e-05,True,False,9.605184877914397e-05,1.09375,57.9375,3.21875,cg,0,0.00018298970187347052,32
427,1,2.68256737559416,2.68256737559416,3.3317579755827396,0.5889771644517297,"[0.4019594136882461, 1.3241493699520452, 1e-05, 0.48851519315760344, 0.1754511262189169]","[1.2770933329307494, -2.6959487626804206, 9.389774777000921, 5.7408042658175225, 1.4349566113020908]",11.492732989570635,0.025575703475624323,0.0007110062870196998,8.823444659356028e-05,True,False,0.00010544052069949572,1.03125,46.0625,3.21875,cg,0,0.0002078711555841828,32
428,1,2.674947194170721,2.674947194170721,3.3235148134597248,0.5875199654928287,"[0.4017371700610813, 1.3246185270733135, 1e-05, 0.48751616111352347, 0.17520141074871856]","[1.276006097398314, -2.686507575301552, 9.38454998995388, 5.733986379800098, 1.4285552753277906]",11.48192766938956,0.031834703870117664,0.0009136438020505011,8.11906938906759e-05,True,False,0.00011494329590533425,1.0625,58.5,3.21875,cg,0,0.00019883348000471202,32
429,1,2.6672763746292953,2.6672763746292953,3.315497442488412,0.5861026811475528,"[0.4015149066687262, 1.3250864811751721, 1e-05, 0.4865173764940057, 0.17495257530638916]","[1.274643593830745, -2.676993547126574, 9.3782271066204, 5.7272968287336985, 1.4220864519239989]",11.47024033083743,0.023195600602775812,0.0006334687786875293,9.139374014921486e-05,True,False,0.00012490464594883122,1.03125,40.46875,3.21875,cg,0,0.000224553086213497,32
430,1,2.659740429936625,2.659740429936625,3.3074168666575985,0.5846742236560878,"[0.4012926543781107, 1.3255532531816308, 1e-05, 0.4855187406044269, 0.17470461425051192]","[1.2734829984179372, -2.66767772923426, 9.372295361273464, 5.7207539107686065, 1.4154567064238446]",11.459001996185997,0.025239497888833284,0.0007097218476701528,7.901246135588735e-05,True,False,0.00010262387431980713,1.09375,55.875,3.21875,cg,0,0.00018565254121893915,32
431,1,2.6521358683218446,2.6521358683218446,3.29937480054782,0.5832525737858439,"[0.40107038667997597, 1.3260188570326275, 1e-05, 0.48452026727975633, 0.17445756713301053]","[1.2721368993280608, -2.658167357513979, 9.365971431926758, 5.713974075385561, 1.408700507006438]",11.447250486796884,0.02161790058016777,0.0005996125692036003,7.594682392664254e-05,True,False,0.00011286919457420552,1.03125,40.75,3.21875,cg,0,0.0002115499902202167,32
432,1,2.644558210082825,2.644558210082825,3.291222793777626,0.5818114889689734,"[0.4008481259893963, 1.326483277263555, 1e-05, 0.4835219534782934, 0.17421144680769604]","[1.2708879603245733, -2.6486157168583624, 9.360113859111717, 5.706877698166767, 1.4020582497558158]",11.43574541848339,0.024570399429649115,0.0006945593486307189,7.326563354581594e-05,True,False,0.0001225194377707517,1.0625,48.6875,3.21875,cg,0,0.0002039963552138424,32
433,1,2.6369888759950673,2.6369888759950673,3.2833761480050647,0.5804243848601366,"[0.4006258601180069, 1.3269464942414961, 1e-05, 0.4825238763982556, 0.17396624053590073]","[1.2695965432996508, -2.6391227970918214, 9.353450562047152, 5.7000646301327835, 1.3950439961782641]",11.423693206512164,0.01600250182673335,0.00042604064219631255,7.403753988910466e-05,True,False,0.00013276689048247192,1.03125,36.3125,3.21875,cg,0,0.00023077785044689492,32
434,1,2.6294632928035435,2.6294632928035435,3.2754938001433174,0.5790309694539584,"[0.4004035858464141, 1.327408537951731, 1e-05, 0.4815259391241026, 0.17372200358540896]","[1.268398867721072, -2.629864104010178, 9.347419678949228, 5.693715277817882, 1.3879910371982689]",11.41245759386663,0.01859499979764223,0.0005081156268715858,7.297811680473387e-05,True,False,0.00011032401655830526,1.0625,38.5625,3.21875,cg,0,0.00022425566365980032,32
435,1,2.621914042638966,2.621914042638966,3.267581497095634,0.5776322586690034,"[0.40018130263402496, 1.3278694139869145, 1e-05, 0.4805281320820192, 0.17347876219315658]","[1.2670622985814888, -2.620396663984276, 9.340724140459436, 5.686908521315932, 1.3809929807816195]",11.400400131401181,0.016802698373794556,0.00045392806350719184,7.115626067388803e-05,True,False,0.00012023037189123897,1.03125,36.78125,3.21875,cg,0,0.0002502935939294737,32
436,1,2.614455662665641,2.614455662665641,3.2595930126655537,0.5762200807910252,"[0.39995901880470913, 1.32832911656464, 1e-05, 0.47953046385015546, 0.17323649122639345]","[1.2660265403980424, -2.611100242525195, 9.334557563874519, 5.680205050894573, 1.3737339032559168]",11.388876452396756,0.017448198050260544,0.00047392181295435876,7.133437611628324e-05,True,False,0.00012964069172305415,1.0625,40.15625,3.21875,cg,0,0.00024170947986545954,32
437,1,2.6070699866786082,2.6070699866786082,3.252152526349462,0.5749047762086666,"[0.3997366919499788, 1.3287876517420494, 1e-05, 0.4785329633374161, 0.17299524988728907]","[1.2648275957804465, -2.6018945445518677, 9.32800811940713, 5.67364084683457, 1.366713555074551]",11.377147531092145,0.024931600783020258,0.0007091218867572024,6.999063771218061e-05,True,False,0.00010790711277719467,1.0625,51.4375,3.21875,cg,0,0.00023478920269770498,32
438,1,2.5994789845906965,2.5994789845906965,3.2440843913930646,0.5734785179738674,"[0.3995143466578548, 1.3292450413534986, 1e-05, 0.477535588410031, 0.17275499396176477]","[1.2635344070058347, -2.592305481034745, 9.32138315598543, 5.666550131270824, 1.3594894474026105]",11.36497922537405,0.024240301456302404,0.0006857562984805554,7.175312202889472e-05,True,False,0.00011730519492747504,1.09375,53.34375,3.21875,cg,0,0.0001959302261198559,32
439,1,2.5921716050667625,2.5921716050667625,3.2363553327866907,0.5721122005356787,"[0.39929199087843137, 1.329701233209093, 1e-05, 0.476538393427374, 0.1725157520906934]","[1.419169432678904, -2.91701471591502, 9.442271476688335, 6.46003329982918, 1.3517302093018706]",11.96823763820882,0.014974200166761875,0.0003987187083112076,6.9225046900101e-05,True,False,0.0001265850754301745,1.03125,31.15625,3.21875,cg,0,0.00022092474089863146,32
440,1,2.5829836306591893,2.5829836306591893,3.2231252990588963,0.5697734388946161,"[0.39905483492022586, 1.3301886925667445, 1e-05, 0.47545886384339153, 0.17228986583240696]","[1.4155444001989086, -2.9010943414443657, 9.43342761413887, 6.439606440499668, 1.3469928363425374]",11.945400440662326,0.01987979980185628,0.0005512624920811504,6.998125172685832e-05,True,False,0.00013655465370998598,1.0625,42.0625,3.21875,cg,0,0.00021682104896925125,32
441,1,2.5739173261457053,2.5739173261457053,3.210547791906355,0.5675500287451201,"[0.3988178325012426, 1.3306744183246397, 1e-05, 0.4743806904540692, 0.17206434089619058]","[1.4117796192369272, -2.885367340340592, 9.424053582677645, 6.4197771142175455, 1.3415250478530447]",11.922435991081048,0.01844860054552555,0.0005031500040786341,7.336876296903938e-05,True,False,0.00011423545991018358,1.0625,39.46875,3.21875,cg,0,0.00021233982666757356,32
442,1,2.565124471668444,2.565124471668444,3.197964788644468,0.5653256470115768,"[0.3985810051246604, 1.3311584414457966, 1e-05, 0.4733037667249787, 0.1718392987909121]","[1.4085530607847077, -2.8702566293166702, 9.415980472557623, 6.400660692564285, 1.3358459340567346]",11.901093427229371,0.016161801293492317,0.0004297562700230628,7.530002039857209e-05,True,False,0.00012421576990062633,1.0625,34.65625,3.21875,cg,0,0.0002094069106792773,32
443,1,2.556124877888708,2.556124877888708,3.185335807037477,0.5630931373781309,"[0.39834429526782594, 1.3316407931971925, 1e-05, 0.4722281242672223, 0.17161480749654276]","[1.4048726589573395, -2.854742248523029, 9.406208748563968, 6.381167436026333, 1.3301598139265502]",11.878072507445705,0.0270148990675807,0.0007645280857104808,7.968751015141606e-05,True,False,0.0001338865701621117,1.0625,56.28125,3.21875,cg,0,0.00020488673797336432,32
444,1,2.5471898892889633,2.5471898892889633,3.1733630557615906,0.5609766339739711,"[0.3981077463398819, 1.3321214675231816, 1e-05, 0.47115367932988267, 0.17139083852969553]","[1.4016710841485074, -2.839762137564685, 9.39752049785288, 6.362581346258085, 1.3245153467973279]",11.856605948807696,0.022201298270374537,0.0006134593277238309,8.033124322537333e-05,True,False,0.00010872496575986546,1.0625,46.25,3.21875,cg,0,0.00019752333495448582,32
445,1,2.5385980402324835,2.5385980402324835,3.161559700788583,0.5588900758884298,"[0.3978713091857617, 1.33260048523695, 1e-05, 0.47008042423931246, 0.17116741618566142]","[1.3984171697065029, -2.8252114155293695, 9.388602985291673, 6.344679310678359, 1.3182216625915302]",11.83536733884803,0.018607596401125193,0.0004954156174790114,8.607177005615085e-05,True,False,0.00011849416068310248,1.03125,36.46875,3.21875,cg,0,0.00022532245946349505,32
446,1,2.529769571054743,2.529769571054743,3.14943214058467,0.556746205873571,"[0.39763499760715976, 1.3330779036954403, 1e-05, 0.46900826836472176, 0.170944656447879]","[1.395009585404725, -2.8102137981063664, 9.379466817086788, 6.325974750263891, 1.3122307766476662]",11.813452385286373,0.023935699369758368,0.0006631093856412917,8.488121966365725e-05,True,False,0.00012831751581687811,1.09375,49.4375,3.21875,cg,0,0.00018548032052656538,32
447,1,2.521002884342548,2.521002884342548,3.1375305528608637,0.5546422825269736,"[0.3973988245495658, 1.3335536687311327, 1e-05, 0.4679372902046697, 0.17072249772005937]","[1.3918215672513945, -2.79550681559624, 9.369981842346178, 6.307785205606442, 1.3060440833095415]",11.791627992123207,0.02275049965828657,0.0006292843463597819,8.166876796167344e-05,True,False,0.00010578339411759785,1.0625,43.15625,3.21875,cg,0,0.00018133722033075728,32
448,1,2.5124118189025806,2.5124118189025806,3.1257528648683697,0.5525602617654255,"[0.397162755099603, 1.334027819852119, 1e-05, 0.4668674150001118, 0.17050097714901163]","[1.3887781263984982, -2.781076125825832, 9.36162801327626, 6.289972449539268, 1.2994535523216104]",11.770960076033068,0.014660499058663845,0.00037348434852901846,8.46562470542267e-05,True,False,0.00011569533967170642,1.03125,33.03125,3.21875,cg,0,0.0002086438984703065,32
449,1,2.503531418402442,2.503531418402442,3.1136341535389658,0.5504179560253596,"[0.39692678825963246, 1.334500351592542, 1e-05, 0.46579868782605366, 0.17028018741838344]","[1.3829469912425343, -2.759314143622845, 9.349092167623766, 6.254120650483694, 1.2929250007042117]",11.735312584279997,0.021106101106852293,0.0005845562554895878,7.500940409954637e-05,True,False,0.00012449988938767476,1.0625,41.40625,3.21875,cg,0,0.00020202424420956433,32
450,1,2.4951274112767736,2.4951274112767736,3.1021798108705756,0.5483930951816464,"[0.3966910984164872, 1.3349706099045504, 1e-05, 0.4647328243298689, 0.1700598396447202]","[1.3802847919761192, -2.7454950520007424, 9.340609492636036, 6.237209549170089, 1.2863525416497605]",11.71526357804684,0.018860601354390383,0.0005141406436450779,7.525314867962152e-05,True,False,0.00010332729175210886,1.09375,42.0625,3.21875,cg,0,0.00016664744951455646,32
451,1,2.486728317352367,2.486728317352367,3.0909907267526853,0.5464151258678897,"[0.3964554597076075, 1.3354393138365577, 1e-05, 0.4636680237802124, 0.169840236810696]","[1.3773547498631822, -2.7317250905248662, 9.331334712133128, 6.22082114225966, 1.279236473465095]",11.694797870252508,0.02059989795088768,0.0005701905756723136,7.355623529292643e-05,True,False,7.731293472934553e-05,1.0625,42.1875,3.21875,cg,0,0.00015823002963832877,32
452,1,2.4782228377871474,2.4782228377871474,3.079649938069879,0.5444103387224856,"[0.39621990971948007, 1.3359064831062788, 1e-05, 0.46260416252998054, 0.16962146663825725]","[1.3744249842994427, -2.717746223787382, 9.322018305017213, 6.203898850756723, 1.2723422525889312]",11.674006579216783,0.01809759996831417,0.0004935905890306458,7.195940997917205e-05,True,False,8.687574155663569e-05,1.03125,35.96875,3.21875,cg,0,0.0001863331154341452,32
453,1,2.4696623796870627,2.4696623796870627,3.068458978649074,0.542432037898877,"[0.3959844421488812, 1.3363720895294229, 1e-05, 0.46154130569361895, 0.1694034879616399]","[1.3712924472859311, -2.703825160581721, 9.3119868655556, 6.187436127285776, 1.2652987554806006]",11.652877740245977,0.022592599503695965,0.0006324968417175114,7.352189277298748e-05,True,False,9.59897658332487e-05,1.09375,49.0,3.21875,cg,0,0.00014945118702369697,32
454,1,2.4613677522839517,2.4613677522839517,3.0572027723932798,0.5404422029554002,"[0.3957490852734834, 1.3368361508918813, 1e-05, 0.46047934722041106, 0.1691863229344978]","[1.3762986566945878, -2.714200406183139, 9.360847983162088, 6.192137931992591, 1.3718156526742527]",11.709440941178931,0.01335059991106391,0.00034753749787341803,6.966874934732914e-05,True,False,0.00010499802802144131,1.03125,31.5625,3.21875,cg,0,0.00017652971180082133,32
455,1,2.4528802316605303,2.4528802316605303,3.0461462446028165,0.5384876665111468,"[0.3955140102321572, 1.337299742692649, 1e-05, 0.45942171552602545, 0.16895201360078183]","[1.3733952056595207, -2.700671227161038, 9.350925720213066, 6.17651889393242, 1.364290946597787]",11.688897583910947,0.016331299673765898,0.00043989378900732845,7.045932579785585e-05,True,False,0.00011540075280480622,1.03125,36.84375,3.21875,cg,0,0.00020500064470763135,32
456,1,2.444497807338219,2.444497807338219,3.0351740690539537,0.5365480415774042,"[0.39527901883186767, 1.3377618343839386, 1e-05, 0.4583648974900961, 0.16871857996229073]","[1.370961385953864, -2.6876058243994927, 9.34358220688663, 6.16085968819772, 1.3586771579830494]",11.670796218050233,0.02046590019017458,0.0005576343974098563,8.19249835330993e-05,True,False,9.345582513509143e-05,1.0625,41.40625,3.21875,cg,0,0.0002012164887141843,32
457,1,2.436234989985085,2.436234989985085,3.0243743750463348,0.5346389073605224,"[0.3950440800393085, 1.3382224037870805, 1e-05, 0.4573091238183493, 0.1684857462922511]","[1.3683739962263592, -2.6744395242550087, 9.334612224027033, 6.145533269566923, 1.35087351950589]",11.6512873953249,0.01669330196455121,0.00044765624625142664,7.400944014079869e-05,True,False,0.00010301107721533143,1.0625,37.125,3.21875,cg,0,0.00019620149982202406,32
458,1,2.4278709768292024,2.4278709768292024,3.0135758693889185,0.5327299832162624,"[0.3948091920051059, 1.3386814843046717, 1e-05, 0.45625421322168763, 0.16825386229976938]","[1.3659907845461, -2.6613926128019445, 9.326508688102583, 6.129930281255887, 1.3448021582746315]",11.632594030144462,0.02196900127455592,0.0006136500596767291,7.28812301531434e-05,True,False,7.806238324992165e-05,1.0625,43.0625,3.25,cg,0,0.00018844330360012762,32
459,1,2.419507843282874,2.419507843282874,3.002819316600535,0.5308284753615481,"[0.3945743362573872, 1.3391390593916517, 1e-05, 0.45520029003570794, 0.1680226495273346]","[1.3688482319629756, -2.6653487873065993, 9.353519790539325, 6.130836466336831, 1.416896182471592]",11.664515106982536,0.02118999883532524,0.0005865312123205513,7.565625128336251e-05,True,False,8.738095531191092e-05,1.03125,40.8125,3.25,cg,0,0.00021555888909885468,32
460,1,2.411156934979293,2.411156934979293,2.992121799258149,0.5289374035978827,"[0.3943396332767162, 1.3395960606064699, 1e-05, 0.45414909563807004, 0.16777970823584412]","[1.3666634429108986, -2.6528565101295705, 9.346359131333692, 6.116198926230133, 1.4117437446250198]",11.647349713436835,0.026911999564617872,0.0007656375091755763,7.536247721873224e-05,True,False,9.74546258043496e-05,1.09375,54.28125,3.25,cg,0,0.00017727063314421088,32
461,1,2.4029532241065956,2.4029532241065956,2.981614259824183,0.527079915501047,"[0.3941049595566995, 1.3400515902462884, 1e-05, 0.4530988654868024, 0.1675372936472489]","[1.3664200415144538, -2.6488946912054843, 9.36599761355631, 6.105701598642919, 1.4579073157500888]",11.662364420008482,0.019631799776107073,0.000542234382010065,7.125936099328101e-05,True,False,0.00010742832725840756,1.0625,42.375,3.25,cg,0,0.0001707944039091025,32
462,1,2.3947103210861966,2.3947103210861966,2.9711200002346456,0.5252247749712237,"[0.39387062970861947, 1.3405058539951442, 1e-05, 0.45205178765966053, 0.1672872744807883]","[1.36428805911827, -2.636741122979296, 9.359177249181592, 6.091723542383568, 1.4526320608037162]",11.6459057209118,0.017971896566450596,0.0004881686909357086,7.345307676587254e-05,True,False,0.00011725897398395801,1.03125,36.375,3.25,cg,0,0.00019773424211777524,32
463,1,2.386436829755822,2.386436829755822,2.960895395726808,0.523417303175613,"[0.3936363348256459, 1.3409586725540337, 1e-05, 0.4510056305486817, 0.16703780791365466]","[1.3621392223099338, -2.624510529361228, 9.351441152821813, 6.077763536370976, 1.4467817829988645]",11.628642119612696,0.017121901735663414,0.00046387818292714655,7.118124631233513e-05,True,False,0.0001282645035547425,1.03125,37.71875,3.25,cg,0,0.00022489144201109923,32
464,1,2.378214974901887,2.378214974901887,2.9503918772022177,0.5215605258818489,"[0.39340206169071207, 1.3414100598273093, 1e-05, 0.4499603213073563, 0.16678897717864832]","[1.3599954449476872, -2.612349886433298, 9.344294370542649, 6.063748167833882, 1.4411938849747754]",11.611885225051918,0.022243998013436794,0.0006246249831747264,7.049995474517345e-05,True,False,0.00013824643517246216,1.0625,45.1875,3.25,cg,0,0.00022125287860852438,32
465,1,2.370050601653884,2.370050601653884,2.940147173369582,0.5197495009940227,"[0.3931678197190645, 1.341860003972567, 1e-05, 0.448915917569326, 0.16654074980524278]","[1.3578469073034312, -2.6003291045934365, 9.336834135315888, 6.0499923441252665, 1.4356287515985913]",11.595057939599098,0.026080799289047718,0.0007395218854071572,7.550309237558395e-05,True,False,0.00011246210496906883,1.09375,54.90625,3.25,cg,0,0.00017910662009024136,32
466,1,2.3618788013481558,2.3618788013481558,2.9299785516425727,0.5179519256494005,"[0.392933608400025, 1.3423085276656637, 1e-05, 0.44787237084879744, 0.16629312210748512]","[1.3558705751840188, -2.5883816210647503, 9.3299099329815, 6.036220021504395, 1.4301375611411817]",11.578711905141256,0.01730139972642064,0.0004650562477763742,7.561249367427081e-05,True,False,0.00012259285784343987,1.03125,36.46875,3.28125,cg,0,0.00020671953353668115,32
467,1,2.353716197613526,2.353716197613526,2.9199244248364664,0.5161745903385236,"[0.3926994078108446, 1.3427556208556568, 1e-05, 0.4468297298244011, 0.16604609332350048]","[1.3537240721256185, -2.576438713285439, 9.321518630753078, 6.022919353484749, 1.4236303771268632]",11.56129732683597,0.022946198470890522,0.0006436906405724585,7.337806164287031e-05,True,False,0.00013285267533502676,1.03125,45.15625,3.28125,cg,0,0.00023459604240594345,32
468,1,2.3456952568451728,2.3456952568451728,2.9098299037031197,0.5143901142519686,"[0.3924652257750853, 1.3432013214790777, 1e-05, 0.44578781918363186, 0.16579981812846692]","[1.3519217519872195, -2.564751399440937, 9.315098475985408, 6.009387955547091, 1.4180165750580607]",11.54557128898999,0.01747880084440112,0.00046673436008859426,7.947816629894078e-05,True,False,0.00011133396174578536,1.0625,36.25,3.28125,cg,0,0.00022973309754359406,32
469,1,2.337671919026706,2.337671919026706,2.8999647842668472,0.5126461910393177,"[0.392231036973504, 1.3436456046306033, 1e-05, 0.4447468333710446, 0.16555417994574875]","[1.3497930450137547, -2.552982376917336, 9.306548915863717, 5.996435090405314, 1.4108480972113489]",11.52819323013937,0.018894999753683805,0.0005203312175581232,7.013752474449575e-05,True,False,0.0001211827204294913,1.0625,40.0,3.28125,cg,0,0.00022300982663692182,32
470,1,2.3296279725172875,2.3296279725172875,2.8899956273112375,0.5108838764178115,"[0.39199686445089776, 1.3440885157313682, 1e-05, 0.44370652549795864, 0.16530941512112723]","[1.3480433461494512, -2.541332892842084, 9.299519808888197, 5.983158973495796, 1.4046165460359814]",11.51207198356422,0.02019779896363616,0.0005608593783108518,7.032183930277824e-05,True,False,0.00013145869684771938,1.03125,36.90625,3.28125,cg,0,0.00025087450201288775,32
471,1,2.3216324222905556,2.3216324222905556,2.8802263111454987,0.5091568889907242,"[0.3917626679747192, 1.344530023202178, 1e-05, 0.442667067269845, 0.16506539014492497]","[1.3460486619389693, -2.529660763094247, 9.29139762076044, 5.970098285086463, 1.3977959079193618]",11.495086222273736,0.029777297750115395,0.0008511717896908522,7.936876500025392e-05,True,False,0.00014090826978030435,1.09375,58.71875,3.28125,cg,0,0.0002149523912517992,32
472,1,2.31359409852303,2.31359409852303,2.8704552412998083,0.5074295915538904,"[0.39152847248704836, 1.3449701522649722, 1e-05, 0.44162834547704993, 0.16482219128921055]","[1.3429603653876967, -2.512690522631567, 9.281662431047966, 5.941995384671801, 1.3909509016382726]",11.467714124954515,0.024555500131100416,0.0006916999991517514,7.56593799451366e-05,True,False,0.00011570352725431832,1.0625,47.96875,3.28125,cg,0,0.00020671390018600633,32
473,1,2.305761812461473,2.305761812461473,2.8608339645633696,0.5057287740478884,"[0.391294256609213, 1.3454083722092494, 1e-05, 0.440592045597334, 0.16457960573356087]","[1.3410670203524293, -2.501303755753756, 9.272972542484863, 5.929534467785326, 1.3833562408277544]",11.450591884221282,0.017770300153642893,0.0004855844017583877,6.973747804295272e-05,True,False,0.00012578096779014558,1.03125,36.5,3.28125,cg,0,0.0002352545941897155,32
474,1,2.297876684014684,2.297876684014684,2.8511747595850694,0.5040212517126317,"[0.3910600212030794, 1.3458452585782381, 1e-05, 0.43955637258982105, 0.16433798394584992]","[1.3394332432607459, -2.4901703178852794, 9.266114530226094, 5.917251502061713, 1.3769434205547089]",11.435285157553201,0.023255401756614447,0.0006466343620559201,8.009694283828139e-05,True,False,0.00013525023029936634,1.0625,44.25,3.28125,cg,0,0.00022983681148325275,32
475,1,2.2900627935959754,2.2900627935959754,2.841692629948232,0.5023450321710573,"[0.39082575800374697, 1.3462807825347216, 1e-05, 0.43852146153687965, 0.16409716031942292]","[1.337575951801823, -2.4788252823868255, 9.257414234710618, 5.9049779702748175, 1.3687481675963935]",11.418215223763774,0.01550269965082407,0.0004097093624295667,7.47500016586855e-05,True,False,0.00014559882761222553,1.03125,33.84375,3.28125,cg,0,0.0002577037061546328,32
476,1,2.2822986722637695,2.2822986722637695,2.8321274514534043,0.5006541315268191,"[0.39059146990784543, 1.346714970406222, 1e-05, 0.43748715313507824, 0.1638574121380035]","[1.3359469886192945, -2.4678618022243195, 9.250277461183838, 5.892966465058763, 1.362015828079827]",11.402844829883975,0.02259120251983404,0.0006260906811803579,7.988439756445587e-05,True,False,0.00015455232533945207,1.03125,34.5,3.28125,cg,0,0.00028422711821063373,32
477,1,2.27453807686748,2.27453807686748,2.8227982328080476,0.49900494308499327,"[0.39035715171647606, 1.3471478206008578, 1e-05, 0.4364535572995727, 0.16361852160703866]","[1.3340518887714197, -2.4566274839870204, 9.241273080888895, 5.880956483980571, 1.3535543402227659]",11.385675197852155,0.03133439738303423,0.0008865874697221443,9.261244849767536e-05,True,False,0.00016458274344710588,1.09375,51.03125,3.28125,cg,0,0.0002457442941219412,32
478,1,2.2667763947774544,2.2667763947774544,2.8134873454814806,0.4973589951931234,"[0.39012281306453456, 1.3475793501221347, 1e-05, 0.4354205124636242, 0.1633807571676738]","[1.3323381309771745, -2.4455935070919264, 9.233394735214231, 5.868989453969569, 1.3460805230028845]",11.369635034541854,0.024180300999432802,0.0006825875170761719,7.304688915610313e-05,True,False,0.00017444638534103163,1.0625,48.46875,3.28125,cg,0,0.0002419717488195694,32
479,1,2.25903324949093,2.25903324949093,2.804181417284212,0.49571392395974245,"[0.3898884452722858, 1.3480095474854532, 1e-05, 0.4343881153047668, 0.1631439719905252]","[1.330710233711766, -2.4345287805873745, 9.224936812312626, 5.856915539233746, 1.3382660020250923]",11.353043416928697,0.026974499691277742,0.0007627312443219125,8.022187103051692e-05,True,False,0.00011762516452318295,1.09375,50.375,3.28125,cg,0,0.0002025992290763945,32
480,1,2.2512601725063153,2.2512601725063153,2.794919158496942,0.49407657246034664,"[0.38965402174641245, 1.3484384243409302, 1e-05, 0.43335633636697385, 0.162908217408646]","[1.3291200413674582, -2.4235626494043276, 9.217130729590561, 5.844933584636571, 1.3309272412582591]",11.337121804790263,0.015560301952064037,0.00041332500404678285,7.293443195521832e-05,True,False,0.0001275129319373569,1.03125,33.6875,3.28125,cg,0,0.00023078940526044533,32
481,1,2.243131236169374,2.243131236169374,2.7853576651089877,0.49238632325712345,"[0.38941954952954194, 1.3488659689489746, 1e-05, 0.4323252221768359, 0.16267342638071888]","[1.3274235843035949, -2.412141174443651, 9.207946779509708, 5.832490397297984, 1.3233596622718116]",11.31971675185366,0.01850970136001706,0.0005054937209933996,7.293444650713354e-05,True,False,0.00013705467832147988,1.03125,36.6875,3.28125,cg,0,0.0002580364184066042,32
482,1,2.2361275892818138,2.2361275892818138,2.7766480579139294,0.49084666767984925,"[0.3891850165260604, 1.349292152965255, 1e-05, 0.4312947210565976, 0.16243961140262975]","[1.3260095641137533, -2.401830810530882, 9.200694146095454, 5.821480955643934, 1.313494860798666]",11.304635095517293,0.02185320109128952,0.000610737522947602,7.217501115519553e-05,True,False,0.00014652858055086426,1.09375,47.3125,3.28125,cg,0,0.0002216731282120854,32
483,1,2.2283037715573437,2.2283037715573437,2.7676539752747065,0.48925672347366256,"[0.38895042079558484, 1.3497170814640567, 1e-05, 0.43026479290660585, 0.16220722975570628]","[1.3242115546219444, -2.3908220653859056, 9.191155647264852, 5.809719757499471, 1.3056748442785275]",11.287361914178195,0.0227655996568501,0.0006366718444041908,7.475314487237483e-05,True,False,0.00015628752046747962,1.03125,45.5,3.28125,cg,0,0.0002494651596252062,32
484,1,2.220881436337744,2.220881436337744,2.758796916958394,0.4876910019744552,"[0.3887157846486139, 1.3501407096038032, 1e-05, 0.4292353726042964, 0.16197587811586514]","[1.3228109258280791, -2.3805088845796436, 9.183564013939453, 5.798695412871583, 1.2981484296340016]",11.272291565151942,0.01770810130983591,0.00048388751747552305,6.949064845684916e-05,True,False,0.00016555999636569396,1.03125,35.71875,3.28125,cg,0,0.00027688144396575964,32
485,1,2.212805478168805,2.212805478168805,2.7492696946446116,0.4860068110984684,"[0.3884810833160472, 1.3505630742792747, 1e-05, 0.42820653203912085, 0.16174555255659162]","[1.3210701255800255, -2.3690480939644867, 9.173704584381149, 5.786179063725045, 1.289746405164478]",11.254234087526225,0.030482199043035507,0.0008782906079431996,7.427811215166003e-05,True,False,0.0001747927292439222,1.09375,63.0625,3.28125,cg,0,0.00023850278544657044,32
486,1,2.205584352304554,2.205584352304554,2.740786479022247,0.484507176275258,"[0.38824631476312954, 1.3509840799337385, 1e-05, 0.4271782649854572, 0.16151635057002917]","[1.3192669553715075, -2.3584898796821525, 9.165096181285426, 5.775172389340322, 1.2796983565185507]",11.23797899244282,0.027219599578529596,0.000777890658355318,7.272182847373188e-05,True,False,0.0001490057123407773,1.09375,56.28125,3.28125,cg,0,0.00019843845658762405,32
487,1,2.197786252976663,2.197786252976663,2.7319692028486915,0.48294848733177903,"[0.38801152753739415, 1.351403815525175, 1e-05, 0.42615046943739465, 0.16128860528642164]","[1.3178805344309328, -2.3478165169124594, 9.155683590419347, 5.763814282384057, 1.2719994033862947]",11.221191161014172,0.02126889768987894,0.0005895250069443136,7.512804586440325e-05,True,False,0.00015890209872715388,1.03125,39.0625,3.28125,cg,0,0.00022590527566412888,32
488,1,2.190767180578895,2.190767180578895,2.7231439874417354,0.48138839491685637,"[0.38777663615814517, 1.351822276717577, 1e-05, 0.4251231606251367, 0.16106189149373762]","[1.3164986774751815, -2.337367527132773, 9.147853178710884, 5.7521946119338265, 1.261917740476446]",11.20534929135318,0.01936150062829256,0.0005220156162977219,8.303127833642066e-05,True,False,0.0001683022874425788,1.03125,37.5625,3.28125,cg,0,0.0002537385847718454,32
489,1,2.1829849307577662,2.1829849307577662,2.714401128562111,0.4798428612166715,"[0.38754165933714174, 1.3522394645206788, 1e-05, 0.4240964733774917, 0.1608366566157249]","[1.314466752202805, -2.326364366911535, 9.136679758932894, 5.740822635759244, 1.2527225000654731]",11.186825699231768,0.034101699478924274,0.0009895593393594027,7.611876935698092e-05,True,False,0.00014659815574136204,1.09375,62.875,3.28125,cg,0,0.00021677283085708154,32
490,1,2.1756982219933443,2.1756982219933443,2.7057549880248724,0.4783144250654282,"[0.38730665670325326, 1.3526553759560136, 1e-05, 0.42307011920167925, 0.16061269272576467]","[1.31338237258666, -2.31589613211279, 9.129487756708661, 5.7284008420622685, 1.2452995725487404]",11.171447627052613,0.021092697978019714,0.0005840718222316355,7.507498958148062e-05,True,False,0.00015722660227401875,1.03125,37.1875,3.28125,cg,0,0.0002451558092815276,32
491,1,2.168188088211412,2.168188088211412,2.697128006352146,0.476789375754939,"[0.3870715247102806, 1.3530699858094934, 1e-05, 0.42204457604330153, 0.16038974944857978]","[1.3119748256891648, -2.3054897325070387, 9.119884630625293, 5.717946404932741, 1.235277526407149]",11.15480516113046,0.022424601949751377,0.0006218250346137211,7.894377631600946e-05,True,False,0.00016509483706883543,1.03125,45.34375,3.28125,cg,0,0.00027162218656640036,32
492,1,2.1607910704419506,2.1607910704419506,2.688466127233711,0.47525815738932314,"[0.38683629427700633, 1.353483348427486, 1e-05, 0.4210193772483742, 0.16016827045213783]","[1.3105268209580176, -2.295037612043939, 9.110770724095708, 5.706539837182253, 1.2266612270185338]",11.138227689152561,0.028427402954548597,0.0008088188478723168,7.953749445732683e-05,True,False,0.0001430528772528028,1.09375,58.21875,3.28125,cg,0,0.00023622506344844751,32
493,1,2.1533709065437643,2.1533709065437643,2.67983730621158,0.47373278292472465,"[0.38660097374713126, 1.3538954494683137, 1e-05, 0.41999470079249107, 0.1599480089776659]","[1.3088938853352274, -2.284384670730326, 9.100774806550376, 5.695190574932544, 1.2167389816856322]",11.120762925304701,0.036115800961852074,0.0010502906661713496,7.832811388652772e-05,True,False,0.00011770020649404245,1.125,69.6875,3.28125,cg,0,0.00016262412440548601,32
494,1,2.145782805323952,2.145782805323952,2.669971496112137,0.4719887376189209,"[0.386365577328017, 1.354306281834019, 1e-05, 0.4189704562127489, 0.15972918604442854]","[1.352181591479327, -2.3958486468921643, 9.131955751994077, 6.036638586492845, 1.2074398038039817]",11.351652653040121,0.019331300631165504,0.0005237719160504639,8.03312286734581e-05,True,False,0.00012489929449222004,1.03125,39.3125,3.28125,cg,0,0.0001878620618529503,32
495,1,2.1375508548379205,2.1375508548379205,2.659587136891243,0.4701530249130781,"[0.3861273421330742, 1.3547283963436696, 1e-05, 0.41790688621629657, 0.1595164522970875]","[1.3506333793743557, -2.3849011035249257, 9.122150044232527, 6.0253908778104455, 1.1993261108285795]",11.334430006801515,0.023660598322749138,0.0006485875055659562,9.080619201995432e-05,True,False,0.00013336241672723403,1.03125,45.59375,3.28125,cg,0,0.00021518634376826995,32
496,1,2.1300099244090065,2.1300099244090065,2.6489602520823725,0.46827443933526797,"[0.38588901812764215, 1.355149220523074, 1e-05, 0.4168436848248436, 0.15930482699082982]","[1.3490574822280454, -2.3739971054360964, 9.112292528858333, 6.013166677949472, 1.1897637621690436]",11.316510274154059,0.02030429942533374,0.0005450750031741336,8.943435386754572e-05,True,False,0.00014141388091459817,1.03125,39.03125,3.28125,cg,0,0.00024256894959195918,32
497,1,2.121858362128851,2.121858362128851,2.6386386551368015,0.46644982153704606,"[0.3856505952482515, 1.3555687839834896, 1e-05, 0.41578096026899675, 0.15909455655705815]","[1.3474587985964022, -2.3629284387457683, 9.102870365319973, 6.001257600090104, 1.1817363091172781]",11.299244151503865,0.024597400799393654,0.0006824281008448452,8.624067413620651e-05,True,False,0.00011833630244018067,1.0625,44.3125,3.28125,cg,0,0.00023874649653343738,32
498,1,2.1139266504631635,2.1139266504631635,2.6282824865723518,0.4646190922822877,"[0.38541209101196633, 1.3559870293823595, 1e-05, 0.4147187197298789, 0.15888538569692492]","[1.3459418382861912, -2.3520285731215376, 9.0920870802976, 5.989227566559685, 1.1737672022612167]",11.280878583057548,0.03192770108580589,0.0009224437817465514,7.529687718488276e-05,True,False,0.000126495164744167,1.0625,59.09375,3.28125,cg,0,0.0002326432783283927,32
499,1,2.1060354878576772,2.1060354878576772,2.617990416116225,0.46279969407929344,"[0.385173467428128, 1.3564040232460193, 1e-05, 0.4136568826536384, 0.15867728715326715]","[1.3443570952869521, -2.340904826759731, 9.081178421638993, 5.977335333860289, 1.1633128205459657]",11.262183063025496,0.030655001290142536,0.0008794250461505726,7.854374416638166e-05,True,False,0.00013454537189039328,1.0625,60.59375,3.28125,cg,0,0.0002266594391859833,32
500,1,2.097890868585307,2.097890868585307,2.6078232001144643,0.4610023672341351,"[0.38493472915018595, 1.3568197339148038, 1e-05, 0.41259539478758633, 0.15847069970677785]","[1.343377841038966, -2.3302994887452173, 9.072069945661852, 5.96563349471398, 1.1567984368953537]",11.245638196513289,0.025995200499892235,0.0007195655925897881,9.27844230318442e-05,True,False,0.00013881194594089763,1.09375,51.34375,3.28125,cg,0,0.00018734012672183553,32
501,1,2.090311298701563,2.090311298701563,2.5976878740467435,0.4592106777861296,"[0.38469581379163637, 1.3572341700629027, 1e-05, 0.4115344263676645, 0.1582649668854692]","[1.3414208126811495, -2.3193777448943194, 9.060786964446477, 5.953770750690642, 1.1467283531336476]",11.226716145113334,0.028509099036455154,0.0008095125231193379,8.139682176988572e-05,True,False,0.00011694632499903435,1.0625,50.40625,3.28125,cg,0,0.00018470825808014624,32
502,1,2.0824630500281796,2.0824630500281796,2.587465641286455,0.4574036252602128,"[0.3844568443912841, 1.3576473590515095, 1e-05, 0.41047378304628657, 0.15806068126210274]","[1.3399237180816481, -2.308344167996822, 9.050688287947645, 5.94135004909428, 1.137559104994692]",11.208589919210368,0.02383460057899356,0.0006697781354887411,7.505313260480762e-05,True,False,0.00012517076833473695,1.03125,44.4375,3.28125,cg,0,0.00021185516921606862,32
503,1,2.074347467924428,2.074347467924428,2.5774184077666495,0.45562750852170797,"[0.3842177556695769, 1.3580592474664535, 1e-05, 0.40941364076409253, 0.1578577013845102]","[1.3385229899994633, -2.297459580724971, 9.03971652323985, 5.9295838562560865, 1.1292970222750063]",11.190250918243507,0.016410399693995714,0.0004405406943988055,7.228429603856057e-05,True,False,0.00013247219637513297,1.03125,34.46875,3.28125,cg,0,0.000238145181123528,32
504,1,2.067040566992473,2.067040566992473,2.567357615153653,0.4538489948515176,"[0.3839785254682777, 1.3584698655298562, 1e-05, 0.4083538640175213, 0.1576558655131924]","[1.3369464746681503, -2.28679896429431, 9.029364973092294, 5.917571891133056, 1.118791232536019]",11.172092825664253,0.03300010273233056,0.0009572969138389453,7.395629654638469e-05,True,False,0.00014095712571515762,1.0625,62.46875,3.28125,cg,0,0.0002316870477296895,32
505,1,2.0590309896461756,2.0590309896461756,2.5573692802092745,0.4520832900085345,"[0.38373918866801815, 1.358879242537329, 1e-05, 0.40729451515908544, 0.1574555823164997]","[1.3357890301009334, -2.276043051652536, 9.019122876441156, 5.905558421815495, 1.1107766634433065]",11.154314270083308,0.018490100745111704,0.0004909531271550804,8.686252112966031e-05,True,False,0.00011685775585057456,1.0625,38.90625,3.28125,cg,0,0.0002273394058245337,32
506,1,2.0515099863005037,2.0515099863005037,2.5476697237633776,0.4503686344741856,"[0.3834996779284716, 1.3592873434741213, 1e-05, 0.40623563188248185, 0.15725641692874961]","[1.3339313771380537, -2.265216197477922, 9.007303342459144, 5.893841530617017, 1.0998718623321375]",11.135042745534538,0.024638802744448185,0.0006905094342073426,7.945315155666322e-05,True,False,0.00012480049704466367,1.0625,51.21875,3.28125,cg,0,0.00022076915556956678,32
507,1,2.0436657481753366,2.0436657481753366,2.5375866304700287,0.44858617856341976,"[0.3832600863242897, 1.3596942060698096, 1e-05, 0.4051770204941329, 0.15705886548914252]","[1.3327510339720432, -2.2545585322249773, 8.997613704240132, 5.881468053036339, 1.092400879760823]",11.117612963469321,0.021756897680461407,0.0005980374262435362,8.186562627088279e-05,True,False,0.0001326769512224324,1.0625,44.0625,3.28125,cg,0,0.0002169291639666504,32
508,1,2.0360862432383815,2.0360862432383815,2.5277809751591667,0.4468527672223476,"[0.38302033143477676, 1.3600997892717848, 1e-05, 0.4041189753774639, 0.15686234832610546]","[1.3311657490244937, -2.2437715624172703, 8.985430448612965, 5.869527580774404, 1.0818721109477196]",11.098030217496584,0.02495650015771389,0.0006903219036757946,8.956872625276446e-05,True,False,0.00014000748967291088,1.03125,46.875,3.28125,cg,0,0.0002430521411715958,32
509,1,2.0283854650771094,2.0283854650771094,2.5178963364997817,0.4451053934659402,"[0.38278043917951765, 1.360504144192116, 1e-05, 0.40306121513258875, 0.15666738181589634]","[1.329604683267985, -2.2327125858485277, 8.974594585365674, 5.856536530185572, 1.0723221396522848]",11.07903863054173,0.032335799653083086,0.0009335718350484967,7.692190411034971e-05,True,False,0.00011633909891628491,1.09375,62.75,3.28125,cg,0,0.00020648643708609526,32
510,1,2.0209034773967316,2.0209034773967316,2.508258938498426,0.44340172609600215,"[0.38254041750841655, 1.3609071958755883, 1e-05, 0.4020039868432113, 0.15647380506698974]","[1.3282755143479088, -2.222339652693167, 8.963473239389447, 5.845288785366552, 1.0621085998350397]",11.060851574330743,0.0222491011954844,0.0006228938145795837,7.239059777930379e-05,True,False,0.00012268958153027754,1.03125,42.40625,3.28125,cg,0,0.0002321595434819912,32
511,1,2.0133151247625447,2.0133151247625447,2.4986151118429327,0.4416969222898304,"[0.3823002415137743, 1.3613090346739045, 1e-05, 0.4009470539758716, 0.15628175681598458]","[1.327094593769208, -2.2118728609202196, 8.952660615789455, 5.833118928782729, 1.0536599199884162]",11.042607001044086,0.03677040105685592,0.0010718343837652355,7.724064926151186e-05,True,False,9.865250218732413e-05,1.09375,62.125,3.28125,cg,0,0.00019531995651123069,32
512,1,2.005666280633845,2.005666280633845,2.488971588704293,0.439992172138365,"[0.3820598825852127, 1.3617096416792087, 1e-05, 0.39989057900982367, 0.15609092145984207]","[1.325537739771313, -2.2010722067499784, 8.941349595211598, 5.820802093816155, 1.0438539752036398]",11.023650478838617,0.029873499646782875,0.0008523656142642722,8.118124969769269e-05,True,False,7.45679793761056e-05,1.0625,53.0625,3.28125,cg,0,0.00019067689402163523,32
513,1,1.9981188608149556,1.9981188608149556,2.4792435588228865,0.438272483164183,"[0.38181939278699284, 1.3621089780353053, 1e-05, 0.39883452192520147, 0.15590153701280926]","[1.3333975281897152, -2.2060519123247677, 8.97580359602745, 5.815762351893726, 1.1293715674968723]",11.059305406475051,0.024665997363626957,0.0006942312611499801,7.658115646336228e-05,True,False,8.221390700668962e-05,1.0625,53.625,3.28125,cg,0,0.00018363495879647473,32
514,1,1.990674162753564,1.990674162753564,2.4698936226424326,0.4366196323449679,"[0.38157825693278474, 1.3625079274866576, 1e-05, 0.39778278094552605, 0.15569729786290143]","[1.3322508266305901, -2.195702505829833, 8.963888047222431, 5.804511735310584, 1.1182246304616035]",11.040383756547222,0.03008030029013753,0.0008687687513884157,7.12406326783821e-05,True,False,9.014064967294289e-05,1.09375,61.84375,3.28125,cg,0,0.00014898051973055715,32
515,1,1.9831371432269154,1.9831371432269154,2.46045884865446,0.43495178417850344,"[0.3813369155345349, 1.3629056858534043, 1e-05, 0.396731275515501, 0.1554947279785535]","[1.3311721378439603, -2.1853499020244684, 8.95363404247269, 5.793061173924487, 1.1078591086575347]",11.022805704122842,0.02015499910339713,0.0005585312464972958,7.131247548386455e-05,True,False,9.819555377532652e-05,1.03125,41.5625,3.28125,cg,0,0.00017615220704714218,32
516,1,1.9755735808363295,1.9755735808363295,2.451006829177919,0.43328088741156107,"[0.38109538498896334, 1.3633022001276256, 1e-05, 0.3956801708641268, 0.15529371579739118]","[1.330522416184809, -2.1754795676932606, 8.944241038742044, 5.781409596969574, 1.1012358828396953]",11.006355727765849,0.02229209989309311,0.0006230719009181485,7.35562207410112e-05,True,False,0.00010568975032887451,1.03125,46.3125,3.28125,cg,0,0.00020321766408937236,32
517,1,1.968170807948391,1.968170807948391,2.4416257549183014,0.4316225321056135,"[0.3808536115175304, 1.363697513457724, 1e-05, 0.3946296124886857, 0.15509360671315334]","[1.3377169981348431, -2.1705625326561115, 8.968352012579675, 5.7659683404302795, 1.127373362246856]",11.02041414364993,0.024421600624918938,0.0006826594035374001,8.051561599131674e-05,True,False,8.140235682008168e-05,1.09375,50.84375,3.3125,cg,0,0.0001662711593590771,32
518,1,1.9608016430922484,1.9608016430922484,2.43256075109794,0.4300200506873986,"[0.380610840786671, 1.3640914301479983, 1e-05, 0.3935831965800369, 0.15488900943623626]","[1.3368071700155244, -2.1606604489301713, 8.958425782875977, 5.754850381545025, 1.1182724172401788]",11.003532869301669,0.02417350048199296,0.0006822531431680545,7.316874689422548e-05,True,False,9.013263470825095e-05,1.03125,47.71875,3.3125,cg,0,0.00019418491291167683,32
519,1,1.95325906584835,1.95325906584835,2.423173454091393,0.4283605953448133,"[0.38036786297476777, 1.364484151372063, 1e-05, 0.39253719609103443, 0.1546857524586053]","[1.336590553974143, -2.1506873655241137, 8.950095418142451, 5.742793221022308, 1.1102334151968711]",10.98764900525549,0.019080299884080887,0.0005226531648077071,7.360620656982064e-05,True,False,9.774266330353498e-05,1.03125,41.40625,3.3125,cg,0,0.00022092509311155695,32
520,1,1.945922297313536,1.945922297313536,2.414011611798803,0.42674099514150027,"[0.3801245733405224, 1.3648756249919973, 1e-05, 0.3914918781676547, 0.15448366493022417]","[1.3359067540078047, -2.140758756856992, 8.939921784955924, 5.731342655457969, 1.1007590535296194]",10.9703990611004,0.0370935988612473,0.0010875718580791727,7.160310633480549e-05,True,False,0.00010713174587761998,1.09375,69.75,3.3125,cg,0,0.00018497550495277792,32
521,1,1.9382599625237629,1.9382599625237629,2.4049200706196427,0.425133822536695,"[0.37988102581842303, 1.3652659040957453, 1e-05, 0.39044700411648947, 0.15428298689703712]","[1.335358439305429, -2.1308276005650253, 8.930601205171243, 5.719853381375504, 1.0930087786338796]",10.954023790606058,0.028903501573950052,0.0008315156446769834,7.171877950895578e-05,True,False,0.0001152900621614883,1.0625,55.90625,3.3125,cg,0,0.00017995873203746626,32
522,1,1.9311592630433638,1.9311592630433638,2.3958046073732864,0.42352242106790616,"[0.3796372143269182, 1.3656549533877869, 1e-05, 0.38940266580023375, 0.15408342392375393]","[1.3348195960344604, -2.120942594665641, 8.9210017450975, 5.707998175128396, 1.082820939913267]",10.937008609992086,0.027443700470030308,0.0007808031514286995,7.681248825974762e-05,True,False,0.00012419015385223275,1.0625,54.6875,3.3125,cg,0,0.00017290881519649304,32
523,1,1.9236555548932908,1.9236555548932908,2.3867777314167427,0.4219266797674557,"[0.3793931220630257, 1.3660428003156084, 1e-05, 0.3883588706679173, 0.15388541348444149]","[1.333929726183815, -2.110942013008734, 8.909851740209445, 5.696640565921252, 1.0737031275428222]",10.919040931903787,0.015895001124590635,0.00041829064139164984,7.842814375180751e-05,True,False,0.00013173244764708159,1.03125,33.0625,3.3125,cg,0,0.0001989062054597035,32
524,1,1.9166218028695723,1.9166218028695723,2.377725017605739,0.42032637093648023,"[0.37914879113059663, 1.3664294536903838, 1e-05, 0.38731543826374804, 0.15368874728744844]","[1.3335491009006588, -2.101103112854572, 8.900880583435283, 5.684702155417475, 1.0630656909167406]",10.902504754181386,0.027823698706924915,0.0007939187053125352,7.557187927886844e-05,True,False,0.00013978124499303135,1.03125,53.0,3.3125,cg,0,0.00022684681974149967,32
525,1,1.9092974353539423,1.9092974353539423,2.368849758961788,0.4187574320434997,"[0.37890415943708294, 1.3668148886266733, 1e-05, 0.38627261328305434, 0.15349373417536308]","[1.3328846877558813, -2.0912387689955447, 8.891140308299368, 5.67304188899273, 1.0540234715205312]",10.88561467784214,0.028981701005250216,0.0008251406397903338,8.053751662373543e-05,True,False,0.00011511472049186011,1.09375,62.34375,3.3125,cg,0,0.00018838947051103005,32
526,1,1.9018663687213766,1.9018663687213766,2.3598708810524385,0.4171701756792129,"[0.37865927024578233, 1.367199109239049, 1e-05, 0.385230312585048, 0.1533000797970634]","[1.3325945002566615, -2.0815679930942586, 8.881186253172086, 5.661331655045648, 1.0464318700226667]",10.868757907072114,0.020668202079832554,0.0005727938114432618,7.30875035515055e-05,True,False,0.00012324626303827912,1.03125,43.0625,3.3125,cg,0,0.00021571381835494563,32
527,1,1.8948639253971367,1.8948639253971367,2.3510178851079853,0.41560517231267796,"[0.37841405464496986, 1.3675821461988746, 1e-05, 0.38418855018626624, 0.15310752203124078]","[1.3318800717048591, -2.0717032370924593, 8.8710608759159, 5.649492886687631, 1.0355824654901418]",10.851303184952233,0.02612599777057767,0.0007449124386766925,7.152499165385962e-05,True,False,9.94299021117584e-05,1.09375,56.5625,3.3125,cg,0,0.00017777178712208297,32
528,1,1.8874026656482608,1.8874026656482608,2.3421964913286746,0.4140457554724611,"[0.37816857628188644, 1.367963981117979, 1e-05, 0.383147294073544, 0.15291665417919684]","[1.3315591832308, -2.061850400186737, 8.860466275475948, 5.637615387706106, 1.0268278527847778]",10.833707687075481,0.021034201607108116,0.0005861812824150547,7.113751780707389e-05,True,False,0.00010765303350579458,1.03125,43.0625,3.3125,cg,0,0.000205526075559348,32
529,1,1.8805326396062298,1.8805326396062298,2.333478799023403,0.41250467063612223,"[0.37792275846557294, 1.3683446172694336, 1e-05, 0.382106539504559, 0.15272709251068053]","[1.3304631685181987, -2.0519525642631193, 8.849109901998823, 5.625841768879371, 1.0153470441030201]",10.815193611529088,0.02076329756528139,0.0005755280726589262,7.332497625611722e-05,True,False,0.00011568040351628284,1.03125,42.78125,3.3125,cg,0,0.00023302720263362886,32
530,1,1.8734036608843685,1.8734036608843685,2.324639105990903,0.4109420189144002,"[0.377676722524621, 1.3687240746583214, 1e-05, 0.3810661805483657, 0.15253932942839474]","[1.330197402880286, -2.0423352284650145, 8.839832247708546, 5.613850751892934, 1.0064490934397643]",10.798678276803196,0.020210098009556532,0.0005595593247562647,7.200623804237694e-05,True,False,0.00012361005609706766,1.0625,45.03125,3.3125,cg,0,0.00022534861877776535,32
531,1,1.8662283969824376,1.8662283969824376,2.3159687633013943,0.4094093043866595,"[0.3774303595219164, 1.369102331177485, 1e-05, 0.38002645131345886, 0.15235292715442228]","[1.329606582190651, -2.0326978311002866, 8.829219372090117, 5.602052654766901, 0.99788744422908]",10.781168867733538,0.03388900123536587,0.00098526879446581,7.37624941393733e-05,True,False,0.00013195655204745194,1.09375,66.75,3.3125,cg,0,0.0001886223821272459,32
532,1,1.8590777481884047,1.8590777481884047,2.307405145267807,0.40789545629089924,"[0.37718370600996803, 1.3694794141924809, 1e-05, 0.378987222130988, 0.15216781040940533]","[1.3309154211592558, -2.0303543840825093, 8.84019117776374, 5.598127731800395, 1.0303447270314656]",10.790889638983833,0.018861202523112297,0.0005190625233808532,7.035005546640605e-05,True,False,0.00013987995631303818,1.03125,39.71875,3.3125,cg,0,0.00021498031092859193,32
533,1,1.8520615311823145,1.8520615311823145,2.298824947697231,0.4063786773193806,"[0.37693703210900853, 1.3698557231812336, 1e-05, 0.37794965656993224, 0.15197684474088183]","[1.330482580459279, -2.0210281668400367, 8.830383573699395, 5.586676741237019, 1.0220858768568395]",10.774322686715642,0.023470499087125063,0.0006631125143030658,7.034058216959238e-05,True,False,0.00011538874207372984,1.0625,51.46875,3.3125,cg,0,0.0002101606107345333,32
534,1,1.845016943388033,1.845016943388033,2.2901908308825285,0.40485236668207236,"[0.3766900592608728, 1.3702308796018121, 1e-05, 0.37691262122150954, 0.15178711849887458]","[1.3302494159554537, -2.011648353459383, 8.82112713242489, 5.574958319567706, 1.0135525035778794]",10.758067922980148,0.02939750114455819,0.000845724978717044,7.294693205039948e-05,True,False,0.00012298868528271,1.0625,60.6875,3.3125,cg,0,0.00020400745928483843,32
535,1,1.8379832877129951,1.8379832877129951,2.2816731940079835,0.4033466469836535,"[0.37644275659921356, 1.3706048590872875, 1e-05, 0.37587619751439744, 0.15159869200617349]","[1.3297767923693422, -2.0022873481204324, 8.810825549303164, 5.563342981802897, 1.005332220864494]",10.74102349916918,0.01983119873329997,0.0005470312025863677,7.269375782925636e-05,True,False,0.00013049353143035347,1.03125,40.34375,3.3125,cg,0,0.00023023464128124616,32
536,1,1.8307966187524354,1.8307966187524354,2.273141587082007,0.4018384577057095,"[0.376195149508074, 1.3709776889853114, 1e-05, 0.3748402919544263, 0.151411497141392]","[1.3291122595463902, -1.9927330391968268, 8.800508886630384, 5.551460525815257, 0.9974043906982071]",10.723805785070548,0.02674999926239252,0.000763409334467724,7.252814248204231e-05,True,False,0.00010684624226309225,1.09375,57.46875,3.3125,cg,0,0.00019351868726635857,32
537,1,1.823710661356225,1.823710661356225,2.2646568263572333,0.4003385497444013,"[0.3759472688048869, 1.3713493355964026, 1e-05, 0.3738049392752448, 0.15122548027189706]","[1.328164162104764, -1.9802871059361355, 8.788823456304218, 5.528917886421142, 0.9895913671303493]",10.699401800016958,0.02224010042846203,0.0006130781403044239,8.192499808501452e-05,True,False,0.00011477633433321088,1.03125,39.375,3.3125,cg,0,0.0002206044618500158,32
538,1,1.8169995191335047,1.8169995191335047,2.2563697474214592,0.39887358731647277,"[0.37569899994148587, 1.371719503413775, 1e-05, 0.3727714389003181, 0.15104049958128754]","[1.3276638437433312, -1.971155886065476, 8.77843993170728, 5.517769992569316, 0.9799003204705814]",10.682469039164287,0.029951497446745634,0.0008565249154344201,7.945937977638096e-05,True,False,0.00012277180324238302,1.0625,55.9375,3.3125,cg,0,0.0002130522518903888,32
539,1,1.8099705665849397,1.8099705665849397,2.247788512474579,0.3973566249609993,"[0.37545043121851523, 1.37208854841239, 1e-05, 0.3717383874640212, 0.15085704006143566]","[1.3271113038433224, -1.9617415746707587, 8.767522492384801, 5.506077922455188, 0.9711002170834876]",10.66485043462035,0.022513398434966803,0.000628456225967966,7.508747512474656e-05,True,False,0.00013085063429985055,1.03125,45.59375,3.3125,cg,0,0.0002407887449002999,32
540,1,1.8031584031281187,1.8031584031281187,2.2395423364947487,0.39589889322245037,"[0.37520155547255807, 1.3724564375987434, 1e-05, 0.3707058220369309, 0.1506749277621689]","[1.3310289357140985, -1.9629162229821249, 8.79355978668891, 5.502423475555167, 1.0262319106970281]",10.690237971490644,0.022057002410292625,0.0006168812687974423,7.240005652420223e-05,True,False,0.0001383893095256994,1.03125,45.8125,3.3125,cg,0,0.0002684039319924558,32
541,1,1.7962773088916875,1.7962773088916875,2.2312596400388633,0.3944347055148338,"[0.3749525378287714, 1.3728236728704057, 1e-05, 0.3696763924789146, 0.15048293354962886]","[1.3307815318678458, -1.9538745439459715, 8.783775800925625, 5.491191559629282, 1.0177811718791485]",10.67391145730293,0.03867700137197971,0.0011337938049109653,7.486248796340078e-05,True,False,0.0001138489552534594,1.125,76.40625,3.3125,cg,0,0.00019788828687383742,32
542,1,1.789377194303414,1.789377194303414,2.223185816655852,0.3930074416987763,"[0.3747031856513496, 1.3731897756906473, 1e-05, 0.3686474928892786, 0.15029222910620996]","[1.3308199298734513, -1.9447975010011747, 8.774390266881912, 5.4796137174059005, 1.0091076479183083]",10.657753435798323,0.027567901648581028,0.0007904250087449327,7.107191777322441e-05,True,False,0.00012220718670308273,1.0625,51.78125,3.3125,cg,0,0.00019165924531616696,32
543,1,1.782557393156548,1.782557393156548,2.2149288568963867,0.39154780363930075,"[0.3744534482300881, 1.3735547301836433, 1e-05, 0.36761920606506177, 0.15010286318516433]","[1.3304681878628521, -1.935398521316855, 8.764191698037823, 5.468317549795247, 0.9971188251644083]",10.640663134038292,0.02139529911801219,0.0005987187323626131,6.988436507526785e-05,True,False,0.00012923721302238178,1.03125,44.5,3.28125,cg,0,0.00021814597332214802,32
544,1,1.7757321303011389,1.7757321303011389,2.2068274866806434,0.39011567018518706,"[0.37420337581054464, 1.3739185042260607, 1e-05, 0.36659139088467346, 0.1499154465152613]","[1.3300316020769172, -1.9266823061947251, 8.75381402050341, 5.457287846304686, 0.9908655036056699]",10.624224854583499,0.024732899852097034,0.0007008655957179144,7.203752466011792e-05,True,False,0.0001373509681128482,1.03125,49.03125,3.28125,cg,0,0.0002461286724440015,32
545,1,1.7688475422764705,1.7688475422764705,2.1986838364681933,0.3886760626129784,"[0.37395299865453446, 1.3742812002970464, 1e-05, 0.36556406175328054, 0.1497289170475449]","[1.3301728999165487, -1.917805884699974, 8.744967354474346, 5.445565780478144, 0.983684963979327]",10.608657604228625,0.02966140117496252,0.000854153127875179,7.276565884239972e-05,True,False,0.000145671640740197,1.03125,57.34375,3.28125,cg,0,0.0002733217134593957,32
546,1,1.762073695277015,1.762073695277015,2.1906641660270414,0.3872583717750234,"[0.3737022274543666, 1.374642755162151, 1e-05, 0.3645374350144188, 0.1495434675777657]","[1.3299635958023606, -1.9089997691359164, 8.735297229925456, 5.434102940009438, 0.9765455729173134]",10.592526469094494,0.02953530102968216,0.0008484312565997243,7.454690057784319e-05,True,False,0.00012248201133768788,1.09375,58.4375,3.28125,cg,0,0.00023556669842550448,32
547,1,1.7551955603403613,1.7551955603403613,2.182689090944263,0.3858485643571473,"[0.3734511138792328, 1.3750031979280057, 1e-05, 0.3635114091733975, 0.14935908369622916]","[1.3342768575779078, -1.9216164752413387, 8.77159610955833, 5.455820198424364, 1.0749495241460192]",10.64590500787992,0.04226650018244982,0.001249303124495782,7.152500620577484e-05,True,False,0.00013006503105694733,1.0625,82.46875,3.25,cg,0,0.00022870586701451145,32
548,1,1.7484372950879576,1.7484372950879576,2.174582906992185,0.3844155799466323,"[0.3732004490731003, 1.3753642036806661, 1e-05, 0.3624864478960099, 0.1491571375914594]","[1.3342944566583181, -1.9132544466755603, 8.763882919818617, 5.4449404057740045, 1.069592048185228]",10.631929800325661,0.0372024979442358,0.001088109303964302,7.446875679306686e-05,True,False,0.00013854148669745214,1.0625,71.875,3.25,cg,0,0.00022414340646204067,32
549,1,1.741577303400035,1.741577303400035,2.1665811527717227,0.3830010562789631,"[0.37294945146841485, 1.3757241109566598, 1e-05, 0.361462185977897, 0.14895593384610514]","[1.3341575708214608, -1.9046708086572983, 8.75405527056045, 5.4342123457825116, 1.0628291469221833]",10.616096297969468,0.02450470020994544,0.0006847156764706597,8.105620509013534e-05,True,False,0.00011379209085671249,1.09375,55.75,3.25,cg,0,0.00018688607176953198,32
550,1,1.7347818965960689,1.7347818965960689,2.1586801773460897,0.38160434795359977,"[0.3726981052987402, 1.3760829379218678, 1e-05, 0.3604384175054294, 0.14875570409743089]","[1.334438181439161, -1.8961927721327114, 8.74608318516592, 5.423296381820928, 1.0558619179296087]",10.601756052929108,0.020155001897364855,0.0005487250600708649,8.111874922178686e-05,True,False,0.00012237649133561845,1.03125,41.8125,3.25,cg,0,0.00021486864663566863,32
551,1,1.7280836955261136,1.7280836955261136,2.1508986159810743,0.38022874925124434,"[0.3724463662142619, 1.376440650882341, 1e-05, 0.3594153235285007, 0.1485565178659125]","[1.334187927874169, -1.887975887110779, 8.73634681135213, 5.412882441135662, 1.0506815931996867]",10.586382484931423,0.031100899912416935,0.0008936124650062993,7.82906572567299e-05,True,False,0.0001299425115437458,1.0625,64.0625,3.25,cg,0,0.00020859803080996997,32
552,1,1.7212917371879275,1.7212917371879275,2.1429989876339666,0.378832279057971,"[0.3721943088321208, 1.3767973309644408, 1e-05, 0.35839271123420113, 0.14835802105274787]","[1.3347089609324612, -1.8792953312999043, 8.727885264862833, 5.401779846382182, 1.0414604433272179]",10.571331302775674,0.029909299220889807,0.0008558875124435872,7.877808820921928e-05,True,False,0.00013798340160198208,1.0625,60.375,3.25,cg,0,0.00020331709087040295,32
553,1,1.7145613131701951,1.7145613131701951,2.1351608421928514,0.37744667760963624,"[0.37194179400261096, 1.3771528765957897, 1e-05, 0.35737074348176623, 0.14816098618298548]","[1.3344310221859255, -1.8710397192867767, 8.717965735639279, 5.390918591590237, 1.0370800681076209]",10.555660125293954,0.02279650093987584,0.0006301406683633104,8.224998600780964e-05,True,False,0.00014618671690458385,1.03125,47.03125,3.25,cg,0,0.00023137242810289393,32
554,1,1.7079417707358227,1.7079417707358227,2.127264995002236,0.37605087583671204,"[0.37168895694529386, 1.3775073858726896, 1e-05, 0.3563493163939119, 0.14796448874830126]","[1.334523963948091, -1.862654446252109, 8.709691557137859, 5.380055340918012, 1.0297204418300718]",10.541085450589806,0.025862098671495914,0.0007173218327807263,9.086875070352107e-05,True,False,0.0001551185635286778,1.0625,53.40625,3.25,cg,0,0.00022532535312391744,32
555,1,1.70116420608681,1.70116420608681,2.1195621046887667,0.37468918434286447,"[0.3714357526675984, 1.3778607943437253, 1e-05, 0.35532853815136256, 0.14776911599536058]","[1.3343788789426465, -1.8543029026885782, 8.70027459356032, 5.368975586564298, 1.0247637320168392]",10.525674506007642,0.0365262976847589,0.0010553874453762546,8.605935727246106e-05,True,False,0.00016415797741142768,1.0625,67.6875,3.25,cg,0,0.00022164623100229264,32
556,1,1.6945178987924026,1.6945178987924026,2.11178169210209,0.3733137887177474,"[0.37118220523402456, 1.3782131333603753, 1e-05, 0.35430837063943926, 0.1475743990237623]","[1.3346200996340518, -1.8460149228868872, 8.690870612879829, 5.3581243534717675, 1.0178814639318359]",10.510270842255672,0.02769669983536005,0.00078099689562805,8.45249742269516e-05,True,False,0.00017173650180835054,1.03125,52.71875,3.25,cg,0,0.0002475314285304009,32
557,1,1.6880467663045833,1.6880467663045833,2.104639587611559,0.37205123108844806,"[0.37092824030399796, 1.3785644116386266, 1e-05, 0.3532887728700992, 0.14738070630563696]","[1.3385950836933893, -1.8593263354794418, 8.732377039641714, 5.3828557573616145, 1.1165802344367477]",10.570015492271201,0.03334739804267883,0.000958903125138022,8.320306369569153e-05,True,False,0.0001459370086478451,1.0625,64.8125,3.21875,cg,0,0.00024163866309478976,32
558,1,1.681172179136936,1.681172179136936,2.0964339471924616,0.3706006650923675,"[0.3706749587294259, 1.3789162231069567, 1e-05, 0.3522702586094932, 0.14716943315563116]","[1.3387281427782347, -1.8509806420659656, 8.72364351400706, 5.372008765838596, 1.1107706549336265]",10.555215211692998,0.0478336988016963,0.001395678089465946,9.912499808706343e-05,True,False,0.00015463257928649554,1.0625,81.5625,3.21875,cg,0,0.00023711774422707776,32
559,1,1.6744884255032089,1.6744884255032089,2.0886910883800174,0.3692319080993552,"[0.3704212967972337, 1.3792669465369898, 1e-05, 0.3512523714972762, 0.14695896456118737]","[1.3390162576968472, -1.8430119736674833, 8.715664945414035, 5.361732274028234, 1.105330981243793]",10.541461125983938,0.03284849738702178,0.0009261749364668503,0.00010034060687758029,True,False,0.00016292950760155023,1.03125,54.625,3.21875,cg,0,0.0002639937937143344,32
560,1,1.6678336364953337,1.6678336364953337,2.0812238705521175,0.3679118780086789,"[0.37016724923370015, 1.379616615705517, 1e-05, 0.3502351060139736, 0.14674925340863862]","[1.292786202318473, -1.8212606466794128, 8.625558850616041, 5.394316474688497, 0.9851005936398576]",10.462199835702538,0.03854649839922786,0.0011222687462577596,8.230932871811092e-05,True,False,0.0001412252827766025,1.0625,67.09375,3.21875,cg,0,0.00026105985663527065,32
561,1,1.6610351409804185,1.6610351409804185,2.073389800043016,0.3665269969133591,"[0.3699201145540923, 1.379964775877394, 1e-05, 0.3492039048213211, 0.14656093725925978]","[1.2924771354809614, -1.813550960700162, 8.616392829844788, 5.383440698176618, 0.9856225883229329]",10.447706699003135,0.030714498832821846,0.0008712562266737223,8.857186185196042e-05,True,False,0.00011676174690355978,1.09375,57.4375,3.21875,cg,0,0.00022384924085860902,32
562,1,1.6543155969623693,1.6543155969623693,2.0658098660220654,0.36518704122656886,"[0.36967269621194443, 1.3803119431577886, 1e-05, 0.3481733550838988, 0.14637225995109557]","[1.22486952245213, -1.8198430196238844, 8.523911762378912, 5.369352327405242, 1.2946505545962146]",10.391114962806244,0.04980019945651293,0.001469253096729517,8.700313628651202e-05,True,False,0.00012570854740090454,1.125,101.59375,3.21875,cg,0,0.00015345882025208368,32
563,1,1.6476440950459343,1.6476440950459343,2.0582882547407904,0.3638573956409592,"[0.369436942969541, 1.3806622122147594, 1e-05, 0.3471399044203064, 0.14612307580500428]","[1.2224660505204081, -1.808862855542075, 8.510010642397505, 5.3507890473623005, 1.2869041657277347]",10.366954951657373,0.04113340238109231,0.0011992281506536528,8.619067375548184e-05,True,False,0.00013575097929230395,1.03125,70.90625,3.21875,cg,0,0.00018301641751339304,32
564,1,1.6409459711638221,1.6409459711638221,2.050669968238653,0.36251066012928834,"[0.3692011039876793, 1.3810111792670525, 1e-05, 0.3461076265582345, 0.14587480537813263]","[1.2214636674456336, -1.800427312274219, 8.498984734570127, 5.341212879368169, 1.2782542963094143]",10.350301569755862,0.03339449968189001,0.0009580437181284651,8.553439693059772e-05,True,False,0.0001467606816407674,1.03125,65.28125,3.21875,cg,0,0.0002121786836939421,32
565,1,1.6341619173029522,1.6341619173029522,2.043171096382995,0.3611850343441922,"[0.36896507923823685, 1.3813590777896156, 1e-05, 0.345075538199677, 0.14562780691387125]","[1.22039659809056, -1.7920514614230563, 8.48704803241289, 5.331736937960449, 1.2706304008997804]",10.333088647292524,0.03384229959920049,0.0009754750062711537,8.209685620386153e-05,True,False,0.00012158613970525423,1.0625,68.0,3.21875,cg,0,0.00020691678991724416,32
566,1,1.6274967513680263,1.6274967513680263,2.035676200712472,0.3598601114559641,"[0.36872886785176195, 1.381705934672861, 1e-05, 0.34404356467860564, 0.14538187262565438]","[1.2196258421824275, -1.7839199342972105, 8.477915978249086, 5.322167417472104, 1.2638310988617993]",10.318316331999386,0.03785809921100736,0.0011068312596762553,7.623434066772461e-05,True,False,0.00013184537757560122,1.03125,71.03125,3.21875,cg,0,0.00023556898404653026,32
567,1,1.620767639082441,1.620767639082441,2.028161895508012,0.3585317574144693,"[0.368492467686692, 1.3820517120025582, 1e-05, 0.34301196858371735, 0.14513690415248984]","[1.218730795283457, -1.7752880333243146, 8.466023547480262, 5.312021842783455, 1.2542863803376854]",10.300549375700124,0.03726950008422136,0.001086756237782538,7.791563984937966e-05,True,False,0.00011032773190899903,1.0625,72.4375,3.21875,cg,0,0.00023275319670634786,32
568,1,1.6141627685085322,1.6141627685085322,2.0207427858851075,0.35722023173328876,"[0.3682558335518098, 1.382396409740203, 1e-05, 0.3419805630443586, 0.14489336638873232]","[1.2179216022070756, -1.7671770505801152, 8.456166758037995, 5.302407860728879, 1.2472640638067827]",10.285144664191638,0.033497597090899944,0.0009708499419502914,7.594996714033186e-05,True,False,0.00012034934174387502,1.03125,63.46875,3.21875,cg,0,0.0002622272291188388,32
569,1,1.6074999866906032,1.6074999866906032,2.0133894037134605,0.3559203251337318,"[0.3680190023468334, 1.3827400465305655, 1e-05, 0.34094948219263777, 0.1446508293891259]","[1.2167717563947926, -1.7586423428326399, 8.443832752943056, 5.292541335396029, 1.2379776702059793]",10.26719291995831,0.04274280276149511,0.0012539000599645078,8.181252633221447e-05,True,False,0.00013089117070963496,1.09375,83.5625,3.21875,cg,0,0.0002263034474547787,32
570,1,1.6008187231425084,1.6008187231425084,2.0059383167354246,0.3546031466013868,"[0.36778198103716053, 1.3830826216348557, 1e-05, 0.3399185204923677, 0.14440967726902132]","[1.2160185616816148, -1.7502664760303688, 8.433195545776409, 5.282415953071706, 1.229812776843468]",10.2507208897778,0.038588798604905605,0.0011222249740967527,8.367498230654746e-05,True,False,0.00014053594852425633,1.0625,73.0625,3.21875,cg,0,0.00022065407261084857,32
571,1,1.5942402270829694,1.5942402270829694,1.9985964934342706,0.35330528334075695,"[0.36754472580903785, 1.3834241130274474, 1e-05, 0.3388878776703933, 0.1441697306760066]","[1.21514791743765, -1.7417680622230038, 8.421688733625823, 5.27232452759024, 1.2198761956979445]",10.23331253441296,0.05603250302374363,0.0016588063299423084,9.220938954968005e-05,True,False,0.00015109406104141243,1.0625,92.875,3.21875,cg,0,0.000218942024326374,32
572,1,1.5876484697798503,1.5876484697798503,1.9913070958235741,0.3520166877204348,"[0.3673072371340399, 1.3837645244154892, 1e-05, 0.3378574538444142, 0.14393131790565947]","[1.2144168735199383, -1.7335242200769891, 8.410984111536042, 5.262291295579878, 1.2118703986447759]",10.216893257318606,0.03319909889250994,0.0009542374755255878,8.323436486534774e-05,True,False,0.00015996085707081775,1.03125,65.90625,3.21875,cg,0,0.00024678809139588864,32
573,1,1.5808212236393224,1.5808212236393224,1.9840054916940353,0.3507259342720507,"[0.3670695099027152, 1.3841038691020289, 1e-05, 0.3368273381012952, 0.14369408915754506]","[1.2135219945806957, -1.7249568885534239, 8.398886223690951, 5.251837534529071, 1.2037431911237475]",10.199029211472523,0.05001170001924038,0.001481900006183423,8.096561941783875e-05,True,False,0.000134472091500637,1.09375,92.96875,3.21875,cg,0,0.00020681196600413898,32
574,1,1.5743091591955074,1.5743091591955074,1.976784634364487,0.3494494549761247,"[0.36683154176490523, 1.3844421281368091, 1e-05, 0.3357974680175609, 0.14345803861468523]","[1.2170144183731104, -1.7214925751926635, 8.423312674717062, 5.239802757510571, 1.2348392696253527]",10.216516928799406,0.0430965987034142,0.0012631531135411933,8.36155959405005e-05,True,False,0.00014680828328739182,1.03125,73.875,3.21875,cg,0,0.0002380946501863157,32
575,1,1.5678013559707529,1.5678013559707529,1.9696502655157488,0.34818826482801746,"[0.3665932972777213, 1.3847791299911636, 1e-05, 0.3347717167182649, 0.14321630470906743]","[1.2163442250395395, -1.7132292608566606, 8.412462165973036, 5.229336953569135, 1.2265983632885358]",10.199739015619766,0.045169702265411615,0.0013378219155129045,7.373128028120846e-05,True,False,0.00015831650070552428,1.03125,78.84375,3.25,cg,0,0.0002684307440885547,32
576,1,1.5614617276033007,1.5614617276033007,1.9624967733241605,0.34692369411855817,"[0.36635479230753376, 1.3851150658926734, 1e-05, 0.33374633029513223, 0.14297578907209085]","[1.2157711849471127, -1.705037952514757, 8.403015629870138, 5.219108294683804, 1.2169729438797183]",10.184107236634825,0.04455810086801648,0.0013184531562728807,7.398749585263431e-05,True,False,0.00016888991805874554,1.0625,84.8125,3.25,cg,0,0.00026392836818089904,32
577,1,1.5548322360887257,1.5548322360887257,1.955395941438102,0.34566843252388374,"[0.3661160337876992, 1.3854499087832144, 1e-05, 0.3327213787362176, 0.14273679454552451]","[1.213134523612069, -1.694041002665328, 8.374361175389836, 5.210075423861003, 1.1844847928165685]",10.149841650671284,0.04461060091853142,0.0013158000365365297,7.828124216757715e-05,True,False,0.00018092272463077208,1.03125,81.90625,3.28125,cg,0,0.0002942359446334031,32
578,1,1.5485873656887712,1.5485873656887712,1.9482710701282508,0.34440892131931444,"[0.36587698877296, 1.3857837151736592, 1e-05, 0.3316947468728519, 0.14250339488600933]","[1.2123352457051901, -1.68569110136341, 8.363258532675106, 5.198519014442371, 1.1760972348916714]",10.132285486058736,0.03371369885280728,0.0009787562303245068,7.479685882572085e-05,True,False,0.00019360133559054304,1.0625,69.625,3.28125,cg,0,0.00029318571013092765,32
579,1,1.5419525181308804,1.5419525181308804,1.941052183484192,0.3431327903946567,"[0.3656376873345523, 1.3861164517716393, 1e-05, 0.3306686172753229, 0.14227124642623806]","[1.2119333792959681, -1.6764679820668291, 8.350082508606132, 5.1856474385446525, 1.1638877929724205]",10.111813856217488,0.03729729726910591,0.00109065932338126,7.488121627829969e-05,True,False,0.00017310955249483229,1.0625,72.625,3.28125,cg,0,0.0002919565991694739,32
580,1,1.5352210715762546,1.5352210715762546,1.934023391948301,0.3418902638550129,"[0.36539798090870057, 1.3864480377770265, 1e-05, 0.32964295610082583, 0.14204104286248442]","[1.2113789402411896, -1.6682843441236797, 8.338419464350814, 5.173671296217064, 1.160650628391517]",10.094247634948259,0.040063099935650826,0.0011764156224671751,7.555625052191317e-05,True,False,0.0001851419059968329,1.03125,68.5,3.28125,cg,0,0.00032322505035820015,32
581,1,1.5292069246405011,1.5292069246405011,1.9271408942209607,0.3406735986513871,"[0.3651579671931806, 1.386778579369484, 1e-05, 0.3286178829140353, 0.14181108008165108]","[1.2109195798793195, -1.6600356777051135, 8.327663871430627, 5.161599050417227, 1.1516688812590035]",10.076729439905009,0.06008020183071494,0.0018002844299189746,7.722187729086727e-05,True,False,0.00016204603373548565,1.125,115.09375,3.28125,cg,0,0.000253807513415083,32
582,1,1.5225505317136971,1.5225505317136971,1.9193295625927296,0.33929273726028225,"[0.3649176273910691, 1.38710805843061, 1e-05, 0.32759342372205497, 0.14158250018615762]","[1.2928147702141248, -1.7990845164182339, 8.401479806342575, 5.681550412536433, 1.1451622468651423]",10.444345346909966,0.03349769953638315,0.0009755843348102644,7.121877570170909e-05,True,False,0.0001742117466809745,1.03125,65.21875,3.28125,cg,0,0.00028526247908899904,32
583,1,1.515221729380965,1.515221729380965,1.9094673029662794,0.337549319595361,"[0.36467006476705593, 1.3874525672449949, 1e-05, 0.32650545693748795, 0.14136321171785848]","[1.2921779404256764, -1.7942600988885524, 8.395601171249147, 5.667303811370753, 1.1840560743584654]",10.435302268572244,0.04807779984548688,0.0014264219062170014,7.60093389544636e-05,True,False,0.00015665647833085217,1.125,95.28125,3.3125,cg,0,0.00022275963853690683,32
584,1,1.5078006238432053,1.5078006238432053,1.8995318985607468,0.3357929716381153,"[0.36442240966190514, 1.3877964499716353, 1e-05, 0.32541927779960217, 0.14113627893838146]","[1.2904741311436023, -1.7826686537632124, 8.379545541390439, 5.6458539710852875, 1.1766024564786242]",10.40769306311001,0.03279879968613386,0.0009512874821666628,7.367500802502036e-05,True,False,0.00017090943341546705,1.0625,65.3125,3.3125,cg,0,0.00022554438233512997,32
585,1,1.5004012459724152,1.5004012459724152,1.8895838994833443,0.33403439723639805,"[0.3641744249984078, 1.3881390174633517, 1e-05, 0.3243343391996055, 0.1409101764871983]","[1.2890038349675488, -1.7711847178409637, 8.365598061396204, 5.62452960292322, 1.168953544730711]",10.381890134267866,0.03309339890256524,0.0009634406014811248,7.072811422403902e-05,True,False,0.00018343127485742627,1.03125,66.96875,3.3125,cg,0,0.0002588975852773068,32
586,1,1.4932073485618897,1.4932073485618897,1.8799441301060436,0.3323303106624571,"[0.3639261072415884, 1.388480224063453, 1e-05, 0.3232508121097134, 0.14068498559623333]","[1.2874250195730006, -1.759730740651096, 8.349996622575652, 5.603545906348634, 1.1594309053658962]",10.354736394834681,0.03619199991226196,0.0010588343866402283,7.216561061795801e-05,True,False,0.0001975468225197119,1.0625,71.15625,3.3125,cg,0,0.00025871353687723087,32
587,1,1.486146781719955,1.486146781719955,1.8704365866324075,0.33064959854679865,"[0.36367744325433504, 1.3888201131100462, 1e-05, 0.32216849659879365, 0.1404610434578642]","[1.2861002915332922, -1.7485927040273326, 8.334595146648828, 5.582558826658127, 1.1512222088379278]",10.32799023480474,0.03212020080536604,0.0009280594094889238,7.569686567876488e-05,True,False,0.00021118569977973678,1.03125,62.5625,3.3125,cg,0,0.00029300732376924543,32
588,1,1.479019216272913,1.479019216272913,1.8614562871554896,0.329062090882495,"[0.36342839183926406, 1.3891587254952449, 1e-05, 0.3210874423570294, 0.14023811098357758]","[1.2847452211052017, -1.7375866174772467, 8.319557160052119, 5.561993686696537, 1.1437637941471224]",10.301882267984677,0.03896590322256088,0.0011432688479544595,7.441562775056809e-05,True,False,0.00019185774807572997,1.0625,73.4375,3.3125,cg,0,0.000294370335617522,32
589,1,1.4714470313729584,1.4714470313729584,1.8507759673417752,0.32717405924111537,"[0.36317897232784657, 1.3894960593090293, 1e-05, 0.3200076409107555, 0.14001606150479629]","[1.2832773376178228, -1.7252758761284739, 8.302130727093568, 5.537977743720297, 1.1344751918073803]",10.27156188875447,0.040390197187662125,0.0011896468204213306,7.254684169311076e-05,True,False,0.00020516361881339762,1.0625,79.78125,3.28125,cg,0,0.00029630045567552443,32
590,1,1.4646581893574124,1.4646581893574124,1.8417076633179612,0.3255709944238403,"[0.3629291023759558, 1.3898319918370412, 1e-05, 0.3189293282250783, 0.13979516516907173]","[1.2819633856239403, -1.7142965880522298, 8.287580153245191, 5.517535952999419, 1.1240049562078231]",10.245624326734434,0.04566369904205203,0.0013507093535736203,7.628124149050564e-05,True,False,0.0002192847070325854,1.03125,74.6875,3.28125,cg,0,0.0003309608153285737,32
591,1,1.4574817972859249,1.4574817972859249,1.8325345335025096,0.3239493988495377,"[0.3626788563500199, 1.390166631588259, 1e-05, 0.3178522760559755, 0.1395757534631076]","[1.2803714797153987, -1.703274674732845, 8.27116781121248, 5.496697748752109, 1.1173183332726002]",10.218355988313183,0.04843300022184849,0.001432396864402108,8.113439253065735e-05,True,False,0.0002319405010164921,1.0625,88.0625,3.28125,cg,0,0.0003307260423013325,32
592,1,1.4505647896315788,1.4505647896315788,1.8232750073612343,0.32231253041827024,"[0.36242825410420765, 1.390500007069895, 1e-05, 0.3167764282866277, 0.1393570649902376]","[1.2772305299281879, -1.692023327855839, 8.251467955648078, 5.476490555927939, 1.1088871987959996]",10.188354323466454,0.04900470096617937,0.0014514312497340143,7.996565545909107e-05,True,False,0.0002481196755459436,1.0625,94.875,3.28125,cg,0,0.0003336331270271664,32
593,1,1.4435955534902067,1.4435955534902067,1.8139921814570141,0.3206715431319082,"[0.3621775304859956, 1.390832155574741, 1e-05, 0.315701379190077, 0.1391393875982896]","[1.277694088244618, -1.680838726750555, 8.239195788972387, 5.453647190140616, 1.0978967519087275]",10.163154687885074,0.04731759987771511,0.0013993593747727573,7.931562140583992e-05,True,False,0.000260605277097703,1.09375,84.375,3.28125,cg,0,0.000301444428842057,32
594,1,1.4364193441241593,1.4364193441241593,1.8046409816055284,0.31901846892510416,"[0.36192609397295267, 1.3911629266351457, 1e-05, 0.3146281598291428, 0.13892333327548972]","[1.2760273108877178, -1.6692915045335843, 8.221021960691164, 5.431462310524278, 1.0885915788299259]",10.133400039451265,0.0372744002379477,0.0010866812808671966,7.814372656866908e-05,True,False,0.00027343381771505193,1.03125,74.15625,3.28125,cg,0,0.000335249713682817,32
595,1,1.4300327394642018,1.4300327394642018,1.7962991622783937,0.31754382967169165,"[0.36167424813526855, 1.3914923898948355, 1e-05, 0.3135561677457665, 0.13870848108876377]","[1.2747079714146587, -1.6590788883190706, 8.20642170976488, 5.412308128891275, 1.0790694238993326]",10.108424731490633,0.046852200757712126,0.0013871812698198482,7.695000385865569e-05,True,False,0.00022125041749143648,1.125,90.59375,3.28125,cg,0,0.0002721414065680605,32
596,1,1.4225486622245205,1.4225486622245205,1.7867735223830337,0.3158599185304041,"[0.3614220410891365, 1.3918206465584058, 1e-05, 0.3124853167927995, 0.13849498206147598]","[1.2734147104685534, -1.646860362489153, 8.186584954622887, 5.3878369240533655, 1.0690056700151216]",10.075984673487289,0.03434380004182458,0.0009956531139323488,7.759063737466931e-05,True,False,0.00023518961456225895,1.03125,70.8125,3.28125,cg,0,0.0003063639550155983,32
597,1,1.4157563028377287,1.4157563028377287,1.7779368158385105,0.3142977947501571,"[0.361169278753423, 1.3921475347813819, 1e-05, 0.31141587552266825, 0.1382827932373461]","[1.2720544060721717, -1.6359699287167373, 8.170181886134085, 5.366707037994594, 1.0597007608911992]",10.048427847503344,0.0415917974896729,0.0012249999272171408,7.474374433513731e-05,True,False,0.00024954611462790766,1.03125,78.125,3.28125,cg,0,0.00034198991327283323,32
598,1,1.408958915861259,1.408958915861259,1.7691261918637198,0.3127402817603923,"[0.36091609399153773, 1.392473151873604, 1e-05, 0.3103477070252861, 0.13807187451914105]","[1.2661721740809384, -1.6226386765558858, 8.143207566969513, 5.340315064541477, 1.0493101599891559]",10.00839620160226,0.0350098991766572,0.001020649986458011,7.340936281252652e-05,True,False,0.0002614658555928351,1.03125,69.53125,3.25,cg,0,0.00037407208042949947,32
599,1,1.4021750475261192,1.4021750475261192,1.760421006596695,0.3112014078769427,"[0.3606630719991127, 1.3927974073574414, 1e-05, 0.30928054002741023, 0.13786218854373644]","[1.2644580718701568, -1.6119505995125076, 8.126085161381566, 5.320702385916789, 1.0390988999546602]",9.980986895302468,0.038162801414728165,0.0011211468954570591,7.1440648753196e-05,True,False,0.00027321753350761924,1.03125,75.03125,3.25,cg,0,0.00040712281368637804,32
600,1,1.3956492726100675,1.3956492726100675,1.751718837700054,0.3096630672174814,"[0.36040969864334993, 1.3931204116086762, 1e-05, 0.308214372434727, 0.13765397288114709]","[1.2718741520678418, -1.6072943583841537, 8.124511625113094, 5.297550010024521, 1.071847131445963]",9.97104009327459,0.05214339913800359,0.0015558375453110784,7.364367775153369e-05,True,False,0.00028732672350573196,1.09375,97.9375,3.25,cg,0,0.0003785019522255517,32
601,1,1.389007736496331,1.389007736496331,1.743228774929804,0.30816222197809556,"[0.36015458500624836, 1.393442804126044, 1e-05, 0.3071517851900791, 0.13743898083993336]","[1.2706265110306643, -1.596577387222436, 8.106181483832204, 5.276271822984712, 1.0624261542727467]",9.941907413371604,0.04770979983732104,0.001416678132954985,7.425311196129769e-05,True,False,0.0003009034917162978,1.0625,92.96875,3.25,cg,0,0.0003817007710269493,32
602,1,1.3820470691200128,1.3820470691200128,1.7346568676994438,0.3066469085455231,"[0.35989897479825267, 1.3937639854287214, 1e-05, 0.30609036475975854, 0.13722525401468916]","[1.268849776627065, -1.585661863442888, 8.08822835238989, 5.255710747794225, 1.0529431989184428]",9.913371072740883,0.03944250009953976,0.0011586000036913902,7.397812441922724e-05,True,False,0.00024866127655531756,1.09375,82.53125,3.25,cg,0,0.0003504407919465713,32
603,1,1.3755919950288789,1.3755919950288789,1.725992606007421,0.3051152689964221,"[0.35964298725028565, 1.3940838890924998, 1e-05, 0.3050300371055833, 0.13701282512625432]","[1.2679890375306397, -1.5750407927452386, 8.070149461596767, 5.23417124716073, 1.042298558333289]",9.884270178416198,0.0546583984978497,0.0016377593419747427,7.03156110830605e-05,True,False,0.0002613796517354494,1.09375,107.0,3.25,cg,0,0.0003163441062215,32
604,1,1.3689986973105523,1.3689986973105523,1.7173476139765742,0.3035870358743432,"[0.3593864201968736, 1.3944025855190756, 1e-05, 0.3039709460139495, 0.13680192466736077]","[1.2671371334263366, -1.5642619139938299, 8.05379637553511, 5.211991670281018, 1.0322299477166463]",9.856294625522507,0.03757210075855255,0.0011003906256519258,7.373752305284142e-05,True,False,0.00027524206309736954,1.03125,72.78125,3.28125,cg,0,0.00035129793570165546,32
605,1,1.3623456425918197,1.3623456425918197,1.7090827953949355,0.3021260085582549,"[0.3591292977829359, 1.3947199993085913, 1e-05, 0.3029133494489572, 0.13659246868276814]","[1.2657302649255322, -1.5534395540629278, 8.034013140776574, 5.190622018522725, 1.021597202421667]",9.825824773575757,0.03409470012411475,0.0009890468645608053,7.641251431778073e-05,True,False,0.0002881705189605732,1.03125,67.5625,3.28125,cg,0,0.0003847524621436449,32
606,1,1.3560944348124084,1.3560944348124084,1.701117422303045,0.3007179162262657,"[0.3588716643946018, 1.3950361945572756, 1e-05, 0.30185682297151517, 0.1363845274206636]","[1.2649017631764898, -1.5434868437001004, 8.017911646275849, 5.1705687842233345, 1.012266839319638]",9.79942350248315,0.032608102075755596,0.000946493775700219,7.25094141671434e-05,True,False,0.0002987807797221187,1.03125,69.65625,3.28125,cg,0,0.00041578216651450006,32
607,1,1.3495984701238974,1.3495984701238974,1.6930138778612378,0.2992853984196536,"[0.3586135059911555, 1.3953512104034937, 1e-05, 0.30080154277418814, 0.13617793019809027]","[1.2638262385027748, -1.5329138089774375, 7.999058303530675, 5.149056480635652, 1.0020765389788275]",9.769798118738821,0.04752850253134966,0.0014129000919638202,7.236561214085668e-05,True,False,0.00028342651409163366,1.09375,95.0625,3.28125,cg,0,0.00039054350149747563,32
608,1,1.3432863795320233,1.3432863795320233,1.6848839798136614,0.2978482219097045,"[0.3583547849361217, 1.3956650170533733, 1e-05, 0.29974746644271666, 0.13597279258384332]","[1.2624452439032448, -1.5220297964204879, 7.979298939966306, 5.127119461945521, 0.9888645302883194]",9.738827511806337,0.03894370002672076,0.0011428625148255378,7.412811100948602e-05,True,False,0.00026631876147575895,1.09375,78.84375,3.28125,cg,0,0.000358497005420233,32
609,1,1.3369752601809481,1.3369752601809481,1.6772906453190035,0.2965058973314569,"[0.35809552472389533, 1.3959775864657422, 1e-05, 0.2986945430892219, 0.1357697158728146]","[1.2619626141210616, -1.5122561821832319, 7.962799319107339, 5.1070138376476635, 0.9804950508995431]",9.712291299128655,0.04980249935761094,0.001480943727074191,7.538437785115093e-05,True,False,0.0002135942990046935,1.125,93.3125,3.28125,cg,0,0.0002931539636326086,32
610,1,1.3303023329281178,1.3303023329281178,1.6688402361031909,0.2950120619163813,"[0.35783565553852514, 1.396288997261702, 1e-05, 0.2976428831503195, 0.1355678077914772]","[1.261089777688677, -1.5013916637936693, 7.944554130175794, 5.084433394181752, 0.969796925603569]",9.68258404040853,0.0467377994209528,0.0013850312097929418,7.55250221118331e-05,True,False,0.0002267312525132681,1.03125,86.8125,3.28125,cg,0,0.0003265475020857167,32
611,1,1.3237589182822944,1.3237589182822944,1.6608229905312806,0.29359479973879743,"[0.3575751693351944, 1.3965991193649283, 1e-05, 0.2965926607360471, 0.13536748999997525]","[1.2600534539752066, -1.4910812966357838, 7.924968906142639, 5.063548805975259, 0.9603465556807201]",9.652874303588586,0.042726301588118076,0.0012477812706492841,8.741565397940576e-05,True,False,0.00020951356855247738,1.0625,79.59375,3.28125,cg,0,0.0003326920999353611,32
612,1,1.3179406181852076,1.3179406181852076,1.6530007194612795,0.2922120045093281,"[0.35731409612234294, 1.3969080597384556, 1e-05, 0.29554353305734765, 0.13516851371055558]","[1.2590761935912178, -1.4805154109650018, 7.907842430572155, 5.042184085012588, 0.9436134235524344]",9.62419852717061,0.04718119744211435,0.0013697780814254656,0.0001046343386406079,True,False,0.00018872503871980584,1.0625,83.09375,3.28125,cg,0,0.0003325395238098494,32
613,1,1.311565796854744,1.311565796854744,1.645235825434965,0.2908393522040277,"[0.3570524481129205, 1.397215724923589, 1e-05, 0.2944957192429809, 0.13497242186544445]","[1.2582941644346206, -1.4705196200452595, 7.88846527971657, 5.019929564736876, 0.9380892590313586]",9.594442189065056,0.04277119878679514,0.001249324981472455,8.727498061489314e-05,True,False,0.00020156392633419173,1.0625,81.78125,3.28125,cg,0,0.0003321677805727674,32
614,1,1.3053154335375687,1.3053154335375687,1.637513526747192,0.2894742297619096,"[0.35679015164179523, 1.3975222606431055, 1e-05, 0.2934492947682084, 0.1347768733925999]","[1.2570240112148514, -1.4598922399760605, 7.868483416859462, 4.998163133943857, 0.9251257691696624]",9.563572470620096,0.05368339689448476,0.0015935093251755461,8.409682777710259e-05,True,False,0.00018289780399083355,1.125,106.625,3.28125,cg,0,0.00026400653347913305,32
615,1,1.299098869115545,1.299098869115545,1.6297319158244554,0.288098622298904,"[0.35652727414179297, 1.3978275633412987, 1e-05, 0.2924040445442412, 0.13458340473391298]","[1.255995041998605, -1.449475608377339, 7.849212453879728, 4.976221413014867, 0.9136142012584964]",9.53342067104119,0.040599300526082516,0.0011858562211273238,8.287192031275481e-05,True,False,0.00019572706365389436,1.0625,79.15625,3.28125,cg,0,0.0002653442467748235,32
616,1,1.2928590270897542,1.2928590270897542,1.6221564242351358,0.2867594519304966,"[0.3562637810924026, 1.398131646347439, 1e-05, 0.2913600915741161, 0.13439173917488906]","[1.2550939242860746, -1.4392656940892805, 7.830210432507181, 4.954756452051443, 0.9028874201533609]",9.503881265405361,0.05174919916316867,0.0015364343562396243,8.072811760939658e-05,True,False,0.0001770026872005559,1.09375,88.96875,3.28125,cg,0,0.00023213762682372518,32
617,1,1.286497179427059,1.286497179427059,1.6145589524330681,0.28541639597271773,"[0.3559996587009071, 1.3984345259086928, 1e-05, 0.2903174109443473, 0.13420173523968737]","[1.2542243196716947, -1.4290449413805335, 7.809685534013422, 4.933192024326735, 0.8928309301356991]",9.47311811640748,0.03759260103106499,0.0010930062853731215,8.176249684765935e-05,True,False,0.00018934888266741723,1.03125,72.90625,3.28125,cg,0,0.00026556298868163353,32
618,1,1.2809259984696755,1.2809259984696755,1.6072836411667986,0.2841302904898122,"[0.3557348621884754, 1.398736231202276, 1e-05, 0.28927589705986156, 0.13401323744644333]","[1.2535715181898082, -1.4189751811373172, 7.7923566995649605, 4.911653758456142, 0.8776272153372351]",9.444592485714365,0.0506813982501626,0.0014960499538574368,8.774374146014452e-05,True,False,0.00020101507633674132,1.0625,92.28125,3.28125,cg,0,0.0002641065896256123,32
619,1,1.2745927290605807,1.2745927290605807,1.5994434744129624,0.28274433172049446,"[0.3554694041456952, 1.3990367153540555, 1e-05, 0.2882357984499183, 0.1338273898904854]","[1.2521332856933802, -1.4084502923302258, 7.7703105059925175, 4.889227164151139, 0.8671472712331869]",9.412002018875933,0.04608320025727153,0.0013653375062858686,7.476250175386667e-05,True,False,0.00015197398175903487,1.09375,90.25,3.28125,cg,0,0.00023530687260109318,32
620,1,1.2686404954973294,1.2686404954973294,1.5925296000683,0.28152211986214887,"[0.35520333253137787, 1.3993360034947413, 1e-05, 0.2871968638738682, 0.13364312574149734]","[1.2514435629850218, -1.3984536839800061, 7.748908886574456, 4.86674868222366, 0.8572368937235245]",9.380163669035468,0.03797859838232398,0.00110477494308725,8.205625636037439e-05,True,False,0.00016515405858319454,1.03125,76.3125,3.28125,cg,0,0.000268597015829819,32
621,1,1.2628467655828086,1.2628467655828086,1.5850537873372754,0.2802005703929018,"[0.35493650487100714, 1.399634176049757, 1e-05, 0.28615919569377657, 0.13346034920925795]","[1.2511403168919553, -1.3885031054729882, 7.732566938550248, 4.844765102940142, 0.8443369933214361]",9.352568539528523,0.05650989804416895,0.0016764655738370493,8.946874004323035e-05,True,False,0.00017827749472099086,1.0625,100.8125,3.28125,cg,0,0.0002669636380323581,32
622,1,1.256811206865728,1.256811206865728,1.5776957519232078,0.2788998412085273,"[0.3546689547725566, 1.3999311004934445, 1e-05, 0.2851231669104652, 0.13327979196668602]","[1.2869863313771654, -1.4613452935267623, 7.763005944236483, 5.180544044807423, 0.8414025379800326]",9.570899644517455,0.0383403985761106,0.0011134843371110037,8.46531183924526e-05,True,False,0.00019043604031176997,1.03125,73.4375,3.3125,cg,0,0.0003002141577583828,32
623,1,1.250445263394178,1.250445263394178,1.5684381536439442,0.2772633135783352,"[0.3544000173938265, 1.4002364731015904, 1e-05, 0.2840406053464154, 0.13310396679472863]","[1.2950940320774598, -1.462570298655144, 7.785499531820903, 5.164934454814121, 0.9138743621338505]",9.588644203572574,0.050852999091148376,0.0015102781326277182,7.887808897066861e-05,True,False,0.00017171295629170302,1.125,98.75,3.34375,cg,0,0.00023892783625090175,32
624,1,1.2441132937195154,1.2441132937195154,1.5595447324411968,0.2756911639682325,"[0.3541298866006827, 1.4005415361047535, 1e-05, 0.282963302999051, 0.1329133508238705]","[1.29534286345069, -1.4528643831452865, 7.771621712704721, 5.141417458181097, 0.9087376856349192]",9.562782532070397,0.03585879784077406,0.001041596828144975,7.899060437921435e-05,True,False,0.0001866614370147346,1.03125,78.03125,3.34375,cg,0,0.00027542847079642385,32
625,1,1.2375289437589974,1.2375289437589974,1.5500263304539494,0.274008532320422,"[0.35385897322186827, 1.4008453941875074, 1e-05, 0.28188800562814437, 0.13272329365536495]","[1.2951584025799743, -1.4426662305859215, 7.7559571526485565, 5.117313946335769, 0.9024939650747921]",9.534935231910376,0.04555919673293829,0.0013501718203769997,7.355307752732188e-05,True,False,0.00020040478448191124,1.0625,90.71875,3.34375,cg,0,0.00027668805496317006,32
626,1,1.2309097328080858,1.2309097328080858,1.5413392570095048,0.2724728601851139,"[0.3535873073172883, 1.4011480005912944, 1e-05, 0.2808146236236871, 0.1325339910658812]","[1.2939604505783646, -1.4326349118203974, 7.73662632565058, 5.094637652926012, 0.8977128547121098]",9.504913704242876,0.038161599077284336,0.0011018624645657837,9.068750659935176e-05,True,False,0.00021465782105511977,1.03125,74.5625,3.34375,cg,0,0.0003124523334459006,32
627,1,1.224441830170657,1.224441830170657,1.5323018496643637,0.2708752571805903,"[0.3533150354186251, 1.401449452020786, 1e-05, 0.2797426228016037, 0.13234509658823498]","[1.2503313908114364, -1.4494331711008088, 7.6499107358868, 5.259800668543768, 0.8914593025266315]",9.520794196507278,0.06676989980041981,0.0019957187469117343,9.084062185138464e-05,True,False,0.0002260239791835872,1.09375,109.78125,3.34375,cg,0,0.00027928529655651957,32
628,1,1.217864464254119,1.217864464254119,1.5230971069256638,0.2692480731781872,"[0.3530523826682613, 1.4017539293870713, 1e-05, 0.27863771483711464, 0.13215783084463556]","[1.254313347981849, -1.452303586996079, 7.6747574229446265, 5.2603390098728315, 0.9597946328938659]",9.548652335324212,0.050675899256020784,0.0014994531084084883,8.416874334216118e-05,True,False,0.00020660336928246537,1.0625,90.15625,3.34375,cg,0,0.00028294950373730643,32
629,1,1.211151330889166,1.211151330889166,1.5138843468860512,0.26761947190382357,"[0.3527896621703727, 1.4020581196614352, 1e-05, 0.27753591767776853, 0.13195679836401153]","[1.251905009961398, -1.4381119526491986, 7.6377618461138725, 5.236111788909333, 0.9174259576917809]",9.498914422926113,0.054626097436994314,0.0016183499537874013,8.8715591118671e-05,True,False,0.0002207289010920377,1.03125,96.15625,3.34375,cg,0,0.00031872572603797167,32
630,1,1.2044002739018234,1.2044002739018234,1.504747065990052,0.2660042135830317,"[0.35252607310027684, 1.4023609146732583, 1e-05, 0.27643345237379224, 0.13176363398401017]","[1.251732639102423, -1.429124095290147, 7.625568686127058, 5.216221273194748, 0.9152673013625067]",9.476560909435849,0.04809589823707938,0.0014245531347114593,7.84436851972714e-05,True,False,0.00023305222919178803,1.0625,94.9375,3.34375,cg,0,0.0003212349894132771,32
631,1,1.19773801388554,1.19773801388554,1.4959211177942426,0.26444399162811727,"[0.3522618986490318, 1.4026625270638284, 1e-05, 0.27533258438539565, 0.13157046954175886]","[1.2524346350903008, -1.4203988204365672, 7.612814573076735, 5.19547910173711, 0.9145221895003501]",9.453593231147426,0.04763160040602088,0.001412459387211129,7.602812547702342e-05,True,False,0.00018149142232726234,1.09375,95.84375,3.34375,cg,0,0.0002927398272487558,32
632,1,1.191396350907421,1.191396350907421,1.48686641106318,0.26284333049531977,"[0.3519969338669992, 1.4029630263101058, 1e-05, 0.27423343002701484, 0.13137699343864276]","[1.2529107913692725, -1.412212668344469, 7.604506228733616, 5.176788804803329, 0.913182065296552]",9.435342541133677,0.057863902766257524,0.001733575016260147,7.467194518540055e-05,True,False,0.00016037573918392667,1.09375,100.03125,3.34375,cg,0,0.0002606327567953315,32
633,1,1.1844360467815491,1.1844360467815491,1.4778510279707848,0.261249620865413,"[0.3517313556358381, 1.4032623715987456, 1e-05, 0.2731361113485066, 0.1311834271613786]","[1.2526800303438876, -1.4029128495677519, 7.587652269959219, 5.155331611116966, 0.9121497999456939]",9.408469587018113,0.04090089816600084,0.0012026780750602484,7.547499262727797e-05,True,False,0.00017243125537147463,1.0625,88.125,3.34375,cg,0,0.0002618737401136606,32
634,1,1.1777844920313192,1.1777844920313192,1.468991051399997,0.2596833834868235,"[0.3514650679003834, 1.4035605949891585, 1e-05, 0.27204021970260445, 0.13098952744338252]","[1.2528989408467364, -1.394347301936865, 7.574622536010467, 5.135383156251076, 0.9120918682605812]",9.385783848730242,0.03822060162201524,0.0011170500220032409,7.73437786847353e-05,True,False,0.0001532480196262398,1.0625,77.15625,3.34375,cg,0,0.00026536959040557306,32
635,1,1.1713398998160711,1.1713398998160711,1.4601802751140338,0.258125843571993,"[0.3511980898917469, 1.4038577139776758, 1e-05, 0.27094593003250966, 0.13079517140815658]","[1.2533829759491444, -1.3858491575140135, 7.563763114311593, 5.115958888679574, 0.9091763314912972]",9.364918375170472,0.0728963976725936,0.0022048905957490206,7.312183151952922e-05,True,False,0.00016498187352587124,1.09375,137.40625,3.34375,cg,0,0.00023520115837971645,32
636,1,1.164919715613781,1.164919715613781,1.4515200152725027,0.2565949114567969,"[0.35093041367170885, 1.4041536800719538, 1e-05, 0.26985335053887577, 0.13060100498940705]","[1.2539251994079934, -1.3772335445237764, 7.551046729945479, 5.095172784347925, 0.9072808558810859]",9.3419137018868,0.04545409977436066,0.0013476906169671565,7.2750000981614e-05,True,False,0.00014551697240650086,1.0625,88.875,3.34375,cg,0,0.00023804961013729198,32
637,1,1.1585132108527456,1.1585132108527456,1.4428779676634433,0.25506719883987117,"[0.35066196220891693, 1.4044485304823358, 1e-05, 0.26876253061773403, 0.13040676623175276]","[1.2547535796224527, -1.3683511050067376, 7.540841499014183, 5.074756328292755, 0.900675148956924]",9.320700044572776,0.05442330287769437,0.0016235969233093783,7.713129161857069e-05,True,False,0.00015975760645936532,1.0625,103.875,3.34375,cg,0,0.00024122583667107733,32
638,1,1.1520162313796383,1.1520162313796383,1.434184901033413,0.25353046724902095,"[0.35039272200732535, 1.4047421460044138, 1e-05, 0.26767360890509867, 0.13021350281922942]","[1.2546557033506445, -1.3598216781604924, 7.525290254920343, 5.054274352196533, 0.9009981374601647]",9.295738605518281,0.03606759989634156,0.0010509062558412552,7.620624091941863e-05,True,False,0.00017087807051652248,1.03125,76.75,3.34375,cg,0,0.00027492908947612804,32
639,1,1.145634823649783,1.145634823649783,1.4257111059346381,0.2520324977548387,"[0.35012277988514245, 1.4050347148331472, 1e-05, 0.26658616990403805, 0.13001965095320805]","[1.2551965037637824, -1.351285669955752, 7.513281669335287, 5.0338394664188435, 0.8984035829588852]",9.273487016177222,0.06699150148779154,0.002019368766923435,7.411565457005054e-05,True,False,0.00014958419409660806,1.09375,131.09375,3.34375,cg,0,0.00024342637383645283,32
640,1,1.1391227564571036,1.1391227564571036,1.4172981878164383,0.2505452898921021,"[0.34985207340732266, 1.4053261447273073, 1e-05, 0.2655005287731248, 0.12982589350656587]","[1.2550643922782263, -1.342852329067905, 7.497840515460721, 5.01359219913086, 0.8991176518992698]",9.248814556086352,0.06304680183529854,0.0018995188002008945,7.069375715218484e-05,True,False,0.0001616737633876042,1.0625,120.28125,3.34375,cg,0,0.0002463111601938017,32
641,1,1.1326327093441304,1.1326327093441304,1.408848669897779,0.2490516120375918,"[0.34958067335177356, 1.4056165283912416, 1e-05, 0.26441636989672274, 0.129631464772732]","[1.2559531760947467, -1.3342302355879136, 7.485810218673899, 4.992312340541856, 0.8967876214475735]",9.226177641667764,0.04938529944047332,0.0014674780977657065,7.581250974908471e-05,True,False,0.00017520844595964036,1.03125,94.65625,3.34375,cg,0,0.0002822402689739434,32
642,1,1.1266208468344654,1.1266208468344654,1.4005656154494954,0.24758736104526213,"[0.34930841473618257, 1.4059057554768806, 1e-05, 0.2633341639098243, 0.12943706408889943]","[1.2559214135374612, -1.3281890537034278, 7.469624434588155, 4.969497531057531, 0.9241537615699694]",9.20253659809983,0.05058519821614027,0.0015067937056301162,7.399373862426728e-05,True,False,0.00018869510865471284,1.03125,97.0625,3.375,cg,0,0.00031743939480710637,32
643,1,1.1203304340621982,1.1203304340621982,1.392265354022348,0.24612006826007288,"[0.349035463599284, 1.406194412639914, 1e-05, 0.2622541361419274, 0.12923621647441444]","[1.2563383077952963, -1.3198292147015338, 7.455133916469261, 4.94860760905617, 0.9232132145616686]",9.178256736442592,0.057724800892174244,0.001727359413052909,7.654061482753605e-05,True,False,0.00020128917409190095,1.09375,111.4375,3.375,cg,0,0.00028848501060352305,32
644,1,1.1140930029962937,1.1140930029962937,1.3841273982124722,0.24468146732553298,"[0.3487616995624446, 1.4064820117455954, 1e-05, 0.2611758033494117, 0.12903504249530892]","[1.2566592931214764, -1.3119237087002573, 7.442418111973054, 4.92811273417684, 0.9260759162715211]",9.156081884371558,0.055499701295048,0.0016497687756782398,8.459688979201019e-05,True,False,0.0002145346947184379,1.0625,105.46875,3.375,cg,0,0.0002916316355037196,32
645,1,1.1076021964826768,1.1076021964826768,1.375969435496857,0.24323932963631334,"[0.3484872023902144, 1.4067685805476495, 1e-05, 0.2600993357520543, 0.1288327559872009]","[1.261249426360369, -1.3248824146984957, 7.477776174820744, 4.893175738624174, 1.1755823864366122]",9.19719320256722,0.0643465006724,0.0019251093763159588,8.571876969654113e-05,True,False,0.00023073785692906412,1.09375,124.0625,3.375,cg,0,0.00026500785843053265,32
646,1,1.1015725731921928,1.1015725731921928,1.3680433923282773,0.24183818991819334,"[0.3482129340567252, 1.4070566863611025, 1e-05, 0.2590352772658791, 0.12857711660670368]","[1.2619195193828519, -1.3169793783128896, 7.465986010035669, 4.873348901068942, 1.174195422118871]",9.17584258034236,0.05608470132574439,0.00166748755145818,8.515936497133225e-05,True,False,0.0002462997265060274,1.03125,102.40625,3.375,cg,0,0.0003014852885563357,32
647,1,1.0954570973073907,1.0954570973073907,1.3599812551740655,0.24041299195504354,"[0.3479378814916455, 1.4073437399731579, 1e-05, 0.25797306442648754, 0.12832118470471]","[1.2620382169234925, -1.3087335758168468, 7.450657015352747, 4.85341070350108, 1.1713499019650702]",9.151255107555647,0.05374150117859244,0.001600443763891235,7.897814793977886e-05,True,False,0.00019640416869481925,1.09375,104.25,3.375,cg,0,0.00027129804323333673,32
648,1,1.0890552130399347,1.0890552130399347,1.3517571990701345,0.23895917049505647,"[0.3476620639776646, 1.407629762723107, 1e-05, 0.25691235512575705, 0.12806518705453632]","[1.2622027037622412, -1.3003553148631029, 7.438253760477647, 4.832894399192182, 1.1700487894376952]",9.128941946301612,0.05454100016504526,0.0016277625691145658,7.664368604309857e-05,True,False,0.00021359737477677498,1.03125,103.3125,3.375,cg,0,0.00030887087742303976,32
649,1,1.0831419978473158,1.0831419978473158,1.3442140605348183,0.23762571939261856,"[0.3473855362680902, 1.4079146490379437, 1e-05, 0.25585354799847093, 0.1278088487414674]","[1.2734845284667138, -1.299444083508078, 7.476857964440381, 4.808198251836516, 1.2249213296995578]",9.156032191060737,0.08398580085486174,0.002533387581934221,9.116869478020817e-05,True,False,0.00020137090145944114,1.09375,145.5625,3.40625,cg,0,0.00028401389779686426,32
650,1,1.0769706413309619,1.0769706413309619,1.3364485343176598,0.2362529553307099,"[0.3471073623819016, 1.4081984934055147, 1e-05, 0.2548032681062692, 0.1275412827687829]","[1.2736269170356678, -1.2912308349404786, 7.4610379587194435, 4.787710381859689, 1.2232480893293631]",9.130990997858133,0.06781010329723358,0.002045584435109049,7.348129292950034e-05,True,False,0.00022061547345009203,1.03125,123.8125,3.40625,cg,0,0.0003230217719623063,32
651,1,1.0711362372003799,1.0711362372003799,1.328826840179883,0.23490561742847196,"[0.3468283944325969, 1.4084813172162274, 1e-05, 0.25375459543044276, 0.12727334950951624]","[1.2744595764720157, -1.2835186490009876, 7.450027131834086, 4.767657141937245, 1.2215307366221566]",9.110283396417284,0.05847629951313138,0.0017404906247975305,8.689373498782516e-05,True,False,0.0002384848847487575,1.03125,105.84375,3.40625,cg,0,0.0003604823469416374,32
652,1,1.0646758424298683,1.0646758424298683,1.3209954559518238,0.23352121120503744,"[0.3465486095958632, 1.4087630908105295, 1e-05, 0.2527079414606466, 0.127005184254203]","[1.2746408561023934, -1.2749500338465876, 7.434461520564727, 4.746456805270809, 1.2191359403261675]",9.084963932064067,0.09047140134498477,0.0027485031605465338,7.87281314842403e-05,True,False,0.0002572538607239494,1.125,163.71875,3.40625,cg,0,0.00029697075341994505,32
653,1,1.058982950682596,1.058982950682596,1.313464623512886,0.2321899355336493,"[0.34626800510133937, 1.4090437633686685, 1e-05, 0.2516630376304847, 0.12673679883202446]","[1.2751437420259975, -1.2673653218759104, 7.423523944400408, 4.727050109761167, 1.2169703711017394]",9.064597828880244,0.055995102040469646,0.0016754531243350357,7.439381442964077e-05,True,False,0.000275719476459102,1.03125,108.1875,3.40625,cg,0,0.00033523609273489186,32
654,1,1.0529546653312545,1.0529546653312545,1.3059008177952478,0.23085283095501943,"[0.3459866591958823, 1.4093233930545435, 1e-05, 0.2506200680032655, 0.12646828821656392]","[1.275211422580582, -1.2592047482742714, 7.409595916395341, 4.7065152160378965, 1.2142896766512523]",9.040998689980938,0.06782929878681898,0.0020394000166561455,8.026557043194771e-05,True,False,0.00029512159978661856,1.03125,121.8125,3.40625,cg,0,0.00037462496470208606,32
655,1,1.0470595104357912,1.0470595104357912,1.2984172646040235,0.2295299131527982,"[0.34570456393933663, 1.4096019474026444, 1e-05, 0.2495789185955716, 0.12619966973354996]","[1.2837489936195619, -1.2618063566575193, 7.432959304870587, 4.700991224145588, 1.2773568498003298]",9.06752500958274,0.07132789818570018,0.002128953085048124,0.00010004373325500637,True,False,0.00027847674476122464,1.0625,122.4375,3.40625,cg,0,0.00037812990024077564,32
656,1,1.0410042259170158,1.0410042259170158,1.2910088193012312,0.22822027267488468,"[0.3454214108204599, 1.4098802606921441, 1e-05, 0.24854203339952108, 0.1259179265129226]","[1.2846558820126406, -1.2545407558999444, 7.421000832223054, 4.681361493879504, 1.2804273333255078]",9.047104851142366,0.07217709999531507,0.002170718740671873,8.4815634181723e-05,True,False,0.0002661563375174758,1.09375,135.125,3.40625,cg,0,0.0003535785715707007,32
657,1,1.0351822969214697,1.0351822969214697,1.2836318313588388,0.2269161931251854,"[0.3451374181171569, 1.410157595989215, 1e-05, 0.24750714730714404, 0.12563486859456052]","[1.2854832044884972, -1.2469763171232617, 7.40989560462436, 4.6618385322432445, 1.2781240399401554]",9.026644417395675,0.0690333996899426,0.0020694968989118934,8.779684139881283e-05,True,False,0.0002540860897011221,1.0625,124.0625,3.40625,cg,0,0.0003598109467133348,32
658,1,1.0290882849692617,1.0290882849692617,1.276249587851879,0.22561118451415,"[0.3448525983890487, 1.4104338838896404, 1e-05, 0.24647424109833344, 0.12535167940914507]","[1.2863026872284449, -1.2393354467942888, 7.396960388278541, 4.64184489026761, 1.2779482001655613]",9.004744611937845,0.08427409920841455,0.0025401093589607626,9.345624130219221e-05,True,False,0.00024120745629963025,1.0625,128.9375,3.40625,cg,0,0.00036718852079120623,32
659,1,1.0234965498534705,1.0234965498534705,1.269282285150702,0.22437952776750458,"[0.3445669039596075, 1.4107091466538977, 1e-05, 0.24544326352155724, 0.12506784055416423]","[1.287830602153403, -1.2325726857554054, 7.387868677650746, 4.622703147368638, 1.2798083573249344]",8.986970596585744,0.07791410153731704,0.0023545437870780006,8.027188596315682e-05,True,False,0.00022976339911728871,1.125,140.46875,3.40625,cg,0,0.0003067336182036584,32
660,1,1.0173027546187718,1.0173027546187718,1.2619003466167051,0.22307457306858172,"[0.34428030446800584, 1.4109834488055228, 1e-05, 0.2444145068126813, 0.12478302636824294]","[1.298958423094776, -1.2448419698268864, 7.431332496909687, 4.596897684433119, 1.4874877280878696]",9.044651195969687,0.07061669835820794,0.0021133499540155753,9.342186967842281e-05,True,False,0.00025058644889597304,1.0625,128.78125,3.40625,cg,0,0.0003133403019144332,32
661,1,1.0117986933999603,1.0117986933999603,1.254831444155785,0.22182495585216602,"[0.3439930720706902, 1.4112587146931104, 1e-05, 0.24339801704777508, 0.12445410539700942]","[1.2998867251991135, -1.2382334432003625, 7.422805032014645, 4.578849604115831, 1.4895648676087205]",9.028046814978117,0.07322659948840737,0.0022010625252733007,8.726870873942971e-05,True,False,0.00027345310715398696,1.03125,129.3125,3.375,cg,0,0.0003540409037570136,32
662,1,1.0060703939051534,1.0060703939051534,1.2477784419563953,0.220578149431438,"[0.3437051057471442, 1.4115330228504426, 1e-05, 0.24238365597999417, 0.12412411932184365]","[1.3011894480178121, -1.2313766713270342, 7.414064388861359, 4.559925001735505, 1.4911555706942832]",9.010782108450332,0.06808399967849255,0.002046862486167811,8.076250378508121e-05,True,False,0.0002968587555511881,1.0625,129.4375,3.4375,cg,0,0.0003608564063863895,32
663,1,1.000320357924609,1.000320357924609,1.241113760601237,0.21939998908626798,"[0.3434162985310307, 1.411806334679842, 1e-05, 0.24137155182602665, 0.12379314792500333]","[1.3020308381359622, -1.2243705125101603, 7.4025040809521725, 4.5408729159975865, 1.4926254841207598]",8.991045089363203,0.07522380026057363,0.002271375051350333,7.9368706792593e-05,True,False,0.0002877188664420771,1.0625,144.375,3.4375,cg,0,0.00036973989522870454,32
664,1,0.9942487950891779,0.9942487950891779,1.233838775692022,0.21811394129568404,"[0.34312667016746445, 1.412078688004779, 1e-05, 0.24036146392848856, 0.12346112301152123]","[1.302590211429798, -1.216932734053775, 7.389063321109537, 4.521173118361472, 1.4936065429109857]",8.96926921062756,0.059045701287686825,0.0017716999573167413,7.347820792347193e-05,True,False,0.00030987768987911224,1.03125,118.28125,3.40625,cg,0,0.0004097248145069621,32
665,1,0.9883968206769145,0.9883968206769145,1.2268270787975544,0.21687443669025838,"[0.34283621390381674, 1.4123500440551642, 1e-05, 0.23935331643917018, 0.12312807323730447]","[1.3036720245444706, -1.209804914305517, 7.379648458648151, 4.501609186274468, 1.4944585925312548]",8.950993900245205,0.06518539832904935,0.0019626499561127275,7.439374167006463e-05,True,False,0.00030186781004371,1.0625,126.34375,3.40625,cg,0,0.00041911784008652475,32
666,1,0.9828635807317897,0.9828635807317897,1.2201861061809054,0.21570046749753172,"[0.3425449228943651, 1.4126203615031823, 1e-05, 0.23834748195063407, 0.12279415309189506]","[1.3046621541197552, -1.202835137611445, 7.367257096858915, 4.481971299048885, 1.4947672388366287]",8.930163977199994,0.08919759932905436,0.002711265638936311,7.61593400966376e-05,True,False,0.0003279179341650895,1.0625,157.21875,3.40625,cg,0,0.00043111834501452506,32
667,1,0.9771670436997928,0.9771670436997928,1.2130558558658109,0.2144400054101915,"[0.3422527306888682, 1.4128897485246408, 1e-05, 0.23734369941987873, 0.12245938494150374]","[1.3059648038512752, -1.1958865851607348, 7.358473592341303, 4.462672020741302, 1.4949427291379649]",8.912525889486087,0.06286509847268462,0.0018785781576298177,8.595616964157671e-05,True,False,0.0003500575411634621,1.03125,110.6875,3.4375,cg,0,0.00047064920388706355,32
668,1,0.9713910573500478,0.9713910573500478,1.2067025420380828,0.2133168875875433,"[0.3419596679096071, 1.4131581093911012, 1e-05, 0.23634226120234603, 0.12212391489687054]","[1.2756685434453796, -1.2237193041947376, 7.300409947597121, 4.698380487738051, 1.4935739677647408]",8.984784191949858,0.08238329971209168,0.0024899937998270616,8.448431617580354e-05,True,False,0.0003432284964821619,1.09375,142.34375,3.40625,cg,0,0.0004503687658967692,32
669,1,0.965493525863693,0.965493525863693,1.1994510559605736,0.21203499384277164,"[0.3416757059321015, 1.413430507542891, 1e-05, 0.23529640848360744, 0.12179144748625945]","[1.3296420026053977, -1.3001617470733389, 7.358344006171687, 5.104392857133318, 1.4936708785035564]",9.267657420840031,0.07802119944244623,0.0023570905905216932,8.107189205475152e-05,True,False,0.00036579836122907494,1.09375,144.8125,3.4375,cg,0,0.00042538117859569624,32
670,1,0.9584144884193861,0.9584144884193861,1.1900280324673027,0.21036922288992865,"[0.34138876351675673, 1.413711087993353, 1e-05, 0.23419485873380672, 0.12146910693988068]","[1.3299155779191865, -1.2911683446968039, 7.344789679073781, 5.079778970292479, 1.4941217182723985]",9.242201072504695,0.06438199710100889,0.001933003106387332,7.89343030191958e-05,True,False,0.0003530409607668261,1.0625,126.3125,3.40625,cg,0,0.000432396443614369,32
671,1,0.9515177433115766,0.9515177433115766,1.1809391408084071,0.20876251865855994,"[0.3411009715573864, 1.4139904951030724, 1e-05, 0.2330956013318324, 0.12114578099049061]","[1.330328904202081, -1.2824222675856023, 7.333500442621548, 5.055554980235496, 1.4945266645022581]",9.218831635124785,0.09166850242763758,0.0027670437848428264,9.759691602084786e-05,True,False,0.00037376940753919285,1.03125,137.4375,3.40625,cg,0,0.0004738747420014455,32
672,1,0.9449039035358933,0.9449039035358933,1.1718224570036126,0.207150901423484,"[0.34081236038479723, 1.414268713063483, 1e-05, 0.2319988126757895, 0.1208215475684058]","[1.3312447126471996, -1.2738494241991183, 7.323207284723984, 5.030642386406733, 1.4942842339495477]",9.195896800598634,0.06972160004079342,0.0020987250027246773,8.007499855011702e-05,True,False,0.0003634253305997426,1.09375,133.4375,3.40625,cg,0,0.00044993195502351924,32
673,1,0.9385111922852255,0.9385111922852255,1.1627696030211254,0.2055505678134569,"[0.3405228302299099, 1.4145457604144227, 1e-05, 0.23090470679466824, 0.12049655822453022]","[1.3331431456566425, -1.2655295064290057, 7.314927981927329, 5.004812765474407, 1.4939283325617545]",9.174256353488465,0.05928470240905881,0.0017742000636644661,7.844688661862165e-05,True,False,0.00038516851478220815,1.0625,120.59375,3.40625,cg,0,0.0004581536441539136,32
674,1,0.9316074041373268,0.9316074041373268,1.1537372510045203,0.20395385847320555,"[0.3402322032637244, 1.414821647517972, 1e-05, 0.2298136510028763, 0.12017087987528051]","[1.3336220881150087, -1.2565867119201262, 7.301617412389649, 4.979684580715467, 1.4929086611817497]",9.14861791034258,0.06142510240897536,0.0018412313074804842,7.830314279999584e-05,True,False,0.0004066076775366412,1.03125,116.71875,3.40625,cg,0,0.0004993183566655013,32
675,1,0.9250938340431895,0.9250938340431895,1.1447987902718888,0.20237374692385218,"[0.3399406571305185, 1.4150963527738036, 1e-05, 0.22872503092299698, 0.11984451174500133]","[1.3341104989956993, -1.2479931600902094, 7.290255260136107, 4.95508510632998, 1.491474161676417]",9.124830031021192,0.06258310144767165,0.001882400072645396,7.332184759434313e-05,True,False,0.00036331393179844795,1.09375,121.25,3.40625,cg,0,0.0004756914614825192,32
676,1,0.9183911447796348,0.9183911447796348,1.1358239061303474,0.2007871965646403,"[0.3396482439032444, 1.4153698906163084, 1e-05, 0.22763896464254213, 0.11951760720947738]","[1.3377353440165634, -1.2406338859055714, 7.2897730091606245, 4.926182476571624, 1.5052517283053184]",9.110573822357322,0.059044099878519773,0.0017719562310958281,7.31718901079148e-05,True,False,0.0003201262600232013,1.09375,114.90625,3.40625,cg,0,0.0004522335615999573,32
677,1,0.9119080989850825,0.9119080989850825,1.127328013115323,0.1992853206738505,"[0.33935457736369296, 1.4156422409446103, 1e-05, 0.2265575437414915, 0.11918716661210332]","[1.3394186745804206, -1.2323324484489253, 7.2799699779692295, 4.900455583903353, 1.5053134886515798]",9.087963586985488,0.0602397033944726,0.001811140711652115,7.135001942515373e-05,True,False,0.00030716178888035017,1.09375,124.5625,3.40625,cg,0,0.00042482007546595923,32
678,1,0.9053948375432073,0.9053948375432073,1.1188119736453863,0.19777988335933938,"[0.33905980974900946, 1.4159134419538393, 1e-05, 0.22547909408960648, 0.11885589030931495]","[1.3404014372680773, -1.2239156707711911, 7.268834670982645, 4.875405607980413, 1.5046752850121474]",9.064448720795008,0.06599430134519935,0.0019870812247972935,7.524069224018604e-05,True,False,0.0002984862070327665,1.09375,131.3125,3.40625,cg,0,0.00040339649440168657,32
679,1,0.8989969085340306,0.8989969085340306,1.110260773096952,0.19626823038556837,"[0.3387640606133681, 1.4161834894125067, 1e-05, 0.2244033738207593, 0.11852389542883332]","[1.3415608571904247, -1.2154692667284452, 7.258088892623353, 4.8493289950486265, 1.5039082665564991]",9.040726587037442,0.05733109870925546,0.0017130687192548066,7.852811540942639e-05,True,False,0.0002885799713436832,1.0625,113.96875,3.40625,cg,0,0.00041335110294626887,32
680,1,0.8925816398403736,0.8925816398403736,1.1018760768384621,0.19478601148992644,"[0.33846727896775003, 1.416452376930538, 1e-05, 0.22333059964761592, 0.11819119910140617]","[1.3424349217521288, -1.2070869305000949, 7.246827787359674, 4.824395720474167, 1.5024550511028616]",9.017087589953091,0.07110969815403223,0.0021268186974339187,9.535936987958848e-05,True,False,0.00027891607167385146,1.125,134.9375,3.40625,cg,0,0.00035525086535415085,32
681,1,0.8862724396806779,0.8862724396806779,1.0935725989225717,0.19331815010448675,"[0.3381695254174576, 1.4167201101466844, 1e-05, 0.22226054334133927, 0.11785795290945163]","[1.3445384252783503, -1.1987494351380272, 7.236775815837196, 4.797353786221088, 1.500854517642344]",8.993490736486978,0.06671540020033717,0.001995287515455857,8.956874080467969e-05,True,False,0.00026943755569064365,1.0625,124.15625,3.40625,cg,0,0.00036494233810380194,32
682,1,0.8798411616938142,0.8798411616938142,1.0853775851224854,0.19186946264699714,"[0.33787052284670405, 1.4169866917155387, 1e-05, 0.22119369312127407, 0.11752418828758207]","[1.345780347366689, -1.1926001290115906, 7.233537188428489, 4.776466454786282, 1.5172977463311101]",8.981887569557687,0.07651279913261533,0.00230129377450794,8.973119838628918e-05,True,False,0.0002906665120012697,1.0625,135.09375,3.40625,cg,0,0.0003698911480363165,32
683,1,0.8736552650477559,0.8736552650477559,1.0772550105237635,0.19043358075213468,"[0.3375708574730741, 1.4172522483971701, 1e-05, 0.22013011569007945, 0.11718633107562926]","[1.3478985702934383, -1.1850912956569428, 7.227547630155072, 4.751393855026297, 1.520374965123126]",8.963593045266833,0.07740149972960353,0.0023357125173788518,8.308434917125851e-05,True,False,0.0003123490344978386,1.03125,134.8125,3.40625,cg,0,0.0004110248471014266,32
684,1,0.8671985422842377,0.8671985422842377,1.0692445129419013,0.18901751146193138,"[0.3372701078599812, 1.417516671667959, 1e-05, 0.21906996183648497, 0.11684709769962133]","[1.3494724553751394, -1.1757975010107458, 7.216809011996536, 4.717156105302872, 1.5227874944444695]",8.936238104586648,0.07933890214189887,0.0023892531462479383,9.008754568640143e-05,True,False,0.0002693648329468168,1.125,136.34375,3.40625,cg,0,0.0003560054738467322,32
685,1,0.8610504682708984,0.8610504682708984,1.0610857406014245,0.18757523064990428,"[0.33696808536697453, 1.4177798243474462, 1e-05, 0.21801422539581117, 0.11650628594495413]","[1.3516416121185657, -1.1683371371833509, 7.210757315685511, 4.692297101720173, 1.5251291750567173]",8.917995227116075,0.09586419817060232,0.0029130812181392685,8.267497469205409e-05,True,False,0.0002598110966709477,1.09375,150.96875,3.40625,cg,0,0.0003324100680597297,32
686,1,0.8550003148199254,0.8550003148199254,1.0534170614363716,0.18621958688981607,"[0.33666495858173984, 1.4180418422353904, 1e-05, 0.21696190433447518, 0.1161642518585827]","[1.3537991326289522, -1.1609883826711207, 7.20406678833207, 4.667944090370955, 1.5268403295260424]",8.899448737402203,0.07538409950211644,0.0022666406439384446,8.911246550269425e-05,True,False,0.0002491337611751909,1.0625,137.5625,3.40625,cg,0,0.00033973893669037025,32
687,1,0.8487216840171226,0.8487216840171226,1.0454297095647531,0.18480760922177994,"[0.33636071521286975, 1.4183027546619458, 1e-05, 0.21591286315730018, 0.11582112041878069]","[1.3545505299161646, -1.1530804749160173, 7.193280418319597, 4.643126422845279, 1.5284170760366182]",8.877069709828419,0.06964959856122732,0.0020911374740535393,8.541248098481447e-05,True,False,0.000210363132832736,1.125,133.78125,3.40625,cg,0,0.00028654149797580075,32
688,1,0.8427908359318368,0.8427908359318368,1.037646149122217,0.18343165712910678,"[0.3360555355592136, 1.4185625431985862, 1e-05, 0.21486676876487212, 0.11547676870682506]","[1.3563109472764072, -1.1456551807608137, 7.184547756736961, 4.618499685988781, 1.5293540608388025]",8.85659612044168,0.08513529878109694,0.002575337464804761,8.514062210451812e-05,True,False,0.00020043439413575115,1.09375,156.03125,3.40625,cg,0,0.00026285742195719664,32
689,1,0.8367300194920739,0.8367300194920739,1.0299369287376587,0.1820688466262111,"[0.33574925289064006, 1.4188212554995767, 1e-05, 0.21382381735946537, 0.11513140937466894]","[1.3582482991046358, -1.138138970016019, 7.175897816676474, 4.593560642397201, 1.5301507445407725]",8.836055053521974,0.05322200013324618,0.0015818593674339354,8.132813673000783e-05,True,False,0.00022310390381141687,1.03125,111.125,3.40625,cg,0,0.00030301052094916514,32
690,1,0.8306787653697103,0.8306787653697103,1.0224374438503918,0.18074311247141298,"[0.3354418196999857, 1.419078867966451, 1e-05, 0.2127840862545655, 0.11478506686432939]","[1.3592525709052454, -1.1304642449107438, 7.165105187003303, 4.5691841379773726, 1.5303535605241072]",8.81383429662191,0.061954400036484,0.0018542343605076894,8.184064063243568e-05,True,False,0.00024468371607122563,1.03125,118.03125,3.40625,cg,0,0.0003437028756767546,32
691,1,0.8245045224480294,0.8245045224480294,1.0140418366179231,0.17925896476984862,"[0.3351333835472271, 1.4193353883880377, 1e-05, 0.21174726527888407, 0.11443780515986621]","[1.3928388279392157, -1.1804797671616638, 7.198818305966169, 4.879726198548801, 1.5302534806914483]",9.017201393535501,0.08183940080925822,0.0024562343896832317,0.00010124688560608774,True,False,0.0002336655981016733,1.0625,133.75,3.40625,cg,0,0.0003512909018730248,32
692,1,0.8181019596353849,0.8181019596353849,1.004815612861039,0.17762798342403932,"[0.33482445425375845, 1.4195972168014248, 1e-05, 0.21066495027114654, 0.11409839752910866]","[1.3948144509577465, -1.172093313421333, 7.190508621631075, 4.850602649774941, 1.530152215683818]",8.994022247853524,0.08793150121346116,0.0026556499942671508,9.220941865351051e-05,True,False,0.00025632168181299875,1.09375,162.71875,3.40625,cg,0,0.0003292687242835157,32
693,1,0.8115632533093373,0.8115632533093373,0.99570182877658,0.17601687879194158,"[0.3345142894771179, 1.419857855096726, 1e-05, 0.20958632215225495, 0.11375813770467275]","[1.3960240490904963, -1.1635019078796307, 7.180409464029907, 4.821890760885507, 1.5298857830120025]",8.969508399315098,0.0829088008031249,0.0025039218744495884,8.697815064806491e-05,True,False,0.0002788521957550749,1.0625,148.4375,3.40625,cg,0,0.00033848185095441963,32
694,1,0.8051197885940096,0.8051197885940096,0.9867953049684832,0.1744424129465654,"[0.3342030073004846, 1.42011729003027, 1e-05, 0.20851114823063488, 0.11341700735176327]","[1.3976664364222289, -1.1549581869209347, 7.1697988740241705, 4.792485058790514, 1.529090582588363]",8.944240986438475,0.07080769818276167,0.0021196687303017825,9.307183790951967e-05,True,False,0.00030103731176467363,1.0625,132.34375,3.40625,cg,0,0.00034606994064212415,32
695,1,0.7986096281748309,0.7986096281748309,0.9777099778933398,0.1728363388505325,"[0.3338904785038242, 1.4203755474248423, 1e-05, 0.20743951228846355, 0.11307509112103205]","[1.399505598085886, -1.1464040148239922, 7.159601404691365, 4.763025350350456, 1.5279626913438797]",8.919295422428656,0.06858409941196442,0.0020548687607515603,8.838434587232769e-05,True,False,0.0002915812899253467,1.0625,126.09375,3.40625,cg,0,0.0003558718617640011,32
696,1,0.7923166399249999,0.7923166399249999,0.9690072827296394,0.17129790515931953,"[0.3335766632232114, 1.4206326089886543, 1e-05, 0.2063714850230275, 0.11273247152636534]","[1.4008231990190905, -1.1378954483703132, 7.148579303430725, 4.733837481245767, 1.5262337094308285]",8.893700263580975,0.0763938999734819,0.0023040843661874533,8.32250079838559e-05,True,False,0.00025080839633329077,1.09375,140.34375,3.40625,cg,0,0.00033492175460692053,32
697,1,0.7861059223067355,0.7861059223067355,0.9602796773461671,0.16975506792177616,"[0.3332616485145197, 1.420888496957558, 1e-05, 0.2053069478022043, 0.11238925471805687]","[1.4026734749442007, -1.1296780845466372, 7.139540605163387, 4.7054452155521265, 1.5241213000470542]",8.870223555165524,0.05227239755913615,0.0015514155675191432,8.209685620386153e-05,True,False,0.00027169467762355737,1.03125,103.8125,3.40625,cg,0,0.0003743033158407627,32
698,1,0.7796785162661848,0.7796785162661848,0.9516111229413802,0.16822266952109882,"[0.3329453828722701, 1.4211432093844532, 1e-05, 0.20424599478658803, 0.11204560581441957]","[1.4042349722599519, -1.1211412309573967, 7.128320984026245, 4.6765843734108055, 1.5213561114202045]",8.844589271852323,0.0777424001134932,0.002353556265006773,7.589373853988945e-05,True,False,0.00026041801291976086,1.09375,145.71875,3.40625,cg,0,0.00034937696923220685,32
699,1,0.7735618054664444,0.7735618054664444,0.9431844204839812,0.16673302490843178,"[0.3326278475003179, 1.4213967296320014, 1e-05, 0.20318849302384023, 0.11170158619643915]","[1.4055540376292084, -1.11258633538891, 7.116627548373309, 4.646426764069388, 1.5183440919044293]",8.81784943304983,0.06519200187176466,0.00196241881349124,7.483124500140548e-05,True,False,0.00025353450727738647,1.0625,129.84375,3.40625,cg,0,0.0003607454584155789,32
700,1,0.7676496517519746,0.7676496517519746,0.9349996858077821,0.1652861545604935,"[0.33230905003203687, 1.4216490783126428, 1e-05, 0.2021346245497138, 0.11135720651446332]","[1.407571067872819, -1.1043135474538355, 7.107511578271619, 4.616344031247046, 1.5145568664252191]",8.793292914143928,0.06256789900362492,0.001881278119981289,7.396872388198972e-05,True,False,0.000278424611718453,1.03125,124.75,3.375,cg,0,0.00040453333525158897,32
701,1,0.7614300392755347,0.7614300392755347,0.9268106319404166,0.16383852068021448,"[0.3319889035109427, 1.4219002500996196, 1e-05, 0.20108465519789184, 0.11101272649291943]","[1.4090190243015257, -1.0961428248565503, 7.095870815144188, 4.58940674045177, 1.5105239549454812]",8.76827139043446,0.07009690115228295,0.002116718780598603,7.38093804102391e-05,True,False,0.0002654925412803877,1.125,141.65625,3.375,cg,0,0.00034594898173301303,32
702,1,0.7553899361439457,0.7553899361439457,0.9184731431956863,0.16236464697284816,"[0.33166751313388887, 1.4221502749393908, 1e-05, 0.20003783387232588, 0.1106681833355484]","[1.4109206703930839, -1.0876056907073985, 7.08465239124356, 4.558423058741354, 1.5058737203856134]",8.741439196469171,0.0737528009340167,0.0022253156203078106,7.945940888021141e-05,True,False,0.00028956365132914996,1.0625,142.90625,3.375,cg,0,0.0003544978669474119,32
703,1,0.7493480574430453,0.7493480574430453,0.9104005775756779,0.16093760549997785,"[0.331344701148695, 1.4223991139843442, 1e-05, 0.1989948882072548, 0.11032364654100738]","[1.4126377102286691, -1.079143927035552, 7.073742895563336, 4.528376250687949, 1.5007328496387737]",8.71529265268414,0.056030701380223036,0.0016643875278532505,8.657189027871937e-05,True,False,0.00031278043218829765,1.03125,115.90625,3.375,cg,0,0.0003963055421567496,32
704,1,0.7435374649514752,0.7435374649514752,0.9023883139784151,0.15952122401940816,"[0.3310205266736976, 1.4226467577456996, 1e-05, 0.19795570881750163, 0.10997925584541682]","[1.4147248199268148, -1.0708373716182422, 7.063465388298629, 4.497843819116747, 1.4949376818902176]",8.689425756525338,0.07287470111623406,0.0021936656266916543,8.366878319066018e-05,True,False,0.0003041836642432294,1.09375,140.375,3.34375,cg,0,0.0003741814972202384,32
705,1,0.7375148187482139,0.7375148187482139,0.8937062109937942,0.15798643054556183,"[0.3306949068089553, 1.422893226822368, 1e-05, 0.196920463464212, 0.10963517380280415]","[1.4531691866684264, -1.1197280079246064, 7.103955724541547, 4.8194764462385296, 1.4887465952699446]",8.90367329105442,0.0640055974945426,0.0019259062391938642,7.426868251059204e-05,True,False,0.0002617191119145268,1.09375,126.0,3.34375,cg,0,0.00035058187381764583,32
706,1,0.7309234535316717,0.7309234535316717,0.8843037466060049,0.1563242939634441,"[0.33036848665875385, 1.4231447472839114, 1e-05, 0.19583788186262976, 0.10930076202770038]","[1.454534199634595, -1.1098411426067356, 7.089051587854958, 4.782527435230833, 1.4825944310589252]",8.86976462093221,0.06291639944538474,0.0018870218773372471,7.911560533102602e-05,True,False,0.00028561989197628534,1.03125,121.53125,3.34375,cg,0,0.0003934518124899533,32
707,1,0.7245304330851663,0.7245304330851663,0.8746426558388516,0.1546164382646659,"[0.33004051083039015, 1.423394999954622, 1e-05, 0.19475949305772167, 0.10896645903449739]","[1.4559357644335407, -1.1003605776107008, 7.0771588979200235, 4.7475668661322326, 1.4758500101959773]",8.83935771525947,0.05134850041940808,0.0015238999767461792,8.074066136032343e-05,True,False,0.0003062366296338048,1.03125,100.15625,3.34375,cg,0,0.00043369760720946005,32
708,1,0.718291024575411,0.718291024575411,0.8654217549983503,0.1529863978864241,"[0.3297110896640184, 1.4236439684007314, 1e-05, 0.19368530486022414, 0.10863253205528232]","[1.4576384837291256, -1.0909718283481553, 7.067254615733954, 4.71203289777959, 1.4686377430985684]",8.810287630566956,0.09267579950392246,0.002814812454744242,8.130627975333482e-05,True,False,0.00032751011800735697,1.09375,170.0,3.3125,cg,0,0.0004088577488907674,32
709,1,0.71200891209707,0.71200891209707,0.8560712583671757,0.15133344799258272,"[0.32938019502250715, 1.423891627018468, 1e-05, 0.19261563878464755, 0.10829914050110957]","[1.4594588282013392, -1.0813608859657513, 7.053374725127668, 4.674583598167219, 1.4615388549180122]",8.777088588516712,0.07966159982606769,0.0024066311889328063,8.279380563180894e-05,True,False,0.00031970920602919506,1.09375,150.3125,3.28125,cg,0,0.0003875528592804933,32
710,1,0.705894851658263,0.705894851658263,0.8472576002425909,0.14977539863584427,"[0.3290476339885569, 1.4241380323896653, 1e-05, 0.19155046015497063, 0.10796610549980774]","[1.4613700456741416, -1.0720168152755098, 7.042110741377108, 4.63961198029603, 1.4513310043635088]",8.746914151195218,0.061139900237321854,0.00183374373591505,7.687814650125802e-05,True,False,0.00034110708228141107,1.03125,118.0,3.3125,cg,0,0.000428549119396493,32
711,1,0.6995535636189104,0.6995535636189104,0.8383815460488528,0.1482063191082014,"[0.32871348870709044, 1.4243831512502423, 1e-05, 0.19048960328600692, 0.10763425566588677]","[1.4614785420635137, -1.0614066034502005, 7.025761748532721, 4.5972551729429085, 1.444716555175842]",8.708949001105404,0.0662557976320386,0.001994859310798347,7.563436520285904e-05,True,False,0.00033341954361709725,1.09375,132.75,3.28125,cg,0,0.0004102707606450373,32
712,1,0.6930447454055689,0.6930447454055689,0.8290962444549966,0.1465648941776069,"[0.328377861861254, 1.4246269020411113, 1e-05, 0.18943384898733517, 0.10730247819082599]","[1.4638177168023776, -1.0519856579343345, 7.0128605818857865, 4.561572946350819, 1.4363173748292704]",8.677592121067205,0.06715699750930071,0.0020222374732838944,7.641869888175279e-05,True,False,0.0002591352032399463,1.125,128.5625,3.3125,cg,0,0.0003533191629907506,32
713,1,0.6875444517064897,0.6875444517064897,0.821099000141639,0.1451511677564117,"[0.3280404830823921, 1.4248693623096134, 1e-05, 0.18838250366430467, 0.10697143765455171]","[1.4650587053336426, -1.0426042443903003, 6.999254472321534, 4.525158782358542, 1.4233249023077588]",8.644414356790955,0.04835469974204898,0.0014362999936565757,7.478437328245491e-05,True,False,0.00028120745913362555,1.03125,103.40625,3.28125,cg,0,0.0003947695444797006,32
714,1,0.6816879367147379,0.6816879367147379,0.8125847564165115,0.14364604788773355,"[0.3277015223050172, 1.4251105826401613, 1e-05, 0.18733554811704306, 0.10664213254644454]","[1.4674624966640002, -1.0337661602311865, 6.9889121995280306, 4.489707361486072, 1.4152136829380613]",8.61552751408894,0.05895700352266431,0.0017610531504033133,8.13532096799463e-05,True,False,0.00027177379412979263,1.0625,119.5,3.3125,cg,0,0.0004041773902612178,32
715,1,0.6758062328525419,0.6758062328525419,0.8044163643894061,0.14220206653929446,"[0.32736086701859535, 1.4253505600898115, 1e-05, 0.18629331190953913, 0.10631360624774501]","[1.468723364786727, -1.0243265527019716, 6.973696887850795, 4.454269822238205, 1.4024149283596707]",8.581732271112205,0.06714820116758347,0.0020232344104442745,7.514687604270875e-05,True,False,0.00029364746126692154,1.0625,134.9375,3.25,cg,0,0.0004129175323477341,32
716,1,0.670043210357096,0.670043210357096,0.796113276121097,0.14073427403446648,"[0.327018576367194, 1.4255892826507637, 1e-05, 0.18525523016077305, 0.10598676898834529]","[1.4705482023927474, -1.0150735619100713, 6.961950670018084, 4.417973034012458, 1.3903401196919887]",8.55062423809519,0.07588459877297282,0.0022971093276282772,7.428438402712345e-05,True,False,0.0002855157635095473,1.09375,154.53125,3.25,cg,0,0.00039115915990750594,32
717,1,0.6640376928107552,0.6640376928107552,0.7881044138882003,0.13931849383584896,"[0.3266746135964599, 1.4258267094241843, 1e-05, 0.1842218616228802, 0.10566156697248894]","[1.4719376135853288, -1.0056980866735798, 6.944379081267309, 4.382300924108579, 1.3787670217722]",8.51516234102079,0.0652076005935669,0.00196045936900191,7.727814954705536e-05,True,False,0.00030647268006145367,1.0625,128.625,3.25,cg,0,0.00039955594835205943,32
718,1,0.6585413496434833,0.6585413496434833,0.7802912737696195,0.13793731274579668,"[0.32632889203427157, 1.426062922909325, 1e-05, 0.18319256805263723, 0.10533772886667427]","[1.4744480748154478, -0.9966675309170754, 6.932229795814337, 4.345132649882275, 1.3657640490003806]",8.48343340971698,0.07337620109319687,0.002219734335085377,7.327194907702506e-05,True,False,0.0002984201125406649,1.09375,142.4375,3.25,cg,0,0.00037784569673382506,32
719,1,0.6528507132875587,0.6528507132875587,0.7724094293042426,0.13654398632836529,"[0.3259812855868743, 1.4262978908716262, 1e-05, 0.18216818737101528, 0.10501574507004895]","[1.4751064263226443, -0.9871511884022333, 6.916562306615644, 4.310184405791582, 1.3495194678404867]",8.449149838004296,0.06979229906573892,0.002095696865580976,8.531248022336513e-05,True,False,0.00028864643810067037,1.09375,117.84375,3.25,cg,0,0.0003551627066826768,32
720,1,0.6474253203627698,0.6474253203627698,0.7648275946991573,0.1352036946625926,"[0.3256321128406382, 1.4265315596329127, 1e-05, 0.18114792273186917, 0.1046963000386422]","[1.4776389085057906, -0.9783638645405031, 6.904378312499724, 4.273748758387177, 1.336986570164796]",8.41804692408532,0.07599119981750846,0.0022759905841667205,9.873441013041884e-05,True,False,0.00031036750038770933,1.0625,123.46875,3.25,cg,0,0.00036331321575078235,32
721,1,0.6418815559839417,0.6418815559839417,0.7572483878666411,0.1338638675257707,"[0.32528104829522625, 1.4267640040165677, 1e-05, 0.18013254498536324, 0.10437865235098662]","[1.49539169453487, -0.9762443195413685, 6.9057095087999745, 4.264865401680351, 1.3215133076085683]",8.415078575277102,0.06688700150698423,0.0020000594231532887,9.015937393996865e-05,True,False,0.0003015346627495141,1.0625,125.5625,3.28125,cg,0,0.00037389522225694805,32
722,1,0.6364250395129651,0.6364250395129651,0.7500068071378838,0.13258372481581718,"[0.32492564063480334, 1.4269960266437345, 1e-05, 0.1791189203678336, 0.10406457012450948]","[1.4973549853103925, -0.9671504896675462, 6.8928058633664895, 4.228229480689514, 1.3063917410731023]",8.382887844548168,0.06810960127040744,0.00203811566461809,9.030937508214265e-05,True,False,0.00032194398165596994,1.0625,126.15625,3.28125,cg,0,0.00038044998663711027,32
723,1,0.6309668020912231,0.6309668020912231,0.7427306793647149,0.13129747499352032,"[0.3245683997858504, 1.4272267706325572, 1e-05, 0.17811014402283337, 0.10375288952824172]","[1.5406165610684277, -0.9770903935950256, 6.982496623179653, 4.177416507329774, 1.4474315792137855]",8.463411308120731,0.05727960169315338,0.0016865062934812158,0.00010348125942982733,True,False,0.00024974180356895914,1.125,120.28125,3.3125,cg,0,0.00032721628476872766,32
724,1,0.6255598911599681,0.6255598911599681,0.7354934172044514,0.13001809570583353,"[0.3242043346341525, 1.4274576681649842, 1e-05, 0.17712297316353037, 0.10341084504373133]","[1.5433229448851051, -0.9684672980391217, 6.970883523610167, 4.141165378129909, 1.434495717205114]",8.43326866470062,0.07244680030271411,0.0021831937337992713,8.076877566054463e-05,True,False,0.00027208661933908473,1.03125,134.5,3.3125,cg,0,0.0003667124938817601,32
725,1,0.6201341401041232,0.6201341401041232,0.7286458277211193,0.12880760146622205,"[0.3238383263860904, 1.4276873459652368, 1e-05, 0.17614087107659634, 0.10307064582227418]","[1.5444290805317824, -0.9595777178416334, 6.955021733453667, 4.105402988919147, 1.4218395721535169]",8.399663050655736,0.0802713013254106,0.002420446908217855,8.803125820122659e-05,True,False,0.00026606487268310275,1.09375,142.625,3.3125,cg,0,0.0003475521311768759,32
726,1,0.615034196756626,0.615034196756626,0.7218842461939797,0.12761231142887555,"[0.3234705904254848, 1.427915826015434, 1e-05, 0.17516335496346847, 0.1027320990107153]","[1.5469147082350267, -0.9512210353850437, 6.94217636020972, 4.070196730100833, 1.407762142092954]",8.368982904714358,0.07408200250938535,0.00222522190597374,8.984067244455218e-05,True,False,0.00022666337882126797,1.09375,128.09375,3.3125,cg,0,0.00032403837709749084,32
727,1,0.6097419867038215,0.6097419867038215,0.7148369840242923,0.1263665197116292,"[0.32310091235930577, 1.4281431465981385, 1e-05, 0.17419066884952703, 0.10239567529998415]","[1.5496423019240955, -0.945082119710805, 6.938770298595805, 4.04010885997503, 1.4165229471417486]",8.352851105689176,0.062272599432617426,0.0018590687395771965,8.694999269209802e-05,True,False,0.00025205137770578645,1.03125,121.03125,3.3125,cg,0,0.0003673831055261978,32
728,1,0.604557251476138,0.604557251476138,0.7083510827469448,0.12521996351779946,"[0.32272986724378033, 1.4283694363063206, 1e-05, 0.17322330840975106, 0.10205650417648421]","[1.552733094772018, -0.9376130038160501, 6.928442468317938, 4.007057581805455, 1.409279886030762]",8.326823734557628,0.06505969865247607,0.0019443156343186274,8.879994857124984e-05,True,False,0.00027448218022074755,1.03125,126.09375,3.3125,cg,0,0.00040647954743100456,32
729,1,0.5995527550598552,0.5995527550598552,0.7018087356968596,0.12406342902680172,"[0.32235691997262783, 1.4285946393449804, 1e-05, 0.17226086277404143, 0.10171801259054784]","[1.555417286102325, -0.9301095399186879, 6.919639415692159, 3.973494218435154, 1.4016187042721642]",8.301748468211825,0.08879539929330349,0.002681490601389669,9.336562652606517e-05,True,False,0.00030124930679065187,1.09375,161.5625,3.3125,cg,0,0.0003847706772854842,32
730,1,0.5944293049974563,0.5944293049974563,0.6954070501914676,0.12293176021883014,"[0.3219821995647834, 1.4288187149221598, 1e-05, 0.17130359594448827, 0.10138034427658477]","[1.5577898722886632, -0.9223208755957762, 6.907482453195163, 3.9390621945088724, 1.3932237751263932]",8.273329582746625,0.06930259894579649,0.0020774749864358455,8.823123062029481e-05,True,False,0.00032364461910816544,1.09375,139.59375,3.3125,cg,0,0.00035665642907778405,32
731,1,0.5894725222587667,0.5894725222587667,0.6889773796572205,0.12179514430993976,"[0.3216056184419066, 1.429041677362193, 1e-05, 0.17035136452311533, 0.10104354546758688]","[1.560743718253384, -0.914803975828637, 6.898198409493855, 3.9047597068030075, 1.3845653940666054]",8.24755104642111,0.07505200151354074,0.0022516218450618908,9.37532022362575e-05,True,False,0.00028468561557914995,1.09375,136.125,3.3125,cg,0,0.00033390081217410383,32
732,1,0.5844189837288256,0.5844189837288256,0.6828175282599378,0.12070622613640976,"[0.32122714398099583, 1.4292635138735572, 1e-05, 0.1694044750320769, 0.10070779358533584]","[1.5626711440182142, -0.9071477222388067, 6.88593364873562, 3.8713692170695184, 1.3762829289371585]",8.219646867381652,0.06575699942186475,0.0019706062303157523,8.430000161752105e-05,True,False,0.00030902155174938883,1.03125,128.875,3.3125,cg,0,0.00037403737020902383,32
733,1,0.579506778172262,0.579506778172262,0.6766622321633674,0.11961811323388576,"[0.320846915689187, 1.4294842405633443, 1e-05, 0.16846249558233645, 0.10037291717252271]","[1.5648999702358506, -0.8995809026269285, 6.874038823606451, 3.8380619499645463, 1.3664466236796013]",8.191975547619453,0.06758310087025166,0.002026325004408136,8.564689778722823e-05,True,False,0.00024063582451594456,1.125,132.5625,3.3125,cg,0,0.00032360888684079825,32
734,1,0.5750158087854859,0.5750158087854859,0.6706288276727275,0.11855154792664253,"[0.32046485889203274, 1.4297038654626835, 1e-05, 0.16752546594224887, 0.10003931104404498]","[1.5689513680302831, -0.8925647747780119, 6.868283766148688, 3.8037129687830102, 1.3557924436809543]",8.169333367172053,0.061249999329447746,0.0018412906356388703,7.277184340637177e-05,True,False,0.00026585790193456305,1.0625,126.8125,3.28125,cg,0,0.0003329172492785304,32
735,1,0.5700012499312108,0.5700012499312108,0.6647116349224441,0.11750552614681423,"[0.3200807513284602, 1.4299223814013904, 1e-05, 0.16659424847385607, 0.0997073886257573]","[1.570450380507676, -0.8847609608598472, 6.853264586268412, 3.7705315995028172, 1.3449882960229322]",8.138934445256764,0.06622120086103678,0.001993384415982291,7.60281109251082e-05,True,False,0.00028786444875095185,1.03125,125.78125,3.28125,cg,0,0.00037164035116088456,32
736,1,0.5652930553415221,0.5652930553415221,0.6590856057898778,0.11651097530911655,"[0.31969484076710164, 1.4301397958471516, 1e-05, 0.1656677066459545, 0.09937688140643905]","[1.5931756573694538, -0.8971305743057416, 6.957913647383187, 3.7572268698641333, 1.518743034544819]",8.25705446413171,0.06713509745895863,0.0020195750112179667,7.839678437449038e-05,True,False,0.0003156255807374997,1.03125,134.375,3.3125,cg,0,0.0004145477813204401,32
737,1,0.5603776946167734,0.5603776946167734,0.6531710942207384,0.11546542749963036,"[0.3193089463385019, 1.4303570962363144, 1e-05, 0.1647576419526113, 0.09900901583380459]","[1.5958605283400793, -0.8902260963929296, 6.948305128748543, 3.724639240570131, 1.514369151189898]",8.233132386235305,0.06708749989047647,0.0020131656347075477,8.331873686984181e-05,True,False,0.0003109478553744438,1.0625,131.09375,3.3125,cg,0,0.0004251653268512179,32
738,1,0.5556625380835767,0.5556625380835767,0.6475983999708591,0.11448030502623813,"[0.3189212784489841, 1.4305733507684955, 1e-05, 0.1638528492041442, 0.09864114390366588]","[1.5986670488082089, -0.8834282095977136, 6.938436220808514, 3.6920657033091846, 1.508786285964823]",8.20888933650303,0.06869019940495491,0.0020712343539344147,7.533437747042626e-05,True,False,0.0003387977922648666,1.0625,142.28125,3.28125,cg,0,0.00043698651119861154,32
739,1,0.5511212096751466,0.5511212096751466,0.6420484110446295,0.11349919632492633,"[0.31853178189638603, 1.4307885877325417, 1e-05, 0.16295332052212344, 0.09827354574904786]","[1.6025481736868747, -0.8769345090505506, 6.93327756253992, 3.658550237651239, 1.503615163570804]",8.188611661503332,0.058672897052019835,0.0017614718090044335,7.205622387118638e-05,True,False,0.0003355523271713068,1.0625,119.9375,3.28125,cg,0,0.0004484970646085884,32
740,1,0.5464519432756928,0.5464519432756928,0.636738512058173,0.1125605299297416,"[0.31814037289087044, 1.4310027716614404, 1e-05, 0.16205975018604213, 0.09790630030487664]","[1.6056718055790031, -0.8701430433520697, 6.923699490266134, 3.6249338108885705, 1.497707802708388]",8.16432601567659,0.07083789957687259,0.0021390031033661216,7.46812584111467e-05,True,False,0.0003622329104029376,1.03125,138.125,3.28125,cg,0,0.0004893633115856666,32
741,1,0.5418865612886978,0.5418865612886978,0.6312454706834483,0.11158948822839006,"[0.31774703440774293, 1.4312159290100261, 1e-05, 0.161171756785611, 0.09753940956591077]","[1.6084932032321066, -0.8635110131712036, 6.9163239835932835, 3.5925285798303492, 1.4917550190194642]",8.142483265835253,0.11163950152695179,0.0034088500251527876,7.988439756445587e-05,True,False,0.00035670354138250815,1.125,207.9375,3.28125,cg,0,0.0004322235398639407,32
742,1,0.5374643942367408,0.5374643942367408,0.6261717354093514,0.11069257007382524,"[0.31735194776144093, 1.4314280291728079, 1e-05, 0.16028934082917595, 0.0971729967726305]","[1.6128806431868106, -0.857245548319164, 6.910406761858411, 3.559677022970938, 1.4849836541217791]",8.121973434732121,0.05651679961010814,0.0016922750073717907,7.387498044408858e-05,True,False,0.0003516157747807114,1.0625,117.5625,3.28125,cg,0,0.0004431384869816313,32
743,1,0.5327892560579532,0.5327892560579532,0.6207255771898178,0.10972981622171347,"[0.31695478304378966, 1.4316391220937839, 1e-05, 0.15941278612208706, 0.09680732612229602]","[1.6144359521111644, -0.8501711736101908, 6.8976618121316395, 3.526702505639471, 1.4780232322275202]",8.0950056319149,0.06925149960443377,0.0020879468647763133,7.616249786224216e-05,True,False,0.00034935985576556305,1.0625,136.84375,3.28125,cg,0,0.00045439931057833505,32
744,1,0.5284384774049772,0.5284384774049772,0.6157367495066395,0.10884790775047683,"[0.31655591094281255, 1.4318491704154683, 1e-05, 0.15854145812910836, 0.09644215695521903]","[1.6170147093207037, -0.8436041189749457, 6.8882257065413155, 3.4947855194566886, 1.4697982598699288]",8.07142432385316,0.08224559808149934,0.0024844812287483364,8.569371129851788e-05,True,False,0.0003463363145321807,1.125,161.65625,3.3125,cg,0,0.0004013217376233058,32
745,1,0.5240145668782709,0.5240145668782709,0.6106820365190974,0.10795435229286614,"[0.3161552345208478, 1.4320582051743962, 1e-05, 0.15767549312000936, 0.09607795896469976]","[1.6198760749225058, -0.8366103428066244, 6.878787838034835, 3.458599762836464, 1.461774449882091]",8.046137852803286,0.07463849987834692,0.002254896884551272,7.755623664706945e-05,True,False,0.00037718286700494374,1.03125,139.09375,3.3125,cg,0,0.0004455379658558911,32
746,1,0.5196962929236556,0.5196962929236556,0.6057981885911681,0.10709100179583547,"[0.31575258765986797, 1.432266158445396, 1e-05, 0.1568158012216903, 0.09571461086491766]","[1.6229024491213373, -0.8301189760988771, 6.869814143953736, 3.4261639839650266, 1.453078460791257]",8.022922965138383,0.07015410251915455,0.0021150844113435596,7.723129238002002e-05,True,False,0.00040785677957977384,1.03125,131.90625,3.3125,cg,0,0.000490476726284772,32
747,1,0.5153772496944776,0.5153772496944776,0.6010121800453625,0.1062449470214465,"[0.3153480212802652, 1.4324730952387823, 1e-05, 0.15596170752082206, 0.09535237917780708]","[1.6266086532256219, -0.8235790382745054, 6.8623510771094205, 3.3919570509943675, 1.4439558018905103]",8.000398830192287,0.07559960009530187,0.002283856287249364,7.863121572881937e-05,True,False,0.0003685547902261277,1.125,139.65625,3.3125,cg,0,0.0004324903249339762,32
748,1,0.5112073313298908,0.5112073313298908,0.5962541917423331,0.10540384557297691,"[0.314941389389144, 1.432678979734206, 1e-05, 0.15511376053153705, 0.09499140822314397]","[1.628766188727524, -0.8172628758917503, 6.8513296056709345, 3.3621704375757973, 1.4342272843350592]",7.976384721528647,0.06474440218880773,0.0019431156542850658,8.01469141151756e-05,True,False,0.00039752755897204395,1.03125,129.0,3.3125,cg,0,0.0004754969743299142,32
749,1,0.5071201516013669,0.5071201516013669,0.5915966155944452,0.10458049465346085,"[0.3145329922906121, 1.4328839003603597, 1e-05, 0.15427072937029437, 0.09463178984107566]","[1.631772094569115, -0.8109808865821069, 6.844201360651508, 3.3304760372962092, 1.424169445850921]",7.955111041189777,0.06577520165592432,0.0019770812650676817,7.839378667995334e-05,True,False,0.00036222602943869475,1.09375,136.375,3.3125,cg,0,0.00045360867219823575,32
750,1,0.5029794367139641,0.5029794367139641,0.5871933381839421,0.10380209782435779,"[0.3141227473333978, 1.433087789629103, 1e-05, 0.15343341207336839, 0.09427373841016592]","[1.6348301119875968, -0.8045770060009009, 6.833638624268176, 3.2980495028314354, 1.4134922352424084]",7.930556179925458,0.05304939765483141,0.001575365589815192,8.242808689828962e-05,True,False,0.0003571009897931354,1.0625,112.1875,3.3125,cg,0,0.00046241875304531277,32
751,1,0.49900072323085054,0.49900072323085054,0.5825524014058625,0.10298168835764825,"[0.3137104609628858, 1.4332906951978035, 1e-05, 0.15260167986503628, 0.09391727104444897]","[1.637486346480803, -0.7979091885018338, 6.825421421311734, 3.262899411460508, 1.4025372701298204]",7.9068338511644685,0.05293790390715003,0.0015787500597070903,7.555943739134818e-05,True,False,0.00038349491680023107,1.03125,111.78125,3.3125,cg,0,0.0005029185310996276,32
752,1,0.49489922251400087,0.49489922251400087,0.5780722059153509,0.10218969420455272,"[0.31329626575476655, 1.4334925229340176, 1e-05, 0.15177634333401324, 0.09356250520609867]","[1.6407530286452088, -0.7916266869492685, 6.816350551360007, 3.231201164011415, 1.3907670213595111]",7.883924912220722,0.0716941999271512,0.002164946825359948,7.549692236352712e-05,True,False,0.0003488023914890448,1.09375,139.4375,3.3125,cg,0,0.0004821079206625001,32
753,1,0.4907654483893506,0.4907654483893506,0.5736268199789732,0.10140385356940172,"[0.3128800382927587, 1.4336933433871961, 1e-05, 0.15095664979314938, 0.09320969438238641]","[1.6422731846517031, -0.785078125994055, 6.8035382298690035, 3.2007566152468714, 1.378751904484009]",7.857947635763064,0.06524709891527891,0.001961537476745434,7.743436435703188e-05,True,False,0.00034438565417138634,1.09375,139.25,3.3125,cg,0,0.00045850569230454497,32
754,1,0.48697431957799253,0.48697431957799253,0.569521461383156,0.1006781218438255,"[0.3124620479317722, 1.433893160989014, 1e-05, 0.15014199518784957, 0.09285877529556695]","[1.645896311044395, -0.7790387448663222, 6.795741263293651, 3.1687682844565925, 1.3659934475706987]",7.8361346268251735,0.07312399847432971,0.0021968093351460993,8.831561717670411e-05,True,False,0.00031094929046382447,1.09375,139.5,3.3125,cg,0,0.00043867910652561903,32
755,1,0.4831941087146097,0.4831941087146097,0.5652204009827481,0.09991779459997016,"[0.31204196931158107, 1.4340919933934753, 1e-05, 0.14933323718790284, 0.09251013568880975]","[1.6484982655189009, -0.7731984166146936, 6.787178097658398, 3.1407232920903847, 1.3529700481067617]",7.815103300709546,0.07516300026327372,0.002251515630632639,9.732812759466469e-05,True,False,0.0002729907128173892,1.15625,140.78125,3.3125,cg,0,0.00034856699855101425,32
756,1,0.47945139517318514,0.47945139517318514,0.5611465696678898,0.09919763616293356,"[0.3116200943338931, 1.4342898662524164, 1e-05, 0.14852947985525097, 0.0921638907331453]","[1.6513870722926662, -0.7671304446244445, 6.777509620110783, 3.109918688636087, 1.3392011068097154]",7.791999671888316,0.06315129902213812,0.0018851062341127545,8.837186032906175e-05,True,False,0.0002719498575158852,1.0625,125.0625,3.3125,cg,0,0.00036018847320207215,32
757,1,0.4754481740594154,0.4754481740594154,0.5569851393427548,0.098461992262349,"[0.3111962269977487, 1.4344867683255245, 1e-05, 0.14773124607209084, 0.09182015326830188]","[1.6541855746440648, -0.7607073817862745, 6.766321329185774, 3.077557306308922, 1.325241705814698]",7.766964305203485,0.06997220171615481,0.0020956687221769243,9.096258145291358e-05,True,False,0.00023211974109127453,1.125,136.4375,3.3125,cg,0,0.00030019894541721825,32
758,1,0.471917201350481,0.471917201350481,0.5530493150686865,0.09776623025391092,"[0.31077027278721553, 1.4346826511316753, 1e-05, 0.1469387724144352, 0.09147890238737373]","[1.6573287513021469, -0.7549526446594601, 6.75900143426879, 3.0480728737509053, 1.3104305437803632]",7.746532703589859,0.07657739939168096,0.0023075375065673143,8.55062244227156e-05,True,False,0.0002588732017683171,1.03125,137.9375,3.3125,cg,0,0.0003401675248313474,32
759,1,0.46821138257966305,0.46821138257966305,0.5491377009233906,0.09707474803202994,"[0.3103423836103403, 1.4348775648236325, 1e-05, 0.14615182088657425, 0.09114057539806045]","[1.659769451279384, -0.7488437779573628, 6.748513858151779, 3.0177327116920747, 1.2954208252875403]",7.722879434683503,0.0814671996049583,0.0024424531147815287,0.00010339687287341803,True,False,0.0002878480059345101,1.03125,133.1875,3.3125,cg,0,0.00038151491572646634,32
760,1,0.4644885817749016,0.4644885817749016,0.5454104904721386,0.09641586408578252,"[0.30991255184484345, 1.4350714934701156, 1e-05, 0.14537031633588848, 0.09080509927517756]","[1.661860872311361, -0.7426556407036125, 6.736324762880141, 2.9877413810860807, 1.2796564853633028]",7.697760034670286,0.05758980102837086,0.0017111344204749912,8.854686166159809e-05,True,False,0.0002824663861957788,1.03125,114.375,3.3125,cg,0,0.0004206836410398651,32
761,1,0.46095673362966905,0.46095673362966905,0.5416403462793397,0.0957493904545877,"[0.30948077406413566, 1.4352644471702212, 1e-05, 0.14459405379529452, 0.09047262424882352]","[1.664493723201537, -0.7367000947104545, 6.7250642050012495, 2.957524358145284, 1.263668427459097]",7.673562612573929,0.0700178979896009,0.002089181187329814,9.887812484521419e-05,True,False,0.000277603755653999,1.0625,130.46875,3.3125,cg,0,0.00039793299839052665,32
762,1,0.45740436258299133,0.45740436258299133,0.537933995106766,0.09509419394269132,"[0.30904694852389514, 1.4354564570961994, 1e-05, 0.14382321904562723, 0.09014326786220232]","[1.667104412164978, -0.730838717482854, 6.717046616118909, 2.9287191676137776, 1.2469122800208903]",7.652729172782847,0.060222500935196877,0.0017976562958210707,8.429685840383172e-05,True,False,0.0002717086395014334,1.0625,129.25,3.28125,cg,0,0.00040329844274022975,32
763,1,0.4538894845236825,0.4538894845236825,0.5342010433823814,0.09443429507315274,"[0.3086112596671991, 1.4356474579015033, 1e-05, 0.1430578138937901, 0.08981739398068757]","[1.6695516218283732, -0.7247881648473002, 6.705196558929789, 2.8980433167899817, 1.2299603461192896]",7.627833172976013,0.055633400566875935,0.0016615843633189797,7.695940439589322e-05,True,False,0.0002997393882520072,1.03125,115.3125,3.28125,cg,0,0.00041437028775792584,32
764,1,0.45018199756408483,0.45018199756408483,0.5304184497143531,0.09376562066486871,"[0.3081735071406954, 1.4358374956614586, 1e-05, 0.1422979537210015, 0.08949490125750753]","[1.6707032403973305, -0.7185298616178601, 6.690852201182424, 2.869510980626979, 1.2125310467374275]",7.601273739632022,0.04975379817187786,0.0014783061924390495,7.650000043213367e-05,True,False,0.0002943538648714217,1.03125,104.375,3.28125,cg,0,0.000451222429748821,32
765,1,0.446850817051446,0.446850817051446,0.5269798947772487,0.09315776428649146,"[0.3077339220665606, 1.4360265507819912, 1e-05, 0.14154294578982066, 0.08917586760917148]","[1.6736688483507896, -0.7128119979157559, 6.681130907902226, 2.8400556614864367, 1.1945276738657757]",7.578891151798611,0.05977769987657666,0.001796174983610399,7.187813753262162e-05,True,False,0.00028739386551546175,1.0625,119.5,3.3125,cg,0,0.0004274326734523548,32
766,1,0.44363774452088756,0.44363774452088756,0.5237718083992314,0.0925906493783594,"[0.3072922561778157, 1.436214655343343, 1e-05, 0.14079348109789466, 0.0888606426904379]","[1.6756569989674437, -0.707025352635097, 6.670368098970861, 2.8112301513180524, 1.1761141956522208]",7.555645661895474,0.07066409848630428,0.002133506175596267,7.474690210074186e-05,True,False,0.00031388008882604623,1.03125,139.75,3.3125,cg,0,0.0004633565282312624,32
767,1,0.44016487865911896,0.44016487865911896,0.52017958678272,0.09195562831221937,"[0.3068487052031594, 1.4364018068811943, 1e-05, 0.1400493408147886, 0.08854932205733095]","[1.677464657039531, -0.7007241420453867, 6.654035487335878, 2.7815569366108077, 1.153961407693687]",7.526604559005429,0.07029239926487207,0.002115218769176863,8.141870785038918e-05,True,False,0.0003394736352380079,1.0625,132.75,3.3125,cg,0,0.0004395180679357402,32
768,1,0.7917525256775537,0.7917525256775537,2.1020555861933827,0.371594439857101,"[0.3064029624665333, 1.4365880061524485, 1e-05, 0.1393102141835341, 0.08824268673499036]","[0.0069939029287433285, 4.724956540878288, 4.300868937384932, 2.0378411634479505, 2.387458454421689]",7.118672019658005,0.1075560012832284,0.0032493437320226803,0.00011178130807820708,True,False,0.0003656178432813739,1.09375,214.625,3.375,cg/minres,1,0.000442271192940602,32
769,1,0.4355262294080129,0.4355262294080129,0.5156766165069622,0.09115960810785191,"[0.3064009975205691, 1.4352605235750333, 1e-05, 0.13873768010483675, 0.08757192723167474]","[1.6922392765603944, -0.6933857335009536, 6.671662558063544, 2.732533236955437, 1.1131654468190497]",7.520732280588195,0.09468739945441484,0.002877118735341355,8.186249760910869e-05,True,False,0.000389621246565941,1.0625,183.90625,3.3125,cg,0,0.0004424011717345522,32
770,1,0.43248015110276117,0.43248015110276117,0.512772083027197,0.09064615427792058,"[0.30595097770515745, 1.435444916718557, 1e-05, 0.1380110133030826, 0.08727590141792672]","[1.6945551706520048, -0.688121835070978, 6.66131859304554, 2.7038231779226134, 1.0989022853920725]",7.499095965158105,0.05560360103845596,0.001662315655266866,7.529687718488276e-05,True,False,0.0003486852753584735,1.09375,117.25,3.3125,cg,0,0.00040994749030964783,32
771,1,0.4293204490860826,0.4293204490860826,0.5096496540834766,0.09009418160795113,"[0.3054990418509427, 1.4356284379958353, 1e-05, 0.13728990686835382, 0.08698282548174689]","[1.6965921683852199, -0.6828227426244363, 6.6514598272908465, 2.675604563156166, 1.085288450387828]",7.478188317812176,0.05963410343974829,0.0017840063374023885,7.955939508974552e-05,True,False,0.00034204397883552673,1.0625,117.40625,3.3125,cg,0,0.0003872032777145762,32
772,1,0.4261724246320765,0.4261724246320765,0.5064504927803196,0.08952864444505815,"[0.3050452976829556, 1.4358110551521608, 1e-05, 0.13657433126391888, 0.08669257110351529]","[1.69881761164578, -0.6785941430852247, 6.646076031403081, 2.6503953612827984, 1.0835728109011153]",7.4642831880557345,0.05970429955050349,0.0017917312361532822,7.402812479995191e-05,True,False,0.0003687674614893943,1.0,111.9375,3.28125,cg,0,0.0004537709307008697,32
773,1,0.4230141301321051,0.4230141301321051,0.5033695224157295,0.08898400068569903,"[0.3045901119488086, 1.4359928794816772, 1e-05, 0.1358641772426543, 0.08640223570667775]","[1.6991007429366172, -0.672715985686718, 6.632355333040228, 2.615130110875625, 1.0770838748550522]",7.438188123866894,0.05761590180918574,0.0017133250221377239,8.717190939933062e-05,True,False,0.00029598055482393804,1.125,113.59375,3.25,cg,0,0.00036569627462545995,32
774,1,0.4200756673970625,0.4200756673970625,0.5005019203753472,0.08847707547357436,"[0.3041332531777172, 1.436173761162644, 1e-05, 0.13516101403490136, 0.08611262650164724]","[1.7015852907643056, -0.6683120424867565, 6.626620680791072, 2.589175785866124, 1.0698519155968473]",7.423109153608609,0.0686281998641789,0.002067943714791909,7.668753096368164e-05,True,False,0.0002568798028481645,1.0625,130.3125,3.25,cg,0,0.0003669641814694202,32
775,1,0.41710240186975545,0.41710240186975545,0.4975416390847802,0.08795376672987947,"[0.3036747969553113, 1.436353823729034, 1e-05, 0.13446341529778494, 0.08582437749619307]","[1.7039301603703882, -0.6638941438649952, 6.620261948083192, 2.5635102152401594, 1.06260335117658]",7.407611773877509,0.06054240092635155,0.0018176469166064635,7.430311234202236e-05,True,False,0.000280722186992044,1.03125,120.15625,3.28125,cg,0,0.00037455513555517683,32
776,1,0.41378351351104214,0.41378351351104214,0.49377309188969065,0.08728757541066212,"[0.3032147485045679, 1.4365330702025376, 1e-05, 0.13377128663522891, 0.08553748250669582]","[1.7064900314903302, -0.6594928755245679, 6.611598316988242, 2.538961312257296, 1.0568935007376916]",7.390779377216326,0.04939400032162666,0.0014670468808617443,7.651562918908894e-05,True,False,0.00027325212277773403,1.03125,108.5625,3.28125,cg,0,0.00040701948099508556,32
777,1,0.4112115906805858,0.4112115906805858,0.4919996795853174,0.08697407744409662,"[0.30275295957970294, 1.4367115338913519, 1e-05, 0.13308422477549037, 0.08525147924596996]","[1.7074689653001156, -0.6549412389751719, 6.60360092755005, 2.5138223718831085, 1.0462754094855433]",7.373326159487822,0.06425639986991882,0.0019345093751326203,7.350312080234289e-05,True,False,0.0002982771938824236,1.03125,126.78125,3.28125,cg,0,0.0004166864215009447,32
778,1,0.40822859334066414,0.40822859334066414,0.48907451974841415,0.08645697735491442,"[0.3022898120318703, 1.4368891853948171, 1e-05, 0.13240235547602708, 0.08496767913006234]","[1.7093407157866172, -0.6505375095052134, 6.595175582123763, 2.4895381444968754, 1.038207201152454]",7.356429844591085,0.056598999071866274,0.0016957093612290919,7.300935976672918e-05,True,False,0.0003222737436381351,1.0,116.4375,3.28125,cg,0,0.00047842412292808945,32
779,1,0.4053350566458317,0.4053350566458317,0.48621365681404843,0.08595124345968061,"[0.3018250918478503, 1.4370660476834978, 1e-05, 0.1317255222303491, 0.08468542069140553]","[1.7120240116698306, -0.6461951486723058, 6.588960489303167, 2.46327014989122, 1.030120679409254]",7.341106399024033,0.051336598582565784,0.0015281531086657196,7.611559703946114e-05,True,False,0.0002814202314604941,1.09375,113.59375,3.28125,cg,0,0.00042299374439513926,32
780,1,0.4024755403807238,0.4024755403807238,0.48349795822239955,0.08547117123722718,"[0.3013586705978697, 1.4372420961191041, 1e-05, 0.13105443261097427, 0.08440477616092824]","[1.7133083873036856, -0.641779749163808, 6.581378915072908, 2.439628661881962, 1.0210464144481823]",7.325037821645812,0.07047239877283573,0.002104284372762777,9.79780888883397e-05,True,False,0.000306930302153674,1.03125,126.0625,3.28125,cg,0,0.00045356070431523676,32
781,1,0.39953687578864056,0.39953687578864056,0.4803597721516096,0.084916413074407,"[0.3008908755014384, 1.4374173251799507, 1e-05, 0.13038832583556903, 0.08412599359647743]","[1.715164271370276, -0.6374306275021525, 6.572853516646645, 2.414698961161976, 1.013777966468981]",7.308147950903279,0.0626873024739325,0.0018665031675482169,9.247503476217389e-05,True,False,0.0002989882743742456,1.125,132.21875,3.28125,cg,0,0.0003644110913665344,32
782,1,0.3969626896237277,0.3969626896237277,0.47866296763507554,0.0846164575794097,"[0.30042149138862123, 1.4375917690012026, 1e-05, 0.1297275020599548, 0.08384855587268178]","[1.715456412851409, -0.6330187806119992, 6.561900924181895, 2.392511199771249, 1.0022334871624377]",7.289076006161575,0.05157029815018177,0.0015204312512651086,9.114056592807174e-05,True,False,0.0002902873228700642,1.03125,105.09375,3.28125,cg,0,0.00039357243606463754,32
783,1,0.39417636629938646,0.39417636629938646,0.47575321182907016,0.08410208056390386,"[0.29995079896857624, 1.4377654587198967, 1e-05, 0.12907103718088905, 0.08357355984131162]","[1.7183001521790053, -0.6287511423999124, 6.556098816071584, 2.3664969358169645, 0.9922938155865273]",7.274288271839739,0.05930109973996878,0.0017706593498587608,8.250001701526344e-05,True,False,0.0002802461353486052,1.125,129.34375,3.28125,cg,0,0.0003056974681219238,32
784,1,0.391485337932578,0.391485337932578,0.47330315965739916,0.08366896843769152,"[0.2994783678281732, 1.4379383281797853, 1e-05, 0.1284203901767958, 0.08330073759991338]","[1.7195679615510675, -0.6245161137347073, 6.547396704986899, 2.3437597157139893, 0.9820851329246203]",7.257619360127382,0.04646309884265065,0.0013743843592237681,7.758747960906476e-05,True,False,0.0003041041145568357,1.0,97.96875,3.28125,cg,0,0.00036469380065629053,32
785,1,0.388651951458557,0.388651951458557,0.47068673166223834,0.08320644494322539,"[0.2990045022598682, 1.438110427619742, 1e-05, 0.12777451455309818, 0.0830301019867577]","[1.7203732496899373, -0.6200540441575835, 6.536352342766563, 2.3205788199945423, 0.97181893313509]",7.238616662272006,0.055665901862084866,0.0016656250518281013,7.393438136205077e-05,True,False,0.00032862188052185104,1.03125,113.8125,3.28125,cg,0,0.00037582654077539246,32
786,1,0.38611106793657923,0.38611106793657923,0.46830726227169645,0.08278581020780588,"[0.2985291702096385, 1.4382817460008641, 1e-05, 0.1271333481734033, 0.08276159241418536]","[1.7225505375887276, -0.6160118364569503, 6.530645368590727, 2.2968782558894234, 0.9609356783795677]",7.2246125825443555,0.051192601677030325,0.0015165937802521512,8.317502215504646e-05,True,False,0.0003194757593849573,1.03125,109.03125,3.28125,cg,0,0.0004038745588510473,32
787,1,0.3833110280758538,0.3833110280758538,0.4656461705207153,0.0823153912021863,"[0.29805231404118115, 1.4384522774527124, 1e-05, 0.12649750002810037, 0.082495575193949]","[1.7230340210279398, -0.6114971138206633, 6.519263485910642, 2.273718902898083, 0.9500397515197739]",7.205271995936191,0.048769700806587934,0.001447484319214709,7.656883099116385e-05,True,False,0.000342397500178393,1.03125,106.84375,3.28125,cg,0,0.0004118615456687458,32
788,1,0.38079191898777676,0.38079191898777676,0.4634897042743356,0.08193417822563255,"[0.29757404367976786, 1.43862201347769, 1e-05, 0.12586637356851219, 0.0822318683548668]","[1.7247999215755638, -0.6073503425021292, 6.510440377964629, 2.2496771943646263, 0.9386381330185011]",7.1883052346598015,0.051870197523385286,0.0015440187271451578,7.692494546063244e-05,True,False,0.00036536837047140835,1.0,109.65625,3.28125,cg,0,0.0004703786385844566,32
789,1,0.37832409755721647,0.37832409755721647,0.46107873253271753,0.08150797460869573,"[0.29709415311724163, 1.4387909963804997, 1e-05, 0.1252404465605147, 0.08197071134991323]","[1.7263189340140634, -0.6033502259262915, 6.503523688681998, 2.22740790792272, 0.927159245801111]",7.173632216782501,0.051714297384023666,0.0015318624646170065,8.42093286337331e-05,True,False,0.000357117420084041,1.0625,105.84375,3.28125,cg,0,0.0004483142914804006,32
790,1,0.37539747797082523,0.37539747797082523,0.45829305910340107,0.08101553246568552,"[0.29661285748300636, 1.4389592096949293, 1e-05, 0.12461944792542959, 0.08171222047174893]","[1.7260810394617776, -0.5986623220721983, 6.489346284728706, 2.2052394928537398, 0.915196398441434]",7.151925139593016,0.04584080120548606,0.0013475343876052648,8.499065006617457e-05,True,False,0.00038023749810278673,1.0,100.5625,3.28125,cg,0,0.0005060838314068228,32
791,1,0.3731613515748626,0.3731613515748626,0.45646452029255813,0.08069228941748306,"[0.29613016757629446, 1.4391266226111172, 1e-05, 0.12400276376011661, 0.08145629038846354]","[1.7280964760149669, -0.5948587197140577, 6.481241278130503, 2.182272014761736, 0.9032114309459978]",7.136158971574392,0.057552700862288475,0.0017198093846673146,7.871251727920026e-05,True,False,0.0004020735154779409,1.0625,114.0,3.28125,cg,0,0.0004812535439246979,32
792,1,0.3706768903292935,0.3706768903292935,0.4542145818364085,0.08029455273258412,"[0.295645846393805, 1.4392933393902698, 1e-05, 0.1233911540627574, 0.08120315381053213]","[1.729197079524712, -0.5906304811457068, 6.471855267225897, 2.158748173457787, 0.8907162604013261]",7.118809355360308,0.06712710158899426,0.002009271876886487,8.845004776958376e-05,True,False,0.0003618742779996076,1.0625,125.1875,3.28125,cg,0,0.0004754164302407382,32
793,1,0.3681434873679177,0.3681434873679177,0.45202594618189607,0.07990765295437102,"[0.2951600356372689, 1.4394592745773438, 1e-05, 0.122784662705736, 0.08095291076683957]","[1.729460953654523, -0.5864340243874027, 6.461000417401663, 2.1378909844630374, 0.8781777994785862]",7.100791544453665,0.04872880224138498,0.0014377313054865226,8.50437645567581e-05,True,False,0.00035280653855318533,1.0625,101.9375,3.28125,cg,0,0.00045318723629206303,32
794,1,0.3658429837649356,0.3658429837649356,0.4498972379680851,0.07953134695108272,"[0.2946729178441091, 1.439624448845771, 1e-05, 0.122182507024703, 0.08070556431430476]","[1.7317657016599681, -0.5825854541947579, 6.454244199496671, 2.1144149523896316, 0.8652588734755644]",7.086262057858051,0.05048560258001089,0.0014913250342942774,8.635004633106291e-05,True,False,0.00037428581113463366,1.0,100.625,3.28125,cg,0,0.0005088965583466276,32
795,1,0.3629660103004346,0.3629660103004346,0.4464872829946608,0.07892854637977043,"[0.2941841507939278, 1.4397888755772004, 1e-05, 0.1215857424865509, 0.08046135689824005]","[1.732724188575773, -0.5783415066079938, 6.442126025232274, 2.092592659912125, 0.854621053166004]",7.067327707256034,0.05760309938341379,0.0017156156245619059,8.448123116977513e-05,True,False,0.0003343445093921815,1.09375,116.625,3.28125,cg,0,0.00045536773452869994,32
796,1,0.36100495469787297,0.36100495469787297,0.44581753881128083,0.07881015121633837,"[0.2936938030245576, 1.4399525418257408, 1e-05, 0.12099355467630755, 0.08021950563891111]","[1.7323525242701705, -0.5741421594655438, 6.430987588705269, 2.070852304916454, 0.8379674342442173]",7.048326364700618,0.06113040121272206,0.0018176218727603555,9.2703165137209e-05,True,False,0.00026017313742920933,1.125,105.78125,3.28125,cg,0,0.0003821009245776885,32
797,1,0.358775498546341,0.358775498546341,0.44381314212697753,0.0784558205944237,"[0.2932022388050855, 1.4401154577095057, 1e-05, 0.12040593934822233, 0.07998172793374637]","[1.733509249909374, -0.5702983889180842, 6.422488802522946, 2.049383290406988, 0.8248334456673887]",7.032707805287196,0.04617450200021267,0.001365525065921247,7.742812158539891e-05,True,False,0.0002819107585927405,1.0625,108.1875,3.28125,cg,0,0.000359256119485174,32
798,1,0.35632788740613924,0.35632788740613924,0.44184967507866324,0.07810872537829885,"[0.2927092539413152, 1.4402776422917822, 1e-05, 0.11982312449316043, 0.07974715727664329]","[1.7326288579685223, -0.5659464080054897, 6.40600835974039, 2.0284874977656813, 0.8116439548440012]",7.009477058903173,0.0502237007021904,0.0014837031485512853,8.578749839216471e-05,True,False,0.00030372555745428187,1.0,99.46875,3.28125,cg,0,0.00041443102658300646,32
799,1,0.35356085574781776,0.35356085574781776,0.4383881361984659,0.07749680597441674,"[0.2922148864319671, 1.4404391226427895, 1e-05, 0.119244340232814, 0.07951557253846449]","[1.7338645957693837, -0.5618765129960355, 6.39644680329507, 2.0076101032494833, 0.7995794480879028]",6.993307442131855,0.04460349818691611,0.0012978499580640346,9.600936027709395e-05,True,False,0.0002933644035918448,1.0625,91.5625,3.28125,cg,0,0.00039117874472571756,32
800,1,0.35193100950529765,0.35193100950529765,0.4379110346788695,0.07741246554446149,"[0.29171902246205905, 1.4405998124215715, 1e-05, 0.11867018841135471, 0.07928690264096894]","[1.7352236603605689, -0.5582745529490357, 6.389511355152266, 1.9857818339776503, 0.7824967120907155]",6.978836406031721,0.05147059913724661,0.001517081240308471,9.13749827304855e-05,True,False,0.00031414302547760897,1.03125,103.90625,3.28125,cg,0,0.0004125633273317497,32
