epoch,seed,loss,loss_mean,loss_std,theta,grad_theta,grad_norm,wall_time_sec,forward_time_sec,backward_time_sec,warm_start,penalty_warm_start,constraint_violation_inf,outer_iterations,inner_iterations_total,backward_iterations,alm_residual_inf,closed_loop_steps,final_state
0,1,4.274231471934445,4.274231471934445,2.094183416954923,"[0.4, 4.0, 0.02, 0.08, 0.08]","[-7.810829868264477, 0.12256270002235611, -10.801062641595083, 0.17639362601078012, 35.45174573737585]",37.87538025647947,0.2859655001666397,0.00414682399481535,0.0015724860085174442,True,False,2.7031863055526626e-07,1.2,214.42,3.76,2.1438042542456513e-05,50,"[1.7757559462088128, -0.958528907074725, -0.1079954861566401, 0.13359860493297468]"
1,1,4.195464343571897,4.195464343571897,2.0620601177801796,"[0.4002062244607227, 3.9999967640536096, 0.020285173708307843, 0.07999534278930505, 0.0790639897079218]","[-7.738746248788528, 0.1230796228940705, -10.581680334404941, 0.14717086012492822, 35.526763526740616]",37.86882473411685,0.2977322998922318,0.004409750015474856,0.0015448959823697805,True,False,5.392685255856122e-07,1.2,217.18,3.76,2.170006312354644e-05,50,"[1.7677685972192314, -0.9631744916715372, -0.10759589845321578, 0.1345613045143655]"
2,1,4.11966913716867,4.11966913716867,2.0312233873019934,"[0.4004105811130064, 3.999993513896686, 0.020564603566731527, 0.07999145645638729, 0.07812583639117006]","[-7.68138350317113, 0.12376774375025888, -10.377958370350678, 0.11808852448981803, 35.64808871957001]",37.91465633725124,0.267473699292168,0.003870185986161232,0.0014792879996821284,True,False,4.542209737223857e-07,1.2,202.02,3.76,5.0902836648845095e-05,50,"[1.7600200608104095, -0.9683786107257342, -0.10723833906609735, 0.1360548248508822]"
3,1,4.048677697201763,4.048677697201763,2.0048021178011,"[0.40061317779315675, 3.999990249519379, 0.020838322475793102, 0.07998834186862903, 0.07718561716825162]","[-7.7246129441811116, 0.12430355292661247, -10.38168102104246, 0.11254886719112861, 36.35444580818683]",38.58915384666076,0.2875221015419811,0.004145352020859718,0.0016050900099799036,True,False,4.4029723937910604e-07,1.2,206.52,3.8,0.00014027638000811747,50,"[1.7537776823277333, -0.9729415274938606, -0.10701701550629726, 0.1371243991516652]"
4,1,3.9798647371397466,3.9798647371397466,1.9781366071369604,"[0.40081335354654785, 3.9999870283149592, 0.021107353537267694, 0.07998542527533872, 0.07624352743102379]","[-7.646057186540369, 0.12446815919727337, -10.21484157890629, 0.07985612371316679, 36.41897475612742]",38.58974955338002,0.26836829958483577,0.003925826009362936,0.0014415399823337794,True,False,4.93160589769559e-07,1.2,204.42,3.8,0.00024134325804055833,50,"[1.747521306463829, -0.9776290249330273, -0.10675252933898578, 0.13850318657259894]"
5,1,3.910074632520176,3.910074632520176,1.9514378367540328,"[0.4010114905460058, 3.999983802894721, 0.021372057032285504, 0.07998335591431319, 0.0752997800582971]","[-7.557566604875286, 0.12450661528063817, -10.03265447535482, 0.04413128782330984, 36.451274728479206]",38.554945825508085,0.2822983006481081,0.004164758007973433,0.00148120800498873,True,False,4.976746350848771e-07,1.2,209.92,3.8,0.0003271845347927638,50,"[1.7410721076423583, -0.9821425957975221, -0.10648507014050017, 0.13956940388085343]"
6,1,3.841231103510913,3.841231103510913,1.9240822922407161,"[0.4012075112235833, 3.9999805735654457, 0.021632274087718558, 0.07998221128067728, 0.0743543429957603]","[-7.493158846086862, 0.12482915548046883, -9.877020534204435, 0.014222335116671939, 36.58443539381357]",38.62822364285962,0.2831506025977433,0.004243870032951236,0.0014191420190036296,True,False,4.891845986776389e-07,1.2,216.12,3.8,0.00042597244078621086,50,"[1.7344151830162682, -0.9868853008955434, -0.10620713388905492, 0.14088598649042172]"
7,1,3.7731356341978066,3.7731356341978066,1.89850270467464,"[0.40140149267391273, 3.9999773420123557, 0.021887968489440666, 0.07998184309561013, 0.07340725219160862]","[-7.434278526436458, 0.12525698374480065, -9.725527825212666, -0.016290039327062803, 36.75258089753968]",38.737869662581815,0.2743373995181173,0.0039575720112770794,0.0015291759790852667,True,False,5.41735197430171e-07,1.2,206.52,3.8,0.0005222003007173726,50,"[1.7278009381624666, -0.9914260326849829, -0.1059202195031856, 0.1419903531849691]"
8,1,3.7047167779962673,3.7047167779962673,1.872331086563544,"[0.4015934050994281, 3.999974108561863, 0.02213902844471631, 0.07998226361536169, 0.07245850149321667]","[-7.362314205949314, 0.12563102360278453, -9.543253874332596, -0.05039717268727508, 36.849203149038324]",38.77060046898022,0.2897096003871411,0.004342870013788342,0.0014513219939544797,True,False,4.173718113520408e-07,1.2,211.72,3.8,0.0006131290150455015,50,"[1.7209498424708893, -0.9962721160403287, -0.10559760819788584, 0.14339712690478573]"
9,1,3.639557474927175,3.639557474927175,1.8484337400162636,"[0.40178329935220475, 3.9999708681935924, 0.02238517510632713, 0.07998356349651072, 0.07150805959388187]","[-7.304667101459183, 0.1256739761705351, -9.429041004905045, -0.08113169972860142, 37.0550400008239]",38.92766807168094,0.28361960127949715,0.004160262015648186,0.0015121300099417568,True,False,6.123464424945268e-07,1.2,211.6,3.78,0.0007047882283202966,50,"[1.7145294737054237, -1.0006992084143949, -0.1053212397596269, 0.14447516280885855]"
10,1,3.572508258255937,3.572508258255937,1.823715013079201,"[0.4019709465312708, 3.999967639796352, 0.02262739462451919, 0.079985647661932, 0.07055616491753909]","[-7.230728789284079, 0.12598778713942088, -9.246817920017195, -0.11719965406066582, 37.168270695159464]",38.978161008700795,0.2830062999855727,0.004234267994761467,0.001425858004949987,True,False,4.774855148070856e-07,1.2,219.3,3.78,0.0007975368383424098,50,"[1.7078387932082626, -1.0054433947848522, -0.10497157793540571, 0.14593880561764927]"
11,1,3.5071303918145054,3.5071303918145054,1.800345281978646,"[0.402156453712779, 3.9999644075302863, 0.022864625362975934, 0.07998865446499877, 0.06960259836302901]","[-7.169131768655887, 0.12629471194083228, -9.091427442222814, -0.1496565770495768, 37.340023133938736]",39.09432411926253,0.28241019998677075,0.004195448011159897,0.0014527559885755181,True,False,4.1036429138330277e-07,1.22,215.72,3.78,2.1821828676706902e-05,50,"[1.701088727590257, -1.0101434817279797, -0.10465588026461085, 0.14721500579113014]"
12,1,3.441740864924748,3.441740864924748,1.7754504691501283,"[0.40233983408652846, 3.999961177017551, 0.02309717644671524, 0.07999248255463626, 0.0686474719099134]","[-7.1622215097430235, 0.12675303400642968, -8.981412843245849, -0.1738182830792381, 37.835896753615884]",39.541934144562155,0.2883512005209923,0.004135719994083047,0.0016313040163367988,True,False,4.492545241419066e-07,1.22,204.06,3.78,2.2208288091007943e-05,50,"[1.6945616850618526, -1.0148936534923392, -0.10436801667956255, 0.1485561279790058]"
13,1,3.3783623779316914,3.3783623779316914,1.753396911410535,"[0.40252096385836456, 3.9999579714830533, 0.02332431285360377, 0.07999687835081656, 0.06769061692618059]","[-7.107936837485998, 0.127142683864459, -8.841093875599425, -0.20607617259202715, 38.070158589715376]",39.72509678653913,0.3020885006990284,0.004493538015522063,0.0015482319984585046,True,False,3.511451529902843e-07,1.22,217.14,3.8,2.1958068799108333e-05,50,"[1.6886631087745005, -1.0193198263066987, -0.10415200512765478, 0.14968841195037835]"
14,1,3.3155190579743214,3.3155190579743214,1.7302615363570544,"[0.40269989197716816, 3.999954770919829, 0.023546869740573337, 0.08000206590702805, 0.06673227669120708]","[-7.096954739290371, 0.12746763621720947, -8.735409236972545, -0.23519884041115763, 38.57094356439928]",40.1803857006103,0.2846026006154716,0.004209269997663796,0.001482782014645636,True,False,4.042174654728115e-07,1.22,212.9,3.82,2.20585788582639e-05,50,"[1.682654943836734, -1.0239355511483923, -0.10387615223592923, 0.15113365959712097]"
15,1,3.252704438008112,3.252704438008112,1.7055472705118981,"[0.40287651931947377, 3.9999515985352443, 0.0237642745535048, 0.08000791948051432, 0.06577233210902121]","[-7.019670175433448, 0.12744799334239768, -8.5882496907193, -0.2752231471663068, 38.71101004143821]",40.269940294493644,0.28356749936938286,0.004182234006002546,0.001489115981385112,True,False,5.949517671410832e-07,1.22,216.68,3.82,2.1784961462856244e-05,50,"[1.6766876065006848, -1.0287448701655901, -0.10361586132312155, 0.1528492861234515]"
16,1,3.192853978489426,3.192853978489426,1.6843015538390538,"[0.4030508347051914, 3.9999484336933695, 0.023977541561791882, 0.08001475393681465, 0.06481104411710009]","[-6.962995364312912, 0.12785791890198053, -8.439736904323052, -0.31297087284500913, 38.921834933789114]",40.43186857523948,0.28353000013157725,0.004138021995313466,0.0015325780073180795,True,False,3.897008738817931e-07,1.22,209.72,3.84,2.184902127709165e-05,50,"[1.6708086464649925, -1.0331176498461112, -0.10340798704666856, 0.1539661534580493]"
17,1,3.1293173759701465,3.1293173759701465,1.6586246703519492,"[0.40322305022748867, 3.999945271387906, 0.024186281281263634, 0.0800224946345332, 0.0638483917266869]","[-6.916885268816527, 0.12800996618022434, -8.314919955133208, -0.34979741331469943, 39.27980393339753]",40.74337906347728,0.26469629909843206,0.003871227973140776,0.001422698008827865,True,False,4.7137541287156637e-07,1.22,213.86,3.84,2.2454632724020484e-05,50,"[1.6645465363809282, -1.0376576746111095, -0.10309428226815326, 0.1552705536724593]"
18,1,3.0679983145559877,3.0679983145559877,1.6354262890362237,"[0.40339281732652754, 3.999942129528563, 0.02439036155506652, 0.08003108001506243, 0.06288431351728663]","[-6.831453847842507, 0.12804283784700307, -8.12180315096669, -0.39587315580932164, 39.36453507926965]",40.77219862392903,0.27201209939084947,0.004014646005816758,0.0014255959820002318,True,False,8.289485651857831e-07,1.22,210.42,3.84,2.198902939966274e-05,50,"[1.6583487585954955, -1.0425145989467501, -0.10278910023610863, 0.15694709652690222]"
19,1,3.0091571353098727,3.0091571353098727,1.6140987921154766,"[0.40356036909165766, 3.999938989083795, 0.02458956109359719, 0.08004078940452782, 0.061918838600385745]","[-6.734958312798799, 0.12778805892734138, -7.9696087379884535, -0.4452187076330386, 39.400196451495695]",40.76106422572704,0.27618550113402307,0.004060040009208023,0.0014636700134724378,True,False,5.012239898860571e-07,1.22,216.32,3.84,2.2196847752695702e-05,50,"[1.6523576556640809, -1.0470318635829394, -0.10255098795012929, 0.1582324199716525]"
20,1,2.9497480018444002,2.9497480018444002,1.5928230588950456,"[0.40372559927984253, 3.9999358540317216, 0.02478508122755784, 0.08005171205132518, 0.0609522250636945]","[-6.660998461908036, 0.12787041034769328, -7.820486371017073, -0.48686682760839567, 39.568228662537706]",40.88308962430975,0.2741931995842606,0.004052239987067878,0.0014316240046173335,True,False,3.8300053347484207e-07,1.22,216.1,3.84,2.1907321347782726e-05,50,"[1.6462192398989735, -1.0518803077691947, -0.1022561536630604, 0.15988446447768162]"
21,1,2.8899692639898227,2.8899692639898227,1.5692940764478351,"[0.4038885272415733, 3.9999327263226485, 0.024976370252988433, 0.08006362080949563, 0.05998438655087227]","[-6.581733854731673, 0.12800635334924, -7.641553807144126, -0.5353921600394952, 39.70517239684319]",40.96969990830501,0.2533635012805462,0.003629538011737168,0.001437732013873756,True,False,5.197582507321386e-07,1.22,206.1,3.84,2.1933530503588373e-05,50,"[1.6397157742355386, -1.0564381859746552, -0.10195370707533329, 0.16118571316622277]"
22,1,2.8318316053108985,2.8318316053108985,1.5483945696167594,"[0.4040491760593411, 3.9999296019074433, 0.0251628874553126, 0.08007668881246427, 0.0590152514953376]","[-6.491220658357977, 0.12791344534917282, -7.477742339545733, -0.5833462464665863, 39.77325649533679]",40.991720664894586,0.2853481008205563,0.004186814003624022,0.0015201480127871037,True,False,4.095908190038244e-07,1.22,216.26,3.84,2.2054355229954582e-05,50,"[1.6331836665566022, -1.0613018513020656, -0.10160133699136115, 0.16276702931856565]"
23,1,2.774383412305428,2.774383412305428,1.5261743765074964,"[0.40420753049172187, 3.9999264814371807, 0.025345308251953302, 0.08009091964339769, 0.05804497613608857]","[-6.435683512526301, 0.128316121894489, -7.301185448549921, -0.6288169180460592, 40.060922806585175]",41.231235041970976,0.265130199957639,0.0038423580070957543,0.0014602459920570255,True,False,5.548194334892287e-07,1.22,209.48,3.86,2.152352653155276e-05,50,"[1.626974646687757, -1.0658804985426147, -0.10124574662286247, 0.1642805758311491]"
24,1,2.715851728271859,2.715851728271859,1.5045175338074934,"[0.404363618067217, 3.999923369327593, 0.025522387241727455, 0.08010617062769129, 0.05707336025398283]","[-6.359824104449407, 0.12842800164454998, -7.1130094574369345, -0.6757069199447975, 40.24674550201747]",41.36805365591369,0.2543655005283654,0.0035962620051577686,0.0014910480054095387,True,False,4.7592959759867883e-07,1.22,210.14,3.86,2.2461610677453335e-05,50,"[1.6204968290602848, -1.0713563285378682, -0.10091678247984477, 0.16679281135328627]"
25,1,2.6644507537428783,2.6644507537428783,1.4850602328348963,"[0.40451735563865787, 3.999920264806343, 0.0256943317454846, 0.08012250465504363, 0.05610046590812348]","[-6.300596110710533, 0.12875194389137065, -6.960552308766208, -0.7255756100869567, 40.46771893325916]",41.549080765808064,0.26072989986278117,0.0037829799856990576,0.0014316180115565658,True,False,5.156082747248547e-07,1.22,222.42,3.86,3.67181449072973e-05,50,"[1.6145642541208731, -1.0752826692154036, -0.10067813679743866, 0.16728716488165848]"
26,1,2.609906805118838,2.609906805118838,1.4651433817044355,"[0.4046689978890863, 3.9999171660147086, 0.025861857769654228, 0.08013996775161993, 0.05512649203947445]","[-6.2328023153766186, 0.1284346134867831, -6.903407911691688, -0.7727436073641004, 40.8035440935518]",41.85746891804211,0.27523750090040267,0.004087860020808876,0.0014168899971991778,True,False,6.335940599910828e-07,1.22,234.38,3.86,0.0001248720393746794,50,"[1.6100398153870341, -1.080012853925325, -0.10056743075463397, 0.1691109895216364]"
27,1,2.555199244693007,2.555199244693007,1.4432946132590863,"[0.40481790326908984, 3.9999140976348757, 0.02602678431896479, 0.08015842905917912, 0.054151670934727975]","[-6.256037767277948, 0.1281841035608734, -6.8894982816996295, -0.8069329921982218, 41.82559256823761]",42.85616596035706,0.3091748005244881,0.004438750008121133,0.0017447460023686289,True,False,3.651305524954296e-07,1.22,225.76,3.84,0.00021090405175982596,50,"[1.6059063392349489, -1.0843477242840256, -0.10044736300673329, 0.17069486287112767]"
28,1,2.50009103851235,2.50009103851235,1.4202992271685841,"[0.40496388081110607, 3.999911106604281, 0.026187542943240976, 0.08017725792485333, 0.053175718195373006]","[-6.1776658757793586, 0.12761283491975134, -6.835591568777796, -0.8609776536265771, 42.14452175830463]",43.1486633577427,0.3270204979926348,0.004708441975526512,0.0018319679843261838,True,False,4.2882725296067295e-07,1.22,211.12,3.84,0.00029722082032719756,50,"[1.6019058609479133, -1.0884474936674102, -0.10042469286663257, 0.17183839265516554]"
29,1,2.4456494732602065,2.4456494732602065,1.3986662733537474,"[0.40510705247379275, 3.9999081490889146, 0.0263459624871315, 0.08019721167513451, 0.05219898986875231]","[-6.098661494485842, 0.1269748840332917, -6.798040115087008, -0.9142531084549329, 42.47166982894736]",43.45229269966395,0.27415920002385974,0.0038153800088912247,0.0016678039915859698,True,False,5.570875228499972e-07,1.22,210.32,3.86,0.0003837464291029846,50,"[1.5979355877004833, -1.0929949698124473, -0.10028812327232878, 0.17381534212664607]"
30,1,2.3907935564144154,2.3907935564144154,1.3750744741469247,"[0.4052474055165309, 3.999905226921265, 0.026502410851362075, 0.08021825206337715, 0.05122155767382699]","[-6.053190664073498, 0.1265108605567188, -6.735349678792855, -0.966877269943481, 43.06553730199578]",44.0181486693137,0.265216700732708,0.003670274019241333,0.0016340599954128266,True,False,6.348289127799944e-07,1.22,213.76,3.86,0.0004711351970232158,50,"[1.594140513951369, -1.0968988642320385, -0.10017421065856846, 0.17501379196108738]"
31,1,2.338275039292945,2.338275039292945,1.3542637303427565,"[0.4053849213105142, 3.9999023528598974, 0.0266554238671806, 0.08024021748671163, 0.050243199005802416]","[-5.962559495462423, 0.1256543067541038, -6.674602553497911, -1.0331082585592792, 43.32536582942073]",44.25237689566445,0.28765289997681975,0.004032701994292438,0.001720356005243957,True,False,4.5062281429864014e-07,1.22,220.96,3.86,0.0005608009990416463,50,"[1.5902380223272579, -1.1011284393956735, -0.100054793677117, 0.17669435760657576]"
32,1,2.2840251901408117,2.2840251901408117,1.3310527808534147,"[0.40551966118018007, 3.9998995133670707, 0.02680625424108535, 0.08026356331197593, 0.049264147283211525]","[-5.880626046428848, 0.12498673764528928, -6.597191865466739, -1.096244209244113, 43.6658969853287]",44.56492607187792,0.25055000046268106,0.0035509800026193262,0.001460020006634295,True,False,4.788244447695433e-07,1.22,223.22,3.86,0.0006493334149834596,50,"[1.5862459853275586, -1.1054005711708004, -0.0999499050701142, 0.17821996467763737]"
33,1,2.2295530075828736,2.2295530075828736,1.308945319723095,"[0.4056516175540516, 3.999896708768283, 0.026954289757955236, 0.08028816212332482, 0.048284320750706544]","[-5.788805880743465, 0.12411336359397254, -6.532523407324515, -1.1593439289471297, 43.95917110877551]",44.83249204132406,0.2409417002927512,0.0033092539804056285,0.0015095800254493951,True,False,4.879699579873886e-07,1.22,209.78,3.86,0.0007276982612236793,50,"[1.582259044954815, -1.1099685157217536, -0.09990671796349082, 0.17999067850170533]"
34,1,2.1756601364019215,2.1756601364019215,1.2855936189600323,"[0.40578073832376654, 3.9998939403885223, 0.027099999333973394, 0.08031402158096668, 0.04730380039356744]","[-5.718578508842467, 0.1234758843483014, -6.485534692129449, -1.224330880080594, 44.45166042830939]",45.301530301263234,0.2462787004187703,0.003452276000753045,0.0014732980076223611,True,False,6.866572482522315e-07,1.22,213.16,3.86,0.0008162057955877344,50,"[1.5784365412883226, -1.114008864815239, -0.09974523934631234, 0.18152086418021762]"
35,1,2.122405488779628,2.122405488779628,1.264329558601028,"[0.4059069719955804, 3.9998912147436374, 0.02724316303393797, 0.08034104783972464, 0.0463225606841864]","[-5.641069942317921, 0.12274978019027735, -6.447076228523535, -1.2868428825634948, 44.878948900286595]",45.70752179344219,0.24932350032031536,0.0034785000188276172,0.0015079699875786901,True,False,4.398462070298592e-07,1.24,219.58,3.86,2.1920278558695828e-05,50,"[1.5744737588993496, -1.1184389744968766, -0.09967170543901718, 0.18326166495245605]"
36,1,2.0678630931763204,2.0678630931763204,1.2428423317885133,"[0.40603038866139063, 3.99988852919484, 0.027384213696398246, 0.08036920169344593, 0.04534068839843619]","[-5.557772199127646, 0.12192664232573047, -6.376192671202293, -1.3593498596708409, 45.29936161028493]",46.10248936059898,0.23701749928295612,0.002863100003451109,0.0018772499822080136,True,False,5.060655914235213e-07,1.24,195.54,3.86,2.1576799743741047e-05,50,"[1.5703843828927695, -1.12313509883313, -0.09953898321378925, 0.18518349990477337]"
37,1,2.0140581024961692,2.0140581024961692,1.2194700338684703,"[0.4061509412015265, 3.999885884508099, 0.027522518433506723, 0.08039868708303105, 0.044358108884020274]","[-5.47869088143578, 0.1212953015398576, -6.289705935849506, -1.42778906700079, 45.73765946615267]",46.51411873985742,0.2691688996274024,0.003637798000127077,0.0017455799924209715,True,False,4.326242205365816e-07,1.24,208.44,3.86,2.138734728532654e-05,50,"[1.5662109805666518, -1.1271342073696584, -0.09940182983930795, 0.18653513217460435]"
38,1,1.9590802119944957,1.9590802119944957,1.196244589507912,"[0.40626872674771647, 3.9998832767987667, 0.027657739869623596, 0.08042938290412045, 0.04337480186446844]","[-5.401993267533985, 0.12059386563279485, -6.205528890000819, -1.5007409400302592, 46.2520755414476]",47.00224865055292,0.2595126985106617,0.0035885659884661437,0.0016016879817470908,True,False,3.65543675684421e-07,1.24,214.56,3.84,2.2212076552250436e-05,50,"[1.562196865302743, -1.1315521579731684, -0.0993212742453601, 0.18816751384578415]"
39,1,1.904921042950018,1.904921042950018,1.1726229132123354,"[0.4063836572759893, 3.999880711094591, 0.02778976608258215, 0.08046131203481281, 0.042390762230868496]","[-5.318605673065233, 0.11980250778067553, -6.104086151368839, -1.5763203108506654, 46.70778077211205]",47.430616241704534,0.22888780129142106,0.003033948023803532,0.001543808002024889,True,False,4.902078347868155e-07,1.24,206.42,3.82,2.213399820760742e-05,50,"[1.5581082014868952, -1.1359570253779658, -0.09919578273450869, 0.18991475879097436]"
40,1,1.8511576593634675,1.8511576593634675,1.1497393268339786,"[0.40649579171771466, 3.999878185247, 0.02791846114570623, 0.08049454627117156, 0.041406002080734534]","[-5.209712345309486, 0.11848754612994496, -6.022097766766081, -1.6585526604934833, 47.017000525615785]",47.71551046447404,0.23202250059694052,0.0030736179975792764,0.0015668320143595337,True,False,4.912919874300314e-07,1.24,204.88,3.76,2.1528133101185175e-05,50,"[1.553848713104024, -1.1403408670707262, -0.09895518981252792, 0.19200539930869226]"
41,1,1.796194057527195,1.796194057527195,1.1254729219472643,"[0.40660497450323846, 3.999875702038815, 0.028044669535976383, 0.08052930546465632, 0.04042064113485015]","[-5.12213506641865, 0.1177119484097483, -5.885713856787316, -1.740986937221297, 47.46904210947147]",48.1376437484404,0.2370702016633004,0.0031972860265523195,0.0015441180067136883,True,False,5.190574395896874e-07,1.24,211.2,3.72,2.2518162552387366e-05,50,"[1.549190961026299, -1.1453434312535264, -0.0988053193212642, 0.19419033044307454]"
42,1,1.7419507968821648,1.7419507968821648,1.1011643299022429,"[0.40671138052288247, 3.9998732567187028, 0.028166937960401615, 0.08056547231458117, 0.03943453050682376]","[-5.015861290047044, 0.11648054194470404, -5.76411353395473, -1.8332363891178136, 47.83293147302811]",48.474194433654624,0.22984310030005872,0.003102081995457411,0.0014947800105437636,True,False,6.128595802579185e-07,1.24,215.4,3.78,2.2095302906279812e-05,50,"[1.5447391553704737, -1.149518696586844, -0.09863206127922726, 0.19575417768989023]"
43,1,1.688081571143484,1.688081571143484,1.0773581764409423,"[0.4068148553995369, 3.999870853779504, 0.028285848931510687, 0.08060329112540408, 0.03844775946233515]","[-4.9148036842307254, 0.11549402890061625, -5.605450001227012, -1.920513226375062, 48.18432657705607]",48.79556744806406,0.21742330095730722,0.002809106013737619,0.0015393600054085254,True,False,4.327910554025038e-07,1.24,202.38,3.82,2.2258173770524082e-05,50,"[1.5399814062701929, -1.1546593875499993, -0.09839988839480394, 0.1982207516780346]"
44,1,1.6364559812861987,1.6364559812861987,1.052508093861241,"[0.4069155777384944, 3.9998684868835963, 0.028400725144541273, 0.08064264947959025, 0.037460286027840226]","[-4.813238590726125, 0.11451121165829231, -5.437969331775657, -2.015088607791292, 48.5230836536491]",49.105011132861605,0.21023490093648434,0.002807640004903078,0.0013970580138266088,True,False,5.346899112623759e-07,1.24,204.76,3.84,2.1918361032078337e-05,50,"[1.5351284236268365, -1.1589696539810361, -0.09813126976545478, 0.19995569472937996]"
45,1,1.5796210107485396,1.5796210107485396,1.0253345697160439,"[0.40701359703386947, 3.999866154917693, 0.028511466781824514, 0.0806836857926113, 0.036472136701870744]","[-4.764347416180581, 0.11304978310595146, -5.415497892430048, -2.0911409982275764, 49.676796284121075]",50.24138098925003,0.2322239000350237,0.003258220013231039,0.0013862579874694347,True,False,6.069598643421159e-07,1.24,225.76,3.84,5.751562760849538e-05,50,"[1.5310895736113608, -1.1641411835870332, -0.09803397984329335, 0.2023813989779032]"
46,1,1.5256587455093749,1.5256587455093749,0.9963573484897797,"[0.4071084261831141, 3.999863904784817, 0.028619256372510348, 0.08072530767793792, 0.03548337414588604]","[-4.648111504943179, 0.11065429854958143, -5.4293251570431575, -2.1955418656042416, 50.26674352923754]",50.81988455038873,0.22040550061501563,0.0030086980015039443,0.0013994120107963682,True,False,3.405422606306274e-07,1.24,225.26,3.84,0.00013045147376033127,50,"[1.5291779402707064, -1.1679329165374626, -0.0981512518785616, 0.20410059151895416]"
47,1,1.4705324662179908,1.4705324662179908,0.968535894840977,"[0.40719988864010265, 3.999861727402882, 0.028726091033882965, 0.08076851009535752, 0.034494258488246]","[-4.518362509151105, 0.10789172832209808, -5.509138546522901, -2.3037046579869287, 50.841744541251444]",51.39034822866088,0.2304304998833686,0.003121271999552846,0.0014873379981145262,True,False,6.063396386934983e-07,1.24,228.38,3.84,0.00021205914900491508,50,"[1.5269930969653371, -1.1721765303185205, -0.09818540314061887, 0.2060226402924955]"
48,1,1.4131743878726928,1.4131743878726928,0.9388120134595324,"[0.40728781103535394, 3.999859627947789, 0.02883329284777033, 0.08081333766974351, 0.03350493371632497]","[-4.41320156755564, 0.10579972658348957, -5.506989907188265, -2.4013085896222663, 51.61845650918566]",52.15405846939603,0.24981280113570392,0.00334048003423959,0.0016557759884744882,True,False,6.21531502815742e-07,1.24,225.06,3.86,0.0002906195173915194,50,"[1.5248701397228628, -1.1766021228601233, -0.09825798913485632, 0.20815414901888601]"
49,1,1.3579695486138408,1.3579695486138408,0.9094091490122884,"[0.40737242959998704, 3.999857599347721, 0.02893888366982139, 0.08085938027237213, 0.03251520332864123]","[-4.301374277246993, 0.10340309262319675, -5.513761538957475, -2.5130461578684664, 52.36615075498674]",52.89086145135649,0.22565549868158996,0.0030504579609259962,0.0014626520127058028,True,False,4.565145198398568e-07,1.24,225.1,3.86,0.0003776638654599651,50,"[1.522915868952389, -1.1808886429470171, -0.09836952242751021, 0.21043568435265764]"
50,1,1.3018374626585372,1.3018374626585372,0.8793045370885529,"[0.40745375507208437, 3.9998556443201454, 0.029043131575556946, 0.08090689407889487, 0.03152512395921826]","[-4.166980720913348, 0.10043733619200969, -5.51641227335997, -2.6336351326753356, 52.97918827787173]",53.49331775979954,0.2398193993140012,0.0033215699903666974,0.0014748179959133266,True,False,4.5897331318656143e-07,1.24,230.16,3.88,0.0004691922713459462,50,"[1.5210166118257775, -1.184496041834482, -0.09842753601779372, 0.21195733001183012]"
51,1,1.2428717355821717,1.2428717355821717,0.845503081503234,"[0.40753165229168753, 3.9998537667522474, 0.02914625496562273, 0.08095612705308525, 0.030534735056537497]","[-4.0163190940701385, 0.0970418260740227, -5.54699578191687, -2.756657441326945, 53.57069663604421]",54.07705702704156,0.2419837003108114,0.0033262720191851256,0.0015134019870311022,True,False,4.821700920842886e-07,1.24,232.78,3.88,0.00054759028447819,50,"[1.5187143751631185, -1.1888029557161341, -0.09847559563668586, 0.21406606641349157]"
52,1,1.18503424208436,1.18503424208436,0.8137297481267901,"[0.4076059225888301, 3.9998519722421277, 0.029248830735954325, 0.08100710352245742, 0.029544098739027372]","[-3.8754250456679347, 0.09380637326334444, -5.529778283569545, -2.880702590638139, 54.21782104435845]",54.712674336020896,0.2639863998629153,0.0037839619955047964,0.001495766001753509,True,False,4.7607762326151715e-07,1.24,236.3,3.92,0.0006251449863026437,50,"[1.5167365889240816, -1.1931703632769601, -0.09851131677383, 0.21647485454948248]"
53,1,1.1277839151612956,1.1277839151612956,0.78160028932233,"[0.40767675489766214, 3.999850257714838, 0.02934990015635054, 0.0810597549898833, 0.028553143321451077]","[-3.7135627358411396, 0.08999098142201538, -5.54271996944257, -3.0238485494159386, 54.74834346337911]",55.236266739012635,0.25252070208080113,0.0035732640186324715,0.001477150022983551,True,False,5.466440822488039e-07,1.24,240.36,3.98,0.0007134495404272911,50,"[1.5145678278742236, -1.1969096557640573, -0.09856641669650817, 0.21806176980513167]"
54,1,1.0671795854552972,1.0671795854552972,0.7469378066262288,"[0.4077439854140423, 3.9998486285138304, 0.02945024582227925, 0.08111449888783079, 0.027561976707656016]","[-3.527508931687575, 0.08552558002090721, -5.5228869622825485, -3.1700422321200312, 55.12413223338221]",55.602806013032804,0.25496549950912595,0.0035074360156431795,0.0015918739745393396,True,False,5.925284969521272e-07,1.24,237.2,4.02,0.0007890039590532183,50,"[1.5122028202572522, -1.201616250620764, -0.09856090358100403, 0.22071769354580478]"
55,1,1.0086322532814522,1.0086322532814522,0.7137106368924191,"[0.40780742661754554, 3.9998470903616012, 0.029549573308753383, 0.08117151115860216, 0.026570585513847014]","[-3.3550894149605948, 0.08128161970398233, -5.505409255565637, -3.3134098821311238, 55.59392099762247]",56.064565455305576,0.29525420092977583,0.00441255600657314,0.001492528012022376,True,False,6.340801792248385e-07,1.26,263.12,3.98,2.2134562680378167e-05,50,"[1.5100456266881754, -1.206698654452343, -0.0987583114596804, 0.22365233517729366]"
56,1,0.9517747238841084,0.9517747238841084,0.6805983080253681,"[0.4078672699319038, 3.9998456405756437, 0.029647770970873073, 0.08123061105271823, 0.025578980200488256]","[-3.158099251033686, 0.07626078995428537, -5.546319686186013, -3.467984551279102, 55.899604851961456]",56.36961777502294,0.2705025989562273,0.003934195963665843,0.0014758560154587031,True,False,4.261564552621166e-07,1.26,250.4,3.94,2.2098706348288034e-05,50,"[1.5078086878746126, -1.21014334999445, -0.09862448673656574, 0.22517659275620883]"
57,1,0.8924720383724843,0.8924720383724843,0.6446632583351825,"[0.4079232947796078, 3.9998442877051974, 0.029746162975378472, 0.08129213328203436, 0.024587318254613955]","[-2.972982421812705, 0.07143183257666261, -5.516392385780162, -3.626541121090117, 56.37475586491495]",56.83783257015283,0.29213620047084987,0.004305150005966425,0.0015375740034505724,True,False,4.012424881238985e-07,1.26,244.72,3.96,2.2223534799366007e-05,50,"[1.505646813888584, -1.214878652623718, -0.09878857789085871, 0.22773803239916018]"
58,1,0.8311063078415944,0.8311063078415944,0.6070277591284681,"[0.40797560117989307, 3.9998430309396005, 0.029843217914601823, 0.08135593833857922, 0.023595465586862388]","[-2.7510647648459745, 0.06558169351395769, -5.45788511148005, -3.7955638421473816, 56.52403721561385]",56.98012158833055,0.28285810095258057,0.004097416014410556,0.001559746004641056,True,False,4.794132448182608e-07,1.26,248.2,3.94,2.29517783785127e-05,50,"[1.503385337795017, -1.2189094075024598, -0.09887889335372599, 0.22959768281553247]"
59,1,0.7726010591145567,0.7726010591145567,0.5710976686890337,"[0.4080238823117705, 3.9998418799821844, 0.029939003689697503, 0.08142255040847797, 0.022603469858545132]","[-2.5259301246561536, 0.05951651457201477, -5.440848992009943, -3.9764797017299003, 56.63533214599836]",57.09080434772165,0.29317509988322854,0.0042085500061511995,0.0016549519915133714,True,False,7.830554284282698e-07,1.26,255.36,3.92,2.253025991336699e-05,50,"[1.5009376022600323, -1.22367478650239, -0.0988068528025418, 0.23255851858978133]"
60,1,0.7110242905394165,0.7110242905394165,0.5316566226012709,"[0.40806812639194195, 3.9998408374935517, 0.030034305359626274, 0.08149220225078589, 0.021611447889471815]","[-2.270010052831377, 0.052542721430354274, -5.3876976982013085, -4.141422509020601, 56.37523271900117]",56.82870082435896,0.2896437000017613,0.004203089997172355,0.0015897840028628706,True,False,5.831558368640799e-07,1.26,249.08,3.94,2.1720127190008043e-05,50,"[1.4984957346935148, -1.2281037377521407, -0.09891703175883804, 0.23476501424757837]"
61,1,0.6539498089543896,0.6539498089543896,0.4941090356888208,"[0.40810807117371356, 3.9998399129128264, 0.030129111287264112, 0.08156507779516527, 0.020619427450851394]","[-1.988603981523702, 0.04463487251582542, -5.344753252737416, -4.345692572282785, 55.7624522973678]",56.221517727190864,0.28461779933422804,0.004270376008935273,0.001421979977749288,True,False,5.219224743768791e-07,1.26,262.06,4.0,2.2197803410790584e-05,50,"[1.4959619829242574, -1.2325524273246349, -0.09884001718672873, 0.23724456941364624]"
62,1,0.5938635021156652,0.5938635021156652,0.4544096715189483,"[0.408143442043478, 3.9998391190019835, 0.030224177259665946, 0.08164237369089851, 0.019627592748576766]","[-1.685938990327002, 0.03612626432432067, -5.216520131232332, -4.546418339960867, 54.7843934323694]",55.245411222473514,0.2932516005821526,0.004432388003915548,0.0014326440077275038,True,False,8.660049735453867e-07,1.26,260.34,4.02,2.2927536097938627e-05,50,"[1.4932617516047206, -1.2381598022344442, -0.09898307614677919, 0.24059309251250688]"
63,1,0.5378093116251527,0.5378093116251527,0.4149183362167642,"[0.4081739593109395, 3.9998384650786347, 0.030318601756030558, 0.08172466864063778, 0.018635937655074777]","[-1.341905879039691, 0.026037486702416172, -5.147339867791141, -4.768460939112082, 53.24068757319378]",53.71783251442426,0.34461360122077167,0.0054249920323491095,0.0014672799920663238,True,False,7.571929268124222e-07,1.26,291.38,4.0,5.115145128002041e-05,50,"[1.4907677091333307, -1.2425041837772455, -0.09877021068071487, 0.24336361020014452]"
64,1,0.48635304763710885,0.48635304763710885,0.3775283939532218,"[0.4081989399517473, 3.9998379803701964, 0.030414423564669488, 0.08181343731792465, 0.017644820086101635]","[-0.9383362706886949, 0.013900286620796566, -5.140546391323338, -5.021857304741615, 50.753623663837736]",51.26846253961456,0.40216219960711896,0.006546271988190711,0.0014969720039516687,True,False,5.104371939523844e-07,1.26,316.1,4.0,0.00012297261364778932,50,"[1.4896953197176344, -1.247446411130478, -0.09918023324158846, 0.24628101923791712]"
65,1,0.43714620904802254,0.43714620904802254,0.33979379213591787,"[0.4082172423588059, 3.999837709242764, 0.030514690788155097, 0.08191138949077874, 0.016654862105137586]","[-0.5266474160332578, 0.0009423979143605352, -5.167606418529097, -5.260649456086278, 48.00479016125805]",48.57073013258078,0.35006810212507844,0.005625192001461983,0.0013761700410395861,True,False,4.798622791213347e-07,1.26,301.58,4.0,0.00020458862950988531,50,"[1.4885055266485772, -1.2521077342338371, -0.09930583560497577, 0.2496827565794701]"
66,1,0.38689894102017186,0.38689894102017186,0.30255977530239236,"[0.4082280852556408, 3.999837689840175, 0.030621084214902377, 0.08201969853702157, 0.015666513977999414]","[-0.03628622543871764, -0.014783769299430729, -5.182847832942052, -5.489153606306698, 43.76486397927684]",44.41123251326917,0.3286393000744283,0.005156865995377302,0.0014159200061112643,True,False,5.619048235416813e-07,1.26,288.46,3.96,0.00028039068895509446,50,"[1.4874018421018458, -1.2566455467484534, -0.09984659752869315, 0.2518633431081522]"
67,1,0.34584226441350213,0.34584226441350213,0.27173869326561456,"[0.4082289023062693, 3.9998380227237376, 0.030737785498328295, 0.08214329685428383, 0.014681068145906927]","[0.49461040742450746, -0.031972991047053076, -5.20893144625571, -5.750296860413277, 38.15413247797855]",38.938186496922235,0.37092950008809566,0.0059495420148596165,0.0014690479869022964,True,False,6.162309986734726e-07,1.26,315.92,3.92,0.000362881255657328,50,"[1.486169567526365, -1.2615341224858183, -0.09989175060856412, 0.25532162620259813]"
68,1,0.3116475479688306,0.3116475479688306,0.24310366974289704,"[0.40821619985523316, 3.9998388438454673, 0.030871559870345688, 0.08229097442680561, 0.013701204009706992]","[1.1041499683571434, -0.05234590027737793, -5.330796296041288, -6.029534483776456, 30.63697818007233]",31.695725176955076,0.38130179909057915,0.006124319997616113,0.0015017159841954708,True,False,4.185743696893951e-07,1.26,314.72,3.88,0.0004444533687347985,50,"[1.485209768827897, -1.2667465486796385, -0.10039515304042562, 0.2585638852164129]"
69,1,0.283081316624489,0.283081316624489,0.22067808445194878,"[0.408181363928238, 3.9998404953584075, 0.031039746471728417, 0.08248120621515952, 0.012734607473168971]","[1.6997823777782457, -0.07259046554064441, -5.3609305719221325, -6.232125624621952, 21.864987259034546]",23.421169136985345,0.3633557001594454,0.005776699990965426,0.0014904140122234822,True,False,4.2783110643540567e-07,1.26,315.38,3.84,0.000515933352269542,50,"[1.4844282378613243, -1.271289271128277, -0.10074858078113028, 0.2617194108551661]"
70,1,0.2659788145977118,0.2659788145977118,0.20225202470459178,"[0.4081087893113278, 3.9998435947111814, 0.03126863899798696, 0.08274729564852236, 0.011801050863325226]","[2.2808063340708533, -0.09280862909089058, -4.725395557094203, -6.453582510098873, 10.54763832286923]",13.432849867056905,0.3559004997368902,0.005643437998369336,0.0014745719963684678,True,False,5.403722954611112e-07,1.26,324.54,3.86,0.0005873717113374255,50,"[1.4838961099250618, -1.2763470368993028, -0.10161550649268548, 0.2645296929000763]"
71,1,0.257447497523085,0.257447497523085,0.19127200698858585,"[0.4079389961284609, 3.9998505037907885, 0.03162041807714805, 0.08322772851075849, 0.01101583860930076]","[2.896173229066897, -0.1145850971860299, -4.737212857078642, -6.603604487054386, -1.9451992915912562]",8.844971864058362,0.35599589883349836,0.0057185099786147475,0.0014014079980552195,True,False,5.202815668781113e-07,1.26,330.58,3.84,0.0006381182816141973,50,"[1.4832577547324513, -1.2793168151498668, -0.10159842059540342, 0.26707282743918237]"
72,1,0.24759948724735675,0.24759948724735675,0.1911403697562619,"[0.40761155888239026, 3.999863458619694, 0.032156000657777024, 0.08397432268740496, 0.01123576008799711]","[2.543460893663619, -0.10210437434562564, -3.907612270825522, -6.332180798654062, 2.806276426700302]",8.349895408318588,0.44690959993749857,0.00724620399530977,0.0016919880034402012,True,False,6.28434364102759e-07,1.26,352.26,3.86,0.0006250255037153351,50,"[1.4835307400375457, -1.276058005251649, -0.1009215109143004, 0.26571610675136326]"
73,1,0.23964071016327945,0.23964071016327945,0.18429027904349254,"[0.4073069489718487, 3.9998756868416465, 0.03262398403712146, 0.08473267719225148, 0.01089967486906509]","[2.6638593366633962, -0.10657772308972818, -3.0625290209344405, -6.284618186875096, -2.051669247028595]",7.758373659128407,0.4091140003874898,0.006581780002452433,0.0016005000052973627,True,False,4.979115735181949e-07,1.26,317.64,3.86,0.0006488469478711067,50,"[1.4837931939287923, -1.2768533962325448, -0.10094981386617166, 0.26683303909690537]"
74,1,0.23332981939181607,0.23332981939181607,0.18379249058605443,"[0.406963596169656, 3.999889423963337, 0.03301872256804236, 0.08554272043870825, 0.011164120658467124]","[2.3209161579441524, -0.0946617799060785, -2.602370921798945, -6.025944815702093, 3.3780507765799155]",7.738939530093579,0.39546920149587095,0.006369564007036388,0.001539820022881031,True,False,6.505593100314399e-07,1.26,323.48,3.84,0.000631740253039652,50,"[1.484159589078414, -1.274235009421782, -0.10038397313081221, 0.26594131573467655]"
75,1,0.22695046865746601,0.22695046865746601,0.1775664982853725,"[0.4066636951110395, 3.999901655843367, 0.033354992274162054, 0.0863213729648704, 0.010727620184079445]","[2.568053209001024, -0.10361842023211917, -1.9177421046657737, -6.02436515978312, -3.9657029856998474]",7.893234102095107,0.36322229937650263,0.005789313991554082,0.0014751319959759712,True,False,5.123965456732548e-07,1.26,320.76,3.82,0.0006603066179789607,50,"[1.4840083913046336, -1.2761911606397465, -0.10046073966917156, 0.26790644475283476]"
76,1,0.22113774742838882,0.22113774742838882,0.17656077490677813,"[0.4063383464421087, 3.9999147833420423, 0.033597952520826195, 0.0870846044972306, 0.011230038195999908]","[2.0592297981747087, -0.08585643939839778, -1.5366661325003008, -5.72497369827739, 5.284450256846121]",8.204259860322514,0.3737048995681107,0.00603005800396204,0.001444039987400174,True,False,3.6072855039037674e-07,1.26,330.04,3.88,0.0006255846207093896,50,"[1.484520640964798, -1.2723106575881333, -0.09992779343977026, 0.26569650129732647]"
77,1,0.21654529704486777,0.21654529704486777,0.1711423687862169,"[0.406087351247785, 3.999925248203084, 0.03378525352767809, 0.08778240951499543, 0.010585927655113863]","[2.5210640924891212, -0.10206797969837768, -1.1362964238781077, -5.821781685771656, -5.865802340029177]",8.71539618622779,0.42284970078617334,0.006821051998995245,0.0016359420167282224,True,False,3.8833757145084745e-07,1.26,351.44,3.84,0.0006661434848987824,50,"[1.484126468218752, -1.2769743640168345, -0.10019672869746374, 0.2698445272285905]"
78,1,0.2114369686306781,0.2114369686306781,0.17069281419519594,"[0.4057980856724364, 3.9999369594296885, 0.03391563158502255, 0.08845039770058168, 0.011258966747544953]","[1.8902666006408528, -0.08016145191620748, -0.9961932319565474, -5.463632600323654, 6.551560791475003]",8.794666828878718,0.36330720176920295,0.005758376037701965,0.0015077679976820946,True,False,3.759993211360779e-07,1.26,318.38,3.9,0.000616621815734959,50,"[1.484840473361534, -1.2711365064175948, -0.09971244128609785, 0.2653412399689182]"
79,1,0.20714994160015526,0.20714994160015526,0.1650670631570708,"[0.4055831523910279, 3.999946074209528, 0.03402890400923447, 0.08907164154142413, 0.010514019733836947]","[2.441732824716355, -0.0995432530487444, -0.6556170941193485, -5.605618704677139, -6.300248164509801]",8.804424445542233,0.4163003002759069,0.006702382010407746,0.0016236239951103926,True,False,6.273103858234208e-07,1.26,335.2,3.84,0.0006686967004566213,50,"[1.484323092718102, -1.2750669427729038, -0.10005708900237772, 0.2683496111421536]"
80,1,0.20544177024669477,0.20544177024669477,0.16491439136149597,"[0.4053058221873852, 3.999957380258396, 0.034103368512632744, 0.08970832355723479, 0.011229597248615225]","[1.8266983248795834, -0.07833243423164964, -0.8499969335073284, -5.301171518700985, 6.940996103562278]",8.963554200633565,0.468277599895373,0.0075997160002589225,0.0017658359976485372,True,False,4.848764882581236e-07,1.26,338.52,3.88,0.0006199483616484258,50,"[1.4847490006448534, -1.270018190229448, -0.09946623460151616, 0.26461316541171664]"
81,1,0.20058075364258093,0.20058075364258093,0.15798039498350527,"[0.4051020304454279, 3.99996611925104, 0.03419819662594436, 0.09029973756550116, 0.01045523967265531]","[2.381369234300036, -0.09779612779942665, -0.38761868859803655, -5.416866752010504, -6.466478891832143]",8.774310595595603,0.39695109939202666,0.00645599199924618,0.0014830299885943532,True,False,9.398514131930824e-07,1.26,337.34,3.84,0.0006544489591621528,50,"[1.484350067864868, -1.275974815113814, -0.10007636965161547, 0.26943159865958966]"
82,1,0.196502249626391,0.196502249626391,0.1581550980888476,"[0.40483062801351216, 3.9999772649845675, 0.03424237316657747, 0.09091709282006809, 0.011192218244435195]","[1.755505493096617, -0.07600905174032498, -0.5039956283998421, -5.0980662961309084, 6.780526512881238]",8.67798411252961,0.3911835001781583,0.00634499600622803,0.001478673997335136,True,False,3.7042461457303945e-07,1.26,332.02,3.9,0.0006161730338516236,50,"[1.484830785181839, -1.2697952811103357, -0.09933917291747649, 0.26500043055566513]"
83,1,0.1930906559229707,0.1930906559229707,0.15458725883700497,"[0.40462833385508434, 3.9999860238219593, 0.03430045066727421, 0.09150456408406621, 0.010410870131304876]","[2.3749486382670177, -0.09756133533335001, -0.39801845903829175, -5.258902520062237, -7.054121431983135]",9.122773856397753,0.4222384006716311,0.006935190004296601,0.001509578009136021,True,False,6.636447349706031e-07,1.26,356.28,3.84,0.00066622172123175,50,"[1.4843149712688157, -1.2737700242962138, -0.09972221713326096, 0.26769950268371046]"
84,1,0.1887467622475076,0.1887467622475076,0.15217189432921552,"[0.4043680020003885, 3.9999967180841276, 0.0343440797723315, 0.09208102280180563, 0.011184113175827225]","[1.618358511033365, -0.07136146906890788, -0.07486920807471335, -4.899704043956223, 7.833490714875187]",9.380855964474472,0.39167910045944154,0.006436867997981608,0.001396714011207223,True,False,5.433136055899012e-07,1.26,338.88,3.88,0.0006108822528346991,50,"[1.4848462839469587, -1.2712753615996553, -0.09913957323538064, 0.2674061074769827]"
85,1,0.18708034847229635,0.18708034847229635,0.15026772632468194,"[0.4041954848530206, 4.000004325222466, 0.03435206083593063, 0.09260333164675424, 0.010349062435926117]","[2.312182638856937, -0.09561700410635529, -0.029477752769774667, -5.114900557533122, -7.256451373011764]",9.17466589839385,0.4093634004238993,0.006681511988863349,0.001505756019614637,True,False,4.44639935608393e-07,1.26,347.26,3.86,0.0006550098781110591,50,"[1.4842957983801044, -1.274934810962959, -0.09967689549596821, 0.26930182353595583]"
86,1,0.18383644124212084,0.18383644124212084,0.1482839446079873,"[0.4039434666690113, 4.000014747073807, 0.03435527378701713, 0.09316083429738167, 0.011139985119387668]","[1.59221558308636, -0.07068789316640726, -0.011027802151129222, -4.78331695029012, 7.798995188105805]",9.2868033167885,0.3806517992634326,0.006072923983447253,0.0015401120018213987,True,False,5.460429710524295e-07,1.26,331.4,3.9,0.000610679761985864,50,"[1.4848923537980976, -1.2697174619209743, -0.09914278587035993, 0.2656679957825727]"
87,1,0.1812187217300015,0.1812187217300015,0.14275938078063904,"[0.4037720174061593, 4.000022358723451, 0.03435646125721261, 0.09367590033104342, 0.010300191821174155]","[2.3142478403482043, -0.09578557730346365, -0.11481376494225842, -4.959739789328155, -7.820181782292632]",9.546327148696632,0.43589269858784974,0.007272939975373447,0.0014449139963835479,True,False,5.432887374468009e-07,1.26,373.0,3.88,0.0006599560885484834,50,"[1.484241011165298, -1.2749644502058246, -0.09975888979360495, 0.2690458594040518]"
88,1,0.1782501317795737,0.1782501317795737,0.1428976716448755,"[0.40352959455556364, 4.0000323924857355, 0.03436848826646359, 0.09419544462400072, 0.011119374074166726]","[1.5027875787983214, -0.06779477103777426, 0.1679567308027209, -4.622994443434137, 8.583526989955669]",9.866113181628966,0.3757404997013509,0.006004844000563026,0.001509965993463993,True,False,6.892241651712539e-07,1.26,331.28,3.94,0.0006017952106586222,50,"[1.484894853537702, -1.2695971151908185, -0.09904461733850849, 0.26581517237540075]"
89,1,0.17578272018275065,0.17578272018275065,0.13828899398352398,"[0.4033772764591684, 4.00003926396286, 0.03435146466986646, 0.09466401764337107, 0.010249373210496474]","[2.2974124457172347, -0.09535582854401976, -0.04887837572453861, -4.839126763851937, -8.136215807521415]",9.741906449898638,0.4161718001123518,0.006748715993016958,0.0015747200092300774,True,False,8.286055481221411e-07,1.26,344.06,3.9,0.0006577309263013831,50,"[1.4841785921957615, -1.2751767787226127, -0.09962323109528176, 0.2695735777919242]"
90,1,0.17323870689139645,0.17323870689139645,0.1376316108964527,"[0.4031414486509979, 4.0000490521731065, 0.03435648200153259, 0.09516075067896757, 0.011084550169804155]","[1.507908761894683, -0.06806407107404472, 0.0851694362373501, -4.506625874209638, 8.217102399822615]",9.492951279981652,0.35631090006791055,0.005691814012825489,0.001434403988532722,True,False,3.507857141471504e-07,1.26,314.52,3.94,0.0006050948545581037,50,"[1.48497453924083, -1.2699486871396275, -0.0991132821321515, 0.266100400743793]"
91,1,0.17091793671146963,0.17091793671146963,0.13505119714665131,"[0.4029826035545403, 4.000056222132065, 0.034347510140862875, 0.09563548458845662, 0.01021894977256153]","[2.223816150155094, -0.09289593291704384, 0.2546036566745748, -4.709224969149468, -7.938865121805808]",9.49848357256677,0.42983489972539246,0.007103139995597303,0.0014935579989105463,True,False,5.137531690024844e-07,1.26,367.04,3.9,0.0006608690277406026,50,"[1.4842049373843527, -1.2750684518569657, -0.09967233212982249, 0.26938214254297554]"
92,1,0.1683311716555063,0.1683311716555063,0.13266483746069857,"[0.40274848027234145, 4.000066002212453, 0.034320705477286564, 0.09613127161937329, 0.011054753199531578]","[1.482573098267623, -0.0672950303972948, 0.15388024082981622, -4.382970546402122, 7.9937181737843]",9.237759024452782,0.4373236990068108,0.007059661983512342,0.0016868119966238738,True,False,8.452082849430553e-07,1.26,345.28,3.96,0.0005997550163786514,50,"[1.484714986615571, -1.2703108438422936, -0.0989703813493593, 0.2666675357493383]"
93,1,0.16453824779586398,0.16453824779586398,0.12826944445681865,"[0.4025879897146009, 4.000073286991176, 0.034304047731570766, 0.09660573415236703, 0.010189422316602154]","[2.207475139808854, -0.09220113915975368, 0.1368821603890484, -4.576003014910085, -7.811672506197841]",9.319990086117189,0.4104882017709315,0.006669708015397191,0.0015400560200214387,True,False,5.428879879332271e-07,1.26,345.68,3.88,0.0006441755071924149,50,"[1.4840908526233552, -1.2751201580563583, -0.09954356835573158, 0.2696710501770495]"
94,1,0.16225335162420193,0.16225335162420193,0.12811377736832225,"[0.4023511359069064, 4.000083179827788, 0.034289360788869155, 0.09709672212254046, 0.011027585494157003]","[1.488690225224243, -0.06745173575542489, 0.18501084979571117, -4.272591615912215, 7.323272844803382]",8.610478593764388,0.3954162981826812,0.00649058397859335,0.0014177419850602746,True,False,4.515484394573832e-07,1.26,352.82,3.98,0.0005981157878508725,50,"[1.4847183557889443, -1.2694167420947002, -0.09897283025686941, 0.2655579529520994]"
95,1,0.16044361995514012,0.16044361995514012,0.12679312622117045,"[0.40217824305213185, 4.000091013507997, 0.0342678740796509, 0.09759293050037793, 0.010177078432998253]","[2.1772091492581302, -0.0914337754931094, 0.10850598895984959, -4.445457651150364, -7.717957085271413]",9.170023373079095,0.41752370027825236,0.0069386000093072655,0.001411873996257782,True,False,4.245168696570545e-07,1.26,373.94,3.88,0.0006486385647457382,50,"[1.4842201924143927, -1.2737287771327894, -0.0996742572854582, 0.2677395119069547]"
96,1,0.15616312178945724,0.15616312178945724,0.12304300282352977,"[0.40194081626918465, 4.000100984450465, 0.03425604139563981, 0.09807771199654253, 0.011018729186810699]","[1.4260272384967392, -0.06538828840831608, 0.19431528279431767, -4.119350174736434, 8.013185982972646]",9.124460707468328,0.3815065005328506,0.006171492012217641,0.0014586379984393716,True,False,3.7055395040397344e-07,1.26,338.28,3.96,0.0006006957763074184,50,"[1.484733067868712, -1.2693103710505467, -0.09895712230823757, 0.2655547220189701]"
97,1,0.15573398150012435,0.15573398150012435,0.12277266417408504,"[0.40178453007495807, 4.00010815071382, 0.03423474531152012, 0.0985291743137525, 0.01014051991625779]","[2.13261384708069, -0.08975721345206272, 0.2696304312056568, -4.344424708286883, -7.613473948632196]",9.025952047293062,0.41833219956606627,0.006891232002526521,0.0014754119887948037,True,False,7.738888038488767e-07,1.26,349.98,3.94,0.0006428788946385566,50,"[1.4842015649878175, -1.2737307130699758, -0.09960396064008237, 0.2679206527476186]"
98,1,0.15342665001663014,0.15342665001663014,0.12066426789636062,"[0.4015482542964396, 4.000118095062402, 0.03420487251474887, 0.09901050023760431, 0.010984029155825711]","[1.4143733758311376, -0.06514176271583726, 0.33919137091928087, -4.050027433612634, 7.561899282520719]",8.700849915589746,0.405487199081108,0.006571951983496547,0.0015377919981256127,True,False,4.166296216112642e-07,1.26,338.6,4.0,0.0005951123907527744,50,"[1.4850687806806562, -1.2693718488351988, -0.09916635138949283, 0.26533235471709693]"
99,1,0.15019289709665767,0.15019289709665767,0.11717265522725807,"[0.4013856985243725, 4.000125581889935, 0.03416588880922919, 0.09947597515930023, 0.010114930233879868]","[2.0997762308524255, -0.08865655026066249, 0.37895724810718884, -4.205729373742607, -7.91654966543123]",9.215229078533566,0.35503289895132184,0.0057092039799317715,0.001391453999094665,True,False,3.9428284537734725e-07,1.26,337.82,3.92,0.0006455341939138748,50,"[1.4840249466215962, -1.275442044129441, -0.09957311020338563, 0.2699244124313738]"
100,1,0.14872302673946877,0.14872302673946877,0.11613074109688874,"[0.4011578391610588, 4.000135202546079, 0.03412476587621944, 0.09993236417984919, 0.010974002710223769]","[1.3735004759070963, -0.06378011672290826, 0.2622812438186197, -3.9269635202912263, 8.08897553675848]",9.10010607825208,0.37372320028953254,0.0060150160128250715,0.0014594479929655791,True,False,3.033998456203335e-07,1.26,327.42,4.0,0.0005843380672467902,50,"[1.4848581772683112, -1.2695021273272324, -0.09908919396714667, 0.26554744078922776]"
101,1,0.14647800656596102,0.14647800656596102,0.11355931472271884,"[0.4010069068022549, 4.000142211268413, 0.03409594409749132, 0.10036389360226379, 0.01008511466141288]","[2.1199241154436432, -0.08937357378426794, 0.11899497903621586, -4.115060527745793, -8.1297751004817]",9.356451893073038,0.39427530067041516,0.006442507999017835,0.0014429980143904687,True,False,6.512738633546178e-07,1.26,355.48,3.92,0.0006426462106230702,50,"[1.4840367504142904, -1.2739744819368837, -0.09958528748625896, 0.26811971645109123]"
102,1,0.14436153629486304,0.14436153629486304,0.11251613594626643,"[0.40078033329560475, 4.000151763348068, 0.0340832261376938, 0.1008037035402973, 0.010954009750333457]","[1.3306774702494468, -0.06229295169454442, 0.26721232163464825, -3.825809590187005, 8.55308554323622]",9.467738731966412,0.4061280027963221,0.006728844018653035,0.001393716037273407,True,False,3.9853421981206336e-07,1.26,354.94,3.98,0.0005876571563567267,50,"[1.4847597796513907, -1.2688518198191185, -0.09894084785450913, 0.2649975928601754]"
103,1,0.14400821957357463,0.14400821957357463,0.11256539391254083,"[0.4006397846907287, 4.0001583428443395, 0.03405500268020609, 0.10120779259451525, 0.01005061710458431]","[2.102971113402098, -0.08896169719220817, 0.19873716192435567, -4.039234440664892, -8.368835772959791]",9.530095760711204,0.40295569808222353,0.006625311970710754,0.0014338019909337163,True,False,4.6792041388243886e-07,1.24,355.66,3.96,0.0006552064219465592,50,"[1.4841270955131225, -1.274110235908594, -0.09959457926838354, 0.26820612594054216]"
104,1,0.1414715606059875,0.1414715606059875,0.10959453062281165,"[0.40041911837572153, 4.000167677661052, 0.034034149042751274, 0.10163163245317576, 0.010928765234698911]","[1.3159436435163525, -0.0618540311555333, 0.3109051567350957, -3.7436673075235665, 8.289841812885696]",9.196125151532819,0.35002409876324236,0.00561767996288836,0.0013828020123764872,True,False,4.011002189940882e-07,1.24,326.92,4.0,0.0005988968691275432,50,"[1.4847300927400207, -1.268926329213635, -0.09897642549466844, 0.2649633229567211]"
105,1,0.1393621023658301,0.1393621023658301,0.10757543997929002,"[0.4002760207534416, 4.0001744037582, 0.034000340764636504, 0.10203872427124355, 0.010027315800792231]","[2.09649103235603, -0.08858276568162714, 0.11412962761624051, -3.9299261969519548, -8.640477914170217]",9.722053570402574,0.5126582989469171,0.008575769998133182,0.0016773959808051586,True,False,5.904550707214185e-07,1.24,373.66,3.9,0.0006517697972736869,50,"[1.4840111146897963, -1.274802306050281, -0.09963740393636052, 0.268786354287962]"
106,1,0.1373819417420179,0.1373819417420179,0.10573776058431332,"[0.4000603779350845, 4.000183515286441, 0.033988601513584446, 0.10244295226362078, 0.01091606608906324]","[1.276308526233873, -0.06058298580904972, 0.319456106791988, -3.642053191272169, 8.673730349651544]",9.499096566673884,0.5080366996116936,0.008343911999836563,0.0018168219923973084,True,False,4.124976393882207e-07,1.24,343.78,4.02,0.000595130599263598,50,"[1.4847064130657195, -1.269367303947947, -0.0990152264016628, 0.26541873429726015]"
107,1,0.13584019826225632,0.13584019826225632,0.10431023362876135,"[0.39992601689167984, 4.000189893049355, 0.03395497135680942, 0.10282636274537821, 0.010002955006566313]","[2.0330286966584903, -0.08645572250875064, 0.3716730424692939, -3.8358723455499932, -8.390059948637953]",9.454408692085599,0.4461910999380052,0.007411755984649062,0.001512066014111042,True,False,5.127549405870014e-07,1.24,361.54,3.96,0.0006466489177330459,50,"[1.4839601314844122, -1.2759950649581184, -0.09953095935751545, 0.2703715493571939]"
108,1,0.13348044213863108,0.13348044213863108,0.10328787394266412,"[0.39971098189978815, 4.0001990375368965, 0.0339156592163536, 0.10323208588154381, 0.010890378030152543]","[1.2608831583019162, -0.05995807916779989, 0.2759371217248611, -3.551088145954863, 8.643354462721051]",9.433311507306104,0.4141391010489315,0.006834042016416788,0.0014487400045618416,True,False,5.05215320742991e-07,1.24,356.3,4.02,0.0005882847627512434,50,"[1.4847664179304547, -1.2688740559668377, -0.09901832831454412, 0.26470014649314444]"
109,1,0.13174743902512728,0.13174743902512728,0.10074787251644043,"[0.3995773190649298, 4.000205393531726, 0.03388640786368896, 0.10360852719198163, 0.009974119253464154]","[2.042202423126332, -0.08672238172157946, 0.0981393981766302, -3.738910544507966, -8.393219902545482]",9.413465633989825,0.4365304005332291,0.007265269998461008,0.0014653380122035741,True,False,4.3940934773445407e-07,1.24,380.38,3.92,0.0006397629723468867,50,"[1.4839568404783172, -1.274041883251604, -0.09961775298027914, 0.26800128986691013]"
110,1,0.131003565770954,0.131003565770954,0.09956802828814383,"[0.3993603742645435, 4.00021460611985, 0.03387598243675461, 0.10400571465614047, 0.010865737731503518]","[1.2073847090876868, -0.05832699688571662, 0.5020962210007529, -3.4742093708768054, 8.820045786490061]",9.569567331803304,0.37730499915778637,0.006170801986008882,0.0013752979971468448,True,False,4.331301596494086e-07,1.24,344.5,4.02,0.0005834442531750028,50,"[1.4847891939773386, -1.2702418311492145, -0.09914659118886188, 0.26608346618487]"
111,1,0.12932970586024126,0.12932970586024126,0.09794711582010293,"[0.3992342050588628, 4.000220701170426, 0.0338235144198068, 0.10436876235203449, 0.009944061183363663]","[2.0018664646746585, -0.08541105521098265, 0.29294122166291253, -3.6593816838719073, -8.47624657081061]",9.451899766053723,0.41301259957253933,0.006716347984038294,0.0015439040074124932,True,False,6.327358576641018e-07,1.24,358.8,3.94,0.0006359466872214625,50,"[1.4840386895475737, -1.2756563556310607, -0.09977423352530396, 0.2694940019348471]"
112,1,0.12699623523091433,0.12699623523091433,0.09713841123178846,"[0.39902240991566285, 4.000229737560709, 0.03379252157933212, 0.10475592067724519, 0.010840838210174302]","[1.22484155167773, -0.05878264539602748, 0.2752854125628029, -3.3939250368934726, 8.61057425798687]",9.340245740495506,0.4165995023213327,0.0068364860303699974,0.0014955040160566568,True,False,8.642525051527627e-07,1.24,354.64,4.02,0.0005760916699458108,50,"[1.4845222476297135, -1.2693660941557854, -0.09889917245157354, 0.26542001328453685]"
113,1,0.12471754211333229,0.12471754211333229,0.09453709469076299,"[0.398891274013506, 4.000236031040242, 0.03376304854187875, 0.10511928638847219, 0.009918959439925995]","[2.0387749066547385, -0.08656561670408809, -0.09833550952723932, -3.574482334125467, -8.679235434417294]",9.60623850846179,0.42971660010516644,0.007103127995505929,0.0014912040065973998,True,False,4.665872396003579e-07,1.24,365.64,3.98,0.0006295907678997992,50,"[1.4839110919653535, -1.2737818627848685, -0.09943975328106756, 0.26789305686819437]"
114,1,0.12412545320364433,0.12412545320364433,0.0937738926442546,"[0.39867903954684697, 4.0002450424359735, 0.033773285171901035, 0.10549138649098419, 0.010822459329697477]","[1.192069154802069, -0.05773313552339122, 0.3283571101095744, -3.3202399942134075, 8.8013149653469]",9.48785113262961,0.39548199996352196,0.006401127995923161,0.0015085120033472776,True,False,6.074692649349344e-07,1.24,340.92,4.0,0.0005754928339169397,50,"[1.4844322768369536, -1.269033156384463, -0.09893891886761552, 0.26486500591600276]"
115,1,0.12287386431895156,0.12287386431895156,0.09329196166684348,"[0.3985533979091344, 4.000251127389744, 0.03373867700768293, 0.10584133295909906, 0.009894818830137918]","[2.0016368949603747, -0.0854134684106112, 0.08078237338134735, -3.523317519294073, -8.642407963973456]",9.545960049634507,0.4391497001051903,0.007278731986880302,0.0015042620152235031,True,False,1.1185305629624055e-06,1.24,370.66,3.94,0.0006311052813310881,50,"[1.4836824702323541, -1.275366546675563, -0.09941626986293323, 0.26975793836700906]"
116,1,0.12095160745395062,0.12095160745395062,0.09170592243642257,"[0.398343713719766, 4.000260074993542, 0.03373021454052899, 0.106210422867354, 0.010800166005082256]","[1.168465529180486, -0.05688031067678535, 0.28737457929329707, -3.233911839565094, 8.932606923160481]",9.576052602258592,0.3890781991649419,0.00624328799545765,0.0015382759878411888,True,False,2.730298677420251e-06,1.24,343.52,4.04,0.0005712800305542487,50,"[1.4845073406592273, -1.26933495172595, -0.09883757336209448, 0.26548446768203543]"
117,1,0.11998535629429334,0.11998535629429334,0.09078004721771826,"[0.39822169418023434, 4.00026601484298, 0.03370020482867805, 0.10654813110409288, 0.009867359211589826]","[2.0226166559101926, -0.0860072626725872, -0.057256587366513824, -3.4495808380894233, -9.219667338897898]",10.050051119335114,0.4280309013556689,0.00709684201516211,0.0014637760119512676,True,False,3.5026712791363935e-06,1.24,369.92,3.98,0.0006287741934244195,50,"[1.4837513588925668, -1.2753650588281344, -0.09944608859938242, 0.2696315871545373]"
118,1,0.11820466139391059,0.11820466139391059,0.08880239436791915,"[0.3980204398152871, 4.000274572736034, 0.03370590197257124, 0.10689137123260423, 0.010784734379985037]","[1.135106422089571, -0.055814009849208125, 0.4262729902246051, -3.170014739151839, 8.958165406800848]",9.579718751477142,0.39766470016911626,0.006515003992244601,0.0014382900111377238,True,False,5.1611140702334525e-06,1.24,352.16,4.0,0.000571065788993792,50,"[1.484570183037037, -1.269163395394764, -0.09886314530798601, 0.26533651482432996]"
119,1,0.11741255451099346,0.11741255451099346,0.08819733283409449,"[0.39790194923624, 4.000280399004142, 0.03366140452945848, 0.10722228018943891, 0.009849616592264554]","[1.942908274494836, -0.08339047652690924, 0.287719023196757, -3.381387936781107, -8.693144539256757]",9.532532461544704,0.4444212019443512,0.007438282039947808,0.0014501419989392161,True,False,6.566320250840363e-06,1.24,380.48,3.96,0.0006416469169272432,50,"[1.4838861992415338, -1.2746812173378113, -0.09958726870404043, 0.2685608856592151]"
120,1,0.11591243033656023,0.11591243033656023,0.08684775862164282,"[0.39769813054670194, 4.00028914699182, 0.033631221676756196, 0.10757700103094323, 0.010761561510722889]","[1.1166476939505283, -0.055149691628041966, 0.338110170542539, -3.1021596023665334, 9.219994742511691]",9.797752767793956,0.41605900088325143,0.0068379100039601326,0.001483270013704896,True,False,8.184520485201574e-06,1.24,357.32,4.04,0.0005770018420801648,50,"[1.484522689427754, -1.2692589928098246, -0.0988827972249095, 0.2653406676449189]"
121,1,0.11408063623651626,0.11408063623651626,0.08631645635270195,"[0.39758416077013164, 4.000294775802113, 0.033596712725722094, 0.1078936205329424, 0.009820529933372053]","[1.9594492332908755, -0.08374474366353483, 0.02221976815380536, -3.299459504447064, -8.901685803931569]",9.693987382467297,0.42001310037449,0.00698559598531574,0.0014146660221740603,True,False,9.326880661717496e-06,1.24,371.58,3.94,0.0006319895896695016,50,"[1.4837980022475787, -1.2745349809955253, -0.09939294620184161, 0.2688092524998471]"
122,1,0.11278481049942103,0.11278481049942103,0.08461697466417627,"[0.39738203040253567, 4.0003034146356855, 0.0335944206071877, 0.10823398197286692, 0.010738798696452253]","[1.0892268742999704, -0.0541827344131008, 0.3757052652411829, -3.024325399180893, 9.248474982697235]",9.798537596215214,0.4409744003787637,0.007418903987854719,0.0014005840197205543,True,False,1.0984618143652369e-05,1.24,366.54,4.04,0.000571199813414296,50,"[1.4846143179380593, -1.2692561698543696, -0.0989480923817951, 0.2653447298467967]"
123,1,0.11447038355938624,0.11447038355938624,0.08521503257530183,"[0.397270868214965, 4.000308944311301, 0.03355607761349975, 0.10854263266376597, 0.009794935911731634]","[1.9296868813341854, -0.08303145177775101, 0.2684849909492853, -3.2749114841871876, -9.10210906532977]",9.867933144218302,0.4582487002480775,0.007691505993716419,0.0014734680112451315,True,False,1.1947736037996037e-05,1.24,381.08,3.96,0.0006282307067584725,50,"[1.4836802084735925, -1.2752638264649763, -0.0996533954661321, 0.2688238166525166]"
124,1,0.1109741365398012,0.1109741365398012,0.0812105560108038,"[0.3970753169426837, 4.000317358581093, 0.0335288697892271, 0.10887450676911235, 0.01071732856796283]","[1.1029952744817115, -0.054781701509032645, 0.3056829143261171, -2.975343361168841, 8.873502585043678]",9.428931959564055,0.41247200034558773,0.006832663994282484,0.0014167760126292705,True,False,1.3264718512289165e-05,1.24,345.92,4.02,0.0005764407295527008,50,"[1.4847074638978501, -1.2692917383515743, -0.09901083801441303, 0.2650734142890599]"
125,1,0.10989985869606683,0.10989985869606683,0.0821332290480048,"[0.3969583370684949, 4.000323168539393, 0.033496450113742686, 0.10919006142298121, 0.009776235491657202]","[1.9075464453406203, -0.08201451149861272, 0.24717221138873696, -3.1735986271536736, -9.21221010690703]",9.931923138213591,0.4232140020467341,0.006970832026563584,0.001493448014371097,True,False,1.4731896771706942e-05,1.24,363.04,4.0,0.0006359370717567003,50,"[1.483631149344636, -1.2763269176349124, -0.09956867651715547, 0.2703377751592354]"
126,1,0.10798028605305418,0.10798028605305418,0.0805197245664297,"[0.3967662749251816, 4.000331426206146, 0.03347156347216037, 0.1095095965807417, 0.010703770872044414]","[1.1015351487983893, -0.05459473260973915, 0.28262600412926, -2.923087141385331, 8.654088451087091]",9.205103100044472,0.4243227995466441,0.007040848005563021,0.001445607985369861,True,False,1.580288664143836e-05,1.24,363.4,4.06,0.0005798422453179342,50,"[1.4843684160776822, -1.2692064915261572, -0.09889082577882838, 0.2650093728678659]"
127,1,0.1080671620350246,0.1080671620350246,0.08071190453272552,"[0.3966466092205494, 4.00033735712642, 0.03344086028491446, 0.10982714730334618, 0.009763630565511059]","[1.868948674338099, -0.08074429375598582, 0.3321807726084957, -3.119176413819739, -8.848522466694396]",9.572640398453286,0.45102200098335743,0.007561240009963512,0.0014592000097036362,True,False,1.7018460744395726e-05,1.24,384.34,3.96,0.0006324083024961169,50,"[1.4837328439442568, -1.2764105955538259, -0.09977561542088852, 0.2700495145832606]"
128,1,0.10559365788400125,0.10559365788400125,0.07767650725437544,"[0.39645137064515645, 4.000345792029476, 0.03340615922452286, 0.11015299015167859, 0.010687986030404502]","[1.0619707822747064, -0.05323457575739998, 0.26077672440931515, -2.8452431864375733, 9.109447647446775]",9.606043180935526,0.39417070080526173,0.006480697984807193,0.0014027160312980414,True,False,1.8461790521939746e-05,1.24,348.84,4.04,0.0005689181823444755,50,"[1.4844659175439139, -1.2694738995686792, -0.09889043571045142, 0.2654653584898279]"
129,1,0.10606596030841019,0.10606596030841019,0.07830382874874806,"[0.3963408182811746, 4.0003513338092445, 0.03337901207147865, 0.11044918319730097, 0.009739682189279012]","[1.8751559731875451, -0.08103808988648947, 0.07919292925502987, -3.063583174599007, -8.61715510972891]",9.336485027495657,0.4623106997460127,0.007805385994724929,0.0014408280001953243,True,False,1.9684924257603598e-05,1.24,395.1,4.02,0.0006293392328950631,50,"[1.4836047740771956, -1.2751020994150444, -0.09956894972617748, 0.2688453613585232]"
130,1,0.10327974266730434,0.10327974266730434,0.07590665344911145,"[0.39613997653318656, 4.0003600135307495, 0.033370529979019514, 0.11077731344816613, 0.010662637143250308]","[1.0546037929958272, -0.053048800961924304, 0.2970249422180504, -2.8010491487335543, 8.952842034938964]",9.444706665004231,0.4070528007578105,0.006751222023740411,0.0013898339914157987,True,False,5.522619295561526e-07,1.26,356.3,4.06,0.000560558975056722,50,"[1.4843491130703634, -1.270137423765179, -0.09895407690562658, 0.265969273616437]"
131,1,0.10366794593888765,0.10366794593888765,0.077570031050612,"[0.3960283157023858, 4.000365630306669, 0.033339081152420465, 0.11107388688848438, 0.009714715481779943]","[1.8648815656580988, -0.08050231620592906, 0.10353934893871646, -3.0089496714229527, -8.85647872033781]",9.538657018814407,0.4378345003351569,0.007233504010364413,0.001523185996338725,True,False,9.90110287943935e-07,1.26,373.38,3.98,0.0006123733140609033,50,"[1.4836701154312282, -1.2754983871442844, -0.09953174289734532, 0.2694478704730902]"
132,1,0.10113467498179367,0.10113467498179367,0.07453993348142261,"[0.3958328079320797, 4.000374069892665, 0.03332822644313344, 0.11138933482472661, 0.010643198254767845]","[1.032767738042042, -0.052216162732797035, 0.2896125441024613, -2.7453645106708517, 9.07510910715559]",9.541899326513661,0.4278409006074071,0.007168015991337598,0.0013888020208105444,True,False,6.630811208196974e-07,1.26,371.68,4.04,0.0005543021461815556,50,"[1.484174802886564, -1.2695170811006975, -0.09880640449142791, 0.26548049247169264]"
133,1,0.10053114644098261,0.10053114644098261,0.07399593867413307,"[0.3957245729043778, 4.000379542195499, 0.033297874776849624, 0.11167705160064718, 0.009692118307719159]","[1.8433553688513278, -0.07973730295604206, 0.07386893710249076, -2.930222508309403, -8.81333525097263]",9.46946967192272,0.4773334991186857,0.008122113994322716,0.0014245559880509972,True,False,4.0474021602676656e-07,1.26,406.34,4.02,0.0006138116046562913,50,"[1.4836709622048938, -1.2745372500419365, -0.09949786648810449, 0.26827916036361976]"
134,1,0.09873635018655735,0.09873635018655735,0.07211603483417144,"[0.3955299099050208, 4.000387962656803, 0.033290074029853865, 0.11198649052484462, 0.010622828849638284]","[1.0028747131269975, -0.0512245498806895, 0.32508629283796686, -2.6779806173131147, 9.225181814863882]",9.663830630062344,0.4449232015758753,0.007390712015330791,0.001507752016186714,True,False,5.011050953385165e-07,1.26,381.0,4.12,0.0005548676438183975,50,"[1.484353009580116, -1.2695813089572656, -0.09884442396218787, 0.2655838720242303]"
135,1,0.09878741426167953,0.09878741426167953,0.07285895538540094,"[0.39542613379889746, 4.000393263303289, 0.033256434544100356, 0.11226360430296749, 0.009668219630266053]","[1.859233627426641, -0.08022936512940802, 0.0598988077497826, -2.894707067126344, -9.39932680821047]",10.009667714343376,0.4599280001129955,0.007672738013789058,0.0015258219884708524,True,False,6.343584189494322e-07,1.26,391.68,4.02,0.0006185476425753223,50,"[1.4836288077448574, -1.2750349297863768, -0.09949413466712373, 0.2688511045608071]"
136,1,0.09728396813519255,0.09728396813519255,0.07083331796624504,"[0.39524039000796457, 4.000401278490947, 0.033250450448578585, 0.11255279542793252, 0.010607244488584043]","[1.007763617187898, -0.051424438028335476, 0.2985481264571445, -2.642545471632272, 8.965406591451538]",9.405792092346724,0.5180678011383861,0.008801038013771176,0.0015603180089965463,True,False,6.554919190193686e-07,1.26,371.12,4.02,0.0005512958770276555,50,"[1.4843921826206499, -1.2692663656782066, -0.09903924530767051, 0.2646735479370195]"
137,1,0.09645203602888854,0.09645203602888854,0.07143445661270573,"[0.3951332471318318, 4.000406745806992, 0.033218709567694314, 0.1128337441715797, 0.009654065160094176]","[1.7952650707138254, -0.0779708048850983, 0.15728365956661391, -2.8287492452778746, -8.589509463265628]",9.221458094157136,0.4810217001941055,0.00810379601083696,0.0015166379930451513,True,False,6.815756262312789e-07,1.26,394.68,3.98,0.000612531840563122,50,"[1.4836938826447539, -1.274829848961942, -0.0994955293938229, 0.268648515405163]"
138,1,0.09505120030547365,0.09505120030547365,0.06914572715701042,"[0.3949385637040931, 4.00041520117317, 0.03320165329980874, 0.11314050143448624, 0.01058553493142856]","[0.9717986032643349, -0.050106707535095524, 0.34089519043154043, -2.5823792796052096, 9.242216923251513]",9.651443888790778,0.4409610000438988,0.007339091994799674,0.0014801280060783028,True,False,1.0187468132016874e-06,1.26,369.88,4.06,0.0005556992810474526,50,"[1.4843769537330853, -1.2696982927780225, -0.0988933640233164, 0.2655388246642808]"
139,1,0.09523437749088165,0.09523437749088165,0.07064849936225737,"[0.39483787425136857, 4.000420392801294, 0.03316633265822141, 0.11340806547040597, 0.009627935526739708]","[1.8284636695763317, -0.07910297929276801, 0.07441157365739919, -2.79649120513926, -9.424438663769443]",9.999774044555272,0.46537649910897017,0.0078113219887018205,0.001496207993477583,True,False,4.434633416394718e-07,1.26,393.06,4.06,0.0006098555169137399,50,"[1.4837372783067524, -1.2752651959926278, -0.09961944541694583, 0.2689193648329561]"
140,1,0.09362221668289494,0.09362221668289494,0.06782700213269086,"[0.39465502375282263, 4.000428303277964, 0.03315889133271561, 0.11368772090985885, 0.010570400688535883]","[0.982050308635167, -0.05049327377861589, 0.31317105655651534, -2.5463155975784746, 8.839581665165824]",9.25672596697446,0.4084835012909025,0.006744508007541299,0.001425162018276751,True,False,9.466676593206103e-07,1.26,358.46,4.04,0.000552145062728755,50,"[1.484332581508132, -1.2696846904469206, -0.09884654253234364, 0.2656235216969221]"
141,1,0.09286911045342855,0.09286911045342855,0.06692049583139932,"[0.3945489332936222, 4.000433758043931, 0.033125059602399726, 0.11396279825430958, 0.009615464602521436]","[1.7975499138764925, -0.07805726434211092, 0.03998254211075704, -2.713989485306888, -9.211701204572625]",9.77036617746483,0.4797262998763472,0.008155565992929041,0.0014389600045979023,True,False,6.388687589264918e-07,1.26,407.02,4.02,0.0006092235436878468,50,"[1.4837557357765494, -1.2755497935762055, -0.09960260435578093, 0.2692224652421346]"
142,1,0.09160140868434405,0.09160140868434405,0.06626731324322997,"[0.3943649535040173, 4.000441747229076, 0.03312096737684948, 0.1142405759174732, 0.010558285069667942]","[0.962329640698806, -0.04980996353929075, 0.26527006742725606, -2.4967828702547985, 9.097597719990802]",9.486787472821755,0.42419389938004315,0.0069995959987863895,0.001484281988814473,True,False,6.607222903198817e-07,1.26,364.94,4.04,0.0005543637259279421,50,"[1.4841738266748792, -1.2693394714664366, -0.09872251848484302, 0.26527661231479455]"
143,1,0.09236445371101146,0.09236445371101146,0.06738511773432894,"[0.39426351456661574, 4.000446997685427, 0.033093005322449166, 0.11450376120302372, 0.009599309468591697]","[1.7745560588010425, -0.07730600572940811, 0.3150138900984863, -2.6999167345224886, -9.554324118558378]",10.09103160787465,0.45628769835457206,0.007723155990242958,0.0014025979768484832,True,False,1.0677505520106933e-06,1.26,398.96,4.02,0.0006094287097954521,50,"[1.4836401024716661, -1.2774660148819512, -0.09962899866189007, 0.27134329730325524]"
144,1,0.08956978730227391,0.08956978730227391,0.06416627084022092,"[0.39408765979501437, 4.000454658547936, 0.033061788108758004, 0.11477131727054689, 0.010546122885582258]","[0.9313491687335709, -0.048636066362526764, 0.31626186189090716, -2.4349135498909322, 9.191328513861144]",9.559242760360153,0.4344131995458156,0.00710203598253429,0.0015862280083820224,True,False,1.0547000104565995e-06,1.26,356.66,4.06,0.0005468773792722459,50,"[1.4842912356949376, -1.27023406040764, -0.09889134426562546, 0.26609204302690226]"
145,1,0.08927109328201518,0.08927109328201518,0.06610369170988278,"[0.39399023061657584, 4.00045974640558, 0.03302870370345665, 0.1150260355166127, 0.009584610688087513]","[1.7477639381635137, -0.07612943781142527, 0.1478137433579198, -2.627368429190941, -9.016041073668584]",9.553762865089338,0.4244836980942637,0.006958093964494765,0.0015315799973905087,True,False,8.299239490838773e-07,1.26,357.04,4.02,0.000599085144776268,50,"[1.4835355621079356, -1.2755920905836209, -0.09959312400967427, 0.2691962555731554]"
146,1,0.08783539691910043,0.08783539691910043,0.06278819248666649,"[0.3938072907673603, 4.000467714934722, 0.033013231920722474, 0.11530104427138477, 0.01052832691802144]","[0.9109494307271622, -0.047941828512716764, 0.25868635089535674, -2.3865842781514406, 9.514426515300563]",9.854904481737856,0.4394655991345644,0.00731050199829042,0.0014788099844008683,True,False,7.635802973027239e-07,1.26,376.42,4.06,0.0005454246226611303,50,"[1.4843776333306817, -1.2695266923934683, -0.09896922924211353, 0.26512757557282296]"
147,1,0.0876977181263284,0.0876977181263284,0.06428752360260255,"[0.39371485461718525, 4.000472579703183, 0.03298698241710238, 0.11554321650982015, 0.0095628760065523]","[1.794164855233624, -0.07774347751404075, -0.11644779476394262, -2.59830725943828, -9.53594359989802]",10.046096387146727,0.4884400013834238,0.008340869997628033,0.001427930030040443,True,False,9.108198497642661e-07,1.26,423.14,4.02,0.0006013625397298483,50,"[1.4835650895727224, -1.2750539044627296, -0.09946975605774747, 0.2687382865870318]"
148,1,0.08673246424718764,0.08673246424718764,0.062459416269930255,"[0.39353626138197095, 4.000480318378436, 0.03299857376465319, 0.11580185500571434, 0.010512094810698891]","[0.9184347357372031, -0.04824586373570629, 0.25789224080528705, -2.368103899945523, 9.232896925401366]",9.579491643666017,0.4510115005541593,0.00757517599966377,0.0014450540114194154,True,False,7.725575522954386e-07,1.26,358.96,4.04,0.0005527435511177714,50,"[1.484191720119497, -1.270086521017362, -0.09881357879785485, 0.26588940451434884]"
149,1,0.08685289933948043,0.08685289933948043,0.06361277379474793,"[0.39344038628026357, 4.000485354748373, 0.03297165247797418, 0.11604906059738727, 0.009548275720095856]","[1.72977909785881, -0.07553490943690298, 0.24458137015969122, -2.5448947506558866, -9.540100140211907]",10.027345674392063,0.47678359993733466,0.008148330003023148,0.0013873419957235456,True,False,8.274422825138572e-07,1.26,398.78,4.06,0.0006005734093574234,50,"[1.4836638774540718, -1.2768132295868755, -0.09978077478912549, 0.2702006233189579]"
150,1,0.08572624889147974,0.08572624889147974,0.061023979683335526,"[0.3932678801002778, 4.000492887640116, 0.03294726104099002, 0.11630285605164206, 0.010499684043798519]","[0.8980025420223282, -0.047551078622913606, 0.33250776954309713, -2.324858305697647, 9.117182321721211]",9.457653552358556,0.4071094999089837,0.006715489993803203,0.0014267000043764711,True,False,8.1776860639593e-07,1.26,358.62,4.06,0.0005447602599232936,50,"[1.484226388177457, -1.269939303465196, -0.09894425892498324, 0.2654936091596106]"
151,1,0.08574228811056399,0.08574228811056399,0.06332250446366279,"[0.3931729302761004, 4.000497915428283, 0.03291210350771106, 0.11654867371588416, 0.009535683589533247]","[1.741230161207224, -0.07593480549883781, 0.0913465363916837, -2.508974720539616, -9.642133803944004]",10.114924181631869,0.5196704980917275,0.00879922398366034,0.0015941859781742095,True,False,1.0728972350193544e-06,1.26,412.22,4.04,0.0006017995857902747,50,"[1.4837203873465836, -1.2755066668022947, -0.09982512458606128, 0.26858883594084826]"
152,1,0.08391938377183776,0.08391938377183776,0.059838681835395445,"[0.39300078561838786, 4.000505422632897, 0.03290307264057431, 0.11679672053019917, 0.010488941728679788]","[0.8792658379412779, -0.04686786905915188, 0.33661011563994686, -2.282259745522984, 9.281666212209345]",9.604511887741879,0.42817909945733845,0.0070622779801487925,0.0015013040089979768,True,False,8.936476805843086e-07,1.26,367.6,4.1,0.0005397389972657152,50,"[1.4843839769020846, -1.2704046352489333, -0.09903419606261213, 0.2660514113091782]"
153,1,0.08255018168952992,0.08255018168952992,0.060091940206839826,"[0.3929092384530424, 4.000510302409152, 0.032868025558584174, 0.11703434423996814, 0.009522555688480386]","[1.7112454007792073, -0.07472786471115406, -0.07718450349890908, -2.457443655736025, -8.730434125600382]",9.230352748708881,0.44867860130034387,0.0075218060053884985,0.0014517660206183791,True,False,9.334797326232547e-07,1.26,381.94,4.06,0.0005957742550404533,50,"[1.4835395883756166, -1.274895204626031, -0.09949929461716366, 0.26849570747158147]"
154,1,0.08165540037733292,0.08165540037733292,0.058357419563302745,"[0.3927238451699056, 4.000518398293106, 0.03287638759041458, 0.11730057931487506, 0.010468395393888798]","[0.8647606875333547, -0.046196132869173734, 0.24246861047910875, -2.2275937084457875, 9.441329247055222]",9.742156221169443,0.430097499396652,0.007132590007968247,0.0014693599799647926,True,False,1.2207593101720703e-06,1.26,367.96,4.08,0.0005356805694967193,50,"[1.4842086036377582, -1.2698639702457093, -0.09875543703191383, 0.2658888619178015]"
155,1,0.08169800761509731,0.08169800761509731,0.06045188505101677,"[0.3926350803556476, 4.0005231401728105, 0.03285149899235172, 0.11752923441520866, 0.009499274284378119]","[1.7451259144236002, -0.07576209469431797, -0.07679060730191636, -2.431495326039413, -9.86332503253802]",10.30797998482718,0.4642277986276895,0.007857421990483998,0.0014271339820697904,True,False,1.1449556919274074e-06,1.26,394.74,4.0,0.0005998364504253572,50,"[1.4836571596551693, -1.2756330374312872, -0.09954293928028202, 0.26942077049654967]"
156,1,0.08018843220033581,0.08018843220033581,0.0576402848526625,"[0.3924657818202582, 4.000530490021646, 0.03285894861947629, 0.11776511916948472, 0.010456137321180621]","[0.8612027683084083, -0.04605633776341273, 0.27123479835112496, -2.194229360265201, 9.187501176258417]",9.489055804421557,0.4523656000383198,0.007567840004339814,0.0014794719964265823,True,False,5.716342425898802e-07,1.26,389.28,4.1,0.0005385667031160324,50,"[1.48422045664727, -1.2688894628498755, -0.09883327891002272, 0.26454841741921126]"
157,1,0.08014473168750773,0.08014473168750773,0.05904788344514378,"[0.39237502434280547, 4.000535343648678, 0.03283036465876271, 0.11799635707189135, 0.009487916524016676]","[1.7117770926170324, -0.07472421729862008, -0.04863266722652206, -2.391518206108804, -9.359421176294505]",9.811027150365081,0.46820899937301874,0.007795158000662923,0.001569021986797452,True,False,8.422192865964462e-07,1.26,387.38,4.06,0.0006029747846244504,50,"[1.4836173368268397, -1.2751383782527943, -0.09954349118676366, 0.2687410159621519]"
158,1,0.07906851407084049,0.07906851407084049,0.05645787201609769,"[0.3922005495333683, 4.000542959998745, 0.032835321598181616, 0.11824011526042884, 0.01044188607602146]","[0.8199154616114056, -0.044688282972083035, 0.298049237234069, -2.14817964236221, 9.71431062321254]",9.987271820410202,0.46606210013851523,0.00788594598416239,0.0014352960186079144,True,False,8.022863499945743e-07,1.26,392.12,4.14,0.0005329775715813412,50,"[1.4842889619510042, -1.2700571641462015, -0.0988232258233745, 0.2661018336568134]"
159,1,0.07898687871960675,0.07898687871960675,0.05837024367591184,"[0.39211845349390195, 4.0005474345222956, 0.03280547868987155, 0.11845520699726902, 0.009469216983107867]","[1.6592104689533482, -0.07277474277688353, 0.16492620636504277, -2.3502745788528316, -9.15788633037407]",9.60084104821399,0.45265320036560297,0.007512799995020032,0.0015402640122920274,True,False,7.957885003406773e-07,1.26,387.96,4.04,0.0005940999323360074,50,"[1.4834331093981061, -1.275874942677217, -0.09938892739417057, 0.2697865799467968]"
160,1,0.07807530687874799,0.07807530687874799,0.055491290842857026,"[0.3919456342106279, 4.000555014560586, 0.03278830038168796, 0.11870000581924778, 0.010423079908598526]","[0.826573767433179, -0.044875921238239094, 0.2840113488239424, -2.125832094407989, 9.42444478992939]",9.700784616700792,0.403046399820596,0.006630767998285591,0.001430159998126328,True,False,1.2443659048244626e-06,1.26,363.62,4.12,0.0005383319101647998,50,"[1.484140604043079, -1.2700552495708322, -0.09878174892665101, 0.26601597868156074]"
161,1,0.07766132066105821,0.07766132066105821,0.057202364323926426,"[0.3918604273124225, 4.000559640570028, 0.03275902322937332, 0.11891914604121798, 0.009451566246421877]","[1.655888943407076, -0.07262348217422566, 0.10753329333623761, -2.3115774385549543, -9.215144225974365]",9.644743601163361,0.44750690064392984,0.0075881340121850376,0.0013620040006935596,True,False,7.785129500348375e-07,1.26,400.16,4.0,0.0005948723364039665,50,"[1.4835755951322847, -1.2749643932336623, -0.09945150231424801, 0.2686833209379682]"
162,1,0.07587026357565653,0.07587026357565653,0.05458805253876728,"[0.39168873908392093, 4.00056717042102, 0.03274787380977526, 0.11915881829523585, 0.010407023913944253]","[0.8079273579445989, -0.044102141655666685, 0.3134602581969777, -2.080143727868741, 9.433956623576245]",9.699457946307755,0.4270652001723647,0.007108157998882234,0.00143314600456506,True,False,8.178578721640406e-07,1.26,376.88,4.16,0.0005344618384026489,50,"[1.4843759470901894, -1.2694040554624897, -0.09896748941933119, 0.26499496343297396]"
163,1,0.0761128338429733,0.0761128338429733,0.056186957459383916,"[0.3916054429489891, 4.000571717287649, 0.032715556513293345, 0.11937327808661483, 0.009434396714071213]","[1.6511384396698006, -0.07248249500289203, 0.03926258352279866, -2.2708617778242526, -9.211906543600318]",9.630632834425338,0.4575074997264892,0.007658726004883647,0.0014914239896461367,True,False,7.039001783937237e-07,1.26,392.86,4.06,0.0005967787243835687,50,"[1.483553549455605, -1.2757472712905946, -0.09948452680131381, 0.2694926031118368]"
164,1,0.07467895782509762,0.07467895782509762,0.053166587077588326,"[0.3914339964336992, 4.000579243531899, 0.032711479669726186, 0.11960907378318329, 0.010390918128709223]","[0.807541008105499, -0.04402446991795051, 0.27981730662095056, -2.038478810805502, 9.168366581267993]",9.431155814078302,0.43653790070675313,0.0072654340183362365,0.0014653239957988261,True,False,1.187867312069102e-06,1.26,359.9,4.14,0.0005328301155287818,50,"[1.4843899259652766, -1.2700355962669934, -0.09889822963189435, 0.26590348323639557]"
165,1,0.07497748305072553,0.07497748305072553,0.054929248397528004,"[0.3913483716148605, 4.000583911514358, 0.03268181020904634, 0.11982521683614256, 0.00941878207656068]","[1.6422211126239423, -0.07202947638037166, 0.07253814277946191, -2.242090594421527, -9.383514156609817]",9.786963184321461,0.4710775010753423,0.007897214014083147,0.0015243360074236989,True,False,1.0726223300139282e-06,1.26,402.62,4.14,0.000591761988854671,50,"[1.4834644348406438, -1.2756388471104219, -0.09941381515745387, 0.2695267627433023]"
166,1,0.07386243242553031,0.07386243242553031,0.05255373147281624,"[0.3911805748140013, 4.0005912712514915, 0.03267439849803794, 0.12005430634552011, 0.01037755896975297]","[0.7960585672763472, -0.04377083139669558, 0.26640036628452357, -2.0136579784251865, 9.309023214148919]",9.561345404231071,0.6200721003115177,0.01052480798214674,0.0018766340240836143,True,False,8.582325199313345e-07,1.26,399.88,4.14,0.0005331132377247627,50,"[1.4842413654201618, -1.2691695205801887, -0.0987898142075774, 0.2649475104779047]"
167,1,0.07448351176520811,0.07448351176520811,0.054940340603364814,"[0.3910973168065204, 4.000595849146081, 0.03264653627206514, 0.12026491038638276, 0.009403948790472563]","[1.6987925801677195, -0.07391385825748273, -0.14062360784155487, -2.2171057925473865, -10.439911548444206]",10.808258218725332,0.47141490085050464,0.007859685998409987,0.0015686120186001063,True,False,9.63169051431123e-07,1.26,384.76,4.06,0.0005906320734760584,50,"[1.4836587545153408, -1.2748194783867146, -0.09973728257918887, 0.2679024476395966]"
168,1,0.07221644651810312,0.07221644651810312,0.051135094650463495,"[0.3909401413814304, 4.000602687792675, 0.032659547027820854, 0.12047004110656681, 0.010369868676564026]","[0.770497020114607, -0.042730485721867426, 0.3074465522050264, -1.9747197737548299, 9.457863641013317]",9.697459346227665,0.4260224988684058,0.006999029996804893,0.0015214199805632233,True,False,1.0379144518424256e-06,1.26,362.96,4.14,0.0005286563644344255,50,"[1.4842889998461026, -1.2697097803834763, -0.09873823989544733, 0.26581052944669087]"
169,1,0.07211164338457472,0.07211164338457472,0.05241279909732851,"[0.39086068788824974, 4.0006070941515155, 0.03262784320301514, 0.12067367380076514, 0.009394575736179888]","[1.636193469474768, -0.07166059754880584, -0.07087660636952435, -2.1557111623358565, -9.592390383337847]",9.967363326672466,0.4671614000108093,0.007775700008496642,0.001567527991719544,True,False,1.1204804044950833e-06,1.26,396.2,4.14,0.0005890031327160728,50,"[1.4836042564423073, -1.275028795450096, -0.09950174617669423, 0.26866044795243715]"
170,1,0.07148225339366204,0.07148225339366204,0.05102543359181478,"[0.3906965327936991, 4.0006142836754846, 0.032634954071159454, 0.12088995077306643, 0.010356955662344155]","[0.7413465630716258, -0.04181467793329486, 0.32703440095899966, -1.9418695902590863, 9.826179698602935]",10.049027797159725,0.45469780126586556,0.007560598012059927,0.0015333580132573842,True,False,1.0070493758007616e-06,1.26,360.1,4.18,0.0005364936625673522,50,"[1.48430678432097, -1.2692590684373783, -0.09877309510667263, 0.26512415515464705]"
171,1,0.07077712901484806,0.07077712901484806,0.052353885044148736,"[0.3906227598299894, 4.000618444742482, 0.03260241018656408, 0.12108319032113642, 0.009379131747835489]","[1.612689277668246, -0.07084725793788856, -0.11252129079582517, -2.131530324984955, -9.040673065808011]",9.428448339483158,0.5361932003870606,0.009108157996088266,0.0016157060116529466,True,False,1.2062089223263683e-06,1.26,433.76,4.14,0.0005951143190333141,50,"[1.4835302529361996, -1.2743517575547705, -0.09923869734374555, 0.268376836645841]"
172,1,0.07131943247943226,0.07131943247943226,0.05014884207916627,"[0.3904517147948542, 4.000625958943693, 0.03261434441865959, 0.12130926467059568, 0.010338003530267583]","[0.7638847231297176, -0.04265292299106429, 0.26003932117887535, -1.9281409624106123, 9.359367234978299]",9.590017841523595,0.48027989990077913,0.00811875400133431,0.001486843996681273,True,False,1.2654786524990414e-06,1.26,388.06,4.16,0.0005332676425385329,50,"[1.4842757816919934, -1.2694491803220447, -0.0988261021166908, 0.26517470998684883]"
173,1,0.07144687908896423,0.07144687908896423,0.05229637113152636,"[0.3903720606444998, 4.000630406581194, 0.0325872287943251, 0.12151032174828545, 0.009362054643762134]","[1.6026017476535943, -0.07062922087826994, 0.09063707568861716, -2.1221893990813765, -9.569369528576543]",9.932676222848313,0.5034261993132532,0.008602183992043138,0.0014663399942219258,True,False,9.981489989741022e-07,1.26,410.44,4.12,0.0005875458610742612,50,"[1.4834639948427932, -1.2757625951991822, -0.09942700120943568, 0.2695971771264222]"
174,1,0.0689668281066613,0.0689668281066613,0.04827479789386606,"[0.39021071422470954, 4.000637517375837, 0.03257810365285809, 0.1217239791102345, 0.010325477724603179]","[0.7301352409541103, -0.041294094641251125, 0.3292479149666921, -1.8828366710969604, 9.58387398703475]",9.799944968786003,0.42349040089175105,0.007016426017507911,0.0014533820003271103,True,False,9.161089593590077e-07,1.26,366.0,4.14,0.0005380231222386556,50,"[1.4841710073730277, -1.2689914589732725, -0.09871903948175803, 0.26484528338229124]"
175,1,0.06875062272926304,0.06875062272926304,0.05116341860560079,"[0.39013621021032935, 4.0006417310826246, 0.03254450673818339, 0.12191610638002039, 0.009347525907875373]","[1.6107515405840171, -0.07067746461952228, -0.1336418243308242, -2.0740051672892306, -9.450601233471016]",9.809828595583902,0.45670300000347197,0.007683991990052164,0.0014500680100172757,True,False,8.761246323274463e-07,1.26,391.6,4.14,0.0005874110516481323,50,"[1.483644952276886, -1.2749730372425545, -0.09942273554098277, 0.26880047691397974]"
176,1,0.0678447438141257,0.0678447438141257,0.048433485307028935,"[0.38997201248508623, 4.000648935843026, 0.032558129996022714, 0.1221275275222829, 0.010310906780479204]","[0.7231919219362343, -0.040966264536924486, 0.319741190798585, -1.8506428041567622, 9.485592337544213]",9.69681700366321,0.411910199560225,0.006800532001070678,0.001437671990133822,True,False,1.0577576745163242e-06,1.26,358.26,4.14,0.0005304180154314509,50,"[1.4842968951125202, -1.2696458771287475, -0.09888154700461439, 0.26531646980789547]"
177,1,0.06832774947075856,0.06832774947075856,0.051057962442751056,"[0.3898974321437651, 4.00065316055558, 0.03252515616650269, 0.12231837806666945, 0.009332689667277771]","[1.5513922228048498, -0.06863692350553802, 0.1985047389628039, -2.043360011830301, -9.313873169015503]",9.66304747655171,0.4475647988729179,0.007558197975158692,0.0013930980022996665,True,False,1.1012229595053213e-06,1.26,404.64,4.18,0.0005846590624744863,50,"[1.4835136476375008, -1.2761278299452203, -0.09960590809089626, 0.26967675733326124]"
178,1,0.06712780186977099,0.06712780186977099,0.04732749429691732,"[0.3897368831837803, 4.000660263586344, 0.032504613502356214, 0.12252983930770933, 0.010296554658177652]","[0.7171723817968654, -0.04072999327381812, 0.3261120841349316, -1.824688765448426, 9.367337573000771]",9.575951469503632,0.4624514002352953,0.007707496010698378,0.0015415319940075278,True,False,1.2043621941870697e-06,1.26,372.46,4.12,0.0005199257941015389,50,"[1.4843414619694806, -1.2696570992425937, -0.09894985310354927, 0.26521522839713974]"
179,1,0.06791667027382332,0.06791667027382332,0.049918892760759406,"[0.3896619901160777, 4.000664516948884, 0.03247055818313917, 0.12272038839007143, 0.009318339845596933]","[1.5701092881006842, -0.06928218559776343, 0.11014743863469129, -2.0237427090516666, -9.767424787329645]",10.098529456541698,0.41207129694521427,0.006873697959817946,0.0013677279790863396,True,False,8.030434003103437e-07,1.26,377.5,4.14,0.0005873476394387466,50,"[1.4834206951652928, -1.2761387334401522, -0.099464842685875, 0.2699113994398141]"
180,1,0.06557452942609009,0.06557452942609009,0.046705064298191504,"[0.3895065111134465, 4.000671377570115, 0.032459650908065324, 0.12292078813317861, 0.010285552431191286]","[0.7097374007502861, -0.04038862836976971, 0.2721701357732587, -1.7837611040029453, 9.333288248922873]",9.532654835656635,0.4650553003884852,0.007904459983110427,0.001396646024659276,True,False,9.423892760196395e-07,1.26,396.04,4.18,0.0005248118259751777,50,"[1.484294807211303, -1.2688878058170023, -0.0988737954197794, 0.2644340725294173]"
181,1,0.06640555274474527,0.06640555274474527,0.049491189021664175,"[0.38943205783543405, 4.000675614441067, 0.03243109956109673, 0.12310790925888472, 0.009306466498798887]","[1.5773145409305909, -0.06940986898186939, -0.03296882630041239, -1.994907700830345, -9.71537832233462]",10.043010430910268,0.440356801263988,0.0073667420214042064,0.0014403940038755535,True,False,1.0192900157335316e-06,1.26,389.3,4.12,0.0005912141465867648,50,"[1.4834760164800993, -1.2761388153008533, -0.09951709843797751, 0.26985788496325314]"
182,1,0.06499526536902094,0.06499526536902094,0.04608877371460613,"[0.3892750018857639, 4.000682525702332, 0.03243438232441993, 0.12330654568511921, 0.010273843600336625]","[0.7034575485344794, -0.04026051815882271, 0.29782031418134286, -1.770517135806963, 9.334561859380404]",9.53173365166259,0.4402573013212532,0.007327066021971405,0.0014780800044536591,True,False,9.498917489736413e-07,1.26,383.06,4.2,0.0005281034656076145,50,"[1.4841771388562297, -1.2694156183600807, -0.09890750960329808, 0.26484992073984515]"
183,1,0.06512101445405452,0.06512101445405452,0.048581346044708505,"[0.38920120024860444, 4.0006867495423615, 0.03240313718843167, 0.12349229543435947, 0.00929452942732961]","[1.5723737950489536, -0.06906915531197805, -0.13802727753495403, -1.9586984315423797, -9.660544923312157]",9.982925883225557,0.5243045990355313,0.008706091982312501,0.0017799999983981252,True,False,9.077168536464342e-07,1.26,416.54,4.14,0.0005801749010305457,50,"[1.4834762177087526, -1.2754131393922197, -0.0993607529167055, 0.2693250686168427]"
184,1,0.06429175992800508,0.06429175992800508,0.0451542375420504,"[0.3890436939410064, 4.00069366827101, 0.03241696352342962, 0.12368850027993859, 0.01026223619339678]","[0.6743371071151834, -0.0392255767956043, 0.2569253780156796, -1.7270211496245047, 9.704471167530727]",9.88340237582491,0.45431110030040145,0.007611398017033934,0.0014748239889740943,True,False,9.938231417550014e-07,1.26,382.94,4.16,0.0005231612565361843,50,"[1.4843353522952738, -1.268720573686491, -0.0988719413667998, 0.26428773346377604]"
185,1,0.06455266959909033,0.06455266959909033,0.047777715062303744,"[0.3889754646934857, 4.000697637104343, 0.0323909678826351, 0.12386323981636323, 0.009280340405131976]","[1.5324533108902978, -0.06777253848241208, 0.10402970312040559, -1.934546084622975, -9.640458284567313]",9.952122031816879,0.449169299332425,0.007541355998255312,0.0014420299883931874,True,False,8.863029543704215e-07,1.26,387.84,4.16,0.0005867734919488044,50,"[1.4834445028989323, -1.2761868488393555, -0.09947104818342128, 0.2700236181625989]"
186,1,0.06334782627142871,0.06334782627142871,0.044954522548533785,"[0.3888214821251614, 4.000704446962407, 0.03238051486540145, 0.12405762510205846, 0.010249024094176195]","[0.6534066023222672, -0.03853940350447318, 0.3163229692418176, -1.7148052944989045, 9.984380475013861]",10.156618352696446,0.4335086995270103,0.007205669982358814,0.0014645040081813932,True,False,1.0967486559820826e-06,1.26,379.94,4.14,0.0005302243170777388,50,"[1.4842180093780404, -1.2699141106137495, -0.09863827245130295, 0.26604095665538696]"
187,1,0.06381220441727144,0.06381220441727144,0.04697463386555007,"[0.3887571490391314, 4.000708241473746, 0.032349370348769425, 0.12422646134605052, 0.009265982285641556]","[1.4928433133449734, -0.0664083126450284, 0.18073118086274256, -1.8976293033072087, -9.175236571729734]",9.489553103381645,0.48189939954318106,0.00822820999659598,0.0014097779942676425,True,False,8.871412418898217e-07,1.26,425.5,4.16,0.0005813598285752164,50,"[1.4835880089935034, -1.2774088566215445, -0.09963411614885831, 0.27113593984201306]"
188,1,0.061919307428108576,0.061919307428108576,0.04364053584437037,"[0.38859983464329795, 4.000715239518008, 0.03233032507035907, 0.12442643170107504, 0.01023285991104767]","[0.6453982164475643, -0.03807074360832785, 0.2829320859940506, -1.6711534828669918, 9.816769440264762]",9.982973255058441,0.4045219998806715,0.00670619401615113,0.0013842459814622998,True,False,1.1900188997060467e-06,1.26,367.88,4.22,0.0005200635431367573,50,"[1.4841859508727335, -1.2692550288048525, -0.0988068499797376, 0.2649888020751955]"
189,1,0.06315240321497456,0.06315240321497456,0.046745263610460976,"[0.38853518474392496, 4.000719053085632, 0.032301983605473115, 0.12459383207769659, 0.009249508639991506]","[1.561819578378829, -0.06869154366898213, -0.0943248936900374, -1.8878801217552321, -10.266656017326977]",10.555624720564076,0.43588789994828403,0.007377998009324074,0.0013397599896416068,True,False,9.438945767215046e-07,1.26,403.96,4.14,0.0005805973708399392,50,"[1.4832755596595153, -1.276431763927973, -0.09943256289811297, 0.2701025323973545]"
190,1,0.06100552757027212,0.06100552757027212,0.04335265336750634,"[0.3883872238586551, 4.000725560662917, 0.03231091958947957, 0.12477268270677384, 0.010222132836866678]","[0.6460505381264484, -0.03811915841022918, 0.2702273052453839, -1.6492291489839088, 9.668200555560185]",9.83289967064365,0.4145407003816217,0.006866650013253092,0.0014241639943793417,True,False,9.866538772485e-07,1.26,352.36,4.22,0.0005238777744798994,50,"[1.4841447945395125, -1.269814049563658, -0.09866042398541511, 0.26580862967519614]"
191,1,0.06138152644596175,0.06138152644596175,0.04586626666721027,"[0.3883215209063521, 4.000729437358468, 0.03228343763458638, 0.1249404083222136, 0.009238882638205385]","[1.5101707449258106, -0.06680919699844813, -0.03009222049624199, -1.8464865420132883, -9.522297019549157]",9.816803846859663,0.4876183995511383,0.008308117985725403,0.0014442500052973628,True,False,1.3125388872481382e-06,1.26,417.8,4.12,0.000577621871771612,50,"[1.4833604653941137, -1.2758157206229828, -0.09933287917045766, 0.269713426740196]"
192,1,0.06054621156605517,0.06054621156605517,0.04264560284540355,"[0.3881676856287678, 4.00073624295406, 0.03228650301319256, 0.12512850279477616, 0.010208882361855286]","[0.6248529717928296, -0.03733092664809916, 0.3141140544639238, -1.630722162401829, 9.856789751212277]",10.015291380893837,0.4443447992671281,0.007417375990189612,0.0014695199951529504,True,False,8.725827663624841e-07,1.26,375.28,4.22,0.0005215316258042435,50,"[1.4842401324483558, -1.2692967479535653, -0.0988118896777589, 0.26498526388449206]"
193,1,0.06064352268795337,0.06064352268795337,0.04517377539732528,"[0.3881052957343587, 4.000739970347026, 0.03225513956678981, 0.12529132603178653, 0.00922470832483906]","[1.4874733357547816, -0.06594826478159678, 0.01613985446372766, -1.8151298644454468, -9.44901527762345]",9.73631207052621,0.48948400071822107,0.008253415990620851,0.00153626402374357,True,False,1.5699115695611e-06,1.26,417.8,4.16,0.0005816953997350538,50,"[1.4833255646471872, -1.2759088242874477, -0.09934145608508814, 0.2698527143159507]"
194,1,0.059501079579606,0.059501079579606,0.041811408612271,"[0.3879525198860881, 4.000746743780776, 0.03225348186987694, 0.12547775492304544, 0.010195200561345841]","[0.6074836361204671, -0.03669943476314064, 0.3131414017209098, -1.5977476371908867, 9.964739756483095]",10.115200278824025,0.4751962013542652,0.007996506015770137,0.0015074180113151669,True,False,1.181784556081311e-06,1.26,400.34,4.18,0.0005179490042286261,50,"[1.484120005997553, -1.2704301964168616, -0.09863966277714238, 0.2665907421826571]"
195,1,0.059978433799633975,0.059978433799633975,0.04549644388684846,"[0.3878924633751624, 4.000750371927896, 0.03222252436107254, 0.1256357100394041, 0.00921007525677239]","[1.4818209747860442, -0.06578966188823418, -0.015335483609292311, -1.7994603217887712, -9.305433124528557]",9.593200714190766,0.5082050003111362,0.00857454001903534,0.0015895599871873856,True,False,9.796325107913618e-07,1.26,399.48,4.16,0.0005761113702794774,50,"[1.4834153228306641, -1.275295000968536, -0.09938233372422811, 0.26895676534680324]"
196,1,0.05891830438708516,0.05891830438708516,0.04217456498961063,"[0.3877379976218879, 4.0007572298748775, 0.032224122939489126, 0.12582328667573356, 0.010180078220412406]","[0.6081559554631616, -0.03685708148670865, 0.3223976040094863, -1.5907489708626543, 9.926040573944451]",10.07630468423738,0.5242365992162377,0.008750309972092508,0.001734422012232244,True,False,9.567840535851246e-07,1.26,372.44,4.22,0.0005194549173828022,50,"[1.4841596579388865, -1.2689916621285824, -0.0987671212807321, 0.2646626877775342]"
197,1,0.05930225660026796,0.05930225660026796,0.04538553983605514,"[0.38767764256371323, 4.0007608876723175, 0.032192127320650625, 0.12598115694867135, 0.009194990841257732]","[1.5016284809301252, -0.06633602719471425, -0.03571120569226352, -1.7845731792273427, -9.929217885861512]",10.199736913782935,0.5500704993028194,0.009422895987518132,0.0015785139985382557,True,False,1.2999515223555137e-06,1.26,414.34,4.18,0.0005794443492601431,50,"[1.4833669175092277, -1.27537501649173, -0.09951682355225082, 0.26875971732907333]"
198,1,0.05813189782192181,0.05813189782192181,0.041398648501592805,"[0.38753042028793533, 4.000767391372143, 0.03219562850955291, 0.12615611961625162, 0.010168468683756851]","[0.6132574668463261, -0.03679336793311496, 0.24510227599734932, -1.5611504242187535, 9.682865191059328]",9.830187310195697,0.42947870097123086,0.007139012012630701,0.0014505620067939162,True,False,9.48776103371074e-07,1.26,376.7,4.16,0.0005236991428969873,50,"[1.4843177183607383, -1.268958264203164, -0.09887728292836276, 0.26450759487294223]"
199,1,0.05848126833147121,0.05848126833147121,0.045030914191787515,"[0.3874680351626643, 4.000771134268058, 0.032170694877238684, 0.12631493148573053, 0.009183455389042576]","[1.4668812172359815, -0.0650803468123903, 0.08613308809222048, -1.7497946235710389, -9.821623632763417]",10.084119538870025,0.4825148007366806,0.008203488015569747,0.001446807999163866,True,False,1.0922378953637236e-06,1.26,410.98,4.18,0.0005770575674131351,50,"[1.4835802367903157, -1.275341845614186, -0.09951696277132116, 0.2689002437389913]"
200,1,0.05688318101651436,0.05688318101651436,0.040064637863547976,"[0.3873225706814633, 4.000777588014125, 0.03216215341878496, 0.1264884513073325, 0.010157424766729069]","[0.5984840421372154, -0.036182217293494315, 0.24230578665756128, -1.5260864305906134, 9.686432426972097]",9.827213101979536,0.4775278011802584,0.00811848600860685,0.0014320700149983167,True,False,1.2611340363832823e-06,1.26,395.76,4.2,0.0005161947384206655,50,"[1.484165060238187, -1.2697984805782239, -0.09873607215164729, 0.26563626098231247]"
201,1,0.057536784057753414,0.057536784057753414,0.043371553261955485,"[0.38726166999315365, 4.000781269853209, 0.03213749680616056, 0.12664374319065677, 0.009171750361842576]","[1.494326658288187, -0.06591111830104829, -0.1763926513267831, -1.7340931672398585, -9.872245745183193]",10.135915645396036,0.47105970117263496,0.007913334011100233,0.0015078600123524667,True,False,1.2024565131696364e-06,1.26,408.72,4.1,0.0005697493950853527,50,"[1.4832316085758548, -1.2757241977722593, -0.09930127216198892, 0.26956915000846693]"
202,1,0.05691127639999398,0.05691127639999398,0.03925610029033597,"[0.3871142411164325, 4.00078777258277, 0.03215489954089914, 0.12681482720790158, 0.010145736934895145]","[0.5676848841547725, -0.035282415514087805, 0.2911602864815212, -1.5015648109693869, 10.027428999146522]",10.159346165154158,0.46646910021081567,0.007884562001563608,0.0014448200026527048,True,False,9.650870583755021e-07,1.26,387.28,4.16,0.0005200988245027816,50,"[1.4842652634589024, -1.2690347705035678, -0.0988627950740768, 0.26456303775770307]"
203,1,0.057673099196481496,0.057673099196481496,0.04346992396495632,"[0.38705836302399715, 4.000791245484956, 0.03212624018805107, 0.1269626285315706, 0.009158721743646629]","[1.5026011141525886, -0.06625518418344252, -0.2195871639143362, -1.7194363609000152, -10.095750134365321]",10.353311091383384,0.45585639984346926,0.00762668798211962,0.0014904400147497654,True,False,1.2602237279679685e-06,1.26,388.7,4.2,0.0005715191852900148,50,"[1.4836182463653724, -1.2756869026998217, -0.0994764862716695, 0.26931609031647874]"
204,1,0.05602641309377583,0.05602641309377583,0.03969148669060883,"[0.3869132306020362, 4.000797644904774, 0.032147449554016695, 0.12712870451881345, 0.010133844585438995]","[0.5627096266431689, -0.03506079025358659, 0.3539599075246245, -1.4963378299559402, 9.959445707034755]",10.093202895602326,0.43438829854130745,0.0072752640023827555,0.0014125019684433937,True,False,1.0658069999180953e-06,1.26,370.38,4.14,0.0005181282644178964,50,"[1.4841716311447222, -1.2685794794506502, -0.09892069057990911, 0.263911826276374]"
205,1,0.05626195253559429,0.05626195253559429,0.043335501269725726,"[0.3868574792580468, 4.000801118607881, 0.03211238041777217, 0.12727695654993626, 0.009147096790010509]","[1.4796866926040695, -0.06532558242781172, -0.1650328879074982, -1.6959757868019716, -9.916536418548151]",10.170300113757241,0.4638826986774802,0.007818893990479409,0.0014587599830701947,True,False,1.3590409639618884e-06,1.26,412.7,4.18,0.0005730808964614198,50,"[1.483357729599116, -1.275923196877821, -0.09937373029301785, 0.26981696405285893]"
206,1,0.055972402649338414,0.055972402649338414,0.039087404888278394,"[0.38671198830144693, 4.000807541779438, 0.0321286073615246, 0.12744371424318673, 0.010122145343804819]","[0.5548573657167172, -0.03487187736563709, 0.4126831907633523, -1.48444325262838, 9.860964231770154]",9.996078106466756,0.45969799999147654,0.007763126012869179,0.0014308339869603514,True,False,9.305038980755853e-07,1.26,397.56,4.16,0.0005181554698623358,50,"[1.4841502795050838, -1.2700011202382484, -0.09881673515613856, 0.26564043972648343]"
207,1,0.055677147562033034,0.055677147562033034,0.04295834848538629,"[0.3866564807954279, 4.000811030335349, 0.03208732285110695, 0.1275922168095602, 0.009135662032474515]","[1.433838238704699, -0.06368587605256684, 0.08289518289673026, -1.6699625727708243, -9.839340976130728]",10.083066271524174,0.45246070018038154,0.007664606021717191,0.00138460798189044,True,False,1.1526580289000775e-06,1.26,394.14,4.22,0.0005713675070154522,50,"[1.4833902526211535, -1.27585640056127, -0.09939612469868778, 0.2695989496354338]"
208,1,0.054212207460663346,0.054212207460663346,0.03815060907107652,"[0.38651427819554895, 4.000817346457284, 0.03207910162349064, 0.127757837319, 0.010111490288502388]","[0.5687561256633612, -0.035067155629438476, 0.22041647995021138, -1.448458264762669, 9.73114437511604]",9.857306876354668,0.44299790007062256,0.007397751994431019,0.0014622060069814325,True,False,1.092894642624742e-06,1.26,372.24,4.2,0.0005197766295989936,50,"[1.4842202440164767, -1.2692514668440884, -0.098766690420259, 0.2649150522237623]"
209,1,0.05430529500101015,0.05430529500101015,0.04148492227870623,"[0.38645657925883736, 4.000820903935616, 0.03205674090339816, 0.12790477991526739, 0.00912428916996244]","[1.4638342649885285, -0.06459235262928983, -0.18938658330424069, -1.6429493917097187, -10.006661322828668]",10.247702363887374,0.45688980002887547,0.007691795998252929,0.001446000002324581,True,False,1.3280131312853882e-06,1.26,399.46,4.1,0.0005743932779864735,50,"[1.4834185708260486, -1.275171900071388, -0.09938310006622564, 0.26871279804018056]"
210,1,0.0537744198447154,0.0537744198447154,0.03847510661930633,"[0.3863137341397203, 4.000827207041457, 0.032075221785898535, 0.12806510359888051, 0.0101007676981753]","[0.541281033147582, -0.034117657670024226, 0.31676665860684144, -1.4195250442262954, 9.775454711779798]",9.897931928471657,0.48742090188898146,0.0082285460177809,0.0015198720199987293,True,False,8.795474801104319e-07,1.26,389.2,4.2,0.0005171940906157601,50,"[1.4842063571411788, -1.2692068531187484, -0.09876800878633822, 0.26493638684305576]"
211,1,0.054364046046794456,0.054364046046794456,0.042063793729915665,"[0.3862590478641423, 4.000830653989558, 0.032043218468350586, 0.12820851992608312, 0.009113141719189446]","[1.4408482480495288, -0.0638057289746678, -0.06293825384165729, -1.615319546697668, -10.197945599987785]",10.425518105447221,0.45221969997510314,0.007529433984309435,0.0015149600151926278,True,False,9.96543352300705e-07,1.26,386.18,4.2,0.0005716948692239043,50,"[1.4834331763003885, -1.275670449501248, -0.09941938808763376, 0.2692835885977471]"
212,1,0.05349398130385638,0.05349398130385638,0.03786151222445392,"[0.38612084386954576, 4.000836774139015, 0.03204925541089858, 0.12836345894496015, 0.01009131330700543]","[0.5491385029835578, -0.03445604926586223, 0.27609328918634146, -1.4187247167599013, 9.768516349892693]",9.890179943721453,0.4552462997380644,0.007670832001604139,0.0014340939931571483,True,False,8.096485183273217e-07,1.26,393.16,4.2,0.0005176964853822597,50,"[1.4842689508046891, -1.26924690185324, -0.09865427472222071, 0.2652451648469923]"
213,1,0.05400970914379237,0.05400970914379237,0.04164694783548283,"[0.3860653202586456, 4.000840258003763, 0.03202133950939532, 0.12850690676134868, 0.009103614761125454]","[1.4407403894805078, -0.06384748181859762, -0.12917643085764915, -1.6042639803801066, -10.078844407375154]",10.30792236233503,0.47066660039126873,0.007923234030604362,0.0014900979772210121,True,False,1.1507506539487621e-06,1.26,406.16,4.18,0.0005715321716871813,50,"[1.4833442248630981, -1.2761297515066383, -0.0993250558803962, 0.2699508364792728]"
214,1,0.052648044409043644,0.052648044409043644,0.03751892472216867,"[0.3859255500567856, 4.000846452024204, 0.03203387127150066, 0.1286625408381134, 0.010081391276325579]","[0.52441702831748, -0.03357143733880478, 0.3622170178156891, -1.4000007279694944, 9.931191348214638]",10.049671888283617,0.5267943001817912,0.008969011991284788,0.001566874012351036,True,False,1.0645345125226413e-06,1.26,413.9,4.22,0.0005126501176283682,50,"[1.4842670344424194, -1.2693820629994805, -0.09884495336946789, 0.26504223687940787]"
215,1,0.05365326341570589,0.05365326341570589,0.04150642065501431,"[0.3858733675543024, 4.000849792574792, 0.03199782860047556, 0.12880184894124286, 0.009093180769791064]","[1.3788780119398225, -0.06167365915658393, 0.18832084031264984, -1.579429932996494, -9.768951784384027]",9.993377348514672,0.492359499912709,0.008391388012096285,0.0014558019861578941,True,False,1.1169983909553593e-06,1.26,426.04,4.18,0.0005674280169088774,50,"[1.4834795173578572, -1.2773220747390097, -0.099523986620086, 0.27107410304858254]"
216,1,0.05242898944782244,0.05242898944782244,0.03732831730753706,"[0.3857353883743201, 4.000855964027846, 0.031978984036348114, 0.12895989660398555, 0.010070723340507504]","[0.5103448483487615, -0.033061491890862264, 0.2756212298994367, -1.380480569686063, 10.295072277618555]",10.40344903354288,0.47196930181235075,0.008015914014540612,0.0014234720217064024,True,False,1.608852417689377e-06,1.26,399.88,4.16,0.0005117302860949735,50,"[1.4841152965149003, -1.269077845545744, -0.09872522238172797, 0.26475464594108705]"
217,1,0.05237478734838565,0.05237478734838565,0.04109922607493819,"[0.38568633302290206, 4.000859141963526, 0.031952490781180114, 0.12909259111376806, 0.009081140727718658]","[1.424226110440801, -0.06312117431858018, -0.1363575799558179, -1.5679444993892089, -9.994409980403935]",10.217518216058279,0.4840451995842159,0.008245567996054888,0.0014353359956294299,True,False,1.4111707261577066e-06,1.26,417.5,4.16,0.000572771974891566,50,"[1.4835224930785849, -1.275201038147498, -0.09947789775351282, 0.2686521416660586]"
218,1,0.051950942551354774,0.051950942551354774,0.03679805737763679,"[0.3855469424115829, 4.000865319703852, 0.031965836250897814, 0.1292460476054601, 0.010059304873657554]","[0.5150976464062204, -0.033195288976679144, 0.2519373003950323, -1.3573862966218957, 9.985188071849132]",10.093382896944359,0.48133260221220553,0.008166628037579358,0.001460024006664753,True,False,1.1260457944217705e-06,1.26,404.14,4.2,0.0005140930890536311,50,"[1.4839249223695563, -1.2691815913664528, -0.09860591904234622, 0.2650030627593524]"
219,1,0.0516827347047926,0.0516827347047926,0.040634550696637045,"[0.38549590920976995, 4.000868608520824, 0.03194087561055132, 0.12938053039585323, 0.009070024255572339]","[1.3957874608510281, -0.06204894453194591, -0.067102866069365, -1.5347525340129835, -9.898488237659354]",10.113956210789183,0.511349500855431,0.008648986001498998,0.001578004015609622,True,False,1.327538698205899e-06,1.26,412.58,4.2,0.0005673631795977485,50,"[1.4834640278309836, -1.2751397005634786, -0.09949966089140835, 0.2684873729167548]"
220,1,0.05068889435144314,0.05068889435144314,0.036460343546258614,"[0.38535790312870505, 4.00087474350334, 0.03194751029085487, 0.12953227640917134, 0.010048720230755752]","[0.5093420721944004, -0.0328625722440957, 0.33641857206607156, -1.3361904328916103, 9.677548652584605]",9.788464616418958,0.48351859929971397,0.008215199988335371,0.0014551719976589083,True,False,1.0743272545710169e-06,1.26,405.34,4.2,0.000512947327743234,50,"[1.4842700638723516, -1.269107838448912, -0.09875329031546128, 0.2649093428255224]"
221,1,0.05151334389029258,0.05151334389029258,0.041059216528198515,"[0.3853058681986009, 4.00087810077882, 0.0319131414102168, 0.1296687830509294, 0.009060051524188328]","[1.4009291423618897, -0.0621797129318766, -0.0381509465634047, -1.5262912020208574, -10.226679037590152]",10.43467552176851,0.5344932989683002,0.009220610004849732,0.0014692559745162726,True,False,1.1494953002966213e-06,1.26,438.78,4.18,0.000570775973268951,50,"[1.483621660486651, -1.276032021814108, -0.09967814467966506, 0.2692823471799618]"
222,1,0.05045643620922096,0.05045643620922096,0.03576642388056106,"[0.3851716111113245, 4.000884059729129, 0.031916797580116875, 0.1298150541255489, 0.010040118323129558]","[0.5010407999298624, -0.0325695079857102, 0.2968764228342145, -1.3229447836813455, 9.862473225512757]",9.967888406834485,0.49651609966531396,0.008403199990279973,0.0015271220030263065,True,False,1.2542969190576513e-06,1.26,411.08,4.16,0.0005140078027594086,50,"[1.4842458446702476, -1.2698763541551816, -0.09894152990226554, 0.26539532846756597]"
223,1,0.05059569811898568,0.05059569811898568,0.04033611026736356,"[0.38512134562083844, 4.000887327172208, 0.03188701429897572, 0.12994777479110545, 0.009050693800904659]","[1.4146910800851649, -0.0626675558342156, -0.2812467880571448, -1.5115796386276572, -9.880120879365695]",10.098813763269966,0.5831532999873161,0.010006232005544007,0.0016568339942023159,True,False,1.3289885248468635e-06,1.26,432.84,4.24,0.0005702196400704906,50,"[1.4836331715787872, -1.275104588776777, -0.0994378769462489, 0.26866859882426164]"
224,1,0.04879264198487755,0.04879264198487755,0.03523772398091668,"[0.38498126074422745, 4.000893532609529, 0.03191486378651179, 0.13009745372111758, 0.010029038496627436]","[0.4635151169596721, -0.031009560266805413, 0.37978873267449514, -1.2818461702355726, 10.039347948784497]",10.13862338677474,0.5480822992976755,0.00917803798802197,0.00178360799793154,True,False,9.81360040270829e-07,1.26,395.4,4.16,0.0005081726315353307,50,"[1.4842135441684357, -1.2690990272489973, -0.098631850729291, 0.2650921146130009]"
225,1,0.0500381433279647,0.0500381433279647,0.04108451932668907,"[0.3849355429875625, 4.000896591166799, 0.03187740419084987, 0.13022388569528295, 0.009038830303186692]","[1.3697842509597613, -0.06100174660927678, 0.01611358093830731, -1.493802049876351, -9.958702801796674]",10.163045597333761,0.524093598825857,0.00895478597842157,0.001527085998095572,True,False,1.1735247301203344e-06,1.26,417.28,4.12,0.0005661423762501272,50,"[1.4834808955219443, -1.274925379136429, -0.09944735729217194, 0.26841284521901937]"
226,1,0.04943908626785834,0.04943908626785834,0.035930646591572156,"[0.38480076210542374, 4.000902593476443, 0.03187581868375139, 0.1303708693957321, 0.010018723850395553]","[0.466598503738603, -0.03130125127829111, 0.2992375488622043, -1.2815884345590804, 10.228297803268278]",10.32321567684266,0.46221729880198836,0.007780939978547394,0.001463405997492373,True,False,1.3698888335511582e-06,1.26,396.22,4.2,0.0005148915169311863,50,"[1.4841410886191984, -1.269623822288305, -0.09883624797808269, 0.26512337023009286]"
227,1,0.05037348053814205,0.05037348053814205,0.04023203721292362,"[0.38475556315595877, 4.000905625598628, 0.0318468318294416, 0.13049501563800325, 0.009027918453854058]","[1.3871575528947486, -0.061707123169327985, -0.07842196747672574, -1.482611038788171, -10.236243925878489]",10.436138608364997,0.5134040988050401,0.008744211997836829,0.0015238699782639741,True,False,1.195330178234144e-06,1.26,426.28,4.2,0.0005728027490911813,50,"[1.4834154543160043, -1.2756417415457253, -0.09966767836614777, 0.2686676653334489]"
228,1,0.04810804319753092,0.04810804319753092,0.03457965785118217,"[0.38462264449659467, 4.000911538429559, 0.031854346291486625, 0.1306370807345187, 0.010008764369094477]","[0.45541777678926726, -0.030769106217251294, 0.258900714693141, -1.2495716583435537, 10.27853868091757]",10.367505409395061,0.4514327000360936,0.007584174005314708,0.001444479995407164,True,False,9.908273446512794e-07,1.26,391.92,4.2,0.0005121744340297596,50,"[1.4840373437429837, -1.2688604835806994, -0.09865221409394082, 0.2646385328430153]"
229,1,0.04913401221741858,0.04913401221741858,0.03915315375609363,"[0.38457871707541075, 4.000914506270424, 0.03182937396647259, 0.13075760844189668, 0.00901734567442838]","[1.3726189392590422, -0.06105420854271958, -0.0927189057885456, -1.458154656174719, -10.084476955990688]",10.281988992481718,0.43803920061327517,0.007358974008820951,0.0014018100034445524,True,False,1.2730078810818668e-06,1.26,399.34,4.2,0.0005683759969014091,50,"[1.4834193963333169, -1.2753853357872602, -0.09946286195641055, 0.2688872305683297]"
230,1,0.047794333898697534,0.047794333898697534,0.03430538039238813,"[0.3844452196616196, 4.000920444246877, 0.031838391570541934, 0.1308994248411458, 0.009998136157902323]","[0.47718727912571457, -0.03148995953418901, 0.2850287676347827, -1.2510020830069069, 9.70221905547752]",9.798367288862416,0.48632070049643517,0.008222453985363245,0.0015039600245654583,True,False,1.1593876143933812e-06,1.26,393.66,4.2,0.0005134992179986852,50,"[1.4840468583188835, -1.269129013561692, -0.09867456465673333, 0.2648751574186462]"
231,1,0.04799669956271591,0.04799669956271591,0.038200621008728036,"[0.38439651896843174, 4.000923658043483, 0.03180930215603002, 0.1310270993858938, 0.009007948837049834]","[1.3643332556596397, -0.06068739192937952, -0.20293247371641399, -1.4348590346269745, -9.716217123433802]",9.91816340961801,0.5214012996293604,0.008924289988353849,0.0015037360042333603,True,False,1.1887553841916087e-06,1.26,419.08,4.2,0.0005671288986150103,50,"[1.4834790520314414, -1.2752798770886877, -0.09940667754866495, 0.2688226828392124]"
232,1,0.047530260940768614,0.047530260940768614,0.03470642126946106,"[0.3842589599064184, 4.0009297768569585, 0.031829762846715876, 0.13117176921792045, 0.009987587578737835]","[0.45831516815352485, -0.030822450454446915, 0.3440920624508372, -1.235116603563031, 9.80343163615975]",9.89758490913355,0.440193600486964,0.007331912000663579,0.0014719600090757011,True,False,1.1415899484745752e-06,1.26,377.72,4.16,0.0005085311724158714,50,"[1.4842462164050985, -1.2695422184873302, -0.09881180121700352, 0.2652021370174682]"
233,1,0.04868583319434549,0.04868583319434549,0.03936527225375547,"[0.3842126541487699, 4.0009328909954816, 0.03179499759180015, 0.13129655891306097, 0.008997100331073751]","[1.3688816540342557, -0.06090453182043554, -0.1123351552926185, -1.4379586284909458, -10.178151224685884]",10.370759514215377,0.45499199791811407,0.007625161977484822,0.001474677980877459,True,False,1.2833427584268976e-06,1.26,387.5,4.18,0.0005722661607103418,50,"[1.4834683709168435, -1.2753644640190123, -0.09942800205830105, 0.2688812470351457]"
234,1,0.0465228571351536,0.0465228571351536,0.03423949746305288,"[0.38408065979946254, 4.0009387637121065, 0.03180582950388217, 0.13143521400639152, 0.009978528085690285]","[0.434468874419196, -0.02990495433616377, 0.3541412338696708, -1.2024465892166218, 9.975170007495814]",10.063049637213481,0.4359442996792495,0.007257275995798409,0.0014616099977865814,True,False,1.1331732292774177e-06,1.26,377.54,4.24,0.0005105893989173182,50,"[1.4841479832775393, -1.2695969174093698, -0.09880688396526932, 0.2653464311833281]"
235,1,0.0482712018670074,0.0482712018670074,0.03845145347670952,"[0.38403748512676994, 4.000941735470709, 0.03177063726628008, 0.13155470527717394, 0.008987260988128127]","[1.3490215037120115, -0.06023428273790192, -0.0973148328866828, -1.4175222420673181, -9.95493719195438]",10.146087973475602,0.46513739856891334,0.007846555984579028,0.00145619198679924,True,False,1.137954075147718e-06,1.26,405.52,4.24,0.0005657085424442698,50,"[1.4832419876908778, -1.2754161655266132, -0.09934944672817167, 0.2689810512034879]"
236,1,0.04700529564565218,0.04700529564565218,0.03442091010213323,"[0.3839045253587189, 4.000947672170932, 0.0317802286312605, 0.13169441648859193, 0.00996842113743867]","[0.41465003056687644, -0.029445828581031813, 0.40984980975999297, -1.2073268078094654, 10.388041261380089]",10.47424545445737,0.45136869861744344,0.007633135984651745,0.0013942379876971244,True,False,9.942900811665822e-07,1.26,397.84,4.2,0.0005150862975679616,50,"[1.4842699607798941, -1.2696315940905687, -0.09885787640907488, 0.2654741859533039]"
237,1,0.04724904636515203,0.04724904636515203,0.03824578376701709,"[0.38386493777865593, 4.0009504834310565, 0.03174109933917899, 0.13180968272069846, 0.008976651247611652]","[1.3607868731561885, -0.060450278630000215, -0.243869576306446, -1.3896282128305608, -10.131571375296415]",10.31962560479831,0.5242745999712497,0.009048616015352309,0.0014368759840726853,True,False,9.719189711177023e-07,1.26,439.48,4.22,0.0005739963795252834,50,"[1.4834676332875514, -1.2750224702205348, -0.09937002411947796, 0.26862860647348935]"
238,1,0.04580461968062972,0.04580461968062972,0.03354855570985952,"[0.3837330738016923, 4.000956341228707, 0.031764730969397185, 0.13194434150251025, 0.009958428277352322]","[0.44123278814440525, -0.03006752694850747, 0.2746890968033649, -1.1734019538342448, 9.73193626707635]",9.816236558942082,0.4254105999134481,0.007119641993194818,0.0013885700050741434,True,False,9.428281379086911e-07,1.26,373.14,4.26,0.0005072282749208057,50,"[1.4843999347553798, -1.2695701890041224, -0.09883718724457752, 0.26540542557535457]"
239,1,0.04671518741865678,0.04671518741865678,0.038809607299391584,"[0.3836881245194037, 4.000959404268881, 0.03173674783195689, 0.13206387834808941, 0.008967016119785719]","[1.3320750506218524, -0.059508116966319136, -0.09756950551800053, -1.3880622202437336, -9.799324094405549]",9.987039321007313,0.5325714987702668,0.008998849997296929,0.001652579978108406,True,False,1.0277704888039806e-06,1.26,425.3,4.2,0.0005650042884252571,50,"[1.4834260401807187, -1.2746081778311273, -0.0994564034790846, 0.26795544868849336]"
240,1,0.0456798093221487,0.0456798093221487,0.03327822051618844,"[0.3835547441443323, 4.000965362803242, 0.031746517444589034, 0.13220286470585663, 0.00994822023628618]","[0.4283947745152828, -0.029656167519253995, 0.2894636202885826, -1.1672836794107466, 9.938908305129548]",10.020610772032127,0.49524800083599985,0.008251740005798638,0.001653220010921359,True,False,1.1342869433406121e-06,1.26,399.48,4.16,0.0005057788295894739,50,"[1.4841918643389325, -1.2690280906000586, -0.09866796021623911, 0.2649013886603489]"
241,1,0.046218205207696206,0.046218205207696206,0.03816036711272599,"[0.383511992780746, 4.000968322320201, 0.03171763062053759, 0.1323193529824547, 0.008956373678202362]","[1.2999731744064615, -0.05826731893528369, 0.005532475779074417, -1.3569383323492499, -9.737352954330897]",9.917191141544865,0.5252628992311656,0.008977543995715678,0.0015277139889076352,True,False,1.3250525631747224e-06,1.26,421.06,4.24,0.0005583687527067127,50,"[1.483441768288108, -1.2753721991823364, -0.09942311217460599, 0.2688984932925408]"
242,1,0.0451708478933141,0.0451708478933141,0.03334390426928861,"[0.3833809099816226, 4.000974197705489, 0.03171707275332503, 0.13245617986345812, 0.009938239693929088]","[0.4026206181191011, -0.028731832118874784, 0.3636236950132093, -1.1485186847691196, 10.12865067718719]",10.208026781980683,0.47460840037092566,0.00801955200266093,0.0014726160047575832,True,False,1.1625507013945936e-06,1.26,399.96,4.18,0.0005065476318827678,50,"[1.4843248853345732, -1.2688091972929048, -0.09873209789452536, 0.26455812284921576]"
243,1,0.04539823915172361,0.04539823915172361,0.03778805840804325,"[0.38334146841013395, 4.00097701233683, 0.03168145140330864, 0.1325686911949021, 0.008946015545960142]","[1.3218838200405327, -0.05899202584499878, -0.0838201880339188, -1.3517733916444263, -10.01904356417617]",10.19639190890278,0.5072428991552442,0.008691653972491623,0.0014532040106132627,True,False,8.8442122091692e-07,1.26,416.2,4.24,0.0005773261122666895,50,"[1.483441425394289, -1.2754757159281058, -0.09940070718072341, 0.26912323069858085]"
244,1,0.04448322719475005,0.04448322719475005,0.033440194784591246,"[0.3832118260982533, 4.000982797915333, 0.03168967197670113, 0.13270126489387218, 0.00992862230065399]","[0.4285187737710625, -0.029499745850570944, 0.29229891165595523, -1.1355032678747647, 9.564378691138534]",9.6455505103179,0.45908430009149015,0.007732950006611645,0.0014487359952181577,True,False,1.4752617886415465e-06,1.26,383.58,4.2,0.0005002060402759412,50,"[1.484317656158175, -1.2694247072031433, -0.09886851392892525, 0.26491363251188704]"
245,1,0.04611966271765862,0.04611966271765862,0.038670533145072,"[0.3831673995231949, 4.000985856293994, 0.031659367961257644, 0.13281898790683472, 0.008937037768499408]","[1.3334028482148055, -0.059456681731843875, -0.15094267847569662, -1.342967864766049, -10.267164331475598]",10.441384392892274,0.46927780006080866,0.007929969993419946,0.0014555860077962279,True,False,1.0503533601990967e-06,1.26,399.98,4.2,0.0005690505149183877,50,"[1.483584375291303, -1.2757299219346883, -0.09953803182512107, 0.2691266142580204]"
246,1,0.04408618337855126,0.04408618337855126,0.0328108263068173,"[0.38303969587797765, 4.000991550623356, 0.03167382415526234, 0.13294760761990185, 0.009920352235638594]","[0.37683728930687765, -0.027723213634685894, 0.32273681542204885, -1.0989171756687242, 10.271124929744149]",10.341690396284672,0.4536697999574244,0.007662830008193851,0.0014105659909546375,True,False,1.125115631737117e-06,1.26,380.68,4.22,0.0005057186870834584,50,"[1.4843139529078035, -1.269291863166219, -0.09879333653843161, 0.2650337549885439]"
247,1,0.044576892574471574,0.044576892574471574,0.037254587757089584,"[0.38300325722289996, 4.000994231346968, 0.03164261679911225, 0.1330538685050621, 0.008927175633442018]","[1.3377828791258488, -0.05933248365065465, -0.2694605675341335, -1.3152104871389725, -10.36846849207081]",10.540432148128449,0.4815940000116825,0.0082338560000062,0.0013980240002274514,True,False,9.699276026253756e-07,1.26,415.36,4.26,0.0005666329932930126,50,"[1.4834302959657317, -1.2746652317391562, -0.09927479029119564, 0.26837102023578663]"
248,1,0.04333688516565376,0.04333688516565376,0.03233023529818217,"[0.3828763380548622, 4.000999860384071, 0.03166818126968819, 0.13317864616773578, 0.00991086096487581]","[0.39912673929050263, -0.028426932029418272, 0.2939693080304402, -1.098610228607074, 9.869818231970596]",9.943177790077197,0.4801787999458611,0.00813192999921739,0.001471645999699831,True,False,1.1950424845963425e-06,1.26,404.98,4.22,0.0005023444562442591,50,"[1.4843670091413959, -1.269002882528948, -0.09876279073745435, 0.264736550742294]"
249,1,0.04432369303829071,0.04432369303829071,0.036597373621931245,"[0.3828361972922532, 4.0010027193223925, 0.031638616344449276, 0.13328913501261924, 0.008918238843522658]","[1.2963936613246678, -0.05788950296757306, -0.1266950650572334, -1.2986342166402158, -9.990642533590202]",10.15871194698407,0.4816395996604115,0.008206217982806265,0.0014265740104019641,True,False,1.4728303068523018e-06,1.26,407.54,4.28,0.0005525730456511724,50,"[1.4833259189787795, -1.2758013787106495, -0.09927641452977984, 0.2696899305901502]"
250,1,0.0429255303365673,0.0429255303365673,0.03192561093671328,"[0.38270858331245317, 4.0010084178305565, 0.031651087912272634, 0.13341696954747856, 0.0099016944808855]","[0.3970985820428921, -0.028336060964552007, 0.32836505900984336, -1.0827005180014957, 9.615112867901239]",9.689631040568608,0.4511039995122701,0.007403687993064523,0.0016183919971808792,True,False,1.3727756814319036e-06,1.26,393.3,4.28,0.0005010746261643817,50,"[1.4842139909950571, -1.2695796657967144, -0.09889825542314255, 0.2651037947897135]"
251,1,0.04408418029223278,0.04408418029223278,0.03712557201094234,"[0.3826676015061966, 4.001011342200003, 0.03161719961894122, 0.13352870760162702, 0.00890938498771158]","[1.2651955028080983, -0.056798328645589626, -0.011898848896775291, -1.2800923950539498, -9.767282060000301]",9.931894213721092,0.479276500409469,0.00813882399816066,0.00144670601002872,True,False,1.516484388162098e-06,1.26,417.12,4.2,0.0005545681090600851,50,"[1.483595925347867, -1.27531206601111, -0.0994331122152308, 0.2688580073436443]"
252,1,0.0424843080336161,0.0424843080336161,0.03158139814620064,"[0.3825402143758612, 4.0010170609810745, 0.03161839766320544, 0.133657594636404, 0.009892810893066392]","[0.3712456052589659, -0.027337451618491448, 0.31464505979290286, -1.0656141189239063, 10.068488123756325]",10.13644704509471,0.5619963000062853,0.009753071991726757,0.00148685400839895,True,False,1.4291378766984053e-06,1.26,407.74,4.26,0.0005056536283541391,50,"[1.4842885898138931, -1.2690387887411403, -0.09865643197939464, 0.2650095995543684]"
253,1,0.043563981194595536,0.043563981194595536,0.03641869118847217,"[0.382503589550262, 4.001019757927203, 0.03158735670197296, 0.1337627216216364, 0.00889951530557201]","[1.2965352495221287, -0.05789987343613801, -0.22892348474172713, -1.2817793077437167, -9.80487448211549]",9.975734750596724,0.48470460064709187,0.00822820800356567,0.0014658840093761682,True,False,1.2416905150303137e-06,1.26,411.5,4.3,0.0005605603925826585,50,"[1.4834295699734, -1.274808295424317, -0.09926852428774713, 0.26852842731317966]"
254,1,0.04250477560016837,0.04250477560016837,0.03140500699270985,"[0.382373620652551, 4.0010255619982695, 0.0316103047344179, 0.13389121133589416, 0.00988238771810745]","[0.37690236029346, -0.027618302072429605, 0.3402801812275817, -1.0554316624034057, 9.735127061488658]",9.805368104200516,0.4726273000705987,0.007893700017593801,0.0015588459838181733,True,False,1.2148625791041924e-06,1.26,393.5,4.2,0.0005030981781609967,50,"[1.4842164473894675, -1.2694246438083752, -0.09873164478461836, 0.2651845328805796]"
255,1,0.0430713299458762,0.0430713299458762,0.036600339667185434,"[0.38233518228325675, 4.001028378649493, 0.031575601276314466, 0.1339988494838025, 0.008889551247610702]","[1.2722211041411704, -0.05689227714896598, -0.1273652790976285, -1.245202989221493, -10.05744427059555]",10.214730584985704,0.4889307990670204,0.008306577987968921,0.0014720379933714867,True,False,1.2899388434561843e-06,1.26,410.96,4.22,0.0005645198783707883,50,"[1.4834963738308558, -1.2753729874589668, -0.09936336675608742, 0.26905826260516347]"
256,1,0.042217768129549374,0.042217768129549374,0.03194985117646711,"[0.38221063459270027, 4.0010339482802015, 0.031588070061274134, 0.13412075215942762, 0.009874153258004795]","[0.36119941732694827, -0.0270049709118325, 0.30127294528948456, -1.045969643470086, 10.135836028594122]",10.200548228830757,0.4726588982157409,0.008039991999976338,0.0014131859643384814,True,False,1.7481512008998834e-06,1.26,403.84,4.26,0.0005036873921650908,50,"[1.484206376334698, -1.2683626814479783, -0.0985538617483583, 0.2643498966824304]"
257,1,0.04229794696489677,0.04229794696489677,0.03658396005630149,"[0.38217522478832616, 4.001036595684076, 0.03155853508545701, 0.13422329269155425, 0.008880497250482315]","[1.2229808320658535, -0.05507429084349697, 0.047505610394150535, -1.2235913257622464, -9.56540748050457]",9.720862517117745,0.5048962996806949,0.00868525198660791,0.0014126740070059896,True,False,1.3790991050655067e-06,1.26,437.38,4.2,0.0005617415905246048,50,"[1.4836692015218282, -1.2758693571348712, -0.09947381942801355, 0.26955175803735265]"
258,1,0.04153401233046988,0.04153401233046988,0.03116942447639902,"[0.3820494148789908, 4.001042261260638, 0.03155364811063295, 0.1343491654033102, 0.009864505352919373]","[0.35566923127741146, -0.026797103506527066, 0.31700810316453, -1.0242538596961024, 9.98308877086156]",10.046833839588984,0.45814129849895835,0.0077104239724576475,0.0014524019975215197,True,False,1.2697498701186305e-06,1.26,397.72,4.3,0.0005020015509990117,50,"[1.4842671656011703, -1.2696080418611364, -0.0988267835366722, 0.26520989466523537]"
259,1,0.04210999913288323,0.04210999913288323,0.03572189441438119,"[0.38201401375293254, 4.001044928479379, 0.03152209507529919, 0.1344511133279945, 0.008870850144794988]","[1.2626826919543972, -0.056428511172693936, -0.11610698830900468, -1.2205091047816543, -10.149255869995384]",10.30087713642189,0.4882584009319544,0.008258600016124546,0.001506568002514541,True,False,1.2971320856536296e-06,1.26,400.7,4.28,0.0005569184209826972,50,"[1.4833685968757968, -1.2751313797111217, -0.09929634584702718, 0.2687966051588143]"
260,1,0.041265536153040155,0.041265536153040155,0.031218219988890523,"[0.3818914336391122, 4.001050406509106, 0.03153336663856124, 0.13456959926744402, 0.009856130886871244]","[0.36895525672030016, -0.02717322378863431, 0.2650125630582043, -1.018384354483119, 9.731857760180512]",9.795573499391086,0.45769659988582134,0.007606916013173759,0.0015470159845426678,True,False,1.3129001447964584e-06,1.26,375.48,4.26,0.0004986881396749254,50,"[1.484295399518548, -1.2690314427401639, -0.0986494286115245, 0.2649318321379806]"
261,1,0.041856018238300985,0.041856018238300985,0.035524927338336926,"[0.38185376813063476, 4.001053180540028, 0.031506312320297214, 0.1346735629970248, 0.008862635431011312]","[1.2688711405180753, -0.05662909100467066, -0.12333583030035904, -1.2144996115399118, -10.314823810466216]",10.464179475697792,0.5060911006294191,0.008577987980097533,0.0015438340324908494,True,False,1.1046805150272121e-06,1.26,402.04,4.24,0.000560033289400792,50,"[1.48360285715302, -1.2752953994621836, -0.09941890492407382, 0.26891547871940524]"
262,1,0.041475649686555455,0.041475649686555455,0.031180962309628534,"[0.3817325095892132, 4.001058592248718, 0.031518098799167824, 0.13478962557166282, 0.009848362389674037]","[0.3370501823755518, -0.02615802326670906, 0.29525319994993393, -1.003452641173926, 10.230936543895538]",10.289822218483534,0.484510701848194,0.008224050011485816,0.001466164025478065,True,False,1.3653045655814822e-06,1.26,393.3,4.26,0.0004952484359887422,50,"[1.4842978734451138, -1.2693578137313926, -0.0987946321479784, 0.2650418976612979]"
263,1,0.04161788353937356,0.04161788353937356,0.03567701681761559,"[0.3816997539035282, 4.001061134374589, 0.03148940508671564, 0.13488714451997602, 0.008854085100361545]","[1.256302293744433, -0.05616339785512028, -0.1322972932807685, -1.199578539015662, -10.203073630525683]",10.350876896936368,0.4802586007863283,0.00814375601708889,0.0014614159986376762,True,False,1.3076538041900675e-06,1.26,406.76,4.26,0.000563171461014349,50,"[1.483482217166627, -1.2753219773075823, -0.09937411257679282, 0.26896450586266746]"
264,1,0.040499385397123486,0.040499385397123486,0.030717350606999476,"[0.3815783823225374, 4.00106656033013, 0.031502186351007086, 0.13500303600925215, 0.009839805801238574]","[0.33820521771466283, -0.026115644671929266, 0.3077348699012792, -0.9931407756269846, 10.091680692313144]",10.150769101016833,0.49127930006943643,0.008355165994726122,0.0014704200066626072,True,False,1.1200152104606785e-06,1.26,414.2,4.26,0.0005029043041693626,50,"[1.484252407044982, -1.2690071806474843, -0.09869219266486944, 0.2648505618178536]"
265,1,0.04111597340067836,0.04111597340067836,0.03569536272168045,"[0.38154506413607137, 4.0010691331051, 0.031471869941796266, 0.1351008749774767, 0.008845626878352025]","[1.253299484474791, -0.0560639469405193, -0.21648965339219017, -1.1884205198453526, -9.97333727545485]",10.124256529539533,0.5036989015061408,0.008540702005848288,0.001533276024274528,True,False,1.0628185125938216e-06,1.26,411.62,4.28,0.0005563077426000973,50,"[1.483314761361658, -1.275359903770887, -0.09931609882141695, 0.2690485712866829]"
266,1,0.04079000988781127,0.04079000988781127,0.030471360457960853,"[0.3814212723810231, 4.001074670691664, 0.03149325320611194, 0.1352182584629959, 0.009830720178326256]","[0.3351341856523632, -0.026097619380867503, 0.30469244417046093, -0.9859545963391261, 10.087977680209278]",10.146193061247535,0.4749839014839381,0.007873658007010818,0.0016260200226679445,True,False,1.3476527709599395e-06,1.26,368.16,4.18,0.0005140138715120201,50,"[1.484189775974715, -1.2691946309244106, -0.09868922438251036, 0.26490255689651704]"
267,1,0.04120866176693935,0.04120866176693935,0.03521602333094262,"[0.38138824184596465, 4.0010772428504255, 0.03146322298272656, 0.13531543329401777, 0.008836457835956176]","[1.234749591604972, -0.05539377572323631, -0.16118207645709226, -1.1686812225146874, -9.996995451889838]",10.14196177034271,0.5043929007370025,0.008660130011849105,0.0014277280028909445,True,False,1.3403849391124822e-06,1.26,419.0,4.26,0.000558174892091472,50,"[1.4834798186431934, -1.2750493824894293, -0.0992362488148059, 0.26893232938412504]"
268,1,0.03973192421787761,0.03973192421787761,0.030421613306669995,"[0.38126649522342326, 4.001082704690745, 0.031479115576298795, 0.13543066555862923, 0.009822164120132627]","[0.3465971933497075, -0.026204712278911847, 0.25557395615174305, -0.9705004138868263, 9.733575450272202]",9.791348040384571,0.4672281004022807,0.007881332007236778,0.001463230000808835,True,False,1.2786983077717195e-06,1.26,387.56,4.26,0.0005001913876697018,50,"[1.4842406037255347, -1.2694202467784903, -0.09861291993760775, 0.26546272680242755]"
269,1,0.040650729270448806,0.040650729270448806,0.035812031587981345,"[0.38123109691137425, 4.001085381003769, 0.03145301355693726, 0.13552978371986554, 0.008828064491651256]","[1.239840700637228, -0.0554273042945547, -0.1635523592669781, -1.1575784812268985, -10.242410556355507]",10.38335150461459,0.5023952007759362,0.008563021994195879,0.0014848820213228464,True,False,1.4811802407166396e-06,1.26,436.68,4.3,0.0005534641143299269,50,"[1.4834322961168898, -1.2753663439506602, -0.09938585135858394, 0.2689585499318213]"
270,1,0.03936696579675081,0.03936696579675081,0.030106193311046067,"[0.3811116903113023, 4.001090719097569, 0.03146876496043916, 0.13564126780865912, 0.00981449074822334]","[0.32223402027744025, -0.025352925207969612, 0.29533087733219276, -0.9499966660226781, 9.949434583716485]",10.00427109103179,0.5122390990145504,0.008664490007795393,0.0015802919724956154,True,False,1.2236174302415748e-06,1.26,413.5,4.2,0.0004978913698619181,50,"[1.4841002935514989, -1.2691221642790753, -0.09855481838638161, 0.2652018700672239]"
271,1,0.039762629246236386,0.039762629246236386,0.03487880484767752,"[0.38107948066631037, 4.001093253307705, 0.03143924448117432, 0.13573622691735215, 0.008819972057937046]","[1.2208356407380143, -0.05469804794164776, -0.09696217550575134, -1.145801572796271, -10.110900417386972]",10.249195173093451,0.4711614998523146,0.00793847199063748,0.0014847580064088106,True,False,1.0580919607150463e-06,1.26,403.06,4.24,0.0005573075304224062,50,"[1.4831673333145707, -1.2755665778893561, -0.09927638751594783, 0.2692411787304981]"
272,1,0.03919007900178481,0.03919007900178481,0.030280141602442873,"[0.38096036539725747, 4.0010985901216705, 0.03144870494844602, 0.13584802121469294, 0.00980647882706795]","[0.31035722444001146, -0.025018422580926184, 0.3237570247716347, -0.9423002851320982, 10.096348111959653]",10.150169514079595,0.46904050069861114,0.00773551401682198,0.0016452959971502423,True,False,1.2894395828766392e-06,1.26,383.84,4.3,0.0005058412628523002,50,"[1.4842593706633977, -1.268676886575812, -0.09870729502141656, 0.264458727462475]"
273,1,0.03968966163540898,0.03968966163540898,0.03455278528281054,"[0.38092978884146905, 4.001101054949725, 0.0314168082373329, 0.13594085713075643, 0.008811781339803326]","[1.2253941430846698, -0.054842380020005625, -0.28820619812005666, -1.1263472442014488, -9.845167400816875]",9.989176170726733,0.5367241995409131,0.009206959996372461,0.0015275239944458007,True,False,1.5441959894246794e-06,1.26,430.68,4.3,0.0005523328025802243,50,"[1.4835106010232002, -1.2743098665679644, -0.09919229230585723, 0.2682090620926968]"
274,1,0.03891127183977595,0.03891127183977595,0.030119961326605115,"[0.38080711664888595, 4.001106545130204, 0.03144566008589032, 0.13605361390116855, 0.009797364858560613]","[0.3119999851239884, -0.024992768156308208, 0.3203158225353286, -0.9350291793609564, 9.95631510301101]",10.010147893615034,0.4834018007386476,0.008187968009151518,0.0014800680056214332,True,False,1.6400240772895813e-06,1.26,412.98,4.26,0.0004977907365471878,50,"[1.4841700879866562, -1.2687179764266618, -0.09863705966752113, 0.26454166518287625]"
275,1,0.03912510867012641,0.03912510867012641,0.03459351510856799,"[0.3807759482797061, 4.0011090418733515, 0.03141366097599629, 0.13614702202952036, 0.008802742680364123]","[1.2117353996860838, -0.05421831135197666, -0.21998326475040159, -1.107288170803491, -10.002535336069434]",10.138857686318884,0.483701101038605,0.00820025801192969,0.0014737640088424086,True,False,1.501566037802604e-06,1.26,408.54,4.28,0.0005523515474405372,50,"[1.4836082298793773, -1.274749379505037, -0.0992809088548169, 0.2685714987039991]"
276,1,0.0382465617860142,0.0382465617860142,0.029444989814856756,"[0.38065643428344975, 4.001114389449284, 0.031435358022304134, 0.13625623434958167, 0.009789297146808608]","[0.28722238453104526, -0.02401448976357625, 0.36982711846887334, -0.9027746385246002, 9.969138590195914]",10.020906733921132,0.4542560991831124,0.007656577997840941,0.0014285439858213067,True,False,1.4031797334723706e-06,1.26,389.0,4.34,0.0005022063324651071,50,"[1.4842144733075953, -1.269309511181041, -0.09868415466635623, 0.26528166113580026]"
277,1,0.03932846131031755,0.03932846131031755,0.034331264181812426,"[0.38062777196853864, 4.001116785888089, 0.03139845246792151, 0.13634632346650546, 0.00879446316083255]","[1.1939241530749476, -0.05367479241733062, -0.0882737255816695, -1.1007412711826452, -10.071944037628784]",10.202539691688322,0.4766263004858047,0.008097313996404409,0.0014352120133116842,True,False,1.350172485672374e-06,1.26,405.5,4.26,0.0005490243544247164,50,"[1.483404756406716, -1.2755033521418264, -0.09934104202735111, 0.26914156398098893]"
278,1,0.03873334612371884,0.03873334612371884,0.02988551551180771,"[0.3805107497182914, 4.001122046812725, 0.03140710460045327, 0.1364542124141928, 0.009781662852380612]","[0.2800653141409219, -0.023995940623494735, 0.3638928104144982, -0.9121280451645899, 10.331266534975844]",10.38164130329642,0.4681318998336792,0.007908552004955709,0.001454085991717875,True,False,1.3409476477477256e-06,1.26,397.12,4.28,0.0004997723897187711,50,"[1.4842073266898987, -1.2692592786913897, -0.09872589554915043, 0.2649880222710717]"
279,1,0.03857768840265001,0.03857768840265001,0.03379806310045158,"[0.38048377273980294, 4.001124358194897, 0.031372053032040485, 0.13654207212909042, 0.00878651514575543]","[1.1828113854998445, -0.05333280166931997, -0.11490051910453054, -1.0957551879849523, -9.651992024491925]",9.786558065200662,0.5155009999871254,0.00856393000576645,0.0017460899939760566,True,False,1.4890063150119203e-06,1.26,404.26,4.3,0.0005505253224882267,50,"[1.4833519733552523, -1.2752783099985425, -0.09924948950104198, 0.2690876428551306]"
280,1,0.03751805459012549,0.03751805459012549,0.02924207434479011,"[0.3803629119246421, 4.001129807792325, 0.03138379367858111, 0.13665403745751056, 0.009772765057031849]","[0.2868063127145386, -0.023937298908771176, 0.37693661699330827, -0.8957665463140863, 9.919038661287125]",9.970688929964993,0.5080312991049141,0.008450195989571512,0.0017104299925267696,True,False,1.1699303738055279e-06,1.26,378.96,4.3,0.0005018293797323281,50,"[1.4842773082784444, -1.269139818404941, -0.0987492709468024, 0.26491369929488184]"
281,1,0.03843981748890644,0.03843981748890644,0.03453766644551551,"[0.38033414698024354, 4.00113220855912, 0.03134598920793689, 0.13674387744274288, 0.008777945267751035]","[1.2061291147404025, -0.05392879345987731, -0.2108557957963186, -1.0804307806793185, -10.269168373118562]",10.39832994620325,0.5912739001214504,0.010013683987781406,0.001811794014647603,True,False,1.6633494354323376e-06,1.26,423.86,4.26,0.0005549374408460039,50,"[1.4834329696198194, -1.2748226038725583, -0.09932475038002903, 0.26843789980731153]"
282,1,0.03777166395813522,0.03777166395813522,0.029590041686835013,"[0.3802181544005827, 4.001137394852855, 0.03136626705994456, 0.13684778170296208, 0.009765523890977987]","[0.27617079254619886, -0.023665729707108805, 0.33542957499711434, -0.8898730722064059, 10.254805183202127]",10.302535940401674,0.5298678013496101,0.008866162020713091,0.0017311940062791108,True,False,1.5723938497558266e-06,1.26,388.92,4.32,0.0005001973901380552,50,"[1.4844748485471266, -1.26808613886898, -0.0988523986460771, 0.26350068039100194]"
283,1,0.03831009640371548,0.03831009640371548,0.03511023887947079,"[0.3801913483021505, 4.001139691930957, 0.03133370909781708, 0.1369341558808604, 0.008770156804512192]","[1.1823009804751436, -0.05313323583529849, -0.06995115164398989, -1.0756810147286993, -10.13292549779471]",10.258597404231491,0.46424679923802614,0.007828641976229846,0.0014562940085306763,True,False,1.3924910328455554e-06,1.26,403.48,4.24,0.0005521793769210603,50,"[1.4834781823301937, -1.2753422170348554, -0.09931907169792645, 0.26915256525390774]"
284,1,0.03727062955911984,0.03727062955911984,0.028897232930782477,"[0.38007609853322283, 4.001144871316963, 0.03134052788101724, 0.1370390124194531, 0.009757906405897982]","[0.2879107015677249, -0.023887568093208595, 0.2567944658716469, -0.8652043054327981, 9.838650768207522]",9.884180998675554,0.5000301999971271,0.008439387981779874,0.0015612160181626678,True,False,1.3659917306085845e-06,1.26,401.0,4.3,0.0004975265242526916,50,"[1.4843578026416104, -1.268467007684698, -0.09862270774846157, 0.2644077308803273]"
285,1,0.03759210530164722,0.03759210530164722,0.03418657306645615,"[0.3800469701004698, 4.001147288064298, 0.03131454753263227, 0.13712654666285284, 0.008762512779604567]","[1.1673907888830566, -0.05250198658705532, -0.16005720331487575, -1.0472643976634095, -9.817700261797528]",9.943599809425665,0.5112761992495507,0.008722421992570163,0.0015031019924208523,True,False,1.3857691200769296e-06,1.26,429.3,4.3,0.0005503271605741133,50,"[1.483573961309383, -1.2751393443160994, -0.09932016007110367, 0.2688993301227686]"
286,1,0.036858592669458526,0.036858592669458526,0.02898489750163915,"[0.3799295688764524, 4.001152568042132, 0.03133064403755668, 0.13723186711194868, 0.009749851414401984]","[0.2764105067279165, -0.02346849105310636, 0.3281014866122286, -0.8573405944674158, 9.819658597627253]",9.866373801589702,0.4491487992927432,0.007586127980612218,0.0013968480052426457,True,False,1.3483498003097338e-06,1.26,378.68,4.26,0.000496332846922769,50,"[1.4843796961233757, -1.2693206806730426, -0.09879875696381271, 0.26498894420791064]"
287,1,0.03803696169465884,0.03803696169465884,0.034779531590049186,"[0.37990155346650967, 4.001154946676017, 0.03129738952144194, 0.13731876231900464, 0.008754586204092415]","[1.205977838749938, -0.053889128640741184, -0.24173072939881707, -1.061552789129523, -10.41122133579019]",10.537368948565806,0.43440569983795285,0.007289762003347277,0.0013983519934117794,True,False,1.4467970757436887e-06,1.26,395.38,4.34,0.000554280417013615,50,"[1.4835739820780716, -1.2748123860410325, -0.09942170551511516, 0.2682882785839844]"
288,1,0.036937460260077354,0.036937460260077354,0.02868536938757058,"[0.3797871057476795, 4.001160060773179, 0.031320329852235686, 0.13741950405009618, 0.00974261475141012]","[0.24830038916573882, -0.02249651861113979, 0.3140375275766735, -0.8425580668129611, 10.324120130471517]",10.366201778361,0.47540869913063943,0.007989079989492893,0.0015190939931198954,True,False,1.5741177256245465e-06,1.26,404.16,4.24,0.0004993026744372741,50,"[1.4841930391610276, -1.2683969340555041, -0.09847629120583729, 0.2645422068212029]"
289,1,0.03719569740090225,0.03719569740090225,0.03414649650660097,"[0.3797631528674973, 4.001162230952681, 0.0312900354846109, 0.13750078339278565, 0.008746674256500333]","[1.17164728195192, -0.05259659617108347, -0.19832615106303791, -1.0370475272583641, -9.976410009357869]",10.100449557620598,0.5289652007631958,0.009115336006507277,0.0014639680087566375,True,False,1.2529839943908882e-06,1.26,446.46,4.28,0.0005550742905958828,50,"[1.483535413957886, -1.2745979141651098, -0.09929329515607796, 0.2683885889953593]"
290,1,0.03639673671461913,0.03639673671461913,0.028852627425221725,"[0.379647153349342, 4.001167438304677, 0.031309670863205886, 0.1376034567957109, 0.009734393659627605]","[0.24824586709853114, -0.02250269827447188, 0.346054300785285, -0.8342030984843929, 10.189555296428539]",10.232537217599015,0.4564903995487839,0.0077485799975693225,0.0013812279934063553,True,False,1.35455643885507e-06,1.26,391.98,4.3,0.0004932057750176,50,"[1.4843950166238402, -1.2689180761133012, -0.09880947928028992, 0.264538955028773]"
291,1,0.03690861379294948,0.03690861379294948,0.03374764990204459,"[0.3796228929081831, 4.0011696374365044, 0.03127585185103007, 0.13768498135610713, 0.008738594174246047]","[1.1579101401227534, -0.05210487142608577, -0.1171796193844274, -1.0360682421394578, -9.853164740231591]",9.97574531921989,0.4918982011731714,0.008362102019600571,0.0014758620038628578,True,False,1.1728904590313504e-06,1.26,413.9,4.26,0.0005500588450578903,50,"[1.4835453978647932, -1.2751814138844526, -0.09931879209440679, 0.2689964566111626]"
292,1,0.03634312434795857,0.03634312434795857,0.028481275138705686,"[0.3795068203639316, 4.001174860592244, 0.031287598303613114, 0.1377888400863455, 0.009726306312431869]","[0.23847535072342108, -0.02213330204512084, 0.35933708745453957, -0.8259841218347203, 10.251144345890362]",10.293429636821024,0.4880648998077959,0.008343366007320583,0.0014179319888353347,True,False,1.2151989341191438e-06,1.26,403.68,4.28,0.0004986416440218022,50,"[1.484503767954901, -1.268561580315368, -0.09869091653059323, 0.2645423206099424]"
293,1,0.03675060058395275,0.03675060058395275,0.03344404522523166,"[0.37948365263858497, 4.001177010828155, 0.031252688939086615, 0.1378690839070056, 0.008730414301063305]","[1.1821441919486244, -0.0528834841024707, -0.3357161272646436, -1.0133055381601972, -10.132025866444854]",10.25659315482134,0.5225349003449082,0.009037364013493062,0.0014133339934051037,True,False,1.212568975006434e-06,1.26,434.42,4.34,0.000560298336104097,50,"[1.4834147983893275, -1.2754699777382204, -0.0991113037326701, 0.2696108587857887]"
294,1,0.03619664238825554,0.03619664238825554,0.028395795845144876,"[0.3793683956352127, 4.001182166875909, 0.03128542067779988, 0.13796787943518596, 0.009718269206928828]","[0.24029492617741038, -0.022205806735188842, 0.344616262773107, -0.8155433177985342, 10.09925108864906]",10.14085689538868,0.48797469888813794,0.008273963974788785,0.0014855300029739738,True,False,1.2981908440679036e-06,1.26,400.98,4.3,0.0004970654012947761,50,"[1.4841455865854294, -1.2689197413956852, -0.09851830300778999, 0.26501038225536877]"
295,1,0.036256379110168886,0.036256379110168886,0.03308734173328381,"[0.37934469991318126, 4.00118435661263, 0.031251437724850825, 0.13804830097412799, 0.00872237199707415]","[1.1736182995863382, -0.052448328019420495, -0.2936769682736216, -1.0113977420805962, -10.087790523518686]",10.210427020502594,0.4596682006958872,0.007703371993266046,0.0014899920206516981,True,False,1.6818288150943772e-06,1.26,384.54,4.3,0.0005460333666354699,50,"[1.4833508443617829, -1.2756812848182977, -0.09909524787215188, 0.26986487217876653]"
296,1,0.03540246705424169,0.03540246705424169,0.028504396647221916,"[0.37922975679698107, 4.001189493354503, 0.031280200181862186, 0.1381473563554505, 0.009710361089232036]","[0.2085720462969778, -0.020928929596573092, 0.4192762871579832, -0.7948475355773746, 10.364714947466371]",10.405711483152404,0.47834340017288923,0.008149698008783162,0.001417169994674623,True,False,1.4183672115564149e-06,1.26,411.78,4.3,0.0004946690904094453,50,"[1.484230201989854, -1.268515189515631, -0.09853904079093123, 0.26469265835411826]"
297,1,0.03577426781112045,0.03577426781112045,0.03274432971256995,"[0.37920971280031496, 4.001191504647016, 0.031239907282352476, 0.13822374205351526, 0.00871430090024337]","[1.1578632085289953, -0.051945110205621904, -0.3046477809721727, -0.9933741870054692, -9.842844450734262]",9.965166076456008,0.479249001480639,0.008151740017347038,0.001433240012265742,True,False,1.3764266324756136e-06,1.26,427.68,4.3,0.0005525067132353456,50,"[1.4834094537202291, -1.2745535401196026, -0.0990955566314284, 0.2686539793536427]"
298,1,0.03515888804779319,0.03515888804779319,0.028329411182339954,"[0.379093521740424, 4.001196717315807, 0.0312704785521742, 0.1383234267129865, 0.009702025979206332]","[0.24083363399568816, -0.021978005692375624, 0.27732754474595356, -0.786903592598282, 9.92798898140678]",9.965920776227911,0.4581997008062899,0.0076438060123473405,0.0015201880037784576,True,False,1.715606472600939e-06,1.26,387.22,4.3,0.0004942279865196041,50,"[1.4843488509911587, -1.2682786558452124, -0.0985524021265339, 0.26430806928630074]"
299,1,0.03622629683869555,0.03622629683869555,0.033388618665466295,"[0.3790693560221347, 4.0011989226319224, 0.031242650963440036, 0.13840238615990447, 0.008705832129854027]","[1.1297543184960588, -0.0509426471866077, -0.06046230213996786, -0.9902484486298281, -10.013478561814486]",10.125855053346113,0.4540680011268705,0.00764139000326395,0.0014399700192734598,True,False,1.455000839882814e-06,1.26,402.62,4.28,0.0005478843604353756,50,"[1.483576775893001, -1.2753084283713165, -0.09940829373549111, 0.26894261389045904]"
300,1,0.034625870615577356,0.034625870615577356,0.028268695572895564,"[0.37895778477087416, 4.001203953579622, 0.031248622044579896, 0.1385001802171288, 0.009694734154233352]","[0.23985264237757314, -0.02182748860190765, 0.3404051654599398, -0.7748235134453904, 9.576060337282547]",9.616400806239815,0.4805956978816539,0.008215725980699062,0.0013961879769340158,True,False,1.382281571977728e-06,1.26,405.42,4.28,0.0005002175573312683,50,"[1.4843425920927567, -1.2688071184929153, -0.09861175224047716, 0.26481935086638286]"
301,1,0.034861459204830796,0.034861459204830796,0.03190907771424883,"[0.37893284273204014, 4.001206223398553, 0.031213223648414497, 0.1385807533472402, 0.008698929119768368]","[1.1560830009870626, -0.051674609444080255, -0.2779554839041769, -0.9762709197254072, -10.116357146940494]",10.232802365658214,0.5241861997637898,0.008981188000179828,0.0015025359950959682,True,False,1.2926125438639247e-06,1.26,427.16,4.3,0.0005564218941111676,50,"[1.4836088590550258, -1.2747607604590843, -0.0993054430081623, 0.2686301043567744]"
302,1,0.03484566049891376,0.03484566049891376,0.028078738047591697,"[0.37881986458983014, 4.001211273296674, 0.031240386831474676, 0.13867615936455044, 0.009687549517627595]","[0.23592979810647668, -0.02176648455542539, 0.33251410755353333, -0.781119529490607, 9.783453864244777]",9.823075868299311,0.44250219967216253,0.007380293975584209,0.0014697500178590416,True,False,1.251642371471462e-06,1.26,380.54,4.3,0.0004932064377089773,50,"[1.484043855653996, -1.268391219001508, -0.09847762123435833, 0.2644089631778791]"
303,1,0.03527108660533494,0.03527108660533494,0.033535702618268895,"[0.3787958466751519, 4.001213489148903, 0.03120653652715271, 0.1387556781975396, 0.008691583081613228]","[1.1435971573341417, -0.05136002743444773, -0.23634817466549995, -0.9696074845048251, -10.041366313772425]",10.155564429992056,0.5032736000139266,0.008700352013111114,0.001365119987167418,True,False,1.3023201671558128e-06,1.26,444.82,4.28,0.0005556203535761028,50,"[1.4834111344246972, -1.2749624808527527, -0.09912998824180293, 0.26904727269643125]"
304,1,0.034760002436605125,0.034760002436605125,0.027855014673558755,"[0.37868323873837945, 4.0012185464776, 0.03122980930300594, 0.13885115368697135, 0.009680338200248374]","[0.22949069088457422, -0.021574090033391047, 0.3109431384344462, -0.769651491479215, 9.871874716925017]",9.909394073246986,0.45281740254722536,0.007685786033980548,0.0013705620169639587,True,False,1.308775651978067e-06,1.26,402.06,4.28,0.0004948442135977871,50,"[1.484192296099424, -1.2686499465272447, -0.0985436607828919, 0.2647166327292889]"
305,1,0.03555699232864942,0.03555699232864942,0.03376634219848587,"[0.3786600798359112, 4.001220723612738, 0.031198430680246095, 0.13892882256215308, 0.008684124441570584]","[1.106164622662222, -0.05015101477901554, -0.034794696637368075, -0.9636026883376602, -9.836284743684853]",9.945267903251569,0.4522510995157063,0.007599919983185828,0.0014451020071282984,True,False,1.3779684911696676e-06,1.26,406.32,4.28,0.000556287490943248,50,"[1.4836394090681186, -1.275305192393254, -0.09943307458428483, 0.26894498010041507]"
306,1,0.03362398096122978,0.03362398096122978,0.02739518929280773,"[0.3785488546146993, 4.0012257663139765, 0.0312019292985812, 0.13902571313338905, 0.00967316614847924]","[0.19636470039956652, -0.020246590454667698, 0.41379329860624464, -0.7463119147115966, 10.06215535919328]",10.100205238535603,0.4466156011912972,0.007552362023852765,0.001379949999973178,True,False,1.5481783481163803e-06,1.26,398.52,4.32,0.000494083295880614,50,"[1.48400592788531, -1.2685308719594128, -0.09847417160521939, 0.2646525163189717]"
307,1,0.03404623187248017,0.03404623187248017,0.03241763508531677,"[0.3785294129602237, 4.0012277708861586, 0.031160960497572433, 0.13909960390065684, 0.008676933386811525]","[1.1169512600132845, -0.05006642558729325, -0.2398682230054534, -0.9308150920257141, -9.963696951889052]",10.07220418842123,0.5162551996763796,0.008780220006592572,0.0015448839869350195,True,False,1.5063919855151654e-06,1.26,413.84,4.34,0.0005467731668187526,50,"[1.483507017448922, -1.274631927838132, -0.09909581591484916, 0.2688506842565561]"
308,1,0.03440890125044039,0.03440890125044039,0.027862480075733918,"[0.37841851853840625, 4.001232741637808, 0.031184775366541965, 0.13919201814033275, 0.009666160448188403]","[0.2024815849286556, -0.020662926080587066, 0.34364976451557294, -0.7533951123659574, 10.242735717744067]",10.278169101950406,0.5404557990841568,0.009158727987669408,0.0016503879940137267,True,False,1.6018028932762717e-06,1.26,406.86,4.28,0.0004933351507472139,50,"[1.484178465590802, -1.2684900265575376, -0.09851006688897714, 0.2645680919862362]"
309,1,0.03432076839349357,0.03432076839349357,0.03261405621122354,"[0.3783988183775215, 4.001234752008125, 0.03115134044626838, 0.13926531865765443, 0.008669607889542153]","[1.1108433959554735, -0.049981641931228005, -0.09041233442899867, -0.9396694611191362, -10.124946277928544]",10.229475129848252,0.5380212990567088,0.009248253973200917,0.001512172007933259,True,False,1.4228776606728387e-06,1.26,422.74,4.28,0.0005555611261823401,50,"[1.4834356468779955, -1.2757904934528632, -0.09924490016000669, 0.26989046028126706]"
310,1,0.0341639578306615,0.0341639578306615,0.027427931613940516,"[0.3782902259637616, 4.001239638049813, 0.031160178860094357, 0.13935717766792619, 0.00965938949108254]","[0.23529245951413494, -0.021700647228402502, 0.2528268928941068, -0.7454632856932516, 9.600900157784759]",9.636013400127297,0.4394240991678089,0.007333623985759914,0.0014548579975962638,True,False,1.2798620474541167e-06,1.26,380.68,4.34,0.0004935427572647199,50,"[1.4841800140590882, -1.2687186625011724, -0.0985726955367251, 0.26460638469292513]"
311,1,0.0337476121733289,0.0337476121733289,0.032699305387677756,"[0.37826580793425923, 4.0012418900856215, 0.03113394115344437, 0.13943453987724047, 0.008663033450662177]","[1.0684403501751332, -0.048463600320248455, 0.018526406959449914, -0.9212444848687561, -9.588841162483401]",9.69220423693343,0.4741069010924548,0.007898031999357045,0.001584106022492051,True,False,1.466295761360925e-06,1.26,397.06,4.26,0.0005482189565498175,50,"[1.483330677844745, -1.275315904051065, -0.09928422656599092, 0.2690813903471817]"
312,1,0.034078090954846506,0.034078090954846506,0.02799575229381156,"[0.3781555708484585, 4.001246890351725, 0.031132029678355252, 0.13952958992594489, 0.00965236889253767]","[0.20280874620495287, -0.02050993339394022, 0.32438792911225206, -0.7290785189290847, 9.917151235954348]",9.951292564135247,0.46536729973740876,0.007864365987479686,0.0014429800072684885,True,False,1.66201408347888e-06,1.26,395.38,4.32,0.0004928606473728792,50,"[1.48435407373885, -1.268781375051495, -0.09868680241941806, 0.26466039202998026]"
313,1,0.03390819012422265,0.03390819012422265,0.032048144980704296,"[0.3781351907073987, 4.001248951383823, 0.031099432111055425, 0.1396028546314248, 0.008655799736215256]","[1.1158830529449206, -0.05018925608550198, -0.3453810131721115, -0.9137535865815429, -9.768781002906803]",9.88084155794836,0.4799826012458652,0.008174720010720194,0.0014249320141971112,True,False,1.2688914955560905e-06,1.26,427.92,4.32,0.0005566880335311453,50,"[1.483276599082699, -1.2745059112430799, -0.09895683144354972, 0.2687737329794195]"
314,1,0.03339443080386501,0.03339443080386501,0.027029478624627915,"[0.3780222566980547, 4.001254030835384, 0.03113438672611646, 0.13969533193521821, 0.009644458540693294]","[0.1932714210848886, -0.020030623357817166, 0.39347451881544643, -0.7145733844235147, 9.727925756045765]",9.764001838483152,0.47334230155684054,0.00801011202391237,0.0014567340072244406,True,False,1.5080687643376222e-06,1.26,383.7,4.32,0.0004927020442639219,50,"[1.4843370885784666, -1.2693631350274082, -0.09868960959150178, 0.26532010016301627]"
315,1,0.03478411310864577,0.03478411310864577,0.03230588160388144,"[0.37800246241449537, 4.001256082312196, 0.031094088237311968, 0.13976851641389518, 0.00864815334575688]","[1.1437630854948706, -0.05125054820727325, -0.2914794263517288, -0.9395509638277554, -10.293347587936083]",10.403438924226828,0.48503100010566413,0.008271112013608218,0.0014295079885050653,True,False,1.661334996470032e-06,1.26,426.08,4.34,0.0005482470557157626,50,"[1.4836403828322084, -1.274844470480166, -0.09920720956802763, 0.26879805405590557]"
316,1,0.033324412637594614,0.033324412637594614,0.02683437196503398,"[0.3778925215484303, 4.0012610086205616, 0.0311221058407647, 0.1398588279897674, 0.0096375711394228]","[0.18559460648181314, -0.019925009497720775, 0.31758615918196825, -0.714706654126072, 10.25221211755873]",10.283693997651463,0.47197659965604544,0.007996638007462024,0.0014428939856588842,True,False,1.5589321594688953e-06,1.26,387.86,4.28,0.0004943147689650118,50,"[1.4843484534033016, -1.2683807833659553, -0.09856253216266361, 0.26436851101315645]"
317,1,0.033608508621150265,0.033608508621150265,0.03293405603644193,"[0.3778744740835304, 4.001262946154827, 0.03109122334278065, 0.1399283270096935, 0.00864063247916092]","[1.1005224509753886, -0.04954907545386361, -0.1111229150414357, -0.9165428640666329, -10.114490596118584]",10.216110997775486,0.49394639977253973,0.008411949994042515,0.001466978001408279,True,False,1.6214492762856024e-06,1.26,420.28,4.32,0.0005520922037916875,50,"[1.483521722994871, -1.2744158607469218, -0.09934699712882471, 0.26803326832614743]"
318,1,0.03308814820946449,0.03308814820946449,0.02748201671884691,"[0.377766749877019, 4.001267796246555, 0.031102100565537406, 0.1400180424468277, 0.009630685406084964]","[0.18404963776911834, -0.01974335372901369, 0.32998001638705654, -0.7076641554799379, 10.123039124138284]",10.154794953428638,0.4727559983730316,0.007995905983261765,0.0014592139841988682,True,False,1.3274478686753355e-06,1.26,400.12,4.32,0.0004939362233145062,50,"[1.4843827505912042, -1.2688504204005773, -0.09862469261428175, 0.26481756417349556]"
319,1,0.03430960519656354,0.03430960519656354,0.03301733785909933,"[0.3777486254699192, 4.001269740486081, 0.031069605570033517, 0.14008773013216805, 0.008633812582008541]","[1.1237234368804103, -0.05045791390644028, -0.28443984032096287, -0.9073215664834238, -10.285121712785376]",10.390051369374794,0.4875978995114565,0.00831731999758631,0.0014346379926428198,True,False,1.4281956296713361e-06,1.26,419.28,4.24,0.0005537837224269993,50,"[1.4835145044670661, -1.2754474008792154, -0.0993021385896724, 0.26909428163429233]"
320,1,0.03259728096535806,0.03259728096535806,0.027212137785647673,"[0.37764047167964204, 4.001274596854169, 0.031096981742699224, 0.14017505612644277, 0.0096237135311137]","[0.16022277000680443, -0.018820660608817645, 0.3775364665567512, -0.6882779434418653, 10.275923524181595]",10.307128122766875,0.4830844004172832,0.008196742017753422,0.0014649459905922413,True,False,1.559174902183713e-06,1.26,409.34,4.34,0.0004902574079665101,50,"[1.4842859894094278, -1.2684117133889232, -0.09844462996263459, 0.2647883832450813]"
321,1,0.03295729069970094,0.03295729069970094,0.03187203549110597,"[0.37762492682873083, 4.001276422839098, 0.031060353065727003, 0.1402418330147454, 0.008626741008720516]","[1.0897011145534918, -0.04913629920255045, -0.2657288679269419, -0.8833918443877249, -9.740365990676795]",9.844571372552085,0.4927399002481252,0.008426321987062693,0.0014284760178998113,True,False,1.4068748640738705e-06,1.26,427.4,4.3,0.0005501611094743452,50,"[1.4834451639057136, -1.2747743917522383, -0.0991934617260973, 0.2687118671390298]"
322,1,0.03270921017096506,0.03270921017096506,0.027280537527077937,"[0.37751423626911124, 4.001281414046672, 0.031087345492095186, 0.1403315669209631, 0.00961615594829267]","[0.16065955222868136, -0.018880947631491136, 0.381488523439588, -0.682748580533491, 10.181802356915387]",10.213077221627678,0.44337239931337535,0.007423613998107612,0.0014438339881598949,True,False,1.3433417640840161e-06,1.26,389.78,4.32,0.0004977359109932422,50,"[1.4842567355797973, -1.2685770150469986, -0.09857514668169162, 0.2646324250696967]"
323,1,0.03315227841038713,0.03315227841038713,0.03202388857342421,"[0.377498505500732, 4.001283262749783, 0.031049992545953316, 0.14039841734866973, 0.008619218185562647]","[1.1009118848584853, -0.04938120503342443, -0.24679594916348394, -0.8788604647940068, -10.292933824092998]",10.391931300094914,0.46271019894629717,0.0077909259870648385,0.001463277991861105,True,False,1.6406785485401088e-06,1.26,398.02,4.28,0.0005467657192514253,50,"[1.4835220210113516, -1.2742146728563146, -0.09916289130519951, 0.2681179854777265]"
324,1,0.032281834228587346,0.032281834228587346,0.026783598233231596,"[0.3773925663973102, 4.001288014629256, 0.031073741350868673, 0.1404829887761869, 0.009609691806477414]","[0.17620174392674023, -0.019347593133068105, 0.3496779849595421, -0.6816972662762215, 9.904481443338916]",9.935650955090042,0.4828135010320693,0.008235156000591815,0.001421114020049572,True,False,1.3918329972284483e-06,1.26,401.42,4.3,0.0004908144443137985,50,"[1.4842891653241346, -1.2685753432263864, -0.09858351030884568, 0.2645394904572852]"
325,1,0.033608998892085726,0.033608998892085726,0.033526741155370715,"[0.3773748321044385, 4.001289961919194, 0.031038547080608485, 0.1405516000095413, 0.008612828944938585]","[1.089336946973345, -0.04900488802483476, -0.11827426837520875, -0.8747757266321559, -10.471788976393679]",10.565351021318516,0.5262721003964543,0.009022566000930965,0.0015028760069981217,True,False,1.3923143936267478e-06,1.26,436.92,4.3,0.0005488630192490973,50,"[1.483711648097249, -1.2742821015147014, -0.0996072910128652, 0.26733686623715497]"
326,1,0.0318953528984553,0.0318953528984553,0.02614935933477425,"[0.37727172744235277, 4.001294600183263, 0.031049741622855623, 0.14063439666483316, 0.009603973390047205]","[0.1283677951238189, -0.01765436362783602, 0.4439277496332181, -0.6610091900471766, 10.488758708963582]",10.51973641392505,0.4454618999734521,0.007486187997274101,0.001423050002194941,True,False,1.7194321273450441e-06,1.26,389.2,4.36,0.00048470259146426997,50,"[1.4841770790654725, -1.268441870243326, -0.09852661357056573, 0.2646037521368562]"
327,1,0.032758465402244606,0.032758465402244606,0.03156318658138825,"[0.37725952487471603, 4.001296278396759, 0.031007542110232534, 0.14069723181240484, 0.008606918112684697]","[1.1081980086580296, -0.049521310134281585, -0.2870104205003492, -0.8638952535837481, -10.606030556365136]",10.702669262372929,0.487226800294593,0.008144222018308937,0.001600313987582922,True,False,1.4131371790426783e-06,1.26,405.18,4.32,0.0005458614299379861,50,"[1.4833118575169146, -1.274852009184818, -0.09921887098364407, 0.26859093555032415]"
328,1,0.0324033724629325,0.0324033724629325,0.027495379255423995,"[0.3771559807978706, 4.001300905402314, 0.031034358824216454, 0.1407779495504125, 0.009597888710333779]","[0.17934689279701008, -0.01948303468260055, 0.3043930036690583, -0.6730194848249829, 9.835586262562867]",9.86493346924086,0.48298210045322776,0.008088642014190555,0.0015709999948740005,True,False,1.3179020558595767e-06,1.26,402.04,4.32,0.00048626794458442644,50,"[1.4841829904782338, -1.268395194946084, -0.09859279063515516, 0.26432294712696536]"
329,1,0.03243293164009519,0.03243293164009519,0.031307833066741994,"[0.37713780055435064, 4.001302880381136, 0.031003502761721223, 0.1408461729689338, 0.008600863612066925]","[1.0966185353408775, -0.04909454703170948, -0.3322655557289355, -0.8565417149911704, -10.20677619035749]",10.306664193408741,0.4907866991125047,0.008387435991317034,0.0014282979909330607,True,False,1.6380237633484284e-06,1.26,423.52,4.3,0.0005420899800768098,50,"[1.4833747831569843, -1.274470151288182, -0.09914892024046906, 0.2683101548634859]"
330,1,0.032103266157091866,0.032103266157091866,0.026745901614085934,"[0.37703140157649945, 4.001307643760063, 0.031035740695301052, 0.1409292785886411, 0.009591172018146028]","[0.15015780671497445, -0.018438784898250158, 0.3551588751282955, -0.6556501863054416, 10.153509243310893]",10.18197683669976,0.43789719860069454,0.007226406005211175,0.0015315379668027164,True,False,1.5627873710855056e-06,1.26,383.14,4.32,0.0004886907810268326,50,"[1.4843945353891723, -1.2685555411031104, -0.0985836040741918, 0.26470153514718575]"
331,1,0.033297739142520294,0.033297739142520294,0.033881020408995745,"[0.3770166541645667, 4.001309454683932, 0.03100085956359259, 0.14099367179997485, 0.008593967899028752]","[1.0594414973211672, -0.04794562588962133, -0.05849748374148412, -0.8499437675774801, -10.268197830194651]",10.357916205151986,0.435728101991117,0.007282643998041749,0.001431918041780591,True,False,1.4475913627620685e-06,1.26,380.04,4.34,0.0005501501899539108,50,"[1.4837587297730965, -1.273727910889547, -0.09960098511385441, 0.26679450267862714]"
332,1,0.03187025860911402,0.03187025860911402,0.026963364285159285,"[0.3769143708986824, 4.001314083571146, 0.031006507174808712, 0.14107572920907735, 0.009585306081905338]","[0.17561988949484475, -0.019302883721106345, 0.2890362894205377, -0.6641328636542128, 9.88572817301657]",9.913801031636009,0.4672671011649072,0.00787095800973475,0.0014743840135633946,True,False,1.5347448803026964e-06,1.26,386.1,4.26,0.00048485931431685003,50,"[1.4842705078361098, -1.269051289432623, -0.0986573789278886, 0.2648704514055718]"
333,1,0.03232566941017395,0.03232566941017395,0.03192215241743215,"[0.376896656210954, 4.0013160306430775, 0.030977352233281335, 0.14114271994870062, 0.008588137776784731]","[1.0460693637773526, -0.047355822826381976, -0.12557192146964916, -0.8350588249248655, -9.857686309006148]",9.949048929576277,0.5340315005742013,0.009216720000840723,0.0014639100106433034,True,False,1.5799091076473814e-06,1.26,430.82,4.28,0.000542668118667109,50,"[1.4836115229923181, -1.2750740931694302, -0.09916689576593413, 0.26916712368329476]"
334,1,0.03172215306076987,0.03172215306076987,0.026804353587936064,"[0.37679151356153323, 4.001320790477224, 0.030989973733320773, 0.14122665348151886, 0.009578954726001922]","[0.13303221938940635, -0.01773185203843882, 0.31802989293141737, -0.632438538344883, 10.325514532752857]",10.35062239064128,0.5038162008859217,0.00864084400702268,0.0014354800106957555,True,False,1.454934595415125e-06,1.26,399.76,4.3,0.0004852999419446746,50,"[1.4843720453162457, -1.2680654994303895, -0.0985338339477167, 0.26415139339322424]"
335,1,0.0316279430691996,0.0316279430691996,0.03064345588701835,"[0.3767786609798859, 4.001322503596626, 0.03095924805510569, 0.14128775498000032, 0.008581380460217548]","[1.0574823612206536, -0.04770641765361919, -0.12978474546124857, -0.836920747579105, -10.06619144430811]",10.157068251120632,0.5763390995562077,0.00963282200973481,0.0018939599813893437,True,False,1.5509082723497158e-06,1.26,428.4,4.24,0.0005490870897943978,50,"[1.4834918866451148, -1.275076257931217, -0.0992242254674706, 0.2690957836571106]"
336,1,0.03164299066537253,0.03164299066537253,0.02626710961334585,"[0.376674548027706, 4.001327200465493, 0.030972025831353688, 0.141370152845881, 0.009572433310749142]","[0.14339879994201532, -0.01811579989005206, 0.2569144824575589, -0.6242131407553438, 10.193664640270844]",10.217012150953265,0.5475966006051749,0.009195656003430485,0.0017562760086730122,True,False,1.699682926243895e-06,1.26,408.76,4.32,0.0004882751195873425,50,"[1.484372563447, -1.2683463981107472, -0.09858359330094751, 0.2643004288947826]"
337,1,0.03235677753185382,0.03235677753185382,0.03182227598076528,"[0.3766605127307122, 4.001328973567024, 0.030946880076544298, 0.14143124831405426, 0.008574718471159561]","[1.033028201377824, -0.04707976880010341, -0.05735181415247702, -0.8398024767544122, -9.649058209867933]",9.740751795289794,0.5355686994735152,0.009122082008980214,0.0015892919804900885,True,False,1.3449208995552908e-06,1.26,403.86,4.28,0.0005502732993497261,50,"[1.4834809412985284, -1.275155427986123, -0.09916576720950387, 0.2691819506954005]"
338,1,0.03111917061280234,0.03111917061280234,0.02643574473660943,"[0.3765544605262231, 4.001333806845788, 0.03095276789869108, 0.14151746367959456, 0.009565305071830694]","[0.13360450782386796, -0.017754571493681176, 0.34701556217350216, -0.6271914256876047, 10.23422542820008]",10.260181498851935,0.5226753000169992,0.008877236004918814,0.0015762699954211712,True,False,1.5348064022191465e-06,1.26,421.18,4.36,0.0004935473661342371,50,"[1.4844049791150629, -1.2681069292319316, -0.0985146265987821, 0.2643551672099536]"
339,1,0.03215957163254307,0.03215957163254307,0.03129601239181286,"[0.3765414388747225, 4.001335537280235, 0.030918946317447266, 0.14157859236681092, 0.008567834858623669]","[1.085140827610006, -0.04876293185432901, -0.3284374885870837, -0.8355779909386364, -10.201289166252879]",10.298168325271632,0.5372137010563165,0.009232384022325277,0.0015118899988010525,True,False,2.2757449349342094e-06,1.26,436.2,4.32,0.0005455155740813211,50,"[1.4832619752884433, -1.275981843362002, -0.09920411909917143, 0.26995349598455687]"
340,1,0.03082188168945229,0.03082188168945229,0.02627085939032444,"[0.37643606665771945, 4.001340272387519, 0.030950839123835873, 0.14165973087265638, 0.009558427441989042]","[0.10438667457730524, -0.016419582014599313, 0.2735188444644025, -0.5918303722481518, 10.548920958503281]",10.56957782113577,0.5453822996933013,0.009348925999365747,0.0015587199945002795,True,False,6.6705398776889525e-06,1.26,427.8,4.36,0.000491666311790766,50,"[1.4843387328163442, -1.267960186447093, -0.09843237179619028, 0.2642593258057842]"
341,1,0.03120148349423261,0.03120148349423261,0.031594055595471945,"[0.3764261905135315, 4.001341825863191, 0.03092496118915701, 0.14171572462966422, 0.008560381811783192]","[1.0175359035923, -0.04611872901792842, -0.02948177076809664, -0.80065568849125, -9.98640930564392]",10.070143781418322,0.48557249968871474,0.008276500012725592,0.0014349499810487032,True,False,1.476180034387653e-06,1.26,417.68,4.3,0.0005420812222109816,50,"[1.4835134119990747, -1.2760174061771816, -0.09941754469433585, 0.2697154587711678]"
342,1,0.030867385331399228,0.030867385331399228,0.026210927146331827,"[0.37632514568978537, 4.0013464056120025, 0.03092788883064904, 0.14179523250023596, 0.009552066689518444]","[0.16035746845715498, -0.018516309150040516, 0.18836042312153314, -0.6063956036593209, 9.721027180505468]",9.743080729043381,0.4689462981186807,0.007912463988177479,0.001466461974196136,True,False,1.5455572284395202e-06,1.26,399.76,4.32,0.00048742724847897987,50,"[1.4842504504741214, -1.2684760785017886, -0.09855271475883093, 0.26439654672052615]"
343,1,0.03155644166340716,0.03155644166340716,0.03120370889364666,"[0.37630868708979015, 4.001348306069328, 0.030908556093053968, 0.14185747108990396, 0.008554330198376573]","[1.0587432454488064, -0.04750960490517224, -0.246092375065203, -0.7988189189907563, -10.432419194303332]",10.519374401095016,0.5382306999526918,0.009310071994550527,0.0014545420045033097,True,False,1.6767303065989836e-06,1.26,442.88,4.3,0.000538636577256284,50,"[1.4833860343884135, -1.274958926650184, -0.09916938337220448, 0.2688322682039773]"
344,1,0.03141575146511803,0.03141575146511803,0.026099874525868115,"[0.3762080401116545, 4.001352822460046, 0.030931950295566255, 0.14193340896305653, 0.009546064002644024]","[0.1252916415612441, -0.017494567882429084, 0.2556796011476995, -0.6118479266928692, 10.438471613003655]",10.460278371758328,0.4968632999807596,0.008460999988019467,0.001476266011595726,True,False,1.4077368453513372e-06,1.26,416.48,4.26,0.00048663174887479953,50,"[1.4842183126099757, -1.2682170675146103, -0.0984748854162881, 0.26433124804185265]"
345,1,0.03176165613372863,0.03176165613372863,0.032036795218599576,"[0.3761960622620126, 4.001354494936366, 0.030907507389552055, 0.14199190147204047, 0.008548148723430371]","[1.0184411051581197, -0.046272143091762155, -0.0561957225134595, -0.7963279295912592, -10.019439078316694]",10.102762937468027,0.49958560056984425,0.0084921239875257,0.0014995880238711833,True,False,1.514591676823329e-06,1.26,430.0,4.3,0.0005417578953364455,50,"[1.4834984774439472, -1.2760197314956374, -0.09934699181858911, 0.26982586448164203]"
346,1,0.030479901621021096,0.030479901621021096,0.025920863399800924,"[0.3760952540859363, 4.001359075083735, 0.030913069800830605, 0.1420707242588802, 0.009539901092494278]","[0.13469058710838405, -0.017593658680477086, 0.28747389312632377, -0.5953077576669866, 9.88566847649147]",9.90867927040462,0.4649733977857977,0.007908235969953239,0.0013912319857627153,True,False,1.5999960328372253e-06,1.26,403.68,4.3,0.00048613416581105184,50,"[1.4843968242975458, -1.2685518331566719, -0.09857022786277136, 0.26458442512642755]"
347,1,0.03225929724008473,0.03225929724008473,0.03275632318259994,"[0.376081660893199, 4.001360850664335, 0.030884057468787935, 0.14213080368433753, 0.0085422233792777]","[1.0739188342409718, -0.04818107876692788, -0.33521972507049064, -0.7960318011010196, -10.641109801335402]",10.730092253816155,0.49986040056683123,0.008581871995702386,0.0014153360156342388,True,False,1.612212358566012e-06,1.26,437.28,4.34,0.0005374867295680019,50,"[1.483701162419145, -1.2741020568753583, -0.09957788108452993, 0.26716517128209427]"
348,1,0.0305647660984412,0.0305647660984412,0.02598731436942689,"[0.3759815761214433, 4.001365340940618, 0.03091529855386994, 0.14220499053960373, 0.00953393058445659]","[0.10107442660939245, -0.016432786931891184, 0.31226141923163864, -0.5722331025703544, 10.262299779733336]",10.28349360688932,0.49479869892820716,0.008399443989619613,0.0014965299889445306,True,False,1.6668820779841553e-06,1.26,403.8,4.32,0.0004886734602303022,50,"[1.4841728593785517, -1.2685408155841447, -0.09855938457866298, 0.2645989784433618]"
349,1,0.030398205011694723,0.030398205011694723,0.029988483154341137,"[0.3759717473190476, 4.001366938917682, 0.03088493324893193, 0.14226063632734762, 0.008535991540486136]","[1.0523929014571176, -0.04734162319781394, -0.3871417753254812, -0.7868343496857314, -9.839541291196316]",9.934552426633479,0.49685469968244433,0.00841169798746705,0.0015253960061818361,True,False,1.5346429742635337e-06,1.26,415.9,4.3,0.0005414984359677533,50,"[1.4832796746743437, -1.2743451444058778, -0.09907404034843238, 0.2683199950332752]"
350,1,0.029920030244676044,0.029920030244676044,0.025718053132397535,"[0.3758658147257956, 4.001371704268063, 0.030923902470559733, 0.14233983811881404, 0.009526427834709831]","[0.12056231246393329, -0.017026023908725426, 0.30351485273570616, -0.5748322233572395, 9.888186496610743]",9.910278033399106,0.4602745999582112,0.007804179997183382,0.001401312001980841,True,False,1.191940686453563e-06,1.26,406.78,4.36,0.0004950229093537928,50,"[1.48426841849406, -1.2682402657338465, -0.0985149751734303, 0.2643636232336797]"
351,1,0.030889020197305737,0.030889020197305737,0.03114644312592007,"[0.3758536493443557, 4.001373422284838, 0.03089327620037012, 0.14239784176123071, 0.008528656988898209]","[1.032207467358883, -0.046548716341200495, -0.2679891536339734, -0.7693615147067335, -10.114632506889732]",10.199860053690552,0.4825532999821007,0.00822532800026238,0.0014257379993796349,True,False,1.5569145463700807e-06,1.26,413.56,4.34,0.000542156408492076,50,"[1.483576937101387, -1.2751866475069216, -0.09907414099994172, 0.2696323384031108]"
352,1,0.030291743351153932,0.030291743351153932,0.02583068548326682,"[0.3757524511453781, 4.0013779859470935, 0.030919550007284826, 0.1424732703956023, 0.009520301232314898]","[0.09195085928845119, -0.01620648056534318, 0.3908856506612645, -0.579034134943927, 10.408373894203205]",10.432211503482382,0.515486100455746,0.008831566018052399,0.0014781559910625219,True,False,1.3516223273768446e-06,1.26,426.76,4.3,0.0004909838173404069,50,"[1.4843064856962034, -1.2686349366029657, -0.09854602519200434, 0.2648095358222481]"
353,1,0.03034557713292566,0.03034557713292566,0.03079700153674405,"[0.37574363701625035, 4.0013795394509275, 0.030882080900135944, 0.14252877484302415, 0.008522586232985076]","[0.9871699233648562, -0.044951681196338855, -0.12863601656066187, -0.7526740479704458, -9.594849473971626]",9.67578043294994,0.5279213995672762,0.008983921986073255,0.0015745060052722692,True,False,1.635081973176966e-06,1.26,431.12,4.28,0.0005376238897116536,50,"[1.4834297421983398, -1.2748648012866153, -0.09916208015118201, 0.2688531275358285]"
354,1,0.02963609929325769,0.02963609929325769,0.026090636265135764,"[0.37564161217907016, 4.001384185244774, 0.030895375540029725, 0.14260656433536623, 0.00951422195058628]","[0.0629456867659861, -0.01490745333136453, 0.5001277877987831, -0.5501660937961623, 10.301768243780332]",10.328766812892022,0.4721089992672205,0.008028731979429722,0.001413448005914688,True,False,1.5049979680270553e-06,1.26,405.6,4.32,0.00048825826747673774,50,"[1.484478745023818, -1.268395691114603, -0.09862797103102755, 0.2645589669287351]"
355,1,0.030511743814996627,0.030511743814996627,0.03145184354013856,"[0.3756355179678347, 4.001385628539371, 0.030846954678487366, 0.1426598297545309, 0.008516835870582554]","[1.0298441246820624, -0.046366071747968134, -0.2810798159368841, -0.7528708996663324, -10.269895455822159]",10.352743687629847,0.4758977990131825,0.008106085998006165,0.0014118699822574855,True,False,1.45558743241736e-06,1.26,410.54,4.32,0.0005466709904032996,50,"[1.483553082707083, -1.2744196968412416, -0.09922991268585678, 0.26823294155702576]"
356,1,0.02962032596539794,0.02962032596539794,0.02620461577225563,"[0.3755360424900622, 4.001390107165824, 0.03087410495134166, 0.142732551626366, 0.009508833331806415]","[0.0775751634485609, -0.015462120805026586, 0.3763553713450915, -0.5433784431123765, 10.25606679423776]",10.277648883329777,0.472781200427562,0.008054274003952741,0.0014013500045984984,True,False,1.2713976207123779e-06,1.26,411.34,4.32,0.00048209708062870506,50,"[1.4842788754117604, -1.2684870716312637, -0.098577186479278, 0.26456320424874397]"
357,1,0.031289856363342694,0.031289856363342694,0.03158363859779022,"[0.3755284945416626, 4.001391611607256, 0.030837486131650427, 0.14278542154333124, 0.008510933237177274]","[1.031659476802733, -0.04648676438434841, -0.09054607214283969, -0.7707613580014003, -10.690856051569826]",10.768619088485563,0.5232118996791542,0.00903913999442011,0.001425097999162972,True,False,1.4686552398757158e-06,1.26,448.14,4.3,0.0005431877275154307,50,"[1.4835863776519749, -1.2750081418820192, -0.09937891749082282, 0.26857059575377684]"
358,1,0.02951394836935664,0.02951394836935664,0.025089041656975127,"[0.37543269214878106, 4.001395928480571, 0.03084589445878972, 0.14285699630622298, 0.009503711973497173]","[0.10025808477500192, -0.016277956506806194, 0.32222391496812447, -0.5567389408558755, 10.11801065617389]",10.138946828616959,0.5125095993280411,0.0087879559956491,0.0014622359909117221,True,False,1.4352120302874028e-06,1.26,413.94,4.3,0.0004904031017284183,50,"[1.484362946431344, -1.268388281724651, -0.09842846320324493, 0.26474947002408034]"
359,1,0.030341816843384977,0.030341816843384977,0.031263366558502884,"[0.37542280373665504, 4.001397533968476, 0.030814113651533994, 0.14291190723042563, 0.008505776899351397]","[0.9951225563421812, -0.04521568564078332, -0.2729301233232202, -0.7315683718347995, -9.644445708134585]",9.727143954543433,0.5688604980241507,0.009757965975441039,0.001619243985041976,True,False,1.6231896321983186e-06,1.26,438.44,4.3,0.000540270823732385,50,"[1.4837319072102348, -1.274066359683526, -0.09947540553460789, 0.2674519501925104]"
360,1,0.02932697950694502,0.02932697950694502,0.0253392084043769,"[0.3753205000634607, 4.001402182371527, 0.030842172259957043, 0.14298711618951765, 0.009497275097816763]","[0.08586604334406178, -0.015735448736304954, 0.3308303557409903, -0.5452593956588935, 10.250083582887083]",10.27027704449845,0.49528049933724105,0.008450939990580083,0.001454669996164739,True,False,1.553430981573456e-06,1.26,402.74,4.26,0.00048649712318479034,50,"[1.4843330200144425, -1.2686331307724719, -0.09854860527907312, 0.2648094945577852]"
361,1,0.03047700799719974,0.03047700799719974,0.03125251831157758,"[0.3753121394279137, 4.001403714506314, 0.03080995985183257, 0.1430402072009133, 0.008499241302089726]","[1.0149135793519604, -0.045872616714050386, -0.21213709128614064, -0.7476542063608745, -10.185914555603564]",10.265914385107749,0.506131500005722,0.00859255800023675,0.0015300719998776913,True,False,1.4630256336545245e-06,1.26,414.2,4.28,0.000540269883637734,50,"[1.4835734007093375, -1.2746196691986968, -0.09916248012438099, 0.268577528135713]"
362,1,0.029177705345923375,0.029177705345923375,0.0255560199926394,"[0.3752132769650896, 4.001408182945752, 0.030830624069680835, 0.14311303599903502, 0.00949144853979936]","[0.08009378888911821, -0.01545661499388943, 0.40674766347369895, -0.5384169209993338, 10.023787272916756]",10.046805544908956,0.5723048001527786,0.009748548003844917,0.0016975479992106556,True,False,1.3907465279316966e-06,1.26,407.6,4.3,0.00048427571859832597,50,"[1.4842566595178182, -1.2685131331160233, -0.09864726680743587, 0.2644799358452825]"
363,1,0.029598545517782536,0.029598545517782536,0.030847685951140534,"[0.37520530489988707, 4.001409721406403, 0.030790138796863015, 0.1431666268562024, 0.00849373964346281]","[0.9806499702596618, -0.04447296296686377, -0.2120044153698592, -0.7135961649694943, -9.805529509791329]",9.882622452304316,0.5456047989428043,0.009281611982733012,0.0016304839961230756,True,False,1.6684841364167369e-06,1.26,424.18,4.3,0.0005406470933630203,50,"[1.48355202402188, -1.2748980156960161, -0.09914360265769409, 0.2690249396168454]"
364,1,0.029516361167437596,0.029516361167437596,0.02563734776689838,"[0.37510607516861955, 4.001414221523976, 0.030811591039561912, 0.14323883402270515, 0.009485938784543301]","[0.09812167624351026, -0.016097947714516746, 0.3417281301076534, -0.536689910399844, 9.736456391017041]",9.757729461113273,0.49881299934349954,0.008408975992351771,0.0015672839945182204,True,False,1.6112066646201128e-06,1.26,402.28,4.32,0.0004830661266100833,50,"[1.48450276259697, -1.2689357463226707, -0.09871815787056894, 0.26480592841380357]"
365,1,0.0295650962101805,0.0295650962101805,0.03061895190304733,"[0.3750960193788352, 4.00141587128766, 0.03077656976422993, 0.14329383553842495, 0.008488118909661427]","[0.9922568991077957, -0.044967631449722524, -0.2584077785003136, -0.7288647690091823, -9.651383776619245]",9.733130178765034,0.5028251998592168,0.008634549994021655,0.0014219540031626822,True,False,1.9311698648039056e-06,1.26,422.38,4.32,0.0005393663818711047,50,"[1.4835061056668046, -1.2746277195932212, -0.09919316507087791, 0.2685775918336965]"
366,1,0.029142408703317527,0.029142408703317527,0.025572528709888506,"[0.3749940730490542, 4.0014204913462255, 0.030803119062731817, 0.14336872046809787, 0.009479720131299689]","[0.04219086817804169, -0.014051608188535028, 0.4448709427078656, -0.5161651878705389, 10.501330285025697]",10.523509487290037,0.4519492997787893,0.007628372004255653,0.0014106139913201332,True,False,1.8877841796438588e-06,1.26,389.84,4.34,0.0004824917799291484,50,"[1.4844833975576521, -1.2684522611996054, -0.09868405098347897, 0.26446347649226065]"
367,1,0.029289188773659127,0.029289188773659127,0.030263847777978917,"[0.37499006384772976, 4.0014218266049815, 0.030760845052982228, 0.1434177692372794, 0.008481827717489355]","[0.9607215954788815, -0.04369369293815049, -0.15772903063324314, -0.6932920064833096, -9.795563404457276]",9.868307341531416,0.5260753997135907,0.00909588999580592,0.0014256179984658956,True,False,1.6659716945355286e-06,1.26,436.88,4.3,0.0005453693653711866,50,"[1.4835362610367755, -1.2752065689861927, -0.09921809384064173, 0.2691827582540676]"
368,1,0.028427050264239383,0.028427050264239383,0.02537174422963057,"[0.3748927096042783, 4.001426254283551, 0.030776828445590345, 0.1434880236367847, 0.009474456246825828]","[0.06944201302000447, -0.014872531785019223, 0.35009482483452276, -0.5130830010986266, 10.113047776410891]",10.132354083120838,0.47677659965120256,0.008060881989076734,0.0014746500039473176,True,False,1.7556174324795393e-06,1.26,401.96,4.3,0.00048149951142079317,50,"[1.4843233415425992, -1.2684010431957617, -0.09857516341533853, 0.2644287640993335]"
369,1,0.03001196098255418,0.03001196098255418,0.030587472473206822,"[0.37488585611174896, 4.0014277221094545, 0.030742276275193617, 0.14353866172116655, 0.008476361658692573]","[1.0079674615708587, -0.0454946562497247, -0.24052024535404656, -0.7215040398241601, -10.320455775534487]",10.397513820620956,0.5399685990996659,0.009305027998052537,0.0014943439839407802,True,False,1.7631404935514184e-06,1.26,451.9,4.32,0.0005395326518072351,50,"[1.483556079008053, -1.2750049671459989, -0.09929201648651342, 0.2687573983975056]"
370,1,0.028688922601106052,0.028688922601106052,0.025511622009346528,"[0.37478891298872324, 4.0014320976416275, 0.03076540875181066, 0.1436080536981528, 0.009468950459495489]","[0.06860650978666168, -0.014957625513319514, 0.3309983156704084, -0.5128100360490818, 10.213649711137329]",10.232111464581054,0.5099619990214705,0.008489833981730043,0.0017094059986993671,True,False,1.3573422120316535e-06,1.26,418.32,4.32,0.0004908140084589263,50,"[1.4843244141374377, -1.2679278002907872, -0.09848637214316516, 0.2640734084859519]"
371,1,0.029470840612946327,0.029470840612946327,0.030492810804853453,"[0.3747822079689414, 4.001433559473388, 0.03073305977703807, 0.1436581714121529, 0.00847075475516856]","[1.0165803379329634, -0.045624678727228085, -0.3355635912361196, -0.7109814140413933, -10.364949218521845]",10.444414152655623,0.5633541992865503,0.009575632000342012,0.0016914519853889942,True,False,1.5193769598909056e-06,1.26,437.34,4.3,0.0005388879141995062,50,"[1.483571563657746, -1.2750169352591638, -0.09929127491178809, 0.26877809292253674]"
372,1,0.02890983583678617,0.02890983583678617,0.02549792659483036,"[0.37468487552664476, 4.001437927806361, 0.030765188299164768, 0.1437262442981551, 0.009463146388249678]","[0.05580685324325027, -0.01454720675509717, 0.3005406128951368, -0.49690822963674564, 10.344539738432477]",10.360987929477675,0.48364670015871525,0.008176118023693562,0.0014968159794807433,True,False,1.4965840824743281e-06,1.26,401.22,4.26,0.0004855614543868114,50,"[1.4843244852996567, -1.2691161346760063, -0.09867092577873907, 0.26499300635348927]"
373,1,0.028786220651440785,0.028786220651440785,0.029987617792776405,"[0.3746794892783818, 4.001439331843008, 0.03073618135360014, 0.14377420383955897, 0.00846473390018923]","[0.9769681494772015, -0.044158133586059654, -0.18764493628144066, -0.6951799618339031, -10.082295769387123]",10.15517555184073,0.528979399241507,0.00913589199539274,0.0014436959894374012,True,False,1.4471243289904124e-06,1.26,439.24,4.34,0.0005407844915438886,50,"[1.4835273658092418, -1.2744955650020229, -0.09919432466269698, 0.2683717558379666]"
374,1,0.028150713922739223,0.028150713922739223,0.024640306755799393,"[0.37458328531377344, 4.001443680180794, 0.03075465911750536, 0.14384265957015827, 0.009457557285361216]","[0.048659946977993876, -0.014208017826982342, 0.3517128918250886, -0.4981614414871224, 10.413101936325]",10.43106554358501,0.4464212986640632,0.007564057996496558,0.001364367976784706,True,False,1.569870946411811e-06,1.26,404.18,4.38,0.0004798460596049381,50,"[1.4842658800297899, -1.2686702373706984, -0.09850149285970525, 0.2648896720157652]"
375,1,0.029437222495630463,0.029437222495630463,0.030290854700213275,"[0.37457862040712797, 4.0014450422677035, 0.030720941287785877, 0.14389041705374014, 0.008459279411272823]","[1.0297969435737258, -0.0460238697429384, -0.3763405869484013, -0.7067398285082711, -10.718253042635185]",10.797437735413105,0.4846596005372703,0.00826424001250416,0.0014289519982412457,True,False,1.6356170166886841e-06,1.26,420.7,4.3,0.0005400147894650331,50,"[1.4833492241484547, -1.2752634080936305, -0.09920105085886832, 0.2690910930682409]"
376,1,0.02881435305640669,0.02881435305640669,0.02525594685069476,"[0.3744832462110721, 4.001449304748383, 0.030755795907570275, 0.14395587145558633, 0.009451945755297122]","[0.0354782710895277, -0.013734128159577667, 0.3703471494753967, -0.4872643595147348, 10.472970292887064]",10.490907380053862,0.4741845002863556,0.008022539992816746,0.001461150012910366,True,False,1.5511424285818975e-06,1.26,405.46,4.32,0.00048454870645770143,50,"[1.4843407358208358, -1.2679813267758528, -0.09842192203430121, 0.2643009798380158]"
377,1,0.02858637514223531,0.02858637514223531,0.029961979550799527,"[0.3744798643995852, 4.001450613894262, 0.030720494180462833, 0.14400231780591774, 0.008453655530011098]","[0.9771855787426693, -0.044146467227881986, -0.2942232159986065, -0.6859391828273596, -9.88423014910532]",9.960518363505203,0.5397270987741649,0.009381569977849722,0.0014129719976335763,True,False,1.5005497402853507e-06,1.26,452.98,4.36,0.0005386514954557242,50,"[1.4835569051987345, -1.273582080923945, -0.09900815211878572, 0.26777762254178605]"
378,1,0.028218276332516216,0.028218276332516216,0.02531499999434171,"[0.37438175850358835, 4.00145504603982, 0.030750033126653333, 0.1440711836176883, 0.009445996469246577]","[0.049709509077775695, -0.014255763070493851, 0.37397451533407233, -0.49439636775960194, 10.253878697793875]",10.27273027572114,0.46551030036062,0.00785934400279075,0.0014508620044216514,True,False,1.6392469711945524e-06,1.26,397.78,4.34,0.0004831097689765329,50,"[1.4842914439073138, -1.2688228399097112, -0.09866410906964634, 0.26473002896451664]"
379,1,0.028435950803310846,0.028435950803310846,0.030015269515755266,"[0.3743769195262436, 4.0014564337685625, 0.030713628538461085, 0.14411931068366218, 0.008447831578163045]","[0.9258965152072886, -0.04240605124863502, -0.022875057059923307, -0.6713028067837046, -9.614739357285066]",9.682637361029954,0.48994589946232736,0.008351078014820814,0.001447839974425733,True,False,1.3188295250188275e-06,1.26,427.56,4.28,0.0005424041426837789,50,"[1.4834716194116389, -1.2752879665226695, -0.09923580516121965, 0.2692625536951667]"
380,1,0.028642542524095416,0.028642542524095416,0.02504402688851356,"[0.37428129511312264, 4.001460813365739, 0.030715991020520944, 0.14418864125772832, 0.009440819232021575]","[0.03704567640463551, -0.01377482764805072, 0.3152093840181924, -0.47478818004331247, 10.393271162306469]",10.408959042715571,0.4701559995301068,0.007858568006195128,0.0015445519844070076,True,False,1.7767039486216163e-06,1.26,399.76,4.34,0.000477286436118618,50,"[1.4843629004362933, -1.2685042897238574, -0.09852803596582227, 0.26466977973408484]"
381,1,0.02878829476551943,0.02878829476551943,0.030374987243322445,"[0.3742777360947569, 4.001462136728391, 0.030685708512664552, 0.1442342546738297, 0.008442326383826401]","[0.9831848887189301, -0.044274566320146785, -0.24923047708878115, -0.6786952141073864, -10.37486914222022]",10.446495369509508,0.48335449979640543,0.008243583999574184,0.0014235059963539243,True,False,1.8401075971041792e-06,1.26,415.56,4.3,0.0005348258556639962,50,"[1.4835893392232644, -1.2743071977120621, -0.09914692725829104, 0.26829491180287995]"
382,1,0.028007398795542756,0.028007398795542756,0.024816837018807568,"[0.37418361985252946, 4.001466374950374, 0.03070956632030714, 0.14429922337290396, 0.00943546989983355]","[0.04019306783012304, -0.013780227157925167, 0.32950810590446267, -0.4688262677216119, 10.21764014506853]",10.23378469446376,0.4811013008002192,0.008170465999282896,0.001451560016721487,True,False,1.6524637288739542e-06,1.26,415.44,4.32,0.00047784832589485403,50,"[1.4845114146933505, -1.2683087175588768, -0.09857010937321414, 0.2644362264505223]"
383,1,0.02869043680465987,0.02869043680465987,0.029730932407259974,"[0.3741796923644079, 4.001467721492984, 0.0306773682512926, 0.14434503499408546, 0.008437047473612524]","[0.9587177270536954, -0.04340292858343946, -0.09217870757110959, -0.6756501798979536, -10.23771102627673]",10.305180766568355,0.5133185011800379,0.008770614019595087,0.0014957560040056706,True,False,1.5696388311425835e-06,1.26,421.12,4.28,0.0005420110041586668,50,"[1.483593035778409, -1.2748963950382657, -0.09928214552703132, 0.26870772366802625]"
384,1,0.02803567096333346,0.02803567096333346,0.024559143697178057,"[0.37408665976763184, 4.001471933251086, 0.030686313141212555, 0.14441059912101706, 0.009430500306433859]","[0.03848840334221093, -0.01378048078622559, 0.30799341861588286, -0.46924212870338833, 10.345211459467905]",10.36050768646061,0.5132944001816213,0.0087189339986071,0.0015469540050253273,True,False,1.3120767115992748e-06,1.26,408.86,4.36,0.0004770431527717278,50,"[1.4843776815267762, -1.2684407193431475, -0.09847777366345731, 0.26465557945681545]"
385,1,0.028420315093576932,0.028420315093576932,0.02972883837331473,"[0.374082944852832, 4.001473263348143, 0.030656585503541996, 0.1444558905432966, 0.008431976703967082]","[0.9605066377166089, -0.04345448820318643, -0.17605576559694164, -0.6648091171324418, -10.21299401031849]",10.281180610380616,0.516336299944669,0.00884812599979341,0.0014785999990999698,True,False,1.66753495022931e-06,1.26,426.3,4.34,0.0005409739199481578,50,"[1.4835663501056935, -1.2752552838750797, -0.09927145522181598, 0.269146229893098]"
386,1,0.027970658165646905,0.027970658165646905,0.025032610014519535,"[0.3739895210842958, 4.001477489953029, 0.03067370958415605, 0.14452055326465726, 0.009425344527795927]","[0.04243442310699653, -0.0138954344762756, 0.38571540792683984, -0.47170926272052893, 10.030418841734495]",10.049009001311253,0.49991829972714186,0.008586246012710035,0.0014121199818328022,True,False,1.509862044883903e-06,1.26,422.78,4.28,0.0004826321174337522,50,"[1.4843585255430656, -1.2685393293787632, -0.09863070639641165, 0.2645778394419864]"
387,1,0.028478045962934125,0.028478045962934125,0.029993626457106622,"[0.3739852983372471, 4.001478872719675, 0.0306353261567118, 0.1445674941383904, 0.00842719447743499]","[0.9735089520318302, -0.043911430196671326, -0.3472276809792876, -0.6481880959522932, -10.221214102044135]",10.293861300959248,0.5013871002011001,0.008553846003487707,0.001473896000534296,True,False,1.5560470427544715e-06,1.26,422.8,4.34,0.0005388190773194879,50,"[1.4834461822418483, -1.275103494924069, -0.09912889652090474, 0.2692213983635463]"
388,1,0.027503713699529194,0.027503713699529194,0.02490954115996652,"[0.3738907265411567, 4.001483138507693, 0.03066905768570697, 0.14463046255004258, 0.009420137145129445]","[0.01794817622386723, -0.012929890405847393, 0.3165456770570947, -0.4504414424508727, 10.547502923831784]",10.561884581175676,0.4715809989720583,0.007978381989523768,0.0014532379899173974,True,False,1.8646651545850545e-06,1.26,398.86,4.34,0.0004822566876879364,50,"[1.4844384116660445, -1.2677105664355568, -0.09855058550552169, 0.2638266011913523]"
389,1,0.027459545394735448,0.027459545394735448,0.02938069777658868,"[0.3738890272065271, 4.001484362710657, 0.030639087117993014, 0.14467311037855712, 0.00842149880158687]","[0.9563341531891542, -0.04314413584137581, -0.277210757637247, -0.6485421407005422, -9.994554981648486]",10.065039414856871,0.8133605003822595,0.013187486012466252,0.003079723995178938,True,False,1.5794967225701839e-06,1.26,456.6,4.34,0.0005420205637102527,50,"[1.4834235393038917, -1.2744628443455528, -0.09913820168243283, 0.2684767181684597]"
390,1,0.02764596676473928,0.02764596676473928,0.024055818255383037,"[0.37379401176608257, 4.001488649244872, 0.03066662906255813, 0.1447375455102943, 0.00941449590459897]","[0.03873380810666631, -0.013642104339952743, 0.2989665517668505, -0.4542300867791637, 10.104836845618388]",10.119541494666594,0.5358284011017531,0.008953598001971841,0.0017629700200632215,True,False,1.3566783937335457e-06,1.26,366.04,4.32,0.000478925573130482,50,"[1.4839933298909782, -1.2678977031119627, -0.09823354683750984, 0.2643742126405651]"
391,1,0.028204741996835526,0.028204741996835526,0.02970762148622739,"[0.37379018414127135, 4.001489997339975, 0.030637085574654565, 0.14478243193987944, 0.008415948999094853]","[0.9491948041955814, -0.04300388824829357, -0.2348045250242258, -0.6423043258609242, -10.097573838687097]",10.16521055121073,0.5396503005176783,0.009199054003693164,0.0015939520066604019,True,False,1.2407230263988821e-06,1.26,425.06,4.34,0.0005415947510070396,50,"[1.4835403535289202, -1.275345665241393, -0.09901774960066419, 0.26971488180698755]"
392,1,0.02739955583360207,0.02739955583360207,0.024488946228369782,"[0.3736968073440746, 4.001494227836533, 0.030660184410022336, 0.14484561846440464, 0.009409295254622347]","[0.02558807204705292, -0.013162101149312027, 0.33738786027465245, -0.45223678945699325, 10.32705223090226]",10.342494111775949,0.4445463002193719,0.007409446001984179,0.0014814800024032593,True,False,1.751844667126079e-06,1.26,377.88,4.34,0.0004808474331014168,50,"[1.4842484763065231, -1.2678252730169155, -0.09841999576724371, 0.264049460027625]"
393,1,0.02807634567261861,0.02807634567261861,0.028746020213118475,"[0.3736943332723693, 4.001495500460042, 0.03062756289178933, 0.14488934455063932, 0.00841078830665654]","[0.9444020061820908, -0.04299875134930546, -0.27116155326689295, -0.6527753776677802, -9.549541901526544]",9.622221097676409,0.5075491010211408,0.008622956005856395,0.0015280260145664215,True,False,1.6976962655235184e-06,1.26,408.9,4.3,0.0005344133137268159,50,"[1.4833912069972301, -1.275305292127346, -0.0990676967187606, 0.26944508640322407]"
394,1,0.026948588761716744,0.026948588761716744,0.024232445966253884,"[0.37359618524640964, 4.001499969152967, 0.030655743656966737, 0.14495718495577795, 0.009403235040481865]","[0.01915262796684963, -0.012822121723916004, 0.3455105995009735, -0.4392054940923048, 10.246455225869518]",10.261708189483887,0.4964112003799528,0.008366906004957854,0.001561318002641201,True,False,1.50870181727214e-06,1.26,412.72,4.36,0.00048351936925826065,50,"[1.4843261523019657, -1.2679838008927096, -0.09843302516188132, 0.26424840889358]"
395,1,0.02745021643059129,0.02745021643059129,0.03005257323196095,"[0.37359431882927796, 4.0015012186644014, 0.03062207376564968, 0.1449999853829524, 0.008404721436735903]","[0.9305302417001409, -0.04221083721448398, -0.25836632294484735, -0.6237249264178455, -9.781345940671905]",9.848765538749646,0.5482299996074289,0.00945528999902308,0.0015093099931254982,True,False,1.2599836767890337e-06,1.26,445.6,4.32,0.0005371873695170847,50,"[1.483560043263658, -1.2746736578990407, -0.09916384347732315, 0.2687444603663276]"
396,1,0.02750536253343121,0.02750536253343121,0.025134113770412712,"[0.37349983691294597, 4.00150550456572, 0.030648307136918605, 0.14506331564743077, 0.009397875949470962]","[0.009483122730033492, -0.01257207907820571, 0.33721541592443605, -0.43767747352679076, 10.451950176825942]",10.466555607897508,0.465560999000445,0.007869653990492225,0.0014415659895166755,True,False,1.6872688030389328e-06,1.26,401.72,4.34,0.000476424533208899,50,"[1.4842919637870127, -1.2678860947452306, -0.09839180778864816, 0.2642336150745646]"
397,1,0.02773548551218099,0.02773548551218099,0.029784455282935773,"[0.37349893087249825, 4.001506705732517, 0.030616088761693257, 0.1451051324102591, 0.008399271387723747]","[0.9562109222321186, -0.043153560034610884, -0.23683969736420118, -0.646853613841276, -10.175196330320512]",10.243306817531863,0.4860427009407431,0.008266220004297792,0.0014546340145170688,True,False,1.4309460109984684e-06,1.26,422.2,4.32,0.0005367644194021182,50,"[1.4836620980054733, -1.2747024624892433, -0.09910616305224353, 0.26893147413196017]"
398,1,0.026979557947875384,0.026979557947875384,0.024370686483830655,"[0.37340558104522353, 4.0015109185869004, 0.03063921017175741, 0.14516828131571521, 0.009392622120117301]","[0.02207461030395076, -0.01286163870370758, 0.3232664425250283, -0.42852969093271953, 10.074437197692413]",10.08875990641528,0.48009550105780363,0.008015562011860312,0.0015863480092957617,True,False,1.8392231251596058e-06,1.26,394.66,4.28,0.00048468248345869827,50,"[1.4843148077489912, -1.2683433630322194, -0.09847964234150079, 0.26452441222414697]"
399,1,0.02720340762888583,0.02720340762888583,0.029690008438211454,"[0.37340339300521597, 4.001512193435229, 0.030607167934109607, 0.14521075726864355, 0.008394041790111861]","[0.9452256847307361, -0.042611157354915406, -0.36593914225244073, -0.6163452930872269, -9.947843509013314]",10.018415581406442,0.4862099005840719,0.008226820002309978,0.0014973780093714595,True,False,2.0559803590458612e-06,1.26,420.7,4.34,0.0005299034618587939,50,"[1.4835877253437821, -1.2742303915128392, -0.09907807613505336, 0.2683868215319742]"
400,1,0.026925771030843936,0.026925771030843936,0.024885231287353714,"[0.3733090441855892, 4.001516446718296, 0.030643694582384716, 0.14527227850301613, 0.009386997555141507]","[-0.009185115853554556, -0.011855588186725621, 0.4211944627984751, -0.41996311723863317, 10.416931742173547]",10.433909412955444,0.5166201004758477,0.008791498001664877,0.0015409040078520776,True,False,1.3339873865447771e-06,1.26,409.58,4.3,0.00048350721499502926,50,"[1.4844585704740312, -1.2677005283229694, -0.09859099121662632, 0.2638939664801319]"
401,1,0.028095936272627364,0.028095936272627364,0.029886202159893148,"[0.37330992449952416, 4.001517582973913, 0.030603326735004793, 0.14531252833657105, 0.0083886247181835]","[0.9150186994303198, -0.04171770924911778, -0.10897423813051767, -0.6194714749194806, -9.996243720363044]",10.057808329715018,0.46435969858430326,0.007862701970152557,0.0014244920015335082,True,False,1.7608341735808608e-06,1.26,411.8,4.32,0.0005394009273445022,50,"[1.483671592718619, -1.2753673141246944, -0.09931237108455075, 0.26929316592081964]"
402,1,0.027188914676798327,0.027188914676798327,0.02432987660182257,"[0.37321894854637977, 4.001521730767138, 0.03061416152470721, 0.14537411943619735, 0.009382503642067547]","[0.02124859793485277, -0.012905674933835161, 0.32698930922229374, -0.4290967322865209, 10.092538365262406]",10.106977526820662,0.45026630023494363,0.007599678016267717,0.0014056479884311556,True,False,1.584744501883506e-06,1.26,389.62,4.34,0.00047998823877492213,50,"[1.4843115616779659, -1.2681064868607854, -0.09846186961398315, 0.26429993920037526]"
403,1,0.027102949193088654,0.027102949193088654,0.02891965016682348,"[0.3732168461772119, 4.001523007674591, 0.030581808696344602, 0.14541657493103796, 0.008383932275159735]","[0.9378460895877286, -0.04234331107285693, -0.2759636017100182, -0.616126321303614, -10.08251693327139]",10.148608944418138,0.5134231999982148,0.008798826015554368,0.0014696379844099283,True,False,1.6505858479831659e-06,1.26,416.64,4.34,0.0005368941075172983,50,"[1.483509405597999, -1.2740888481598291, -0.09899390494741128, 0.26844235486659457]"
404,1,0.02646658057161173,0.02646658057161173,0.02444353552671518,"[0.37312443488275454, 4.001527180001193, 0.030609000955224043, 0.14547728535200474, 0.009377419854344015]","[0.014820569044636014, -0.012519897148143729, 0.40508305214959356, -0.41757143521175244, 9.80713167813861]",9.82439139754137,0.4588756011798978,0.0077475480176508425,0.001429964005947113,True,False,1.8152566303797357e-06,1.26,401.86,4.38,0.0004808225599717275,50,"[1.4844341114112019, -1.268515969878525, -0.0985479538647153, 0.26477574453309866]"
405,1,0.027137169398308476,0.027137169398308476,0.029582334862694383,"[0.37312292633444416, 4.001528454369919, 0.030567768573927658, 0.14551978889428765, 0.00837917667771379]","[0.9224972077098756, -0.041961484710858005, -0.2967132579981968, -0.6177750810867741, -9.490492380512366]",9.559910684586892,0.4719841997139156,0.008090709992684424,0.0013489740015938877,True,False,1.42059719593135e-06,1.26,422.38,4.32,0.0005366506748845268,50,"[1.48343711944235, -1.2742822079260412, -0.09910545717260619, 0.26833531795622906]"
406,1,0.02643468535654347,0.02643468535654347,0.024188487856665438,"[0.3730264299091061, 4.00153284368757, 0.030598805815566905, 0.14558441032239558, 0.009371915280891412]","[0.0016301475967654333, -0.012043124723836205, 0.4010534721474488, -0.4111609860017337, 10.053715973528451]",10.070116673333377,0.5070544008631259,0.00868682200089097,0.0014542660163715483,True,False,1.7147658974181469e-06,1.26,434.28,4.32,0.0004789677147712723,50,"[1.4843507603164043, -1.2677944769130074, -0.0984410020893566, 0.26407388851034674]"
407,1,0.027157032133324554,0.027157032133324554,0.028757473964788956,"[0.37302626802939315, 4.001534039614599, 0.03055897971571946, 0.14562524013592193, 0.008373543931416061]","[0.9024041286437332, -0.04112874616279108, -0.22577248474878275, -0.5910585680957577, -9.716140518682673]",9.77853438965832,0.4859655008185655,0.008286788016557694,0.0014325219998136162,True,False,1.4029823535111062e-06,1.26,420.32,4.34,0.0005370598576760699,50,"[1.4835583837220205, -1.2743203596331625, -0.09900835794063007, 0.2686851142605509]"
408,1,0.026643524327303023,0.026643524327303023,0.024015409594108222,"[0.3729339838390848, 4.001538245638173, 0.030582068296863527, 0.14568568463041187, 0.0093671632337079]","[-0.02096271457315777, -0.011238126167830651, 0.4061631311792141, -0.39561194750263323, 10.305620515635766]",10.32123331997252,0.44691430078819394,0.007546633998863399,0.0013916520169004799,True,False,1.969407543924717e-06,1.26,397.2,4.36,0.0004759419305202073,50,"[1.4843461788295271, -1.2679661246390572, -0.09850615376900705, 0.2641499131711938]"
409,1,0.02716212799328889,0.02716212799328889,0.028599816064156597,"[0.372936014867153, 4.001539334473763, 0.03054271610720283, 0.14572401454072392, 0.008368675921664001]","[0.9356923146162578, -0.042261830571236496, -0.31455487821202405, -0.6036755320036342, -10.10196069746263]",10.168101347959789,0.4456619000993669,0.007524563991464675,0.0013886740105226636,True,False,1.6843781304487494e-06,1.26,399.2,4.36,0.0005347863044417523,50,"[1.4835196647342717, -1.2751126361259442, -0.09922512268819554, 0.2690695629551238]"
410,1,0.02653563874494526,0.02653563874494526,0.02424744842661859,"[0.37284399254336764, 4.001543490788607, 0.03057365156579208, 0.14578338408389488, 0.009362171201733773]","[-0.024838935957603073, -0.011120360948230023, 0.3998565703724, -0.3958914539598675, 10.452905656753252]",10.468074924471056,0.4553355013485998,0.007741398010402918,0.001365312016569078,True,False,1.6844740108012956e-06,1.26,398.5,4.36,0.0004733754863264039,50,"[1.4843349992205344, -1.2673045772978127, -0.09835604725010975, 0.2636982987604699]"
411,1,0.02747101599587073,0.02747101599587073,0.029171316101724794,"[0.3728463653708583, 4.001544553100544, 0.030535453848139195, 0.14582120301973348, 0.008363620299951526]","[0.9275964678651676, -0.041991220193968885, -0.25575827462968626, -0.5961708560437426, -10.231923376255311]",10.294429874061345,0.4390287990681827,0.007404493987560272,0.001376081993803382,True,False,1.7316843286607763e-06,1.26,399.64,4.3,0.0005401649725820335,50,"[1.4835064453257674, -1.2750704925438348, -0.09926498862683589, 0.26883181459675604]"
412,1,0.02623558700573465,0.02623558700573465,0.02384030693676691,"[0.37275625873269347, 4.001548632123929, 0.030560298184128046, 0.14587911500352269, 0.009357548424231876]","[-0.01794137839549724, -0.011319477894038239, 0.37730114471235277, -0.3862364111578313, 10.231331635409214]",10.245590845650105,0.48913999926298857,0.008350113988853991,0.0014326859964057803,True,False,1.5963855662448622e-06,1.26,418.98,4.34,0.0004820184723087095,50,"[1.4844624440351286, -1.2676244766645866, -0.09847168178609611, 0.2639357520045974]"
413,1,0.026816136888276016,0.026816136888276016,0.02881845455338974,"[0.3727580098643426, 4.001549736938484, 0.030523472475356382, 0.14591681282075342, 0.008358940165465184]","[0.9018727042052458, -0.04100922601216268, -0.1864501607400225, -0.5877407800659654, -9.869016501835986]",9.929387983743618,0.5229488995391876,0.008811204005032778,0.0016477739857509732,True,False,1.5172779330896446e-06,1.26,425.28,4.32,0.0005385283085072956,50,"[1.4836087566394538, -1.2744864703100858, -0.09922056697423401, 0.26837090150530585]"
414,1,0.026350527250215285,0.026350527250215285,0.0241029561262042,"[0.37266718123466364, 4.001553867024455, 0.03054225008390854, 0.1459760048657182, 0.009352860084497415]","[-0.012099630020212714, -0.011520383753411134, 0.36077278068066204, -0.3862464114118527, 10.10931712128287]",10.123137609879658,0.4913053985219449,0.00836805397644639,0.0014580539939925074,True,False,1.3479726027298965e-06,1.26,419.14,4.38,0.00048244548389618557,50,"[1.4844240327853415, -1.2677899853267507, -0.09845575317170172, 0.264092528821378]"
415,1,0.028230976693217932,0.028230976693217932,0.030075059783202292,"[0.3726683764797038, 4.001555005049463, 0.03050661164901332, 0.14601415967762127, 0.008354225322245635]","[0.9321928937264168, -0.04207318598212475, -0.2532482749626827, -0.5814378214838551, -10.728130498358961]",10.787295414650323,0.5218685993459076,0.00891739598941058,0.0015199759975075722,True,False,1.7930210998429174e-06,1.26,437.26,4.34,0.0005280174472434851,50,"[1.4836101874092533, -1.275740088647377, -0.09942672444592648, 0.26923183455378924]"
416,1,0.026483148418193245,0.026483148418193245,0.02408634894259099,"[0.3725819606676019, 4.001558905302896, 0.030530088179988386, 0.14606805991851393, 0.009348740637251699]","[-0.019092322333318663, -0.011335081297870841, 0.36040282299603177, -0.3815500631894417, 10.223022059336657]",10.236510326867618,0.5308302012272179,0.00887395799625665,0.0017426460282877088,True,False,1.5906399758591761e-06,1.26,392.3,4.3,0.00048403994783910773,50,"[1.4844032493273147, -1.2679767844262422, -0.09848129546849987, 0.26412779110953066]"
417,1,0.026519096775992762,0.026519096775992762,0.02887758192474877,"[0.3725838257878159, 4.00156001262179, 0.03049488059347183, 0.14610533336922796, 0.008350058300019472]","[0.912988066654987, -0.041216299703334826, -0.3311731140587287, -0.5686706718138103, -10.069140777166984]",10.131924987290377,0.582684300141409,0.010064804013818502,0.0015888819890096783,True,False,1.5422711234691633e-06,1.26,443.02,4.3,0.0005337382701969773,50,"[1.48365950209639, -1.2738278317446732, -0.09910173680170616, 0.267903761063919]"
418,1,0.02647186399958937,0.02647186399958937,0.024185056991972216,"[0.37249371575761825, 4.001564080585158, 0.030527566693540818, 0.1461614599860822, 0.00934386162848904]","[-0.02468258243713752, -0.011200631550581824, 0.3805533973160307, -0.39015767387144196, 10.471938270176613]",10.486146561874005,0.488723800284788,0.008319419994950294,0.0014550560107454659,True,False,1.7797537472574732e-06,1.26,403.52,4.34,0.0004936097540010565,50,"[1.4843147108034562, -1.2675892177990893, -0.09835475067765888, 0.2640310459176597]"
419,1,0.027334100102751085,0.027334100102751085,0.029204161713990175,"[0.3724960695853365, 4.0015651487212445, 0.030491275631325136, 0.14619866694972058, 0.008345216586920357]","[0.9384025754084385, -0.04225129412436052, -0.34427187279850385, -0.5828604909104833, -10.50636797515323]",10.569976445999224,0.5214487996418029,0.008955663996748625,0.0014733119960874319,True,False,1.8545162262739724e-06,1.26,441.54,4.38,0.0005329577710998023,50,"[1.4835250821021237, -1.274841205729544, -0.09926056010509696, 0.2685596373373319]"
420,1,0.025998359308115546,0.025998359308115546,0.023708502633092585,"[0.3724072895790504, 4.001569146014364, 0.03052384636358029, 0.14625380997618173, 0.009339198742683434]","[-0.02719712326625074, -0.01102102883597597, 0.36091380382357074, -0.36785929758707275, 10.246739757288074]",10.259732746850196,0.4454336997587234,0.007510219998657704,0.001398453996516764,True,False,1.5738076623961206e-06,1.26,403.74,4.38,0.00048619192935234423,50,"[1.4842704126960085, -1.2674302324328701, -0.09833625841658267, 0.2638695276404657]"
421,1,0.026105879176074,0.026105879176074,0.028391135743716205,"[0.37240994043984127, 4.001570220216696, 0.030488668663274286, 0.14628966464283122, 0.00834046514901988]","[0.8788644454170703, -0.04010111187189941, -0.1924683358701809, -0.5625209503027641, -9.613368116783548]",9.671831845168951,0.4713164996355772,0.008032117998227476,0.001394211994484067,True,False,1.5984229762011637e-06,1.26,427.78,4.34,0.0005407946840563227,50,"[1.4836528444250168, -1.2740528635221944, -0.0992130560522903, 0.2679594171192023]"
422,1,0.02627041643512844,0.02627041643512844,0.02418366352083435,"[0.37231907198189085, 4.001574366392157, 0.030508568547694466, 0.14634782538830837, 0.009334420406894988]","[-0.030737170866464884, -0.010829551898311607, 0.34568212540637894, -0.36566317868658954, 10.290067243294734]",10.30241484393184,0.45262280059978366,0.0076919000269845125,0.0013605559850111604,True,False,1.888201771578224e-06,1.26,407.82,4.32,0.00048117827305702574,50,"[1.4843924534823665, -1.2680406804532176, -0.09852702354272842, 0.2642035421758069]"
423,1,0.026212847874690488,0.026212847874690488,0.028453676077372363,"[0.3723220554737546, 4.001575417558516, 0.03047501504294733, 0.14638331834643425, 0.008335618922177372]","[0.9003402057387387, -0.04074615141389994, -0.3308007994795751, -0.5557354469203815, -9.91864512528334]",9.980484202288576,0.4570502997376025,0.00773675998672843,0.0014042460080236196,True,False,1.821466210287781e-06,1.26,409.1,4.38,0.0005355789481086504,50,"[1.4836685824588698, -1.2741742174830517, -0.09922301459551536, 0.268061039652071]"
424,1,0.02592102309444539,0.02592102309444539,0.02435101589354638,"[0.37223184540103665, 4.001579500141142, 0.03050815980754408, 0.14643900055940115, 0.00932942292238962]","[-0.039685297417038246, -0.01036623186061441, 0.36310682385550935, -0.35981839654232184, 10.351078125273107]",10.3637742440253,0.47697909851558506,0.008145783976651728,0.001393797993659973,True,False,1.676563124135555e-06,1.26,410.2,4.28,0.0004658700289257922,50,"[1.4844854812350776, -1.2676985524708215, -0.09848118390825127, 0.26393563083572674]"
425,1,0.02649555861950028,0.02649555861950028,0.02922443869028515,"[0.3722356746331753, 4.001580500378277, 0.03047312365032271, 0.14647371941645412, 0.008330647970277777]","[0.8975094295406965, -0.04055782585835436, -0.2205019316545519, -0.5506261305912777, -10.367447953599505]",10.423193149006723,0.5092225014232099,0.008756518010050058,0.0014279320184141398,True,False,1.6408018024094418e-06,1.26,434.02,4.3,0.0005325114238252126,50,"[1.4837387506152038, -1.274876649399998, -0.09923806542762119, 0.2688461169695755]"
426,1,0.02569006266161793,0.02569006266161793,0.024221066512878562,"[0.37214956767759805, 4.001584391491612, 0.030494278581300306, 0.1465265464266291, 0.009325299782289225]","[-0.015559191154821737, -0.011238359717636745, 0.31186414048958094, -0.3624514710650644, 9.992566297896637]",10.004018188608955,0.4366778996773064,0.007302832016721368,0.0014307259768247605,True,False,1.5033116980589511e-06,1.26,377.62,4.28,0.00047887189558906587,50,"[1.484295574381736, -1.2687213688591634, -0.09861261514311961, 0.2646983571954965]"
427,1,0.026076392999012397,0.026076392999012397,0.02837465825796887,"[0.37215112297176683, 4.0015855148761865, 0.030463104693510545, 0.146562777015598, 0.00832644451148656]","[0.920262990677751, -0.04143417218053824, -0.34724054478156746, -0.5651346267829195, -10.222761086462938]",10.28559177373211,0.5063535994850099,0.008724095998331904,0.0014029759913682938,True,False,1.4861952627143182e-06,1.26,432.24,4.34,0.0005357173296789597,50,"[1.4835718531675577, -1.2744806863297524, -0.09910940758439156, 0.2685934086951325]"
428,1,0.025606432656219983,0.025606432656219983,0.023722657994816362,"[0.3720616518931131, 4.001589543246463, 0.030496864593026935, 0.14661772131429857, 0.009320335899590887]","[-0.032847891077659924, -0.010604293917898393, 0.3670221255353459, -0.3530349747226286, 10.090680407825408]",10.103581615540065,0.47723040147684515,0.008152252035215498,0.0013923559943214059,True,False,1.6272723269139533e-06,1.26,412.08,4.34,0.0004854222057019797,50,"[1.484249469944338, -1.2682969277788534, -0.09847904747329711, 0.26448212123557735]"
429,1,0.026608241915929597,0.026608241915929597,0.029658151078458907,"[0.3720649030066612, 4.001590592804364, 0.030460538650458755, 0.14665266288137066, 0.008321612794181765]","[0.887278435318863, -0.04022944535538102, -0.14118867307633637, -0.550589032399953, -10.33518439949404]",10.388840191551925,0.5104426997713745,0.008704421985894441,0.0015044320095330477,True,False,1.6355468375195414e-06,1.26,424.96,4.3,0.0005307506552153996,50,"[1.4838955606211501, -1.2749183995242532, -0.09936705454337441, 0.2686532567574444]"
430,1,0.02577913462604762,0.02577913462604762,0.02391124409141357,"[0.3719794961259244, 4.001594465175544, 0.03047412906771992, 0.14670566100456778, 0.00931644804122923]","[-0.05354059358905436, -0.009857765156895827, 0.3449226772140556, -0.33626528275372125, 10.38142435893988]",10.392736958315071,0.5085856993682683,0.008701993990689516,0.001469719996675849,True,False,1.7093726114580932e-06,1.26,420.26,4.36,0.000477047360210463,50,"[1.4844434616214028, -1.268351075273189, -0.09839292148890941, 0.26488381130942823]"
431,1,0.02639101253992834,0.02639101253992834,0.02833617851152973,"[0.37198464785773466, 4.001595413699999, 0.03044094024762716, 0.14673801680112744, 0.008317536551447421]","[0.8953277484436544, -0.040582284420840796, -0.28637370015931346, -0.5460660227861716, -10.127180397143569]",10.185442528069922,0.5254009005147964,0.009064484019763768,0.0014435339905321599,True,False,1.7204406114501581e-06,1.26,442.18,4.34,0.0005346513801129049,50,"[1.4834897203108202, -1.2751620156544061, -0.09902046863621539, 0.2695701977987645]"
432,1,0.025394881850997787,0.025394881850997787,0.023992322424580048,"[0.3718967451725162, 4.001599398041799, 0.030469056227796113, 0.1467916292014947, 0.009311816413931542]","[-0.04559603022372807, -0.010084672408797037, 0.41667093726789267, -0.3396904324811601, 10.031635698271252]",10.046138548780961,0.49420889909379184,0.00841122598387301,0.0014729519980028272,True,False,1.8038683504073561e-06,1.26,412.36,4.38,0.00048501557570858724,50,"[1.484420299222385, -1.2683319059379492, -0.0985832611475953, 0.26447976796645273]"
433,1,0.02625323360183929,0.02625323360183929,0.028833210792626286,"[0.37190128383480897, 4.001600401877488, 0.030427580497075977, 0.14682544223630384, 0.008313260038408533]","[0.8656254101130234, -0.03957728704653701, -0.17878224261890657, -0.5438415496589423, -9.64344860166139]",9.699211378590508,1.0002985999453813,0.018127192012034356,0.001878779986873269,True,False,1.6141243094125456e-06,1.26,420.5,4.32,0.0005362919728798943,50,"[1.483566513588921, -1.2757787549352362, -0.09930832280884835, 0.2697189382462605]"
434,1,0.025001575540481276,0.025001575540481276,0.023626290383717045,"[0.37181203684593167, 4.001604482341919, 0.0304460131547037, 0.14688151293405183, 0.009307510830999108]","[-0.04263891273853261, -0.010113414498143411, 0.3552325929037734, -0.3387273665357655, 10.134784394873169]",10.146758177491884,0.5954709993675351,0.010092710009776056,0.0018167099775746466,True,False,1.6947611149475961e-06,1.26,402.38,4.38,0.00047917633601883834,50,"[1.484239474715169, -1.267496765136343, -0.09833909184951603, 0.26392101725246875]"
435,1,0.026727918163782553,0.026727918163782553,0.028603086303662713,"[0.3718162390661865, 4.001605479055778, 0.0304110036879701, 0.14691489575057087, 0.008308690891015134]","[0.8985629390864901, -0.04067039378375292, -0.3316339985608328, -0.5400682458916003, -10.230479919011637]",10.289482184685122,0.6660604977514595,0.011562605979852378,0.0017586039751768111,True,False,1.7017912338701536e-06,1.26,433.06,4.34,0.0005257176517866924,50,"[1.4835290899464757, -1.2745001354337464, -0.09913813607780973, 0.26841462518688314]"
436,1,0.025684624042784255,0.025684624042784255,0.023918546819645586,"[0.37172891077085823, 4.001609431673903, 0.03044323407552276, 0.14696738315821156, 0.009302956660117143]","[-0.04783199949567814, -0.01014346139603142, 0.3038692818817219, -0.3395204727670633, 10.47164212792218]",10.481664483141918,0.5448407987132668,0.009258573986589908,0.0016382419876754283,True,False,1.640083731899722e-06,1.26,380.82,4.28,0.000477363794026644,50,"[1.4843409479754792, -1.2682057178859585, -0.09843826503479179, 0.2644928200755086]"
437,1,0.026080824708644687,0.026080824708644687,0.02841346956327579,"[0.37173347416816677, 4.001610399407741, 0.03041424351945779, 0.14699977500525843, 0.008303912839952406]","[0.873639035823144, -0.039809636996602935, -0.20719414137808856, -0.5400918261733958, -9.846646126481808]",9.902317834991548,0.6055455007590353,0.01044848800636828,0.0016624220088124276,True,False,1.5353589688515967e-06,1.26,439.74,4.34,0.0005362976363821304,50,"[1.483754505068878, -1.2748416183127593, -0.09932924064933468, 0.268652193460447]"
438,1,0.025216192128355228,0.025216192128355228,0.023986992374144554,"[0.3716452484567431, 4.0016144196419585, 0.030435167321825052, 0.1470543169655468, 0.00929829075122209]","[-0.05179867863797453, -0.009852164937493453, 0.36300351341430553, -0.33662050366469715, 10.316371574956177]",10.328377779451378,0.6148631004616618,0.010580614013597368,0.0017166479956358671,True,False,1.6290532354901188e-06,1.26,426.46,4.34,0.00047908177872017175,50,"[1.4843204433011141, -1.2682331263039244, -0.09852221123609875, 0.264321268796871]"
439,1,0.025858694800454895,0.025858694800454895,0.028943296613618563,"[0.3716502636372235, 4.001615373534733, 0.030400021094495782, 0.14708690877336214, 0.008299453199551384]","[0.8666583517164923, -0.03937243266898129, -0.17767921526773534, -0.5290436084293532, -10.038276849626968]",10.091139977226016,0.9982201007660478,0.017689416017383337,0.00227498599793762,True,False,1.7041635248915555e-06,1.26,453.5,4.3,0.0005301005345600629,50,"[1.4834732801259165, -1.2755971529368562, -0.09913107410328298, 0.2697863756613946]"
440,1,0.02502672699838977,0.02502672699838977,0.023803014229527946,"[0.3715643805404092, 4.001619275218067, 0.030417628541786288, 0.14713933531878426, 0.009294214630993905]","[-0.0497805998368144, -0.009866936385644738, 0.36988076379206936, -0.32814377575835224, 10.111352849427414]",10.12356271414219,0.5444079982116818,0.009119639983400702,0.0017685199808329345,True,False,1.929775390578925e-06,1.26,373.22,4.34,0.00048133972643825016,50,"[1.4844805236447136, -1.268222098048893, -0.09861350492735549, 0.2643333495030787]"
441,1,0.02535324837995681,0.02535324837995681,0.027635881889347635,"[0.371569297840893, 4.001620249868658, 0.030381091921803795, 0.147171749181867, 0.008295420714865595]","[0.876669989268252, -0.03962646166444088, -0.3901515987447274, -0.512654588476734, -9.847618636745844]",9.907610526177391,0.5955527010373771,0.010206340025179087,0.0017047139955684543,True,False,1.7608469306651387e-06,1.26,414.96,4.34,0.0005311993720732744,50,"[1.4836294358459243, -1.2735315843772956, -0.09897982384461426, 0.26782334882075964]"
442,1,0.025341960536094787,0.025341960536094787,0.023732954545469743,"[0.3714808133383115, 4.001624249466902, 0.030420470902000334, 0.14722349269631688, 0.00928936558277628]","[-0.06452016405871944, -0.009387818330547592, 0.4276907413316694, -0.3310145082675154, 10.31645578750494]",10.330827700293513,0.6352441993076354,0.011067503984086215,0.001637380002066493,True,False,2.1610309818242967e-06,1.26,423.98,4.3,0.0004699673251516856,50,"[1.4843899275930974, -1.2679328633449842, -0.09847639221142666, 0.26420011249135034]"
443,1,0.025882496736535067,0.025882496736535067,0.028496058712919412,"[0.371487058739544, 4.001625158185797, 0.030379071436856014, 0.14725553412783027, 0.008290756750473981]","[0.8654222138435269, -0.03942000034271836, -0.20568540677147185, -0.5233490797429385, -9.93667198918927]",9.990203226721967,0.6532045006752014,0.011438000011257827,0.001626090002246201,True,False,1.8285175207211069e-06,1.26,459.2,4.34,0.0005338754398644596,50,"[1.4835964293374897, -1.2749055985436235, -0.09918572140542359, 0.26890522217209734]"
444,1,0.025011944521043605,0.025011944521043605,0.02376613632323583,"[0.37140043165157427, 4.0016291040515055, 0.030399660147824446, 0.14730792035740073, 0.009285398377144382]","[-0.05912754441479391, -0.009464192557770456, 0.3724014590039658, -0.3151319201668031, 10.095666923811509]",10.107624213818365,0.5584115998353809,0.009388163997791708,0.0017800679989159107,True,False,1.6527247950648416e-06,1.26,379.76,4.34,0.00047801814246213327,50,"[1.4844997403718294, -1.2678738494091568, -0.09855853620149264, 0.26410843295530834]"
445,1,0.02526472466340263,0.02526472466340263,0.027876405041328624,"[0.3714062814480406, 4.001630040393454, 0.030362816528484302, 0.14733909800246048, 0.008286581374330736]","[0.8766737789612061, -0.03957111332138581, -0.38769319764937593, -0.5063704299574985, -9.972162342163085]",10.030995045060191,0.5387428002431989,0.009192929989658295,0.0015819260152056813,True,False,1.6530886938426193e-06,1.26,416.4,4.34,0.000530705397127349,50,"[1.4836808369024064, -1.2739866022251676, -0.09903882859730322, 0.2681872010978095]"
446,1,0.025110565936925823,0.025110565936925823,0.023411777040063787,"[0.3713188849559742, 4.0016339852776, 0.030401466053867295, 0.14738957858067156, 0.00928071628281918]","[-0.04623565762811728, -0.0099311621011424, 0.3418453470904872, -0.31256183976016133, 9.813508394574367]",9.82454764960709,0.5594311987515539,0.00960472799371928,0.0015838959813117982,True,False,1.6392632531392337e-06,1.26,414.86,4.36,0.0004903032778571514,50,"[1.4844826895436363, -1.2691768866527326, -0.09852471707754169, 0.2657307554110025]"
447,1,0.025574353522668614,0.025574353522668614,0.028264867578620845,"[0.37132359109199925, 4.001634996129443, 0.030366671032330667, 0.14742139295532533, 0.00828183992295258]","[0.857866658869955, -0.038953892308997366, -0.2649755589407675, -0.5033838051360802, -9.959837179789385]",10.012962426782144,0.5114435004070401,0.008782745990902185,0.001446124017238617,True,False,1.8622534850010197e-06,1.26,421.08,4.34,0.0005285072810974612,50,"[1.4837314783842523, -1.2744966538389098, -0.09917575027733552, 0.26853309066721287]"
448,1,0.02512843831147044,0.02512843831147044,0.023918565355768213,"[0.37123791548250235, 4.001638886475841, 0.030393134285424034, 0.14747166616954807, 0.00927653427556042]","[-0.07029056746993702, -0.009060067284672482, 0.398098681883133, -0.3093560928268323, 10.192872363766485]",10.205579534030155,0.47635400108993053,0.008148176013492048,0.001378904008306563,True,False,1.691881748797641e-06,1.26,407.5,4.4,0.0004750669757970627,50,"[1.4846291365059017, -1.2687999429532903, -0.09870995409846892, 0.26484323751228867]"
449,1,0.026144386076392162,0.026144386076392162,0.028155247965517872,"[0.37124480294707296, 4.0016397742321175, 0.030354126340748605, 0.14750197861694658, 0.008277779395567574]","[0.8752512621023937, -0.039600971364596456, -0.25422540744039657, -0.5098192347830687, -10.42785341932926]",10.480090942053167,0.5254158996976912,0.009082880010828376,0.0014254379831254481,True,False,1.5143130968908736e-06,1.26,446.76,4.34,0.000527712864199259,50,"[1.4837811812026864, -1.2742704057336873, -0.09915500387798858, 0.26832866160578944]"
450,1,0.025288931261868222,0.025288931261868222,0.023858750340973768,"[0.3711612873299988, 4.001643552917969, 0.030378384279808657, 0.14755062506835176, 0.009272794942282983]","[-0.07476601391535721, -0.00906074335907546, 0.38704206628858473, -0.31564118432193267, 10.483506074557203]",10.495665895382812,0.44673819839954376,0.007505071978084743,0.0014296919899061322,True,False,1.55499199024689e-06,1.26,388.22,4.3,0.0004757407793997004,50,"[1.4845001086396559, -1.267887315534327, -0.09852847521791212, 0.26413189883281973]"
451,1,0.025991796713067908,0.025991796713067908,0.02840985780990572,"[0.3711684108431378, 4.0016444162022475, 0.0303415079091134, 0.1475806985470084, 0.008273953498771506]","[0.864239518881149, -0.03927578078445557, -0.2082710942235864, -0.5125638623590484, -10.171365212122502]",10.223072990691865,0.43218319956213236,0.007143699987791479,0.0014999640034511685,True,False,1.3870248605485358e-06,1.26,385.28,4.36,0.0005318890430183387,50,"[1.4835734579838014, -1.2753767185237037, -0.09927440578175764, 0.26912445332184615]"
452,1,0.02475675342559815,0.02475675342559815,0.023414691813061897,"[0.37108387270870563, 4.001648258078444, 0.030361880559723723, 0.14763083649112516, 0.009268895549991194]","[-0.06478868697387816, -0.009169341482247491, 0.31947275054606533, -0.3012595367267541, 10.176420435042804]",10.186100071585301,0.47884990042075515,0.008179101999849081,0.0013978960085660218,True,False,1.2527562188324736e-06,1.26,410.38,4.36,0.000475876871280434,50,"[1.4843568168866785, -1.2677372550567003, -0.09839540857083537, 0.2640122225479019]"
453,1,0.024772998010792868,0.024772998010792868,0.027774313339851513,"[0.37109023320845647, 4.001649158260204, 0.03033051696146045, 0.14766041204355249, 0.008269845829045348]","[0.8532042817702944, -0.03860896629862469, -0.41726637085833396, -0.4788574440998885, -9.745504773055025]",9.803454858179704,0.47773179947398603,0.008083717999979853,0.001470917989499867,True,False,1.9143310800018297e-06,1.26,421.18,4.4,0.0005300334797493633,50,"[1.4835466064447898, -1.2734945678181626, -0.09890562346459564, 0.26786503356277014]"
454,1,0.02453988504629836,0.02453988504629836,0.023194009961029622,"[0.3710032022286615, 4.001653096562246, 0.030373080157481865, 0.14770925782812316, 0.009263934638862183]","[-0.07154274021921954, -0.008920091596494865, 0.3647233018833451, -0.29939442719629494, 10.185701670933447]",10.19688072750395,0.5007367003709078,0.00857509400229901,0.001439640005119145,True,False,1.8705186522538497e-06,1.26,418.2,4.4,0.0004806526165666014,50,"[1.4843590109538607, -1.2673132752821, -0.09826285448800998, 0.26386362608169844]"
455,1,0.02546165615656339,0.02546165615656339,0.028782617037206276,"[0.37101021836841286, 4.001653971348549, 0.030337312032739185, 0.1477386192019754, 0.008265030960165546]","[0.8405248036972999, -0.038321745825965245, -0.0948481134683999, -0.5058470335584581, -10.032715152100476]",10.081081351274198,0.5035981992259622,0.008629515985958278,0.0014424479985609652,True,False,1.765092046071004e-06,1.26,439.74,4.28,0.0005300351899356314,50,"[1.4837736536625141, -1.2745501851984704, -0.09929065311165064, 0.2684284811872278]"
456,1,0.025007903257484348,0.025007903257484348,0.023598118229314315,"[0.3709268419155973, 4.00165777270125, 0.030346720558486973, 0.14778879705650133, 0.009260233240706331]","[-0.07153196141494286, -0.009027142192059703, 0.3636404014628735, -0.30474466869311156, 10.246061869317188]",10.257294272630995,0.5177245007362217,0.008854468017816544,0.0015000219969078898,True,False,1.7440781380173575e-06,1.26,414.96,4.4,0.0004692251048675189,50,"[1.4842877866209259, -1.2679156494298418, -0.09844645070902576, 0.2641924634261609]"
457,1,0.02580057437112268,0.02580057437112268,0.027713697755206903,"[0.37093381568075473, 4.001658652771759, 0.030311268675001706, 0.1478185071009403, 0.008261328305741434]","[0.8773555154438193, -0.03974462210871458, -0.3873735549803355, -0.5051818693912987, -10.06487005434735]",10.123152104884333,0.5060347004327923,0.008603282002732159,0.0015174120059236885,True,False,1.7689655592789678e-06,1.26,413.14,4.36,0.0005298243505353639,50,"[1.4836413850505141, -1.2755683854190492, -0.09927265267290822, 0.26943281955484716]"
458,1,0.02458890102003472,0.02458890102003472,0.0234565141537458,"[0.37084714746652, 4.001662578883082, 0.030349534775414754, 0.1478684107143709, 0.00925557100298362]","[-0.0796588354720169, -0.008675298879899327, 0.38609172002518916, -0.293489532198999, 10.221040374958102]",10.232853466124954,0.4744317000731826,0.007989529981277882,0.0014991040201857687,True,False,1.8143726885000433e-06,1.26,391.28,4.38,0.00047721413632075384,50,"[1.4841760447273675, -1.2678529126347915, -0.09835877285130247, 0.26423297209886915]"
459,1,0.02500233713676375,0.02500233713676375,0.028214708985349845,"[0.37085493208258313, 4.0016634266719135, 0.030311804173558138, 0.1478970918181453, 0.00825672543094497]","[0.8489241839173042, -0.03845615916613255, -0.26867231743678394, -0.48819620808140796, -9.968198316023987]",10.019862731871273,0.5305862992536277,0.009153049979358912,0.0014586760057136417,True,False,1.6289235188082784e-06,1.26,436.58,4.32,0.0005226829695234869,50,"[1.4835987914035522, -1.2748991501067162, -0.09916106582716706, 0.2690039029787557]"
460,1,0.024777730686351505,0.024777730686351505,0.02325110128016944,"[0.3707702079494738, 4.001667264664528, 0.030338618145425773, 0.1479458146620701, 0.009251569230882689]","[-0.057504747062804625, -0.009451257004970121, 0.2974390009818493, -0.29369715078538894, 9.944837827210112]",9.95378940441214,0.48686929955147207,0.008306251978501678,0.001431134012527764,True,False,1.9502253189784824e-06,1.26,398.18,4.32,0.0004756192263255343,50,"[1.4844439837319245, -1.267968767261118, -0.09851269189530075, 0.264150888075231]"
461,1,0.025371761460601414,0.025371761460601414,0.029148524468959828,"[0.37077598512083243, 4.001668214177987, 0.030308736158891066, 0.1479753207264264, 0.008252468544484519]","[0.8648713771903479, -0.03906141186550918, -0.3198326461124789, -0.4908944285983949, -10.219547980619879]",10.272874937558628,0.5679913014173508,0.009781038002111019,0.0015787880262359978,True,False,1.7623582948544936e-06,1.26,444.16,4.3,0.0005297658864921573,50,"[1.4837879218466703, -1.274305346307398, -0.09919327961252637, 0.2683765620680506]"
462,1,0.024779968523781008,0.024779968523781008,0.023591057363778697,"[0.3706917953120045, 4.001672016561653, 0.030339869862749565, 0.14802310622284628, 0.00924727749930411]","[-0.08874528090136242, -0.00839372175583809, 0.38851837313327664, -0.2858095300410807, 10.33012996671864]",10.341767978564887,0.5223557997960597,0.00890893000178039,0.0015381859941408038,True,False,1.3046520496118318e-06,1.26,418.54,4.34,0.0004762453056773097,50,"[1.4845246810761763, -1.2678303513042333, -0.09850615181432996, 0.2641346066234341]"
463,1,0.02494494676795594,0.02494494676795594,0.027724515355192242,"[0.37070037656049865, 4.001672828194806, 0.03030230197552748, 0.14805074265122156, 0.008248402840045582]","[0.8647296193933656, -0.03893235695027623, -0.4440587056554061, -0.468236427502439, -10.217314819592886]",10.274202093197063,0.554898000555113,0.009636144009418786,0.0014618160016834736,True,False,1.3716940827634971e-06,1.26,472.82,4.3,0.0005330627397501076,50,"[1.483438847832068, -1.2741813457754392, -0.09895293157294864, 0.2685146794682217]"
464,1,0.025163694019392557,0.025163694019392557,0.024164604513839685,"[0.37061621142422185, 4.00167661752624, 0.030345522724115462, 0.1480963166455045, 0.009242865935662875]","[-0.08379862135874677, -0.008591767633086615, 0.3975130789689665, -0.28968705409663476, 10.204523720673803]",10.216718437466582,0.467820800608024,0.007962384000420571,0.0013940320117399097,True,False,1.4832507221740344e-06,1.26,407.72,4.38,0.00047779256338486675,50,"[1.4847144241122916, -1.2684539749530455, -0.09866871147366854, 0.26461034272990824]"
465,1,0.02461393999136241,0.02461393999136241,0.027982279019676547,"[0.3706244135315681, 4.001677458478027, 0.030306614626435847, 0.1481246708627457, 0.008244059539838837]","[0.8414843440366737, -0.03812735307435164, -0.2936680777744479, -0.47290686205693466, -9.981894122811523]",10.032828201230936,0.4956112978979945,0.00846493598073721,0.001447289977222681,True,False,1.784923088052892e-06,1.26,421.22,4.36,0.000528685127939923,50,"[1.4835716012565958, -1.2739138821513591, -0.09906980514843289, 0.2680322045948396]"
466,1,0.024417409260090183,0.024417409260090183,0.02326230437856419,"[0.370540540437454, 4.001681258737765, 0.030335885343710678, 0.14817180681011013, 0.009238982797927908]","[-0.08206108145370283, -0.008573349235060885, 0.40648931464581667, -0.2860875971111199, 10.08701583106514]",10.099592842075726,0.4411028001923114,0.007388274013064802,0.0014337819907814264,True,False,1.8677746973594367e-06,1.26,388.92,4.34,0.00046904639223157576,50,"[1.484388376842439, -1.2679672323216056, -0.09846718147470211, 0.2642425923034868]"
467,1,0.025218595798579505,0.025218595798579505,0.027951789993541403,"[0.370548665624551, 4.001682107618445, 0.030295637254410274, 0.14820013345669444, 0.008240228096843022]","[0.8366976607688738, -0.0381133225589284, -0.22750706971662105, -0.48021150372757176, -9.93877226756817]",9.9881465919638,0.5086135000456125,0.008787910006940364,0.0013843599939718843,True,False,1.6489656229623506e-06,1.26,442.92,4.34,0.0005252486490306297,50,"[1.4835250639257145, -1.2749368461517248, -0.09919047152112857, 0.26897481320152955]"
468,1,0.024548030217839883,0.024548030217839883,0.02363328065725132,"[0.3704648965635965, 4.001685923473789, 0.030318414960724367, 0.14824821159604273, 0.009235284804818212]","[-0.08225936187676496, -0.008445675395605829, 0.4099144095513371, -0.27798501128577585, 9.916895554789447]",9.929600236983829,0.466579100349918,0.007908896002918482,0.0014226860040798784,True,False,1.5151168324223363e-06,1.26,391.54,4.34,0.00047546070975982955,50,"[1.4845428689321203, -1.2680774280807632, -0.09850017105217587, 0.26441334707701947]"
469,1,0.024891705293594607,0.024891705293594607,0.02784611520825166,"[0.3704731808207574, 4.001686774029219, 0.030277132895009044, 0.14827620718545453, 0.008236564280616823]","[0.8529379707860091, -0.03854336945630918, -0.29279838795290103, -0.474848983197452, -10.263758305513711]",10.314307333998283,0.5143627997022122,0.008804993997327983,0.0014822619967162609,True,False,1.5962055107365813e-06,1.26,442.2,4.34,0.0005282071011964717,50,"[1.4835888730719662, -1.2744241380892933, -0.09914267228235846, 0.268400342022359]"
470,1,0.024489538061866406,0.024489538061866406,0.023179199422406413,"[0.37039048617698894, 4.0016905109131615, 0.030305520490844916, 0.148322245079011, 0.00923166341545518]","[-0.0810021156177255, -0.008408651176800053, 0.336456392460235, -0.26777673315692996, 9.924938849558416]",9.934583559388418,0.4718200003262609,0.008065434000454843,0.0013709660060703755,True,False,1.4731919753785404e-06,1.26,409.74,4.36,0.0004739312393303408,50,"[1.4845683552017492, -1.268084544560279, -0.09845485906124268, 0.2644997164338789]"
471,1,0.025130594404427716,0.025130594404427716,0.028592094167083335,"[0.37039863972616643, 4.001691357315139, 0.030271653304524016, 0.14834919907577687, 0.008232634237309099]","[0.8330889897780164, -0.03799800888600803, -0.3396579745066348, -0.46219453467162913, -9.795927440128345]",9.84807934844934,0.4791512005031109,0.008228908013552427,0.0013541159965097904,True,False,1.7482517148437183e-06,1.26,426.36,4.4,0.0005340532501810457,50,"[1.4835973966319969, -1.2736972193679659, -0.09921203128325304, 0.26751463419395577]"
472,1,0.024572639811394147,0.024572639811394147,0.02340150451659533,"[0.3703140456687653, 4.001695215733369, 0.030306143072777725, 0.14839613153014397, 0.009227338594628893]","[-0.1057620922302165, -0.007634725123302061, 0.3525571465400178, -0.26153446825787263, 10.404668611670134]",10.41446444362444,0.48756260029040277,0.008296584011986852,0.0014546679938212037,True,False,2.046661067254263e-06,1.26,408.48,4.36,0.000471929716836712,50,"[1.4844987777800873, -1.2678127739160432, -0.09844160923337243, 0.264197982896144]"
473,1,0.02558669360229001,0.02558669360229001,0.028212144805359895,"[0.3703242009765867, 4.001695948821966, 0.03027229042981038, 0.1484212441482386, 0.008228279193447622]","[0.8502258237098935, -0.03851839048946826, -0.2934066642521131, -0.47116285092423155, -10.317134404501573]",10.36704933146253,0.498711199965328,0.008518847995437681,0.0014553760038688779,True,False,1.5104374037377966e-06,1.26,417.74,4.34,0.000527505867037803,50,"[1.4836578410040828, -1.2742903830070538, -0.09913162380860399, 0.268310727650891]"
474,1,0.024783065576324384,0.024783065576324384,0.02405216599419906,"[0.3702421886511464, 4.001699664285185, 0.03030059227875918, 0.14846669226330148, 0.009223464426356213]","[-0.09346893259459745, -0.00807963260317734, 0.4114776622414261, -0.2668075370172277, 9.990908573869545]",10.003377228795095,0.4746025006752461,0.00805293400771916,0.0014391160057857632,True,False,1.717618905558993e-06,1.26,411.12,4.38,0.0004733624084175858,50,"[1.4845573211229954, -1.2680464851361408, -0.09866417493693158, 0.264098974532992]"
475,1,0.025407031825317374,0.025407031825317374,0.028671281276794674,"[0.3702515323888109, 4.00170047197567, 0.03025945840438965, 0.14849336400934166, 0.00822471087099577]","[0.8326878248902156, -0.03797068360792918, -0.23104396070303884, -0.4685767461970151, -10.017808767746468]",10.065994673777945,0.5152719994075596,0.008848845986649393,0.0014565940015017985,True,False,1.8236008807548387e-06,1.26,441.26,4.34,0.000529250829325747,50,"[1.4836975235468626, -1.2748332401041722, -0.09910684261141878, 0.269034996496601]"
476,1,0.024116403528150712,0.024116403528150712,0.02276393913899041,"[0.3701688095331177, 4.001704244149691, 0.03028241132341731, 0.14853991447567272, 0.009219923871937225]","[-0.10755722199598731, -0.0073571905611883245, 0.38491761249366846, -0.2452506789128556, 10.04998213254967]",10.060918099892232,0.45281269936822355,0.007631546002812684,0.0014247079845517874,True,False,1.8367367567861947e-06,1.26,392.04,4.36,0.0004729300512568102,50,"[1.4843504399340288, -1.2680193860688218, -0.09836405739539458, 0.26457235991889416]"
477,1,0.025042700710066423,0.025042700710066423,0.028385094029899804,"[0.37017950013022993, 4.0017049754140235, 0.030244152626881498, 0.14856429104612617, 0.008221010847125065]","[0.8215616736280146, -0.037393259352731724, -0.1790349251552942, -0.4603919076266193, -10.108289475828593]",10.153713221260487,0.4854164009448141,0.00829537599813193,0.0014129520207643508,True,False,1.9054853413535965e-06,1.26,423.3,4.34,0.0005284342806777431,50,"[1.4837452725724414, -1.2746230575413642, -0.09921290503701141, 0.2686280711867061]"
478,1,0.024020057036205023,0.024020057036205023,0.023034172383443064,"[0.37009858769399656, 4.001708658131719, 0.030261785085198598, 0.14860963326700133, 0.009216537237772745]","[-0.09443947635061431, -0.008009839530138205, 0.39655706939022184, -0.2687507113348147, 10.144671643312812]",10.15641817655142,0.4481044006533921,0.007551226001232862,0.001410862011834979,True,False,1.5680086573865992e-06,1.26,394.58,4.44,0.000472922882017599,50,"[1.4845295693613885, -1.2681841812975154, -0.09846219599361652, 0.26452918011263193]"
479,1,0.025377425194471583,0.025377425194471583,0.028646898265224985,"[0.3701078861961555, 4.001709446779782, 0.03022274011260514, 0.14863609443733092, 0.008217693800453924]","[0.847799982607385, -0.038390071817889906, -0.25795165226565087, -0.46245960767760147, -10.524625725608427]",10.572057189397997,0.4972227003891021,0.008562291995622218,0.0013821620121598243,True,False,1.5174615953128523e-06,1.26,422.2,4.32,0.0005327699230028315,50,"[1.4835865228454803, -1.2755032599791152, -0.0992050531424491, 0.2696097040251479]"
480,1,0.023851796696131165,0.023851796696131165,0.022784682191618093,"[0.3700276936690684, 4.001713078057132, 0.030247139493692475, 0.14867983801526935, 0.009213207307055774]","[-0.08344129779020182, -0.008228273206065234, 0.31733533304038863, -0.2555318625213852, 9.89073043504268]",9.899473568816473,0.5141793009825051,0.008784222020767628,0.0014993639988824725,True,False,1.5338663274633291e-06,1.26,423.68,4.42,0.00048027180673017257,50,"[1.4845135327083372, -1.2677929494217703, -0.0985374380196199, 0.2639856843632613]"
481,1,0.02429490513342785,0.02429490513342785,0.027044088894321992,"[0.3700361225311894, 4.001713909240038, 0.030215083715089464, 0.1487056506870967, 0.008214090498945942]","[0.8557916689614697, -0.03850710353258745, -0.5035255326457128, -0.4542415810571647, -9.959507268926023]",10.01925748713267,0.5355607990641147,0.009197442000731826,0.001513773980550468,True,False,1.7286785129044803e-06,1.26,443.22,4.4,0.0005237652578179564,50,"[1.4836319395094044, -1.2734964966715165, -0.09890774113113272, 0.2678829669261782]"
482,1,0.02417518318782704,0.02417518318782704,0.02315610110827202,"[0.3699507078515113, 4.001717752549143, 0.030265339488358304, 0.14875098753781596, 0.00920812696130082]","[-0.10233501712575295, -0.007690494630545833, 0.4299115655401847, -0.25978566019398824, 10.070383463686778]",10.083425372786845,0.45675549982115626,0.0077134340116754175,0.001421675984747708,True,False,1.615802825369883e-06,1.26,390.66,4.36,0.000475647124407601,50,"[1.4843601466638436, -1.2679776743705937, -0.09845331398817704, 0.2642374544684599]"
483,1,0.024568110329507648,0.024568110329507648,0.027776356373676047,"[0.3699608566861912, 4.001718515235864, 0.030222704019794436, 0.14877675116977274, 0.008209420362066594]","[0.8404169241158224, -0.03777845762490399, -0.34009006951002335, -0.4384809013903461, -10.531664553851135]",10.57977376172613,0.5026623003650457,0.008596890019252896,0.001456355988048017,True,False,1.8277424095458628e-06,1.26,431.48,4.3,0.0005307928273725793,50,"[1.4835730927310284, -1.2748721625673631, -0.09902560002686753, 0.2691870183081123]"
484,1,0.024269686244360843,0.024269686244360843,0.022712703019017982,"[0.36988142049568623, 4.001722086054907, 0.030254849326219437, 0.1488181963756178, 0.009204873080626182]","[-0.10230554603453411, -0.007627354892216586, 0.31124889400424205, -0.23959810563585865, 10.078510692203874]",10.086683572929362,0.5038230021018535,0.00866230002604425,0.0014141600159928202,True,False,1.508806551271391e-06,1.26,413.36,4.38,0.0004757822062080663,50,"[1.4843419465620116, -1.2676502605061695, -0.0984199961465733, 0.2639436806007076]"
485,1,0.024354302896817684,0.024354302896817684,0.027750659040349172,"[0.36989156313030785, 4.001722842235552, 0.03022399191984568, 0.14884195027885863, 0.008205683345136373]","[0.8170588199852952, -0.03710021940929116, -0.23460651895664, -0.4446244865118896, -10.018206843091736]",10.064102595130327,0.4836339994799346,0.008264934006147086,0.0014077459834516048,True,False,1.5992959373534178e-06,1.26,429.26,4.32,0.0005314482063363357,50,"[1.4838117204987298, -1.2744131882036285, -0.09921083314492884, 0.2684194051999945]"
486,1,0.02378127559922161,0.02378127559922161,0.02280451215363771,"[0.36981037766819824, 4.001726528626769, 0.030247303140763366, 0.14888612952705935, 0.009201123002810745]","[-0.1333969136071025, -0.0064393913477332, 0.3959788744434571, -0.2278581448395616, 10.422154919240096]",10.433018161880895,0.5240167966112494,0.009074437962844968,0.001405897969380021,True,False,1.6424213902155316e-06,1.26,437.86,4.34,0.00047327587449956353,50,"[1.4844580986618179, -1.2679274532700422, -0.09837649036382261, 0.2645793462864409]"
487,1,0.0241613498020505,0.0241613498020505,0.02729598431700036,"[0.36982316370111074, 4.001727145839473, 0.030209348747484124, 0.14890796962560823, 0.008202164239725241]","[0.8271945401873698, -0.03737383211738913, -0.38260682212794733, -0.4367924326520542, -9.982604830050773]",10.033704321593142,0.5080811004154384,0.008719552005641163,0.0014420700026676059,True,False,1.6412521600273066e-06,1.26,439.34,4.36,0.0005187904265409316,50,"[1.4838256491964563, -1.2742141502782127, -0.09903135093968912, 0.26869501286275843]"
488,1,0.02422068223174834,0.02422068223174834,0.02322062445003093,"[0.3697407221108872, 4.001730870668401, 0.03024748090783356, 0.14895150214546418, 0.009197071455355733]","[-0.1416601510993695, -0.006226314761562799, 0.46959528428735126, -0.23248212145772076, 10.420905032861102]",10.435034055389433,0.4883870994672179,0.008298991974443197,0.0014687500149011613,True,False,1.8635443544212648e-06,1.26,414.14,4.32,0.0004683591153695943,50,"[1.48440078475608, -1.267946579778659, -0.09843763609325097, 0.26444771375183745]"
489,1,0.024250684472858303,0.024250684472858303,0.027560220906611314,"[0.3697542975482393, 4.001731467342521, 0.03020247911083417, 0.14897378114524526, 0.008198425454149793]","[0.8054230188953686, -0.036763539334193684, -0.2326675883296786, -0.44061703420785187, -9.76197381638774]",9.807877862541112,0.5344259995035827,0.00917704198975116,0.0015114780003204942,True,False,1.424837611239127e-06,1.26,438.62,4.32,0.0005281288724953015,50,"[1.4836051351518158, -1.2744767948652675, -0.09894922325136936, 0.26895358327295893]"
490,1,0.024173611649702855,0.024173611649702855,0.02308521926339905,"[0.36967217753919135, 4.001735215710909, 0.03022620163180831, 0.14901870595368377, 0.009193745130047878]","[-0.12301576585822666, -0.006963737921664037, 0.40401899274835307, -0.24063541932610108, 10.351702061969712]",10.363110233111446,0.4833164995070547,0.008240187987685204,0.0014261420024558901,True,False,2.5229249985159187e-06,1.26,421.16,4.34,0.0004759256133542067,50,"[1.4844729862823995, -1.268830851350457, -0.09852863146135095, 0.2653479627893409]"
491,1,0.02398369754407984,0.02398369754407984,0.027233145120956967,"[0.36968404808414157, 4.001735887684647, 0.030187215363823003, 0.14904192633963836, 0.008194845974474311]","[0.7985998444858718, -0.03630367494632313, -0.22473944743440463, -0.4220440278040293, -10.015259752834293]",10.058485798857005,0.5310286993626505,0.009159035999327898,0.0014615379879251123,True,False,1.6644087040162958e-06,1.26,452.08,4.36,0.000532442479883457,50,"[1.4836981812707908, -1.274686775518442, -0.09905802683547754, 0.26915546445350474]"
492,1,0.023849302190355245,0.023849302190355245,0.022926530123780264,"[0.36960465245140156, 4.001739496943104, 0.03020955863217435, 0.14908388534183828, 0.009190548503872591]","[-0.12798237954416355, -0.006674183827011782, 0.34039451292318473, -0.2316675557905809, 10.531338881753918]",10.540164180760165,0.5061733992770314,0.008744952008128167,0.0013785159774124622,True,False,1.6725900525216275e-06,1.26,433.32,4.3,0.00047369183222457424,50,"[1.4844642323866246, -1.2679678820409879, -0.09836048550284321, 0.2645474269576549]"
493,1,0.02468625792921051,0.02468625792921051,0.02834859195185283,"[0.3696167948030137, 4.001740130157512, 0.03017726364064924, 0.1491058648434661, 0.008191385805821029]","[0.8041077221811999, -0.03663370334725182, -0.10654358317851802, -0.4336185405571852, -10.347310156485854]",10.388172856929131,0.4804599015042186,0.00822584201581776,0.0013833560142666101,True,False,1.519149102762185e-06,1.26,431.06,4.3,0.0005389548103354969,50,"[1.48376553566876, -1.275218085934522, -0.09943995735640655, 0.26888454282520186]"
494,1,0.02345683445003889,0.02345683445003889,0.022610219267650996,"[0.3695393887246611, 4.001743656639392, 0.03018751987960826, 0.14914760640345817, 0.009187452226547549]","[-0.13856524763396952, -0.0061060373176272, 0.344141158620798, -0.2105940849106158, 10.399609011906543]",10.408356653080618,0.5003609000705183,0.008576619997620582,0.0014305980037897824,True,False,1.575747037634301e-06,1.26,412.14,4.34,0.00047111228783109027,50,"[1.4844043391323585, -1.2681194665398572, -0.09847343311738999, 0.2644691929346087]"
495,1,0.024490702411523412,0.024490702411523412,0.027866065080598953,"[0.3695527016089366, 4.001744243286979, 0.030154455951261237, 0.14916783957685045, 0.008188292670669978]","[0.826039242143493, -0.037382011719171514, -0.3055019186920356, -0.4359615967998839, -10.222553130112148]",10.269748033838788,0.49700389918871224,0.008494145986624062,0.0014459319971501826,True,False,1.6456012792787078e-06,1.26,434.34,4.3,0.0005271416051564871,50,"[1.4837351048607617, -1.2745648875384814, -0.09919567949781788, 0.2685481718842623]"
496,1,0.02405863675228752,0.02405863675228752,0.022730013849869158,"[0.3694722673821823, 4.001747883299529, 0.0301842037033634, 0.14921029062777408, 0.009183697143635962]","[-0.10906705818217441, -0.00737980252716981, 0.2875429303440884, -0.23202437580553525, 10.237664242059106]",10.24491266266142,0.4777964008972049,0.008150554010644556,0.0014053740072995425,True,False,1.757160639783706e-06,1.26,406.9,4.36,0.00047829746929579643,50,"[1.4845043931255375, -1.267676238555374, -0.09841600912944949, 0.26399809165264554]"
497,1,0.024155147819651394,0.024155147819651394,0.027210379258573624,"[0.369482913354653, 4.001748603637785, 0.030156136804231695, 0.1492329383929062, 0.008184404657876471]","[0.818607345199721, -0.03720736270619051, -0.3887193593633233, -0.43028848336090275, -9.780096053252505]",9.83148168403708,0.4902707003057003,0.008345472016371787,0.0014599419897422194,True,False,1.9631305167422398e-06,1.26,421.34,4.36,0.0005261510393137314,50,"[1.4833694799314698, -1.274693011864504, -0.0989968599040982, 0.2688950118895999]"
498,1,0.023674532034529797,0.023674532034529797,0.02280924641309108,"[0.36939964947119935, 4.0017523881500185, 0.030195675031715243, 0.14927670478510888, 0.009179178016213416]","[-0.12531308282086034, -0.006620510504847065, 0.33518557313480374, -0.21819472093200112, 10.218622826904284]",10.227216531544396,0.511331200832501,0.008761798017658293,0.0014648259989917278,True,False,1.6000396621507206e-06,1.26,412.42,4.36,0.000471689244716913,50,"[1.484362184451813, -1.2675658266960377, -0.09836377027309069, 0.2639364821048187]"
499,1,0.023732426301194466,0.023732426301194466,0.026541987600510734,"[0.3694119023732888, 4.0017530354923805, 0.03016290115115173, 0.14929803949727008, 0.00818001829427077]","[0.8162321641134088, -0.036894877435604954, -0.3920528510085891, -0.42217945324374645, -9.918099476477556]",9.968361667382649,0.5643817004747689,0.009826760026626288,0.0014608739828690888,True,False,1.739778721230323e-06,1.26,465.62,4.32,0.0005214036812935774,50,"[1.4833732248370854, -1.2747045629723872, -0.09890636196307348, 0.2691242248340206]"
500,1,0.023635434534852947,0.023635434534852947,0.022672332493514493,"[0.3693300200950101, 4.001756736690096, 0.0302022308689179, 0.14934039143706604, 0.009174976122489974]","[-0.13199463629621522, -0.006470979929795914, 0.3713246973085343, -0.2204863460779459, 10.329312285937574]",10.339180480949697,0.5116826007142663,0.00872528601437807,0.001508365999907255,True,False,1.7172385940966705e-06,1.26,406.04,4.36,0.00047611280354459496,50,"[1.4844005528381117, -1.2680081022814509, -0.098381311546515, 0.2645170655376181]"
