epoch,seed,loss,loss_mean,loss_std,loss_sem,theta,grad_theta,grad_norm,forward_time_sec,backward_time_sec,warm_start,constraint_violation_inf,barrier_fallbacks,closed_loop_steps,final_state
0,1,4.274615832225834,4.274615832225834,2.094538082296856,0.29621241628911477,"[0.4, 4.0, 0.02, 0.08, 0.08]","[-6.884977279578484, 0.11529533616003991, -10.161469474147179, 0.04403514913358232, 32.57003073674606]",34.80632856702671,0.01954694396816194,0.009794650003314018,True,9.224351060765912e-10,0,50,"[1.7757633911929769, -0.9586879939402776, -0.10802953084392333, 0.13363218704981983]"
1,1,4.1965997833166995,4.1965997833166995,2.062807741669797,0.2917250684837643,"[0.40019780820221024, 3.99999668751802, 0.020291943157816465, 0.07999873485222529, 0.07906424974776957]","[-6.797988287992156, 0.11562244633177969, -9.938862499477949, 0.012675855743759573, 32.58613543697338]",34.739939327687296,0.019949652031064035,0.010749078011140228,True,9.224413588526659e-10,0,50,"[1.7677737069032808, -0.963598325674691, -0.10763012685110475, 0.13486074624373715]"
2,1,4.12140902680295,4.12140902680295,2.0329448479135666,0.28750181754758747,"[0.4003934904175323, 3.999993359289803, 0.020578036417952666, 0.07999836997376009, 0.07812624766524824]","[-6.736641541812224, 0.11592868381812962, -9.822382928055823, -0.00404243017423173, 32.74310840098806]",34.842304016928345,0.019114111978560687,0.010344936000183224,True,9.22447043194552e-10,0,50,"[1.760225777757005, -0.968421725065881, -0.10726629956714234, 0.13608690044466082]"
3,1,4.05096986204012,4.05096986204012,2.00551486216165,0.28362263176098135,"[0.40058683703256515, 3.999990032050486, 0.020859946102312277, 0.07999848599450808, 0.07718649613836472]","[-6.657561728171889, 0.11593431676748953, -9.6715689709675, -0.03467823324071556, 32.83178355562784]",34.86836717303895,0.01897381599061191,0.009988444056361914,True,9.224532959706266e-10,0,50,"[1.7538581311791088, -0.972997220514342, -0.10700273020633069, 0.13728279815422]"
4,1,3.9811356806913447,3.9811356806913447,1.9781696071424029,0.2797554287095043,"[0.40077777117338514, 3.999986707136641, 0.021137319829699443, 0.07999948054160194, 0.07624490390974804]","[-6.578571737491375, 0.1159311208849234, -9.52093679298954, -0.06589064593033057, 32.924234231271065]",34.89912355402402,0.018543506022542715,0.00974597399123013,True,9.224598329637956e-10,0,50,"[1.7474983134104725, -0.9775707776698713, -0.10673694858896758, 0.13848901430333682]"
5,1,3.911759936015033,3.911759936015033,1.9514283392667837,0.2759736423390291,"[0.40096627366477633, 3.999983385244597, 0.02141013289269738, 0.08000136857314022, 0.0753014924174978]","[-6.497426255892034, 0.11590869280898604, -9.365759884318832, -0.09802274939168446, 33.00349010911133]",34.91686424678121,0.01892392002046108,0.010345327965915203,True,9.224663699569647e-10,0,50,"[1.741029807442027, -0.9821812584621631, -0.10645805292856377, 0.1397125636284615]"
6,1,3.8429643222437977,3.8429643222437977,1.9252635923130292,0.2722733883392231,"[0.40115235641865093, 3.99998006568268, 0.021678363161539864, 0.08000417589136605, 0.07435629041210269]","[-6.415720449840891, 0.11588191559829736, -9.207618393092805, -0.13083837069538848, 33.077970082316575]",34.93027851918114,0.018696361975744365,0.009531963979825378,True,9.224731911672279e-10,0,50,"[1.7344832321021408, -0.9868109172664148, -0.10616903748389557, 0.1409511770771047]"
7,1,3.774738657107375,3.774738657107375,1.8995821196211744,0.26864147964096957,"[0.40133602859996875, 3.999976748162165, 0.021941963074943734, 0.08000792159212305, 0.07340931914580702]","[-6.333911333957814, 0.11585774222348741, -9.047052896106852, -0.1642430091037265, 33.150006945694834]",34.94182247927951,0.01955635999329388,0.01083141602575779,True,9.224808650287741e-10,0,50,"[1.727860477204002, -0.9914731115522271, -0.10587077069596883, 0.14221130805934376]"
8,1,3.7072268091592706,3.7072268091592706,1.874306823795694,0.2650670130260309,"[0.4015172988052516, 3.999973432429498, 0.022200880677230014, 0.08001262206271804, 0.07246059911369067]","[-6.253510765047091, 0.1158520851037935, -8.88836023816695, -0.1979204565231279, 33.230026958258165]",34.96278922613705,0.01862705602310598,0.009373355954885483,True,9.224879704561317e-10,0,50,"[1.7212151879286892, -0.9961313051952889, -0.10556675527784766, 0.14348073199769965]"
9,1,3.6406646746557807,3.6406646746557807,1.849568293797746,0.26156845656240374,"[0.4016961607010924, 3.999970118847039, 0.022455104108330532, 0.08001828295136275, 0.07151015929773726]","[-6.173649074141869, 0.11583192559431589, -8.732173754833243, -0.23215168393172234, 33.316273536269435]",34.991516045437606,0.01924323000945151,0.01029184801504016,True,9.22495644317678e-10,0,50,"[1.7146110363154923, -1.0007540158421668, -0.10526232270258436, 0.14475056505681325]"
10,1,3.574715330522252,3.574715330522252,1.8253775088508304,0.2581473629467659,"[0.4018725934417015, 3.999966808561042, 0.022704655277912458, 0.0800249174648152, 0.07055803497445687]","[-6.094076655186573, 0.11581998780214406, -8.575192575594421, -0.26681845463917025, 33.40255637956774]",35.021237514333095,0.0184675179887563,0.009595002103596926,True,9.225038866134128e-10,0,50,"[1.7079287400838978, -1.005413073548044, -0.1049480234982797, 0.14604380147237092]"
11,1,3.50950581917407,3.50950581917407,1.8018860602728342,0.25482517042888664,"[0.4020466043301665, 3.9999635014252575, 0.022949512204280067, 0.08003253622627451, 0.06960425496125935]","[-6.015138001102907, 0.11578654055508426, -8.422557260343774, -0.3015647993608995, 33.49373104418787]",35.05789102452775,0.01986745597794652,0.010349328014999628,True,9.225118446920533e-10,0,50,"[1.7012041658239543, -1.010103638493497, -0.1046267478464311, 0.14735956053489277]"
12,1,3.445268618597292,3.445268618597292,1.7785041744557593,0.25151847242525,"[0.40221818162204415, 3.999960198701187, 0.023189759321661167, 0.08004113813558907, 0.0686488714494617]","[-5.932090537654958, 0.11557238293495971, -8.293054412132088, -0.3365803724112642, 33.596874186158374]",35.111836295370026,0.018774083983153105,0.010080401990562678,True,9.225203712048824e-10,0,50,"[1.6948937994306994, -1.014691693846663, -0.1043421230728606, 0.14867302849747865]"
13,1,3.3818012912883533,3.3818012912883533,1.7554381449786385,0.24825644325358578,"[0.40238713007827365, 3.9999569071506693, 0.023425949031083727, 0.08005072408744787, 0.06769201821334567]","[-5.8156380234555005, 0.11322210176000536, -8.520968090320702, -0.3375279244905049, 33.723148265308026]",35.26763411520839,0.019735848000273108,0.009958210019394755,True,9.225297503689945e-10,0,50,"[1.6888252032805158, -1.019213656893427, -0.10407877302697367, 0.14999275184480212]"
14,1,3.318829817412249,3.318829817412249,1.731349352542436,0.244849773557139,"[0.402552030224518, 3.999953696782166, 0.02366755775545247, 0.08006029456000575, 0.06673581150681727]","[-5.7819182034821885, 0.11591397925037894, -7.91224387289276, -0.42218007093945426, 33.86233734577954]",35.254556355145745,0.018761568050831557,0.010196111975237726,True,9.225382768818236e-10,0,50,"[1.682882191973703, -1.0236902071232679, -0.10381948472056605, 0.15132618514892232]"
15,1,3.2562334335198733,3.2562334335198733,1.707687727771488,0.2415035144912532,"[0.40271603507385073, 3.9999504088673192, 0.02389198956486066, 0.08007226975171358, 0.06577530197710718]","[-5.69720050575475, 0.11558431112972427, -7.795596712321751, -0.45949909456659216, 33.98925015984874]",35.337275606413094,0.01889392200857401,0.009746571993455291,True,9.225479402630299e-10,0,50,"[1.6768397822531693, -1.0282505794687913, -0.10355587730500108, 0.1526882782898131]"
16,1,3.194265956454794,3.194265956454794,1.6844222651369667,0.23821328121199076,"[0.40287725860927687, 3.999947137978176, 0.024112595046701664, 0.08008527299224835, 0.0648134493844665]","[-5.615958805186181, 0.11537211054214959, -7.66137713616941, -0.49919577662794423, 34.12794159028597]",35.42900785036794,0.01893015597946942,0.009787657959386707,True,9.225576036442362e-10,0,50,"[1.6707909118215971, -1.0328213056523594, -0.10328912156271944, 0.15407107347609517]"
17,1,3.132848507888205,3.132848507888205,1.6614770153915057,0.23496833287378388,"[0.4030357716229279, 3.999943881547428, 0.02432884093109985, 0.0800993630220545, 0.06385017257656209]","[-5.533805562113919, 0.115162856076157, -7.5197138330428865, -0.5404722031229826, 34.25923164577631]",35.51294729777956,0.01880184198729694,0.009873287966474891,True,9.225678354596312e-10,0,50,"[1.6646828793250563, -1.0374331538394268, -0.1030138780194613, 0.15548169673447998]"
18,1,3.072195013246293,3.072195013246293,1.6389176734168294,0.2317779601359039,"[0.403191596638395, 3.9999406387060183, 0.02454058662964122, 0.0801145820405881, 0.0628854756349778]","[-5.452937312336826, 0.11494421878232798, -7.379465794823256, -0.5826709272202708, 34.403114949753785]",35.61064555126842,0.01919094000943005,0.009960394008085132,True,9.225777830579318e-10,0,50,"[1.6586252094444067, -1.0420347533769423, -0.10273930276918004, 0.15690415257373747]"
19,1,3.0120627922712733,3.0120627922712733,1.6166154331727554,0.22862394707345665,"[0.4033447232449973, 3.999937410901046, 0.024747813027264143, 0.08013094430861734, 0.061919384893958866]","[-5.369741738158049, 0.11470540021344883, -7.231781565516964, -0.6263640342372316, 34.52872579673851]",35.6899311476563,0.01915040200576186,0.01012979400344193,True,9.22588299090421e-10,0,50,"[1.6524408790658196, -1.0466772100416275, -0.1024484593255953, 0.15835116436318733]"
20,1,2.9525503682413574,2.9525503682413574,1.5944699919946737,0.22549210874757877,"[0.40349517861336975, 3.999934196958163, 0.024950441088814473, 0.08014849446951926, 0.06095192083097374]","[-5.287298853955203, 0.11447555224291181, -7.0824786298612015, -0.6707984350433661, 34.65743088281471]",35.77314108801565,0.019291445957496763,0.010409843996167184,True,9.22599383557099e-10,0,50,"[1.6461804186712303, -1.0513306513543554, -0.10214544769622005, 0.15981355217804838]"
21,1,2.893716049514254,2.893716049514254,1.5726018350130544,0.22239948432882778,"[0.4036429794128802, 3.999930996916211, 0.02514842422404539, 0.08016724592423144, 0.059983109319662074]","[-5.2071730308557225, 0.11425775142310361, -6.935320902313987, -0.7155583163691979, 34.80018182714286]",35.87187004787224,0.019067252017557622,0.009870572024956345,True,9.226101838066824e-10,0,50,"[1.6398810869368723, -1.0560199109585529, -0.10183542549234102, 0.1613049070957024]"
22,1,2.8355116740431496,2.8355116740431496,1.5509403625246978,0.21933608951142722,"[0.4037881397578458, 3.999927811753261, 0.025341760141377415, 0.08018719354099617, 0.05901298476859377]","[-5.127533099127857, 0.1140587019170888, -6.784879380939682, -0.7611734780261462, 34.94345093659919]",35.971701957319176,0.019346046037971975,0.009927258016541601,True,9.226218367075489e-10,0,50,"[1.6334990817283548, -1.0607488696907696, -0.10151416189389757, 0.16282713703421173]"
23,1,2.778247905050855,2.778247905050855,1.5296816701680964,0.21632965640652493,"[0.40393068328011417, 3.999924640963565, 0.025530377276835766, 0.08020835388194718, 0.05804156976640431]","[-5.051737945953083, 0.11385822778199976, -6.640624164653543, -0.8073483182414002, 35.11742424195566]",36.10424083072872,0.019347399976104497,0.00986696597188711,True,9.226337738255097e-10,0,50,"[1.6272215782142823, -1.0654694222709358, -0.10120049633785091, 0.16436999374253514]"
24,1,2.721625256096835,2.721625256096835,1.508664332043498,0.21335735594444613,"[0.4040706041821904, 3.9999214873665037, 0.025714306477718385, 0.08023071547437075, 0.057068902195145085]","[-4.979367855299525, 0.1136857053988486, -6.499917522582836, -0.8534930392213034, 35.3136162657908]",36.26066602551455,0.01873074200004339,0.00987528002820909,True,9.226454267263762e-10,0,50,"[1.6208946346218855, -1.0702294260918797, -0.1008784197074207, 0.16594471920920761]"
25,1,2.66603663505915,2.66603663505915,1.4878580903362786,0.21041490902400986,"[0.40420792564924946, 3.9999183521316097, 0.02589356180407753, 0.08025425318431234, 0.056095020021001654]","[-4.914157985771929, 0.1140943633025162, -6.447075878991733, -0.8771912470221784, 35.529232239143724]",36.45301855277835,0.01966199996881187,0.010067252004519104,True,9.226582164956199e-10,0,50,"[1.6148152872648263, -1.0749413910503194, -0.10057782746486262, 0.16752934367576008]"
26,1,2.6126318497701018,2.6126318497701018,1.4675503106360965,0.20754295527664163,"[0.4043427336344516, 3.999915222229949, 0.02607042166739668, 0.08027831679500423, 0.055120361854168964]","[-4.848987976861162, 0.11364001663646256, -6.387671195300321, -0.9240737870501294, 35.836965814905106]",36.73513267888092,0.020070818029344083,0.010108555965125561,True,9.226701536135806e-10,0,50,"[1.610221697157426, -1.0792925376221052, -0.10042018230189653, 0.1690318193212277]"
27,1,2.5586853348239003,2.5586853348239003,1.4460552506802122,0.2045030947452782,"[0.4044747322859637, 3.9999121287331154, 0.0262443061950766, 0.08030347183650367, 0.05414481166010277]","[-4.77729835941016, 0.11301504576743021, -6.340558259718542, -0.9741664165155107, 36.15896441695516]",37.03319779568021,0.02164595198817551,0.011495989980176091,True,9.226835118170129e-10,0,50,"[1.606099834212393, -1.0835572834911495, -0.10030952790358989, 0.1705365416833955]"
28,1,2.5043885083069286,2.5043885083069286,1.4236489253496982,0.2013343618287425,"[0.4046037327137863, 3.99990907701054, 0.026415519015922626, 0.08032977705653528, 0.05316841840841883]","[-4.702905868888728, 0.1123041478694456, -6.299023196183144, -1.0264351609491382, 36.496019808305704]",37.34729789485693,0.02069906799122691,0.010766639979556203,True,9.226960173691623e-10,0,50,"[1.6021711626407733, -1.0877805051494724, -0.10021551559476045, 0.17204711594998665]"
29,1,2.4501210311234565,2.4501210311234565,1.4012714062996547,0.19816970273545914,"[0.4047296563048853, 3.999906069988501, 0.026584179763850038, 0.0803572605752576, 0.0521912119740986]","[-4.629464783995526, 0.11160369407196338, -6.255309009338907, -1.079957919947464, 36.847385228334225]",37.675846342812555,0.019411161998286842,0.00995191396214068,True,9.227090913555002e-10,0,50,"[1.5981985709614652, -1.0919800940906872, -0.10011283545603072, 0.17356281117478284]"
30,1,2.396144804234582,2.396144804234582,1.379073739713608,0.19503047862155679,"[0.40485253250365066, 3.9999031077804843, 0.02675020945173696, 0.08038592503869374, 0.051213201158042024]","[-4.555746042075613, 0.11083027896300349, -6.216241996559929, -1.1357473016901138, 37.219027028615486]",38.02571057587911,0.0185836280323565,0.009796518022194506,True,9.227227337760268e-10,0,50,"[1.59440675733501, -1.0961262976382573, -0.10002629244710975, 0.17508118361476951]"
31,1,2.3420995192786243,2.3420995192786243,1.3568886928710717,0.19189303920889708,"[0.4049723394966815, 3.999900193166207, 0.0269136841614072, 0.08041579291714913, 0.05023441531909321]","[-4.4809203005970355, 0.11004186631007835, -6.17127114173115, -1.193436989965524, 37.5862724330517]",38.370920118209405,0.01948207196779549,0.009719836032018066,True,9.227363761965535e-10,0,50,"[1.5905283014330447, -1.1003360523885375, -0.09993001702103844, 0.1766433470409444]"
32,1,2.288002348399163,2.288002348399163,1.3347289863802265,0.18875918346314102,"[0.40508911856496227, 3.9998973253208185, 0.02707451614361035, 0.08044689555910449, 0.04925486433839533]","[-4.4075415544470244, 0.10930356462725839, -6.1230872183067735, -1.2522326305590685, 37.96577031917263]",38.7285213943886,0.019607406025752425,0.010336357969790697,True,9.227503028341743e-10,0,50,"[1.5865772175694504, -1.1046017848457732, -0.099825420078734, 0.17824797777664603]"
33,1,2.2338774744252414,2.2338774744252414,1.3125552241841343,0.18562333994048608,"[0.40520292465400576, 3.999894503019303, 0.027232618931883487, 0.08047922916197496, 0.04827455915370803]","[-4.33652628360245, 0.10881965524978945, -6.063159486304142, -1.3122674690109861, 38.34232445227272]",39.08241414236944,0.019275663997977973,0.009595951959490777,True,9.227645136888895e-10,0,50,"[1.5825410305940586, -1.108928211805619, -0.099710582277313, 0.17989642769328779]"
34,1,2.1798611825405145,2.1798611825405145,1.2904039103503788,0.18249067109567813,"[0.4053138831599899, 3.999891718655603, 0.027387756725164684, 0.0805128060915934, 0.04729349579586073]","[-4.244066953798731, 0.10623148594768608, -6.070149189828555, -1.3777837019799493, 38.77619352388455]",39.50141228810556,0.019212441993877293,0.009602517988532781,True,9.227792929777934e-10,0,50,"[1.5786525536796963, -1.1132244778767988, -0.0996070738452799, 0.1815537154706598]"
35,1,2.125771832317656,2.125771832317656,1.2682000169570582,0.17935056637824606,"[0.4054213240515392, 3.9998890293470493, 0.027541425893887108, 0.08054768544456176, 0.04631185510817881]","[-4.183563079444365, 0.10617414781442204, -6.009431695537116, -1.4392204009472562, 39.23322211474393]",39.936747678798476,0.019064368046820164,0.009513409985229372,True,9.227937880496028e-10,0,50,"[1.5747563453508744, -1.1175772285222154, -0.09950071265746703, 0.18325722251333254]"
36,1,2.0715371045769153,2.0715371045769153,1.2458125198191092,0.17618449617023846,"[0.40552607877801283, 3.9998863707893553, 0.02769189963160153, 0.08058372294096698, 0.04532947110361978]","[-4.116045612134592, 0.10543660013638977, -5.965093750104233, -1.503491146473351, 39.712737856623]",40.39674894718305,0.01868047399446368,0.009331140033900738,True,9.228085673385067e-10,0,50,"[1.5707910786139105, -1.1219901939729042, -0.09938577889013502, 0.18500735232106083]"
37,1,2.017293416529358,2.017293416529358,1.2232170986137916,0.17298902105862915,"[0.4056279692944357, 3.9998837607624873, 0.027839562349652323, 0.08062094106335603, 0.04434640343380401]","[-4.048126480244755, 0.10461721942269055, -5.919857291709332, -1.5696559351712134, 40.205741162853094]",40.87063035146413,0.01949409398250282,0.009776144046336413,True,9.228239150615991e-10,0,50,"[1.5667515697633763, -1.1263778102192785, -0.09925593458988397, 0.1867605255538121]"
38,1,1.963014266686238,1.963014266686238,1.200308435495477,0.16974924685085346,"[0.40572701661632266, 3.9998812010461697, 0.027984406146791176, 0.08065934653744915, 0.04336267157510443]","[-3.983648423460202, 0.10383241128250179, -5.869643020143827, -1.6371735092854423, 40.73883465708987]",41.38436820144178,0.018933650013059376,0.009580779988318681,True,9.228392627846915e-10,0,50,"[1.5626644109467827, -1.1307225297507884, -0.09911761498218341, 0.1885184917308388]"
39,1,1.9087074480248472,1.9087074480248472,1.17714596588643,0.1664735789849366,"[0.4058232763539118, 3.999878692069573, 0.028126238516719623, 0.08069890672841973, 0.04237827006248967]","[-3.9185835105431472, 0.10301400143126398, -5.812366282974973, -1.7070079527427842, 41.2719312438758]",41.89791993847659,0.01898052400909364,0.00965827001258731,True,9.228551789419726e-10,0,50,"[1.5584705628742546, -1.1351048714668792, -0.09896498156647356, 0.19031276807212158]"
40,1,1.8544025193680955,1.8544025193680955,1.1537810063946212,0.1631692747251752,"[0.40591680327639873, 3.999876233379462, 0.02826496536261964, 0.08073964879760141, 0.041393210868536964]","[-3.853352005720022, 0.10217011424564201, -5.752394562238902, -1.7783535913159603, 41.80531245447104]",42.4122092624707,0.018887665998190643,0.009528280012309551,True,9.228710950992536e-10,0,50,"[1.5541445479489382, -1.1395900744503094, -0.0987954483706745, 0.19217140301895227]"
41,1,1.8001790119283947,1.8001790119283947,1.1300879127690344,0.15981856529118715,"[0.4060076580579024, 3.999873824400632, 0.028400595990265187, 0.08078157902529289, 0.04040752035204511]","[-3.78902742680697, 0.10132982935535453, -5.6834374248835635, -1.851812052340654, 42.345967617161094]",42.93342100099676,0.019094376023858786,0.009466357985511422,True,9.228872954736289e-10,0,50,"[1.5497086409442729, -1.1440964346949127, -0.09860883092263875, 0.19406029013627188]"
42,1,1.7460980156636092,1.7460980156636092,1.106013440066801,0.1564139207109392,"[0.4060959116221043, 3.999871464238619, 0.028532973920843308, 0.08082471120551804, 0.03942120324455928]","[-3.72415038898733, 0.1004595649543499, -5.603240239023961, -1.9280457869351428, 42.87357346839846]",43.441182671825146,0.018572483994066715,0.009566880026832224,True,9.229037800650986e-10,0,50,"[1.5451338909511847, -1.1486399374498313, -0.09840150511288527, 0.1959861657337315]"
43,1,1.6921955484575955,1.6921955484575955,1.0815136593400831,0.1529491284930501,"[0.40618164019024744, 3.999869151696492, 0.028661958444152088, 0.08086909410829157, 0.03843426939905838]","[-3.6595091405766507, 0.09957795069573921, -5.50932874742001, -2.007028354908118, 43.388773690039514]",43.9359587503021,0.019363956013694405,0.00987914200872183,True,9.229205488736625e-10,0,50,"[1.5404137128868618, -1.1532649405317572, -0.09817631603370931, 0.1979777319199232]"
44,1,1.6385614988227442,1.6385614988227442,1.0565172621555827,0.14941410410217157,"[0.4062649320824602, 3.999866885262493, 0.028787352970731223, 0.0809147748766633, 0.03744672354998199]","[-3.5952699860736703, 0.09869111189952372, -5.404396432609315, -2.0882338447208766, 43.89204436814501]",44.418638952747955,0.01908362396992743,0.009666841961443424,True,9.229373176822265e-10,0,50,"[1.535543079139437, -1.1579902525174128, -0.0979314369058588, 0.20004178652772917]"
45,1,1.5838626821040558,1.5838626821040558,1.02915860563657,0.14554500579242208,"[0.4063458726531476, 3.9998646634224224, 0.028909022534677944, 0.08096178743476747, 0.036458578811602034]","[-3.516897896932707, 0.0984258599898681, -5.442867450351525, -2.1263842007843134, 44.286350890974916]",44.80854214943128,0.019057391993701458,0.00975571601651609,True,9.22954654924979e-10,0,50,"[1.5316394773153392, -1.1625214869158396, -0.09779664449097766, 0.2020728624959785]"
46,1,1.5288492571203636,1.5288492571203636,1.0004291121609168,0.14148204186108426,"[0.4064243598729533, 3.9998624668354488, 0.029030491950756663, 0.08100924231945543, 0.03547023264442934]","[-3.4390016775000047, 0.09676061841530796, -5.47060942305358, -2.2172879268611867, 45.02845964760795]",45.54384927299831,0.019354914026334883,0.009653997989371419,True,9.229717079506372e-10,0,50,"[1.5295155618821072, -1.1666344289855213, -0.09786170226532964, 0.20397341775098693]"
47,1,1.4734719679754693,1.4734719679754693,0.9712969222713023,0.13736212805673215,"[0.4064998695571877, 3.9998603422759316, 0.02915060936529801, 0.0810579270038246, 0.03448154898317993]","[-3.361738743794314, 0.09501994939029951, -5.509496777258354, -2.310261166823565, 45.827734636496125]",46.33771077085023,0.01880443001165986,0.00975775195285678,True,9.22989329410484e-10,0,50,"[1.5274819836274263, -1.1707407143929671, -0.09793043853655423, 0.2058855101785345]"
48,1,1.4175322928207847,1.4175322928207847,0.9416113925887158,0.13316396018839788,"[0.40657241821545753, 3.9998582916793914, 0.029269508134475132, 0.08110778404527834, 0.03349255462257945]","[-3.286295719260238, 0.09325450406493524, -5.54207036055718, -2.4063346672420165, 46.67543289292357]",47.17954495447052,0.019458765983581542,0.009708231985569001,True,9.230072350874252e-10,0,50,"[1.525453507455324, -1.1748680336830792, -0.09800329877330385, 0.20784170726471535]"
49,1,1.3610284354565187,1.3610284354565187,0.9113279125503838,0.12888122936979146,"[0.406642073311164, 3.99985631509178, 0.02938697578631001, 0.08115878781544003, 0.03250323959342905]","[-3.2126459991016576, 0.09145062147099024, -5.566486582491535, -2.5060958216818965, 47.568544327461]",48.06622677208856,0.01966211197897792,0.009974212003871798,True,9.230254249814607e-10,0,50,"[1.5234306926111927, -1.1789667621743252, -0.09808031887360047, 0.20981880031183628]"
50,1,1.3039676854146074,1.3039676854146074,0.8803863732566637,0.12450543491880356,"[0.40670891121825137, 3.9998544124955577, 0.02950278447270368, 0.08121092620844335, 0.03151359369191024]","[-3.1404711550901174, 0.08960215967485283, -5.584715839646215, -2.6093072486322755, 48.50943335532546]",49.00033925806121,0.01917815796099603,0.00959584797732532,True,9.230436148754961e-10,0,50,"[1.521406385440338, -1.183035436212434, -0.098155610316309, 0.21180483182205612]"
51,1,1.246358637094422,1.246358637094422,0.8489186801426807,0.12005523108096464,"[0.4067730020225719, 3.999852583892715, 0.029616757476239843, 0.08126417700809266, 0.03052361211037751]","[-2.9925417764908757, 0.08705692241817133, -5.795667023445451, -2.634076251513535, 49.43203660073926]",49.930123589212656,0.019365499978885054,0.009622989976778627,True,9.230618047695315e-10,0,50,"[1.5193169490186247, -1.1872307754541176, -0.09822688110055992, 0.21388151029492244]"
52,1,1.1883261870172002,1.1883261870172002,0.8168072215762524,0.11551398505974218,"[0.40683293661838926, 3.999850840317571, 0.02973283303557576, 0.08131693226007505, 0.029533587791462566]","[-2.990653452520618, 0.08548658937490755, -5.599284663334523, -2.829536993368915, 50.376503399345594]",50.85372827150642,0.019922503978013994,0.009764262018725276,True,9.230799946635671e-10,0,50,"[1.5172021004253575, -1.1913768238476097, -0.09828352305058197, 0.2159542384929874]"
53,1,1.1298095011810216,1.1298095011810216,0.7839648630144154,0.11086937416989517,"[0.40689174555047963, 3.9998491592886225, 0.029842938722091605, 0.0813725729591838, 0.028542972056675206]","[-2.9152298524312976, 0.08324533597855563, -5.592760893393806, -2.9472303397557233, 51.31893818132449]",51.789034090464796,0.01961310002952814,0.009497279981151224,True,9.230990372088854e-10,0,50,"[1.5150371637360007, -1.1955585553837673, -0.09833354661182254, 0.21806390598360467]"
54,1,1.0708804295997947,1.0708804295997947,0.750465709110146,0.10613187839195104,"[0.4069480360355905, 3.999847551895524, 0.029950929940532105, 0.08142948134512804, 0.027552049188898024]","[-2.8387919858520188, 0.08084688924156253, -5.572528120109853, -3.0705380591734523, 52.235960565445694]",52.6985970019647,0.019682718021795154,0.009608206022530794,True,9.231177955371095e-10,0,50,"[1.5128108175109363, -1.1998600032181608, -0.09838161213162036, 0.2202713087906441]"
55,1,1.0116034507770946,1.0116034507770946,0.7161831973889365,0.10128359908911615,"[0.40700190449029894, 3.9998460177581117, 0.030056673327207017, 0.081487747375607, 0.02656082810264203]","[-2.7644373167798424, 0.07839692239866258, -5.552671988994473, -3.194695406817637, 53.206547082681546]",53.66212031943166,0.02019675001502037,0.009617737969383597,True,9.231371222995222e-10,0,50,"[1.5105823302670356, -1.2042757958975854, -0.09843182159043287, 0.22257010212544986]"
56,1,0.9521432098466098,0.9521432098466098,0.6810911425701892,0.09632083310349489,"[0.4070534201087701, 3.9998445568221306, 0.030160148030700617, 0.08154728090480304, 0.025569317764158005]","[-2.691906339238851, 0.07586941208420836, -5.535909095808855, -3.319486739515222, 54.21767941181878]",54.66693844034582,0.019579750001430512,0.009579880014061928,True,9.231573017132177e-10,0,50,"[1.5083270150217245, -1.2086831159307594, -0.09846876501681233, 0.22487947287340052]"
57,1,0.8923794998636836,0.8923794998636836,0.6451531323217955,0.09123843095369671,"[0.4071026620530968, 3.999843168973931, 0.03026141415705866, 0.08160800292133003, 0.024577535876280913]","[-2.625303479659475, 0.07334589624608345, -5.499986306360833, -3.4471421778747975, 55.29447424695797]",55.736066588816136,0.02021670799702406,0.010018645972013473,True,9.231769126927248e-10,0,50,"[1.5060824993794777, -1.2130458061743263, -0.09851449747809757, 0.22721392193427492]"
58,1,0.8324053732370573,0.8324053732370573,0.6084638718038621,0.0860497859719066,"[0.40714976447062085, 3.999841853023583, 0.030360093282495292, 0.08166985052538224, 0.023585458795314797]","[-2.560190530588812, 0.07068988036556484, -5.4467834158440045, -3.5787042495305412, 56.352065619527615]",56.78546861552144,0.02033587601967156,0.009398342007771135,True,9.231965236722317e-10,0,50,"[1.5037897739471215, -1.2174985686630464, -0.0985615436365217, 0.2296402522146091]"
59,1,0.772407936934125,0.772407936934125,0.5709733381406826,0.08074782385519925,"[0.4071948497819331, 3.9998406081649582, 0.030456011895981197, 0.08173287200493888, 0.02259309108236909]","[-2.4963200951270785, 0.06787688728566087, -5.375539439307095, -3.7143948393765585, 57.368683525136404]",57.79355694177988,0.020419285967946052,0.009504781998693944,True,9.232169873030216e-10,0,50,"[1.501438272558064, -1.2219608066612706, -0.09859733316754038, 0.23209760457019749]"
60,1,0.7126028904061283,0.7126028904061283,0.5327706744806543,0.07534515134852027,"[0.40723804352578935, 3.9998394336934275, 0.030549024676707417, 0.08179714205571728, 0.021600442653030575]","[-2.4304207661767334, 0.06478159233069093, -5.287807526187725, -3.854946246444979, 58.247961188964176]",58.66479049160095,0.020673186015337706,0.009557986026629805,True,9.232374509338115e-10,0,50,"[1.4989841034548794, -1.2265186392023846, -0.09861401745354516, 0.23463387709697328]"
61,1,0.6533177309748086,0.6533177309748086,0.493943422921385,0.06985414877404121,"[0.4072794724773933, 3.9998383294264253, 0.030639160642109947, 0.08186285346820296, 0.020607547925207238]","[-2.364012828110061, 0.061411979097508125, -5.171972079029278, -4.001238996098989, 58.941675773143494]",59.35042274254816,0.020720019983127714,0.009867473971098661,True,9.232579145646014e-10,0,50,"[1.4964217666065647, -1.2312081283310075, -0.09861917852708348, 0.23728232822995113]"
62,1,0.5949025802601465,0.5949025802601465,0.45449114773418625,0.06427475451042002,"[0.4073193039178251, 3.999837294691098, 0.03072630361161123, 0.08193027066274239, 0.019614434935467818]","[-2.2992164294983497, 0.05779600526351488, -5.020227585343158, -4.153110637905469, 59.417446025271055]",59.81783715342124,0.020527226021513342,0.009575447998940945,True,9.232789466295799e-10,0,50,"[1.4937569751746682, -1.2359640661364588, -0.09861045723553977, 0.24000797184014325]"
63,1,0.5381874269216628,0.5381874269216628,0.4148130025160159,0.058663417400685446,"[0.4073577408881148, 3.999836328490914, 0.030810228872439088, 0.08199969996402562, 0.01862112844275924]","[-2.2189420748853097, 0.054306222879919694, -5.1591922796303775, -4.211282126141683, 59.148860551793526]",59.563969980158426,0.021604004008695485,0.009745291993021965,True,9.233002629116527e-10,0,50,"[1.4913636878190504, -1.2410031055015114, -0.09867993628741555, 0.24296598682837617]"
64,1,0.4843855618728579,0.4843855618728579,0.3755447791704458,0.053110051998125345,"[0.4073949939804723, 3.9998354167615098, 0.030896844863301725, 0.08207040180152023, 0.017628097579126346]","[-2.127596621783333, 0.04922078524380858, -5.041498442134052, -4.373259748696062, 58.94495969900243]",59.359746220476296,0.021139745991677047,0.009478791989386082,True,9.233218634108198e-10,0,50,"[1.4900402224223404, -1.2456607648911762, -0.09888979346237671, 0.24577012198352013]"
65,1,0.43337515004303967,0.43337515004303967,0.33727691558855705,0.047698158830070295,"[0.40743083639485606, 3.9998345875668386, 0.030981776130078437, 0.08214407562978053, 0.016635085252573033]","[-2.0383506145484223, 0.04382740932604667, -4.893025979799443, -4.534037378710883, 58.37995111863019]",58.795192702072406,0.021898369984701276,0.009813998006284236,True,9.233434639099868e-10,0,50,"[1.4888131865235337, -1.2501550630326135, -0.09910302586409503, 0.24852090065257418]"
66,1,0.3858576703835885,0.3858576703835885,0.30118489522128783,0.04259397636038648,"[0.4074655050560312, 3.9998338421417907, 0.03106499766154803, 0.08222119141374622, 0.01564214776168903]","[-1.93817860537158, 0.03759127933883812, -4.708251525239203, -4.698603730862846, 56.98614586835147]",57.40577740771594,0.02134121594019234,0.00960155200213194,True,9.233662012775313e-10,0,50,"[1.4876791634332327, -1.2552976574142027, -0.09948339139819558, 0.2517430725256301]"
67,1,0.3434703838173352,0.3434703838173352,0.2684203837925536,0.037960374717682065,"[0.4074992678355433, 3.999833187307364, 0.031147014694288783, 0.08230304038336142, 0.014649457679946503]","[-1.8292842870828352, 0.030555236273405104, -4.492709223625264, -4.863489866761641, 54.559326819287264]",54.99004753090664,0.021491741994395852,0.009762919964268804,True,9.233892228621698e-10,0,50,"[1.4865538301592385, -1.2601574702872005, -0.09979394616459121, 0.25479652124940766]"
68,1,0.3074418036825806,0.3074418036825806,0.24042654973108496,0.034001448738426976,"[0.4075325335694204, 3.9998326316570667, 0.031228715100548997, 0.08239148347597632, 0.013657290382989167]","[-1.5973179573115202, 0.020316844202144444, -4.139995487932098, -5.0788135297957835, 49.67576980848251]",50.13150559285832,0.021476179994642734,0.009562141997739672,True,9.234130970980914e-10,0,50,"[1.4854400678748876, -1.2652007245465062, -0.10010826755131909, 0.25802347047571667]"
69,1,0.2798691505629104,0.2798691505629104,0.21817809475730432,0.0308550420618502,"[0.4075643961264769, 3.999832226386091, 0.03131129780854649, 0.08249279329042597, 0.012666381188860189]","[-1.2243964554926243, 0.006519120958264851, -3.7125734346372252, -5.246349700241888, 41.77371955528358]",42.282977914847066,0.022276228070259096,0.009596460005268455,True,9.234386766365788e-10,0,50,"[1.4845084475746209, -1.2704605412396517, -0.10059662350322221, 0.2613333442477682]"
70,1,0.2631776851981392,0.2631776851981392,0.20153784549954304,0.02850175544369072,"[0.4075933533219216, 3.9998320722077128, 0.03139910083514566, 0.08261687040038458, 0.011678425240288568]","[-0.799670377447609, -0.009579446994552912, -3.3017778282551546, -5.320591912253709, 30.63274536987931]",31.276430239049517,0.021941943997517227,0.009675049977377058,True,9.234676667801978e-10,0,50,"[1.4837125538140812, -1.2758367435339921, -0.10120264003970658, 0.26473982001993585]"
71,1,0.26100920456353915,0.26100920456353915,0.19027943935359076,0.026909576377459686,"[0.4076189211495576, 3.999832378490972, 0.03150466843998143, 0.08278698546375395, 0.010699005749804195]","[0.02357163963755985, -0.03418064918974995, -2.7747066284387607, -5.11843886220019, 12.693577608434186]",13.96517274151305,0.022345793973654507,0.009693555971607567,True,9.235029096998914e-10,0,50,"[1.4830794480467782, -1.281233027395163, -0.1018323918311094, 0.2683293595528816]"
72,1,0.2717273036509262,0.2717273036509262,0.18220299880096053,0.025767395200936714,"[0.4076172332621199, 3.9998348260546233, 0.03170335603802252, 0.0831535000036435, 0.009790060487008258]","[0.3600793101848722, -0.05301602820037859, -2.20064257275975, -4.929311270890408, -3.944771807626387]",6.695866617659224,0.022191432053223253,0.00940688201226294,True,9.235625952896953e-10,0,50,"[1.4826100673111096, -1.2850590957735903, -0.10231846751614794, 0.2706479763851234]"
73,1,0.25383910712331326,0.25383910712331326,0.1841514345414813,0.02604294562590241,"[0.40756345690564627, 3.9998427437792765, 0.03203201290920739, 0.08388967226507325, 0.010379195849506905]","[0.08599319019827414, -0.037262114941746784, -2.00838545665232, -4.970574013848931, 7.4896861712824565]",9.211102019189283,0.02211666598916054,0.009548806007951499,True,9.236524078914954e-10,0,50,"[1.4830792543879658, -1.2816958351982202, -0.10165844706717973, 0.2694073686430823]"
74,1,0.26554847405275395,0.26554847405275395,0.17591522440516144,0.024878169618168577,"[0.4075541210856749, 3.9998467891274725, 0.032250052558779205, 0.0844293008570652, 0.009566080746138574]","[0.39953927106354775, -0.05493524762909293, -1.442114152285812, -4.745873457639992, -8.49043058326443]",9.84139568882081,0.022703467970713972,0.009564829971641303,True,9.237351150659379e-10,0,50,"[1.4827228772880223, -1.2850125177055467, -0.10209609543153184, 0.27143422105772974]"
75,1,0.24469012081399277,0.24469012081399277,0.18046828334057097,0.025522069387842593,"[0.40751352325954776, 3.999852371186091, 0.032396588090703546, 0.08491153667068549, 0.010428807014938667]","[0.053272391592172015, -0.03504608137505903, -1.60376312116721, -4.795292495456038, 8.13103253263102]",9.57520978819904,0.022299448009580374,0.009181490037590265,True,9.237888320967613e-10,0,50,"[1.48328157478282, -1.2806207900893471, -0.10139842392727222, 0.26925735548455926]"
76,1,0.2569892752527525,0.2569892752527525,0.17274652949001,0.024430048485765594,"[0.4075079596851964, 3.999856031271055, 0.03256407926389709, 0.08541233953569062, 0.00957963162226968]","[0.3754679427762465, -0.05333929900078209, -1.09269624669171, -4.586057550179876, -8.347812323241996]",9.594566211248816,0.022602893989533187,0.00991770800203085,True,9.238667075806006e-10,0,50,"[1.4828362004827857, -1.2843599954798703, -0.10183842131076332, 0.271621987564897]"
77,1,0.23697784418046586,0.23697784418046586,0.1765951593156774,0.024974326935366838,"[0.40746882629089065, 3.99986159059472, 0.03267796625185666, 0.08589032441262286, 0.010449687874795702]","[0.032835813054787145, -0.03356991959099335, -1.2911714156691538, -4.638666618570438, 8.328823595120564]",9.620595575723893,0.022200367962941527,0.009643345987424255,True,9.239195719601412e-10,0,50,"[1.483416622216645, -1.2798807121764901, -0.10120342266093954, 0.26919963020960413]"
78,1,0.2494953862377811,0.2494953862377811,0.16937496317794615,0.023953237005269502,"[0.4074654132160147, 3.9998650799753226, 0.032812175345812655, 0.08637248443915939, 0.009583959393778232]","[0.35762556444295585, -0.0521174312210038, -0.8217882190578141, -4.437528867600542, -8.35709570126448]",9.504665126075922,0.02264818601310253,0.009948210008442402,True,9.239954579243204e-10,0,50,"[1.4829157112182176, -1.2838713995026831, -0.10163626503611499, 0.27178460001448884]"
79,1,0.23002020460127665,0.23002020460127665,0.17267758853110404,0.024420298761856814,"[0.40742778689676395, 3.999870563328026, 0.03289863691053594, 0.08683936347258892, 0.010463221902191878]","[0.016871401618868576, -0.0323754742138191, -1.0512895229969363, -4.493152717578338, 8.450625078219685]",9.628500819587822,0.021420840015634893,0.009399554012343287,True,9.24047469652578e-10,0,50,"[1.4835068357734502, -1.2792380635479683, -0.10103057443499112, 0.2691104963111156]"
80,1,0.24273719248773848,0.24273719248773848,0.1659350242994012,0.023466756183692226,"[0.4074260346611944, 3.9998739257906584, 0.03300782208303435, 0.08730601480297785, 0.009585554107829705]","[0.3433214034353708, -0.05110463920456318, -0.6145207922788621, -4.2986402519692275, -8.392052815153875]",9.455314671788043,0.022605837993323802,0.010152998026460408,True,9.241216503141913e-10,0,50,"[1.4829710083128922, -1.2834919748839761, -0.1014742926489761, 0.271918118710155]"
81,1,0.22367743388510658,0.22367743388510658,0.16877155689178217,0.023867902469918073,"[0.4073897247746051, 3.9998793306492986, 0.0330728141867924, 0.0877606416875109, 0.010473102868031818]","[0.004269172722077468, -0.03137974023312686, -0.8668393401829512, -4.357155199146889, 8.536749771961802]",9.62358100990293,0.021398534020408987,0.009362046010792255,True,9.241716725227889e-10,0,50,"[1.4835697616988148, -1.2787113271341548, -0.10088647973533697, 0.2690271711876211]"
82,1,0.23654079461120997,0.23654079461120997,0.16249077136644488,0.02297966526268921,"[0.4073892811587913, 3.999882591362769, 0.03316288869639552, 0.08821339988575441, 0.009586037048947406]","[0.33149857105587904, -0.0502311734685234, -0.4565417577667671, -4.168067300487046, -8.42271475935151]",9.414656328765911,0.022736879969015716,0.009845321951434016,True,9.242441478818364e-10,0,50,"[1.4830088024240298, -1.283191888831477, -0.10134263349623233, 0.27202708812613297]"
83,1,0.21783602743552588,0.21783602743552588,0.16491625003863766,0.023322679746035385,"[0.4073540702536404, 3.9998879267857212, 0.03321138135951306, 0.08865612101698775, 0.010480675627811062]","[-0.005663899359638651, -0.030531252095608485, -0.7249958201931105, -4.2293640886138855, 8.60114747729634]",9.612171539078249,0.02191968597471714,0.009636678043752908,True,9.242927490049624e-10,0,50,"[1.4836140922648036, -1.2782859106456488, -0.10076800717942934, 0.26895736379375007]"
84,1,0.23078851252783075,0.23078851252783075,0.15908812932765895,0.022498459010774022,"[0.40735465949607497, 3.999891103097335, 0.03328680612874135, 0.08909612191282897, 0.009585857277822863]","[0.3215297670894515, -0.049452065144719407, -0.33622553675888556, -4.0446643779696, -8.434495319132708]",9.365836627249497,0.022536764042451977,0.009507198054343462,True,9.243629506272555e-10,0,50,"[1.4830354289011523, -1.2829468105334418, -0.10123530122099887, 0.2721107076346226]"
85,1,0.21240486685119198,0.21240486685119198,0.16113670171341138,0.02278817089591743,"[0.4073203294324777, 3.9998963831451415, 0.03332270527476583, 0.08952797488427307, 0.010486417009314693]","[-0.013391371669348095, -0.029794144176261535, -0.6162939097785253, -4.108643137516507, 8.64854341011434]",9.594745267654904,0.022055805986747147,0.009836315987631678,True,9.2441013066491e-10,0,50,"[1.483644554180675, -1.2779383543381058, -0.100669316587964, 0.2688981578485141]"
86,1,0.22543840954606864,0.22543840954606864,0.15575353250891094,0.02202687580616206,"[0.4073217251309871, 3.999899488401544, 0.03338693771580748, 0.08995619293722534, 0.009585033682508895]","[0.31343893872315176, -0.048760999507491416, -0.2458166494016959, -3.9277278101685136, -8.448984707320339]",9.325954951843164,0.022121302047744394,0.009759094044566154,True,9.244794796359201e-10,0,50,"[1.4830590949844782, -1.2827094091195754, -0.10115653137121025, 0.2721164877466147]"
87,1,0.20731778413604482,0.20731778413604482,0.15745502994851335,0.022267503881704943,"[0.40728811581802044, 3.9999047169277118, 0.033413296051296414, 0.09037735386176649, 0.010490998245928165]","[-0.019333610024986823, -0.02913580058117148, -0.5339002155282748, -3.994113917021048, 8.686973054517745]",9.57615366185985,0.022294846000149846,0.009696020046249032,True,9.245252385881031e-10,0,50,"[1.4836649648740603, -1.277648504459378, -0.10058559574107748, 0.26884600008338577]"
88,1,0.22041280641446445,0.22041280641446445,0.15249768059797814,0.021566428813210105,"[0.40729013475074705, 3.9999077594645804, 0.03346904914740628, 0.09079444344257719, 0.009583851873767356]","[0.3068592295750519, -0.04812846701082462, -0.17921726287734088, -3.816465217309093, -8.46137658098933]",9.289181781172672,0.02255297401919961,0.009447255991399289,True,9.245928822565475e-10,0,50,"[1.4830755002558036, -1.2825072352076696, -0.1010911203989403, 0.27211190781737615]"
89,1,0.20252671328118893,0.20252671328118893,0.15388627205870312,0.02176280530084538,"[0.40725710070783877, 3.9999129405955065, 0.03348834226353641, 0.09120529396814592, 0.010494736898886359]","[-0.023716906114924455, -0.028533355370049338, -0.47267225107950184, -3.885056007488597, 8.719130009112146]",9.557284342221283,0.02251396798528731,0.009735942026600242,True,9.246366516890702e-10,0,50,"[1.4836781972532311, -1.277401865062174, -0.10051321989686596, 0.2687990697056055]"
90,1,0.2156656586657163,0.2156656586657163,0.1493359153512473,0.02111928768391344,"[0.4072595822606799, 3.9999159261041872, 0.03353779901653286, 0.09161179605262602, 0.009582434858265753]","[0.3016485766804162, -0.0475358740351837, -0.1318612841936334, -3.710236839760633, -8.471503076312374]",9.254342802192372,0.022301219971850514,0.009563528029248118,True,9.247025900549489e-10,0,50,"[1.4830859752036019, -1.2823360536875794, -0.10103434440602067, 0.27210765813225485]"
91,1,0.197993993820723,0.197993993820723,0.15044057082055534,0.021275509558557944,"[0.407226986907007, 3.999921062706002, 0.03355204760089999, 0.09201271450990219, 0.01049784325154356]","[-0.02666880894681246, -0.02796804346059561, -0.4288777616990339, -3.780814336647239, 8.746373167011498]",9.538292834471044,0.022578655993565917,0.009646342024207116,True,9.247455068361887e-10,0,50,"[1.483686536181304, -1.277186974677419, -0.10044927968731968, 0.26875606842812333]"
92,1,0.21114985443168238,0.21114985443168238,0.14626923737232958,0.020685593924991804,"[0.40722978287997685, 3.999923994891451, 0.03359701138730253, 0.09240909721715009, 0.0095808685561887]","[0.2974622079051685, -0.04696573938718685, -0.10056168430041211, -3.607897291603625, -8.479877312006789]",9.220956799139968,0.021748476000502705,0.009474856005981564,True,9.248100241165958e-10,0,50,"[1.4830930301275564, -1.2821866845133716, -0.10098385814727626, 0.27210357061434515]"
93,1,0.19366451811288188,0.19366451811288188,0.1470991786363829,0.02080296534415153,"[0.4071975235153195, 3.999929088260871, 0.03360791716275296, 0.09280036868385394, 0.010500499511609517]","[-0.028819151722756908, -0.027418975393753427, -0.4001001509359429, -3.679681719568164, 8.76963328997167]",9.518833335677229,0.023351997947320343,0.010326155982911587,True,9.248509513781755e-10,0,50,"[1.483692820537067, -1.2769938037643038, -0.10039151955822838, 0.2687156724447667]"
94,1,0.2068373113569754,0.2068373113569754,0.14330834671086856,0.020266860751977603,"[0.4072005511081666, 3.999931968758346, 0.03364994964055613, 0.09318693724634677, 0.009579206640961051]","[0.29431510541778283, -0.046404283199341576, -0.08312395801919223, -3.508825796799175, -8.487408810034767]",9.189322668843023,0.02153200998902321,0.009135140059515833,True,9.249143317902053e-10,0,50,"[1.4830985163734114, -1.2820513697779843, -0.10093777968346684, 0.2720990832047961]"
95,1,0.1895395847928884,0.1895395847928884,0.1438954406343125,0.02034988837086973,"[0.4071685231648685, 3.999937018562871, 0.033658995351649935, 0.09356877450714013, 0.010502823006929812]","[-0.029506502326559395, -0.02687490795389929, -0.3846251797967069, -3.5821781830096473, 8.789378678959073]",9.499195098547107,0.02253942398354411,0.0099038159660995,True,9.249541221834079e-10,0,50,"[1.4836976940155249, -1.276814813503591, -0.10033768678130832, 0.26867734399218945]"
96,1,0.20271916693581088,0.20271916693581088,0.14047863982575767,0.01986667976653117,"[0.40717162937565976, 3.999939847740256, 0.033699485643276336, 0.09394587784541986, 0.00957754685596644]","[0.2927003003093304, -0.04583872406161843, -0.07827819202476405, -3.4131547686181833, -8.493695003481328]",9.158950945194333,0.021807515993714333,0.009406055957078933,True,9.250157972928718e-10,0,50,"[1.4831033401639557, -1.2819239387420167, -0.10089415165877862, 0.27209464398364397]"
97,1,0.18560041642813538,0.18560041642813538,0.14083677631495128,0.019917327914551,"[0.40713967153441477, 3.9999448525409513, 0.03370803227623514, 0.0943185356736656, 0.010504912342841394]","[-0.028491709391589782, -0.02631956281299475, -0.38186918009038495, -3.4878217246900647, 8.805779721538391]",9.479134214424349,0.02214799200184643,0.009579680021852255,True,9.250541666006029e-10,0,50,"[1.483702505752763, -1.2766428973501687, -0.10028589765973048, 0.26864049039074034]"
98,1,0.1987748608568581,0.1987748608568581,0.1377900500070441,0.019486455748002875,"[0.4071426772634976, 3.9999476291197205, 0.03374831751446597, 0.09468648296140574, 0.009575947785381102]","[0.29288800768107476, -0.04525265048164325, -0.08579313454507825, -3.3203429029122846, -8.499083706692954]",9.129857200178307,0.02195349200628698,0.009430811973288655,True,9.251147048416897e-10,0,50,"[1.4831089291011157, -1.2817979419562462, -0.10085133240294814, 0.2720898801765914]"
99,1,0.18182878690264367,0.18182878690264367,0.13792897421929076,0.019506102598512997,"[0.4071105970237713, 3.999952585675939, 0.033757714499835466, 0.09505016257103684, 0.010506858698817519]","[-0.025428661070476505, -0.02573403484538588, -0.3922687670196156, -3.396039888885727, 8.818900703170572]",9.458397336875722,0.022246733978390693,0.009639865988865494,True,9.251519372810435e-10,0,50,"[1.4837086207069807, -1.2764710257860372, -0.10023430112388246, 0.26860448228029427]"
100,1,0.19498560447445315,0.19498560447445315,0.13525363872789717,0.019127753024930305,"[0.4071132854983788, 3.999955306436542, 0.033799187569004255, 0.0954092128168207, 0.009574470220290012]","[0.2953178702842819, -0.04462675092249571, -0.10641481249172557, -3.2298646797081534, -8.503914447251956]",9.102148926442128,0.022381138019263745,0.009699219968169928,True,9.252110544366588e-10,0,50,"[1.4831167396320322, -1.2816670851492187, -0.10080765409369846, 0.27208472287603097]"
101,1,0.1782084165633676,0.1782084165633676,0.13517936867741775,0.019117249653663695,"[0.4070808406468785, 3.99996020931731, 0.03381087874362027, 0.09576405920589377, 0.010508745688098876]","[-0.019711163721621107, -0.025096384521292005, -0.4173058278958689, -3.306418290515789, 8.828588540215156]",9.43671235318545,0.02238263003528118,0.009452805984765292,True,9.252465815734468e-10,0,50,"[1.4837174915022318, -1.2762919830669028, -0.10018098364136999, 0.2685688036167308]"
102,1,0.1913333569530115,0.1913333569530115,0.13288323610038633,0.01879252747051924,"[0.4070829294213353, 3.9999628687588165, 0.03385510027038015, 0.09611443740609919, 0.009573188026822974]","[0.3008562581028062, -0.043940004953161346, -0.14177593568595342, -3.141815824090719, -8.508383343583223]",9.076130200800659,0.022300670044496654,0.009647856019437313,True,9.253045618606847e-10,0,50,"[1.483128356533295, -1.281524274401545, -0.10076124611333052, 0.2720789567308249]"
103,1,0.1747238798067414,0.1747238798067414,0.13259741312453488,0.018752105997630546,"[0.40704978134485187, 3.9999677100297077, 0.03387072101760762, 0.09646059989542392, 0.010510634180018881]","[-0.006347682542823445, -0.02443519980029915, -0.45715609506946964, -3.229956447372354, 8.834178377426438]",9.417268994959906,0.021942884009331465,0.009439296014606953,True,9.25338383694907e-10,0,50,"[1.4837307322061115, -1.2760976723261557, -0.10012377380013514, 0.2685328975869192]"
104,1,0.1877856775799001,0.1877856775799001,0.13069212440151923,0.01848265748239802,"[0.40705045539191853, 3.999970304752213, 0.03391926546242125, 0.09680358218134547, 0.00957255134717038]","[0.30698357033069906, -0.04310981085662677, -0.19728057318261136, -3.0463456084432328, -8.505232564033593]",9.041803997387863,0.022504980014637112,0.009831208009272814,True,9.25395511330862e-10,0,50,"[1.48314572957287, -1.2813597651330915, -0.10070985645945854, 0.27207101174412424]"
105,1,0.17135427308855486,0.17135427308855486,0.13019564022246305,0.01841244401644553,"[0.40701650380765664, 3.9999750725851437, 0.033941084180590525, 0.09714050008058177, 0.01051320794241952]","[0.0005464558893212589, -0.02350485068050443, -0.5240803932185316, -3.1248804622206636, 8.843948438412246]",9.394440638997006,0.021589599950239062,0.009398885974660516,True,9.25428196296707e-10,0,50,"[1.4837506508850793, -1.2758747895877427, -0.10005960268221172, 0.2684937884317974]"
106,1,0.18436500318432653,0.18436500318432653,0.12872066828181064,0.01820385148418649,"[0.4070164456396496, 3.999977574580907, 0.03399687040707294, 0.09747313089724971, 0.009571805598488687]","[0.3209076231824206, -0.04220780037023937, -0.26832092428602405, -2.961161631891047, -8.512847978398218]",9.022960613509332,0.0227348099835217,0.009705008035525679,True,9.254830501959077e-10,0,50,"[1.483171067979731, -1.281166859714547, -0.10065097382544694, 0.2720639071988209]"
107,1,0.16810885131421893,0.16810885131421893,0.12800155063249846,0.018102152890926575,"[0.4069808799714734, 3.9999822524025417, 0.03402660797722864, 0.09780131160848204, 0.010515270647500335]","[0.018362718229849383, -0.022514246519057105, -0.608364517810488, -3.0365063469336353, 8.837175977796148]",9.364133784005515,0.021971169952303173,0.00940270402468741,True,9.255145982933755e-10,0,50,"[1.4837788348466763, -1.2756198251125217, -0.09998645682943869, 0.2684558829463507]"
108,1,0.18102800838373467,0.18102800838373467,0.12698387214077153,0.01795823141841301,"[0.4069789190086496, 3.9999846567089126, 0.03409157549390217, 0.098125581467996, 0.009571544705443972]","[0.3382825851409125, -0.041126906346029835, -0.35768920259023146, -2.8731436966305, -8.511748294680226]",8.997159653410856,0.022569890040904282,0.009771604025736451,True,9.255683153241989e-10,0,50,"[1.4832076083919536, -1.2809328636866346, -0.10058209577491457, 0.27205508877091217]"
109,1,0.1649649296198291,0.1649649296198291,0.12602382522494626,0.017822460281525555,"[0.4069413201887848, 3.9999892278077844, 0.034131331285321836, 0.09844492043795881, 0.01051759308311251]","[0.04057844904440411, -0.021345345073976882, -0.7103997333992058, -2.947614934848466, 8.82347947622102]",9.33000503145267,0.021997519973665475,0.009487838055938481,True,9.255981581191008e-10,0,50,"[1.483817739391662, -1.2753182035277633, -0.09990099315296039, 0.2684157417937588]"
110,1,0.17776761729396826,0.17776761729396826,0.12550670556989857,0.017749328518571743,"[0.40693697094686015, 3.9999915156248864, 0.03420747269477748, 0.09876084898511348, 0.009571883038420123]","[0.3588725296844785, -0.03988270555625108, -0.4537134933477246, -2.786019886579912, -8.506536561378894]",8.96991121111603,0.022451692009344697,0.009945662012323737,True,9.256504540644528e-10,0,50,"[1.4832570758877535, -1.2806487096781798, -0.1005006220202635, 0.2720445626888369]"
111,1,0.16192278773287355,0.16192278773287355,0.1242699785957363,0.01757442891259045,"[0.4068969624650371, 3.9999959619014005, 0.03425805440987126, 0.09907144513491892, 0.010520224260559397]","[0.06516535775560373, -0.020018041597626598, -0.8132198528715517, -2.8605225708157214, 8.807033146496899]",9.295826805431913,0.02162122997455299,0.009388886010274291,True,9.256791599909775e-10,0,50,"[1.4838695342997317, -1.27496192603337, -0.09980152064311833, 0.2683725405710435]"
112,1,0.1745870614908385,0.1745870614908385,0.12429298801809166,0.017577682936306183,"[0.4068899522916429, 3.9999981153453077, 0.03434553666075709, 0.09937916629091512, 0.0095728063137875]","[0.3796124953758835, -0.038530048261337796, -0.5342653406178076, -2.7025303491335917, -8.500502142952808]",8.943893818454208,0.02281584600917995,0.00987100999802351,True,9.257300348508579e-10,0,50,"[1.483319757464759, -1.2803121466112546, -0.10040596530908519, 0.2720322292727903]"
113,1,0.15899085342795624,0.15899085342795624,0.12272462173559376,0.017355882449558463,"[0.4068475085302299, 4.000002423317768, 0.03440527186685443, 0.09968133114256567, 0.01052323152170567]","[0.08831266575871842, -0.018602009647692735, -0.8928942918854663, -2.777904346497487, 8.790841753342418]",9.26288597947616,0.022109625982120632,0.009508376009762287,True,9.257570354748168e-10,0,50,"[1.4839336320282113, -1.274553803110206, -0.09968897009928356, 0.2683259965319013]"
114,1,0.17149134148656436,0.17149134148656436,0.12331733596039456,0.017439704899090934,"[0.40683797449667436, 4.000004431548215, 0.034501666693884304, 0.09998122734687527, 0.00957419233760351]","[0.39675082344476104, -0.037139310247514476, -0.5793264624753524, -2.6245115961114043, -8.48512385484276]",8.909534086838596,0.022242497988045215,0.009644698034971953,True,9.258070576834143e-10,0,50,"[1.48339462010075, -1.279930015209608, -0.10030091566527395, 0.2720172635287788]"
115,1,0.1561796479817191,0.1561796479817191,0.12134667280030144,0.017161011042303664,"[0.4067934434561583, 4.000008600038944, 0.03456668989899961, 0.10027580072975215, 0.01052655682391541]","[0.10728300125348458, -0.017165761546151962, -0.9390253046316556, -2.7001001984549697, 8.77137383843542]",9.226110389744525,0.024129117978736757,0.010306300008669495,True,9.258329214389959e-10,0,50,"[1.4840058316999953, -1.2741103586452012, -0.09956723034625489, 0.2682773632186148]"
116,1,0.1685107768940337,0.1685107768940337,0.12250932055063454,0.017325434263982028,"[0.4067818152621838, 4.0000104606021525, 0.034668469009032116, 0.10056845929160543, 0.009575844826448448]","[0.40900188788875397, -0.03575948676116849, -0.5902227934935818, -2.55058807252141, -8.470453289815328]",8.875302962816603,0.02207027394324541,0.009297897983342409,True,9.258818067792163e-10,0,50,"[1.483476017113542, -1.2795225856003523, -0.10018952838539215, 0.2720014389906616]"
117,1,0.1534991061031277,0.1534991061031277,0.12008968681881096,0.016983246380029998,"[0.4067357321155514, 4.000014489702557, 0.03473497071561046, 0.10085583968672206, 0.01053022951893142]","[0.12103561923554221, -0.015699549703926906, -0.9628543970602866, -2.6221652188752365, 8.75251279649366]",9.18826509058088,0.02340056002140045,0.009886653944849968,True,9.259065336664207e-10,0,50,"[1.4840823119681832, -1.2736489626215344, -0.09944102015545624, 0.268227196016087]"
118,1,0.16566079943835654,0.16566079943835654,0.1218202380378342,0.01722798328046239,"[0.4067225592675731, 4.000016198354794, 0.03483976246764018, 0.10114122165956892, 0.009577654390846195]","[0.41560286633355276, -0.0343678157700502, -0.5824252517520441, -2.4740518646856735, -8.456484748299951]",8.840033540124622,0.021821948001161218,0.009187962003052235,True,9.259542821382638e-10,0,50,"[1.483560460722889, -1.2791049490721613, -0.1000756589551513, 0.27198554798003377]"
119,1,0.15095959532304365,0.15095959532304365,0.11892537850307992,0.016818588318940935,"[0.40667554554704816, 4.000020086102008, 0.034905647427130725, 0.10142109071811674, 0.010534266682978305]","[0.12548334947536952, -0.014055535079710952, -0.9949234761005263, -2.5230123516592666, 8.743943614959772]",9.15576089795812,0.023376835994422435,0.0100325199496001,True,9.259781563741853e-10,0,50,"[1.4841620246662064, -1.2731782081160947, -0.09931358999112154, 0.26817498245068444]"
120,1,0.16296413081641856,0.16296413081641856,0.121244715060172,0.01714659204041567,"[0.40666184014879014, 4.000021621259516, 0.03501431381620318, 0.10169665627509261, 0.009579245717330896]","[0.4098010037991973, -0.032891397288325075, -0.5754692199703548, -2.3704794929985873, -8.450362983542817]",8.80499807553762,0.021869788002222775,0.00949477406218648,True,9.260241995434627e-10,0,50,"[1.4836466452033787, -1.2786794919360265, -0.09995968325010277, 0.2719688505435917]"
121,1,0.14858432348735445,0.14858432348735445,0.11787700008163599,0.016670325220730402,"[0.40661529828697063, 4.000025356796651, 0.03507967092530963, 0.10196587603782205, 0.010538969150554602]","[0.0558041468218782, -0.010349763838119436, -1.5039120610963572, -2.0400157214446515, 8.744932734385094]",9.104970366815392,0.023014056012034417,0.009926656037569046,True,9.260466526939126e-10,0,50,"[1.4842449843918966, -1.2726967069328479, -0.09918438262511704, 0.268120536917545]"
122,1,0.16060040260096664,0.16060040260096664,0.12127217620229516,0.01715047563237855,"[0.4066091693107557, 4.000026493512468, 0.035244845769415924, 0.10218993121197789, 0.009578512127509582]","[0.35653717806983637, -0.03325908117845002, -0.035552943751740146, -2.375941100717869, -8.520080313998301]",8.852477258298837,0.021506541976705193,0.009254970010370017,True,9.26085306218738e-10,0,50,"[1.4837557458802972, -1.2780943331931882, -0.09980082572431932, 0.2719214411474599]"
123,1,0.14653382307403132,0.14653382307403132,0.11702587771154355,0.01654995834082802,"[0.40656889389771295, 4.000030250549082, 0.03524886192700779, 0.10245832400544394, 0.010540963661067448]","[0.15659758204726434, -0.013139158435973441, -0.3115477794911364, -2.7309370120920464, 8.702359048410672]",9.12747650945006,0.022878889963030814,0.009915769975632429,True,9.261083278033766e-10,0,50,"[1.4843243497771148, -1.2722509911167683, -0.09906307787178666, 0.2680798490820452]"
124,1,0.15789437912445123,0.15789437912445123,0.11972253023869305,0.01693132259851827,"[0.4065517371751656, 4.000031690066173, 0.03528299488578719, 0.10275752357160721, 0.009587539235548814]","[0.5326834354946317, -0.030459962955597688, -0.8162084754141529, -2.3980183309716225, -8.286832473849602]",8.68176019551656,0.021745808040723204,0.009234684025868774,True,9.261586342290684e-10,0,50,"[1.4837713535088843, -1.2778850457763749, -0.09975083335180553, 0.2718471609365566]"
125,1,0.14417446781002918,0.14417446781002918,0.11566994632371337,0.016358200684996337,"[0.40649038055813896, 4.000035198567015, 0.035377009055372485, 0.10303373695192308, 0.010542049874667201]","[0.22589889515624598, -0.011118430434937338, -0.9683964560420034, -2.4983128677521105, 8.69357085281291]",9.09992785600286,0.022895038025453687,0.009616169994696975,True,9.261813715966128e-10,0,50,"[1.48438496402494, -1.271881512668181, -0.09896328918516917, 0.2680361239865593]"
126,1,0.15536471663045906,0.15536471663045906,0.11937963310032186,0.016882829620159922,"[0.40646555630692444, 4.000036420382243, 0.03548342709200525, 0.10330827900401524, 0.009586704844528005]","[0.49714029216435324, -0.0301485676047535, -0.4835722053933171, -2.3625222978612253, -8.318372600922764]",8.6751791808426,0.02225497399456799,0.009448281992226838,True,9.262276989829843e-10,0,50,"[1.4838661652989495, -1.2773409223603804, -0.09960382506003033, 0.27178871870619226]"
127,1,0.14198508102048646,0.14198508102048646,0.11459866872639778,0.016206699154277318,"[0.40640825025228927, 4.000039895649667, 0.03553916913436046, 0.10358061024332912, 0.010545575252453797]","[0.24863905188596264, -0.009344594397155775, -1.0435116592126672, -2.4349063593429023, 8.711072409969216]",9.108368503358621,0.022304701982066036,0.009657195946201682,True,9.262504363505286e-10,0,50,"[1.4844675009216122, -1.2714182515103378, -0.09884137690391914, 0.2679808450488669]"
128,1,0.1529042239979631,0.1529042239979631,0.11888421054471968,0.01681276629043611,"[0.4063809523831081, 4.000040921584707, 0.03565373538831838, 0.1038479365332325, 0.009589194051385712]","[0.49647960535343233, -0.028862224921553575, -0.41308824239877795, -2.3112313711486543, -8.274035757182741]",8.615069650599912,0.022585945995524527,0.009773791991174221,True,9.262953426514286e-10,0,50,"[1.4839480290660036, -1.2768489332377004, -0.09947375111759461, 0.2717208918753689]"
129,1,0.13990817771131012,0.13990817771131012,0.11358594717888071,0.01606347869953671,"[0.40632332317923264, 4.000044271786862, 0.035701684883691534, 0.10411621426801779, 0.01054960831288227]","[0.2668783339068511, -0.007789856599870872, -1.067314961950778, -2.38591002690902, 8.736099827024438]",9.12263409324413,0.022362873945385216,0.009399770013988017,True,9.263177958018787e-10,0,50,"[1.4845511383891814, -1.2709474614500107, -0.09871854405123938, 0.26792130643218875]"
130,1,0.1505500417105958,0.1505500417105958,0.11840360850075381,0.016744798897568032,"[0.4062940686534948, 4.000045125691176, 0.0358186812414238, 0.10437775167073071, 0.009591979218393385]","[0.4988568122323682, -0.027612180324152188, -0.3520733948892638, -2.2665301220984624, -8.222998947778139]",8.5515172172277,0.02280246598646045,0.009818101981654764,True,9.263618494514958e-10,0,50,"[1.4840277360623837, -1.276368188345045, -0.099346985175796, 0.2716529306892293]"
131,1,0.13793727969022845,0.13793727969022845,0.11259456982059304,0.015923276768984706,"[0.40623573317927403, 4.000048354612971, 0.03585985211039414, 0.10464279588034386, 0.010553562845945545]","[0.2888349884028582, -0.006179715519646918, -1.1089274671869251, -2.341786190400329, 8.77404045444413]",9.153192471737007,0.02213864398188889,0.0094262539409101,True,9.263840183848516e-10,0,50,"[1.484634518947009, -1.2704731291743272, -0.09859732125449422, 0.2678534173469089]"
132,1,0.14829188885227326,0.14829188885227326,0.11794456284121366,0.016679880037821015,"[0.40620417752377314, 4.0000490297561555, 0.035981004098674725, 0.10489863953242214, 0.009594985772364081]","[0.6703578116367196, -0.026240698094099447, -0.11049542513509096, -2.3844590245327995, -9.016122521985668]",9.350849564610037,0.022555631995201112,0.009706079941242934,True,9.264269351660914e-10,0,50,"[1.484106697300356, -1.2758920887118528, -0.09922173238508364, 0.27158452938744004]"
133,1,0.13604293822464597,0.13604293822464597,0.11151932167213584,0.015771213717538233,"[0.40613248801503565, 4.000051835992948, 0.03599282071751345, 0.10515363871808996, 0.010559189341111951]","[0.3715631359520008, -0.003183027835036965, -1.5386693059043028, -2.282888003579929, 8.860387004075562]",9.285666805753747,0.02188184200786054,0.009224574035033583,True,9.264482514481642e-10,0,50,"[1.4847085663437398, -1.2700396617216598, -0.09848932542192727, 0.2677792801150285]"
134,1,0.14597953437198277,0.14597953437198277,0.11756758069380512,0.016626566711257243,"[0.4060924733188717, 4.000052178782314, 0.03615852441310429, 0.10539948945246258, 0.009604988938656078]","[0.6315980791819967, -0.02586683092699773, 0.21385266842821565, -2.3619687312985596, -8.823670753837284]",9.158677854915414,0.023500388022512197,0.009889599988237024,True,9.264894629268383e-10,0,50,"[1.4841997993621172, -1.2753268716801838, -0.09907971427950746, 0.27148214025728085]"
135,1,0.13423846355932154,0.13423846355932154,0.11051116669675924,0.015628639073623083,"[0.40602351160964706, 4.000055003079809, 0.03613517468164823, 0.10565738352499762, 0.010568410831275464]","[0.4327349568123829, -0.0005729146506194332, -1.825339783269304, -2.2386275534734197, 8.995619515465757]",9.457893475064255,0.02141366000287235,0.009207585966214538,True,9.265113476430998e-10,0,50,"[1.4847907917635124, -1.2695605357021185, -0.0983726142277331, 0.26768996872872786]"
136,1,0.14371453163387396,0.14371453163387396,0.11713881626818447,0.01656593026467966,"[0.4059777577683813, 4.0000550636551, 0.03632817112296879, 0.10589407762174748, 0.009617287884264948]","[0.6010118155051715, -0.02526605535444599, 0.47192566378733036, -2.335779986828717, -8.58526704491057]",8.930131342111835,0.02287209199741483,0.010024384018033744,True,9.265505696021136e-10,0,50,"[1.484290576662939, -1.2747662614881723, -0.09894087578273467, 0.271371818305701]"
137,1,0.13251626717014273,0.13251626717014273,0.10951516738520292,0.01548778350017136,"[0.40591045620333, 4.000057892958991, 0.03627532468144905, 0.10615563928272241, 0.010578669829843243]","[0.5069387137143238, 0.0023635471973316073, -2.184054099578487, -2.1979025681341136, 9.144149555801302]",9.668160712026614,0.02162301600910723,0.009141241973266006,True,9.265738754038466e-10,0,50,"[1.484873069827915, -1.2690797502385578, -0.0982564214778995, 0.26759710474456344]"
138,1,0.14148351033482018,0.14148351033482018,0.11673497609224764,0.016508818639295562,"[0.4058580223714191, 4.000057648491893, 0.03650122639785678, 0.10638297337794207, 0.009632869503677716]","[0.5618552717103168, -0.024801435383275474, 0.7723992338083718, -2.310796500389374, -8.290760925688048]",8.659641691609474,0.02284460199996829,0.009848182024434209,True,9.266113920602948e-10,0,50,"[1.4843851728026223, -1.2741769236775724, -0.09879713366786198, 0.27124786575104737]"
139,1,0.13086607889231092,0.13086607889231092,0.10851569953780663,0.015346437401676993,"[0.4057931403252959, 4.00006051251748, 0.036412031109965416, 0.10664982004232099, 0.010590271809683489]","[0.6085315604824514, 0.005986014909319886, -2.699563766044922, -2.158716530097233, 9.311704324019994]",9.951175081100123,0.02212213197723031,0.009435579972341656,True,9.266358347304049e-10,0,50,"[1.4849549081388758, -1.2685979457423557, -0.09814113085794204, 0.26749944343375925]"
140,1,0.13924483996459833,0.13924483996459833,0.11636531699364634,0.016456540948225903,"[0.40573198859643356, 4.000059910978982, 0.03668331201335348, 0.10686675085825852, 0.009654532638460422]","[0.509990316367455, -0.02451174572975301, 1.1355423670276679, -2.286422173288877, -7.893688059925007]",8.31193027868327,0.02262488003820181,0.010025093974545598,True,9.266707934330043e-10,0,50,"[1.4844878973004871, -1.2735287678642133, -0.098642748216079, 0.27109850915940564]"
141,1,0.1292793433294537,0.1292793433294537,0.10750450163125354,0.015203432422307928,"[0.40567063217268995, 4.00006285996254, 0.036546696049453584, 0.10714182801799813, 0.010604214336250818]","[0.6742269276655751, 0.01182923482903782, -3.4151397340162766, -2.1662761768140193, 10.319105934900772]",11.103810204320816,0.022270319974049924,0.00945191997103393,True,9.266972256227745e-10,0,50,"[1.4850381813354248, -1.268105316771102, -0.0980251519202601, 0.26739292249534835]"
142,1,0.1371727501958979,0.1371727501958979,0.11597206111876265,0.016400926169051564,"[0.4056099118509987, 4.000061794631396, 0.036854260720576994, 0.1073369210659481, 0.009674884156421558]","[0.4695098549628809, -0.024039048452848873, 1.4222146110558425, -2.25957320867856, -7.527108471800577]",8.000421539599552,0.022325498051941395,0.009549687961116432,True,9.267290579373366e-10,0,50,"[1.4845839980585993, -1.2729199255446046, -0.09849730190599917, 0.2709585766406347]"
143,1,0.12779765624868614,0.12779765624868614,0.10654005221279439,0.01506703867752715,"[0.4055512262114258, 4.000064799354126, 0.03667649326122019, 0.10761935283497576, 0.010615723140167968]","[0.8550493582808347, 0.01736530904865091, -4.360728271259372, -2.1354499214330467, 10.487917459113282]",11.588956856030537,0.022342262007296085,0.009594844011589885,True,9.267569112125784e-10,0,50,"[1.4851174287999631, -1.2676416588460597, -0.09791461978794679, 0.26729746419683914]"
144,1,0.1349709015480812,0.1349709015480812,0.11564125320995643,0.01635414286593416,"[0.40547744482032827, 4.000063300918222, 0.03705277633182407, 0.10780361876570424, 0.009710730776446233]","[0.405501989356019, -0.023935501576364055, 1.8296829930346166, -2.2330097789995405, -6.905876440905297]",7.4960127212249255,0.022619489999487995,0.009599580010399223,True,9.267859013561975e-10,0,50,"[1.4847023698460846, -1.2721523463444824, -0.09832212128734963, 0.2707539455333149]"
145,1,0.12636521516448646,0.12636521516448646,0.10554447186841472,0.014926242354981769,"[0.4054233491291412, 4.000066494016001, 0.036808688833465136, 0.10810151177386028, 0.010632004084911955]","[1.0709192334462876, 0.023952535293803045, -5.494020694813551, -2.1139121346205503, 10.726910692614648]",12.282790507200644,0.02269382795318961,0.009677184009924532,True,9.268165968023822e-10,0,50,"[1.4852023651154163, -1.2671418714663214, -0.09779881636977462, 0.2671839271540169]"
146,1,0.13269647171886,0.13269647171886,0.11519996901674118,0.01629173585684357,"[0.40533616053525195, 4.000064543926949, 0.0372559830123527, 0.10827361534700265, 0.009758675610779567]","[0.354826669411446, -0.024335703637642515, 2.168560489202963, -2.2035135154648398, -6.074980634586113]",6.825687533909083,0.022300804033875465,0.009277058029547335,True,9.268430289921525e-10,0,50,"[1.4848316622478868, -1.2712992202753572, -0.09813473926723124, 0.27050168410529696]"
147,1,0.12494110227643589,0.12494110227643589,0.10449347677171536,0.014777609203007783,"[0.40528417651641185, 4.00006810923865, 0.036938277216692975, 0.10859644194933323, 0.01064869300514701]","[1.5258029975823768, 0.03646836742776989, -7.9552926770591315, -2.0942035062134887, 10.973673503798402]",13.799394363533814,0.023006552020087837,0.009927401943132281,True,9.268788403460349e-10,0,50,"[1.4852872429426431, -1.26664155528416, -0.09768343720131527, 0.2670684058169091]"
148,1,0.13002687893746,0.13002687893746,0.11461654574815569,0.016209227346939806,"[0.40517360622924736, 4.000065466487348, 0.03751477300099386, 0.10874820248685332, 0.009853464373084568]","[0.1780731313324347, -0.019529497243635577, 2.69106754343936, -2.2124234298865018, -3.734597486025862]",5.110378829446924,0.02209501599892974,0.009198825983330607,True,9.268995881939191e-10,0,50,"[1.4850249615395494, -1.2700240028031515, -0.09787878414743412, 0.27005725183660945]"
149,1,0.12291309499752695,0.12291309499752695,0.10340664278320168,0.014623907666347373,"[0.4051387608416077, 4.000069288023459, 0.036988184340402526, 0.10918112996704427, 0.010584251191426811]","[-2.4345238235742297, -0.0613282605030214, 14.49136959000889, -2.2042166916808097, 10.066335480182117]",17.947705736967578,0.022574200006201865,0.009697115998715162,True,9.269541578760254e-10,0,50,"[1.4852687882150326, -1.2667910193479086, -0.09766936682355734, 0.26725561097726136]"
150,1,0.12366994651995265,0.12366994651995265,0.10280186748324557,0.014538379523208756,"[0.4052744062471608, 4.0000727050763905, 0.03618076250044261, 0.1093039432515867, 0.010023380870331272]","[-0.09152099007559122, -0.029776627867888993, 2.0198290601471633, -1.9877377454606977, 0.025921287328265378]",2.8356208190222656,0.022132085990160703,0.009185877982527018,True,9.269882639273419e-10,0,50,"[1.4844476554043204, -1.2721146823216434, -0.09857923938201672, 0.26952977704652537]"
151,1,0.1209643558474311,0.1209643558474311,0.09648306994995927,0.01364476660626244,"[0.4053066817155272, 4.000083205996562, 0.03546845673449351, 0.11000493180810501, 0.010014239560906107]","[-0.08855057190564442, -0.027781884862724572, 2.3706918279188134, -2.0649331717154547, 0.3196695591448423]",3.1614759860810415,0.022624107971787454,0.009816574025899171,True,9.270880241274426e-10,0,50,"[1.4840783838415976, -1.2737896752357951, -0.09902213911736972, 0.26960713781249246]"
152,1,0.12026803186644633,0.12026803186644633,0.09061136939589227,0.012814382750486925,"[0.40533469096572156, 4.000091993627712, 0.03471858805366015, 0.11065808659408269, 0.009913125536807512]","[0.004317800113041317, -0.030897719759006195, 1.5135244083378905, -2.0152512153657214, -0.9296584429176543]",2.686490597161989,0.022051050011068583,0.009479964012280106,True,9.271829526369401e-10,0,50,"[1.4836441838514633, -1.2761070821802283, -0.09956290787448573, 0.27005260745572995]"
153,1,0.1148318957620596,0.1148318957620596,0.08409569988725164,0.011892927931780883,"[0.4053330837387631, 4.0001034947734, 0.034155204578812555, 0.1114082292585478, 0.010259174930597945]","[-0.14963541284829432, -0.024775912321781758, 0.8337993185800263, -1.964283545289374, 5.702147272405159]",6.090247882374441,0.02286577397957444,0.00978707198984921,True,9.27281860185758e-10,0,50,"[1.4835563374880802, -1.2753258142953634, -0.09965278716798846, 0.26870852162310754]"
154,1,0.1292333517689134,0.1292333517689134,0.08597676648039944,0.012158950920556539,"[0.4053576534140397, 4.000107562902119, 0.034018297291203425, 0.1117307585845957, 0.009322899859106807]","[0.1516456294806342, -0.0438492074784757, 0.8597110334214016, -1.7504518710665662, -11.80498187294174]",11.966022772179864,0.022013152008876203,0.009604727998375893,True,9.273352929994871e-10,0,50,"[1.4829338319042924, -1.2812441005673447, -0.1004044159520677, 0.2724706804684521]"
155,1,0.11332896620758,0.11332896620758,0.0816921725113809,0.011553017830531741,"[0.40534498039541395, 4.000111227378471, 0.033946451277726976, 0.11187704377093097, 0.010309441678114617]","[-0.15898291493385297, -0.02424723240492123, 0.6037935264690742, -1.9213130169869757, 6.589655078158078]",6.8924181443426855,0.022500841971486808,0.0096472779661417,True,9.27343535295222e-10,0,50,"[1.4834777763149363, -1.2754977525975915, -0.09974322485840649, 0.2685126649333396]"
156,1,0.12745520484019346,0.12745520484019346,0.08399650470380268,0.011878899614405322,"[0.4053680467433315, 4.000114745335724, 0.033858848710132165, 0.11215580123695691, 0.009353368651319107]","[0.14362222701322938, -0.0434302024789667, 0.6787230353691907, -1.7107420250100374, -11.11526443184621]",11.267604898616266,0.02279273805208504,0.009609589949250222,True,9.273907153328764e-10,0,50,"[1.4828656637486881, -1.2814191835113322, -0.10047824300438801, 0.2723485922562614]"
157,1,0.11206551824510115,0.11206551824510115,0.07981028452761686,0.011286878679581135,"[0.4053553002698535, 4.000118599766445, 0.033798612036818186, 0.11230762960156955, 0.01033984843392355]","[-0.1643493606523276, -0.023946317851910787, 0.4407793238785836, -1.8837701868379466, 7.124692655743558]",7.384558626381811,0.02205071601085365,0.00923499203287065,True,9.273992418457055e-10,0,50,"[1.4834175599683694, -1.2756468662182077, -0.09980983722011194, 0.26839054739493134]"
158,1,0.12591499257369285,0.12591499257369285,0.08234093540971374,0.01164476675949042,"[0.40537755608349724, 4.000121842521911, 0.03373892271127824, 0.11256272544167202, 0.009375038888052342]","[0.13705378518662883, -0.043113707153677516, 0.5407590278628887, -1.6740993253642449, -10.619896308628517]",10.76558725825955,0.023235539933666588,0.009785234006121754,True,9.274432954953226e-10,0,50,"[1.4828127430494702, -1.2815556814531948, -0.1005336395219307, 0.2722591576956124]"
159,1,0.11089939698819558,0.11089939698819558,0.07822527472150212,0.011062724443150953,"[0.40536482535345103, 4.000125847292493, 0.03368869237875293, 0.11271823013315314, 0.010361505864063732]","[-0.16856114788691287, -0.023719050626195302, 0.3182192154772859, -1.8488089979793445, 7.501110016445524]",7.7340148120408525,0.021932342015206815,0.009327575964853167,True,9.274515377910575e-10,0,50,"[1.4833709983738648, -1.2757602946383362, -0.09985891708105041, 0.26830030001745664]"
160,1,0.12450507674550523,0.12450507674550523,0.08091639367887832,0.011443306135899028,"[0.4053866201330011, 4.00012891414085, 0.03364754696810015, 0.11295727919663075, 0.00939162020987577]","[0.13104239550665445, -0.042842982900488574, 0.4333787729517995, -1.6393337144263043, -10.238512877029144]",10.378891354658045,0.02337460401467979,0.009791952045634388,True,9.274933177039202e-10,0,50,"[1.482771640319976, -1.2816576575919347, -0.10057505041751306, 0.27218890719378236]"
161,1,0.10978666147254916,0.10978666147254916,0.07684366711820584,0.010867335622105014,"[0.40537399427624854, 4.000133042036733, 0.03360579118146543, 0.11311522802355749, 0.010378094827075383]","[-0.17238607181859517, -0.023521263299516898, 0.22401925485050164, -1.8154242509143976, 7.784169520760958]",7.9980944713650395,0.022190872048959136,0.00946931197308004,True,9.275024126509379e-10,0,50,"[1.4833348872081848, -1.2758414760542236, -0.09989464479522689, 0.26822833314553873]"
162,1,0.1231789080705671,0.1231789080705671,0.07966676855024261,0.011266582455419146,"[0.40539554766904906, 4.000135982895132, 0.03357778210310001, 0.11334221012000396, 0.00940484181691693]","[0.12524514675983398, -0.04259519389542135, 0.3489208313589093, -1.6058443324549412, -9.932970384498432]",10.068857091213811,0.022453272035345435,0.009720424031838775,True,9.275424872612348e-10,0,50,"[1.4827398046739366, -1.2817309490125752, -0.10060562731737198, 0.2721314984279131]"
163,1,0.1087094158968109,0.1087094158968109,0.07561277277128767,0.010693260874179008,"[0.4053831088047755, 4.000140213285285, 0.03354312863367807, 0.11350169637725721, 0.010391346073907482]","[-0.17610785455402447, -0.023335994783834985, 0.15082587331370667, -1.7831078447179116, 8.005079401173791]",8.204576576164094,0.022126571973785758,0.009594815988093615,True,9.275510137740639e-10,0,50,"[1.483306880971335, -1.2758959255150986, -0.09992004796426064, 0.26816838492230527]"
164,1,0.12189716634344773,0.12189716634344773,0.07849246474384923,0.011100510818484358,"[0.4054045733926062, 4.000143057550868, 0.033524745494475795, 0.11371902725691295, 0.009415661426944172]","[0.2978460394076682, -0.042502719546785375, 0.45602840855405874, -1.7210965784074113, -10.57305116332784]",10.72613933287844,0.022622778033837675,0.009453562041744589,True,9.275896672988892e-10,0,50,"[1.4827157990221307, -1.2817807800025562, -0.10062780840511444, 0.2720832085309075]"
165,1,0.10765873986563707,0.10765873986563707,0.07442229187849447,0.010524901451745592,"[0.4053768051499854, 4.0001470200874545, 0.03348222987964375, 0.1138794854166323, 0.01040138898783208]","[-0.17936974588661056, -0.023182296822366676, 0.081924822141168, -1.7508153688338535, 8.183944923574238]",8.371483235899694,0.02207696202211082,0.009389265943318605,True,9.27598762245907e-10,0,50,"[1.483279412694724, -1.2759570036305263, -0.09994510217274861, 0.26811816563412855]"
166,1,0.12066802826470935,0.12066802826470935,0.07733328042973274,0.01093657740065299,"[0.4053982314302288, 4.000149789285715, 0.03347244370199484, 0.11408862581855256, 0.009423791029145239]","[0.29287938437761524, -0.042305381546817664, 0.39223881612923955, -1.6883445198966713, -10.356885942414902]",10.505094621660303,0.02306437601335347,0.009532748013734818,True,9.276368473365437e-10,0,50,"[1.4826922058256113, -1.2818358706791304, -0.1006496046071814, 0.27204242531848366]"
167,1,0.10662944122838437,0.10662944122838437,0.07333458237378704,0.010371076098397655,"[0.40537035168283975, 4.0001538164157004, 0.03343510574072763, 0.114249342554626, 0.010409682762102532]","[-0.1828486694732584, -0.023025344222224596, 0.02697394271137874, -1.718919804808815, 8.329311688691304]",8.506868395521565,0.022255710009485483,0.009317697966471314,True,9.276456580664672e-10,0,50,"[1.4832578141371584, -1.275996778269189, -0.09996273906556132, 0.26807414667068]"
168,1,0.11947830988027824,0.11947830988027824,0.07628326205107176,0.010788082377468653,"[0.4053918459226646, 4.000156523092605, 0.033431934897891695, 0.11445140513802175, 0.009430554920875186]","[0.2877641308522123, -0.042106994306774295, 0.3406331565707604, -1.6560136618160988, -10.173261810688569]",10.31689145325597,0.022073241993784905,0.009722880041226744,True,9.276820378545381e-10,0,50,"[1.4826739654363634, -1.281872814071006, -0.10066525392873492, 0.2720070468112281]"
169,1,0.105620270374021,0.105620270374021,0.07233113104988494,0.010229166651253296,"[0.4053639533997929, 4.000160604457084, 0.033398917863828564, 0.11461191992769058, 0.01041663312629159]","[-0.18658655761259418, -0.02286355476071912, -0.017036211588448893, -1.6871871999837105, 8.449023129964523]",8.617901137550122,0.02316113597713411,0.010031075989827514,True,9.276914170186501e-10,0,50,"[1.4832409297470797, -1.276019491338942, -0.09997448816392393, 0.2680349488409844]"
170,1,0.11832456852293599,0.11832456852293599,0.07532512204750186,0.010652580918698576,"[0.4053856044438944, 4.000163257487606, 0.03340089470381716, 0.11480769697048311, 0.009436229314025766]","[0.2824599676386366, -0.041906724711101254, 0.29867340368473344, -1.623853569741689, -10.016178211809043]",10.155366659832824,0.022091398062184454,0.00940244403667748,True,9.277266599383438e-10,0,50,"[1.4826599808984486, -1.2818953611796322, -0.10067597885862412, 0.2719760862398393]"
171,1,0.10463041748873739,0.10463041748873739,0.07139743536606795,0.010097122141334975,"[0.4053577905818181, 4.0001673840471, 0.03337148430302517, 0.1149675979985774, 0.010422523413128992]","[-0.1906702114534642, -0.022696032275835106, -0.05244322916574795, -1.6553014426330839, 8.548761786364768]",8.709820404445537,0.023463156018406154,0.00979176202788949,True,9.277357548853615e-10,0,50,"[1.4832279346332042, -1.2760285435114274, -0.09998156670837158, 0.26799960098441133]"
172,1,0.11720075489790376,0.11720075489790376,0.07444134511559909,0.010527595986377638,"[0.40537968198744734, 4.000169989845063, 0.0333775054638212, 0.11515764800713994, 0.009441015025077739]","[0.27674426670095065, -0.041704117546248094, 0.26432595806344106, -1.5912864335666208, -9.880707912432717]",10.015426910478753,0.021585090011358263,0.009211999997496605,True,9.277701451537723e-10,0,50,"[1.4826496913965568, -1.2819062672056234, -0.10068279911501493, 0.2719486825840788]"
173,1,0.10365904822331715,0.10365904822331715,0.07052071898527044,0.009973135721727127,"[0.4053520501881095, 4.00017415383307, 0.033351113582536486, 0.1153165315422734, 0.010427563876141528]","[-0.195340538701296, -0.0225209283825896, -0.081055933334546, -1.6226742574135817, 8.634675695949513]",8.78839753894292,0.022955745970830322,0.009710396016016603,True,9.277789558836957e-10,0,50,"[1.4832186454807703, -1.2760263356442674, -0.09998501775378915, 0.26796724645305214]"
174,1,0.11610865139147443,0.11610865139147443,0.07362293367165679,0.010411855130015184,"[0.40537427728216313, 4.000176716408133, 0.03336033664430243, 0.11550116978263959, 0.009445055329309724]","[0.2706683613324076, -0.04149824672005611, 0.23600617357257073, -1.5582513956909023, -9.763462774440194]",9.893636092980357,0.02184997597709298,0.009181821960955858,True,9.278130619350122e-10,0,50,"[1.4826422691059487, -1.281908063355576, -0.10068647583411461, 0.2719243577937342]"
175,1,0.10270999163278002,0.10270999163278002,0.06969713017590196,0.009856662675324365,"[0.405346919457521, 4.00018091084649, 0.03333648230285195, 0.11565867015771797, 0.010431898051408695]","[-0.2004299397505961, -0.022338419943909567, -0.10438176977988156, -1.5894399666527352, 8.707570408355298]",8.854358731363572,0.022903268029913305,0.009520983966067433,True,9.278215884478413e-10,0,50,"[1.4832118990263141, -1.276015573157528, -0.09998550199338473, 0.2679376239270509]"
176,1,0.11504908382849688,0.11504908382849688,0.07286211699267965,0.010304259403426271,"[0.40536955575968686, 4.000183433719193, 0.033348271047010054, 0.11583817948354223, 0.0094484761378004]","[0.2642170265003476, -0.04128742581029465, 0.21242702736211, -1.5245609117747718, -9.66138108486722]",9.78688974962517,0.021615438023582102,0.00916331802494824,True,9.278545576307806e-10,0,50,"[1.4826371484349588, -1.2819028902911693, -0.10068767557974119, 0.2719028719721344]"
177,1,0.10178386505970925,0.10178386505970925,0.06892084815466995,0.009746879819059095,"[0.4053425587225042, 4.000187652365449, 0.03332656578284801, 0.1159939553173997, 0.010435651975175096]","[-0.206021380747195, -0.022147329271252784, -0.1236570055058523, -1.5552553928553643, 8.769215983802082]",8.909331887190257,0.02347324799746275,0.009607295989990234,True,9.278630841436097e-10,0,50,"[1.4832071600202075, -1.275998049545451, -0.0999835852790334, 0.2679103675655325]"
178,1,0.1140219021602579,0.1140219021602579,0.07215273667142916,0.010203937876306968,"[0.405365682945884, 4.000190138222924, 0.03334044527539108, 0.11616852007852584, 0.00945137884517462]","[0.25728974352786343, -0.04106958731205621, 0.19249633508471412, -1.4898377181175504, -9.572256480428946]",9.692917523407868,0.021952073955908417,0.009272699980065226,True,9.278957691094547e-10,0,50,"[1.482633840966263, -1.2818916833191805, -0.10068673937316791, 0.27188349615704405]"
179,1,0.10088167992554477,0.10088167992554477,0.0681876672774977,0.009643192385042134,"[0.40533913884882755, 4.000194375294704, 0.03332058579194866, 0.11632222382297285, 0.010438930473084886]","[-0.21224896907366916, -0.021945314642286183, -0.1399028781216858, -1.5196540047855418, 8.821422299480593]",8.954995461587265,0.022714756010100246,0.009705153983086348,True,9.279040114051896e-10,0,50,"[1.4832040762222152, -1.2759750699056973, -0.09997970806052353, 0.2678851609709998]"
180,1,0.11302705648847276,0.11302705648847276,0.07148974587556932,0.010110176818783616,"[0.40536284058826005, 4.000196825917347, 0.03333620867849351, 0.11649192284863226, 0.009453846523424021]","[0.24973158747405924, -0.04084188311717937, 0.17529628452978416, -1.453567591981523, -9.494190267481164]",9.609748711187084,0.02214009203016758,0.009333580005913973,True,9.279358437197516e-10,0,50,"[1.482632047072388, -1.2818753925196906, -0.10068400720147735, 0.27186586223223413]"
181,1,0.10000459737280197,0.10000459737280197,0.06749466801592995,0.009545187489599769,"[0.40533685327111435, 4.000201075964288, 0.03331796717293702, 0.1166431825366341, 0.010441821396839872]","[-0.21930511017520105, -0.021728910456590887, -0.1540035684110586, -1.4820092052460938, 8.865712918024816]",8.992747122278496,0.022318435981869698,0.009574934039264918,True,9.279432333642034e-10,0,50,"[1.4832024072058332, -1.2759475646786806, -0.09997420238025426, 0.267861740584243]"
182,1,0.11206559942470973,0.11206559942470973,0.07087043009900795,0.010022592341723145,"[0.40536124015836567, 4.000203492234885, 0.033335092481399486, 0.11680798303473881, 0.009455947692565997]","[0.24133873515424228, -0.040600711572930874, 0.16002474881290155, -1.4150775111881762, -9.42592523700531]",9.536037524012942,0.022314728032797576,0.009594861958175898,True,9.279742130274826e-10,0,50,"[1.4826316064926714, -1.281855401051897, -0.10067988882248251, 0.27185019505412605]"
183,1,0.0991541571150449,0.0991541571150449,0.0668403084662661,0.009452647074619472,"[0.4053359320852251, 4.000207749843086, 0.03331831142864113, 0.11695637564618529, 0.01044440072793642]","[-0.22744920836620547, -0.02149317773786457, -0.1667674526373078, -1.441488947263095, 8.903314327930438]",9.023685659936739,0.022249304009601473,0.009788841996341944,True,9.279818868890288e-10,0,50,"[1.483201975069831, -1.2759161638139611, -0.09996729975979865, 0.2678398971404622]"
184,1,0.11113844276333681,0.11113844276333681,0.07029286084168032,0.009940911714030895,"[0.40536113788437556, 4.0002101317055025, 0.03333679250820259, 0.1171161206773651, 0.0094577402144311]","[0.23182979481787064, -0.040340673349563524, 0.1459308013575108, -1.3734698698039787, -9.366328893598995]",9.470544052418699,0.02226875804364681,0.009624303998425603,True,9.280122981181193e-10,0,50,"[1.4826323442522127, -1.2818319305223818, -0.10067450011190339, 0.27183612741514723]"
185,1,0.09833212354255468,0.09833212354255468,0.06622417125570011,0.009365512114672958,"[0.40533665884774256, 4.000214391299579, 0.03332138359393807, 0.11726114612279431, 0.010446736077896613]","[-0.23705004943723218, -0.021231187077979326, -0.17898974279784155, -1.3969358277510298, 8.935191177298675]",9.048632598299054,0.0228057200089097,0.009522781977429985,True,9.280188351112883e-10,0,50,"[1.4832026780143306, -1.275881208091323, -0.09995914251100105, 0.2678194622823198]"
186,1,0.11024770464650309,0.11024770464650309,0.06975720088704783,0.009865157956764754,"[0.4053628561816309, 4.00021673764162, 0.033341164454839825, 0.11741552699884615, 0.009459272935897585]","[0.22082009382277906, -0.040054651356199816, 0.1322828647005658, -1.3275212355119461, -9.31476483850471]",9.41249282988324,0.022594385985285043,0.009645909992977977,True,9.280489621232846e-10,0,50,"[1.4826342333091653, -1.2818057846395103, -0.10066806739849189, 0.271823957095989]"
187,1,0.09754092320338181,0.09754092320338181,0.06564722238302015,0.00928391922261897,"[0.4053393958616296, 4.000220993119108, 0.0333271104877264, 0.1175565652189398, 0.01044889013995453]","[-0.24862187737115715, -0.020933124746703804, -0.1915113479214456, -1.3467495107373844, 8.962190636981951]",9.068270115533627,0.021485524009913205,0.009206493999809027,True,9.280549306822649e-10,0,50,"[1.4832044947642553, -1.2758427401073633, -0.09994978766041762, 0.2678002994441525]"
188,1,0.1093940957706724,0.1093940957706724,0.06926290581260955,0.00979525407695627,"[0.40536681254355195, 4.00022330151139, 0.03334822932797492, 0.11770507750335907, 0.009460588013770426]","[0.20776350304018565, -0.03973191143317284, 0.11828330205838135, -1.2755616748927092, -9.270252896703534]",9.360736167247897,0.023071463983505965,0.009811392035335303,True,9.280842050429783e-10,0,50,"[1.4826370734691834, -1.2817747027576936, -0.10066008833281616, 0.27181200063433564]"
189,1,0.09678366425166152,0.09678366425166152,0.06511193812522002,0.009208218596908395,"[0.40534461733376226, 4.000227546039889, 0.033335593216890023, 0.11784134474259816, 0.010450921757835206]","[-0.26287347797596733, -0.020585533529672566, -0.20528737011640716, -1.2887296424382253, 8.984860336582724]",9.08296253945482,0.021513322032988072,0.00919630196876824,True,9.280896051677701e-10,0,50,"[1.4832074600395688, -1.2758005191079504, -0.0999391973663293, 0.26778232015588566]"
190,1,0.10858240876702646,0.10858240876702646,0.06881432893715277,0.009731815726852477,"[0.40537355871459535, 4.000229812429675, 0.03335819458392221, 0.11798322902723529, 0.00946172244136056]","[0.19197437763168426, -0.039359796430841046, 0.10310950843383701, -1.2154287779446618, -9.232921968817084]",9.315210685888582,0.023116575982421637,0.010377789996564388,True,9.281180268772005e-10,0,50,"[1.4826410575145705, -1.281739711127344, -0.10065080088952782, 0.2718012316857051]"
191,1,0.09606465040109885,0.09606465040109885,0.0646226688436879,0.00913902547154887,"[0.4053529500151161, 4.000234037755086, 0.03334712564389502, 0.11811370688960457, 0.010452888640297173]","[-0.2807439420519076, -0.02017056601757442, -0.22141504261927167, -1.2199738792367183, 9.003646067863537]",9.092976818138537,0.021811189986765386,0.009110679980367423,True,9.281231427848979e-10,0,50,"[1.4832117069131776, -1.2757539586761835, -0.09992723844593837, 0.26776547118312666]"
192,1,0.10781543926707732,0.10781543926707732,0.06841457081084346,0.009675281390462928,"[0.4053838248262628, 4.000236256012805, 0.03337147576014664, 0.11824787350011093, 0.009462712788433896]","[0.17259272245815588, -0.03892156562091815, 0.08590126291763724, -1.1445242685260677, -9.202173781047007]",9.275161468185923,0.022592257987707854,0.01010731803253293,True,9.281501434088568e-10,0,50,"[1.4826461099527102, -1.28169734201668, -0.10063938180031912, 0.2717896630316133]"
193,1,0.09538958090820986,0.09538958090820986,0.06418594612254648,0.0090772635520254,"[0.405365216770432, 4.000240452334966, 0.03336221432969036, 0.11837127019485619, 0.010454843632906913]","[-0.30333385699094506, -0.019667515091668586, -0.24103311494074403, -1.1371006287383283, 9.018639449062738]",9.098315808681992,0.02223221802152693,0.009500749986618756,True,9.281541224481771e-10,0,50,"[1.483217434807809, -1.2757021749214454, -0.09991367115481503, 0.2677497782590908]"
194,1,0.10709955492213462,0.10709955492213462,0.06807098107090875,0.009626690463452138,"[0.4053985563316581, 4.000242614000433, 0.03338870638821884, 0.11849624943854525, 0.00946360089768931]","[0.1488584843743768, -0.038402911532214305, 0.06612801757731127, -1.060576008233221, -9.178172368997513]",9.240761659677325,0.02266878602094948,0.009447862030938267,True,9.28180270420853e-10,0,50,"[1.4826524371807974, -1.2816460274816002, -0.10062542251343495, 0.2717769862854556]"
195,1,0.09476593012622934,0.09476593012622934,0.06381020438973031,0.00902412564657558,"[0.40538244743394597, 4.000246769817122, 0.03338155026624475, 0.11861102093111024, 0.010456827723141788]","[-0.33152914318199356, -0.019059787137158602, -0.26477124132469604, -1.037494984074115, 9.029977966856363]",9.0993008842651,0.022217332012951375,0.00941161397844553,True,9.281831125917961e-10,0,50,"[1.483224984204141, -1.2756439442873004, -0.09989819634917871, 0.2677353117563157]"
196,1,0.10644511793474923,0.10644511793474923,0.06779548460482403,0.00958772937957985,"[0.4054188820070371, 4.000248864460147, 0.03341064824252483, 0.11872504012853607, 0.009464446211560057]","[0.12076644672664077, -0.03780448395584442, 0.04444307663841478, -0.9637564781200472, -9.161686155309527]",9.213213807257045,0.02289639601483941,0.009781046006828546,True,9.282075552619063e-10,0,50,"[1.482660615399838, -1.2815873330445797, -0.10060925086520453, 0.27176534577006295]"
197,1,0.09420225322061151,0.09420225322061151,0.06350430440386527,0.008980864855701574,"[0.4054057740460975, 4.000252967749699, 0.03340582440172797, 0.11882964602374023, 0.010458853412562889]","[-0.3649641475896703, -0.018354880760101513, -0.2914772439059227, -0.9226148616217997, 9.037594861805903]",9.096583632519103,0.022218575961887838,0.009590497920289636,True,9.282089763473778e-10,0,50,"[1.4832347175625338, -1.2755782132805957, -0.09988056701906271, 0.2677222547184777]"
198,1,0.10585847462719791,0.10585847462719791,0.0675947783527647,0.009559345229208314,"[0.4054458950588088, 4.000254985527087, 0.0334378668976417, 0.11893107034948623, 0.009465338129692937]","[0.09013547779465346, -0.03716056219543013, 0.02389479721510007, -0.8602482361869782, -9.151923087315602]",9.192812382349432,0.022672468032687902,0.009853421980515122,True,9.282319979320163e-10,0,50,"[1.4826707717975303, -1.2815190168028974, -0.10059032884962002, 0.27175384470391784]"
199,1,0.09370507998962253,0.09370507998962253,0.0632735809312639,0.008948235629290504,"[0.4054360900639894, 4.0002590278767665, 0.03343526760634556, 0.11902464870182432, 0.010460890165965547]","[-0.40059938104853693, -0.01761206635832908, -0.3167600836322606, -0.802408075181612, 9.04021487806661]",9.090130403921286,0.02296513192355633,0.00959854201413691,True,9.282322821491107e-10,0,50,"[1.483246591736434, -1.2755052976311683, -0.09986076708055808, 0.2677109824873552]"
200,1,0.10534461436463236,0.10534461436463236,0.06747074106364108,0.00954180370755645,"[0.40548015977071566, 4.000260965370023, 0.0334701142003461, 0.11911292115111143, 0.009466381344268958]","[0.06105764330985445, -0.036548972496465694, 0.009963505097584929, -0.7633976106294721, -9.14787915143706]",9.179958170702225,0.021833863984793426,0.009546512011438609,True,9.282535984311835e-10,0,50,"[1.4826830254283474, -1.2814438580817966, -0.10056942882000071, 0.27174394314394557]"
201,1,0.09327511475788536,0.09327511475788536,0.06311341432072867,0.00892558465000468,"[0.40547350858100784, 4.000264946757717, 0.03346902884626156, 0.11919608031113708, 0.010462886881694602]","[-0.4332168100524869, -0.01693201808640751, -0.33420103641413, -0.6935959769796136, 9.0367851263522]",9.079879659424538,0.023249237975105645,0.009930966030806303,True,9.28252177345712e-10,0,50,"[1.4832600381326144, -1.275427723111604, -0.09983937566818551, 0.26770182976708623]"
202,1,0.10489869870879687,0.10489869870879687,0.06740916754804617,0.00953309589747272,"[0.4055212203157724, 4.000266811542133, 0.03350583561561454, 0.11927246854566433, 0.009467633038657471]","[0.037415022632812905, -0.03604322791445045, 0.006594150295635686, -0.6855955532101163, -9.147354866937135]",9.17316111301198,0.02211344996467233,0.009538424015045167,True,9.282723567594076e-10,0,50,"[1.4826966001220705, -1.2813641698224785, -0.10054725593391885, 0.27173494646402346]"
203,1,0.09290543350740982,0.09290543350740982,0.06300738402336824,0.008910589701549723,"[0.40551714156667296, 4.000270740746849, 0.03350511676306048, 0.11934720783615416, 0.010464819804838278]","[-0.45927616241250724, -0.01638262386215938, -0.3407401612325281, -0.6072089541066031, 9.0281229946914]",9.066587801506396,0.02234982599504292,0.009678031988441945,True,9.282697988055588e-10,0,50,"[1.4832740975003151, -1.2753496134347992, -0.09981753121999232, 0.26769470156268504]"
204,1,0.10451149343443111,0.10451149343443111,0.0673882805628863,0.009530142031703704,"[0.4055677974663804, 4.00027254766961, 0.033542698725387954, 0.1194141799945155, 0.009469062283778851]","[0.01983132384566545, -0.03565623595040861, 0.012396222144176577, -0.6283423273505835, -9.149028603843346]",9.170679189088185,0.022970646023750305,0.009681056039407849,True,9.282888413508771e-10,0,50,"[1.4827104563605158, -1.2812850858951919, -0.1005252052135446, 0.27172707720865696]"
205,1,0.09258518106206885,0.09258518106206885,0.06293543569324125,0.008900414671124155,"[0.40556563499581144, 4.000276435738881, 0.033541347001934625, 0.11948269643853524, 0.010466701435056956]","[-0.4792253804918267, -0.015955648540748723, -0.33906933191363015, -0.5412793917833261, 9.016060752504213]",9.051365335278895,0.023076840015128254,0.009548604050651192,True,9.282854307457455e-10,0,50,"[1.4832878232281963, -1.2752749272981319, -0.0997964107412606, 0.26768920719113326]"
206,1,0.10417270849907727,0.10417270849907727,0.06738845187100409,0.009530166258330055,"[0.4056185800889203, 4.000278198528023, 0.03357880757493289, 0.11954249729417121, 0.009470601905589637]","[0.006503994855195817, -0.035354970048414376, 0.023000034808207063, -0.5853022641521753, -9.152168254219289]",9.170964168036988,0.022903130007907748,0.009622805966064334,True,9.28303620639781e-10,0,50,"[1.4827236680249087, -1.2812099658796763, -0.10050419268378334, 0.2717199757420627]"
207,1,0.0923047690692785,0.0923047690692785,0.06288309159031251,0.008893012097096947,"[0.4056178708946922, 4.000282053626505, 0.03357629965598519, 0.11960631852968844, 0.010468552402999586]","[-0.4952330396222277, -0.015610083369651003, -0.3335762359249703, -0.48839541933052305, 9.00194668877399]",9.03495140089653,0.02273317798040807,0.009591794041916728,True,9.282999258175551e-10,0,50,"[1.4833005905009877, -1.2752060952797764, -0.09977672694534356, 0.2676850270843834]"
208,1,0.10387489047699287,0.10387489047699287,0.06739881832242743,0.009531632295949713,"[0.40567268392218875, 4.000283781370538, 0.03361322030127554, 0.11966037476060828, 0.00947220540694553]","[-0.004299030941901684, -0.03510718870939253, 0.03508055542755656, -0.5505675395697205, -9.15650928681619]",9.173182031166405,0.02248540198430419,0.009429307989776134,True,9.283169788432133e-10,0,50,"[1.4827358203209922, -1.281140684902235, -0.1004847289756551, 0.2717136327111466]"
209,1,0.09205766769546248,0.09205766769546248,0.06284268911932873,0.008887298324855082,"[0.4056731525742799, 4.000287608525453, 0.033609396049744875, 0.11972039401430228, 0.010470387853855255]","[-0.5089031988496416, -0.015315182380764342, -0.3270239078867649, -0.4431778822454544, 8.986653772872302]",9.017899662656035,0.022844960018992423,0.009399206014350056,True,9.283129998038931e-10,0,50,"[1.483312186063989, -1.2751437897752633, -0.09975872172001775, 0.26768186958079354]"
210,1,0.10361315796814229,0.10361315796814229,0.06741496837683403,0.0095339162585472,"[0.40572958513816176, 4.000289306834699, 0.03364565991606452, 0.1197695382606096, 0.009473852728376942]","[-0.01349170354132672, -0.03489556513438271, 0.047118716020755326, -0.521041397384907, -9.161976796398402]",9.176977871579592,0.02255336600355804,0.00965478996746242,True,9.283294843953626e-10,0,50,"[1.4827468531770973, -1.281078334689374, -0.10046705299285982, 0.2717085656668605]"
211,1,0.09183943821217654,0.09183943821217654,0.06281068765406708,0.008882772634236199,"[0.4057310553066343, 4.000293109346335, 0.03364052546802781, 0.11982631527419942, 0.01047221808608081]","[-0.5209984166154531, -0.015055933134571778, -0.3205456909758723, -0.4030826965868417, 8.970612064664033]",9.000487322707876,0.022354701925069095,0.009484656015411019,True,9.283246527047595e-10,0,50,"[1.4833225964810686, -1.2750879243443118, -0.09974239355140607, 0.2676795896652673]"
212,1,0.10338307121590484,0.10338307121590484,0.0674344590591459,0.009536672657273735,"[0.4057889408852566, 4.0002947821372175, 0.03367613972750591, 0.11987109981553476, 0.009475537379577856]","[-0.021486131207274807, -0.03471176579126719, 0.05858797537940674, -0.495352787268382, -9.168299604618124]",9.181949201301054,0.022882603984326125,0.009850075989961625,True,9.283405688620406e-10,0,50,"[1.4827567692641581, -1.2810222823089914, -0.1004510300682002, 0.2717043797630349]"
213,1,0.09164670426132439,0.09164670426132439,0.06278527189352735,0.008879178302910868,"[0.4057912809255611, 4.000298562572616, 0.033669758949951105, 0.11992504835917779, 0.010474050810943877]","[-0.531845837195557, -0.014825483853932038, -0.31449026570719774, -0.3670253925680392, 8.954085277785593]",8.982891222617846,0.022236011987552047,0.009421926001086831,True,9.283360213885316e-10,0,50,"[1.4833318871346703, -1.2750380415234053, -0.09972763970931656, 0.2676780435805997]"
214,1,0.10318112721067114,0.10318112721067114,0.0674561819848124,0.009539744742882933,"[0.4058504874576181, 4.000300212985994, 0.0337047688657876, 0.11996590662890759, 0.00947725756755655]","[-0.02849004350216582, -0.0345513163145361, 0.06933939048270446, -0.4728156261821244, -9.175300754928351]",9.187845883930635,0.02294647597707808,0.009723351979628205,True,9.283516533287184e-10,0,50,"[1.482765640887746, -1.2809720773593014, -0.10043654621513852, 0.27170098312450397]"
215,1,0.09147665886223127,0.09147665886223127,0.06276532232012699,0.008876357007184232,"[0.40585358829799556, 4.00030397353191, 0.03369722200536448, 0.12001736761683705, 0.010475892162633633]","[-0.5416134278080237, -0.014620038658708772, -0.30893532450584316, -0.33445104749324456, 8.937236661516065]",8.96521369140502,0.02226728801615536,0.00948916799388826,True,9.283465374210209e-10,0,50,"[1.4833401419499392, -1.2749936998078544, -0.09971434356216993, 0.26767717052505685]"
216,1,0.10300426474221962,0.10300426474221962,0.06747944366921983,0.009543034441840197,"[0.4059140010719004, 4.000305604283742, 0.03373168134287782, 0.12005467303519832, 0.009479012783273457]","[-0.03464185506420776, -0.034411077366833825, 0.07934230758751411, -0.45297862913753034, -9.182826120706594]",9.194463800773146,0.022911624033004046,0.009839976038783789,True,9.28361600927019e-10,0,50,"[1.4827735500423094, -1.2809272310973323, -0.10042347683111838, 0.2716982874963031]"
217,1,0.0913268569587412,0.0913268569587412,0.06274999321852437,0.00887418914484569,"[0.40591776875817454, 4.00030934687038, 0.0337230519862021, 0.12010393948932804, 0.0104777470562754]","[-0.5504175479172759, -0.014436820977885765, -0.3038773933354695, -0.3049808918864611, 8.92021099204675]",8.9475520035417,0.02279756998643279,0.009726715991273522,True,9.283562008022273e-10,0,50,"[1.4833474499184254, -1.274954372042162, -0.09970237669494911, 0.2676768630714873]"
218,1,0.10284977507005716,0.10284977507005716,0.0675037583424569,0.00954647305590585,"[0.4059792847513353, 4.000310960364325, 0.03375701405685352, 0.12013802488963995, 0.009480802753798149]","[-0.040051532906280815, -0.034288497134637864, 0.08860540834734046, -0.4354867220506617, -9.190744261578612]",9.201633524083368,0.022111550010740756,0.00934853999875486,True,9.283706958740367e-10,0,50,"[1.4827805781440482, -1.2808872667083393, -0.10041169976097633, 0.27169621182697395]"
219,1,0.09119513930028511,0.09119513930028511,0.0627386253525165,0.008872581485817332,"[0.40598363740598054, 4.000314686713243, 0.03374738474395969, 0.12018535199964314, 0.01047961934832182]","[-0.5583525046408867, -0.014273549617842796, -0.2992887182324179, -0.2783084988599638, 8.903105732724752]",8.929965414218168,0.022825970025733115,0.00958129202015698,True,9.283650115321506e-10,0,50,"[1.4833538934144626, -1.2749195919633012, -0.09969161919085963, 0.2676770469730781]"
220,1,0.10271525182148311,0.10271525182148311,0.06752877130031071,0.009550010422329043,"[0.4060461631245784, 4.00031628510125, 0.03378089984780571, 0.12021651768572583, 0.009482627163161466]","[-0.04481200082088666, -0.03418139757999006, 0.09715414364311044, -0.4200419874855228, -9.198944183060778]",9.209214123110812,0.022430687993764877,0.009506129994988441,True,9.283797908210545e-10,0,50,"[1.4827868029136553, -1.280851734040516, -0.10040109920570708, 0.2716946828577663]"
221,1,0.09107960918714916,0.09107960918714916,0.06273066549883335,0.008871455792514013,"[0.40605102912076624, 4.000319996753202, 0.03377035018066433, 0.12026212874241587, 0.01048151198211435]","[-0.5655009115579378, -0.014128204525226092, -0.2951308673490991, -0.25416902935827523, 8.88602707152166]",8.912528941175951,0.02237682602368295,0.009864006005227566,True,9.283738222620741e-10,0,50,"[1.4833595566252953, -1.2748889150834388, -0.09968196053374545, 0.26767765280754824]"
222,1,0.10259855583217141,0.10259855583217141,0.0675542179127167,0.009553609116767142,"[0.4061144792273776, 4.0003215819603435, 0.033803464335946616, 0.12029064691397047, 0.009484485534382874]","[-0.049004073200953055, -0.034087878691521516, 0.10502100064024589, -0.4063866197649262, -9.207333296007516]",9.217088981979725,0.022279813950881362,0.009585326006636023,True,9.283874646826007e-10,0,50,"[1.4827922970285203, -1.2808202155953516, -0.10039156735187577, 0.2716936350804737]"
223,1,0.09097855067711937,0.09097855067711937,0.06272567909586359,0.008870750608643282,"[0.40611979588139835, 4.000325280294899, 0.03379207017442402, 0.12033473747450595, 0.010483427099665554]","[-0.5719347173761696, -0.013999063740180251, -0.29136810605885066, -0.23232772426312479, 8.869003579836198]",8.895245996517616,0.022901475969702004,0.00953029996715486,True,9.283817803407146e-10,0,50,"[1.4833645040015806, -1.2748619618270773, -0.09967329525595713, 0.2676786327590166]"
224,1,0.10249777527464024,0.10249777527464024,0.06757989978557774,0.009557241082057865,"[0.4061840925537485, 4.00032685406405, 0.03382482566046006, 0.12036085566441637, 0.009486377261773352]","[-0.05269728151205102, -0.034006306096258807, 0.11224486149782742, -0.3943004653092176, -9.215834853859874]",9.225162180245249,0.02269928002730012,0.009587225979194045,True,9.283951385441469e-10,0,50,"[1.4827971292698712, -1.2807923248495927, -0.10038300435740488, 0.27169300966923565]"
225,1,0.09089048308418589,0.09089048308418589,0.06272326409520566,0.008870409075974925,"[0.4061898048957623, 4.000330540319688, 0.03381265840970689, 0.1204035975108536, 0.010485366187149174]","[-0.5777209434330929, -0.013884486547980322, -0.28795692593484157, -0.21257510833487492, 8.852135062016817]",8.878195581958805,0.022877858020365238,0.009772119959816337,True,9.283891699851665e-10,0,50,"[1.4833688147635549, -1.274838335373381, -0.09966553143702003, 0.26767992265135576]"
226,1,0.10241122960960643,0.10241122960960643,0.06760567736988174,0.009560886582990659,"[0.40625487678317845, 4.000332104205774, 0.03384509258208394, 0.12042754101450234, 0.00948830152695989]","[-0.05595286941963869, -0.033935212573185984, 0.11886335725770131, -0.3835884574998934, -9.224385725366078]",9.233354912219712,0.022242313958704473,0.009405097970739008,True,9.284025281885988e-10,0,50,"[1.4828013593449931, -1.2807677118079301, -0.10037531853591844, 0.2716927555636912]"
227,1,0.09081406754133116,0.09081406754133116,0.06272308799233116,0.008870384171267575,"[0.40626093664657, 4.000335779490965, 0.03383221932438131, 0.12046908479367092, 0.010487330137043881]","[-0.5829196529091248, -0.013783030553507268, -0.28486170709802644, -0.1947185709605047, 8.835477926694546]",8.861417324606329,0.022908134050667286,0.009784184033051133,True,9.283959911954298e-10,0,50,"[1.4833725561734603, -1.2748176971647467, -0.09965858376470206, 0.26768147628315764]"
228,1,0.10233740380964207,0.10233740380964207,0.06763143806901191,0.009564529695999269,"[0.4063267184094066, 4.000337334888939, 0.0338643656161799, 0.12049105854389684, 0.009490257366171984]","[-0.05882482028597907, -0.033873332959058, 0.12491558977841663, -0.3740806749015904, -9.232935568022578]",9.241604147621144,0.02248772596940398,0.009611772010102868,True,9.284096336159564e-10,0,50,"[1.4828050451905879, -1.2807460554769816, -0.10036842643727828, 0.2716928267845321]"
229,1,0.09074805566200814,0.09074805566200814,0.06272491264839579,0.008870642216602902,"[0.4063330836268883, 4.000341000197733, 0.0338508489595725, 0.12053153643808985, 0.010489319370943108]","[-0.5875821932064764, -0.01369352955067991, -0.2820546018869765, -0.1785868570769804, 8.818963034628027]",8.844828851743074,0.022654319992288948,0.009447661954909562,True,9.284033808398817e-10,0,50,"[1.4833757624605912, -1.2747997891967113, -0.09965236814777338, 0.2676832757606568]"
230,1,0.1022749508471494,0.1022749508471494,0.06765710894602232,0.009568160106241883,"[0.40639951591212403, 4.000342548393835, 0.03388273816925455, 0.12055172754184666, 0.009492243771012989]","[-0.06135773004839531, -0.03381959634559347, 0.1304445982979553, -0.36563706222472175, -9.241443268209698]",9.249858835148213,0.02227059199474752,0.009644658006727695,True,9.284164548262197e-10,0,50,"[1.4828082392245119, -1.2807270618984492, -0.10036225110683056, 0.27169318266120834]"
231,1,0.0906914171040204,0.0906914171040204,0.06272847845532017,0.008871146497854228,"[0.40640614928146895, 4.00034620462221, 0.03386863583530453, 0.12059125647614735, 0.010491333966000006]","[-0.5917583568704375, -0.013614774509464805, -0.2794991201222068, -0.1640253363982839, 8.80267789294723]",8.828506412249045,0.022640462014824152,0.009661770015954972,True,9.284096336159564e-10,0,50,"[1.4833784990819168, -1.274784313172771, -0.09964681586253987, 0.26768527746674625]"
232,1,0.10222267061519051,0.10222267061519051,0.06768263114815418,0.009571769490681533,"[0.40647317742067746, 4.00034774676013, 0.03390029454483469, 0.12060983553456567, 0.009494259548096549]","[-0.06359366232101932, -0.03377301010908036, 0.13548644307287647, -0.3581251730933188, -9.249877140804154]",9.258078748095098,0.02217097799293697,0.009377938015386462,True,9.284227076022944e-10,0,50,"[1.4828109885999448, -1.2807104675949392, -0.10035672331291431, 0.2716937877262554]"
233,1,0.0906431828627793,0.0906431828627793,0.06273358202339648,0.008871868251373228,"[0.40648004641197083, 4.000351394710317, 0.03388566014316835, 0.12064851798508255, 0.010493373661454922]","[-0.5954932895648778, -0.013545724940158408, -0.2771692587819136, -0.1508887332244432, 8.786620837631107]",8.812439599605884,0.022566107967868447,0.009525552038103341,True,9.284161706091254e-10,0,50,"[1.4833808099440744, -1.2747710262251246, -0.09964186148214864, 0.26768745437797964]"
234,1,0.1021794933187593,0.1021794933187593,0.06770796706291657,0.009575352530108742,"[0.4065476205817301, 4.000352931824391, 0.03391711218951916, 0.1206656402281915, 0.009496303470241697]","[-0.06556796343927464, -0.03373273044341572, 0.14007848126458036, -0.3514341439185788, -9.258212561719303]",9.266232504709507,0.022429530024528504,0.009458334036171436,True,9.284283919441804e-10,0,50,"[1.4828133363901994, -1.2806960330248205, -0.10035177992420927, 0.2716946106677545]"
235,1,0.09060249626546132,0.09060249626546132,0.06274004491858248,0.008872782242775653,"[0.4065546965927625, 4.000356572217661, 0.03390199509838441, 0.12070356655301683, 0.0104954379681096]","[-0.5988276482410911, -0.013485441980115578, -0.27503990883075585, -0.13904682854359224, 8.770798366451407]",8.796627840619818,0.02245911200530827,0.009472294012084603,True,9.284218549510114e-10,0,50,"[1.483382737058396, -1.2747597066090448, -0.09963744611647789, 0.26768978216776623]"
236,1,0.10214446406249664,0.10214446406249664,0.06773309166652215,0.009578905685625569,"[0.4066227712753594, 4.000358105241704, 0.033933261614802146, 0.12071937338616325, 0.00949837426092924]","[-0.06731178179529211, -0.03369801367617848, 0.14425591332513568, -0.34546636863803326, -9.26643101871389]",9.274296039973402,0.022582685938104988,0.009594392022117973,True,9.284343605031609e-10,0,50,"[1.482815321643756, -1.2806835418718305, -0.10034736375231468, 0.2716956239814062]"
237,1,0.09056859037700471,0.09056859037700471,0.06274771147844355,0.008873866458068879,"[0.40663002916118685, 4.000361738726501, 0.03391770723604522, 0.12075662326120624, 0.010497526215727237]","[-0.6017986513367504, -0.013433073617493938, -0.2730888834172531, -0.128380330271184, 8.755212644408187]",8.781067677706918,0.02288917999714613,0.009466581996530294,True,9.284275392928975e-10,0,50,"[1.4833843183818365, -1.2747501546542843, -0.09963351651899378, 0.2676922397869019]"
238,1,0.10211673029742357,0.10211673029742357,0.06775799004134585,0.00958242684756124,"[0.40669856281487865, 4.0003632685033015, 0.033948806971682094, 0.12077124338884544, 0.009500470622403594]","[-0.06885237510929557, -0.03366820762886315, 0.14805205715614222, -0.34013652548864665, -9.274519011528286]",9.282251308845414,0.022146660005673766,0.009674400044605135,True,9.284394764108584e-10,0,50,"[1.4828169797377384, -1.2806727988623763, -0.10034342301686543, 0.2716968035075906]"
239,1,0.09054077144526457,0.09054077144526457,0.06275643961657891,0.008875100803201409,"[0.4067059804523473, 4.0003668956629745, 0.033932856955655365, 0.12080788714197545, 0.010499637602691132]","[-0.6044406528278082, -0.013387850714652545, -0.2712966178513227, -0.11877955013889392, 8.739862289998221]",8.765753306011948,0.023104092022404075,0.009853587979450821,True,9.284329394176894e-10,0,50,"[1.483385589286009, -1.274742190084845, -0.09963002475807847, 0.2676948087155463]"
240,1,0.10209553065517779,0.10209553065517779,0.06778265512348657,0.009585915016929285,"[0.40677493523942126, 4.000368422953357, 0.0339638065624204, 0.12082143755184654, 0.009502591258367596]","[-0.07021350550215887, -0.033642741996651994, 0.1514984275182565, -0.33537032844405695, -9.282467124115055]",9.290085183218824,0.022361957989633082,0.009478250006213784,True,9.284451607527444e-10,0,50,"[1.482818342702368, -1.2806636278327364, -0.10033991087294362, 0.27169812802564886]"
241,1,0.0905184373837347,0.0905184373837347,0.06276612197451392,0.008876470095392153,"[0.40678249313626613, 4.000372044313261, 0.033947499023305946, 0.12085753736382822, 0.010501771237888482]","[-0.6067837744000113, -0.013349071429345091, -0.2696453227781129, -0.11014682125133955, 8.724743891767783]",8.750677782083526,0.02302342200651765,0.0097015440184623,True,9.284383395424811e-10,0,50,"[1.4833865785103832, -1.274735652367987, -0.09962692704306927, 0.26769747378588704]"
242,1,0.10208018399023878,0.10208018399023878,0.06780708479492029,0.009589369894195874,"[0.4068518344820957, 4.0003735698032585, 0.03397831324472539, 0.12087012459695252, 0.009504734881615129]","[-0.0714163152962779, -0.03362111022062383, 0.15462402752141485, -0.3311016849792647, -9.290269256211467]",9.297788470261839,0.0223912559915334,0.009487819988280535,True,9.284502766604418e-10,0,50,"[1.4828194394892222, -1.280655870076141, -0.10033678500273449, 0.27169957889841684]"
243,1,0.09050102904151042,0.09050102904151042,0.06277664746597805,0.008877958624670074,"[0.406859515482316, 4.000377185836289, 0.033961683050566925, 0.12090573539687582, 0.010503926171557505]","[-0.6088567507085171, -0.013316103634131047, -0.26811986018072015, -0.10239033695171916, 8.709851624030968]",8.735832599967711,0.022622365951538086,0.00966993996873498,True,9.284434554501786e-10,0,50,"[1.483387315047473, -1.2747303955311036, -0.09962418435115075, 0.267700221021693]"
244,1,0.10207008186043597,0.10207008186043597,0.06783128206179512,0.009592791904494549,"[0.4069292119587161, 4.000378710144759, 0.03399237501462208, 0.12091745612707164, 0.009506900241474305]","[-0.07247902078564751, -0.033602872534106154, 0.15745641181569836, -0.3272737185717483, -9.29792190040731]",9.30535515905009,0.022397363996133207,0.009614612022414804,True,9.284551083510451e-10,0,50,"[1.4828202962694192, -1.280649382455314, -0.10033400713640842, 0.2717011397436936]"
245,1,0.0904880510462481,0.0904880510462481,0.06278792367869612,0.008879553321965885,"[0.406937000916745, 4.000382321277484, 0.033975453961195584, 0.12095262659750965, 0.010506101426220622]","[-0.6106852430460274, -0.013288375916718578, -0.26670651501223136, -0.09542761933482331, 8.695178484318143]",8.721208672932882,0.02256607200950384,0.009688061969354749,True,9.284482871407817e-10,0,50,"[1.4833878240555745, -1.2747262888131972, -0.09962176131880915, 0.26770303856636424]"
246,1,0.10206467960224096,0.10206467960224096,0.06785525256571816,0.009596181845669037,"[0.407007023922257, 4.000383844962608, 0.034006035331850024, 0.12096356861517057, 0.009509086126001116]","[-0.07341773238507765, -0.03358764022779225, 0.1600209911115455, -0.32383616195116266, -9.305423629777444]",9.312781743389491,0.022080624001100658,0.009223754014819861,True,9.284602242587426e-10,0,50,"[1.4828209366938896, -1.2806440360892724, -0.10033154273751536, 0.2717027961574193]"
247,1,0.09047905880891553,0.09047905880891553,0.06279986901674921,0.008881242647874064,"[0.40701490746708824, 4.000387451579959, 0.033988852389577384, 0.12099834191608534, 0.010508296016792717]","[-0.6122926485107799, -0.01326537034028818, -0.26539323986075275, -0.08918340375117748, 8.68071656655434]",8.706796518673789,0.022931975973770023,0.009516829987987876,True,9.284528346142906e-10,0,50,"[1.4833881282007764, -1.274723214669604, -0.09961962606129134, 0.2677059161269049]"
248,1,0.10206348968283137,0.10206348968283137,0.06787900409494708,0.009599540819145302,"[0.40708523099505023, 4.000388975144948, 0.03401933354751659, 0.12100858488013644, 0.009511291372554222]","[-0.07424660357597912, -0.03357507101009163, 0.1623412966040921, -0.32074487647403815, -9.312774610362364]",9.320066671398507,0.022466242015361786,0.009581331983208657,True,9.284647717322514e-10,0,50,"[1.4828213821173648, -1.2806397149139368, -0.10032936063283, 0.27170453546588524]"
249,1,0.09047365311563028,0.09047365311563028,0.06281241129760928,0.008883016394243607,"[0.4070931973118359, 4.000392577594607, 0.034001915078066706, 0.12104299932026313, 0.010510508968061587]","[-0.6137002451468233, -0.013246618403565053, -0.26416938613596924, -0.08358919894578799, 8.666457410113974]",8.692586503674477,0.02268720402382314,0.009468946037814022,True,9.284576663048938e-10,0,50,"[1.4833882479111662, -1.2747210674221088, -0.09961774983525241, 0.26770884475443457]"
250,1,0.10206607716332394,0.10206607716332394,0.06790254580970426,0.009602870120374413,"[0.4071637977303439, 4.000394101492978, 0.03403230527159471, 0.12105261546833378, 0.009513514873673967]","[-0.07497793920758239, -0.03356486882884905, 0.1644390319956662, -0.317961002270023, -9.31998696624414]",9.327220633015829,0.02224023996852338,0.00961360801011324,True,9.284693192057603e-10,0,50,"[1.48282165101914, -1.280636315001462, -0.10032743254536387, 0.27170634676830435]"
251,1,0.09047147543628693,0.09047147543628693,0.06282548675731679,0.008884865543488869,"[0.4071718363457203, 4.000397700085758, 0.03401467525741922, 0.12108670504493395, 0.010512739329912806]","[-0.6149272271507427, -0.013231698949299889, -0.2630253134164962, -0.07858319304965726, 8.652392312141153]",8.678569060016486,0.022416199976578354,0.009406414004042745,True,9.284622137784027e-10,0,50,"[1.4833882016070654, -1.2747197519876123, -0.09961610671638868, 0.2677118166475901]"
252,1,0.10207204767430234,0.10207204767430234,0.06792588801853175,0.009606171207204372,"[0.4072426921772321, 4.000399224726382, 0.03404498270920848, 0.12109575990092428, 0.009515755581634868]","[-0.07562299448262629, -0.03355675541525515, 0.16633422036851642, -0.31545044111336984, -9.327041460114822]",9.334223232036695,0.023250917959958314,0.010342807983979583,True,9.284738666792691e-10,0,50,"[1.4828217623545563, -1.2806337411202244, -0.10032573339186233, 0.271708219706599]"
253,1,0.09047220349621041,0.09047220349621041,0.06283903833671388,0.008886782026226362,"[0.4072507938684596, 4.000402819750262, 0.03402716288465363, 0.12112955494023692, 0.010514986179324405]","[-0.6159914433424797, -0.013220223643876018, -0.26195315646085177, -0.07410783397767498, 8.63851243514894]",8.66473477678595,0.022242627991363405,0.009575502043589949,True,9.284670454690058e-10,0,50,"[1.4833880058391917, -1.274719183075115, -0.09961467338902578, 0.26771482502966115]"
254,1,0.10208105238443242,0.10208105238443242,0.06794904133079231,0.009609445580025647,"[0.40732188565131733, 4.000404345500788, 0.03405739498790651, 0.12113810775066658, 0.009518012508843945]","[-0.07619125867781049, -0.0335505017566458, 0.16804527262975172, -0.313183136731727, -9.333951739574694]",9.341087126858566,0.022814472010359167,0.009601187976077199,True,9.28478414152778e-10,0,50,"[1.4828217310183531, -1.2806319091635998, -0.10032424014032469, 0.27171014587196746]"
255,1,0.09047554786719138,0.09047554786719138,0.06285301587345177,0.00888875874842869,"[0.40733004222427666, 4.00040793721354, 0.034039405082627865, 0.12117163523332945, 0.010517248637552927]","[-0.6169086621872565, -0.013211849287580043, -0.26094528731343203, -0.0701122817254957, 8.624809077201895]",8.65107453693744,0.022560175973922014,0.009785216050222516,True,9.284715929425147e-10,0,50,"[1.4833876755552053, -1.2747192838311627, -0.09961342880287556, 0.2677178639717151]"
256,1,0.1020927768688035,0.1020927768688035,0.06797201642298835,0.009612694748723687,"[0.4074013522863368, 4.000409464405246, 0.03406956842085471, 0.12117973969265622, 0.009520284729846475]","[-0.07669128859411135, -0.03354589925098958, 0.16958900833781876, -0.3111324371800839, -9.340721143094362]",9.34781483446091,0.022336835954338313,0.009486306011676788,True,9.284829616262869e-10,0,50,"[1.4828215711580783, -1.280630742909741, -0.1003229321586786, 0.27171211760232455]"
257,1,0.09048124830323229,0.09048124830323229,0.06286737460578339,0.008890789379828876,"[0.407409556480573, 4.000413053040648, 0.03405142631905628, 0.12121302366785862, 0.010519525868819442]","[-0.6176933280544457, -0.013206263106688427, -0.25999517280960305, -0.06654992510811271, 8.611273756525664]",8.637579611508773,0.02239544000476599,0.009558574026450516,True,9.284752877647406e-10,0,50,"[1.483387224203072, -1.2747199852021498, -0.09961235400418639, 0.26772092829309]"
258,1,0.10210693921304646,0.10210693921304646,0.06799482400662356,0.009615920228133875,"[0.40748106879719, 4.000414581971634, 0.034081526785213846, 0.12122072836386069, 0.009522571381238801]","[-0.07713062297046615, -0.03354276337421045, 0.17098084900775823, -0.3092748550087386, -9.347353275716436]",9.3544092757207,0.022535706041380762,0.009578760033473372,True,9.284869406656071e-10,0,50,"[1.4828212955192333, -1.2806301737476862, -0.10032179084095176, 0.2717141281275522]"
259,1,0.09048907077338972,0.09048907077338972,0.06288207467663226,0.00889286828378511,"[0.40748931417332107, 4.000418167741978, 0.03406324868298956, 0.12125379029710093, 0.010521817084436563]","[-0.6183585249460808, -0.013203182753616417, -0.2590970062336907, -0.06337852448722348, 8.597898297408065]",8.624241695244068,0.022654994009062648,0.009620893988758325,True,9.284795510211552e-10,0,50,"[1.4833866638978073, -1.2747212250881998, -0.09961143191670954, 0.2677240134578458]"
260,1,0.10212328631604428,0.10212328631604428,0.06801747445909577,0.009619123485841883,"[0.4075610142191599, 4.000419698680375, 0.03409329155694409, 0.12126113917793237, 0.009524871660104066]","[-0.0775159448810989, -0.03354093051528939, 0.17223488214189914, -0.30758958527512376, -9.35385189075962]",9.360873630040848,0.022531703971326353,0.0098498220089823,True,9.284909197049273e-10,0,50,"[1.4828209156059482, -1.28063013991442, -0.10032079941660929, 0.2717161714540383]"
261,1,0.09049880473443589,0.09049880473443589,0.06289708052476077,0.008894990431178935,"[0.4075692950642964, 4.000423281778688, 0.03407489211166467, 0.121293998246156, 0.01052412154418989]","[-0.6189161012651366, -0.013202353431124058, -0.2582456223854046, -0.06055981895777949, 8.58467488946499]",8.611052937562603,0.022283798018470406,0.009544010013341904,True,9.284840984946641e-10,0,50,"[1.483386005557334, -1.2747229476374589, -0.09961064715751862, 0.2677271154878868]"
262,1,0.10214159104721356,0.10214159104721356,0.06803997782604448,0.009622305942515676,"[0.4076411696777358, 4.000424814965573, 0.034104882128475386, 0.12130103104683553, 0.009527184822198493]","[-0.07785317143560933, -0.03354025541801289, 0.17336396140777027, -0.3060582022459345, -9.360220787427481]",9.367211214694725,0.022094905972480774,0.009551229942589999,True,9.284951829613419e-10,0,50,"[1.4828204417816004, -1.280630585821408, -0.10031994276828587, 0.27171824227554875]"
263,1,0.09051025994609618,0.09051025994609618,0.06291235956487433,0.008897151213753798,"[0.4076494809210336, 4.000428395567595, 0.03408637459646657, 0.12133370440021664, 0.010526438556516395]","[-0.6193764749660382, -0.013203549573679812, -0.2574365479462437, -0.058059401426900595, 8.571595905315725]",8.598005721433346,0.022814647955819965,0.009419461973011493,True,9.284883617510786e-10,0,50,"[1.4833852599768447, -1.2747251020427797, -0.09960998603329684, 0.2677302306070633]"
264,1,0.10216164933833624,0.10216164933833624,0.06806234374963294,0.009625468961763054,"[0.40772151814628804, 4.000429931220164, 0.034116316021985116, 0.12134045705929843, 0.009529510177770229]","[-0.07814754158947726, -0.03354060912874133, 0.17437982943690622, -0.30466439203415346, -9.366463753354285]",9.373425412852274,0.022409822000190614,0.009756280006840826,True,9.284994462177564e-10,0,50,"[1.4828198833935549, -1.2806314613907395, -0.1003192072581113, 0.271720335887607]"
265,1,0.09052326788449819,0.09052326788449819,0.06292788550086051,0.008899346912677818,"[0.40772985528432876, 4.000433509486128, 0.034097712382254945, 0.12137296005351694, 0.010528767475909317]","[-0.6197499325242147, -0.013206554788889279, -0.25666542863123126, -0.05584549495701699, 8.558654801728043]",8.585093608613542,0.02316296994686127,0.009735805978998542,True,9.284920565733046e-10,0,50,"[1.4833844340553373, -1.2747276442544109, -0.09960943571540146, 0.26773335632476364]"
266,1,0.1021832781162104,0.1021832781162104,0.06808458120750349,0.009628613813214379,"[0.40780204435537515, 4.000435047798392, 0.034127609019414945, 0.12137946499073679, 0.009531847093801414]","[-0.07840375009496542, -0.0335418763210884, 0.17529307866450763, -0.30339353368622707, -9.372584468911894]",9.379519557636993,0.022126445965841412,0.009707776000723242,True,9.285031410399824e-10,0,50,"[1.4828192488517866, -1.280632721642159, -0.10031858062341081, 0.27172244811956964]"
267,1,0.0905376744259936,0.0905376744259936,0.06294363212628434,0.008901573821801416,"[0.40781040339227514, 4.000438623874556, 0.03410892010069489, 0.1214118113739166, 0.010531107707345451]","[-0.6200449440835043, -0.013211186333701674, -0.255928761345726, -0.05388996361663306, 8.545844824873688]",8.572309939451024,0.0226286599971354,0.00970447801053524,True,9.284960356126248e-10,0,50,"[1.4833835367324812, -1.274730533088165, -0.09960898513603576, 0.267736489653592]"
268,1,0.10220631279278856,0.10220631279278856,0.0681066987627762,0.009631741707877698,"[0.40788273453153523, 4.000440165021158, 0.034138775386274106, 0.12141809788991882, 0.009534194986709028]","[-0.07862593066042914, -0.03354395500565087, 0.17611342232805854, -0.3022327606977693, -9.37858650587026]",9.385496932029996,0.022571678021922708,0.009650171995162963,True,9.285071200793027e-10,0,50,"[1.4828185457470995, -1.2806343260261006, -0.10031805179651372, 0.27172457526506955]"
269,1,0.09055334159390103,0.09055334159390103,0.06295957689046466,0.008903828751976681,"[0.4078911119175406, 4.000443739041292, 0.03412001096457276, 0.12145029999523667, 0.010533458698880152]","[-0.6202694192481867, -0.013217275654876017, -0.255223270879808, -0.052167220412290376, 8.533159865097725]",8.559648735142638,0.0222093599755317,0.00953217400237918,True,9.285002988690394e-10,0,50,"[1.4833825751864385, -1.274733731978226, -0.09960862416337214, 0.2677396282153683]"
270,1,0.10223060545417528,0.10223060545417528,0.06812870439277283,0.009634853773916678,"[0.4079635762719047, 4.000445283178915, 0.034149827990802135, 0.12145639454677966, 0.009536553320150423]","[-0.07881777920582764, -0.03354675398854889, 0.17684965451818066, -0.3011705648967766, -9.384473291048922]",9.391360715407332,0.022676280038431286,0.009594875974580646,True,9.28511099118623e-10,0,50,"[1.4828177809173397, -1.2806362380527454, -0.10031761080667666, 0.2717267140321217]"
271,1,0.09057014519786737,0.09057014519786737,0.06297569963049324,0.008906108851737784,"[0.4079719688554276, 4.000448855265538, 0.03413099689061777, 0.12148846344222423, 0.01053581994129656]","[-0.6204305081360397, -0.01322467067171355, -0.2545460405350136, -0.05065412497570507, 8.520594238265891]",8.547104457513043,0.022380349952727557,0.009470578068867325,True,9.285039936912654e-10,0,50,"[1.4833815558792625, -1.2747372080304429, -0.09960834367094225, 0.2677427699134989]"
272,1,0.1022560231692025,0.1022560231692025,0.0681506055407762,0.00963795106397047,"[0.4080445584103052, 4.000450402534644, 0.03416077844316233, 0.12149438990834169, 0.009538921602259736]","[-0.0789825872172434, -0.03355019192529026, 0.1775097561816748, -0.30019669446372127, -9.39024808666788]",9.397113959218444,0.022638162011280657,0.01001101397909224,True,9.285150781579432e-10,0,50,"[1.4828169605219146, -1.2806384248770177, -0.1003172486692873, 0.27172886149457487]"
273,1,0.09058797343258326,0.09058797343258326,0.06299198230617549,0.00890841156981594,"[0.40805296339374497, 4.00045397280016, 0.034141888626891805, 0.12152633553502394, 0.010538190965855876]","[-0.620534665918699, -0.0132332343248702, -0.25389445973952685, -0.04932977904070308, 8.50814267182376]",8.534671987721175,0.02197013599798083,0.009535841979086399,True,9.285082569476799e-10,0,50,"[1.4833804846301883, -1.2747409316486882, -0.09960813543749251, 0.2677459128975314]"
274,1,0.10228244639579503,0.10228244639579503,0.06817240909144279,0.009641034551676527,"[0.4081256708940143, 4.00045552332657, 0.034171637217121756, 0.1215321154617869, 0.00954129938255103]","[-0.07912329368106427, -0.03355419620014917, 0.17810096268305628, -0.29930199826393955, -9.395913981922671]",9.402759572298388,0.02298296398483217,0.009739183988422155,True,9.285187729801691e-10,0,50,"[1.4828160901143068, -1.280640856932026, -0.10031695728970795, 0.27173101504864594]"
275,1,0.09060672565304825,0.09060672565304825,0.06300840878739497,0.008910734625068206,"[0.40813408579530625, 4.000459091874286, 0.034152695866841054, 0.12156394675513549, 0.010540571341881442]","[-0.6205877155540362, -0.013242843133486665, -0.2532661876295734, -0.048175322560055286, 8.495800287662506]",8.522346603895981,0.02169819795526564,0.009454747987911105,True,9.285113833357173e-10,0,50,"[1.483379366677373, -1.2747448762037115, -0.09960799205686453, 0.26774905553357525]"
276,1,0.10230976769013597,0.10230976769013597,0.06819412143914114,0.009644105141335124,"[0.4082069046730549, 4.000460645770619, 0.034182413760206726, 0.12156959957879938, 0.009543686248897572]","[-0.07924251943499516, -0.033558701913080656, 0.17862982928208815, -0.29847830912272, -9.401473887052521]",9.408300310322637,0.02314447200857103,0.010011150017380715,True,9.285227520194895e-10,0,50,"[1.482815174693035, -1.280643507606258, -0.10031672937416374, 0.2717331723786528]"
277,1,0.0906263226557435,0.0906263226557435,0.06302496117716962,0.008913075486479105,"[0.40821532729104254, 4.000464212695653, 0.03416342735210205, 0.12160132457685918, 0.010542960674240702]","[-0.6205951573461697, -0.013253373100788725, -0.25265846600994984, -0.04717359811080049, 8.483576477640431]",8.510137807462304,0.021665210044011472,0.0093099420145154,True,9.285153623750375e-10,0,50,"[1.4833782091812153, -1.2747490150516088, -0.09960790737130082, 0.2677521952946351]"
278,1,0.10233789071814878,0.10233789071814878,0.06821574780463038,0.009647163571273097,"[0.40828825151052217, 4.000465770058577, 0.034193116467801064, 0.12160686780062037, 0.009546081814158724]","[-0.07934288653334298, -0.033563646223411354, 0.17910178312539898, -0.2977173976005191, -9.406930632366656]",9.413738833837602,0.022767921984195708,0.010172446006909013,True,9.285264468417153e-10,0,50,"[1.4828142187068822, -1.2806463532589605, -0.10031655843107354, 0.27173533146642104]"
279,1,0.09064666006651623,0.09064666006651623,0.06304163328743485,0.008915433278924153,"[0.40829667992434643, 4.000469335448144, 0.034174090893980956, 0.1216384936405575, 0.010545358594342412]","[-0.6205613543030655, -0.013264747725783182, -0.25207096702840315, -0.046309128117045344, 8.471439079473049]",8.498013693385971,0.021923548048362135,0.00935399197973311,True,9.285193414143577e-10,0,50,"[1.4833770114497087, -1.2747533321952806, -0.0996078743842999, 0.26775533310107014]"
280,1,0.10236672840394402,0.10236672840394402,0.0682372949462675,0.009650210797266455,"[0.40836970420703417, 4.000470896371461, 0.034203753233451525, 0.1216439430467108, 0.009548485750389534]","[-0.07942589940551865, -0.03356898767310457, 0.17952322758099556, -0.2970146993228246, -9.412286646581904]",9.419077533851642,0.022713057985529302,0.009606257937848568,True,9.285307100981299e-10,0,50,"[1.4828132263145164, -1.2806493718148102, -0.10031643841219255, 0.27173749041227485]"
281,1,0.09066767571945694,0.09066767571945694,0.06305841035842902,0.008917805915057838,"[0.40837813665693296, 4.000474460307265, 0.034184693699551655, 0.1216754763575073, 0.010547764778697285]","[-0.6204905634189243, -0.013276868501339006, -0.2515008670975299, -0.04556879833808386, 8.459398390697345]",8.485984630471279,0.021732540046796204,0.009321670019999147,True,9.285227520194895e-10,0,50,"[1.4833757798222986, -1.2747578052844928, -0.09960788814018255, 0.26775846670426995]"
282,1,0.10239620227993212,0.10239620227993212,0.06825876708714156,0.009653247416550183,"[0.4084512561109935, 4.000476024871553, 0.03421433090466334, 0.1216808462468386, 0.009550897737561638]","[-0.07949377270115682, -0.033574673773976854, 0.1798984630715398, -0.29636324584776014, -9.417544356859459]",9.42431869487326,0.02252747194841504,0.009555907966569067,True,9.285341207032616e-10,0,50,"[1.4828122011339033, -1.2806525440623118, -0.10031636403443026, 0.2717396476002898]"
283,1,0.0906893032856027,0.0906893032856027,0.06307528177465827,0.008920191893622621,"[0.40845969107327207, 4.000479587428684, 0.03419524215470942, 0.12171229289623699, 0.010550178922840658]","[-0.6203867982344512, -0.013289651279235305, -0.25094689522182184, -0.04493958734275682, 8.447450893944268]",8.47404725680631,0.02299418202601373,0.009991325978189707,True,9.28527015275904e-10,0,50,"[1.4833745177328304, -1.2747624169104357, -0.09960794377663836, 0.2677615951063996]"
284,1,0.10242624208799933,0.10242624208799933,0.06828016887779148,0.009656274086809802,"[0.4085329012855072, 4.000481155705432, 0.03422485573693138, 0.1217175960985883, 0.009553317489696955]","[-0.07954815613136118, -0.03358066334472473, 0.18023192267699456, -0.2957578899822612, -9.422705988978624]",9.429464459886724,0.022504531973972917,0.009731543995440007,True,9.285378155254875e-10,0,50,"[1.4828111464547085, -1.2806558525235219, -0.10031633048957167, 0.2717418015755082]"
285,1,0.09071148312207232,0.09071148312207232,0.06309223821248201,0.00892258989605661,"[0.4085413374121251, 4.000484716953633, 0.03420574204034505, 0.12174896138886634, 0.010552600749956736]","[-0.6202535201480239, -0.013303023108372057, -0.2504076667062399, -0.04441026807953716, 8.435593361601912]",8.46219847518588,0.022117942003533245,0.009840466044843198,True,9.285304258810356e-10,0,50,"[1.4833732282842051, -1.2747671513570018, -0.09960803690072348, 0.2677647174226671]"
286,1,0.10245678445706119,0.10245678445706119,0.06830150443798387,0.009659291390668293,"[0.4086146343835792, 4.000486289006468, 0.03423533336550848, 0.12175420946573484, 0.009555744745534108]","[-0.07959056247234776, -0.033586919112412406, 0.1805275720296222, -0.2951939216108248, -9.427773622564784]",9.434516833029518,0.022136588031426072,0.00935044196434319,True,9.285412261306192e-10,0,50,"[1.4828100652526708, -1.2806592814735707, -0.10031633345218162, 0.2717439510398421]"
287,1,0.09073416149492608,0.09073416149492608,0.06310927129757439,0.00892499873805128,"[0.4086230704872899, 4.000489849010621, 0.034216198567701084, 0.12178549818213695, 0.01055503000713432]","[-0.6200938552468332, -0.013316918195222793, -0.24988194622649174, -0.0439706975314406, 8.423822829750923]",8.450435444753678,0.023206941988319157,0.009843300003558398,True,9.285341207032616e-10,0,50,"[1.4833719142697412, -1.2747719944843943, -0.09960816355624061, 0.2677678328704711]"
288,1,0.10248777251674034,0.10248777251674034,0.068322777626617,0.009662299873856282,"[0.40869645059405807, 4.000491424896063, 0.03424576887183873, 0.1217907015468409, 0.009558179266858695]","[-0.07962233487366026, -0.033593407654028434, 0.18078899783106955, -0.29466714058023397, -9.432749190288428]",9.439477681821703,0.02189573997631669,0.0093952920101583,True,9.285452051699394e-10,0,50,"[1.4828089601924226, -1.2806628167678304, -0.10031636902351479, 0.2717460948421397]"
289,1,0.09075728998854458,0.09075728998854458,0.06312637350961327,0.008927417356072475,"[0.40870488563014257, 4.000494983716665, 0.03422661643524151, 0.12182191801352278, 0.010557466463379586]","[-0.6199106230550815, -0.013331277266648331, -0.24936862578235391, -0.04361172423703132, 8.41213657753156]",8.438755559713174,0.02301534201949835,0.009865199998021126,True,9.285378155254875e-10,0,50,"[1.483370578204478, -1.2747769335691748, -0.09960832017982724, 0.26777094075772073]"
290,1,0.102519155008477,0.102519155008477,0.06834399191749091,0.009665300027643283,"[0.4087783455874307, 4.000496563484816, 0.034256166838021664, 0.12182708604142965, 0.009560620836437331]","[-0.07964468445082973, -0.03360009903558712, 0.18101943897770376, -0.29417376770422476, -9.437634493063866]",9.444348749912745,0.022217572005465626,0.009387408029288053,True,9.285488999921654e-10,0,50,"[1.4828078336833794, -1.280666445672001, -0.10031643369323737, 0.2717482319557791]"
291,1,0.0907808249823334,0.0907808249823334,0.0631435381007542,0.008929844795830885,"[0.40878677863946544, 4.000500121178408, 0.034236999879690075, 0.12185823416772855, 0.010559909907814727]","[-0.6197063604382005, -0.01334604703426025, -0.24886670242711362, -0.0433251114588773, 8.400532107624763]",8.427156429201572,0.022867797976359724,0.009865428004413843,True,9.285417945648078e-10,0,50,"[1.483369222353045, -1.2747819571617032, -0.09960850356172937, 0.2677740404727359]"
292,1,0.10255088582207911,0.10255088582207911,0.0683651504887458,0.009668292301486192,"[0.4088603154683556, 4.0005017048735905, 0.03426653139539034, 0.12186337529828875, 0.009563069256142639]","[-0.07965869720011211, -0.03360696640332648, 0.18122181939581167, -0.2937104107804059, -9.44243120703892]",9.44913166323334,0.021602636026218532,0.009217607993632556,True,9.285525948143914e-10,0,50,"[1.4828066878940622, -1.280670156728146, -0.10031652429956336, 0.2717503614684101]"
293,1,0.09080472717089018,0.09080472717089018,0.06316075901108689,0.008932280200325776,"[0.40886874573475795, 4.0005052614931405, 0.03424735272100677, 0.12189445862120318, 0.010562360147895182]","[-0.619483352356346, -0.013361179546522415, -0.24837527214707322, -0.04310343765607338, 8.389007127523282]",8.415635859087171,0.02311155806295574,0.00972865997813642,True,9.285454893870338e-10,0,50,"[1.483367848754382, -1.2747870549599394, -0.09960871081101275, 0.2677771314753851]"
294,1,0.10258292064250991,0.10258292064250991,0.06838625619248719,0.009671277098733643,"[0.40894235673250734, 4.000506849154461, 0.03427686626891645, 0.12189958044899762, 0.009565524345230548]","[-0.07966485739241339, -0.03361399233330081, 0.181398568409724, -0.29327448302453385, -9.44714115012747]",9.453828201497535,0.021929311994463206,0.009426185982301832,True,9.285562896366172e-10,0,50,"[1.482805525631709, -1.2806739390413946, -0.10031663815232783, 0.2717524822989546]"
295,1,0.09082896091222857,0.09082896091222857,0.06317803079321783,0.00893472279917937,"[0.40895078346247177, 4.000510404750312, 0.034257678426222016, 0.12193060221888202, 0.010564817007184327]","[-0.6192436407421364, -0.013376631890415913, -0.24789346891187442, -0.04294007087323635, 8.377559542426683]",8.404191842729462,0.023047105986624957,0.010013268021866679,True,9.285488999921654e-10,0,50,"[1.4833664592595508, -1.274792217615825, -0.09960893930355402, 0.26778021327984747]"
296,1,0.10261522757491663,0.10261522757491663,0.06840731179822013,0.009674254811052795,"[0.40902446617370164, 4.000511996412204, 0.034287174833910146, 0.12193571158236059, 0.009567985937855829]","[-0.0796650280696323, -0.03362114160743119, 0.181552497539722, -0.29286230252494033, -9.45176524521442]",9.45843923626444,0.022075709970667958,0.009790544053539635,True,9.285599844588432e-10,0,50,"[1.4828043469498329, -1.280677784444529, -0.10031677235374524, 0.2717545942607914]"
297,1,0.09085349450906884,0.09085349450906884,0.0631953485229962,0.008937171896011576,"[0.40903288881363953, 4.000515551030547, 0.03426798007111837, 0.1219666746509154, 0.010567280325451647]","[-0.6189891245320057, -0.013392364484130148, -0.24742065735056273, -0.0428288345185549, 8.36618740789545]",8.39282252442489,0.02225140600465238,0.00955807600170374,True,9.285525948143914e-10,0,50,"[1.4833650555022142, -1.2747974368861523, -0.09960918671915021, 0.2677832854767569]"
298,1,0.10264777050107958,0.10264777050107958,0.06842831968567369,0.009677225774988156,"[0.409106641013529, 4.0005171467231095, 0.03429746010082245, 0.12197177768203381, 0.009570453884459805]","[-0.0796594868225866, -0.03362840188027038, 0.18168554510108678, -0.29247192175812586, -9.456305121551742]",9.462966369878693,0.022737805992364885,0.009603326069191098,True,9.285639634981635e-10,0,50,"[1.4828031542757212, -1.2806816840776603, -0.10031692477019631, 0.27175669645604805]"
299,1,0.09087829921451906,0.09087829921451906,0.06321270784947355,0.00893962687550537,"[0.4091150590384591, 4.000520700408134, 0.03427826046109212, 0.12200268468416141, 0.010569749956213008]","[-0.6187214367743663, -0.013408343048087523, -0.2469561187265093, -0.04276441909037651, 8.354888946582001]",8.381526199316097,0.022310701990500094,0.009379252018406987,True,9.28556005419523e-10,0,50,"[1.4833636389725358, -1.2748027052578892, -0.09960945094283695, 0.26778634769671]"
300,1,0.102680519157696,0.102680519157696,0.06844928202177598,0.009680190296989646,"[0.40918887870112997, 4.0005223001577175, 0.03430772479883018, 0.12200778690755942, 0.009572928047302563]","[-0.07964894753437265, -0.03363575566942357, 0.1817996413779167, -0.2921011066637799, -9.46076204775941]",9.467410839788613,0.022752097994089126,0.009806907968595624,True,9.285673741032952e-10,0,50,"[1.4828019490380917, -1.2806856304369023, -0.1003170933232836, 0.2717587883195312]"
301,1,0.09090334909729035,0.09090334909729035,0.06323010482085077,0.008942087178791958,"[0.4091972916610061, 4.000525852951214, 0.03428852212088209, 0.12203864023288521, 0.010572225765217099]","[-0.6184420793304798, -0.013424536182415221, -0.24649925356523888, -0.04274193815979998, 8.343662522036432]",8.370301300465805,0.02194295197725296,0.009388332013040781,True,9.28559700241749e-10,0,50,"[1.4833622110095563, -1.274808015984078, -0.0996097300727918, 0.2677893996160865]"
302,1,0.10271344641075021,0.10271344641075021,0.06847020084678539,0.009683148665593366,"[0.4092711769438719, 4.000527456780718, 0.03431797138975394, 0.12204374661276575, 0.009575408300524963]","[-0.07963403929786667, -0.03364318735507993, 0.1818965373780984, -0.29174787717661604, -9.46513720775894]",9.471773803259884,0.022883698008954526,0.009909477988258005,True,9.285707847084268e-10,0,50,"[1.4828007325141686, -1.2806896167760635, -0.10031727613938475, 0.27176086935406907]"
303,1,0.09092862080429523,0.09092862080429523,0.06324753590018192,0.00894455230567165,"[0.4092795844545392, 4.000531008722313, 0.034298767327121414, 0.12207454843333344, 0.010574707629601218]","[-0.6181523967970151, -0.013440915773949924, -0.24604951166548944, -0.04275701345102674, 8.332506624545294]",8.359146380843205,0.02213746599853039,0.009328971961513161,True,9.285633950639748e-10,0,50,"[1.4833607728299019, -1.2748133629927594, -0.09961002239801024, 0.2677924409490225]"
304,1,0.1027465277885286,0.1027465277885286,0.06849107797709038,0.009686101137675441,"[0.4093535336795629, 4.000532616651539, 0.0343282020923984, 0.12207966343090591, 0.009577894528846788]","[-0.07961533620235281, -0.03365068286059968, 0.18197780482836393, -0.2914104301345161, -9.46943171236255]",9.476056346685285,0.02278583401814103,0.00953770000487566,True,9.285744795306528e-10,0,50,"[1.4827995058593926, -1.280693637028293, -0.10031747153303865, 0.27176293911973626]"
305,1,0.09095408713839084,0.09095408713839084,0.06326500305684675,0.008947022534656799,"[0.40936193541687654, 4.000536167778889, 0.03430899813263376, 0.12211041572061826, 0.01057719543683217]","[-0.6178533221368265, -0.013457469147655953, -0.245607168274624, -0.04280577797719963, 8.321408974187742]",8.348049254920562,0.021497929990291594,0.009405100019648671,True,9.285670898862008e-10,0,50,"[1.4833593230797495, -1.274818744984983, -0.09961032578815222, 0.26779547317985114]"
306,1,0.10277974092599695,0.10277974092599695,0.06851191576137318,0.009689048045389696,"[0.40943594711747816, 4.000537779828451, 0.03433841903813458, 0.12211554335902394, 0.009580386635268612]","[-0.07959306188114028, -0.03365823465505294, 0.18204539903081404, -0.2910881183296907, -9.473646527570782]",9.480259452227806,0.02302795195020735,0.009793731961399316,True,9.285781743528787e-10,0,50,"[1.4827982701768994, -1.2806976854105303, -0.10031767790359084, 0.27176499718777103]"
307,1,0.09097974089526348,0.09097974089526348,0.06328249324480656,0.00894949602075892,"[0.4094443427803051, 4.000541330177977, 0.03431921646251637, 0.12214624801639812, 0.010579689088361837]","[-0.6175464081297257, -0.013474150029364258, -0.24517003914798421, -0.042884828392754516, 8.310389953241021]",8.337030271652152,0.02159370597451925,0.009255878012627363,True,9.285707847084268e-10,0,50,"[1.4833578675860488, -1.2748241486148453, -0.09961063997137058, 0.2677984926394266]"
308,1,0.1028130662001896,0.1028130662001896,0.06853271435620564,0.009691989410878734,"[0.40951841548820395, 4.00054294635899, 0.034348623821147686, 0.12215139191380406, 0.009582884509097986]","[-0.07956827315454255, -0.03366582094818532, 0.18209955864208474, -0.290777508095479, -9.477782740081064]",9.484384111487856,0.022712937965989114,0.009438346000388264,True,9.285818691751046e-10,0,50,"[1.4827970263005212, -1.2807017575389943, -0.10031789401574123, 0.27176704327843315]"
309,1,0.09100555919836871,0.09100555919836871,0.06330000868922311,0.00895197307866341,"[0.40952680488620924, 4.000546495964378, 0.03432942388613005, 0.12218205046839725, 0.010582188483680996]","[-0.6172326158430357, -0.01349094597172027, -0.24473893702576796, -0.04299019832196521, 8.299437591792344]",8.326077573034485,0.022294344017282128,0.009612566046416759,True,9.285744795306528e-10,0,50,"[1.4833564047897108, -1.274829573821553, -0.0996109631828792, 0.26780150087166316]"
310,1,0.10284648609170624,0.10284648609170624,0.06855347590060229,0.009694925536644888,"[0.40960093734658504, 4.000548116288696, 0.0343588181518992, 0.12218721378785227, 0.00958538806739917]","[-0.07954104393183085, -0.03367343764617559, 0.18214199972434997, -0.2904784179575576, -9.48184123847391]",9.48843123856941,0.022598201967775823,0.009433806007727981,True,9.285855639973306e-10,0,50,"[1.482795775110852, -1.280705848812686, -0.1003181185900596, 0.27176907707639103]"
311,1,0.09103151369769076,0.09103151369769076,0.06331755829780736,0.008954454968110826,"[0.4096093202965083, 4.000551665182797, 0.03433962193335416, 0.12221782774400829, 0.010584693537299399]","[-0.6169118244544048, -0.013507874055269648, -0.24431512248964574, -0.0431199205149272, 8.288527261074046]",8.315166626472566,0.022443256014958023,0.009880917938426137,True,9.2857760591869e-10,0,50,"[1.4833549294672483, -1.2748350316364034, -0.09961129272162837, 0.26780450478520357]"
312,1,0.10287998368297098,0.10287998368297098,0.06857420322907357,0.009697856823548472,"[0.40968351145251186, 4.000553289669071, 0.03436900380066184, 0.12222301343931023, 0.009587897245365873]","[-0.07951110014915891, -0.03368108686042933, 0.18217496837754632, -0.29019182419623263, -9.485822742593761]",9.492401621744717,0.02204921199940145,0.009467668011784553,True,9.28588690385368e-10,0,50,"[1.4827945175100885, -1.280709954506947, -0.1003183503231251, 0.27177109823066814]"
313,1,0.09105761582571915,0.09105761582571915,0.06333511803731269,0.008956938290286844,"[0.4096918877416017, 4.000556837884601, 0.03434981213814926, 0.12225358439866586, 0.01058720417732973]","[-0.6165862548871713, -0.013524856764767796, -0.2438939197750563, -0.04327153061191578, 8.277705444529243]",8.304343780656007,0.022619173992425204,0.009692097948864102,True,9.285815849580104e-10,0,50,"[1.4833534545608582, -1.2748404877259112, -0.0996116306048125, 0.2678074899497166]"
314,1,0.10291354503531919,0.10291354503531919,0.0685948941720742,0.009700782964769452,"[0.40976613638437215, 4.000558466533068, 0.03437918157734731, 0.12225879510907835, 0.009590411936765894]","[-0.07948021431363667, -0.03368873521257982, 0.18219688172404602, -0.2899118914633955, -9.489728311254005]",9.496296123504427,0.022656423971056938,0.009575556004419923,True,9.285923852075939e-10,0,50,"[1.4827932539344932, -1.2807140723361505, -0.10031858854180571, 0.2717731066571848]"
315,1,0.09108384054683345,0.09108384054683345,0.063352696467712,0.008959424255754437,"[0.40977450598587484, 4.000562014098853, 0.03435999547791072, 0.12228932405295946, 0.010589720318353377]","[-0.6162564172516966, -0.01354190094657058, -0.24347809979906906, -0.043440927695572416, 8.266947199524543]",8.293584270621034,0.022516862032935025,0.009960270058363675,True,9.28584995563142e-10,0,50,"[1.4833519744661305, -1.2748459547893167, -0.09961197449398508, 0.26781046348534315]"
316,1,0.10294715786430064,0.10294715786430064,0.0686155516219741,0.009703704369350698,"[0.40984881118337074, 4.000563646915317, 0.03438935288139575, 0.12229456194845469, 0.009592932086778718]","[-0.07944785319393356, -0.03369639022954983, 0.18220996397546302, -0.2896404272045158, -9.493558643534987]",9.500115534790755,0.02232891198247671,0.0094788839481771,True,9.285960800298199e-10,0,50,"[1.4827919850957587, -1.280718198624581, -0.10031883222767107, 0.2717751021164342]"
317,1,0.0911101768155662,0.0911101768155662,0.06337029242377344,0.008961912699724938,"[0.40985717401357996, 4.0005671938606255, 0.034370173118445604, 0.12232505004369029, 0.010592241895987767]","[-0.615922544233836, -0.013559000631786056, -0.24306675323128574, -0.043627355613104254, 8.256251651808302]",8.282887211453813,0.023413792029023172,0.009767138017341494,True,9.28588690385368e-10,0,50,"[1.4833504897868117, -1.2748514298209117, -0.0996123235329859, 0.26781342529024804]"
318,1,0.10298081051102455,0.10298081051102455,0.06863617641828988,0.009706621156017795,"[0.40993153486486716, 4.000568830850274, 0.034399518773770454, 0.122330317211345, 0.009595457629820949]","[-0.079414350141964, -0.03370404421590146, 0.1822148748573308, -0.28937635974523473, -9.497314491738985]",9.503860588981668,0.021693804021924733,0.00937401999719441,True,9.285994906349515e-10,0,50,"[1.4827907115359735, -1.2807223305457247, -0.1003190805826492, 0.2717770844468517]"
319,1,0.09113661438590778,0.09113661438590778,0.06338790433583984,0.008964403400215301,"[0.4099398908744477, 4.000572377203243, 0.03438034605199785, 0.12236076550727754, 0.010594768846754246]","[-0.6155852457643485, -0.013576143288696557, -0.24265968213693384, -0.04382881549662722, 8.245617972612143]",8.272251806076527,0.022617380041629075,0.009885425996035337,True,9.285921009904996e-10,0,50,"[1.4833490010378754, -1.2748569102523724, -0.09961267698539833, 0.26781637528519747]"
320,1,0.10301449253124054,0.10301449253124054,0.06865676945907206,0.009709533451774261,"[0.41001430655473897, 4.000574018369833, 0.03440968022699593, 0.12236606380047735, 0.009597988506296234]","[-0.0793799425568785, -0.03371169142140487, 0.1822123147557388, -0.28911893277532136, -9.500996566966705]",9.507531988053984,0.021815525991842152,0.009364704014733433,True,9.286034696742718e-10,0,50,"[1.4827894337525171, -1.2807264655265764, -0.10031933288004931, 0.27177905350731024]"
321,1,0.09116314403950286,0.09116314403950286,0.06340553083194048,0.008966896163199565,"[0.41002265571860697, 4.000577564157684, 0.034390515178173, 0.1223964732624816, 0.010597301112123404]","[-0.6152450376442387, -0.013593318253641216, -0.24225665638796193, -0.04404361512535812, 8.235045387039428]",8.261677304811895,0.022845368031412364,0.009794560028240085,True,9.285957958127256e-10,0,50,"[1.4833475086843027, -1.2748623937697305, -0.09961303418605848, 0.2678193134056923]"
322,1,0.10304819455269527,0.10304819455269527,0.06867733156182246,0.009712441372232313,"[0.4100971254678928, 4.00057920950375, 0.034419838116775014, 0.122401804336729, 0.009600524660779042]","[-0.07934484799978933, -0.03371932660979704, 0.18220290708797166, -0.2888674493577451, -9.504605549370396]",9.511130403357079,0.02219428401440382,0.00933539197780192,True,9.286068802794034e-10,0,50,"[1.4827881521908965, -1.2807306012643722, -0.10031958846703852, 0.27178100917979464]"
323,1,0.09118975745943833,0.09118975745943833,0.06342317067275399,0.008969390813411223,"[0.41010546778311996, 4.000582754752861, 0.034400681307926666, 0.1224321758527399, 0.010599838637697737]","[-0.6149023858035316, -0.013610515918972575, -0.24185747103988775, -0.04427022372744658, 8.224533167834464]",8.251163003360578,0.022458699969574808,0.009733790000900626,True,9.285994906349515e-10,0,50,"[1.4833460131436351, -1.2748678782993677, -0.09961339453694698, 0.26782223960090723]"
324,1,0.10308190816781675,0.10308190816781675,0.06869786348023464,0.009715345023980318,"[0.410179990900101, 4.000584404279832, 0.034429993232913736, 0.12243754118411246, 0.009603066041702728]","[-0.07930926105031527, -0.03372694510745315, 0.18218721500891405, -0.2886212836679984, -9.508142090646961]",9.514656478735628,0.02213242401368916,0.009525742027908563,True,9.286102908845351e-10,0,50,"[1.4827868672511317, -1.2807347356962315, -0.10031984675660197, 0.27178295136660197]"
325,1,0.0912164471431309,0.0912164471431309,0.06344082274189966,0.008971887192970198,"[0.4101883263834912, 4.000587949015806, 0.03441084517271872, 0.12246787557235682, 0.010602381372833964]","[-0.6145577083991848, -0.013627727679012413, -0.24146193940908822, -0.04450726533918521, 8.214080630864363]",8.240708238198147,0.02250176802277565,0.009574010018259287,True,9.286034696742718e-10,0,50,"[1.4833445147908617, -1.2748733619832537, -0.0996137575002959, 0.2678251538322619]"
326,1,0.10311562581468882,0.10311562581468882,0.06871836589530671,0.00971824450332595,"[0.41026290221976164, 4.000589602724114, 0.0344401462876715, 0.12247327647529468, 0.009605612600971265]","[-0.07927335794258025, -0.0337345427452912, 0.18216574624412907, -0.2883798691673009, -9.511606817322633]",9.518110833565542,0.022427513962611556,0.009529607966542245,True,9.286142699238553e-10,0,50,"[1.4827855792946911, -1.280738866974436, -0.10032010722150017, 0.2717848799876551]"
327,1,0.09124320632274045,0.09124320632274045,0.06345848603411247,0.00897438515971055,"[0.410271230905918, 4.0005931469718465, 0.034421007432345024, 0.1225035744907496, 0.010604929270281388]","[-0.6142113801760513, -0.013644945837221565, -0.24106989074118437, -0.044753504695369505, 8.203687130955766]",8.230312382595109,0.02198243796825409,0.009265122022479772,True,9.286065960623091e-10,0,50,"[1.4833430139626298, -1.2748788431576117, -0.09961412259263859, 0.2678280560721829]"
328,1,0.10314934074006851,0.10314934074006851,0.06873883945018143,0.009721139901223332,"[0.4103458588606722, 4.000594804861025, 0.034450297923338015, 0.12250901213425686, 0.009608164293619314]","[-0.07923729466109258, -0.03374211579514978, 0.18213895918865375, -0.28814269900270206, -9.515000332078149]",9.521494064175732,0.023210983956232667,0.009677715972065926,True,9.286179647460813e-10,0,50,"[1.482784288643286, -1.2807429934476768, -0.10032036938757755, 0.27178679498007696]"
329,1,0.09127002889101138,0.09127002889101138,0.06347615964230341,0.008976884585350519,"[0.41035418079986774, 4.000598348644759, 0.034431168681861635, 0.12253927447512798, 0.010607482285832182]","[-0.6138637380724302, -0.013662163492313887, -0.2406811705732126, -0.0450078290138377, 8.19335205809199]",8.219974843149632,0.02173910998739302,0.009348230045288801,True,9.286102908845351e-10,0,50,"[1.4833415109609918, -1.2748843203338707, -0.09961448937948895, 0.267830946302981]"
330,1,0.10318304689095478,0.10318304689095478,0.06875928473737308,0.009724031301466637,"[0.41042886031528125, 4.000600010713531, 0.03446044871922629, 0.12254474989687406, 0.009610721077502767]","[-0.07920121104024515, -0.03374966093642095, 0.18210726771429223, -0.28790931680831117, -9.518323216625594]",9.524806746556948,0.02328112003393471,0.009855098025873303,True,9.286213753512129e-10,0,50,"[1.4827829955858727, -1.2807471136398236, -0.10032063282892098, 0.27178869629561936]"
331,1,0.09129690933788392,0.09129690933788392,0.0634938427497094,0.008979385354382365,"[0.4104371755717625, 4.000603554056911, 0.03444132945806532, 0.1225749772100825, 0.010610040378029992]","[-0.6135150840727875, -0.013679374473318741, -0.24029563786155733, -0.04526923866065879, 8.183074834055432]",8.209695056514972,0.021594634065404534,0.009409707998856901,True,9.28613985706761e-10,0,50,"[1.483340006056781, -1.2748897921811073, -0.0996148574704157, 0.2678338245158601]"
332,1,0.10321673883247065,0.10321673883247065,0.06877970229558324,0.009726918780239771,"[0.4105119061287168, 4.000605220303267, 0.034470599197827655, 0.12258049132946738, 0.009613282913017352]","[-0.07916523356395153, -0.03375717521624082, 0.18207104511582947, -0.28767930940940695, -9.521576034007166]",9.528049438525983,0.022836025999858976,0.009746623998507857,True,9.286250701734389e-10,0,50,"[1.4827817003832515, -1.2807512262319902, -0.10032089716333839, 0.2717905838988269]"
333,1,0.09132384268281359,0.09132384268281359,0.06351153461339022,0.008981887361738472,"[0.4105202147793033, 4.000608763229386, 0.03445149024522708, 0.12261068421534978, 0.01061260350790302]","[-0.613165689171204, -0.013696573273620836, -0.23991316346751418, -0.045536835460603206, 8.17285490920806]",8.19947248637687,0.02181736602447927,0.00919875605031848,True,9.286173963118927e-10,0,50,"[1.4833384994936414, -1.274895257509983, -0.09961522651484349, 0.26783669070976396]"
334,1,0.10325041170796244,0.10325041170796244,0.06880009262753428,0.009729802408638417,"[0.4105949958935902, 4.000610433650659, 0.03448074983038172, 0.12261623784523643, 0.00961584976285537]","[-0.07912947487099509, -0.03376465601007487, 0.18203062863791103, -0.28745230588697135, -9.524759329847555]",9.531222681022038,0.022814908027648927,0.009541140021756291,True,9.286284807785705e-10,0,50,"[1.4827804032686462, -1.2807553300481056, -0.10032116204769644, 0.27179245776634203]"
335,1,0.09135083704468451,0.09135083704468451,0.06352922395464454,0.008984389012369602,"[0.4106032980262243, 4.000613976182099, 0.034461651480179364, 0.12264639686213036, 0.01061517163871641]","[-0.612816599677438, -0.01371372380832199, -0.2395318251383555, -0.04580945618743819, 8.162714285673392]",8.189329078876224,0.021825804030522703,0.009161799969151617,True,9.286210911341186e-10,0,50,"[1.483336997293027, -1.2749007007619206, -0.09961559770223308, 0.2678395380780223]"
336,1,0.10328406205217686,0.10328406205217686,0.06882045462844513,0.009732682030422934,"[0.41067812913799184, 4.0006156507666315, 0.034490900741358396, 0.12265199066056495, 0.009618421574571134]","[-0.07909468233424156, -0.03377208980843188, 0.1819851223907783, -0.2872258176497138, -9.52787378756095]",9.534327070622801,0.022951547987759113,0.009977415995672345,True,9.286321756007965e-10,0,50,"[1.4827791043079033, -1.2807594247989318, -0.10032142736811762, 0.2717943179768514]"
337,1,0.09137786373571728,0.09137786373571728,0.06354693135907624,0.008986893217519776,"[0.4106864249182541, 4.000619192924306, 0.034471813382489364, 0.12268211610261158, 0.010617744727215954]","[-0.6124666802554279, -0.013730880062755031, -0.23915572406155833, -0.04608618468550332, 8.152606824125272]",8.17921887450352,0.021606080001220107,0.009270382001996041,True,9.286245017392503e-10,0,50,"[1.483335487826407, -1.2749061507475943, -0.09961596782321802, 0.2678423804540432]"
338,1,0.10331768554426775,0.10331768554426775,0.06884079197619353,0.009735558165723782,"[0.41076130574606634, 4.0006208716763085, 0.03450105281570441, 0.12268775064857336, 0.009620998344924848]","[-0.07905955219858579, -0.03377949894154996, 0.18193725074233164, -0.28700417393671185, -9.530919695985759]",9.537363067312507,0.02285759803839028,0.009807801945134998,True,9.286358704230225e-10,0,50,"[1.4827778039271433, -1.2807635083165099, -0.10032169253362304, 0.271796164390982]"
339,1,0.09140493128908904,0.09140493128908904,0.0635646461867092,0.00898939847246914,"[0.41076959520213846, 4.000624413483274, 0.03448197655222999, 0.12271784326137221, 0.01062032275228141]","[-0.6121163055681049, -0.013748017418585072, -0.23878176663852935, -0.04636813121289649, 8.142555199108271]",8.169164417841131,0.022009407952427864,0.009390364019200206,True,9.286281965614762e-10,0,50,"[1.4833339773274286, -1.274911591187793, -0.09961633800593334, 0.26784521083227875]"
340,1,0.10335127808976763,0.10335127808976763,0.06886110327282392,0.009738430616840191,"[0.4108445253019852, 4.000626096399262, 0.03451120619609513, 0.1227235192557378, 0.009623580027856803]","[-0.07902497757329542, -0.03378686718862625, 0.18188592012852411, -0.2867844126609905, -9.53389763806469]",9.540331150429562,0.02210391400381923,0.009692081985995173,True,9.286392810281541e-10,0,50,"[1.4827765021979624, -1.280767580248515, -0.10032195741675784, 0.27179799705871405]"
341,1,0.09143203608518989,0.09143203608518989,0.06358236738394633,0.008991904628216562,"[0.41085280855508394, 4.000629637876665, 0.034492141247799146, 0.12275357947147968, 0.010622905678794621]","[-0.6117660584175959, -0.01376512514963426, -0.23841049588340077, -0.04665337195655488, 8.13255893653792]",8.15916528493125,0.022637623967602848,0.009772306047379971,True,9.286318913837022e-10,0,50,"[1.4833324659260811, -1.2749170214708494, -0.09961670805956413, 0.2678480292414727]"
342,1,0.10338483667426035,0.10338483667426035,0.06888138904065216,0.009741299457638776,"[0.4109277875556286, 4.000631324951834, 0.03452136120934282, 0.12275929738137874, 0.009626166594398232]","[-0.07899096371154876, -0.03379419412217527, 0.18183146313064108, -0.286566510040624, -9.536808098293255]",9.543231809467763,0.021912554018199443,0.009433252029120922,True,9.286426916332857e-10,0,50,"[1.4827751992771974, -1.2807716398264688, -0.10032222178741036, 0.2717998159901952]"
343,1,0.09145917522244573,0.09145917522244573,0.06360009459422604,0.008994411634336622,"[0.4109360647268511, 4.000634866120569, 0.034502307762172946, 0.12278932562712734, 0.01062549347733453]","[-0.6114160564824601, -0.013782200759720191, -0.23804177722979789, -0.046941500563073404, 8.122617594020756]",8.149221037256243,0.022466507982462646,0.009620458027347923,True,9.286355862059281e-10,0,50,"[1.4833309537577815, -1.2749224409296087, -0.09961707777769346, 0.26785083571166696]"
344,1,0.10341835856108039,0.10341835856108039,0.06890164961786516,0.009744164735946389,"[0.411011092272872, 4.000636557349791, 0.034531518134073805, 0.12279508587100128, 0.009628758015639552]","[-0.07895758033621175, -0.03380147822809583, 0.18177407190725062, -0.28635022726293974, -9.539651557811046]",9.54606552196982,0.022460536025464536,0.009410189976915718,True,9.286469548897003e-10,0,50,"[1.4827738952974876, -1.2807756864073756, -0.10032248544904947, 0.27180162120636536]"
345,1,0.0914863585944955,0.0914863585944955,0.06361782835959835,0.00899691956748677,"[0.41101936348996626, 4.0006400982303925, 0.03451247635487484, 0.12282508254623611, 0.010628086119438615]","[-0.611066338169927, -0.013799226420075306, -0.23767467405503673, -0.04723267244074985, 8.112741592969591]",8.139342038434437,0.022672687955200672,0.009451437992975115,True,9.286389968110598e-10,0,50,"[1.4833294422345538, -1.2749278454547228, -0.09961744737699689, 0.2678536288766296]"
346,1,0.10345184142835562,0.10345184142835562,0.06892188441780357,0.00974702636879687,"[0.4110944391330845, 4.000641793604092, 0.03454167707809098, 0.1228308855549083, 0.009631354251719574]","[-0.07892528002517007, -0.03380871136865269, 0.1817132372055999, -0.2861340506916588, -9.542428588329953]",9.548832807611053,0.02187481806613505,0.00921202400699258,True,9.286500812777377e-10,0,50,"[1.4827725903119011, -1.2807797197714437, -0.10032274831319112, 0.2718034127793899]"
347,1,0.09151355877999995,0.09151355877999995,0.06363556615308939,0.00899942807029893,"[0.41110270457050574, 4.000645334216022, 0.03452264718817168, 0.12286085089794306, 0.010630683570767309]","[-0.6107174215838984, -0.013816226473240935, -0.23731116874860106, -0.047524581511582814, 8.102908854808177]",8.12950636528009,0.02303007198497653,0.009840701995417476,True,9.286426916332857e-10,0,50,"[1.4833279288719468, -1.274933241728533, -0.09961781594601651, 0.26785641158132595]"
348,1,0.10348528333820765,0.10348528333820765,0.06894209564452076,0.009749884667890434,"[0.41117782812586906, 4.000647033732063, 0.03455183852625009, 0.1228666968348758, 0.009633955296044779]","[-0.07889327913423085, -0.03381590711750031, 0.18165054243792922, -0.2859205703060262, -9.545139509377558]",9.551534086765294,0.021467333948239683,0.009159868005663157,True,9.286537760999635e-10,0,50,"[1.482771284545404, -1.280783738802185, -0.10032301006748504, 0.27180519067206305]"
349,1,0.0915407861111616,0.0915407861111616,0.06365330914901053,0.00900193730884581,"[0.411186087875393, 4.0006505740960305, 0.034532820582036224, 0.1228966313530044, 0.010633285814228666]","[-0.6103689061558994, -0.013833190973519052, -0.23694966675881582, -0.04781882295429127, 8.093129798370503]",8.1197243350038,0.022774912007153033,0.010003336016088724,True,9.286461022384174e-10,0,50,"[1.4833264150916368, -1.2749386255441908, -0.0996181836692083, 0.26785918245343]"
350,1,0.10351868200509136,0.10351868200509136,0.0689622825377383,0.009752739525707476,"[0.41126125901186245, 4.000652277748815, 0.03456200256617184, 0.12290252057054128, 0.009636561114784791]","[-0.07886209547325619, -0.0338230561695576, 0.18158535649067936, -0.2857080599218718, -9.54778482087084]",9.554169799206985,0.021943797962740062,0.009374529998749494,True,9.286574709221895e-10,0,50,"[1.4827699780372219, -1.2807877433338626, -0.10032327064063193, 0.271806954947197]"
351,1,0.09156803843874804,0.09156803843874804,0.06367105673961186,0.009004447197178595,"[0.41126951321888644, 4.000655817884366, 0.034542996691220074, 0.12293242458793856, 0.010635892822356493]","[-0.610021127692727, -0.013850113777660114, -0.23659047970822925, -0.048114276531260707, 8.083404027857346]",8.109995580649734,0.022900597946718334,0.010006887996569276,True,9.286497970606433e-10,0,50,"[1.4833249009632312, -1.2749439965816767, -0.09961855043742741, 0.2678619415391087]"
352,1,0.10355203577909008,0.10355203577909008,0.0689824454586868,0.009755590993333719,"[0.4113447316479905, 4.0006575256675125, 0.03457216939265083, 0.12293835730097728, 0.009639171684043244]","[-0.07883173005561644, -0.0338301583982483, 0.18151787817588308, -0.28549650341281163, -9.55036496571778]",9.55674039059599,0.022353573981672526,0.009230226017534733,True,9.286611657444155e-10,0,50,"[1.4827686708758763, -1.2807917329589769, -0.10032352990161826, 0.2718087056446255]"
353,1,0.09159531398595905,0.09159531398595905,0.06368880868497595,0.009006957701367835,"[0.4113529804573989, 4.000661065593995, 0.03455317569074641, 0.12296823113784157, 0.010638504571030128]","[-0.6096741535612404, -0.013866993571337074, -0.23623352291547411, -0.04841070418075212, 8.073731165449521]",8.100319726567003,0.022566644018515946,0.009600783996284008,True,9.286534918828693e-10,0,50,"[1.4833233865649054, -1.2749493544856465, -0.09961891613322492, 0.26786468888378806]"
354,1,0.10358534317688056,0.10358534317688056,0.06900258466192372,0.009758439106769023,"[0.41142824590050064, 4.000662777500937, 0.034582339172048455, 0.12297420753208388, 0.009641786979998134]","[-0.07880222067935568, -0.03383721305890081, 0.18144822531128235, -0.2852857619606561, -9.552880384113035]",9.559246298981384,0.022316975984722376,0.009375310027971864,True,9.286645763495471e-10,0,50,"[1.4827673631356586, -1.2807957073437348, -0.10032378773920468, 0.27181044281038774]"
355,1,0.0916226111319065,0.0916226111319065,0.06370656474251543,0.009009468787106496,"[0.41143648946052686, 4.000666317237439, 0.03456335773568651, 0.12300405149184891, 0.01064112103671468]","[-0.6093280622791205, -0.013883828870496683, -0.2358787482537374, -0.04870783077990928, 8.06411084248037]",8.09069640789045,0.02211681199260056,0.009686979968100785,True,9.286569024880009e-10,0,50,"[1.4833218719645254, -1.2749546989522502, -0.09961928065351028, 0.26786742453547663]"
356,1,0.10361860289813266,0.10361860289813266,0.06902270039631783,0.009761283901208747,"[0.4115118016501685, 4.000668033261396, 0.0345925120552077, 0.12301007171907266, 0.009644406979613348]","[-0.07877359761631299, -0.03384421956912724, 0.18137650983048623, -0.28507572086205835, -9.555331509763326]",9.561687956490676,0.022793110003694893,0.00957406997680664,True,9.286679869546787e-10,0,50,"[1.4827660548828052, -1.2807996661971073, -0.10032404405400919, 0.27181216649390466]"
357,1,0.09164992841091787,0.09164992841091787,0.06372432469433491,0.009011980423579516,"[0.4115200401116166, 4.000671572826766, 0.034573542966210354, 0.12303988609098371, 0.010643742196600598]","[-0.6089829219167501, -0.013900618404139592, -0.23552610864373955, -0.049005415208265415, 8.054542699187406]",8.081125268054198,0.02197458199225366,0.009460800010710955,True,9.286603130931326e-10,0,50,"[1.4833203572221747, -1.274960029717231, -0.09961964390636172, 0.2678701485442102]"
358,1,0.1036518138046965,0.1036518138046965,0.06904279289820618,0.009764125410076,"[0.4115953987902215, 4.000673292960775, 0.03460268817814583, 0.12304595027308418, 0.009647031660503427]","[-0.0787458876610666, -0.033851177434233826, 0.18130283291720772, -0.28486627620961097, -9.55771877073295]",9.564065789715352,0.02256902998313308,0.009721935959532857,True,9.286713975598105e-10,0,50,"[1.482764746175914, -1.2808036092684845, -0.10032429875781389, 0.27181387674779584]"
359,1,0.09167726449607966,0.09167726449607966,0.06374208834257866,0.00901449258280587,"[0.4116036323061115, 4.000676832373633, 0.034583731508787366, 0.12307573533337582, 0.010646368028516645]","[-0.6086387928138703, -0.013917361063052502, -0.23517556056058694, -0.0493032414589287, 8.045026383881252]",8.071605958191077,0.021948301969096064,0.0093417539447546,True,9.286642921324529e-10,0,50,"[1.4833188423907588, -1.2749653465525357, -0.09962000581005694, 0.2678728609618595]"
360,1,0.10368497490474708,0.10368497490474708,0.06906286239319939,0.009766963665276936,"[0.41167903722502, 4.000678556610561, 0.03461286766356866, 0.12308184356533217, 0.009649661000874837]","[-0.07871911419873234, -0.03385808624332991, 0.1812272865254962, -0.28465733474561417, -9.560042589860076]",9.566380220150604,0.023036214048042892,0.009851604010909796,True,9.286753765991307e-10,0,50,"[1.48276343706673, -1.2808075363434663, -0.10032455177241757, 0.27181557362751724]"
361,1,0.09170461818573283,0.09170461818573283,0.06375985550761054,0.009017005239381171,"[0.4116872659502409, 4.000682095889312, 0.034593923477540506, 0.12311159957838674, 0.010648998510868793]","[-0.6082957282199701, -0.013934055885931147, -0.23482706348834653, -0.04960111657137668, 8.035561552234816]",8.06213813644682,0.02167858000844717,0.009272808013483881,True,9.286679869546787e-10,0,50,"[1.4833173275167675, -1.2749706492626451, -0.0996203662920547, 0.2678755618419109]"
362,1,0.10371808533825036,0.10371808533825036,0.06908290909713694,0.009769798697335871,"[0.4117627168688247, 4.000683824221877, 0.03462305062216206, 0.1231177519309917, 0.009652294979467931]","[-0.07869329756786078, -0.03386494566049818, 0.18114995425346522, -0.2844488127323178, -9.562303385160968]",9.568631664583942,0.022687016017735005,0.009546286007389427,True,9.286787872042623e-10,0,50,"[1.4827621276008343, -1.280811447240259, -0.10032480302864487, 0.2718172571910523]"
363,1,0.0917319883911894,0.0917319883911894,0.0637776260262091,0.009019518370222418,"[0.4117709409598252, 4.0006873633847215, 0.034604118975445526, 0.1231474791503762, 0.010651633622583881]","[-0.6079537750178056, -0.01395070204423584, -0.2344805796544746, -0.049898868286060605, 8.026147866643436]",8.052721467377488,0.021679096054285765,0.009233235996216536,True,9.286713975598105e-10,0,50,"[1.4833158126409125, -1.2749759376813277, -0.099620725288086, 0.26787825123928494]"
364,1,0.10375114436387577,0.10375114436387577,0.06910293321701094,0.009772630535525913,"[0.4118464376446919, 4.000689095805506, 0.03463323715376267, 0.12315367567269254, 0.00965493357550519]","[-0.07866845536193602, -0.03387175541727081, 0.18107091217208626, -0.2842406350170144, -9.564501570185802]",9.570820535440024,0.022722398033365607,0.009961394006386399,True,9.286824820264883e-10,0,50,"[1.4827608178182574, -1.2808153418064063, -0.10032505246544939, 0.27181892749863334]"
365,1,0.09175937412563079,0.09175937412563079,0.06379539974992893,0.009022031954336264,"[0.4118546572592028, 4.000692634870447, 0.03461431809541415, 0.12318337434209449, 0.010654273343059063]","[-0.6076129743684399, -0.013967298828687935, -0.23413607377493265, -0.050196342957373415, 8.016784995656847]",8.043355621414188,0.021687100017443298,0.009305903986096382,True,9.286750923820363e-10,0,50,"[1.4833142977986766, -1.2749812116687071, -0.0996210827413288, 0.26788092921017026]"
366,1,0.10378415134575698,0.10378415134575698,0.06912293495092753,0.009775459207863494,"[0.4119301994834798, 4.000694371371913, 0.03464342734841329, 0.12318961506366814, 0.009657576768644685]","[-0.07864460281647898, -0.03387851530629789, 0.1809902295526017, -0.2840327339973252, -9.566637554371962]",9.572947241118953,0.022879119962453842,0.009802181990817189,True,9.286864610658085e-10,0,50,"[1.4827595077541769, -1.2808192199157737, -0.10032530002912902, 0.2718205846124515]"
367,1,0.09178677449422132,0.09178677449422132,0.06381317654370548,0.009024545972621695,"[0.4119384147802769, 4.0006979103567675, 0.03462452092127283, 0.12321928541772041, 0.01065691765211689]","[-0.6072733622454534, -0.013983845637949896, -0.23379351276386223, -0.05049340382346, 8.007472613456665]",8.034040274365719,0.021763743991032244,0.009450677996501327,True,9.286787872042623e-10,0,50,"[1.4833127830208752, -1.2749864711086152, -0.0996214386016735, 0.26788359581186866]"
368,1,0.10381710574842966,0.10381710574842966,0.06914291449216406,0.009778284741682164,"[0.41201400232296165, 4.000699650931268, 0.03465362128730917, 0.12322557035059264, 0.009660224538938271]","[-0.07862175261014744, -0.0338852251735913, 0.1809079696108894, -0.28382504960656413, -9.568711743208949]",9.57501218617221,0.022764975940808653,0.009689057990908623,True,9.286895874538459e-10,0,50,"[1.4827581974388324, -1.280823081466193, -0.10032554567250535, 0.27182222859658567]"
369,1,0.09181418868486985,0.09181418868486985,0.06383095628432614,0.009027060407653817,"[0.41202221346160806, 4.000703189853675, 0.03463472752863039, 0.1232552126156946, 0.010659566529962397]","[-0.6069349701080583, -0.014000341964961405, -0.2334528657464363, -0.05078992882053658, 7.998210399400311]",8.024775107003643,0.02201690398156643,0.009238213989883661,True,9.286821978093939e-10,0,50,"[1.483311268334081, -1.2749917159062267, -0.09962179282505541, 0.2678862511026628]"
370,1,0.10385000712051752,0.10385000712051752,0.06916287202591083,0.009781107163171782,"[0.4120978461070018, 4.0007049344934655, 0.0346638190436703, 0.12326154175615485, 0.009662876866793749]","[-0.07859991560491773, -0.033891884915232436, 0.18082419005403635, -0.28361752778037175, -9.570724538644232]",9.577015771678356,0.022254981976002456,0.009698703987523913,True,9.286932822760719e-10,0,50,"[1.482756886898696, -1.2808269263766787, -0.10032578935437346, 0.27182385951660365]"
371,1,0.09184161596033856,0.09184161596033856,0.06384873885950844,0.00902957524355349,"[0.4121060532476676, 4.00070847337089, 0.034644937985692945, 0.12329115615113052, 0.010662219957148463]","[-0.6065978251816401, -0.014016787390512988, -0.23311410359108883, -0.051085809681419375, 7.988998037586206]",8.015559804632735,0.022598559986799955,0.009911451991647481,True,9.286858926316199e-10,0,50,"[1.4833097537610924, -1.274996945985875, -0.09962214537284846, 0.2678888951416875]"
372,1,0.10388285508767693,0.10388285508767693,0.06918280773073256,0.009783926497585218,"[0.41218173078484416, 4.0007102220681405, 0.034674020683501186, 0.12329752948136824, 0.009665533732940875]","[-0.07857910095136404, -0.03389849447143668, 0.1807389435914132, -0.2834101199477817, -9.572676339282985]",9.57895839543744,0.02188633001409471,0.009186918027698993,True,9.286969770982978e-10,0,50,"[1.4827555761566937, -1.2808307545854047, -0.1003260310388913, 0.27182547743942914]"
373,1,0.09186905565089916,0.09186905565089916,0.06386652416675771,0.009032090465825779,"[0.4121899340881366, 4.000713760917884, 0.0346551523539698, 0.12332711621806951, 0.010664877914542417]","[-0.6062619509366256, -0.014033181573373674, -0.2327771988255028, -0.051380950383404206, 7.979835216497008]",8.006394056761119,0.022438651965931058,0.00974554399959743,True,9.286893032367515e-10,0,50,"[1.4833082393212698, -1.2750021612891442, -0.09962249621132493, 0.2678915279888279]"
374,1,0.10391564934638152,0.10391564934638152,0.06920272178005675,0.009786742769448823,"[0.41226565631047074, 4.0007155136646855, 0.03468422626628865, 0.12333353370764255, 0.009668195118401297]","[-0.07855931612995429, -0.03390505382194896, 0.18065227847073728, -0.28320278273572685, -9.574567540563068]",9.580840452146948,0.021946752006188036,0.009257518025115131,True,9.287006719205237e-10,0,50,"[1.4827542652324248, -1.2808345660478249, -0.10032627069502288, 0.2718270824332143]"
375,1,0.09189650714773233,0.09189650714773233,0.06388431211237403,0.009034606061219513,"[0.41227385593726906, 4.000719052503891, 0.03466537068891481, 0.12336309299151965, 0.0106675403832959]","[-0.6059273674954782, -0.014049524241864696, -0.23244212552865023, -0.05167526582744435, 7.9707216286493745]",7.997277556771991,0.022365846037864685,0.009645383991301059,True,9.286932822760719e-10,0,50,"[1.48330672503092, -1.275007361773126, -0.09962284531117556, 0.2678941497046118]"
376,1,0.10394838965657435,0.10394838965657435,0.0692226143424794,0.009789556002605669,"[0.4123496226420156, 4.0007208092922655, 0.03469443584563214, 0.12336955459866711, 0.009670861004461137]","[-0.07854056713897414, -0.03391156298205173, 0.180564238914177, -0.2829954774186213, -9.57639853494787]",9.582662333587475,0.021895972043275834,0.009527215976268053,True,9.287037983085611e-10,0,50,"[1.4827529541425228, -1.2808383607349119, -0.10032650829606037, 0.27182867456718096]"
377,1,0.09192396989696207,0.09192396989696207,0.06390210261059469,0.009037122017606017,"[0.41235781875332544, 4.000724348137922, 0.03467559304051081, 0.12339908662928006, 0.010670207344818243]","[-0.6055940919716551, -0.014065815186739739, -0.23210885918320875, -0.051968680741461666, 7.961656970295052]",7.988210001641479,0.022544089974835514,0.009511419991031288,True,9.286964086641091e-10,0,50,"[1.4833052109035791, -1.2750125474088467, -0.09962319264706371, 0.2678967603501229]"
378,1,0.10398107583522091,0.10398107583522091,0.06924248558216253,0.009792366220271775,"[0.4124336297412403, 4.000726108959831, 0.0347046494698118, 0.12340559230210593, 0.00967353137264646]","[-0.07852285864641574, -0.03391802199902336, 0.18047486552204972, -0.28278816946224744, -9.578169712093743]",9.584424428784926,0.021517048003152014,0.009075938062742352,True,9.287077773478813e-10,0,50,"[1.4827516429009502, -1.2808421386315703, -0.10032674381919211, 0.2718302539114869]"
379,1,0.09195144339429615,0.09195144339429615,0.06391989558282238,0.009039638323869949,"[0.4124418224980638, 4.000729647828779, 0.03468581945379527, 0.1234350972735869, 0.010672878780752496]","[-0.6052621387725431, -0.014082054254824658, -0.23177737654233455, -0.05226112869921762, 7.952640941146509]",7.9791910916792155,0.0228746419865638,0.00995264203287661,True,9.287001034863351e-10,0,50,"[1.4833036969502889, -1.275017718179852, -0.09962353819722895, 0.26789935998692305]"
380,1,0.10401376379538566,0.10401376379538566,0.06926239743533055,0.009795182181551993,"[0.41251767757306357, 4.000731412676129, 0.03471486718229935, 0.12344164695112841, 0.009676206204701155]","[-0.07850566947463833, -0.0339244544232258, 0.18038415173960096, -0.28258119490961553, -9.57989402567113]",9.586139688412242,0.021845034025609493,0.009337302036583424,True,9.287114721701073e-10,0,50,"[1.4827503384779683, -1.2808459565328658, -0.10032699270983694, 0.27183186169395707]"
381,1,0.09197892703853942,0.09197892703853942,0.06393769106271159,0.009042154984770776,"[0.4125258670708195, 4.000734951582876, 0.034696049998575354, 0.123471125052227, 0.01067555467405968]","[-0.6049314217436071, -0.014098243024261513, -0.2314474798145725, -0.05255287788130893, 7.943673283350693]",7.970220558991753,0.022382269967347383,0.009773610020056367,True,9.287040825256554e-10,0,50,"[1.4833021832008848, -1.275022873973311, -0.09962388191696575, 0.2679019486606472]"
382,1,0.1040463410198646,0.1040463410198646,0.06928222641705276,0.009797986423039952,"[0.4126017660270893, 4.00073672044773, 0.03472508902931139, 0.12347771870637819, 0.009678885482340485]","[-0.07849007561910586, -0.033930812902330854, 0.18029220182760405, -0.28237371796569943, -9.581546670247457]",9.58778330902418,0.022034550001844764,0.009392459960654378,True,9.287154512094276e-10,0,50,"[1.4827490269696397, -1.2808497007386048, -0.10032722399504225, 0.2718334156166153]"
383,1,0.09200642048565488,0.09200642048565488,0.0639554887194934,0.009044671953530705,"[0.4126099524945011, 4.000740259410992, 0.034706284661711724, 0.12350717011436636, 0.010678235004584046]","[-0.6046021671200186, -0.01411437765454466, -0.23111951040914455, -0.05284316110084575, 7.9347536609364875]",7.961298090365331,0.022353383982554077,0.00954807598143816,True,9.287074931307871e-10,0,50,"[1.4833006696314615, -1.275028014947224, -0.09962422382880877, 0.26790452645185014]"
384,1,0.10407886388877852,0.10407886388877852,0.06930203458737803,0.009800787721351933,"[0.41268589515613513, 4.000742032284899, 0.034735315041903095, 0.12351380762002115, 0.00968156918829683]","[-0.07847550997444194, -0.03393712188943884, 0.18019905180160925, -0.2821662206778913, -9.583140649570826]",9.589368296072816,0.022560457987710832,0.009706076001748443,True,9.287185775974649e-10,0,50,"[1.4827477153393738, -1.28085342817312, -0.10032745315224827, 0.2718349569642501]"
385,1,0.0920339234443491,0.0920339234443491,0.06397328866661939,0.009047189246194215,"[0.41269407875150277, 4.0007455713211355, 0.03471652349628516, 0.12354323252184331, 0.010680919755788967]","[-0.604274253607155, -0.014130460425954759, -0.23079324659185724, -0.05313235817012422, 7.925881785844359]",7.952423385158817,0.02213464801199734,0.009565727999433876,True,9.287109037359187e-10,0,50,"[1.4832991562565048, -1.275033141071547, -0.09962456390816675, 0.26790709342145175]"
386,1,0.10411133237614767,0.10411133237614767,0.06932182204982466,0.009803586091127631,"[0.41277006492883067, 4.000747348195899, 0.03474554524668561, 0.12354991380069255, 0.009684257304486469]","[-0.07846199382050618, -0.03394338116500891, 0.18010469699538598, -0.28195861295941127, -9.584676345364464]",9.590895028321919,0.022315039997920394,0.009693085998296738,True,9.287222724196908e-10,0,50,"[1.4827464035906157, -1.2808571388756949, -0.10032768017361136, 0.2718364858106731]"
387,1,0.09206143555470364,0.09206143555470364,0.06399109083255125,0.00904970685264426,"[0.41277824581221856, 4.0007508873213995, 0.034726766530367194, 0.12357931237216033, 0.010683608909947852]","[-0.6039476980700158, -0.01414649116646254, -0.23046868569548892, -0.05342039459679522, 7.917057369050401]",7.9435961556272945,0.02210080803371966,0.009548653960227966,True,9.287145985581447e-10,0,50,"[1.4832976430788154, -1.2750382523713852, -0.09962490214517501, 0.2679096496323274]"
388,1,0.10414374650800338,0.10414374650800338,0.06934158895531364,0.009806381553710497,"[0.4128542753190265, 4.000752668188766, 0.03475577967267091, 0.12358603733570876, 0.009686949813369126]","[-0.07844952530026789, -0.033949590921975005, 0.18000916751268925, -0.28175088125119513, -9.58615413510545]",9.592363883017436,0.02270138402469456,0.009815157949924469,True,9.287259672419168e-10,0,50,"[1.4827450917278706, -1.2808608328807018, -0.10032790505029524, 0.27183800222895665]"
389,1,0.09208895649768509,0.09208895649768509,0.06400889516788465,0.009052224765894012,"[0.4128624536498581, 4.000756207419693, 0.03473701379079975, 0.12361540974950143, 0.010686302449592368]","[-0.6036225040704242, -0.014162469940709467, -0.23014580785725663, -0.053707239313817184, 7.908280124320462]",7.934816115583657,0.02156582398340106,0.009310157988220453,True,9.287182933803706e-10,0,50,"[1.4832961301002743, -1.2750433488754394, -0.09962523853102782, 0.2679121951474657]"
390,1,0.1041761063390457,0.1041761063390457,0.06936133544790485,0.009809174129473675,"[0.4129385263017257, 4.000757992271381, 0.03476601834547068, 0.12362217830450317, 0.009689646697508554]","[-0.07843810373915472, -0.03395575133672, 0.1799124883895251, -0.2815430080088402, -9.587574394337095]",9.593775235273784,0.023505334053188564,0.009624990010634065,True,9.287296620641428e-10,0,50,"[1.4827437797540117, -1.2808645102308946, -0.10032812777581449, 0.27183950629263487]"
391,1,0.09211648595281272,0.09211648595281272,0.06402670160266294,0.00905474297605011,"[0.4129467022389149, 4.000761531623773, 0.03474726530154807, 0.12365152472977112, 0.010689000357378211]","[-0.6032986769083455, -0.01417839683271729, -0.22982459587943574, -0.053992859028710864, 7.899549767224605]",7.926082980833071,0.021643722001463174,0.009336037999019027,True,9.287219882025965e-10,0,50,"[1.48329461732433, -1.275048430617845, -0.09962557305938503, 0.26791473002920574]"
392,1,0.1042084119526082,0.1042084119526082,0.06938106167066055,0.009811963838649225,"[0.4130228178534361, 4.000763320451479, 0.03477626128814147, 0.1236583367779357, 0.00969234793961641]","[-0.07842772715567335, -0.03396186261253892, 0.17981468392117428, -0.28133497995849527, -9.588937496441348]",9.595129458150094,0.023563025994226338,0.00983673601411283,True,9.287327884521801e-10,0,50,"[1.4827424676707093, -1.2808681709753782, -0.10032834834551616, 0.27184099807550705]"
393,1,0.09214402370652501,0.09214402370652501,0.06404451013906663,0.009057261483420922,"[0.41303099155525946, 4.000766859941254, 0.03475752108409454, 0.12368765738076407, 0.010691702616097315]","[-0.6029762138003351, -0.014194271937497428, -0.22950503147262366, -0.0542772368289308, 7.890866016988551]",7.917396470288615,0.0226539440266788,0.009639201974496246,True,9.287253988077282e-10,0,50,"[1.4832931047446403, -1.2750534976428904, -0.09962590572426254, 0.26791725434230756]"
394,1,0.10424066345330507,0.10424066345330507,0.06940076776118292,0.009814750700697034,"[0.4131071499510133, 4.0007686527366495, 0.03478650852110176, 0.12369451282081001, 0.009695053522471181]","[-0.07841839456811801, -0.03396792493801549, 0.17971577440756384, -0.2811267804660115, -9.59024381313363]",9.59642692287839,0.02283543597906828,0.010094671994447708,True,9.287367674915004e-10,0,50,"[1.4827411554783818, -1.2808718151695335, -0.10032856675651412, 0.2718424776516792]"
395,1,0.09217156949811793,0.09217156949811793,0.06406232072532289,0.009059780280684665,"[0.41311532157522196, 4.0007721923796025, 0.03476778115769524, 0.1237238077638858, 0.0106944092086246]","[-0.6026551169854781, -0.014210095375345153, -0.22918709917656713, -0.054560347698862616, 7.882228593586616]",7.908756304019223,0.022746047964319588,0.009863163959234953,True,9.287290936299541e-10,0,50,"[1.483291592360889, -1.2750585499965057, -0.09962623652230164, 0.26791976814968405]"
396,1,0.10427286096670857,0.10427286096670857,0.06942045385647803,0.009817534734992686,"[0.41319152257241326, 4.000773989134342, 0.03479676006289063, 0.12373070649051167, 0.009697763428986123]","[-0.07841010334972175, -0.03397393853808908, 0.17961578084375454, -0.28091839865168644, -9.591493714140178]",9.597667998874872,0.02284226003102958,0.010110358009114861,True,9.287404623137264e-10,0,50,"[1.4827398431768626, -1.28087544287316, -0.100328783007313, 0.27184394509529847]"
397,1,0.09219912305463032,0.09219912305463032,0.0640801332859276,0.00906229935716344,"[0.41319969227606945, 4.000777528946153, 0.03477804553964956, 0.12375997593374052, 0.010697120117951112]","[-0.6023353895331628, -0.01422586731016595, -0.22887078344317685, -0.054842168098607605, 7.87363721843444]",7.900162203601674,0.022437984021380544,0.009623932000249625,True,9.287330726692744e-10,0,50,"[1.4832900801753424, -1.2750635877274703, -0.09962656545206257, 0.2679222715133266]"
398,1,0.10430500464732856,0.10430500464732856,0.06944012009697943,0.009820315961396483,"[0.413275935696639, 4.000779329651878, 0.03480701593006887, 0.12376691783780253, 0.009700477642199383]","[-0.078402849305217, -0.03397990365557107, 0.17951472373885302, -0.2807098278549244, -9.59268756700494]",9.59885305347968,0.023160445988178253,0.010183642003685236,True,9.287444413530466e-10,0,50,"[1.4827385307642638, -1.2808790541512016, -0.10032899709767963, 0.27184540048085176]"
399,1,0.09222668419253875,0.09222668419253875,0.06409794780677128,0.009064818710861872,"[0.4132841036359605, 4.000782869648111, 0.03478831424532383, 0.1237961619387656, 0.010699835327181146]","[-0.6020170279255853, -0.01424158790825316, -0.22855606807332499, -0.055122687396450674, 7.8650916161267626]",7.891613893350646,0.02234441396780312,0.009766024015843868,True,9.28736483274406e-10,0,50,"[1.4832885681819972, -1.2750686108926457, -0.09962689251224549, 0.2679247644972236]"
400,1,0.1043370946579027,0.1043370946579027,0.06945976661423413,0.009823094398511981,"[0.41336038930274366, 4.00078467429645, 0.03481727613716663, 0.12380314690890408, 0.009703196145206325]","[-0.07839662973028882, -0.033985820521557575, 0.17941262026235882, -0.28050105742669657, -9.593825737837404]",9.599982452435416,0.0220786439999938,0.009426848022267223,True,9.287478519581782e-10,0,50,"[1.4827372182385647, -1.2808826490728675, -0.10032920902884004, 0.2718468438827627]"
401,1,0.09225425271791578,0.09225425271791578,0.06411576425402284,0.009067338336995518,"[0.4133685556332667, 4.000788214492559, 0.03479858728839711, 0.12383236582245806, 0.010702554819492671]","[-0.6017000303749214, -0.01425725734981263, -0.2282429384682802, -0.05540189252234142, 7.856591512512946]",7.8831110989942585,0.023613401986658573,0.010342771988362073,True,9.287398938795377e-10,0,50,"[1.4832870563767862, -1.2750736195512817, -0.09962721770309019, 0.2679272471646096]"
402,1,0.10436913117994698,0.10436913117994698,0.06947939354086431,0.009825870065094793,"[0.413444883370215, 4.000790023075131, 0.034827540697219224, 0.12383939374478715, 0.00970591892119629]","[-0.07839144081199977, -0.03399168938434647, 0.17930948745219183, -0.28029208006651724, -9.594908590902657]",9.60105655973111,0.022200191998854278,0.009577423995360733,True,9.287512625633098e-10,0,50,"[1.4827359055968239, -1.2808862277108926, -0.10032941880299343, 0.2718482753755511]"
403,1,0.09228182845180426,0.09228182845180426,0.06413358259636474,0.009069858231135411,"[0.41345304824668627, 4.000793563486457, 0.03480886468106226, 0.1238685876234289, 0.01070527857814763]","[-0.6013843941460888, -0.01427287583348088, -0.227931380125982, -0.05567977355784525, 7.84813663514681]",7.874653547913717,0.023280796008184553,0.010045354003086687,True,9.287435887017636e-10,0,50,"[1.4832855447549678, -1.2750786137658923, -0.0996275410258186, 0.26792971957867356]"
404,1,0.10440111441617023,0.10440111441617023,0.06949900101217867,0.009828642980280453,"[0.41352941787874825, 4.000795375994874, 0.034837809621777446, 0.12387565838193426, 0.009708645953436231]","[-0.07838727786303394, -0.03399751049699012, 0.17920534145049466, -0.280082890443863, -9.5959364885961]",9.602075737523872,0.021821799976751207,0.009454070031642914,True,9.287552416026301e-10,0,50,"[1.4827345928346505, -1.2808897901416993, -0.10032962642319075, 0.27184969503396905]"
405,1,0.09230941122772021,0.09230941122772021,0.06415140280370334,0.009072378389025665,"[0.41353758145504127, 4.00079891663665, 0.03481914643411569, 0.12390482737602167, 0.010708006586481111]","[-0.6010701160939703, -0.014288443567595857, -0.22762137923490122, -0.05595632205666751, 7.839726713193306]",7.86624096909702,0.02369450797326863,0.01042017196305096,True,9.287472835239896e-10,0,50,"[1.4832840333112638, -1.2750835936019291, -0.09962786248256775, 0.26793218180251294]"
406,1,0.10443304455999723,0.10443304455999723,0.06951858914912837,0.009831413161174042,"[0.4136139928081105, 4.000800733062516, 0.03484808292107308, 0.123911940852747, 0.009711377225265825]","[-0.07838413765811361, -0.03400328412577641, 0.17910019724712498, -0.27987348127658923, -9.596909792154124]",9.603040346748903,0.022578494008630514,0.009567611999809742,True,9.287586522077618e-10,0,50,"[1.4827332799494903, -1.280893336443414, -0.1003298318937382, 0.2718511029321067]"
407,1,0.0923370011141757,0.0923370011141757,0.06416922503372821,0.009074898832966955,"[0.41362215523738494, 4.00080427394987, 0.034829432557150666, 0.12394108511030937, 0.01071073882790699]","[-0.6007571743767951, -0.014303960722213335, -0.22731291807987233, -0.05623156321445722, 7.831361481191128]",7.857873095588219,0.023208929998800157,0.01026602802798152,True,9.287509783462156e-10,0,50,"[1.4832825220164723, -1.2750885591388659, -0.09962818207249292, 0.26793463390547406]"
408,1,0.10446492182798967,0.10446492182798967,0.06953815807599834,0.009834180625352101,"[0.4136986081358973, 4.000806094284781, 0.03485836060361894, 0.12394824118963557, 0.009714112719934923]","[-0.07838201915082282, -0.03400901046048489, 0.1789940630676704, -0.2796638351577662, -9.59782886167158]",9.603950746800155,0.022848665984347462,0.009636403992772102,True,9.287620628128934e-10,0,50,"[1.4827319669356693, -1.280896866698661, -0.10033003521945281, 0.27185249914482895]"
409,1,0.0923645972946271,0.0923645972946271,0.0641870487014406,0.009077419480227965,"[0.4137067695708327, 4.000809635432726, 0.034839723058740994, 0.12397736085533376, 0.01071347528579044]","[-0.6004456197734003, -0.01431942766225456, -0.2270059969846065, -0.05650539487667453, 7.823040659356941]",7.8495496513228495,0.022869697948917748,0.010099785951897502,True,9.287543889513472e-10,0,50,"[1.4832810109345655, -1.27509351041193, -0.09962849981029138, 0.26793707593149524]"
410,1,0.10449674647593947,0.10449674647593947,0.06955770794691414,0.00983694539461128,"[0.41378326384711206, 4.000811459668293, 0.0348686426792338, 0.12398455940778319, 0.009716852421312866]","[-0.07838090467478102, -0.03401469000007758, 0.17888697213286492, -0.2794539907165018, -9.598694052410282]",9.60480729420722,0.02223246202804148,0.009678872022777795,True,9.287657576351194e-10,0,50,"[1.4827306537887237, -1.2809003809877688, -0.10033023640510216, 0.27185388374606634]"
411,1,0.09239220030963732,0.09239220030963732,0.06420487433883358,0.009079940406043875,"[0.41379142443818545, 4.000815001091765, 0.03485001794615642, 0.12401365462876238, 0.010716215943910557]","[-0.6001353884660456, -0.0143348445830375, -0.22670058303775079, -0.05677792606289603, 7.814763993948725]",7.841270377981721,0.022146403975784778,0.009805987989529967,True,9.287583679906674e-10,0,50,"[1.483279499989569, -1.275098447528626, -0.09962881568956578, 0.2679395079620305]"
412,1,0.1045285187238683,0.1045285187238683,0.069577238859324,0.009839707482732832,"[0.4138679599177009, 4.000816829219593, 0.0348789291521321, 0.12402089553786495, 0.009719596312620205]","[-0.07838080217898727, -0.03402032279120807, 0.178778916686651, -0.2792439018343627, -9.59950572221752]",9.605610345062061,0.022859937977045774,0.00975561804138124,True,9.287697366744396e-10,0,50,"[1.4827293405019557, -1.2809038794022505, -0.1003304354582368, 0.27185525681073247]"
413,1,0.09241980984052495,0.09241980984052495,0.06422270175998525,0.009082461584121357,"[0.4138761198158599, 4.0008203709334005, 0.034860317225326225, 0.12404996645494092, 0.01071896078571201]","[-0.5998264966637449, -0.014350211657450197, -0.22639667659799834, -0.057049107808298735, 7.806531216195646]",7.833035008219223,0.022170519987121225,0.009692991990596056,True,9.287620628128934e-10,0,50,"[1.4832779891934664, -1.2751033705543764, -0.09962912971841217, 0.2679419300545738]"
414,1,0.1045602388210493,0.1045602388210493,0.06959675094817622,0.009842466908801336,"[0.4139526963275132, 4.000822202945084, 0.03488922002945407, 0.12405724959713818, 0.009722344377511662]","[-0.07838170203888634, -0.03402590919075571, 0.17866991647275213, -0.2790335806182611, -9.600264225323642]",9.606360253910154,0.02303423598408699,0.009839250016957521,True,9.287734314966656e-10,0,50,"[1.4827280270699674, -1.2809073620269529, -0.10033063238487229, 0.27185661841281883]"
415,1,0.09244742574470957,0.09244742574470957,0.06424053092280588,0.009084983008508027,"[0.413960855682353, 4.000825744963944, 0.03487062090223714, 0.12408629635087362, 0.010721709794857592]","[-0.5995189386437416, -0.01436552918975027, -0.22609426199532712, -0.057318943875270485, 7.7983420620767525]",7.8248432776644865,0.021590480003505944,0.009578093998134135,True,9.287657576351194e-10,0,50,"[1.483276478541931, -1.275108279562658, -0.09962944190244415, 0.267944342270819]"
416,1,0.10459190702147803,0.10459190702147803,0.06961624433777028,0.00984522369039539,"[0.41403747305567196, 4.000827580851089, 0.03489951531634148, 0.12409362160223444, 0.009725096599633606]","[-0.07838359866548354, -0.03403144948534365, 0.17855998365063044, -0.2788230258486316, -9.600969914721006]",9.607057373565352,0.023044597934931518,0.009840469965711236,True,9.287768421017972e-10,0,50,"[1.4827267134865179, -1.2809108289510067, -0.10033082719223005, 0.27185796862641093]"
417,1,0.09247504792526585,0.09247504792526585,0.06425836181588222,0.009087504677589805,"[0.4140456320158623, 4.000831123189617, 0.03488092898166179, 0.12412264433156536, 0.010724462955052649]","[-0.5992127074515883, -0.014380797441513766, -0.22579332668969754, -0.05758743724754593, 7.790196269591958]",7.816694923954581,0.02214531598612666,0.009600300015881658,True,9.287688840231568e-10,0,50,"[1.4832749680260107, -1.2751131746313458, -0.09962975224733933, 0.26794674467344776]"
418,1,0.10462352358477296,0.10462352358477296,0.06963571915068503,0.009847977844850263,"[0.4141222900808379, 4.000832962943833, 0.034909815017109956, 0.12413001156769271, 0.009727852962673136]","[-0.07838648669047008, -0.0340369439580279, 0.1784491293413469, -0.278612235624823, -9.601623141950864]",9.607702055356349,0.022776676015928386,0.009764152029529214,True,9.287802527069289e-10,0,50,"[1.4827253997450343, -1.2809142802650264, -0.10033101988800208, 0.2718593075254702]"
419,1,0.09250267622168991,0.09250267622168991,0.0642761943703532,0.009090026581628267,"[0.41413044879415256, 4.000836505616551, 0.03489124146764989, 0.12415901040987064, 0.010727220250046347]","[-0.5989078015710864, -0.014396016695021092, -0.225493859728246, -0.05785458186973936, 7.7820935768037405]",7.808589685188222,0.022073958003893494,0.009744571959599853,True,9.28772863062477e-10,0,50,"[1.4832734576438773, -1.275118055835907, -0.09963006076037079, 0.2679491373229788]"
420,1,0.10465508877928338,0.10465508877928338,0.06965517551140235,0.009850729389770349,"[0.4142071473819437, 4.000838349229453, 0.03492011913555029, 0.12416641950475138, 0.009730613450412779]","[-0.07839035927833847, -0.034042392918114756, 0.17833736624645738, -0.27840121295185144, -9.602224256779119]",9.608294648999554,0.02332569799385965,0.009809667980298399,True,9.287842317462491e-10,0,50,"[1.4827240858387594, -1.2809177160605225, -0.10033121048022521, 0.2718606351837443]"
421,1,0.09253031062751123,0.09253031062751123,0.06429402864081328,0.009092548728344235,"[0.4142153059951143, 4.0008418922507865, 0.03490155836355664, 0.12419539459586725, 0.010729981663665853]","[-0.5986042069626801, -0.014411187211510211, -0.22519584711704865, -0.058120394640543346, 7.774033725705056]",7.80052730250602,0.022404915932565928,0.009582413984462619,True,9.287762736676086e-10,0,50,"[1.4832719473780656, -1.275122923260612, -0.09963036744677044, 0.26795152028391644]"
422,1,0.10468660287286018,0.10468660287286018,0.06967461353755071,0.009853478341790825,"[0.4142920449364284, 4.000843739713996, 0.034930427674355134, 0.12420284542481498, 0.009733378046598715]","[-0.07839521229715231, -0.03404779662719539, 0.17822470233129237, -0.2781899519423977, -9.602773607983346]",9.608835502902034,0.02322137199342251,0.010244949962943792,True,9.287876423513808e-10,0,50,"[1.4827227717605191, -1.2809211364309057, -0.10033139897748417, 0.27186195167492405]"
423,1,0.0925579510083918,0.0925579510083918,0.06431186457269843,0.009095071110021188,"[0.4143002035954319, 4.000847283098271, 0.034911879672127506, 0.12423179689888585, 0.01073274717973496]","[-0.5983019209968439, -0.014426309260514516, -0.22489927923602834, -0.058384871011723016, 7.766016457882682]",7.792507517489861,0.023413595976307988,0.009958054004237056,True,9.287802527069289e-10,0,50,"[1.4832704372236492, -1.2751277769789742, -0.09963067231277097, 0.2679538936135103]"
424,1,0.10471806614133371,0.10471806614133371,0.069694033351607,0.009856224718232543,"[0.4143769827219938, 4.000849134403416, 0.034940740636162815, 0.12423928933580339, 0.009736146735082751]","[-0.07840103895402595, -0.034053155393789857, 0.17811114929727154, -0.2779784555754171, -9.603271542548086]",9.609324963985937,0.0221056819986552,0.009507165979593992,True,9.287910529565124e-10,0,50,"[1.4827214575031855, -1.2809245414693278, -0.10033158538840446, 0.27186325707239745]"
425,1,0.09258559728909406,0.09258559728909406,0.06432970215648443,0.0090975937253122,"[0.41438514157178186, 4.000852678164868, 0.034922205395659836, 0.12426821732570781, 0.010735516782150583]","[-0.5980009359543322, -0.014441383133073176, -0.22460414383299515, -0.058648017568885574, 7.7580415146210715]",7.784530071039919,0.023277363972738385,0.010174219971522689,True,9.287836633120605e-10,0,50,"[1.4832689271729618, -1.2751326170822648, -0.09963097536838769, 0.2679562573804415]"
426,1,0.10474947886340959,0.10474947886340959,0.06971343507298554,0.009858968535983234,"[0.41446196071570196, 4.000854533303586, 0.03495105802282608, 0.12427575124452193, 0.00973891949974223]","[-0.0784078333838677, -0.03405846951007138, 0.1779967168540876, -0.2777667238165176, -9.603718406093964]",9.60976337769562,0.022796077998355032,0.009718224061653019,True,9.28795316212927e-10,0,50,"[1.4827201430593389, -1.280927931270259, -0.10033176972203259, 0.2718645514494057]"
427,1,0.09261324938556853,0.09261324938556853,0.06434754137274717,0.00910011657147029,"[0.4144701199003035, 4.000858077456357, 0.034932535535867795, 0.12430465588169878, 0.010738290454846592]","[-0.5977012449253299, -0.014456409109902956, -0.22431042984498575, -0.0589098391095103, 7.750108640698163]",7.776594707624612,0.023905078023672102,0.009909850023686885,True,9.287873581342865e-10,0,50,"[1.483267417216663, -1.27513744364746, -0.09963127661975156, 0.26795861164265095]"
428,1,0.10478084132132849,0.10478084132132849,0.06973281882079103,0.00986170981188685,"[0.4145469788941588, 4.0008599364202935, 0.03496137983575091, 0.1243122311561366, 0.009741696324500192]","[-0.07841558946273298, -0.03406373927264546, 0.17788141471994068, -0.2775547575514789, -9.604114542785906]",9.610151088047367,0.022484391974285246,0.010083954026922583,True,9.287987268180587e-10,0,50,"[1.4827188284214292, -1.2809313059286989, -0.1003319519876354, 0.27186583487897487]"
429,1,0.09264090722117871,0.09264090722117871,0.06436538220518542,0.00910263964619011,"[0.41455513855665904, 4.000863480978434, 0.03494287009401306, 0.1243411125706929, 0.010741068181799257]","[-0.597402840709306, -0.0144713874774256, -0.2240181261856094, -0.05917034134368967, 7.742217581268969]",7.768701172075538,0.02385802399367094,0.010437618009746075,True,9.287910529565124e-10,0,50,"[1.4832659073458943, -1.27514225675708, -0.09963157607463313, 0.267960956461372]"
430,1,0.10481215380025889,0.10481215380025889,0.06975218471336778,0.009864448562679798,"[0.41463203723346487, 4.000865343759245, 0.03497170607588375, 0.12434872907440767, 0.009744477193320817]","[-0.07842430102778439, -0.034068964978609395, 0.17776525229956897, -0.2773425578585802, -9.604460295358566]",9.610488437629495,0.022938598031178117,0.009649942005053163,True,9.288027058573789e-10,0,50,"[1.4827175135817654, -1.2809346655401983, -0.10033213219470262, 0.271867107433921]"
431,1,0.09266857073995156,0.09266857073995156,0.0643832246521068,0.009105162949232323,"[0.41464019751600706, 4.000868888736714, 0.0349532090709256, 0.12437758739515063, 0.010743849947025333]","[-0.5971057146610587, -0.014486318519393797, -0.22372722168237125, -0.059429532692845705, 7.73436808292448]",7.76084921056606,0.023847137968987228,0.010290067996829749,True,9.287947477787384e-10,0,50,"[1.4832643975499304, -1.2751470564949925, -0.09963187374072528, 0.2679632918981061]"
432,1,0.10484341658709705,0.10484341658709705,0.06977153286773341,0.009867184804910875,"[0.41471713570902996, 4.000870755326068, 0.0349820367437206, 0.12438524500207905, 0.009747262090196742]","[-0.0784339621793157, -0.03407414692012897, 0.17764823828023005, -0.2771301250113729, -9.60475600519971]",9.610775767651862,0.022520184032619,0.009696324020624161,True,9.288058322454163e-10,0,50,"[1.482716198532545, -1.2809380102007868, -0.10033231035292417, 0.2718683691868442]"
433,1,0.09269623983702098,0.09269623983702098,0.0644010686690063,0.009107686474302972,"[0.41472529675284864, 4.000874300736735, 0.034963552467054855, 0.12441408035644402, 0.010746635734572903]","[-0.5968098623140387, -0.014501202531897722, -0.22343770635663354, -0.05968741442441486, 7.726559892459239]",7.753038569777174,0.023347353953868152,0.010335126016288996,True,9.287978741667757e-10,0,50,"[1.4832628878234095, -1.275151842942718, -0.09963216962675844, 0.26796561801266683]"
434,1,0.1048746299730002,0.1048746299730002,0.06979086340237695,0.009869918555336955,"[0.4148022742961519, 4.000876171126311, 0.03499237183952629, 0.12442177893989353, 0.00975005099919157]","[-0.07844456597319668, -0.034079285407521455, 0.1775303826508501, -0.2769174628077809, -9.60500201209332]",9.611013417840672,0.024519079998135566,0.010061933975666761,True,9.288095270676422e-10,0,50,"[1.4827148832659038, -1.280941340006577, -0.10033248647209654, 0.271869620210082]"
435,1,0.09272391447060396,0.09272391447060396,0.06441891472142931,0.009110210287240116,"[0.4148104362414697, 4.000879716983956, 0.034973900282478744, 0.12445059145432255, 0.010749425528548113]","[-0.5965151679748668, -0.014516044912717838, -0.22314960165101425, -0.059943973929046185, 7.718783365275965]",7.745259629345705,0.023556586001068355,0.009959933999925851,True,9.28801853206096e-10,0,50,"[1.4832613771379786, -1.2751566168221038, -0.09963246356424632, 0.2679679351743416]"
436,1,0.10490580099080668,0.10490580099080668,0.06981018089346522,0.009872650461125761,"[0.4148874530487098, 4.000881591168374, 0.0350027114020927, 0.12445833089454664, 0.009752843911705472]","[-0.07845560185480853, -0.03408437967502129, 0.17741198162526856, -0.27670566932679974, -9.60519834905199]",9.61120145401672,0.022454055985435845,0.009752428028732538,True,9.288132218898681e-10,0,50,"[1.4827135666993334, -1.2809446555069548, -0.10033266035835303, 0.2718708608512641]"
437,1,0.09275159433133187,0.09275159433133187,0.06443676171906515,0.00911273423385054,"[0.41489561598257624, 4.000885137486682, 0.0349842525254938, 0.12448712080917093, 0.01075221931695602]","[-0.5962219529795467, -0.014530833595623216, -0.2228629944504074, -0.06019888264800967, 7.711057054334914]",7.737530903157379,0.021603628005832435,0.009348564008250832,True,9.288055480283219e-10,0,50,"[1.4832598675185067, -1.2751613769127577, -0.09963275590725566, 0.2679702428138332]"
438,1,0.10493691620822958,0.10493691620822958,0.0698294765749566,0.009875379282571796,"[0.4149726718238213, 4.000887015454444, 0.03501305538227214, 0.1244949009244808, 0.00975564080245965]","[-0.07846806218779005, -0.03408943223254529, 0.17729250547951025, -0.27649259026609374, -9.605345898042744]",9.61134069379456,0.022750123953446746,0.010025622034445405,True,9.288169167120941e-10,0,50,"[1.4827122509854171, -1.280947955811957, -0.1003328324103201, 0.2718720906108149]"
439,1,0.09277927971033581,0.09277927971033581,0.06445461043013377,0.009115258422776953,"[0.414980835935851, 4.000890562247062, 0.03499460920383467, 0.12452366825247864, 0.010755017081280453]","[-0.5959298705007204, -0.014545578180584488, -0.22257756418107852, -0.06045289002125126, 7.7033713040487894]",7.729842738143556,0.02169476200826466,0.009228262007236481,True,9.288095270676422e-10,0,50,"[1.4832583579458432, -1.2751661239312535, -0.09963304648592727, 0.2679725413120069]"
440,1,0.10496798290881727,0.10496798290881727,0.06984875494080048,0.009878105655215477,"[0.41505793063112634, 4.000892443990155, 0.035023403782416966, 0.12453148896656835, 0.009758441657431364]","[-0.07848146413149104, -0.03409444192089974, 0.17717218166594315, -0.2762792279533133, -9.605444756908412]",9.611431264018703,0.022408149959519504,0.00970459397882223,True,9.288206115343201e-10,0,50,"[1.4827109350268548, -1.2809512415682618, -0.10033300245766726, 0.2718733098577711]"
441,1,0.0928069704567008,0.0928069704567008,0.06447246066714904,0.009117782827504809,"[0.4150660960605996, 4.000895991270574, 0.03500497029662482, 0.12456023382467901, 0.010757818804502885]","[-0.5956390376578267, -0.014560276751918727, -0.2222934961474558, -0.060705592940123225, 7.695725863341838]",7.722194894975987,0.021846291981637476,0.009384255968034267,True,9.288129376727739e-10,0,50,"[1.483256848401264, -1.2751708580048415, -0.09963333532020746, 0.26797483073029227]"
442,1,0.10499900140241344,0.10499900140241344,0.06986801615029498,0.00988082960158496,"[0.4151432294463379, 4.00089787678071, 0.035033756606623716, 0.1245680950084173, 0.009761246461145939]","[-0.07849578191462031, -0.034099409377825955, 0.17705105074036723, -0.2760656488409489, -9.605495258382158]",9.611473499590927,0.022778200022876262,0.00967691401951015,True,9.28824306356546e-10,0,50,"[1.4827096188178777, -1.280954512860886, -0.10033317050765828, 0.2718745186624863]"
443,1,0.09283466651030996,0.09283466651030996,0.0644903124230424,0.009120307447034466,"[0.4151513963295853, 4.000901424562367, 0.035015335804576095, 0.12459681751894848, 0.010760624470958024]","[-0.5953494373501146, -0.014574929785850748, -0.22201076424501245, -0.06095703152621883, 7.688120485110309]",7.714587125299531,0.022017880007624627,0.00950760805979371,True,9.288163482779055e-10,0,50,"[1.4832553388773677, -1.275175579213295, -0.09963362241796488, 0.26797711112795297]"
444,1,0.10502997198298977,0.10502997198298977,0.06988726031440952,0.009883551137373691,"[0.41522856824139387, 4.0009033138313, 0.03504411385330513, 0.12460471904764059, 0.009764055197807812]","[-0.07851101057907175, -0.03410433487633408, 0.17692911852178392, -0.2758518505152321, -9.605497735520368]",9.611467733282986,0.02287335000000894,0.00983034803532064,True,9.288277169616777e-10,0,50,"[1.482708302350204, -1.2809577697873422, -0.1003333365708114, 0.27187571709612474]"
445,1,0.09286236784042484,0.09286236784042484,0.06450816570477126,0.009122832282349847,"[0.41523673671396744, 4.000906862127545, 0.035025705726324616, 0.12463341933131644, 0.010763434064914517]","[-0.5950610606732056, -0.014589537554946875, -0.22172935922156867, -0.06120721460034929, 7.680554923697355]",7.707019183077671,0.02209147800691426,0.009800990009680391,True,9.288203273172257e-10,0,50,"[1.4832538293621804, -1.2751802876421943, -0.09963390778759722, 0.26797938256515796]"
446,1,0.1050608949454148,0.1050608949454148,0.0699064875461043,0.009886270278556656,"[0.41531394698767515, 4.000908755147039, 0.0350544755209658, 0.12464136108066706, 0.009766867851667636]","[-0.07852714408969538, -0.03410921870765636, 0.17680639253044744, -0.27563783420507665, -9.605452519975328]",9.61141429659262,0.02245347397401929,0.009694137955084442,True,9.288316960009979e-10,0,50,"[1.4827069856156663, -1.2809610124443354, -0.10033350065750203, 0.27187690522953667]"
447,1,0.0928900743825718,0.0928900743825718,0.0645260204908672,0.009125357330414863,"[0.4153221171842413, 4.00091230397114, 0.035036080060416905, 0.12467003925701767, 0.01076624757067332]","[-0.5947739009635924, -0.014604100350940667, -0.22144927156671962, -0.061456148158433324, 7.673028933846217]",7.699490822819365,0.02263884799554944,0.009650107994675637,True,9.288237379223574e-10,0,50,"[1.4832523198475387, -1.2751849833749294, -0.09963419143807803, 0.2679816451008233]"
448,1,0.10509177058615898,0.10509177058615898,0.06992569795904023,0.009888987041207935,"[0.41539936565619523, 4.000914200732976, 0.03506484160798335, 0.12467802110277405, 0.009769684407027652]","[-0.0785441758345777, -0.03411406117263249, 0.17668288104432014, -0.27542360312256464, -9.605359941940465]",9.611313519627425,0.02203143802471459,0.009366014003753663,True,9.288353908232239e-10,0,50,"[1.4827056686061122, -1.2809642409283342, -0.10033366277812035, 0.2718780831332902]"
449,1,0.09291778863484809,0.09291778863484809,0.06454388593552898,0.009127883885828714,"[0.4154075377104796, 4.000917750098117, 0.03504645880518901, 0.12470667729035252, 0.01076906497257947]","[-0.5944875996873908, -0.014618630829295686, -0.22117041876225726, -0.061704035116940045, 7.665534575205255]",7.691994102721465,0.023200995959341525,0.009768039993941784,True,9.288274327445833e-10,0,50,"[1.4832508094223575, -1.2751896966259029, -0.09963447689252036, 0.2679839192431889]"
450,1,0.10512259908235594,0.10512259908235594,0.0699448917123678,0.009891701447834803,"[0.4154848242491419, 4.000919650597602, 0.03507521213180106, 0.12471469914194067, 0.009772504851518458]","[-0.0785620815702434, -0.03411886284322147, 0.17655863234993077, -0.2752092216025484, -9.605220293394673]",9.611165696647602,0.021755165979266168,0.009221684020012617,True,9.288388014283555e-10,0,50,"[1.4827043513212643, -1.2809674552861001, -0.10033382293141335, 0.2718792508660724]"
451,1,0.09294550537631913,0.09294550537631913,0.06456174369316606,0.009130409354133107,"[0.41549299829212916, 4.000923200516927, 0.035056841973809386, 0.124743333464796, 0.010771886258057481]","[-0.5942028452619337, -0.014633104600182599, -0.2208929162354056, -0.06195051659316539, 7.65808704060583]",7.68454421664107,0.022824149997904896,0.00974618600681424,True,9.28830843349715e-10,0,50,"[1.4832492998885831, -1.2751943671184511, -0.09963475711532895, 0.2679861641014051]"
452,1,0.10515338084270148,0.10515338084270148,0.06996406881748436,0.009894413500049094,"[0.41557032270180566, 4.000925104742367, 0.03508558706395127, 0.12475139516824107, 0.00977532916583261]","[-0.07858089577016023, -0.03412362333942005, 0.1764335743314268, -0.27499455419310925, -9.60503394070802]",9.610971188802417,0.02181681599467993,0.009396038008853793,True,9.288424962505815e-10,0,50,"[1.4827030337417042, -1.2809706556805063, -0.10033398114390484, 0.27188040851106515]"
453,1,0.09297322719352702,0.09297322719352702,0.06457960291470942,0.009132935029465111,"[0.41557849886779535, 4.000928655228854, 0.035067229546188794, 0.12478000773493828, 0.010774711408378433]","[-0.5939192953411755, -0.014647534065356809, -0.2206167211401163, -0.06219573655190649, 7.650678348598904]",7.677133183724551,0.022488274043425918,0.009989302037283779,True,9.288348223890353e-10,0,50,"[1.4832477903245929, -1.2751990251747962, -0.09963503564744154, 0.26798840023557047]"
454,1,0.10518411618405973,0.10518411618405973,0.06998322944353344,0.00989712322177131,"[0.4156558609873588, 4.000930563172056, 0.035095966408743046, 0.12478810916226217, 0.009778157334805538]","[-0.07860058708332714, -0.034128343392497235, 0.17630775607767768, -0.27477968628362565, -9.604801207980124]",9.610730323017927,0.02213749003596604,0.009325637966394424,True,9.288461910728074e-10,0,50,"[1.4827017158622475, -1.2809738421927261, -0.10033413742229745, 0.2718815561367627]"
455,1,0.0930009540319587,0.0930009540319587,0.06459746359387131,0.009135460910935506,"[0.4156640394071493, 4.00093411423865, 0.03507762152233654, 0.12481670008896802, 0.010777540408116524]","[-0.5936369303035979, -0.01466191975335135, -0.22034180335986592, -0.06243974472282504, 7.643308258267395]",7.66976076157781,0.02262959006242454,0.009583759978413582,True,9.288385172112612e-10,0,50,"[1.4832462807238913, -1.275203670872834, -0.09963531249683609, 0.26799062770331555]"
456,1,0.10521480540180915,0.10521480540180915,0.07000237369766671,0.009899830628154988,"[0.41574143907432015, 4.000936025891464, 0.03510635016331775, 0.1248248411179591, 0.009780989342852466]","[-0.0786211508650632, -0.034133023266391366, 0.17618118220368564, -0.27456461487680206, -9.604522420072868]",9.610443423850336,0.021669243974611164,0.009677835972979665,True,9.288501701121276e-10,0,50,"[1.4827003976744926, -1.280977014919809, -0.10033429177740148, 0.2718826938127511]"
457,1,0.09302868585601522,0.09302868585601522,0.06461532572740841,0.009137986998085615,"[0.41574961987799275, 4.000939577551025, 0.035088017899714996, 0.12485341051925924, 0.010780373241751224]","[-0.5933557425150242, -0.014676261934886524, -0.22006815471955343, -0.06268254800392228, 7.635976529932389]",7.662426710257277,0.022821970041841267,0.009555562026798725,True,9.288422120334871e-10,0,50,"[1.4832447710759822, -1.2752083042968951, -0.09963558767241129, 0.2679928465629925]"
458,1,0.10524544879841465,0.10524544879841465,0.07002150169401943,0.009902535735341292,"[0.415827056930884, 4.000941492905323, 0.035116738325111856, 0.12486159102791088, 0.009783825174451087]","[-0.07864258029807053, -0.03413766325203105, 0.1760538601577251, -0.27434934345951334, -9.604197900231371]",9.610110814461509,0.021898788018152118,0.009383813980966806,True,9.28853296500165e-10,0,50,"[1.4826990791695882, -1.280980173957875, -0.10033444421966481, 0.27188382160843627]"
459,1,0.09305642262224448,0.09305642262224448,0.06463318930561532,0.009140513289542887,"[0.41583524024758123, 4.0009450451706305, 0.03509841867578227, 0.12489013901749474, 0.01078320989380098]","[-0.5930757243456644, -0.014690560895580589, -0.21979576607102275, -0.06292415453548313, 7.628682924774195]",7.655130790661626,0.022768745990470053,0.009553084019571542,True,9.288459068557131e-10,0,50,"[1.483243261371441, -1.2752129255303013, -0.09963586118314839, 0.26799505687243785]"
460,1,0.10527604665738438,0.10527604665738438,0.0700406135351647,0.00990523855783625,"[0.4159127145247016, 4.000946964218299, 0.03512713089142598, 0.12489835888417605, 0.009786664814116153]","[-0.07866487006294372, -0.034142263645949834, 0.17592579708769776, -0.27413387312525095, -9.603827970773997]",9.60973281702699,0.022469147983938457,0.009820195995271206,True,9.288572755394852e-10,0,50,"[1.4826977603407778, -1.2809833194017926, -0.10033459475987942, 0.2718849395923897]"
461,1,0.09308416428921651,0.09308416428921651,0.06465105431978409,0.009143039784075832,"[0.41592090048278724, 4.000950517102057, 0.03510882384788803, 0.12492688557459673, 0.010786050348827179]","[-0.5927968676864782, -0.014704816929003904, -0.21952462762829328, -0.06316457410954002, 7.6214272049997795]",7.647872764674394,0.021866203965619207,0.0094149879924953,True,9.288493174608447e-10,0,50,"[1.4832417516008685, -1.2752175346561505, -0.09963613303803356, 0.26799725868925695]"
462,1,0.10530659928229853,0.10530659928229853,0.07005970933486133,0.009907939111727783,"[0.41599841182297936, 4.000952439835002, 0.03513752785936342, 0.12493514467827757, 0.009789508246400123]","[-0.07868801328048891, -0.03414682473706902, 0.17579700023987946, -0.2739182075778393, -9.603412952207176]",9.609309751976475,0.023216549977660178,0.009954037992283702,True,9.28860686144617e-10,0,50,"[1.4826964411791028, -1.2809864513474114, -0.10033474340852744, 0.2718860478335102]"
463,1,0.09311191081613186,0.09311191081613186,0.06466892076071393,0.009145566480383263,"[0.41600660054988103, 4.000955993349835, 0.03511923341316915, 0.12496365018123454, 0.010788894591421683]","[-0.5925191649547389, -0.014719030318823854, -0.21925473047564153, -0.06340381486449363, 7.614209133824833]",7.640652395240148,0.02202422802336514,0.009157329984009265,True,9.288530122830707e-10,0,50,"[1.4832402417548542, -1.2752221317574808, -0.09963640324610018, 0.26799945207081755]"
464,1,0.10533710696928127,0.10533710696928127,0.07007878920237984,0.009910637412469078,"[0.4160841487923906, 4.000957919759983, 0.03514792922592246, 0.12497194840127863, 0.009792355455892932]","[-0.07871200358742544, -0.03415134681674171, 0.17566747680679307, -0.2737023498251786, -9.602953163835213]",9.608841938522994,0.022994381990283728,0.009569514002650976,True,9.288643809668428e-10,0,50,"[1.482695121676396, -1.2809895698898874, -0.1003348901761976, 0.27188714640020856]"
465,1,0.0931396593903664,0.0931396593903664,0.06468679069951923,0.009148093671364987,"[0.41609234041465715, 4.000961473918438, 0.03512964736865887, 0.12500043282755474, 0.010791742606215016]","[-0.5922425069551794, -0.014733205723530365, -0.21898628854302224, -0.06364193329570196, 7.607024497253276]",7.63346548079248,0.021704459991306067,0.009439217979088426,True,9.288567071052967e-10,0,50,"[1.4832387307629566, -1.275226718409099, -0.09963667157386247, 0.26800163767615637]"
466,1,0.10536756988722357,0.10536756988722357,0.07009785347036768,0.00991333350710359,"[0.4161699254261264, 4.000963403999311, 0.035158335032088456, 0.12500877005439456, 0.00979520643068665]","[-0.07873674500074039, -0.034155831695111744, 0.17553740087336422, -0.2734866023948832, -9.60244889109994]",9.608329672884535,0.02288484601303935,0.009710531979799271,True,9.288686442232574e-10,0,50,"[1.482693801844557, -1.2809926750146292, -0.10033503504584346, 0.2718882353456152]"
467,1,0.0931674154052079,0.0931674154052079,0.0647046600275648,0.009150620775972241,"[0.4161781200601235, 4.000966958814025, 0.03514006573796229, 0.12503723354510285, 0.010794594380207098]","[-0.5919670465833934, -0.014747335395618889, -0.21871876407404742, -0.063878983157855, 7.599881023343779]",7.626319719194193,0.02214854600839317,0.009483850011602044,True,9.288604019275226e-10,0,50,"[1.483237220748759, -1.2752312916460813, -0.09963693849814327, 0.2680038143510736]"
468,1,0.10539798839027631,0.10539798839027631,0.07011690178588008,0.00991602734571739,"[0.41625574164803253, 4.000968892556109, 0.03516874520225158, 0.12504560966694164, 0.00979806115026401]","[-0.07876242265126497, -0.03416027636818076, 0.17540644171851005, -0.2732703314309974, -9.601900491105198]",9.607773289302077,0.023089513992890717,0.00964407192543149,True,9.288717706112948e-10,0,50,"[1.482692481642408, -1.2809957669909844, -0.10033517807236092, 0.27188931475814987]"
469,1,0.09319517609409904,0.09319517609409904,0.06472253064408055,0.009153148062796697,"[0.4162639394291699, 4.000972448039294, 0.03515048848069721, 0.1250740522959644, 0.010797449895291663]","[-0.5916927741505381, -0.01476142234849433, -0.21845254043107232, -0.06411469778880242, 7.592774492294434]",7.619210912968747,0.0213837399892509,0.009150149980559946,True,9.288640967497486e-10,0,50,"[1.4832357106308411, -1.2752358531271397, -0.09963720380963483, 0.2680059827610402]"
470,1,0.1054283628668302,0.1054283628668302,0.07013593451413312,0.00991871897995983,"[0.41634159744137506, 4.0009743854344535, 0.03517915976213274, 0.12508246716969776, 0.009800919601272088]","[-0.07878891889956045, -0.03416468306641054, 0.17527479115317532, -0.27305390879138725, -9.601308270129207]",9.607173106948888,0.023091147989034652,0.00978652602992952,True,9.28875749650615e-10,0,50,"[1.4826911610751057, -1.2809988458470134, -0.10033531924946158, 0.2718903846997785]"
471,1,0.09322294155298694,0.09322294155298694,0.06474040269917267,0.009155675553066572,"[0.4163497984926119, 4.000977941598445, 0.03516091560340012, 0.12511088904840478, 0.010800309136804156]","[-0.5914196156093474, -0.014775467887069007, -0.21818751403070677, -0.06434929330689759, 7.585704674189926]",7.612138825785673,0.021409911969676614,0.009296870026737451,True,9.288677915719746e-10,0,50,"[1.483234200395094, -1.275240402917848, -0.09963746751030172, 0.26800814296429504]"
472,1,0.10545869359604941,0.10545869359604941,0.07015495173615532,0.009921408421290077,"[0.4164274927686974, 4.0009798826387, 0.03518957870571546, 0.12511934255861673, 0.009803781768241555]","[-0.07881623847169798, -0.034169051889925445, 0.1751424384557483, -0.27283730148531565, -9.600672543281677]",9.606529439589854,0.022690374013036488,0.010035151978954673,True,9.288791602557467e-10,0,50,"[1.4826898401337747, -1.281001911682234, -0.10033545858917822, 0.2718914452381977]"
473,1,0.0932507116959675,0.0932507116959675,0.06475827614063062,0.009158203239398184,"[0.4164356972132847, 4.000983439495742, 0.03517134710193608, 0.12514774379375296, 0.010803172089445024]","[-0.5911475724867963, -0.014789472203569756, -0.21792368548140773, -0.0645827537339974, 7.578671336253481]",7.605103225378922,0.022069865996018054,0.009319799970835447,True,9.288712021771062e-10,0,50,"[1.4832326900365524, -1.275244941099088, -0.09963772961024046, 0.2680102950158037]"
474,1,0.10548898087889519,0.10548898087889519,0.07017395356700955,0.009924095685980473,"[0.4165134275944367, 4.00098538417312, 0.03520000202994883, 0.12515623582230426, 0.00980664763597459]","[-0.07884437291297608, -0.03417338315045262, 0.17500939336952406, -0.27262051891697064, -9.599993622519882]",9.605842599313219,0.022623060029000042,0.009685656046494842,True,9.288828550779726e-10,0,50,"[1.4826885188098353, -1.2810049645894819, -0.10033559610161139, 0.27189249644051827]"
475,1,0.09327848648751574,0.09327848648751574,0.06477615096171678,0.009160731120838686,"[0.41652163555454946, 4.000988941735384, 0.03518178297300074, 0.12518461652041274, 0.010806038738032295]","[-0.5908766364979383, -0.014803435590210563, -0.21766104488205748, -0.06481508998466495, 7.571674247638865]",7.598103880572497,0.0219408240262419,0.00942389402538538,True,9.288751812164264e-10,0,50,"[1.4832311795460797, -1.2752494677518635, -0.09963799011830111, 0.2680124389714858]"
476,1,0.10551922500408535,0.10551922500408535,0.07019294011113708,0.009926780788801248,"[0.4165994018822685, 4.000990890041939, 0.035210429731228135, 0.12519314694997713, 0.009809517189280867]","[-0.07887331637318702, -0.03417767713139206, 0.17487566249315847, -0.27240356328575116, -9.599271819255533]",9.605112897422206,0.022523969952017067,0.009462832054123283,True,9.288862656831043e-10,0,50,"[1.482687197095641, -1.2810080046618022, -0.10033573179728722, 0.2718935383733664]"
477,1,0.09330626589258544,0.09330626589258544,0.06479402715490254,0.009163259196323378,"[0.41660761347928016, 4.0009944483215225, 0.03519222321305989, 0.12522150721665662, 0.010808909067416144]","[-0.5906068000826701, -0.014817358325702546, -0.21739958348268104, -0.06504631068665857, 7.564713178709473]",7.591140561469325,0.023037991924211382,0.009718321990221738,True,9.288788760386524e-10,0,50,"[1.4832296689145599, -1.2752539829570975, -0.09963824904341384, 0.26801457488698605]"
478,1,0.10554942623425263,0.10554942623425263,0.07021191145747166,0.009929463742329532,"[0.4166854155954737, 4.000996400249326, 0.03522086180586339, 0.12523007593042912, 0.009812390413011365]","[-0.07890306502891989, -0.03418193412447514, 0.17474125210744718, -0.2721864335704182, -9.598507444024245]",9.604340644265392,0.02190677998587489,0.009461690001189708,True,9.288899605053302e-10,0,50,"[1.4826858749864238, -1.2810110319905446, -0.10033586568718343, 0.27189457110232507]"
479,1,0.09333404987824942,0.09333404987824942,0.06481190471390565,0.009165787464963809,"[0.41669363095017037, 4.000999959258256, 0.035202667818523554, 0.1252584158700068, 0.010811783062495948]","[-0.5903380550184003, -0.014831240700118542, -0.21713929163432014, -0.06527642669993107, 7.55778790060905]",7.5842130388953555,0.02288719397969544,0.009787958022207022,True,9.288828550779726e-10,0,50,"[1.4832281581328586, -1.275258486795548, -0.09963850639448485, 0.2680167028177748]"
480,1,0.10557958495786543,0.10557958495786543,0.07023086776905678,0.009932144569623156,"[0.41677146869706816, 4.001001914799407, 0.035231298249985867, 0.12526702275200716, 0.009815267292059029]","[-0.07893360482324559, -0.03418615438218213, 0.17460617029981748, -0.27196914604431366, -9.597700803057064]",9.60352614632932,0.021761499950662254,0.009186004018411041,True,9.288939395446505e-10,0,50,"[1.4826845524634553, -1.281014046673672, -0.1003359977800301, 0.2718955946964501]"
481,1,0.09336183840751792,0.09336183840751792,0.06482978362801795,0.009168315925245621,"[0.4167796879285892, 4.001005474549634, 0.03521311678542575, 0.12529534246935597, 0.01081466070816652]","[-0.5900703961730249, -0.014845082947961209, -0.21688016428400472, -0.06550543881242897, 7.550898185525736]",7.577321085006049,0.023274680031463504,0.009806840009987354,True,9.288865499001986e-10,0,50,"[1.4832266471918245, -1.2752629793479782, -0.09963876218049883, 0.26801882281902106]"
482,1,0.10560970134583389,0.10560970134583389,0.07024980908201489,0.009934823275790608,"[0.4168575611491477, 4.001007433696248, 0.035241739059950254, 0.1253039874031088, 0.009818147811349875]","[-0.07896493895326132, -0.034190338225244726, 0.1744704224700967, -0.27175168837392844, -9.59685220619401]",9.602669712990947,0.021962978010997176,0.009285795968025923,True,9.288976343668765e-10,0,50,"[1.4826832295320034, -1.281017048796484, -0.10033612808821138, 0.27189660921805275]"
483,1,0.09338963145142612,0.09338963145142612,0.0648476638946576,0.009170844576803686,"[0.4168657843767818, 4.001010994199654, 0.03522357011030744, 0.1253322870006653, 0.010817541989430534]","[-0.5898038131365942, -0.014858885396537458, -0.21662218845183637, -0.06573336523820818, 7.544043806712702]",7.570464472534111,0.02245676995255053,0.009777244040742516,True,9.288899605053302e-10,0,50,"[1.4832251360825341, -1.2752674606939591, -0.09963901641018108, 0.2680209349456965]"
484,1,0.10563977574678296,0.10563977574678296,0.07026873553449524,0.00993749988036914,"[0.41694369291399225, 4.0010129569438755, 0.03525218423156897, 0.12534096987150736, 0.009821031955853833]","[-0.07899705692306329, -0.03419448591014436, 0.17433401535932497, -0.2715340703659097, -9.595961957933987]",9.601771648829514,0.021752509996294977,0.009222903978079558,True,9.289013291891024e-10,0,50,"[1.4826819061776562, -1.2810200384546222, -0.10033625662123354, 0.2718976147345152]"
485,1,0.0934174289767259,0.0934174289767259,0.06486554550478886,0.009173373418360156,"[0.41695192025575833, 4.00101651821227, 0.035234027789016784, 0.1253692494515962, 0.010820426891277482]","[-0.5895383000388366, -0.014872648292347917, -0.2163653581395836, -0.06596020933379244, 7.537224538343245]",7.563642975557591,0.022516639968380332,0.009986789980903268,True,9.288939395446505e-10,0,50,"[1.4832236247958637, -1.2752719309138922, -0.09963926909253927, 0.2680230392525355]"
486,1,0.10566980843133698,0.10566980843133698,0.07028764722060461,0.009940174396667462,"[0.41702986395324193, 4.001018484546263, 0.03526263376087587, 0.1253779701447249, 0.009823919710583764]","[-0.07902995387390922, -0.034198597725210146, 0.17419695561555976, -0.27131629332662927, -9.595030363118116]",9.600832258571362,0.022251232052221893,0.00922155600041151,True,9.289047397942341e-10,0,50,"[1.4826805823945985, -1.281023015738512, -0.10033638338974665, 0.2718986113105984]"
487,1,0.09344523095297834,0.09344523095297834,0.06488342845266504,0.009175902449102326,"[0.4170380955264782, 4.001022046591386, 0.035244489817631584, 0.1254062298086781, 0.010823315398759916]","[-0.5892738489258269, -0.014886371917957865, -0.21610966414002433, -0.0661859813867518, 7.530440155622075]",7.556856368991606,0.02295498195104301,0.009601210039108991,True,9.288970659326878e-10,0,50,"[1.48322211332285, -1.2752763900872794, -0.09963952023640088, 0.26802513579402404]"
488,1,0.10569979970190684,0.10569979970190684,0.07030654425244283,0.009942846840538882,"[0.4171160742282127, 4.001024016507339, 0.03527308764370622, 0.12541498821007496, 0.0098268110605902]","[-0.07906362262090444, -0.034202673943026, 0.17405924981558057, -0.2710983620657173, -9.594057724521047]",9.599851844957287,0.022197345988824963,0.009659166019409894,True,9.289087188335543e-10,0,50,"[1.482679258173428, -1.2810259807402715, -0.10033650840387263, 0.2718995990117697]"
489,1,0.09347303734923047,0.09347303734923047,0.06490131273126235,0.009178431668036882,"[0.4171243101493383, 4.0010275793408585, 0.03525495619203295, 0.1254432280586076, 0.010826207496959301]","[-0.5890104528072007, -0.014900056538443587, -0.21585509871998262, -0.06641068860468108, 7.523690434729704]",7.5501044288174315,0.023185348007827997,0.009691499974578618,True,9.289010449720081e-10,0,50,"[1.4832206016545302, -1.2752808382935323, -0.09963976985063233, 0.268027224624407]"
490,1,0.10572974984682215,0.10572974984682215,0.07032542673428595,0.009945517226730262,"[0.4172023236997842, 4.001029552830984, 0.035283545875887855, 0.12545202405463945, 0.009829705990964683]","[-0.07909805694041327, -0.03420671484100418, 0.1739209045245695, -0.27088028001246595, -9.593044343853682]",9.598830709634656,0.022863605972379446,0.009634105963632464,True,9.289124136557803e-10,0,50,"[1.4826779335062594, -1.2810289335507925, -0.10033663167389606, 0.27190057790280586]"
491,1,0.09350084813565697,0.09350084813565697,0.06491919833443056,0.009180961074294055,"[0.4172105640844024, 4.0010331164645, 0.035265426908091924, 0.12548024418771384, 0.010829103171000939]","[-0.5887481043445922, -0.014913702423987468, -0.21560165362949613, -0.06663433939023021, 7.516975152849088]",7.543386931987093,0.0219504339620471,0.009489068053662777,True,9.289050240113283e-10,0,50,"[1.4832190897819968, -1.2752852756116284, -0.09964001794404005, 0.26802930579768763]"
492,1,0.10575965914705243,0.10575965914705243,0.07034429476574088,0.009948185569328147,"[0.41728861232845704, 4.0010350935210335, 0.03529400845316509, 0.12548907766529918, 0.00983260448683859]","[-0.07913325123162714, -0.03421072069704188, 0.1737819260204887, -0.27066204947586614, -9.591990522752507]",9.597769154145816,0.023073260029777883,0.009791399985551834,True,9.289163926951005e-10,0,50,"[1.4826766083858227, -1.2810318742604019, -0.10033675321017406, 0.27190154804806027]"
493,1,0.09352866328323582,0.09352866328323582,0.06493708525637025,0.009183490667053675,"[0.41729685729142213, 4.0010386579660775, 0.03527590196162405, 0.12551727818201308, 0.010832002406052952]","[-0.5884867960882157, -0.01492730984619241, -0.21534932045616073, -0.06685694259573435, 7.510294088155701]",7.5367036564356225,0.02167746402323246,0.009224511981010437,True,9.289087188335543e-10,0,50,"[1.4832175776963756, -1.2752897021202227, -0.0996402645254027, 0.2680313793676355]"
494,1,0.10578952788579606,0.10578952788579606,0.07036314844879517,0.009950851882755752,"[0.4173749400744048, 4.001040638581281, 0.03530447537119996, 0.12552614902869016, 0.009835506533385047]","[-0.07916919965355161, -0.0342146917834803, 0.17364232070447208, -0.27044367322444063, -9.59089655671045]",9.59666747390753,0.02312882401049137,0.009962547980248928,True,9.289200875173265e-10,0,50,"[1.4826752828049878, -1.2810348029588698, -0.10033687302308246, 0.2719025095115264]"
495,1,0.09355648276348599,0.09355648276348599,0.06495497349114063,0.009186020445475594,"[0.4173831897298045, 4.0010442038493155, 0.035286381348336456, 0.12555433002734742, 0.010834905187322764]","[-0.5882265208201047, -0.014940879072016813, -0.21509809116626308, -0.06707850638936903, 7.503647019802896]",7.530054381098669,0.021718602012842893,0.009225210016593337,True,9.289121294386859e-10,0,50,"[1.4832160653888329, -1.2752941178977495, -0.0996405096035049, 0.2680334453877811]"
496,1,0.10581935634867938,0.10581935634867938,0.07038198788510545,0.0099535161813895,"[0.41746130689748634, 4.001046188015473, 0.035314946625590975, 0.12556323813119177, 0.00983841211581966]","[-0.0792058961639996, -0.034218628376541396, 0.17350209476426437, -0.27022515440076633, -9.58976274750257]",9.595525970620978,0.022685804050415755,0.009676856026053428,True,9.289234981224581e-10,0,50,"[1.4826739567556337, -1.281037719736429, -0.10033699112277181, 0.27190346235727875]"
497,1,0.09358430654850608,0.09358430654850608,0.0649728630331508,0.009188550408769135,"[0.4174695613586173, 4.001049754117892, 0.0352968650639051, 0.12559139970932726, 0.010837811500060248]","[-0.5879672712266765, -0.014954410369410214, -0.21484795756565553, -0.06729903933120901, 7.497033727941439]",7.523438885900502,0.021769626038148998,0.009170788014307618,True,9.289155400438176e-10,0,50,"[1.483214552850572, -1.2752985230222558, -0.09964075318708264, 0.268035503911417]"
498,1,0.10584914482700393,0.10584914482700393,0.07040081318074476,0.00995617848023038,"[0.4175477127572085, 4.001051741827315, 0.03532542221187898, 0.12560034495901198, 0.009841321219399504]","[-0.07924333418460604, -0.034222530746191276, 0.17336125455848525, -0.27000649709061775, -9.588589391582422]",9.5943449406952,0.022737529966980217,0.00968798597343266,True,9.289269087275897e-10,0,50,"[1.482672630229255, -1.2810406246829742, -0.10033710751930051, 0.2719044066491759]"
499,1,0.09361213461056217,0.09361213461056217,0.06499075387655237,0.009191080556107217,"[0.41755597213652684, 4.001055308775444, 0.035307353103918825, 0.12562848721350997, 0.010840721329553167]","[-0.5877090402982087, -0.014967904000297232, -0.21459891191940905, -0.06751854905798244, 7.490453993703832]",7.51685695177552,0.021789426021277904,0.009198041986674071,True,9.289195190831379e-10,0,50,"[1.4832130400728554, -1.275302917571495, -0.09964099528485872, 0.2680375549915875]"
500,1,0.10587889359135351,0.10587889359135351,0.07041962443074634,0.009958838792718121,"[0.41763415761271594, 4.001057300020468, 0.035335902125573436, 0.1256374694981912, 0.009844233829423467]","[-0.07928150870976163, -0.034226399164758864, 0.17321980629114456, -0.2697877028354402, -9.5873767805043]",9.593124675582448,0.02285273002460599,0.009802846033126115,True,9.2893088776691e-10,0,50,"[1.4826713032199366, -1.2810435178865704, -0.10033722222310723, 0.2719053424500647]"
