epoch,seed,loss,loss_mean,loss_std,theta,grad_theta,grad_norm,wall_time_sec,forward_time_sec,backward_time_sec,warm_start,penalty_warm_start,constraint_violation_inf,outer_iterations,inner_iterations_total,backward_iterations,backward_solver_used,backward_fallback_count,alm_residual_inf,closed_loop_steps,final_state
0,1,3.288229389309598,3.288229389309598,4.1690837773533636,"[0.25, 2.0, 0.08, 0.08, 0.04]","[-6.847719012690627, 0.03479272313420963, 6.9873542111163305, 13.660549828048229, -1.997061538538266]",16.92082921949306,0.04815420228987932,0.0007387800235301256,0.0002243040222674608,True,False,2.8082382318517783e-05,1.22,34.04,6.38,cg,0,2.808238231851751e-05,50,"[0.7428299111025572, -0.6339824475661793]"
1,1,3.2590787815077427,3.2590787815077427,4.13757048376002,"[0.2504046916923195, 1.9999979437932573, 0.07958705604080835, 0.07919267846451025, 0.04011802385760856]","[-6.8205053978202805, 0.03487491438252908, 7.002268982484677, 13.75825574304871, -1.9800226206672136]",16.993009495492622,0.04402179969474673,0.0007013459503650665,0.00017909004352986813,True,False,2.7053216566814696e-05,1.22,35.76,6.38,cg,0,2.7053216566814696e-05,50,"[0.7428809978991434, -0.6342558041473304]"
2,1,3.229994148550219,3.229994148550219,4.105265960652777,"[0.2508060629384915, 1.9999958914837832, 0.07917498842065372, 0.07838303637339694, 0.040234543690135925]","[-6.794962567023274, 0.035065687215264936, 7.0151823410654535, 13.861278927578867, -1.9641077475984416]",17.069806733539256,0.043749702628701925,0.0007086300477385521,0.0001663640048354864,True,False,2.703227709596412e-05,1.22,35.44,6.46,cg,0,2.703227709596412e-05,50,"[0.7432355026022309, -0.6348856060457251]"
3,1,3.1989685743311775,3.1989685743311775,4.070161771037806,"[0.25120413203632574, 1.9999938372316315, 0.07876401819409158, 0.07757100146619839, 0.04034960695817072]","[-6.763393137690993, 0.03511320380239732, 7.031260852262453, 13.96943084601628, -1.9498949948000408]",17.15023141234493,0.04093080013990402,0.0006650940142571926,0.00015352198854088784,True,False,2.6404330628816975e-05,1.22,35.86,6.42,cg,0,2.6404330628816975e-05,50,"[0.7434001621173416, -0.6352635803358515]"
4,1,3.1687185047831603,3.1687185047831603,4.036282620699147,"[0.2515984936618154, 1.9999917898421267, 0.07835403767063397, 0.07675646838443796, 0.040463301925183395]","[-6.735969767134374, 0.03532070302712727, 7.044379875948931, 14.079894579140298, -1.9309795103298584]",17.23281571077411,0.04345070105046034,0.0007042760029435158,0.000164738018065691,True,False,2.5994047782722795e-05,1.22,33.76,6.5,cg,0,2.5994047782722795e-05,50,"[0.7434086750789645, -0.6354675757033666]"
5,1,3.1381056012082085,3.1381056012082085,4.002328116333282,"[0.25198937405418986, 1.9999897402233286, 0.07794526060287156, 0.07593942868444742, 0.040575354391978506]","[-6.709223841998478, 0.03542865572109685, 7.061974876623309, 14.195048925520114, -1.9143027813447369]",17.321962880872356,0.04300189856439829,0.0007057719677686691,0.00015426600351929663,True,False,2.5267822133357154e-05,1.22,35.74,6.44,cg,0,2.5267822133357154e-05,50,"[0.7435504509759714, -0.6359619652225158]"
6,1,3.1083024146751472,3.1083024146751472,3.9688348590512534,"[0.2523766987406444, 1.9999876949207285, 0.07753757153640821, 0.0751199459836517, 0.0406858674322384]","[-6.681557683184098, 0.035680416067453265, 7.077302734392356, 14.305580174689023, -1.8981206105619595]",17.406469663511334,0.04327620239928365,0.0007018900476396083,0.00016363400034606458,True,False,2.5234027362716906e-05,1.22,36.0,6.48,cg,0,2.5234027362716906e-05,50,"[0.7437396535691411, -0.6361207718569438]"
7,1,3.0789141614878663,3.0789141614878663,3.9358197865613165,"[0.25276055358381266, 1.9999856450842737, 0.07713098117829431, 0.07429809178516046, 0.040794914277873726]","[-6.656660286190139, 0.03578860439464127, 7.091570443361073, 14.419418884565708, -1.881343560860318]",17.49462411444323,0.04741299897432327,0.0007689139991998672,0.0001793459802865982,True,False,2.381586637035249e-05,1.22,34.06,6.66,cg,0,2.3815866370349714e-05,50,"[0.744058548071553, -0.6366772163842758]"
8,1,3.0473299159494487,3.0473299159494487,3.9004435658252348,"[0.25314105105790896, 1.9999835993927424, 0.07672562405849766, 0.07347387179681346, 0.04090245265928997]","[-6.6280027666963255, 0.03601440534963419, 7.106044310380711, 14.542324733466307, -1.8599423012953396]",17.588808301631882,0.05720610497519374,0.0009173700679093599,0.00022675203159451486,True,False,2.402416661366591e-05,1.22,35.52,6.62,cg,0,2.402416661366591e-05,50,"[0.7441073703695349, -0.6370170735038311]"
9,1,3.0164798662860353,3.0164798662860353,3.865665566286188,"[0.25351788174778034, 1.9999815518176747, 0.07632161463454383, 0.07264707759431537, 0.04100819844202256]","[-6.6008474032521205, 0.0362040325938743, 7.121731719929866, 14.663582060624146, -1.8417229947711824]",17.68344260323138,0.04430059902369976,0.0007082879915833473,0.00017772398889064788,True,False,2.4165132022543058e-05,1.22,34.92,6.68,cg,0,2.4165132022543058e-05,50,"[0.7443783370376484, -0.63748050922025]"
10,1,2.985639786108131,2.985639786108131,3.8310976067730915,"[0.25389116016143454, 1.9999795044769275, 0.07591888017387802, 0.07181785093360195, 0.04111234801493041]","[-6.570962746221008, 0.03636541134354619, 7.134014544066516, 14.784476848786209, -1.826354532302924]",17.77608966956113,0.05125289782881737,0.0008532859571278095,0.00017177199944853783,True,False,2.2132562229522647e-05,1.22,36.76,6.76,cg,0,2.2132562229522647e-05,50,"[0.7444117293057942, -0.637729500610725]"
11,1,2.954154208859437,2.954154208859437,3.795709325435023,"[0.25426081191657296, 1.9999774587282833, 0.0755175537474097, 0.07098614513537621, 0.04121509021336382]","[-6.543913004109608, 0.03648550323366728, 7.15074538449589, 14.918759185532608, -1.8089114145135594]",17.8829199039939,0.04422110132873058,0.0007130000367760658,0.00017142198979854583,True,False,2.2381965379328904e-05,1.22,37.4,6.7,cg,0,2.2381965379328904e-05,50,"[0.7445922035932293, -0.6380061469121262]"
12,1,2.9241629920171026,2.9241629920171026,3.7622553626987316,"[0.2546267428181749, 1.999975418485223, 0.07511768921619862, 0.07015189886772019, 0.0413162432367025]","[-6.518377425185447, 0.036861600279500036, 7.162528385983052, 15.037762855005194, -1.7878038138282284]",17.975621549055493,0.0460817008279264,0.0007457400299608708,0.0001758939865976572,True,False,2.1503874618216678e-05,1.22,35.44,6.74,cg,0,2.1503874618216678e-05,50,"[0.7447884682289863, -0.6384258217747854]"
13,1,2.892956474597428,2.892956474597428,3.7260768792611896,"[0.25498936601910477, 1.999973367841234, 0.07471923131775889, 0.06931533459019963, 0.04141570037140295]","[-6.4893554139700855, 0.037106379064811804, 7.178918251756272, 15.168794075297123, -1.7685234875047968]",18.079545538044222,0.05335969990119338,0.0008334719855338335,0.0002337220124900341,True,False,2.1173801980172435e-05,1.22,37.32,6.8,cg,0,2.1173801980172157e-05,50,"[0.7450587355709362, -0.6389606968120133]"
14,1,2.8613882442358003,2.8613882442358003,3.6905440161706036,"[0.2553482995664086, 1.9999713154456698, 0.074322157274263, 0.06847633152773111, 0.04151351939476753]","[-6.4611028670684245, 0.03729501689858794, 7.192701071632563, 15.303464458629247, -1.7505774213475191]",18.186333759932204,0.04680389957502484,0.0007619080133736134,0.0001741699781268835,True,False,2.104732566934553e-05,1.22,38.22,6.86,cg,0,2.104732566934553e-05,50,"[0.745187691538059, -0.6392103867608037]"
15,1,2.8291240548143075,2.8291240548143075,3.6539113950560522,"[0.25570357198975696, 1.99996926472905, 0.07392665694054076, 0.06763484997021653, 0.04160977724664464]","[-6.430553627186594, 0.03751535785618467, 7.207464297410765, 15.437131272590602, -1.7318640448898655]",18.292220858874014,0.0438985014334321,0.0007028260175138711,0.00017514401115477086,True,False,2.161352461431981e-05,1.22,37.2,6.92,cg,0,2.161352461431981e-05,50,"[0.7451721597111304, -0.6391984423336472]"
16,1,2.798866755931142,2.798866755931142,3.6193672890803263,"[0.25605511780130424, 1.9999672138376823, 0.07353263893952149, 0.0667909321435707, 0.04170445487262329]","[-6.405638336261751, 0.037829853882568425, 7.221977422928094, 15.570009551339588, -1.711557868557111]",18.39959834497318,0.044990301597863436,0.0007338680606335401,0.00016593797132372857,True,False,2.1204232670632983e-05,1.22,37.46,6.94,cg,0,2.1204232670632983e-05,50,"[0.745285572089942, -0.6396004740574508]"
17,1,2.766201371591058,2.766201371591058,3.5824822078945946,"[0.25640325791913804, 1.9999651578224817, 0.07314013159848441, 0.06594471750026316, 0.04179747635256943]","[-6.375094869693316, 0.038287023988937484, 7.232671578481196, 15.711648643143452, -1.6877952973402635]",18.51106141492921,0.04234109865501523,0.0006782019976526499,0.00016861997544765473,True,False,1.93468526841406e-05,1.22,36.18,7.02,cg,0,1.93468526841406e-05,50,"[0.7457323661774496, -0.6403824581777329]"
18,1,2.73513756950125,2.73513756950125,3.5474973653357056,"[0.25674765172381786, 1.999963089490303, 0.07274940999608849, 0.06509594668749803, 0.04188865401436941]","[-6.347993443292676, 0.038675795474394564, 7.2467550871919455, 15.847657054301004, -1.6665003914333942]",18.620940726299754,0.04504049941897392,0.0007347480021417141,0.00016606198623776437,True,False,1.97236215665747e-05,1.22,38.78,7.12,cg,0,1.97236215665747e-05,50,"[0.7457074988587263, -0.6404409412870647]"
19,1,2.702012957736514,2.702012957736514,3.509869913855733,"[0.2570885578862002, 1.9999610124848477, 0.0723602376554791, 0.06424488028401246, 0.04197815005089297]","[-6.317524476850343, 0.03892869697778524, 7.265043787082028, 15.995509986526434, -1.6467431912712553]",18.741974150401976,0.04650819953531027,0.0007712579797953367,0.00015890601091086864,True,False,1.87263628371534e-05,1.22,37.78,7.2,cg,0,1.8726362837156174e-05,50,"[0.7458562310229859, -0.640704413917659]"
20,1,2.6704596691519797,2.6704596691519797,3.4733731287367564,"[0.2574256368100007, 1.9999589353985887, 0.07197260272820871, 0.06339142109890682, 0.042066013964158905]","[-6.288193632478241, 0.039278409446754876, 7.272231661923329, 16.140418353881053, -1.624651927573226]",18.856852171604263,0.046360297594219446,0.0007612799480557442,0.00016592600382864475,True,False,1.8618413601287076e-05,1.22,38.22,7.18,cg,0,1.86184136012843e-05,50,"[0.7459358417125246, -0.6411374390147706]"
21,1,2.637698736273578,2.637698736273578,3.436237820484324,"[0.2577591067643133, 1.999956852420524, 0.07158694813457041, 0.0625354766281043, 0.04215217107631645]","[-6.279262999823663, 0.042974001692810807, 7.299940868515372, 16.3017191732648, -1.558564821338186]",18.9972445258753,0.04599969694390893,0.0007542919646948576,0.000165701974183321,True,False,2.0969809301598365e-05,1.22,38.16,7.24,cg,0,2.0969809301595586e-05,50,"[0.7461081110127568, -0.6412517782605681]"
22,1,2.6057010517080808,2.6057010517080808,3.3994435104471794,"[0.25808964222649255, 1.999954590302898, 0.0712026849927138, 0.061677366961189035, 0.042234212701833945]","[-6.249806845025417, 0.04341270636237012, 7.313661238280696, 16.44527317684604, -1.534376638453415]",19.114207608510828,0.046964798122644424,0.0007700140122324228,0.00016928195022046565,True,False,1.9321191740207523e-05,1.22,39.82,7.26,cg,0,1.9321191740207523e-05,50,"[0.7462454609942389, -0.6416729618490897]"
23,1,2.5725672827364177,2.5725672827364177,3.361017090246964,"[0.25841661402530863, 1.9999523190757955, 0.07082005541226279, 0.06081699788323347, 0.04231448684501579]","[-6.2161658024654445, 0.0436815645312845, 7.323279663005089, 16.600686257215806, -1.515241624949547]",19.239329296467123,0.048614103347063065,0.000799970030784607,0.00017231203615665437,True,False,2.0972082533168568e-05,1.2,38.7,7.22,cg,0,0.0008815476686012899,50,"[0.7465200006016839, -0.6420366052792221]"
24,1,2.5407952972435517,2.5407952972435517,3.324816053769001,"[0.25873971082906694, 1.9999500486450619, 0.07043941430207766, 0.05995414627335945, 0.042393244352698194]","[-6.186423399260646, 0.04439563749719595, 7.3300497962171764, 16.746378365586406, -1.487207617929206]",19.356043250746755,0.047537500970065594,0.0007836880255490541,0.00016706199385225774,True,False,1.8887477606605585e-05,1.2,38.88,7.34,cg,0,0.0008322068032463906,50,"[0.7464202329040726, -0.6423593648666692]"
25,1,2.5066037067623244,2.5066037067623244,3.2867750892446543,"[0.2590593228137479, 1.9999477550132012, 0.07006071863060793, 0.05908897056839841, 0.04247007863120163]","[-6.153855220758851, 0.044810350120013887, 7.341268119172401, 16.90467727569223, -1.4615987553771554]",19.485136498370785,0.04546729661524296,0.0007383679784834385,0.00017097795382142066,True,False,1.8592310814724565e-05,1.2,38.54,7.32,cg,0,0.0007806461357622696,50,"[0.7466888232168185, -0.6426250280780244]"
26,1,2.473063308083653,2.473063308083653,3.247547100525606,"[0.25937514586281696, 1.9999454552936113, 0.0696839561624872, 0.058221402754529715, 0.04254508958919129]","[-6.1178920363097085, 0.045349709052763754, 7.349797038860334, 17.060397359365453, -1.4385046045083165]",19.61062542687327,0.048355499282479286,0.0007957739848643542,0.0001713360007852316,True,False,1.7316847653861824e-05,1.2,38.96,7.32,cg,0,0.0007484748754560485,50,"[0.7467307023708399, -0.6427764538766729]"
27,1,2.4398315409373565,2.4398315409373565,3.209624683813875,"[0.259687114089369, 1.999943142786587, 0.06930916969451388, 0.05735144593330988, 0.04261844291541737]","[-6.086179610886202, 0.045989949484662, 7.361968578799088, 17.212029655700896, -1.409060348284068]",19.735290588701222,0.04576179990544915,0.0007474340125918389,0.0001678019855171442,True,False,1.7873257072293923e-05,1.2,39.4,7.54,cg,0,0.0007012870953993911,50,"[0.7470278630031136, -0.6435163330548995]"
28,1,2.4074963399836364,2.4074963399836364,3.1723089356660124,"[0.2599955047656159, 1.9999408124459581, 0.06893613396213703, 0.056479301204684355, 0.04268984091900286]","[-6.054737875049255, 0.04646962740927526, 7.3707793712939145, 17.37648649683901, -1.3872816016912148]",19.871014868882234,0.05005940003320575,0.0008356500137597322,0.0001655379869043827,True,False,1.80181110065028e-05,1.2,40.5,7.48,cg,0,0.0006439154732992247,50,"[0.7469952943871869, -0.6435844450708582]"
29,1,2.3735661927712544,2.3735661927712544,3.1325138232573453,"[0.2603002067606925, 1.9999384738825927, 0.06856520276312386, 0.05560483723741231, 0.04275965524961332]","[-6.019570686949131, 0.04718063416357539, 7.379965484017805, 17.53214024152378, -1.3568993890523462]",19.99796152644513,0.046808299608528614,0.0007661179732531309,0.00017004801891744138,True,False,1.6684578827699247e-05,1.2,39.44,7.44,cg,0,0.000597410456673133,50,"[0.747054976397755, -0.6436809768656018]"
30,1,2.341992340883115,2.341992340883115,3.0968699337850256,"[0.26060121597499103, 1.9999361146104189, 0.06819616687544654, 0.05472814086926185, 0.04282750713477622]","[-5.999694780593234, 0.049764350067290956, 7.391906818754312, 17.710035838972043, -1.3091024129931401]",20.149397482638047,0.046422203071415424,0.0007575060427188874,0.00017093801870942115,True,False,5.0017901160168134e-05,1.16,38.98,7.62,cg,0,0.0006060690455639081,50,"[0.7472104968694252, -0.6438092775871956]"
31,1,2.3069851181560974,2.3069851181560974,3.056981525039351,"[0.26089897648050814, 1.9999336448417766, 0.06782931189505535, 0.053849204620505374, 0.0428924769391615]","[-5.968541227972269, 0.05154333603147365, 7.399710358642344, 17.888621590742638, -1.2574296907681919]",20.296939827010913,0.04665460204705596,0.0007536960300058126,0.00017939601093530655,True,False,5.033973760510263e-05,1.16,37.18,7.64,cg,0,0.0005683738441999794,50,"[0.7471925095236718, -0.644069738112751]"
32,1,2.2730514340325736,2.2730514340325736,3.0179089608511815,"[0.26119303761871654, 1.9999311053783664, 0.0674647391850141, 0.052967858873692084, 0.04295442862751566]","[-5.931066464231401, 0.052198076568177675, 7.404961123270394, 18.04634876113014, -1.228434752419182]",20.425314656787254,0.04691710090264678,0.0007527039851993322,0.00018563803285360337,True,False,4.9066536205862597e-05,1.16,38.4,7.64,cg,0,0.0005279895281166555,50,"[0.7473240042982737, -0.6443151252629925]"
33,1,2.2402799181868267,2.2402799181868267,2.980288513437872,"[0.26148341583631574, 1.999928549820352, 0.06710220077386422, 0.05208433031790311, 0.043014571385314046]","[-5.895085740580036, 0.05302174850677424, 7.4051693591857335, 18.205244710745134, -1.2035958940129037]",20.554098337972075,0.04821419948711991,0.0007818979676812888,0.00018238602206110954,True,False,6.606994527640576e-05,1.14,40.18,7.84,cg,0,0.0005520829084767837,50,"[0.7475913674090262, -0.6449242883880969]"
34,1,2.2065761102047086,2.2065761102047086,2.941478360229562,"[0.26177022412356626, 1.9999259702010648, 0.06674192375090453, 0.05119860697404683, 0.04307312885031025]","[-5.857006760961187, 0.05372870548988929, 7.411136950522717, 18.362375570435557, -1.1773465706366901]",20.683214145974997,0.04871510108932853,0.0007961300108581781,0.0001781720109283924,True,False,6.378692704368138e-05,1.14,38.34,7.84,cg,0,0.000479357618930592,50,"[0.7478369030973914, -0.6453674481680525]"
35,1,2.1705413906159015,2.1705413906159015,2.899540824774111,"[0.26205340094121854, 1.9999233725049277, 0.06638360724855344, 0.050310815770999155, 0.04313005165555079]","[-5.812925929258654, 0.05472084692486492, 7.407986588794882, 18.52330274734762, -1.1424093508027007]",20.810795547614177,0.05069360416382551,0.0008311220444738865,0.00018275003880262374,True,False,6.26711167635849e-05,1.14,40.18,7.88,cg,0,0.00047153217442021084,50,"[0.7478150410283616, -0.6452664045453141]"
36,1,2.136069864176278,2.136069864176278,2.8600020445987893,"[0.26233272356085025, 1.9999207430597055, 0.06602763880075961, 0.04942073433686671, 0.04318494669058845]","[-5.771546162836846, 0.05568116923004538, 7.406692474787845, 18.677981336064683, -1.110937852151259]",20.934997220448,0.04808620037510991,0.0007753800135105848,0.00018634399399161338,True,False,6.216402165594548e-05,1.14,37.28,7.98,cg,0,0.00041956592477611907,50,"[0.7478897879654581, -0.6453947685411592]"
37,1,2.101736062731466,2.101736062731466,2.8192752319786556,"[0.26260841245164807, 1.9999180833426469, 0.06567384403324945, 0.048528544997718914, 0.04323801275218855]","[-5.728219808344213, 0.056560144650470504, 7.402427278659425, 18.84033433983806, -1.0809264228487239]",21.06509508184107,0.05255339713767171,0.0008596999663859606,0.0001913679763674736,True,False,6.119824294371135e-05,1.14,37.62,8.06,cg,0,0.0003454122461411113,50,"[0.7481487455210378, -0.6458295328089567]"
38,1,2.066290264434659,2.066290264434659,2.7788911035432564,"[0.26288034190583837, 1.9999153983253504, 0.06532243677638455, 0.047634158608018506, 0.04328932637876359]","[-5.683891515601309, 0.05776292172019952, 7.401016596940617, 18.985098590982314, -1.0473967534324782]",21.18055746322226,0.047980202827602625,0.0007737740222364664,0.0001858300343155861,True,False,5.825157312215196e-05,1.14,38.92,8.1,cg,0,0.00029703181637099756,50,"[0.7481849933007894, -0.6457903909309455]"
39,1,2.0328446381085308,2.0328446381085308,2.7401924785044343,"[0.2631486961040318, 1.9999126711581443, 0.06497301176198433, 0.04673781305039796, 0.04333877723742025]","[-5.639698619981041, 0.05909079839472866, 7.391740706497067, 19.115499180813675, -1.0606419623717873]",21.28320448670239,0.05005029868334532,0.0008172119781374932,0.0001837939955294132,True,False,6.164345876725208e-05,1.14,39.86,8.2,cg,0,0.0003138743096438681,50,"[0.7481476539076135, -0.6458919137197802]"
40,1,1.9970821538663148,1.9970821538663148,2.6977373297182417,"[0.26341367963239287, 1.9999098947530014, 0.064625707825175, 0.045839663563939814, 0.04338861193045178]","[-5.5895498826193375, 0.0602722114662625, 7.379822325510577, 19.269410568770237, -1.034092076698106]",21.402990638618547,0.05991149879992008,0.0009846099652349948,0.00021362001076340674,True,False,6.878864702080046e-05,1.14,40.52,8.2,cg,0,0.0003687339130050976,50,"[0.7484976533690266, -0.6467500428041041]"
41,1,1.9613153206650897,1.9613153206650897,2.6550990796088527,"[0.26367483705551825, 1.9999070786880653, 0.06428090450073444, 0.044939349636170245, 0.043436927238069765]","[-5.4561529975624845, 0.030153700146089958, 7.401538703620076, 20.379840625365045, -1.6480060711998095]",22.41890090717249,0.0466578034684062,0.0007629480678588152,0.00017020800150930883,True,False,7.368178649572121e-05,1.14,39.74,8.28,cg,0,0.00029299641449286344,50,"[0.7482164311312958, -0.6461671155078782]"
42,1,1.925592600577052,1.925592600577052,2.6126444333929166,"[0.2639182099585839, 1.999905733675646, 0.0639507572408872, 0.044030302368026256, 0.04351043691091011]","[-5.4036115464143055, 0.030488022106148146, 7.3869169403821955, 20.56594434565679, -1.625503789372408]",22.569156354326935,0.04787719901651144,0.0007785979937762022,0.0001789459865540266,True,False,7.624227320467997e-05,1.14,40.3,8.26,cg,0,0.0002382646038590186,50,"[0.7485516103849473, -0.646660283317428]"
43,1,1.888559643284837,1.888559643284837,2.569346334168678,"[0.26415763457248354, 1.9999043828045002, 0.06362345582013033, 0.04311906120234561, 0.04358246015199988]","[-5.364163059928035, 0.02879265005049875, 7.484198431832996, 20.778819575197375, -1.5928611002555488]",22.78343367318802,0.04796879831701517,0.0007747539877891541,0.00018462197855114937,True,False,8.106118953868008e-05,1.12,41.6,8.34,cg,0,8.106118953868008e-05,50,"[0.7485140830239191, -0.6469201805374952]"
44,1,1.85103409272606,1.85103409272606,2.523667302814237,"[0.2643930759522438, 1.9999031190507368, 0.06329496282215383, 0.04220704680309646, 0.043652373279364005]","[-5.330166523818266, 0.027841828347254148, 7.583915090234578, 21.008987419664194, -1.614614428532821]",23.019812131886766,0.05736159905791283,0.0009357880055904388,0.00021144397556781768,True,False,8.337448857598851e-05,1.12,42.24,8.44,cg,0,8.337448857598851e-05,50,"[0.7487180136395108, -0.6471177058015418]"
45,1,1.814311156263233,1.814311156263233,2.479862484347355,"[0.2646246228690062, 1.9999019095782968, 0.06296551117213797, 0.041294398719854714, 0.04372251348812036]","[-5.320449407009985, 0.02525768158690438, 7.799057341497464, 21.277507649904905, -1.584583958033665]",23.331874193275105,0.06953509990125895,0.0011363460030406713,0.00025435599498450755,True,False,6.715092795837069e-05,1.14,45.3,8.56,cg,0,6.715092795837069e-05,50,"[0.7486804315046326, -0.6470019781165556]"
46,1,1.7760834466548332,1.7760834466548332,2.4339136784545783,"[0.26485265638927585, 1.9999008270385328, 0.06263124495432118, 0.04038244850647984, 0.04379042847621088]","[-5.289705804755963, 0.023868898654567882, 7.936920451415444, 21.51701095823289, -1.5733763753919074]",23.588843491630623,0.06226449878886342,0.001014574021100998,0.00023071595467627048,True,False,6.577628571636019e-05,1.14,44.44,8.68,cg,0,6.577628571636019e-05,50,"[0.748759524221359, -0.6474079969829641]"
47,1,1.7373010377134834,1.7373010377134834,2.3861264298155684,"[0.2650769024743545, 1.9998998151661762, 0.06229477570546228, 0.039470279541309716, 0.04385712849801922]","[-5.28006030878328, 0.01941935094794528, 8.242537874085645, 21.80628478778765, -1.5482908935564808]",23.952663850154227,0.049832801800221205,0.0008178819809108972,0.00017877405509352683,True,False,6.684248790233688e-05,1.14,44.24,8.68,cg,0,6.684248790233688e-05,50,"[0.7488252910420017, -0.6472966124137053]"
48,1,1.7012657652878813,1.7012657652878813,2.3434489962590987,"[0.2652973397644027, 1.9998990044275013, 0.06195065791024309, 0.03855988874205267, 0.04392176810984602]","[-5.288012398452836, 0.041514529595550236, 8.271810666993082, 21.284686601119116, -1.6254364800838597]",23.49611835498762,0.05886789783835411,0.0009889059606939554,0.0001884519960731268,True,False,6.579905560086863e-05,1.14,46.58,8.96,cg,0,6.579905560086586e-05,50,"[0.7492927330093008, -0.6483787387026874]"
49,1,1.6649420837587732,1.6649420837587732,2.300958176248604,"[0.26552239874301076, 1.999897237559929, 0.06159860781662049, 0.03765400776721944, 0.043990947046360425]","[-5.2283941045633355, 0.04167804633951332, 8.296935043962243, 21.43916036225747, -1.6158738959322418]",23.63103084044484,0.06176340160891414,0.0010299960616976024,0.00020527197048068047,True,False,6.524443257205276e-05,1.14,45.96,8.96,cg,0,6.524443257205276e-05,50,"[0.7490080267309503, -0.6478520148594257]"
50,1,1.6282337427710116,1.6282337427710116,2.258445593085945,"[0.26574364995035943, 1.9998954738600456, 0.06124750442635235, 0.03674676167600547, 0.04405932636958056]","[-5.1696676392512675, 0.04212503135464208, 8.31794879207651, 21.592498637759874, -1.5994869065630555]",23.76362484790829,0.05527250003069639,0.0009230840019881726,0.0001823659986257553,True,False,6.204293135649464e-05,1.14,47.94,9.06,cg,0,6.204293135649464e-05,50,"[0.7491051359783018, -0.64803639047523]"
51,1,1.5915360163369934,1.5915360163369934,2.214829130484785,"[0.265961195365763, 1.9998937011914557, 0.060897475807193326, 0.03583812510330045, 0.04412663457347339]","[-5.105843128127148, 0.04255624163764225, 8.337361232030286, 21.730577541267227, -1.5861914777505834]",23.88131154432736,0.05354459770023823,0.0008746399637311697,0.00019625199027359486,True,False,6.180144086483097e-05,1.14,46.5,9.32,cg,0,6.180144086483375e-05,50,"[0.7490965630640164, -0.6481424675894767]"
52,1,1.5549155630871063,1.5549155630871063,2.1722025971569723,"[0.26617499614962853, 1.999891919202156, 0.06054835925150476, 0.03492818439505995, 0.044193054354260554]","[-5.040935170852049, 0.04327649843751596, 8.349559559793079, 21.83848712254162, -1.5668488979785606]",23.968783456093362,0.050655401311814785,0.0008306880109012127,0.000182420015335083,True,False,6.0026932272971845e-05,1.14,47.36,9.5,cg,0,6.0026932272971845e-05,50,"[0.7493134404838644, -0.6483022242682249]"
53,1,1.5187514722684898,1.5187514722684898,2.1302494219007295,"[0.26638530866631827, 1.99989011366628, 0.06020000783956349, 0.03401706234493026, 0.0442584247515852]","[-4.968566960145838, 0.04386486309277986, 8.355049207378311, 21.926092703922794, -1.572033191389554]",24.035812002868276,0.05465490138158202,0.0008818900305777788,0.0002112079970538616,True,False,7.978665995214407e-05,1.12,45.04,9.46,cg,0,7.978665995214407e-05,50,"[0.7491784689273587, -0.6482883916200479]"
54,1,1.48070104668427,1.48070104668427,2.086480589358338,"[0.26659202383613845, 1.9998882886868248, 0.05985239947892089, 0.03310483634231408, 0.044323828541194495]","[-4.899205245546429, 0.04461594554326021, 8.366540874353284, 22.027562134198465, -1.5383798718957369]",24.116038543447356,0.05746909789741039,0.0009483539965003729,0.00020102796144783497,True,False,5.634633364759417e-05,1.14,46.42,9.8,cg,0,5.634633364759417e-05,50,"[0.7494799177305246, -0.648853830458272]"
55,1,1.4452688640835551,1.4452688640835551,2.0459812125930275,"[0.2667951751636882, 1.9998864386339872, 0.05950547098737228, 0.03219143748148541, 0.04438761927817895]","[-4.8225704896575845, 0.04588971485104701, 8.357262448459329, 22.04862082683362, -1.5349543807193244]",24.116402985156068,0.053275499027222395,0.0008780279569327831,0.00018748202361166478,True,False,7.724773237464566e-05,1.12,46.12,9.78,cg,0,7.724773237464566e-05,50,"[0.749573876267079, -0.6491020635408292]"
56,1,1.4083492659389076,1.4083492659389076,2.003608642614279,"[0.2669951457186846, 1.9998845357915576, 0.05915893247359571, 0.03127717921338919, 0.04445126701128411]","[-4.742952337881685, 0.046829332943442006, 8.356170690683996, 22.078311595240848, -1.5153173593697047]",24.12615609818193,0.0582368983887136,0.0009775400161743165,0.00018719795159995555,True,False,7.70266063836636e-05,1.12,47.72,9.9,cg,0,7.70266063836636e-05,50,"[0.749445928426638, -0.6487707822265921]"
57,1,1.3722586284354443,1.3722586284354443,1.962958152015147,"[0.2671917353585088, 1.999882594772327, 0.05881257930169663, 0.030362059892081746, 0.04451407508369897]","[-4.664716779258663, 0.04828658367292277, 8.341887898608388, 22.086915664350386, -1.4911935375954983]",24.11233107081317,0.05498370388522744,0.000900826035067439,0.00019884804263710975,True,False,7.50782859426341e-05,1.12,46.36,9.98,cg,0,7.50782859426341e-05,50,"[0.7495854343508185, -0.6490027615580009]"
58,1,1.3342970620038894,1.3342970620038894,1.9195392212736186,"[0.2673851930862319, 1.999880592204283, 0.05846661988890639, 0.02944605904593504, 0.04457591869115253]","[-4.574577108585326, 0.04961988562987946, 8.320311494194835, 22.060482929315132, -1.4702527171934838]",24.06207288125636,0.0535307009704411,0.0008808259852230548,0.00018978803418576718,True,False,7.405368875188306e-05,1.12,49.78,10.2,cg,0,7.405368875188306e-05,50,"[0.7495001804905943, -0.6488247891409397]"
59,1,1.2987083169171094,1.2987083169171094,1.8805359783016922,"[0.2675753087562729, 1.9998785300425619, 0.05812083457211723, 0.028529243481570977, 0.04463702118736671]","[-4.488700614957762, 0.051838377635605476, 8.293344155173935, 21.95921076831051, -1.4451101416636487]",23.942137719779726,0.05487720016390085,0.0008910139743238687,0.00020653002895414829,True,False,7.354181317694803e-05,1.12,49.24,10.34,cg,0,7.354181317694803e-05,50,"[0.7495730246793163, -0.6488694811943266]"
60,1,1.2619510472416615,1.2619510472416615,1.840309925675658,"[0.26776278995228414, 1.9998763648901332, 0.05777444344147162, 0.02761206511494368, 0.04469737962981312]","[-4.396333169581734, 0.05427927335844988, 8.255079726513717, 21.820824252019612, -1.4134638533937318]",23.782835911029547,0.055856998544186354,0.000919917980208993,0.00019722199067473412,True,False,7.134422545474945e-05,1.12,45.98,10.38,cg,0,7.134422545474945e-05,50,"[0.7496055771979845, -0.6492185952823072]"
61,1,1.2261270179247292,1.2261270179247292,1.8022126684383444,"[0.26794764314581593, 1.9998740826024548, 0.05742734102874639, 0.02669456207482127, 0.04475681172860159]","[-4.2998060581179205, 0.05682474009244225, 8.206840222389927, 21.6299958342913, -1.3871663253092772]",23.5716935715252,0.055701700039207935,0.0009168839640915394,0.00019715003669261932,True,False,7.383780476234807e-05,1.12,47.48,10.46,cg,0,7.383780476234807e-05,50,"[0.7495974596638466, -0.6491103240238987]"
62,1,1.1899966709998007,1.1899966709998007,1.7638483904730768,"[0.26813005710961907, 1.9998716718830079, 0.05707917596385026, 0.025776936204293964, 0.04481566054746313]","[-4.198329191414041, 0.059450682034855394, 8.151980859855032, 21.40271281310829, -1.3531450232076032]",23.323623464992266,0.05649499827995896,0.0009322079923003912,0.00019769197329878808,True,False,7.150586637703848e-05,1.12,51.5,10.64,cg,0,7.150586637703821e-05,50,"[0.7496850976275548, -0.6493585388749481]"
63,1,1.152837584941075,1.152837584941075,1.7231248936868102,"[0.268310060409601, 1.9998691229359233, 0.05672965990894819, 0.024859295219207954, 0.044873676619673376]","[-3.9532840436426766, 0.016966544230636094, 8.09535598250117, 23.577781211649224, -2.325322683604455]",25.347236999800295,0.06742499954998493,0.0011119380034506322,0.00023656198754906654,True,False,7.384267031852936e-05,1.12,54.06,10.78,cg,0,7.384267031852909e-05,50,"[0.74973793041395, -0.6494410305265578]"
64,1,1.1152032118725865,1.1152032118725865,1.6812930022735006,"[0.26846602549737436, 1.999868453571281, 0.05641028166735738, 0.023929103845256434, 0.044965415324114064]","[-3.831625518309548, 0.017904449990489495, 8.011207995102039, 23.393411673870254, -2.3193954889625665]",25.129513194649554,0.06889760121703148,0.0011679640226066113,0.00020998800173401832,True,False,7.543217925442408e-05,1.12,51.98,10.82,cg,0,7.543217925442408e-05,50,"[0.7496371835059347, -0.648946249370577]"
65,1,1.0769819820565747,1.0769819820565747,1.6391938726067405,"[0.26861850061650927, 1.9998677410843397, 0.05609148488316464, 0.022998190003363145, 0.04505771299303047]","[-3.6885087338890306, 0.01846934541579441, 7.885355084464445, 23.106103306267403, -2.2977380303218418]",24.79830382628364,0.06513249967247248,0.0010696739889681339,0.0002329760044813156,True,False,8.158731507830613e-05,1.12,57.26,11.14,cg,0,8.158731507830613e-05,50,"[0.7496008906434003, -0.6493247755633723]"
66,1,1.0409909750875068,1.0409909750875068,1.6004319880007214,"[0.26876724098034943, 1.999866996301731, 0.055773505268938414, 0.02206642856245179, 0.04515037005725249]","[-3.538269179717955, 0.019972654466717702, 7.7285251586770185, 22.64430039465627, -2.3170188129418987]",24.297793425871593,0.0716388993896544,0.0011787940096110105,0.0002539839781820774,True,False,8.299161139793149e-05,1.12,59.54,11.24,cg,0,8.299161139793149e-05,50,"[0.7497148123605343, -0.6493502980659351]"
67,1,1.0053841560360481,1.0053841560360481,1.5625210322759555,"[0.26891286198870834, 1.9998661743071526, 0.05545543008314274, 0.021134479722619556, 0.045245729284826605]","[-3.3374552747755217, 0.02098109398778179, 7.467754277954893, 21.820093802166557, -2.308686127986144]",23.416936756250774,0.059053996577858925,0.0009648519568145275,0.00021622797474265098,True,False,8.58460542835654e-05,1.12,54.94,11.52,cg,0,8.58460542835654e-05,50,"[0.7496410363284418, -0.649430620120988]"
68,1,0.9709965639897108,0.9709965639897108,1.5274824559119053,"[0.2690553851252472, 1.9998652783277082, 0.05513652610542061, 0.02020267151779916, 0.04534431972609221]","[-3.1901221948308374, 0.023238993970101367, 7.296693840394818, 21.237861184101494, -2.310240198909717]",22.79919117251908,0.07253009639680386,0.001211309963837266,0.00023929196409881116,True,False,8.588883613402431e-05,1.12,63.0,11.62,cg,0,8.588883613402431e-05,50,"[0.7497448701449054, -0.649453633346851]"
69,1,0.937066119798167,0.937066119798167,1.4930987538374543,"[0.2691953077291041, 1.9998642590374276, 0.05481648432039142, 0.019271153332681742, 0.04544564964526904]","[-3.0179280690173216, 0.028185464519131863, 7.044612785802361, 20.238982731351992, -2.3070333252903765]",21.76405473058794,0.07290309900417924,0.0012350059766322375,0.00022305600345134735,True,False,8.585161621560478e-05,1.12,62.26,11.9,cg,0,8.585161621560755e-05,50,"[0.7497728627692004, -0.6495953463907326]"
70,1,0.9020500888343801,0.9020500888343801,1.4557988949426128,"[0.26933397343759624, 1.9998629639908534, 0.054492803238319065, 0.018341226304793068, 0.045551651645068365]","[-3.2549449181952057, 0.03957088467104689, 7.532199112560709, 21.95595880836403, -1.7328561115419558]",23.50313113703247,0.07322260038927197,0.00120671802200377,0.0002577339857816696,True,False,8.539610348416244e-05,1.12,61.26,11.92,cg,0,8.539610348416244e-05,50,"[0.7495603756648435, -0.6489850904743917]"
71,1,0.864519377877846,0.864519377877846,1.4150690106596737,"[0.26947246327961255, 1.9998612803477491, 0.05417232682739643, 0.017407054654240722, 0.04562538037939593]","[-3.8197402017902715, 0.0713491318397965, 8.544950138902044, 25.220451068311355, -1.7052204559805098]",26.955344695935366,0.07734979735687375,0.0013140979781746864,0.0002328979689627886,True,False,8.415202475245076e-05,1.12,68.14,11.94,cg,0,8.415202475245076e-05,50,"[0.749785903730161, -0.649562431138445]"
72,1,0.8275513986365216,0.8275513986365216,1.3739747856051452,"[0.2696141695068835, 1.9998586334095392, 0.05385532289979043, 0.016471416421753985, 0.045688641319857004]","[-3.7059062460585017, 0.07681110980550482, 8.421578027948597, 24.711527059527963, -1.675253354191249]",26.42212445937123,0.07738989917561412,0.0013104539830237627,0.00023734400048851966,True,False,8.156046703856945e-05,1.12,67.16,12.38,cg,0,8.156046703856945e-05,50,"[0.7498944216189884, -0.6497912297305681]"
73,1,0.7907882496565705,0.7907882496565705,1.3372642559372159,"[0.269754427200833, 1.9998557263340722, 0.05353659084474392, 0.01553615752171394, 0.04575204475120121]","[-3.576005619767851, 0.08292253900355252, 8.26217045927742, 23.89266137510378, -1.639884222631374]",25.585281723820316,0.07511070184409618,0.0012884860392659903,0.00021372799761593342,True,False,8.834308137742275e-05,1.12,69.4,12.6,cg,0,8.834308137742248e-05,50,"[0.7497451651985564, -0.6494152468388075]"
74,1,0.7543964738936865,0.7543964738936865,1.2992726020169147,"[0.2698941952775823, 1.9998524853090214, 0.05321366415008641, 0.014602313539377585, 0.04581613957885521]","[-3.2486187070945505, 0.026407581959123558, 8.10968694141331, 27.349458270716205, -0.8884245008190237]",28.72461329500367,0.07415379956364632,0.001253368007019162,0.00022970798425376416,True,False,8.28734531121056e-05,1.12,73.52,12.74,cg,0,8.28734531121056e-05,50,"[0.7497883280843349, -0.6496506451677394]"
75,1,0.7162774433997805,0.7162774433997805,1.2521494239197706,"[0.2700072905758068, 1.999851565972643, 0.052931338784803196, 0.013650187291797388, 0.045847068611447016]","[-3.126954583752122, 0.026883170858536993, 7.989686861798987, 27.50644669457355, -0.9049816653560299]",28.82771696474374,0.09272760013118386,0.0015455700177699327,0.0003089819848537445,True,False,8.070330342436593e-05,1.12,70.9,13.16,cg,0,8.070330342436593e-05,50,"[0.7497240461978092, -0.6492801461173693]"
76,1,0.6781241653474084,0.6781241653474084,1.206686279155585,"[0.27011576099639084, 1.9998506334266877, 0.052654185832618564, 0.01269602062201706, 0.045878461373712286]","[-2.991654728380508, 0.028133996817521045, 7.825184518891526, 27.415779190679274, -0.9206997338779975]",28.681996773627244,0.08511199662461877,0.001455135950818658,0.0002471039816737175,True,False,7.924647742989315e-05,1.12,73.62,13.3,cg,0,7.924647742989315e-05,50,"[0.7497927553537087, -0.6495672891029475]"
77,1,0.641343346403243,0.641343346403243,1.1655082008010949,"[0.27022006526613496, 1.9998496525327478, 0.052381360178938345, 0.011740167394429644, 0.04591056163999125]","[-2.8481716554519427, 0.030477270788510532, 7.624324566496975, 27.02879527912951, -0.9279721162679598]",28.242879496041272,0.09734049998223782,0.001686600036919117,0.00026020996272563935,True,False,7.290302053130832e-05,1.12,76.28,13.54,cg,0,7.290302053130832e-05,50,"[0.7497795423601556, -0.6493982916470592]"
78,1,0.6051029677197617,0.6051029677197617,1.1216852234353343,"[0.2703209109201962, 1.9998485734193099, 0.05211140454048102, 0.010783154662000536, 0.04594341849215341]","[-2.685602379142232, 0.03254208476964468, 7.371340064222359, 26.384161254476712, -0.9453465741078483]",27.542109917650695,0.09612809866666794,0.0016874039638787508,0.00023515800945460795,True,False,6.610741626101202e-05,1.12,90.8,13.96,cg,0,6.610741626101202e-05,50,"[0.7497953723165162, -0.6496135252496641]"
79,1,0.570713547432689,0.570713547432689,1.08444648924805,"[0.2704184198760124, 1.9998473918800281, 0.05184376563823299, 0.009825197507214433, 0.04597774217239795]","[-2.515555667291646, 0.03640932017878032, 7.05973445811102, 25.31296007967571, -0.960868306536351]",26.416631361145225,0.09441380156204104,0.0016399740055203437,0.0002483020257204771,True,False,6.636455317859808e-05,1.12,88.06,14.3,cg,0,6.636455317859808e-05,50,"[0.7497757321232502, -0.6494002387738346]"
80,1,0.535025512871026,0.535025512871026,1.0421749179723894,"[0.2705136460853199, 1.9998460136073908, 0.051576519812626793, 0.008866976917591907, 0.046014115784663794]","[-2.368373930682275, 0.033735901920673904, 6.876787440499791, 25.559003057885885, -0.9939731162954635]",26.59231390002321,0.11253740126267076,0.0020001500006765127,0.0002505980245769024,True,False,6.515827094969229e-05,1.12,94.66,14.88,cg,0,6.515827094969229e-05,50,"[0.7497405738534272, -0.6497655238539236]"
81,1,0.49985512635688095,0.49985512635688095,1.0015533574246267,"[0.270602708433918, 1.9998447449738281, 0.051317919246083574, 0.00790583441780732, 0.046051493995525584]","[-2.207264571932505, 0.034556426144944405, 6.582115666811233, 25.277621319900433, -1.026038725164833]",26.233725483548863,0.10257210163399577,0.0018117040116339923,0.00023973802104592322,True,False,6.235207394364368e-05,1.12,99.76,14.92,cg,0,6.235207394364368e-05,50,"[0.7497984151048417, -0.649778971294327]"
82,1,0.467245400302634,0.467245400302634,0.9652593350188133,"[0.2706868468676007, 1.9998434277218746, 0.05106701642746988, 0.006942280029209771, 0.04609060543342521]","[-2.015111756535127, 0.03458267400915409, 6.1897654055966065, 24.34498650219254, -1.0779495235547254]",25.223310847235282,0.11129830172285438,0.0019659180473536255,0.00026004798710346224,True,False,5.979375915298818e-05,1.12,104.92,16.08,cg,0,5.979375915298818e-05,50,"[0.7499797973388767, -0.6497342584607165]"
83,1,0.4352866188868398,0.4352866188868398,0.9315675049738488,"[0.27076673771811827, 1.9998420566618176, 0.05082161781811049, 0.005977101958469078, 0.04613334167570683]","[-1.802919757414902, 0.03706507187612733, 5.673165261595724, 22.517066807376924, -1.1259751738544466]",23.317864723353615,0.12098509864881635,0.0021105739939957856,0.00030912797898054124,True,False,6.297814267431146e-05,1.12,104.54,17.26,cg,0,6.297814267431146e-05,50,"[0.7498397933278571, -0.6496921067651131]"
84,1,0.4053879957087151,0.4053879957087151,0.9015259127582471,"[0.27084405696577357, 1.9998404671049557, 0.05057832087267146, 0.005011444636344738, 0.046181629766711946]","[-1.563009729407893, 0.04063162990866363, 5.021533083163352, 19.412192237797917, -1.1760444426321723]",20.14638262460893,0.11769810086116195,0.002071456015110016,0.0002825060021132231,True,False,6.494794752578358e-05,1.12,110.46,18.3,cg,0,6.494794752578358e-05,50,"[0.7498226037792425, -0.6499723200116682]"
85,1,0.3803404258354378,0.3803404258354378,0.8764767239547341,"[0.27092163961465177, 1.9998384502848314, 0.05032906852913757, 0.0040478874261723145, 0.04624000473478871]","[-1.2663281105879443, 0.04443742392966625, 4.110057427556785, 14.131979138379613, -1.2811812373400164]",14.82742032036032,0.12713859742507339,0.0022638059873133897,0.0002789659611880779,True,False,7.329117905718164e-05,1.12,121.9,19.64,cg,0,7.329117905718164e-05,50,"[0.7498385564225754, -0.64968269930471]"
86,1,0.3636145765199401,0.3636145765199401,0.8607787880842973,"[0.2710070440938627, 1.9998354533087583, 0.05005187550847194, 0.0030947897981229403, 0.04632641094770859]","[-0.6441728991928746, 0.020095714506342205, 2.513602814430274, 6.545855532322688, -1.612388875958426]",7.223682177938194,0.12882070057094097,0.0022601439896970986,0.0003162700217217207,True,False,7.812318366185345e-05,1.12,122.62,20.66,cg,0,7.812318366185317e-05,50,"[0.7498201331219329, -0.6500001954807219]"
87,1,0.358183879353577,0.358183879353577,0.8561207389710012,"[0.2710962192379563, 1.9998326713875707, 0.04970390853648097, 0.002188623750091622, 0.046549619670907906]","[-0.1936608442098616, 0.009185945627385804, 1.0448027792644132, -3.471383575092212, -1.8223288350869964]",4.062091586897728,0.14835590310394764,0.0025873840413987636,0.0003797340206801891,True,False,8.224001520278162e-05,1.12,131.46,22.48,cg,0,8.224001520278162e-05,50,"[0.7497876777497625, -0.6497897520409953]"
88,1,0.35905190327236575,0.35905190327236575,0.8543075857957424,"[0.2711438943924966, 1.9998304100043822, 0.04944670045619612, 0.0030432040814250107, 0.04699823802321594]","[-0.4241398839774318, 0.0046208570183198, 2.0776206222914717, 5.2641097078794825, -1.7021501861562498]",5.924912633659128,0.14022969966754317,0.0024388579837977885,0.0003657360095530748,True,False,7.970990966955333e-05,1.12,115.96,20.96,cg,0,7.9709909669545e-05,50,"[0.7498405751138999, -0.6494283511942175]"
89,1,0.3526926030702425,0.3526926030702425,0.8497931371215842,"[0.27121548023858927, 1.9998296301014025, 0.0490960420160804, 0.0021547336460829144, 0.047285524991161954]","[-0.1512013933873955, 0.0094703806284333, 0.8661460151329969, -4.70622277211007, -1.7774704518244184]",5.106965288391786,0.14773709746077657,0.0025687499810010195,0.00038599196821451185,True,False,7.911817818332028e-05,1.12,131.68,22.34,cg,0,7.911817818332028e-05,50,"[0.7497860042322793, -0.6497936048389747]"
90,1,0.35589323808971257,0.35589323808971257,0.8490375162154699,"[0.27124508713521367, 1.9998277756966647, 0.04892644109536685, 0.003076263851484126, 0.04763357326466727]","[-0.6177844794499036, 0.020805587635773986, 2.4083181489745575, 6.035654100610091, -1.5233230844816423]",6.703112745891446,0.15043059922754765,0.002672877972945571,0.000335734011605382,True,False,7.982165743226465e-05,1.12,128.72,21.06,cg,0,7.982165743226465e-05,50,"[0.7496423019371704, -0.6496391604367909]"
91,1,0.3492365768863875,0.3492365768863875,0.8454894446394343,"[0.2713372509556322, 1.999824671827101, 0.04856715754458794, 0.0021758382837642467, 0.047860829338375425]","[-0.14300358212787656, 0.00983997123337241, 0.8300325144883907, -4.44212705369491, -1.7444928347308122]",4.846158152210735,0.13372810278087854,0.0023239040188491344,0.00035065803676843644,True,False,8.002811513183522e-05,1.12,125.82,22.3,cg,0,8.002811513183522e-05,50,"[0.7495773952336995, -0.649095833077348]"
92,1,0.3517662742370057,0.3517662742370057,0.8439922376850687,"[0.27136675960508333, 1.9998226413586513, 0.048395881146202455, 0.003092466861135759, 0.04822080373037397]","[-0.509213790783996, 0.01420816031707095, 2.1675640340177154, 5.423495495695826, -1.6229783972971645]",6.083271871948313,0.13967860164120793,0.0024604519829154016,0.0003331200499087572,True,False,8.092747339446732e-05,1.12,123.28,20.74,cg,0,8.092747339446732e-05,50,"[0.7496951178391595, -0.6497263968571797]"
93,1,0.3456406917758049,0.3456406917758049,0.8392988751511306,"[0.2714504668273511, 1.9998203057470572, 0.048039565650316654, 0.0022009243476713266, 0.04848759739522962]","[-0.130031184266736, 0.010230523444033785, 0.7549251643341153, -4.538767663873957, -1.6970289980336606]",4.905837757512128,0.14418000262230635,0.0025541860330849887,0.00032941401936113833,True,False,7.644075036809029e-05,1.12,134.4,22.2,cg,0,7.644075036809029e-05,50,"[0.7495666769945438, -0.6489955662672848]"
94,1,0.3500300897622779,0.3500300897622779,0.8374122549316834,"[0.27147697222574935, 1.9998182203696053, 0.04788568262329966, 0.003126101226176681, 0.04883351772149584]","[-0.5046474055411116, 0.013922702842145593, 2.1482355554335353, 5.174122966575352, -1.5769191262075182]",5.841917600501074,0.1388705992139876,0.0024495879560709,0.0003278240282088518,True,False,8.083484310775186e-05,1.12,123.26,20.86,cg,0,8.083484310775186e-05,50,"[0.7499547006443423, -0.649529305446751]"
95,1,0.3431762227256921,0.3431762227256921,0.834563850613913,"[0.2715633560880297, 1.9998158371276988, 0.04751795481507423, 0.0022404120878626, 0.04910344948599083]","[-0.11353811237923749, 0.009935074492606957, 0.6803149693916908, -5.480727965500895, -1.6650127424649048]",5.7694423067260425,0.15764799900352955,0.0027843579929322003,0.00036860198713839054,True,False,7.75765547592594e-05,1.12,132.82,22.22,cg,0,7.75765547592594e-05,50,"[0.7499227488048671, -0.6497726085862401]"
96,1,0.3462152324438047,0.3462152324438047,0.8331661356412198,"[0.2715830353059373, 1.9998141151112607, 0.047400037877334746, 0.00319037010341663, 0.04939204111299007]","[-0.5705695729449903, 0.020354276841345227, 2.2422419398670037, 5.5398723349497425, -1.4092903132137633]",6.166838535709733,0.1275573968887329,0.0022224459983408453,0.0003287019394338131,True,False,8.302655297826894e-05,1.12,120.54,20.94,cg,0,8.302655297826894e-05,50,"[0.7496037983609809, -0.6492606590773378]"
97,1,0.3399711279762538,0.3399711279762538,0.8289669230588557,"[0.27167555752288014, 1.9998108145097093, 0.047036441210011694, 0.0022920374647441254, 0.049620568308055196]","[-0.1079035167572602, 0.010838348238193067, 0.631768133790517, -5.0165425181719145, -1.6275033262487386]",5.312754231768263,0.1288939006626606,0.002255816012620926,0.0003220620006322861,True,False,7.607439567832747e-05,1.12,125.34,22.4,cg,0,7.607439567832747e-05,50,"[0.7499071847494505, -0.6499311296816352]"
98,1,0.3433526217444484,0.3433526217444484,0.8284057101759297,"[0.27169586780113314, 1.9998087744476694, 0.04691752584029746, 0.003236282633705761, 0.04992690721532302]","[-0.5563036025173005, 0.020121703554170912, 2.1970767043861774, 5.533923332477882, -1.3801390470297485]",6.137272673180113,0.13266639737412333,0.002356373947113752,0.0002969540003687143,True,False,7.860554396161484e-05,1.12,123.58,20.66,cg,0,7.860554396161484e-05,50,"[0.7499112581286173, -0.6499155365518006]"
99,1,0.3371899647279488,0.3371899647279488,0.825708244781492,"[0.2717865112566305, 1.9998054958409295, 0.046559536743018236, 0.0023345916666807106, 0.05015178545037947]","[-0.10206993748249145, 0.01054579000826844, 0.6175880226248203, -5.142552791160793, -1.595672120472024]",5.420697665194173,0.13743920158594847,0.0024212240148335697,0.00032756001688539983,True,False,7.677433352480029e-05,1.12,129.14,22.3,cg,0,7.677433352480029e-05,50,"[0.7494047124965132, -0.6491324445227808]"
100,1,0.3417410369798434,0.3417410369798434,0.8249806005626054,"[0.2718053409246489, 1.9998035503736378, 0.0464456052787205, 0.0032832800289245576, 0.05044615200958149]","[-0.5838471676684514, 0.022463593974266716, 2.250866923775705, 5.980419224704274, -1.4678407559100182]",6.58238213906783,0.12269380129873753,0.0021518200170248746,0.0003020560089498758,True,False,8.167723798346488e-05,1.12,119.46,20.56,cg,0,8.167723798346488e-05,50,"[0.7498945313154354, -0.649697044252951]"
101,1,0.3347921369233448,0.3347921369233448,0.8211140913214934,"[0.2718940393859726, 1.9998001376890662, 0.04610365203506508, 0.0023747306470373116, 0.05066914738187613]","[-0.10355826722158158, 0.010738965364850875, 0.5997911521985921, -4.916983959958968, -1.5567840577169556]",5.1933512235548065,0.1380003015510738,0.0024344400223344563,0.00032556600868701937,True,False,7.615386564378212e-05,1.12,129.86,22.0,cg,0,7.615386564378212e-05,50,"[0.7497256365720261, -0.6492386264311103]"
102,1,0.3387416378626264,0.3387416378626264,0.8204000471497708,"[0.27191397993355815, 1.9997980698594702, 0.045988159913260815, 0.003321515054128991, 0.05096891221394763]","[-0.6692219707967453, 0.031205425356277586, 2.3769125458388243, 6.1881199618876765, -1.4301054264858681]",6.814438734695016,0.1223067999817431,0.0021553180273622273,0.0002908179722726345,True,False,8.102195570563047e-05,1.12,116.34,20.58,cg,0,8.102195570562936e-05,50,"[0.7496302719829161, -0.6495293496256976]"
103,1,0.33252478707973326,0.33252478707973326,0.8168864177303953,"[0.2720121864031961, 1.999793490549777, 0.04563935458416039, 0.002413425598503921, 0.05117877622211528]","[-0.11681342857882657, 0.010633571508859298, 0.6426695185503973, -3.8505454299984105, -1.499162471076819]",4.183416161844286,0.12532829772680998,0.0021976420003920792,0.0003089239541441202,True,False,8.047372126027713e-05,1.12,122.28,22.22,cg,0,8.047372126027713e-05,50,"[0.7498033667231436, -0.6497624642449663]"
104,1,0.3365393991913486,0.3365393991913486,0.8162093187170125,"[0.27204010937906836, 1.9997909487105014, 0.0454857314461474, 0.003333856480852581, 0.05153713465759485]","[-0.6366842709196185, 0.02864120373850559, 2.284476301705408, 5.740352124370868, -1.265614366435773]",6.338646652775292,0.1357168983668089,0.0023891019821166994,0.0003252359852194786,True,False,8.038006527759378e-05,1.12,124.94,20.56,cg,0,8.038006527759656e-05,50,"[0.7497572942160479, -0.6499099664528952]"
105,1,0.329692223138837,0.329692223138837,0.8130897692682413,"[0.2721405542067573, 1.9997864302059527, 0.04512532702127781, 0.002428244851443972, 0.051736800995784246]","[-0.08113861973758268, 0.011389780288317277, 0.47418520389302293, -5.252630605136485, -1.485218920667286]",5.479741629550026,0.1477425005286932,0.0026207419857382772,0.00033410802483558656,True,False,7.90188774373457e-05,1.12,125.22,21.84,cg,0,7.90188774373457e-05,50,"[0.7497882186180763, -0.6498429385906912]"
106,1,0.333231331196578,0.333231331196578,0.8125873200564947,"[0.27215536122234457, 1.999784351680895, 0.0450387927946914, 0.0033867992796039826, 0.05200783912509806]","[-0.6394387788230634, 0.030904465099609847, 2.2627297281727117, 5.817214244215287, -1.3572862556978595]",6.419656564302325,0.13534529926255345,0.0023671019822359084,0.0003398040030151606,True,False,8.022760629307846e-05,1.12,121.88,20.68,cg,0,8.022760629307846e-05,50,"[0.7497832053577675, -0.6497604038901034]"
107,1,0.32709608502875687,0.32709608502875687,0.8096563920076838,"[0.27225496760662987, 1.99977953764376, 0.044686323826117196, 0.002480642667479774, 0.05221926573988519]","[-0.07625123398120408, 0.011576492870872104, 0.44189201366863906, -5.0304306825786504, -1.4530489815608112]",5.255264123967375,0.13371719792485237,0.002319559985771775,0.0003547839727252722,True,False,7.548239876194879e-05,1.12,117.92,21.36,cg,0,7.548239876194879e-05,50,"[0.7498012178543805, -0.6494442635234882]"
108,1,0.3310034773476211,0.3310034773476211,0.8093037258531202,"[0.2722694771026643, 1.999777334806263, 0.04460223823057705, 0.0034378601475069798, 0.052495759736572715]","[-0.6369127314367519, 0.030005178650966805, 2.274540428511949, 6.0155327372709095, -1.3163968273684128]",6.59542470349189,0.13031459832563996,0.002278225962072611,0.0003280660044401884,True,False,7.905863761834498e-05,1.12,122.8,20.34,cg,0,7.905863761834498e-05,50,"[0.749693580058096, -0.6491194096154081]"
109,1,0.3255506514090674,0.3255506514090674,0.8067678213482437,"[0.2723660459757807, 1.9997727854133134, 0.04425737182235882, 0.0025257835176011054, 0.052695352164103856]","[-0.0903927647524367, 0.011147077382551909, 0.495344619021346, -4.558517634638301, -1.4113563031933787]",4.798507167934546,0.12806990137323737,0.002243180004879832,0.00031821802258491516,True,False,7.824141678015345e-05,1.12,127.96,21.74,cg,0,7.824141678015345e-05,50,"[0.7497571284041692, -0.6490030319320851]"
110,1,0.328001839692702,0.328001839692702,0.8049323504636025,"[0.27238488366041264, 1.999770462383048, 0.044154142921873224, 0.0034757701434730156, 0.05298947620174841]","[-0.5317816120724261, 0.02183321557414115, 2.0600944527482, 5.657511851176118, -1.2907538966915444]",6.180675003145465,0.1308899000287056,0.002312080040574074,0.0003057179600000381,True,False,8.001118613031377e-05,1.12,121.32,20.2,cg,0,8.001118613031377e-05,50,"[0.7498807049877981, -0.6500005886955005]"
111,1,0.32253429663128247,0.32253429663128247,0.8029152413568627,"[0.27247092306738935, 1.9997669298861023, 0.043820830710607224, 0.002560415130083451, 0.053198313245570616]","[-0.08792455910606162, 0.010891772599484553, 0.4937844862047387, -4.284265406603615, -1.3646845484272165]",4.524264190844437,0.13018939876928926,0.0022985559701919557,0.00030523200519382953,True,False,7.85980845219028e-05,1.12,123.42,21.3,cg,0,7.85980845219028e-05,50,"[0.7498257574638875, -0.6494442595687625]"
112,1,0.3254025184419391,0.3254025184419391,0.8027385355558854,"[0.2724903570693348, 1.999764522473065, 0.04371168931981602, 0.0035073680985521247, 0.053499950040098936]","[-0.49214841055830305, 0.01929998276787184, 1.954316167101766, 5.1614768750634195, -1.128765156490416]",5.654811096638554,0.13879920402541757,0.002466962030157447,0.0003090220503509045,True,False,8.165934778042367e-05,1.12,129.98,20.3,cg,0,8.165934778042367e-05,50,"[0.7498904897400184, -0.6498449286163048]"
113,1,0.32076388512460385,0.32076388512460385,0.7990714156758721,"[0.2725773888732378, 1.9997611094531718, 0.043366086940999526, 0.0025946096021243928, 0.05369956151022599]","[-0.06489625008959514, 0.011416689417058742, 0.361187803373158, -5.33286012221689, -1.3402601307088602]",5.510943004103503,0.1448401976376772,0.0025455039646476506,0.0003512999881058931,True,False,7.525184304166599e-05,1.12,132.06,21.68,cg,0,7.525184304166599e-05,50,"[0.7498466341731762, -0.6497125004401536]"
114,1,0.3246357423307816,0.3246357423307816,0.8001410717369639,"[0.2725891647616891, 1.9997590378132715, 0.043300546832339595, 0.0035622951901042184, 0.05394276129100175]","[-0.5112145749492174, 0.021718250408125642, 1.9635262930313502, 5.431863555777762, -1.2103560473638912]",5.923457687655388,0.1247556977905333,0.002180137960240245,0.00031497599557042124,True,False,7.962847140893071e-05,1.12,120.14,19.94,cg,0,7.962847140893071e-05,50,"[0.7497458775984167, -0.6486269888953643]"
115,1,0.31858160990064716,0.31858160990064716,0.7955840842575588,"[0.2726754681678784, 1.9997553713313703, 0.04296906370268174, 0.0026452862670590057, 0.054147093981633095]","[-0.0849972696027863, 0.011078035381827571, 0.45313677380579415, -4.35067560869255, -1.3008570055648447]",4.56434961363417,0.14076660107821226,0.0024584279861301185,0.00035690403543412683,True,False,7.611579389641715e-05,1.12,126.96,21.32,cg,0,7.611579389641715e-05,50,"[0.7496465082301974, -0.6497491027541259]"
116,1,0.3215227973489085,0.3215227973489085,0.7952096712849637,"[0.27269409015716034, 1.9997529442527464, 0.04286978630018984, 0.003598472586254069, 0.05443209778620452]","[-0.5557370016585861, 0.025276884611687433, 2.039502999962763, 5.456151158987785, -0.9573442189560621]",5.92917772090343,0.1379569019190967,0.0024456560146063565,0.00031348202377557755,True,False,8.070180480923977e-05,1.12,124.42,19.78,cg,0,8.070180480923672e-05,50,"[0.7497911758084834, -0.6497037841529146]"
117,1,0.31655953570132356,0.31655953570132356,0.7934114677549807,"[0.27278781934318314, 1.9997486811178233, 0.0425258089232884, 0.002678252040522778, 0.054593561021725266]","[-0.07164987100443151, 0.011894775298337662, 0.35398294956080956, -4.383256538567424, -1.2715097650357243]",4.578237006070066,0.13285339949652553,0.0023505640029907226,0.0003065039869397879,True,False,7.564861934378747e-05,1.12,126.26,21.28,cg,0,7.564861934378747e-05,50,"[0.7498266323583406, -0.6497117280839068]"
118,1,0.31949532636805167,0.31949532636805167,0.7926664708567226,"[0.2728034694440612, 1.9997460830052136, 0.0424484903071892, 0.0036356634920921183, 0.054871290148258506]","[-0.4914942164099363, 0.021065020429735126, 1.8924181005374427, 5.295667752739052, -1.1580762986892696]",5.762681166616629,0.1310544004663825,0.0023277900088578465,0.0002932980004698038,True,False,7.878999974555767e-05,1.12,122.94,19.66,cg,0,7.878999974555767e-05,50,"[0.7498576258026008, -0.6496071093033149]"
119,1,0.31497224197282675,0.31497224197282675,0.7902562553098846,"[0.2728887586006385, 1.9997424275851379, 0.04212009835811316, 0.002716704486950893, 0.05507225151762891]","[-0.07746279721260035, 0.0114818067976286, 0.37993511279261427, -4.110464997811789, -1.2244324477052972]",4.306464945172726,0.129727799911052,0.00226158800534904,0.0003329679928719997,True,False,7.423009895852372e-05,1.12,125.44,20.96,cg,0,7.423009895852372e-05,50,"[0.7497501926234165, -0.6493529550079082]"
120,1,0.31748662020910334,0.31748662020910334,0.7909620816503395,"[0.2729067461607791, 1.9997397614060464, 0.04203187399833281, 0.0036711915312410996, 0.0553565757749977]","[-0.6386527977949786, 0.03497310081225547, 2.132507983628675, 5.932059763893891, -1.0026059377448717]",6.414923423000616,0.12184349820017815,0.0021280060149729252,0.00030886394903063775,True,False,7.794437125668269e-05,1.12,116.6,19.5,cg,0,7.794437125668269e-05,50,"[0.7497299514276514, -0.6490869942049702]"
121,1,0.3134501029798668,0.3134501029798668,0.787504544109801,"[0.27300630351409144, 1.9997343095715503, 0.04169944477935723, 0.0027464634601779524, 0.05551286851171125]","[-0.053297390812294676, 0.011902200027521048, 0.24679108656144608, -5.105778083921783, -1.2044455258577274]",5.252004091930409,0.13277279864996672,0.0023015419859439136,0.0003539139870554209,True,False,7.620875805760013e-05,1.12,122.88,21.48,cg,0,7.620875805760013e-05,50,"[0.7492686656915554, -0.6475566298825871]"
122,1,0.3171950453897682,0.3171950453897682,0.7872381303981442,"[0.2730164515242356, 1.9997320433509196, 0.04165245489088901, 0.0037186215151944254, 0.0557421991642671]","[-0.561389537073195, 0.026960628384209442, 2.034179783717459, 5.4572223946226295, -0.9886093007349285]",5.934003462602064,0.14451800100505352,0.0025743740051984787,0.0003159860149025917,True,False,8.03051621811704e-05,1.12,130.3,19.38,cg,0,8.03051621811704e-05,50,"[0.7498231228017634, -0.6495323441736032]"
123,1,0.3112277298250642,0.3112277298250642,0.7836892043200274,"[0.27311105705328803, 1.9997274999379355, 0.04130965431852758, 0.002798968800446938, 0.05590879989289809]","[-0.1344653796416761, -0.0025410946157196006, 1.422911987175838, -3.664164738209395, -1.2917165476312267]",4.139734386031811,0.12948069907724857,0.00226599195972085,0.0003236220218241215,True,False,7.396876879745301e-05,1.12,123.92,21.0,cg,0,7.396876879745301e-05,50,"[0.7497995637012265, -0.6498615154847242]"
124,1,0.31266277490064065,0.31266277490064065,0.7826071006023353,"[0.27314353869753627, 1.9997281137682874, 0.04096593371856994, 0.0036840895342041104, 0.05622082873988829]","[-0.32894740371148645, -0.00734335529585735, 2.412478339890525, 3.857432823904054, -1.1939510847635282]",4.715253889607312,0.1288896962068975,0.002254595970734954,0.00032319795340299604,True,False,7.986129676105624e-05,1.12,125.08,19.88,cg,0,7.986129676105624e-05,50,"[0.7498931924987744, -0.6499391271410634]"
125,1,0.3071137319275953,0.3071137319275953,0.778031275950748,"[0.2732133010923814, 1.9997296711298773, 0.04045430096329114, 0.002866014216650589, 0.05647403908920624]","[-0.11134835020908503, -0.0020543759338137414, 1.338954990124459, -4.166912499383548, -1.258232534686164]",4.555382753402349,0.1434843959286809,0.0025371399242430925,0.0003325479943305254,True,False,7.937264925684639e-05,1.12,127.18,20.74,cg,0,7.937264925684612e-05,50,"[0.7496867479598055, -0.6495959684590401]"
126,1,0.30890867796602256,0.30890867796602256,0.7777525042155794,"[0.2732377443403393, 1.9997301221075545, 0.04016037286497043, 0.003780737023500709, 0.05675024695197479]","[-0.6033792706058704, 0.0202555057454929, 2.7804010210411096, 4.8804476034082125, -1.0062148507333826]",5.738148116157833,0.14262540126219392,0.002483751978725195,0.0003687560465186834,True,False,8.41960084263016e-05,1.12,129.48,19.36,cg,0,8.41960084263016e-05,50,"[0.7497800758879731, -0.6495515680519982]"
127,1,0.3052264384035562,0.3052264384035562,0.7740962642208029,"[0.2733428966051966, 1.999726592134934, 0.039675826114995934, 0.002930210424367616, 0.05692560228093966]","[-0.11087763500885625, -0.0017480640181797666, 1.3211919840399955, -4.249352443697862, -1.240294606682779]",4.620949260324321,0.13689639884978533,0.0024381959810853004,0.00029973199591040614,True,False,8.167892485289513e-05,1.12,127.06,20.54,cg,0,8.167892485289513e-05,50,"[0.7495966065547129, -0.6494858957283326]"
128,1,0.30640809027782967,0.30640809027782967,0.7724820855091779,"[0.27336689116318424, 1.9997269704260425, 0.03938991257011071, 0.003849794735596352, 0.057194009168040454]","[-0.6866457855667711, 0.029965753765902284, 2.8784618155242687, 5.220191785958215, -0.984314336159292]",6.080888076524757,0.1446102992631495,0.0025334019772708417,0.0003588040079921484,True,False,8.326133790516637e-05,1.12,119.22,19.62,cg,0,8.326133790516637e-05,50,"[0.7497948188158067, -0.6497140939128963]"
129,1,0.3006904501482929,0.3006904501482929,0.7694345573791839,"[0.27347980983177556, 1.99972204256791, 0.03891655049226501, 0.0029913359513848345, 0.05735587932970276]","[-0.09475605948227195, -0.0018132102879587894, 1.2906734694576676, -4.5390408633163215, -1.2041957567536232]",4.871118904598907,0.13577239867299795,0.0024014339875429867,0.00031401398591697217,True,False,8.007898325619462e-05,1.12,132.52,20.82,cg,0,8.007898325619462e-05,50,"[0.7498033123497336, -0.6495900470695509]"
130,1,0.3023150021417949,0.3023150021417949,0.7683439670157858,"[0.27349926245884515, 1.999722414804828, 0.03865158601603878, 0.003923163104710759, 0.05760309065426507]","[-0.5836741308914754, 0.0205008389575815, 2.7448922565956373, 4.660864949282233, -0.9546100930483185]",5.523628497734616,0.15412609744817019,0.0027479379810392856,0.00033458396792411803,True,False,8.248856792690357e-05,1.12,121.2,18.86,cg,0,8.248856792690357e-05,50,"[0.7495847039004857, -0.6490444101912305]"
131,1,0.297681618518081,0.297681618518081,0.7659243250760831,"[0.2736049310661791, 1.9997187033244195, 0.03815464958064591, 0.0030793581764195148, 0.05777591366241397]","[-0.09435700002588937, -0.0013191091722739013, 1.2910072092900466, -4.217542042052436, -1.1859498319164627]",4.568341326810453,0.12609620206058025,0.0022195080388337373,0.0003024160023778677,True,False,8.387649608080693e-05,1.12,117.84,20.46,cg,0,8.387649608080693e-05,50,"[0.7497815219326461, -0.6497640135824174]"
132,1,0.2991475495805663,0.2991475495805663,0.7643035052267501,"[0.27362558560866074, 1.999718992074554, 0.037872050904966655, 0.004002568974259319, 0.05803551550623786]","[-0.3861367676096239, 0.0027610959067599183, 2.4641836960169146, 3.771334754041641, -1.0848353011074892]",4.649854188277036,0.12223729770630598,0.0021592479664832354,0.00028549798764288426,True,False,8.675664035286606e-05,1.12,120.42,18.74,cg,0,8.675664035286301e-05,50,"[0.7499767860348245, -0.6497535345418607]"
133,1,0.293971593219301,0.293971593219301,0.7606828471918762,"[0.2737086283777222, 1.999718398271868, 0.03734210230965381, 0.003191503809519602, 0.05826882073624039]","[-0.07899556918508766, -0.001202548815011979, 1.2491687496824175, -4.61980019956265, -1.1479724595088938]",4.922099040341189,0.12246419722214341,0.0021597719844430683,0.0002895119599997997,True,False,8.052716796001613e-05,1.12,120.96,19.96,cg,0,8.052716796001613e-05,50,"[0.7496814264106185, -0.6496840740946459]"
134,1,0.2972377377888728,0.2972377377888728,0.7602892885328121,"[0.2737246775405939, 1.9997186425881253, 0.037088314496936, 0.004130087157957026, 0.05850204896872148]","[-0.38661219069062225, 0.002781692236967155, 2.482218901770801, 3.773655016307672, -1.057221871508109]",4.655005657118981,0.13889540126547217,0.0024657040275633335,0.00031220399774610995,True,False,9.329558587382742e-05,1.12,125.64,18.6,cg,0,9.329558587382742e-05,50,"[0.7499572685852575, -0.6499335389261334]"
135,1,0.29181487278343793,0.29181487278343793,0.7561201996925815,"[0.2738077305418327, 1.9997180450180165, 0.03655507800184357, 0.003319421115107886, 0.058729164024889924]","[-0.093463488798749, -0.001518776076984521, 1.3286379584650816, -4.119228760537259, -1.1181769557586332]",4.471284137819965,0.13220580108463764,0.002351203989237547,0.00029291203245520594,True,False,8.584935909800696e-05,1.12,125.86,19.86,cg,0,8.584935909800696e-05,50,"[0.7499509899957992, -0.6498213763522634]"
136,1,0.2942390008648031,0.2942390008648031,0.7545729028141586,"[0.2738286335947135, 1.9997183846913698, 0.0362579289240362, 0.004240684142159524, 0.058979243626418834]","[-0.5737135506457464, 0.021987553409284665, 2.7586740353904435, 4.568123608009979, -1.0285147066023823]",5.464934484876499,0.13202719949185848,0.002368718022480607,0.0002718259673565626,True,False,9.824837297312066e-05,1.12,127.4,18.6,cg,0,9.824837297312066e-05,50,"[0.7498929402097894, -0.6499280301067656]"
137,1,0.2897789195766593,0.2897789195766593,0.7519910046847605,"[0.2739336144599239, 1.999714361303081, 0.03575313347909172, 0.003404786910488079, 0.059167446194859585]","[-0.08819805085025088, -0.0009728567511611412, 1.295200830207203, -4.178472684777867, -1.0938561724435]",4.510153028071328,0.12915159948170185,0.0022741819825023413,0.00030885000713169573,True,False,9.330399128597483e-05,1.12,132.54,19.62,cg,0,9.330399128597483e-05,50,"[0.7496619097636827, -0.6498410138833923]"
138,1,0.28925143637176026,0.28925143637176026,0.7483652809027248,"[0.27395316990522295, 1.9997145770067932, 0.03546595900366734, 0.004331246092215277, 0.05940997813676772]","[-0.7982567563650315, 0.042037744518978265, 3.1381249455355857, 5.929967728466863, -0.5598935973214529]",6.779735046137083,0.13022070052102208,0.0023201839812099934,0.00028423002921044825,True,False,4.311219307249509e-05,1.16,131.06,18.3,cg,0,4.311219307249509e-05,50,"[0.7496822914822084, -0.6490200437699266]"
139,1,0.28596423975269564,0.28596423975269564,0.7490924566779468,"[0.2740709114911131, 1.9997083765071828, 0.03500309062847018, 0.0034565854030824553, 0.05949256154060706]","[-0.06802780210490082, -0.00043060602749907695, 1.2144869394049116, -4.717297930027126, -1.081174589069458]",4.990134742264341,0.12867290107533336,0.002234660005196929,0.00033879801630973814,True,False,9.304996126753922e-05,1.12,117.1,20.02,cg,0,9.304996126753922e-05,50,"[0.7498045869745426, -0.6496965379451731]"
140,1,0.28619508474899336,0.28619508474899336,0.745408729766554,"[0.27408454394907367, 1.999708462798646, 0.03475971304411853, 0.004401910163379662, 0.05970922394446876]","[-0.7073203156739885, 0.03366600828177862, 3.03894660592658, 5.589685675312166, -0.6857832412948318]",6.438285214681184,0.14605390140786767,0.0025838499795645476,0.00033722804859280585,True,False,4.0871226179333694e-05,1.16,126.96,18.02,cg,0,4.0871226179333694e-05,50,"[0.7498157027528409, -0.649688990251658]"
141,1,0.28184989484098133,0.28184989484098133,0.7420222124662393,"[0.2741944055491704, 1.9997032337652692, 0.03428770124219884, 0.0035337153742302403, 0.05981574038763977]","[-0.08563244488684962, 0.0011613673655959103, 1.2737474466364744, -4.23992174274803, -1.2140220000610478]",4.591356294545666,0.13440030114725232,0.0023748300597071646,0.00031317596323788166,True,False,4.316773866428925e-05,1.16,126.98,19.44,cg,0,4.316773866428925e-05,50,"[0.7495935153920786, -0.6493423980167892]"
142,1,0.2841919948996982,0.2841919948996982,0.7414317385394664,"[0.274213056344137, 1.9997029808187996, 0.03401027832734638, 0.004457172729709582, 0.060080155066421906]","[-0.6946697051754189, 0.03545586452817844, 2.954490779168305, 4.839055783364078, -0.6671710854749903]",5.751036168692706,0.1275883005000651,0.0022684300411492586,0.00028333596885204315,True,False,4.654445419876474e-05,1.16,127.54,18.36,cg,0,4.654445419876474e-05,50,"[0.7496988483820995, -0.6492555152589732]"
143,1,0.27878290095526254,0.27878290095526254,0.7389265363897051,"[0.27433384669994043, 1.9996968156924673, 0.033496546420261855, 0.003615749438222504, 0.06019616391522569]","[-0.08198907015586453, 0.001106120796974466, 1.282552497148766, -4.247527571405572, -1.1843918068985106]",4.593031543672393,0.13936379924416542,0.0024704520124942063,0.000316823972389102,True,False,4.2294378438562096e-05,1.16,126.54,19.68,cg,0,4.2294378438562096e-05,50,"[0.7498111377500299, -0.6496767332462503]"
144,1,0.28026040988488665,0.28026040988488665,0.7374279542146737,"[0.27435169745262056, 1.9996965748666018, 0.03321730764633346, 0.004540525924099771, 0.06045403103313659]","[-0.5052441156825135, 0.017743408594917447, 2.687425353197913, 4.1279501265601475, -0.7961065026722319]",5.015137015571583,0.1382709019817412,0.0024799280054867267,0.00028549003414809706,True,False,4.7870461078459715e-05,1.16,127.32,18.22,cg,0,4.7870461078459715e-05,50,"[0.7497518221265457, -0.6491743444487735]"
145,1,0.27644316083408577,0.27644316083408577,0.7351279870626279,"[0.2744524412835494, 1.9996930368957475, 0.03268144484850405, 0.0037174277489312544, 0.06061277176146398]","[-0.09058627214283992, 0.0009969079837558327, 1.339877489952186, -3.835074936241169, -1.1523248492263651]",4.223639529995026,0.12985270144417882,0.0023048779927194118,0.00029217603616416455,True,False,4.621791461149799e-05,1.16,129.94,19.08,cg,0,4.621791461149799e-05,50,"[0.7495096347095482, -0.6484883586962374]"
146,1,0.2770938685597488,0.2770938685597488,0.7331581653036632,"[0.2744738887275081, 1.9996928008651922, 0.032364211931225115, 0.00462543017387723, 0.06088559922241799]","[-0.5850596301100675, 0.0264459017079324, 2.8032732405364373, 4.332944294522154, -0.7705099858389687]",5.250659664777273,0.13484670221805573,0.0023913920111954213,0.0003055420331656933,True,False,4.410380449876683e-05,1.16,121.88,17.8,cg,0,4.410380449876683e-05,50,"[0.7499535993729162, -0.6497970200453884]"
147,1,0.27375664052208837,0.27375664052208837,0.730224706348908,"[0.27458531465631536, 1.9996877641834434, 0.031830322207081006, 0.003800211140397799, 0.061032344590597344]","[-0.07775915174914692, 0.0014947026798579192, 1.2869890980482026, -4.239515482379606, -1.126651720935372]",4.572223232075922,0.1449979986064136,0.002561585996299982,0.00033837397582828997,True,False,4.7327339703416014e-05,1.16,129.26,19.28,cg,0,4.7327339703416014e-05,50,"[0.7495612738289181, -0.6490002997015873]"
148,1,0.2749564150083232,0.2749564150083232,0.7286958133270213,"[0.2746023215144203, 1.9996874372740596, 0.03154884227216925, 0.004727443969213007, 0.061278756820163274]","[-0.3990366745695823, 0.0074834106895589215, 2.5536094811830163, 3.587663581753983, -0.7532749602047398]",4.485416457029398,0.1365479971282184,0.0024309400003403427,0.00030001994222402575,True,False,5.0389183372080705e-05,1.16,122.18,18.08,cg,0,5.0389183372080705e-05,50,"[0.7498970914059129, -0.6497712828235216]"
149,1,0.27025216654030776,0.27025216654030776,0.7259756076726037,"[0.2746912846415465, 1.999685768887019, 0.030979528473756672, 0.003927593249592165, 0.06144669550930245]","[-0.059700575003323084, -0.0015117495140397111, 1.2871264976052512, -4.049964524884032, -1.1195298219243326]",4.394976762154375,0.12388459732756019,0.002191663971170783,0.0002860279753804207,True,False,4.412275369109514e-05,1.16,130.4,18.76,cg,0,4.412275369109514e-05,50,"[0.7496512854090064, -0.6492629561777792]"
150,1,0.2716121962514579,0.2716121962514579,0.7251969363141609,"[0.27470486846194436, 1.999686112859148, 0.0306866653786896, 0.004849091756441443, 0.06170142491568066]","[-0.4754615660074735, 0.017162756831148564, 2.645247052897075, 3.599877267790975, -0.7230984499766904]",4.550349211143018,0.13319439766928554,0.0023717139754444363,0.00029217397794127463,True,False,4.8417952422395996e-05,1.16,124.16,17.76,cg,0,4.841795242239294e-05,50,"[0.7498830368230435, -0.6498631481438072]"
151,1,0.26767251754800164,0.26767251754800164,0.721651085750761,"[0.2748093574898938, 1.9996823411141609, 0.030105337016937055, 0.004057970657826775, 0.06186033545556781]","[-0.06204784603458463, -0.0012878500471924703, 1.309817320906393, -3.8697386756517953, -1.081867558580009]",4.226675743423531,0.1274736993946135,0.0022662319988012315,0.0002832419890910387,True,False,4.565379418562776e-05,1.16,126.8,18.26,cg,0,4.565379418562776e-05,50,"[0.749766137167201, -0.6498467012020313]"
152,1,0.2687273598076992,0.2687273598076992,0.720648180558267,"[0.2748240375481208, 1.99968264580989, 0.029795443994593312, 0.004973522005894423, 0.06211629726196078]","[-0.3843995057909562, 0.007652612962458254, 2.546810251578998, 3.4055507704617853, -0.6971976452677409]",4.3264216862027105,0.13668690295889974,0.0024289480224251748,0.00030479003675282,True,False,5.285378501716287e-05,1.16,127.0,18.04,cg,0,5.285378501716204e-05,50,"[0.749823485614132, -0.6496042758387028]"
153,1,0.2651252803703334,0.2651252803703334,0.7177997954126891,"[0.27491288684058063, 1.9996808770010415, 0.02920677963505751, 0.004186370170802806, 0.062277446057819034]","[-0.06562115128311433, -0.0009633703844321444, 1.3359074865732448, -3.6140490760049238, -1.0496555925388948]",3.994005941780869,0.14216679707169533,0.0025415299832820893,0.0003018059581518173,True,False,5.090978803116486e-05,1.16,136.46,18.48,cg,0,5.090978803116486e-05,50,"[0.7498391353523021, -0.649663451556197]"
154,1,0.2658931868977953,0.2658931868977953,0.716057610055829,"[0.27492931674885396, 1.9996811182050853, 0.028872301543208925, 0.0050912383977861145, 0.06254025377708047]","[-0.29891142439504803, 0.0016990650924480302, 2.380411164606941, 2.6756434946879764, -0.8033815491356807]",3.6824174482531404,0.14544050162658095,0.002625658018514514,0.0002831520140171051,True,False,5.333807878050961e-05,1.16,131.86,17.1,cg,0,5.33380787805085e-05,50,"[0.7497476223038156, -0.6496801975929671]"
155,1,0.26164490484277436,0.26164490484277436,0.7128967903023095,"[0.27501048935584765, 1.999680656805715, 0.028225875330697432, 0.004364638675847842, 0.06275842066342809]","[-0.06117663601654583, -0.0005140394910923738, 1.3266022309243033, -3.5686620142860055, -1.0156521704601043]",3.94087734238106,0.13179259980097413,0.0023532679956406355,0.00028258400037884713,True,False,5.037201266065522e-05,1.16,124.46,18.22,cg,0,5.037201266065466e-05,50,"[0.749945635224636, -0.6498908172997955]"
156,1,0.2627703017123956,0.2627703017123956,0.7118703753676288,"[0.27502601296409174, 1.9996807872435456, 0.02788924921541059, 0.005270188811854939, 0.06301614301354537]","[-0.3726070717481633, 0.007896915107350596, 2.5485012025210003, 3.3569872524386994, -0.6405181282996019]",4.279413938397674,0.12361500225961208,0.0021963460184633733,0.0002759540267288685,True,False,5.590498328192556e-05,1.16,124.76,17.16,cg,0,5.5904983281922503e-05,50,"[0.7498697624629693, -0.6499142811313565]"
157,1,0.25921023205937915,0.25921023205937915,0.7096497202798664,"[0.2751130826135869, 1.9996789419172418, 0.02729372346384478, 0.004485738581057402, 0.0631658172767436]","[-0.06781428954693874, -0.0006750095059279872, 1.3855408369500766, -3.241479341031757, -0.9791765854628389]",3.659275576970836,0.13838740205392241,0.002468536030501127,0.00029921201057732106,True,False,5.313698902787239e-05,1.16,129.28,17.66,cg,0,5.313698902787239e-05,50,"[0.7495378258106233, -0.6495359814587239]"
158,1,0.26004669851750317,0.26004669851750317,0.7069410364561541,"[0.2751316147760606, 1.9996791263825797, 0.026915085450000962, 0.005371564005233091, 0.06343340482640987]","[-0.3562199722149731, 0.007657558089323128, 2.4995489737156062, 2.9799139900915725, -0.6175395940926568]",3.9542305088878,0.14239879976958036,0.002556141996756196,0.00029183399863541126,True,False,5.4715839930610246e-05,1.16,130.02,16.86,cg,0,5.471583993060969e-05,50,"[0.7497049796977224, -0.6493244000911854]"
159,1,0.25614950252449165,0.25614950252449165,0.7054124732393565,"[0.27522170056426243, 1.999677189834351, 0.026282965251781528, 0.004617962518764331, 0.0635895767017086]","[-0.05077888992874392, -0.0026112665371424916, 1.3614509654591453, -3.2349445972856286, -0.9648831119851882]",3.640329657191318,0.1345381992869079,0.002374925995245576,0.00031583799049258234,True,False,5.115097630604942e-05,1.16,125.12,17.26,cg,0,5.115097630604942e-05,50,"[0.7498012273132102, -0.6496842395537222]"
160,1,0.2563786546948789,0.2563786546948789,0.702923868942856,"[0.27523564954545277, 1.999677907150304, 0.025908974131940044, 0.00550660308185358, 0.06385463047501566]","[-0.19138089497923283, -0.0073339270061655425, 2.2164102150896885, 2.1840678527834667, -0.8620778268392093]",3.2345765163452693,0.15097229881212115,0.002729571983218193,0.00028987399302423,True,False,5.6830576645653106e-05,1.16,123.08,16.84,cg,0,5.831301286526621e-05,50,"[0.7498103871755387, -0.649270356930704]"
161,1,0.2524222324963052,0.2524222324963052,0.7004178393434295,"[0.2752948167637742, 1.9996801745033768, 0.02522374989834894, 0.004831377796233808, 0.06412115000924723]","[-0.059282667663640154, -0.0024589168597428253, 1.4313738294927851, -2.7139526332405253, -0.9073698216463564]",3.2001891208836395,0.12564880773425102,0.0022260941006243228,0.00028688205406069756,True,False,5.6279538809789755e-05,1.16,127.64,17.5,cg,0,5.6279538809789755e-05,50,"[0.7496615110486176, -0.6493393224911117]"
162,1,0.251843873857635,0.251843873857635,0.6981682704657092,"[0.2753133415025961, 1.9996809428694846, 0.02477647201101887, 0.005679437873271719, 0.06440468632134877]","[-0.19852140379130595, -0.00814590936942246, 2.2875338742901756, 2.6738962487259217, -0.7834756459393555]",3.610518462265273,0.11960730236023664,0.002127165999263525,0.00026498004794120786,True,False,2.604095268732454e-05,1.18,116.94,16.56,cg,0,2.604095268732454e-05,50,"[0.7499458857342997, -0.6498514798952912]"
163,1,0.24947814360765164,0.24947814360765164,0.6957863484719672,"[0.27536832568445563, 1.9996831990300479, 0.024142897111024762, 0.004938852753452747, 0.06462168442118145]","[-0.0518181831263652, -0.0017791061060406582, 1.3955349439775597, -3.002022410488657, -0.8706425153450057]",3.4235015717516344,0.13323420099914074,0.0023847000021487473,0.00027998401783406733,True,False,5.8289234825496806e-05,1.16,128.56,17.38,cg,0,6.018961142951945e-05,50,"[0.7497622959522667, -0.6497824410848398]"
164,1,0.2480906219094504,0.2480906219094504,0.6937313475156258,"[0.27538346170295164, 1.999683718704442, 0.023735263314363205, 0.005815739282257752, 0.0648759978768184]","[-0.18954720264368422, -0.007448877904923889, 2.2572987605588155, 2.5136290974259126, -0.747009716500873]",3.4652180419427254,0.12640730058774352,0.002278635995462537,0.0002495100162923336,True,False,2.6788677740025578e-05,1.18,124.7,16.02,cg,0,2.6788677740025578e-05,50,"[0.7496412723989884, -0.6498166284247378]"
165,1,0.24440665378133988,0.24440665378133988,0.6905617682294092,"[0.27543816163822116, 1.9996858683174858, 0.023083847232435537, 0.005090350846010522, 0.0650915715311292]","[-0.04986058395767392, -0.001978294623068566, 1.390163589069863, -2.7257869591580475, -0.8053175511422759]",3.164410798355941,0.15466280188411474,0.0027582300268113613,0.00033502601087093353,True,False,2.4781992486896943e-05,1.18,132.1,16.74,cg,0,2.4781992486896387e-05,50,"[0.7498160199206456, -0.6494800649600453]"
166,1,0.24473854347254037,0.24473854347254037,0.6898584046065812,"[0.2754539183105116, 1.9996864934874616, 0.022644535247609544, 0.005951739310401059, 0.06534606363161949]","[-0.19109761667411, -0.005365098656699838, 2.2397820725287048, 2.4805854541142476, -1.2603272847579072]",3.5769959289425435,0.1457454995252192,0.002641294011846185,0.0002736159786581993,True,False,2.6559958530262827e-05,1.18,131.74,15.44,cg,0,2.6559958530262827e-05,50,"[0.7497240402449228, -0.6495706018870856]"
167,1,0.24070208235838575,0.24070208235838575,0.6856186611325473,"[0.2755073423625421, 1.9996879933769671, 0.022018372367808705, 0.005258256426244104, 0.06569840601876281]","[-0.048831780097129324, -0.000724599036559207, 1.3722215857529543, -2.696302378512629, -1.1125772199611503]",3.223856655458942,0.14147360110655427,0.0025579620152711867,0.0002715100068598986,True,False,3.503971065144495e-05,1.18,131.96,16.48,cg,0,3.734443723233061e-05,50,"[0.7498397230697839, -0.6494393715009025]"
168,1,0.24135051404288477,0.24135051404288477,0.6832429610474915,"[0.2755224893697762, 1.9996882181385225, 0.021592726400267395, 0.0060946156896470325, 0.06604351355253982]","[-0.17532752256783074, -0.006448512730570952, 2.2005214577005434, 2.396103499501854, -0.8938323559219328]",3.3783611811209173,0.1293822000734508,0.0023355300351977346,0.00025211396627128124,True,False,4.713859946845034e-05,1.18,132.04,15.78,cg,0,5.200641948283846e-05,50,"[0.7498301213337187, -0.649642588983899]"
169,1,0.2379771940217328,0.2379771940217328,0.6796087425361571,"[0.27557438658061784, 1.9996901269080065, 0.02094136873331745, 0.005385365443645333, 0.06630808927660754]","[-0.057265210533010105, 0.0018030473707155532, 1.3719293964150299, -2.6208425107215785, -1.7350765029206456]",3.429982326639256,0.13489600084722042,0.002432188047096133,0.0002657319698482752,True,False,5.174718329185757e-05,1.18,131.62,15.98,cg,0,5.771779455987447e-05,50,"[0.7498779844216081, -0.6499005476827935]"
170,1,0.23711425091517502,0.23711425091517502,0.6736181136872336,"[0.2755910820632947, 1.9996896012355108, 0.02054138725663174, 0.006149463406950414, 0.06681394509077287]","[-0.18979909270022233, -1.942642047886377e-05, 2.1362511444076904, 2.05422890966863, -1.7543836532109498]",3.4492478982993595,0.13029770459979773,0.0023504020366817715,0.00025555205531418323,True,False,6.086325994912489e-05,1.2,131.68,15.98,cg,0,6.466837868832565e-05,50,"[0.7497083433340225, -0.6494151285064114]"
171,1,0.2316216616822162,0.2316216616822162,0.6650779196580625,"[0.2756461082887912, 1.9996896068675851, 0.01992204901050521, 0.0055539049056070044, 0.06732257297268514]","[-0.1743810385084558, 0.02498666184260805, 1.4962092920602308, -2.40617591759378, -2.891474239107356]",4.05215759162183,0.13724860362708569,0.0024707800429314376,0.00027419202961027623,True,False,6.520731726508133e-05,1.2,134.96,15.96,cg,0,6.930511241459658e-05,50,"[0.7497038985451894, -0.6498415241546152]"
172,1,0.22700180556913654,0.22700180556913654,0.6450786856964745,"[0.27568914240938563, 1.9996834406064585, 0.0195528113246895, 0.006147706075130851, 0.06803613708588058]","[-0.16995026100351057, 0.002753177591186631, 1.9697196265355237, 1.316397070772477, -2.9490813635840647]",3.7866433969068773,0.1372141013853252,0.002473382009193301,0.00027090001851320266,True,False,4.592471761147021e-05,1.2,134.16,15.56,cg,0,4.8251909901688706e-05,50,"[0.7496420298349566, -0.6490943128150307]"
173,1,0.22167266692768484,0.22167266692768484,0.6324874670595444,"[0.27573402391607765, 1.9996827135304438, 0.019032635691667306, 0.005800063867390843, 0.06881494856974363]","[-0.1033738641737794, 0.00570883239116401, 1.5193018608443623, -1.2263117014801426, -2.9312913915324588]",3.523536079308122,0.12904119957238436,0.002322557969018817,0.00025826602242887023,True,False,5.0318802125849935e-05,1.2,130.0,15.68,cg,0,5.2582240048960614e-05,50,"[0.7498840887914894, -0.6497195662374929]"
174,1,0.21716318419496936,0.21716318419496936,0.6181651337674676,"[0.27576336201899976, 1.9996810933306612, 0.018601449001303828, 0.00614809824919655, 0.06964686608803285]","[-0.15342769481519106, 0.003693502642643585, 1.8299905419767637, 0.9950736748030744, -2.8652634116087574]",3.5457474697745237,0.13819059822708368,0.0024833219684660436,0.0002804899960756302,True,False,4.2453423497129104e-05,1.2,125.52,15.36,cg,0,4.3856888291804454e-05,50,"[0.7499593790202669, -0.649644542225207]"
175,1,0.21148496039119863,0.21148496039119863,0.6039617251831882,"[0.2758066329219842, 1.9996800516595685, 0.01808534046366535, 0.005867459629834942, 0.07045495054278475]","[-0.09504312458209489, 0.0043601659125130365, 1.4670935035888477, -0.8632541378085847, -2.847161654425398]",3.318576916047559,0.13667970057576895,0.002449073996394873,0.00028452001512050627,True,False,3.288134560025635e-05,1.2,131.76,15.28,cg,0,3.288134560025635e-05,50,"[0.7498016215797859, -0.649530272463215]"
176,1,0.207132062524573,0.207132062524573,0.5907356753370971,"[0.27583527264526253, 1.999678737793408, 0.017643255334930687, 0.006127587437442486, 0.07131289710409526]","[-0.24750323082059011, 0.015260731684409232, 1.902793457247797, 1.2155140719081234, -2.825205863975715]",3.6251036278970883,0.13846040051430464,0.0024969400092959403,0.00027226800099015234,True,False,2.541475597963805e-05,1.2,131.68,15.36,cg,0,2.541475597963805e-05,50,"[0.7497744958495564, -0.6496163954079013]"
177,1,0.2022951302376098,0.2022951302376098,0.5795976648064342,"[0.27590354744680134, 1.9996745280567365, 0.017118361800279733, 0.005792282796157532, 0.07209224195963398]","[-0.06073846683104425, 0.005395822029349736, 1.1958362248217744, -1.8736323782151334, -2.7698397772258145]",3.5519365468773225,0.1602481985464692,0.0029358659777790307,0.00026909799315035345,True,False,3.003053827643598e-05,1.2,133.96,15.6,cg,0,3.003053827643598e-05,50,"[0.7497932204019048, -0.6494689698520898]"
178,1,0.19987802468182814,0.19987802468182814,0.5699920977039789,"[0.2759206475458635, 1.9996730089355594, 0.01678169018221932, 0.006319778812192739, 0.07287205312458317]","[-0.4642620278606735, 0.038054430453451096, 2.3289042561258584, 2.749561623267465, -2.534841678918915]",4.430157317942701,0.13271889928728342,0.0023786839842796326,0.00027569400146603584,True,False,3.835839470661906e-05,1.2,124.16,15.2,cg,0,3.835839470661906e-05,50,"[0.7497247899078737, -0.6495069685703027]"
179,1,0.19618720166142134,0.19618720166142134,0.5616327512529776,"[0.2760254433791572, 1.9996644190757162, 0.01625599682903572, 0.005699132314717188, 0.07344423182985856]","[-0.030100655332207654, 0.008779511021131167, 0.8712304056902761, -3.3204879772515907, -2.6988748533552815]",4.36687433185457,0.1371497972868383,0.0024874299485236405,0.00025556599721312525,True,False,4.561185307721705e-05,1.2,135.42,15.7,cg,0,4.561185307721705e-05,50,"[0.7498519375457638, -0.6497683301421681]"
180,1,0.19529821794055663,0.19529821794055663,0.5549808895596661,"[0.27603233633119517, 1.999662408596286, 0.016056487903593215, 0.006459513247200086, 0.07406226538146549]","[-0.4670864305614774, 0.037835287085739064, 2.3165761928643587, 3.119461833569788, -2.4737783129927817]",4.629983560752829,0.138997801579535,0.002522999979555607,0.0002569560520350933,True,False,4.9938368562928436e-05,1.2,134.86,15.36,cg,0,4.9938368562928436e-05,50,"[0.7494543026561413, -0.6490001971917081]"
181,1,0.19077650473191154,0.19077650473191154,0.5464051435246208,"[0.27613321928776113, 1.999654236799004, 0.015556145696765306, 0.005785760999062769, 0.07459656065055198]","[-0.0355874507486932, 0.008954966697493093, 0.8458103264146628, -2.879647935284994, -2.639254523298938]",3.9968460611204506,0.1350368014536798,0.0024447100050747394,0.0002560260239988565,True,False,5.343776473834772e-05,1.2,141.32,15.76,cg,0,5.343776473834772e-05,50,"[0.7496969690777224, -0.6493087426774335]"
182,1,0.19028698654422846,0.19028698654422846,0.5401815561297839,"[0.276142123171022, 1.9996519962907235, 0.01534452625651948, 0.0065062410702309975, 0.07525689494471259]","[-0.5020285965619364, 0.051563635537115335, 2.2050805193560947, 2.5926374098694622, -2.3377845463877334]",4.159816936056614,0.13208770053461194,0.0023812879994511604,0.0002604660112410784,True,False,5.7999065386424856e-05,1.2,134.48,15.1,cg,0,5.817540687724776e-05,50,"[0.749799636755741, -0.6497431651231454]"
183,1,0.18545288962847412,0.18545288962847412,0.5312570236622068,"[0.27626280843293577, 1.9996396006405501, 0.014814435497064965, 0.005882983496857119, 0.07581888711450309]","[-0.1331158729946362, 0.02675189083863717, 0.8987824805674886, -2.4578079332178806, -2.4223954107123125]",3.5686222564332075,0.16057000402361155,0.0029211080353707076,0.0002902920451015234,True,False,6.178275492067842e-05,1.2,139.22,15.6,cg,0,6.22968797754776e-05,50,"[0.7498574501869687, -0.6498908903264984]"
184,1,0.18478775617140375,0.18478775617140375,0.5237607945375529,"[0.27630011018789663, 1.999632104220669, 0.01456257850135874, 0.006571710898054718, 0.07649769121198542]","[-0.4822937871395726, 0.04979831898354262, 2.0804459206322035, 2.7885464149804533, -2.284626038725451]",4.190328106924907,0.14180029649287462,0.00257986799813807,0.00025613793171942235,True,False,6.530516454910096e-05,1.2,139.36,15.06,cg,0,6.724357234623889e-05,50,"[0.7497657513325009, -0.6492620552688096]"
185,1,0.1805170475642015,0.1805170475642015,0.5159989178513938,"[0.27641520709074474, 1.9996202201109523, 0.014066090907297171, 0.005906238805378574, 0.0770429053288477]","[-0.1672891928216294, 0.032927607999384115, 0.7830136013509335, -2.6340130732492013, -2.3686942495657273]",3.631930274561652,0.12820610031485558,0.002313230000436306,0.0002508920058608055,True,False,6.967877340583295e-05,1.2,127.56,15.5,cg,0,7.0901236550029e-05,50,"[0.7497517010497015, -0.6495520032511408]"
186,1,0.18018280881152463,0.18018280881152463,0.5093640535686268,"[0.27646126777476926, 1.9996111539655417, 0.013850499323224196, 0.006631476591734996, 0.07769509137589382]","[-0.45982060985317735, 0.04887986555225344, 1.888589945612031, 2.621513537665546, -2.230736736392198]",3.953367657127585,0.13525280263274908,0.002456768052652478,0.0002482880000025034,True,False,6.993482643521564e-05,1.2,134.58,14.98,cg,0,7.428911276024242e-05,50,"[0.7497102708145553, -0.6493381225002394]"
187,1,0.1756505841691024,0.1756505841691024,0.5013998136513935,"[0.2765775788921802, 1.9995987898573233, 0.013372782574130711, 0.005968367626325196, 0.07825935377931742]","[-0.2880574411127167, 0.047430716440369204, 0.8987263207218393, -2.1959488054252656, -2.240019195077831]",3.276097207374417,0.12482260167598724,0.0022392920125275852,0.0002571600209921598,True,False,7.504492763424686e-05,1.2,123.52,15.5,cg,0,7.760502900041855e-05,50,"[0.7498261620233936, -0.6493999963067421]"
188,1,0.174879144712663,0.174879144712663,0.494891173722191,"[0.27666550590496125, 1.99958431204625, 0.013098454230507543, 0.00663866177993332, 0.07894310003365684]","[-0.41982378074897736, 0.047423751356728217, 1.6113616975105334, 2.1502607638562936, -2.1800784121614076]",3.4858787665424043,0.12993220193311572,0.0023516699951142074,0.00024697404354810713,True,False,7.917040355110317e-05,1.22,132.88,15.3,cg,0,8.111990592988606e-05,50,"[0.7497143817994397, -0.6495527468742716]"
189,1,0.16942582358076547,0.16942582358076547,0.47977415751202473,"[0.2767859414704944, 1.999570707513643, 0.012636200146253612, 0.006021812799447329, 0.07956850285387551]","[-0.3005101910605751, 0.04744191893038364, 0.760825018225347, -1.713205201365639, -2.2216661387585885]",2.9227186510256913,0.14317830139771104,0.0026147040259093045,0.00024886200204491613,True,False,6.047044263829571e-05,1.24,141.3,15.28,cg,0,6.087342112043795e-05,50,"[0.7495063365263933, -0.6486925417287774]"
190,1,0.16874883503235208,0.16874883503235208,0.4735236116067099,"[0.27688876019061043, 1.99955447539397, 0.012375885997405234, 0.006607981160256962, 0.08032863970017058]","[-0.40697014508490903, 0.04628765489009099, 1.3876293273960152, 2.0050022160962038, -2.1337720767437465]",3.265930121462672,0.1503540021367371,0.002727392017841339,0.00027968802489340304,True,False,6.450143080266868e-05,1.24,141.8,15.32,cg,0,6.518672082842056e-05,50,"[0.749607270669798, -0.6490931892714571]"
191,1,0.16441755205862937,0.16441755205862937,0.4645292133165724,"[0.27701337098441947, 1.9995403025080984, 0.01195100571051481, 0.0059940665506619676, 0.08098198254485299]","[-0.2816348510763682, 0.048367314902374635, 0.45428520549348156, -2.27348350528531, -2.1644100729882556]",3.184561327291301,0.1679002046585083,0.003060302035883069,0.000297702057287097,True,False,3.0252307567018577e-05,1.24,144.64,15.78,cg,0,3.0836770475862196e-05,50,"[0.7497052813045327, -0.6492788310803818]"
192,1,0.1644349012772901,0.1644349012772901,0.459725697838148,"[0.2771018085499248, 1.9995251144460968, 0.011808353345349895, 0.00670797445536706, 0.08166163975658883]","[-0.41901452383696913, 0.04825323075881721, 1.2546829528107417, 2.2505174875185965, -2.0307205512286677]",3.3076858642181164,0.14079209975898266,0.002522458015009761,0.00029338398016989233,True,False,3.257787168306492e-05,1.24,132.96,15.28,cg,0,3.501036197036027e-05,50,"[0.7496084168178216, -0.6492416401134933]"
193,1,0.16077917992612428,0.16077917992612428,0.45218597708317215,"[0.27722848760619284, 1.9995105262316397, 0.011429029853356799, 0.0060275841222995055, 0.08227557972367659]","[-0.2858007712692345, 0.04995965486517607, 0.28301698319082835, -2.246168068282645, -2.0739749480808864]",3.0839779079926104,0.1579382000491023,0.0028663299698382617,0.00029243403114378454,True,False,3.6632104030484e-05,1.24,146.76,15.64,cg,0,3.6981599046335686e-05,50,"[0.7496743992565362, -0.6495442836111579]"
194,1,0.16102872159225703,0.16102872159225703,0.44715124165181114,"[0.2773211603748388, 1.999494326486914, 0.011337259746195663, 0.006755918803858999, 0.0829480796602142]","[-0.42339133214657837, 0.05017241970202098, 1.0992023649843703, 2.138975806585523, -1.9642810538444138]",3.134268796812608,0.15032410062849522,0.0027246659714728594,0.00028181604109704493,True,False,3.4566546182655534e-05,1.24,146.14,14.88,cg,0,6.39012277652027e-05,50,"[0.7497530238909026, -0.6495877007624911]"
195,1,0.15748406909419982,0.15748406909419982,0.4400880606404735,"[0.27745624493824383, 1.9994783187916785, 0.010986555184496457, 0.0060734706972772326, 0.08357479076272566]","[-0.28174569634772845, 0.049912456374256606, 0.07761809640065798, -2.05305954628758, -1.9904517884640847]",2.874864915505262,0.1529342969879508,0.0027685379795730114,0.00029014796018600464,True,False,4.014637835765722e-05,1.24,150.76,15.74,cg,0,4.014637835765722e-05,50,"[0.7497159857941629, -0.6494571273781669]"
196,1,0.1580951038652174,0.1580951038652174,0.43636070058456977,"[0.27755424804605255, 1.9994609571215396, 0.01095955631719141, 0.006787611919878855, 0.08426715435067597]","[-0.38140198039340384, 0.0460818203667607, 0.8319394639596109, 1.993436171770783, -2.0282514747661664]",2.987859784582438,0.15026629995554686,0.0027068520057946443,0.00029847399331629277,True,False,4.598938184327717e-05,1.24,141.74,15.2,cg,0,0.00019995167798288148,50,"[0.7499959423190005, -0.649241527673699]"
197,1,0.1546767328056095,0.1546767328056095,0.42925620482387006,"[0.2776818986079142, 1.9994455341018287, 0.010681116389061572, 0.006120433298783624, 0.08494598522639285]","[-0.2931644853994153, 0.05145396985888715, -0.003983787966205685, -1.8718423402538351, -1.9309416135633561]",2.7057232044017208,0.14009860064834356,0.0025263120047748088,0.00027566000819206237,True,False,4.966798704973685e-05,1.24,135.9,15.04,cg,0,0.00017490520060946024,50,"[0.7495794042967833, -0.6492709119319782]"
198,1,0.15397523398248708,0.15397523398248708,0.42479235831107953,"[0.27779024837732674, 1.9994265173857966, 0.010682588745124547, 0.006812241809172595, 0.08565963605723483]","[-0.22895441225761853, 0.028240895187132423, 0.37215195751055696, 1.8327959419497584, -2.3504619816706604]",3.012561574912422,0.160955096129328,0.0029438039660453796,0.0002752979565411806,True,False,5.480257167550795e-05,1.24,148.2,15.56,cg,0,0.00042430899735241526,50,"[0.7499739802585863, -0.649610436554654]"
199,1,0.15121646803473376,0.15121646803473376,0.41803210945525027,"[0.27786624828852796, 1.9994171430063936, 0.010559055350658464, 0.006203857251457902, 0.08643985645188643]","[-0.1480567533694734, 0.031555105648800874, -0.19498259319136169, -1.717497524413671, -2.415309830935669]",2.9739626871129405,0.15915430011227727,0.0028942819964140653,0.00028880400583148003,True,False,6.135149296859765e-05,1.24,141.88,15.38,cg,0,0.00034668637215391263,50,"[0.7497649331113663, -0.6495129443008202]"
200,1,0.14950863629063696,0.14950863629063696,0.4105747859439419,"[0.2779160326230663, 1.9994065325485775, 0.010624618578459106, 0.006781368708235281, 0.08725200848075679]","[-0.12590894826466378, 0.012682836637874378, 0.41405323530394106, 2.1337689014360124, -2.6136328306679064]",3.401690799814783,0.1448252983391285,0.0026446459908038376,0.00025185997597873213,True,False,5.8651795929277054e-05,1.24,146.64,15.18,cg,0,0.0004972815958161636,50,"[0.749661640285161, -0.649417024628009]"
201,1,0.14567600362373445,0.14567600362373445,0.4015146996087209,"[0.2779530462600008, 1.9994028041566159, 0.010502898745720409, 0.0061541015559929526, 0.08802034193129905]","[-0.062258836039676815, 0.0175231961300451, 0.2634159763376756, -1.7655253234821482, -2.4105091941556442]",3.00020090071035,0.15960010094568133,0.0028911820240318776,0.00030081999488174916,True,False,8.323626016447372e-05,1.16,146.12,15.6,cg,0,0.0005546188420959869,50,"[0.7497358808122713, -0.649151110019751]"
202,1,0.1439797076939832,0.1439797076939832,0.3962072606250937,"[0.277973797815673, 1.999396963482373, 0.010415099299960791, 0.006742570589008595, 0.08882379119124077]","[-0.18661155436161356, 0.02016665109113969, 1.0528432818785125, 2.379763416945592, -2.283238823887983]",3.4670106705598913,0.13166179973632097,0.002375713996589184,0.00025752199813723565,True,False,8.720284724422878e-05,1.14,134.94,14.9,cg,0,0.0007189692814836618,50,"[0.7496473919192548, -0.6496688678036067]"
203,1,0.14113031207111704,0.14113031207111704,0.38842761737269144,"[0.2780276227305752, 1.99939114675638, 0.010111424641409824, 0.00605616848575955, 0.08948235242458728]","[-0.08648577071889423, 0.02411055471869098, 0.27351160513019923, -2.036190191402172, -2.301128112397936]",3.0861190499974374,0.13841930264607072,0.002502312008291483,0.00026607404462993147,True,False,7.761915951350229e-05,1.14,138.78,15.9,cg,0,0.0007213357644656693,50,"[0.7496853000852228, -0.6493656308845741]"
204,1,0.14024277088516823,0.14024277088516823,0.3848495206752,"[0.2780556468506074, 1.9993833341754912, 0.010022798246701622, 0.006715958389439408, 0.09022799057864819]","[-0.18148690549613913, 0.01816464943992231, 1.0526494893160363, 2.6857822043641653, -2.1146851208737205]",3.5814323403405357,0.1339575992897153,0.0024188559874892233,0.00026029599830508233,True,False,8.265937212865392e-05,1.12,130.86,15.44,cg,0,0.0008377138090140496,50,"[0.74963813975943, -0.6495127843757323]"
205,1,0.13756620104570416,0.13756620104570416,0.37826602193119935,"[0.2781063212423588, 1.9993782622803082, 0.009728879671955622, 0.005966039935483952, 0.09081844850702056]","[-0.07061965053521588, 0.02328127982870671, 0.15882284842176136, -2.3752215435803583, -2.2011698904438557]",3.2430818857836226,0.13032439863309264,0.0023449299857020377,0.000261557986959815,True,False,7.02294601490333e-05,1.12,135.88,15.72,cg,0,0.0008082310674036114,50,"[0.7494456478573261, -0.6492534748089969]"
206,1,0.13656590378457972,0.13656590378457972,0.37198611978581747,"[0.27812809671797134, 1.99937108352854, 0.009679906857217578, 0.006698436349296377, 0.09149717632435203]","[-0.17292569734075836, 0.017000253899364902, 0.99505761150272, 2.7305339047348873, -2.011299120169914]",3.5385691333286045,0.13342340057715774,0.002418872034177184,0.0002495959773659706,True,False,6.443648919271905e-05,1.14,140.86,15.1,cg,0,6.690871695185896e-05,50,"[0.7498059198047212, -0.6496950924527762]"
207,1,0.13402008056424944,0.13402008056424944,0.36671640524496046,"[0.27817696553776156, 1.999366279255046, 0.00939870347423167, 0.005926787187988421, 0.09206556966183349]","[-0.0510550505126976, 0.02145310064404442, 0.0499253348312826, -2.6467981896247026, -1.9763829050643704]",3.3041170434473712,0.1348183020018041,0.0024193339981138707,0.00027703204192221166,True,False,5.679664202641155e-05,1.14,138.52,16.14,cg,0,5.717073657433513e-05,50,"[0.7499827383405304, -0.6495883392488411]"
208,1,0.13312803403202186,0.13312803403202186,0.3616766185162464,"[0.2781924174875036, 1.999359786415853, 0.009383593436009755, 0.006727847850797777, 0.09266372731741222]","[-0.16814801613182276, 0.015859985524016237, 0.9773984343364952, 2.911986243690418, -1.9224979384638436]",3.6276018525677927,0.1337047996930778,0.0023973760288208724,0.00027671996504068374,True,False,5.10803813065197e-05,1.14,127.76,15.46,cg,0,5.10803813065197e-05,50,"[0.7498728546099527, -0.6497985960241413]"
209,1,0.13074094767463282,0.13074094767463282,0.3562793743287061,"[0.2782387698775727, 1.9993554143854693, 0.009114159668526366, 0.005925117462724333, 0.09319369119329156]","[-0.04928820471260283, 0.020405484399493464, 0.037380394761722606, -2.3595983142162336, -1.8995774328966888]",3.029907858805673,0.1373659996315837,0.0024686540011316536,0.00027866599150002004,True,False,4.4372446253322375e-05,1.14,134.24,15.58,cg,0,4.4372446253322375e-05,50,"[0.7496236652452869, -0.6491833984402918]"
210,1,0.13034666097537823,0.13034666097537823,0.35150330957796133,"[0.27825503710647637, 1.9993486796973718, 0.009101822529414777, 0.006703886462771605, 0.09382063350335194]","[-0.16547288995023784, 0.014598892922769639, 0.9618629946608579, 3.1486713065099314, -1.8195029466570782]",3.765301687091455,0.13027449883520603,0.002332625975832343,0.0002728640008717775,True,False,5.033908974612422e-05,1.14,120.18,15.0,cg,0,5.033908974612422e-05,50,"[0.7499393232423156, -0.6493439793974617]"
211,1,0.12881046780614663,0.12881046780614663,0.34731260325266755,"[0.27829898388781227, 1.999344802480051, 0.008846368099905728, 0.005867652990041317, 0.09430386249730259]","[-0.02932708552328307, 0.020269814151561927, -0.16727588196926052, -3.2322088375772866, -1.8391504578188065]",3.722754429210643,0.1524170022457838,0.002754714023321867,0.0002936260215938091,True,False,6.4480992348106e-05,1.14,132.18,15.88,cg,0,6.4480992348106e-05,50,"[0.7499346805377365, -0.649708542201758]"
212,1,0.12835968640720294,0.12835968640720294,0.34379576109315174,"[0.2783068616799345, 1.9993393576368492, 0.00889130146446284, 0.006735883462443012, 0.09479789198334493]","[-0.16931325277398768, 0.013293415563092978, 0.9780673526536772, 3.5845820168852125, -1.745089432676694]",4.108530735263634,0.1296724989078939,0.002329661976546049,0.0002637880016118288,True,False,7.616792700487207e-05,1.14,130.72,15.28,cg,0,7.616792700487207e-05,50,"[0.7496906201607265, -0.6495065603232081]"
213,1,0.1266788813338036,0.1266788813338036,0.3400810698971023,"[0.2783480718505874, 1.9993361220725037, 0.008653243770499195, 0.00586341049169311, 0.09522263979337682]","[-0.028514696530351675, 0.019338377031211433, -0.17827880325520823, -3.01065652931913, -1.7754554062297347]",3.4998950026360545,0.13257380155846477,0.0024050300195813177,0.0002464460115879774,True,False,8.549508254349913e-05,1.14,136.76,15.96,cg,0,8.549508254349913e-05,50,"[0.7496740704418886, -0.6494674226013296]"
214,1,0.12608692800605162,0.12608692800605162,0.33648182397019405,"[0.2783562191511495, 1.9993305966561665, 0.008704182099526208, 0.006723623877006483, 0.09572992798470405]","[-0.1629413962154053, 0.012738456100985597, 0.9280572307706012, 3.5852113360291775, -1.6945297691628476]",4.0759261343921915,0.13545759581029415,0.0024197959527373315,0.0002893559634685516,True,False,9.851444481011162e-05,1.14,127.36,15.12,cg,0,9.851444481011162e-05,50,"[0.7499159115691137, -0.649763448656571]"
215,1,0.12445899007205188,0.12445899007205188,0.3322813513309462,"[0.2783961956842865, 1.999327471364962, 0.00847648974202442, 0.005844017324547651, 0.09614566902437816]","[-0.03362462685277758, 0.01800735200348004, -0.1398916051712431, -2.4385115897637153, -1.7023778266490055]",2.9774911552400467,0.13126079877838492,0.0023583739902824164,0.00026684198528528216,True,False,0.00010801484490050084,1.14,134.26,16.26,cg,0,0.00010801484490050084,50,"[0.7497337099678646, -0.6493554768066232]"
216,1,0.1234403198858785,0.1234403198858785,0.3271521731804543,"[0.27840748862357273, 1.9993214235377617, 0.008523472788431817, 0.0066629993002466316, 0.09671741810349171]","[-0.1559766802978562, 0.011633733746654527, 0.8722312697035572, 3.6420123268533358, -1.5946259201029271]",4.07336925289398,0.13734330236911774,0.00246783203445375,0.00027903401292860507,True,False,0.00011544521994903634,1.16,131.1,15.06,cg,0,0.00011544521994903634,50,"[0.7497431754099366, -0.6495243993661991]"
217,1,0.12130923848824321,0.12130923848824321,0.31974301275779526,"[0.27844578043327023, 1.9993185674908331, 0.008309342613793283, 0.005768896138994625, 0.09710889400972794]","[-0.002934103000688347, 0.01283366149141183, -0.28909509922815585, -2.7452174482745852, -1.9675621621207466]",3.3898774296935756,0.16441240161657333,0.0029850140120834113,0.00030323402024805545,True,False,9.81749897917361e-05,1.24,142.04,15.94,cg,0,0.00010135381664557208,50,"[0.7495871943569723, -0.6492222445421458]"
218,1,0.1210205418032119,0.1210205418032119,0.31658086853625633,"[0.27844664598167446, 1.9993147816130976, 0.008394624487589234, 0.006578724076553095, 0.09768931681330942]","[-0.13932245874176025, 0.00554885305097131, 0.8309844029984828, 4.13361604236239, -1.7771100052231361]",4.577649852451218,0.15124760195612907,0.0027737979870289566,0.00025115405209362506,True,False,7.10758288649932e-05,1.3,148.18,14.94,cg,0,7.296333903644337e-05,50,"[0.7497626365149539, -0.6496670996153011]"
219,1,0.1189579541570533,0.1189579541570533,0.3116754204690931,"[0.278477081349866, 1.9993135694511306, 0.008213093695676004, 0.005675724464373071, 0.09807753130373911]","[0.023242456698045522, 0.00492362534833139, -0.318799061201856, -2.2525394171803534, -1.9259493122095201]",2.9808407999178095,0.14400680176913738,0.002628574054688215,0.0002515619806945324,True,False,7.28155258520502e-05,1.32,155.24,15.72,cg,0,7.526628433392135e-05,50,"[0.7496706043326574, -0.6491365338630822]"
220,1,0.11829742092035347,0.11829742092035347,0.30723352575161245,"[0.2784692840677398, 1.9993119176938994, 0.008320043070866956, 0.006431396963383012, 0.09872364072079236]","[-0.1017388434201554, 0.0013600315855545827, 0.6364161900394706, 3.589410831981836, -2.0027845370518467]",4.160576189843572,0.15715110022574663,0.002843080013990402,0.0002999419905245304,True,False,7.207750310877392e-05,1.32,148.96,15.6,cg,0,7.499366514340156e-05,50,"[0.7497255018164318, -0.6491277105201648]"
221,1,0.11687013026071988,0.11687013026071988,0.30260990647968006,"[0.27849373713355413, 1.9993115908085057, 0.008167079596375113, 0.005568677314147585, 0.09920501263785027]","[0.0267096420817338, 0.0066807229016811395, -0.4509344429508767, -2.6648234581668366, -2.0025057940055144]",3.363839090548172,0.1514914999715984,0.002748268013820052,0.0002815619856119156,True,False,7.735944302604992e-05,1.3,150.02,16.38,cg,0,8.489473897423376e-05,50,"[0.7497774545200457, -0.649681548695992]"
222,1,0.11662228049259557,0.11662228049259557,0.2988727454271942,"[0.2784857969077125, 1.9993096047673427, 0.008301133108055822, 0.006360874379953244, 0.09980031631900342]","[-0.10381267638130433, 0.0005043543133775815, 0.6201284459559149, 3.8723527876410038, -1.8020496255187521]",4.317155959705157,0.15075410110875964,0.0027314120065420867,0.0002836700156331062,True,False,7.358950508074835e-05,1.3,149.24,15.48,cg,0,7.911175318728623e-05,50,"[0.7494879532863212, -0.6490384137840446]"
223,1,0.11519243136256392,0.11519243136256392,0.29497158188848766,"[0.27850984345069735, 1.9993094879417477, 0.008157490290515677, 0.00546390590744791, 0.10021773223863223]","[0.03774870220393913, 0.006975291049713919, -0.5870741995361483, -3.24899309681901, -1.8854226626823734]",3.802223625077593,0.1569634983316064,0.0028466019593179227,0.0002926680073142052,True,False,8.827903852836161e-05,1.28,153.0,15.82,cg,0,9.491011823676006e-05,50,"[0.7498184564511929, -0.6494112539391163]"
224,1,0.11491664897809944,0.11491664897809944,0.2924309165923803,"[0.2784999153912468, 1.9993076534123417, 0.008311893149808248, 0.006318404068612276, 0.10071360592942495]","[-0.10476309718744746, -0.0001492032728408527, 0.6115937418585331, 4.186276336539642, -1.6638393336745958]",4.54733912612958,0.14449609769508243,0.0026270039565861225,0.000262917997315526,True,False,7.148636929468599e-05,1.3,143.78,15.54,cg,0,7.68793949554275e-05,50,"[0.749915929609485, -0.649610295829467]"
225,1,0.11393297376861378,0.11393297376861378,0.28938931885742486,"[0.27852295372075303, 1.999307686223458, 0.008177398289240285, 0.0053978049622988335, 0.10107949888070014]","[0.04091626944304602, 0.006231779746566102, -0.6537898545512876, -3.138140650981955, -1.7323345202416442]",3.6439077630291954,0.156765001360327,0.0028519019950181248,0.00028339803218841553,True,False,8.27080314564388e-05,1.28,151.1,16.44,cg,0,8.780140603105228e-05,50,"[0.7494571133342532, -0.6488484594516954]"
226,1,0.11364358358772675,0.11364358358772675,0.2868624585086967,"[0.2785117250420672, 1.9993059760320508, 0.008356818268254344, 0.006259006961416397, 0.10155490458041141]","[-0.09968742547420474, -0.0009868587128739452, 0.5742876769848337, 4.199892512346138, -1.5004912616806874]",4.497812360944561,0.15964749874547124,0.002904419982805848,0.00028852999210357663,True,False,8.114520688662252e-05,1.28,149.84,15.46,cg,0,8.595607760648754e-05,50,"[0.749542976841667, -0.6494784652724871]"
227,1,0.11296015819799232,0.11296015819799232,0.2843046088344095,"[0.2785338885779047, 1.9993061954406508, 0.008229136713140172, 0.005325243572823108, 0.1018885092621843]","[0.04389999387295899, 0.0057944317095181145, -0.6909945178111545, -3.1681987919036816, -1.620571836316658]",3.6253511375077374,0.16512180166319013,0.0029961780179291963,0.00030625801533460615,True,False,7.97761344495812e-05,1.28,154.22,16.48,cg,0,8.32708376611168e-05,50,"[0.7499217771738873, -0.6496906119758141]"
228,1,0.1125084503805654,0.1125084503805654,0.28243572786607357,"[0.2785217794077317, 1.9993045971315524, 0.008419737427777591, 0.006199144795314833, 0.10233552026178191]","[-0.09285159660257065, -0.0011513617324520635, 0.49985443192066453, 4.116084867303193, -1.3826498995739076]",4.371767671934351,0.15200510108843446,0.0027570199966430666,0.00028308202512562276,True,False,7.803471274073604e-05,1.28,139.22,15.7,cg,0,8.184672404307314e-05,50,"[0.7497166325625023, -0.6495192786692172]"
229,1,0.1120458873661879,0.1120458873661879,0.28011859825615953,"[0.2785430183214959, 1.9993048604945256, 0.008305400512068354, 0.005257629789202796, 0.10265178818885724]","[0.04637820722177696, 0.005160525682799788, -0.7525592112767925, -3.0836664960068254, -1.475930228294562]",3.50084161781087,0.14501569978892803,0.00263682602904737,0.00026348796673119067,True,False,7.418275857871082e-05,1.28,152.28,16.7,cg,0,7.743187369679036e-05,50,"[0.7498026886201067, -0.649575041156665]"
230,1,0.11233122259758094,0.11233122259758094,0.2785712912536491,"[0.27852977059072953, 1.9993033864130776, 0.00852036573849651, 0.0061384655515056485, 0.10307338116249079]","[-0.1016859183670305, -0.001961298947850897, 0.5377216319050389, 4.551909806318622, -1.2743553709465936]",4.758503222908059,0.1547510023228824,0.002841994035989046,0.00025302601046860217,True,False,7.931754337624775e-05,1.28,165.74,16.06,cg,0,8.163002533339986e-05,50,"[0.7497825826976, -0.6490274335714988]"
231,1,0.11130052739411214,0.11130052739411214,0.2765995233614988,"[0.278551139898174, 1.999303798580277, 0.008407363475683412, 0.005181881181981941, 0.10334118709031781]","[0.052473005154481445, 0.005020912707100953, -0.8117183963115725, -3.1889859471587805, -1.3836065290453063]",3.5701069702654524,0.1518780025653541,0.0027663060277700424,0.00027125402353703974,True,False,6.750519686087752e-05,1.28,142.46,16.32,cg,0,6.99124561981306e-05,50,"[0.7494111253736064, -0.6489600526877595]"
232,1,0.11127183534750909,0.11127183534750909,0.2759744651198257,"[0.2785364420178088, 1.9993023922042923, 0.008634728762730779, 0.0060751277913485, 0.10372874033177008]","[-0.0924899807187824, -0.002180971236460273, 0.47280022982540165, 4.467485883800997, -1.1643405456363511]",4.641790413048157,0.15765970153734088,0.0028818019945174456,0.000271392036229372,True,False,7.206120655875725e-05,1.28,142.18,15.26,cg,0,7.377253867296428e-05,50,"[0.7498970000608343, -0.6495795366254238]"
233,1,0.11137411321910204,0.11137411321910204,0.2735982806462501,"[0.27855636751475477, 1.9993028620598958, 0.008532871464651466, 0.005112678933192311, 0.1039795790043031]","[0.05172748145798657, 0.0046366989107709655, -0.8346315137017182, -3.235279719888817, -1.2925320361282884]",3.5828732778763746,0.15870200050994754,0.0028978180047124625,0.00027622200548648834,True,False,6.859131501459059e-05,1.28,155.26,17.02,cg,0,6.939525522363717e-05,50,"[0.7493096066464554, -0.6485205761254627]"
234,1,0.11126825457815948,0.11126825457815948,0.27323978034920576,"[0.27854193008495143, 1.9993015679312593, 0.008765821794941536, 0.006015663623988697, 0.10434033193512784]","[-0.09531336238102622, -0.002758065067693064, 0.4722404013983011, 4.667715696320122, -1.062284179324877]",4.811249394907865,0.1483844998292625,0.0026975099835544825,0.00027018001303076746,True,False,6.851237081371975e-05,1.28,150.64,15.84,cg,0,7.061214464585959e-05,50,"[0.7494545287941597, -0.6483365903667895]"
235,1,0.1107367370706395,0.1107367370706395,0.27125425362825095,"[0.27856174060702954, 1.9993021411846579, 0.008667668412620521, 0.005045496560878192, 0.10456112368627431]","[0.05048398978951087, 0.004170263870351368, -0.8169202007758463, -2.990510614641799, -1.2014364171100602]",3.325135762552409,0.1496542957611382,0.002723065996542573,0.00027001991868019103,True,False,6.414614191620483e-05,1.28,156.5,17.1,cg,0,6.615595656900953e-05,50,"[0.7496015332945365, -0.648955588255855]"
236,1,0.11073457990723938,0.11073457990723938,0.27057128398909963,"[0.2785465580721259, 1.999300887021169, 0.008913348667162396, 0.005944861527392186, 0.1049224431939706]","[-0.09027011014703454, -0.002677785917711722, 0.436233264418383, 4.524494519893256, -1.0032838262289494]",4.655758200425062,0.14810930145904422,0.002706815991550684,0.0002553700376302004,True,False,6.720469471815039e-05,1.28,156.98,15.5,cg,0,6.720469471815039e-05,50,"[0.749601480147629, -0.6490863853107887]"
237,1,0.1106315553380592,0.1106315553380592,0.2689110549169132,"[0.2785659469892994, 1.9993014621768799, 0.008819651089765687, 0.00497305536303675, 0.10513793630654716]","[0.05336232803568057, 0.004117538356925461, -0.8729041207053773, -3.183971640505858, -1.1280834948585203]",3.489279850490315,0.15609529614448547,0.0028089659940451384,0.0003129399288445711,True,False,6.334193621903128e-05,1.28,159.02,17.18,cg,0,6.334193621903128e-05,50,"[0.7497714950549136, -0.6493236780625464]"
238,1,0.11038974355092886,0.11038974355092886,0.26902975469795304,"[0.2785506537682604, 1.9993002821229626, 0.009069818504779004, 0.005885556445214478, 0.10546123611134119]","[-0.09612534883575777, -0.00328082868337798, 0.5041069934445196, 4.961699917176114, -0.9098380713911358]",5.0704680347699185,0.15026080003008246,0.0027434259839355947,0.00026179001666605474,True,False,6.479690461000609e-05,1.28,151.28,16.12,cg,0,6.479690461000609e-05,50,"[0.7496845312770063, -0.649070140697417]"
239,1,0.11069118552903441,0.11069118552903441,0.26725160137927784,"[0.2785696116530469, 1.9993009291694799, 0.008970398295463361, 0.004907007742772513, 0.10564067478741065]","[0.05773189718358819, 0.004008331353661411, -0.9359903473701355, -3.441253223566869, -1.0560392048646932]",3.7197942846296415,0.1513793021440506,0.002727725990116596,0.00029986005276441577,True,False,5.998920632107663e-05,1.28,155.5,16.98,cg,0,6.01074828416639e-05,50,"[0.7498404273333072, -0.6497461228921673]"
240,1,0.11042153377947407,0.11042153377947407,0.26776908533601573,"[0.27855409146758753, 1.9992998516014624, 0.009222022518605502, 0.005832126972311944, 0.10592457199348584]","[-0.09438743762890602, -0.003470098988733322, 0.4743934000776819, 4.921324583547639, -0.8407011419079802]",5.015992842363526,0.15829950105398893,0.0028658340126276015,0.00030015600845217705,True,False,6.527868194688868e-05,1.28,152.14,16.36,cg,0,6.527868194688868e-05,50,"[0.7497787957651174, -0.6489529258596157]"
241,1,0.11010600800739018,0.11010600800739018,0.2658845221233518,"[0.2785729087666899, 1.9993005434084679, 0.009127446346969744, 0.004851000256778674, 0.10609217612853167]","[0.05848970916447547, 0.003798591770747063, -0.9175190592372036, -3.2553033612593874, -0.9917495609499256]",3.5250310445316857,0.16003240086138248,0.002895097993314266,0.0003055500239133835,True,False,6.021332007620172e-05,1.28,154.62,17.54,cg,0,6.0213320076201174e-05,50,"[0.749700252338178, -0.649375871883498]"
242,1,0.1102663618007327,0.1102663618007327,0.2660597739822,"[0.27855631608753073, 1.999299465803272, 0.009387733149379681, 0.005774482438697553, 0.1063735210438359]","[-0.0924481284696177, -0.0035716362612930254, 0.45565249799038104, 4.913815347185847, -0.7829176400840429]",4.997471351529883,0.1694017997942865,0.0031033379957079886,0.00028469800017774107,True,False,6.301360116402976e-05,1.28,150.34,15.72,cg,0,6.301360116402976e-05,50,"[0.7498748187835322, -0.649467228636432]"
243,1,0.11008686103875188,0.11008686103875188,0.26494984696231644,"[0.278574815068705, 1.9993001804919632, 0.009296556539080611, 0.0047912221055095875, 0.10653018380082954]","[0.052067966452366304, 0.003414674833926155, -0.8708218635225171, -2.967235440112178, -0.9333282785293225]",3.230579094169303,0.16928489925339818,0.0030834579933434725,0.0003022399917244911,True,False,5.7419746493902466e-05,1.28,163.16,17.36,cg,0,5.7419746493902466e-05,50,"[0.7497282355130319, -0.649862283647039]"
244,1,0.11019236177571841,0.11019236177571841,0.26556198575755663,"[0.2785586978448518, 1.999299123506595, 0.009566112503466272, 0.005709706176848096, 0.10681908812758784]","[-0.09786895058594716, -0.004004920856175924, 0.5163033512487791, 5.2698349666718345, -0.7090885500704541]",5.343232230512608,0.15608940133824944,0.002861538017168641,0.0002602500095963478,True,False,6.022815968496853e-05,1.28,149.16,15.96,cg,0,6.022815968496853e-05,50,"[0.7497057111465707, -0.6490762625776976]"
245,1,0.11011124977833829,0.11011124977833829,0.26356962793384675,"[0.27857701427699355, 1.9992998730380926, 0.009469484970003699, 0.004723442668480989, 0.10695179591930395]","[0.06163446161583734, 0.003623038427274074, -0.9538519835160953, -3.441625314626775, -0.8842129454696921]",3.6797096188340386,0.1521638035774231,0.0027681780513375996,0.00027509802021086216,True,False,6.102603727087652e-05,1.28,155.22,17.74,cg,0,6.102603727086986e-05,50,"[0.7497247081028108, -0.6492740237352204]"
246,1,0.110398389932163,0.110398389932163,0.26380812821823113,"[0.2785602644603005, 1.9992988884390885, 0.009728704332959604, 0.005658740740936499, 0.10719209013727803]","[-0.09139385957442915, -0.0037906028889555443, 0.4386243001606666, 4.883478080171521, -0.6748770985108731]",4.950209666321194,0.16227800073102117,0.0029675179906189443,0.00027804202400147913,True,False,6.216797221852754e-05,1.28,158.2,16.22,cg,0,6.216797221852754e-05,50,"[0.7496677998945032, -0.6492212712061188]"
247,1,0.11020302736856698,0.11020302736856698,0.26262569975470484,"[0.27857872708425313, 1.9992996541850152, 0.009640097116369114, 0.004672221298657155, 0.107328423170395]","[0.06806524600578387, 0.0038211427891169086, -1.0141268830568453, -3.8308465025086087, -0.8434485070647512]",4.052146483487095,0.15884099807590246,0.0028678039740771054,0.00030901598744094373,True,False,5.738891826649162e-05,1.28,151.9,17.56,cg,0,5.82534854091471e-05,50,"[0.7499387869703967, -0.649769536882052]"
248,1,0.1115986846597543,0.1115986846597543,0.2641367119093046,"[0.2785619297531926, 1.9992987111927507, 0.009890366174247265, 0.00561760827249295, 0.10753657174308202]","[-0.10336498272099437, -0.00461599788009339, 0.5317411623173569, 5.6784518222356395, -0.5735852349801196]",5.732998291472831,0.1696529989130795,0.0030905439611524344,0.00030251601710915563,True,False,3.0134144428571875e-05,1.3,157.86,15.74,cg,0,3.0134144428579644e-05,50,"[0.7496340296985852, -0.6489337658239576]"
249,1,0.1104035004638694,0.1104035004638694,0.26145910912811904,"[0.27857995958286424, 1.9992995163557117, 0.009797615202558419, 0.004627122747721175, 0.10763662152606089]","[0.060618480346826216, 0.0032739917246646317, -0.9480282269189532, -3.4080817566601245, -0.7927445603870165]",3.6257286214386246,0.15205860324203968,0.002776646027341485,0.00026452603749930857,True,False,5.392961840236799e-05,1.28,160.46,17.5,cg,0,5.392961840236799e-05,50,"[0.7494261228677955, -0.6495321832407646]"
250,1,0.1100533634950016,0.1100533634950016,0.2624425364879675,"[0.27856324060396115, 1.999298613367081, 0.010059087674891805, 0.0055670942986994956, 0.10785526573331924]","[-0.08836544655550227, -0.0039252186731860445, 0.44386670497131575, 4.9195487846239665, -0.5836183753812852]",4.9746770913946285,0.14393199980258942,0.0026202820241451263,0.000258357971906662,True,False,5.4721135788582954e-05,1.28,150.64,15.58,cg,0,5.4721135788582954e-05,50,"[0.7497504648540695, -0.6492858647656581]"
251,1,0.11075384916299426,0.11075384916299426,0.261312809369283,"[0.2785810036556958, 1.9992994024069723, 0.009969862445449293, 0.004578176084863052, 0.10797258357416434]","[0.06418255116354808, 0.0032770037139593076, -0.9656394418075586, -3.687914050735173, -0.7530723910565371]",3.8864402403720475,0.1470394995994866,0.002664549993351102,0.0002762399986386299,True,False,5.254859230734266e-05,1.28,152.32,17.66,cg,0,5.254859230734266e-05,50,"[0.7496158012855699, -0.6489259057716177]"
252,1,0.11141625192473636,0.11141625192473636,0.2625913279889968,"[0.2785644891727301, 1.9992985592179586, 0.01021832617622485, 0.005527094329244243, 0.10816635276763858]","[-0.10205930408944283, -0.004715714021736443, 0.535112795597187, 5.718548977293657, -0.4911775036985635]",5.765400401478432,0.1593623012304306,0.0029122000467032196,0.00027504597790539264,True,False,2.9668810431671687e-05,1.3,152.76,16.06,cg,0,2.9668810431671687e-05,50,"[0.7495459011831772, -0.6491816886382992]"
253,1,0.11020249288207334,0.11020249288207334,0.26043940242529745,"[0.2785821912050201, 1.9992993771514398, 0.010125511669297083, 0.004535220638245198, 0.10825154676448352]","[0.06650352995122387, 0.003274449754518549, -0.9629991689377416, -3.6035117597048396, -0.7022073521147105]",3.7960760014239665,0.16601249994710088,0.003024091999977827,0.00029615799896419047,True,False,5.2309526330325816e-05,1.28,161.44,17.16,cg,0,5.2309526330319155e-05,50,"[0.7497667985601321, -0.6496070629172068]"
254,1,0.11173724800143148,0.11173724800143148,0.26235093828640016,"[0.27856467218540387, 1.9992985145634008, 0.010379194463931022, 0.00548449345507074, 0.10843652919151246]","[-0.10573555071248736, -0.005028550135696912, 0.5760403842418487, 5.927326225499697, -0.44961093773211724]",5.97313770108335,0.14482339983806014,0.0026420240104198457,0.00025444398634135725,True,False,2.6936207686759085e-05,1.3,155.36,16.2,cg,0,2.6936207686759085e-05,50,"[0.7496404102881813, -0.6491864339652127]"
255,1,0.11057737136165353,0.11057737136165353,0.26024489419033836,"[0.27858237402922303, 1.9992993564241424, 0.010282755973313112, 0.004492163038272827, 0.10851180134496964]","[0.06345503768453555, 0.003040741183880498, -0.9548699918476967, -3.5339778028441073, -0.6741909314027846]",3.722814125393092,0.15550450002774596,0.0028118939977139234,0.0002981960028409958,True,False,5.196816291527906e-05,1.28,157.2,17.9,cg,0,5.196816291528572e-05,50,"[0.7499696384990336, -0.649894569910571]"
256,1,0.11070808939056448,0.11070808939056448,0.26072063669281337,"[0.2785653291176239, 1.9992985396384848, 0.010539247422907141, 0.0054414389577418605, 0.10869289846894988]","[-0.09876364463212513, -0.004772565689482756, 0.5453682294442318, 5.473251911679881, -0.4679287468210211]",5.521109249179949,0.16458379803225398,0.002980481991544366,0.0003111939691007137,True,False,5.404163807957552e-05,1.28,156.94,16.52,cg,0,5.404163807957552e-05,50,"[0.7497088646748443, -0.6491750356773878]"
257,1,0.11045924619477708,0.11045924619477708,0.2592907466835829,"[0.27858321748754317, 1.9992994040600118, 0.010440468680315432, 0.0044501070235836125, 0.10877765113831714]","[0.059775732352728414, 0.0021215908659861006, -0.8854330551076708, -3.137525777713933, -0.5213561466109129]",3.302037185107371,0.1666849018074572,0.003007080042734742,0.00032661799341440203,True,False,5.014266153311353e-05,1.28,158.6,17.58,cg,0,5.014266153311353e-05,50,"[0.7497932440001515, -0.6493620109221242]"
258,1,0.1119119516750813,0.1119119516750813,0.261841442773285,"[0.27856511480456786, 1.9992987615503288, 0.010708616192049384, 0.005400285837715208, 0.10893554037978431]","[0.17944368873299305, -0.034102474535677545, -0.05480703185173086, 3.9136430354952747, -1.162312362222059]",4.087045224069688,0.16136809764429927,0.002925597978755832,0.00030176397413015363,True,False,2.575384420191895e-05,1.3,152.22,17.02,cg,0,2.575384420191895e-05,50,"[0.7497229174822551, -0.6488696430175589]"
259,1,0.11013318340304712,0.11013318340304712,0.25880331442042326,"[0.2785212093230155, 1.9993071055917224, 0.01072202613219772, 0.00444271311219477, 0.10921992978538533]","[0.05383241102132933, 0.0016696213319616336, -0.805868548116163, -2.6480215260710778, -0.5827352677310248]",2.8291205749751924,0.17410540208220482,0.0031520100124180317,0.0003300980292260647,True,False,5.0991648317524896e-05,1.28,166.64,17.54,cg,0,5.0991648317524896e-05,50,"[0.749759638107291, -0.6495370146241849]"
260,1,0.11171148843986535,0.11171148843986535,0.25962757333090525,"[0.2785021813567003, 1.9993065154361291, 0.011006873853061785, 0.005378700623140043, 0.10942590731518013]","[1.6036034402495174, -0.18512340324362378, -3.146377023410387, -5.399967490909844, -4.844527672431155]",8.070600988358164,0.15426679933443666,0.0028149019740521908,0.0002704340126365423,True,False,2.173704186255898e-05,1.3,160.06,16.66,cg,0,2.2103787667476783e-05,50,"[0.74991327863182, -0.6496245996288418]"
261,1,0.10374121713905296,0.10374121713905296,0.23615536625424555,"[0.2783034844514309, 1.999329453430894, 0.011396730448321441, 0.006047791747584208, 0.11002617583035257]","[1.7143858271933698, -0.20464494664057326, -2.9623329640212885, -4.12095861682647, -4.382472551465271]",6.924216958930232,0.14605069998651743,0.002650845991447568,0.00027016800828278065,True,False,1.7693525667082933e-05,1.3,154.88,15.62,cg,0,1.7693525667082933e-05,50,"[0.7495499133257373, -0.6494719903774187]"
262,1,0.09722272259693014,0.09722272259693014,0.21479302802137873,"[0.2780558917146472, 1.999359008389646, 0.011824552537254243, 0.006642943320776391, 0.11065909541921384]","[1.4511430892173407, -0.19508805495684625, -1.6625443767379764, 2.1864740243741876, -3.964250663409169]",5.040226324362454,0.1451695989817381,0.0026523559726774693,0.00025103600695729254,True,False,1.568355622227735e-05,1.3,149.42,15.3,cg,0,1.631105457267967e-05,50,"[0.7495916525442489, -0.6497312069088956]"
263,1,0.09089655632978784,0.09089655632978784,0.20310273326979456,"[0.27776797942747167, 1.9993977145989237, 0.012154407640857833, 0.006209138589950746, 0.1114456177710894]","[1.5216553893451124, -0.1938396201984378, -2.1190397093455204, -0.5088548729595833, -3.2934415142238676]",4.236629379756124,0.16630109678953886,0.003017107956111431,0.00030891397967934607,True,False,1.4497020899326696e-05,1.3,149.54,15.88,cg,0,1.490514416412292e-05,50,"[0.7496243155225338, -0.6494096608831222]"
264,1,0.08817067027008801,0.08817067027008801,0.193870000437744,"[0.2774088129173547, 1.9994434678623738, 0.012654578771939241, 0.00632924701276227, 0.11222299082363525]","[1.421110121220386, -0.18857282229657568, -1.6081897687001034, 1.7466386934753637, -3.128976474376308]",4.18122332826666,0.14860719861462712,0.002715039970353246,0.00025710400193929673,True,False,4.2357794136007043e-05,1.28,146.74,15.42,cg,0,4.2357794136007043e-05,50,"[0.7497818426758426, -0.6496764099580774]"
265,1,0.08436468927383306,0.08436468927383306,0.18642553854772675,"[0.2770689338893025, 1.9994885677787013, 0.013039200601977236, 0.005911513121044579, 0.11297133077775225]","[1.4758889287354513, -0.1847564053579118, -2.01878284649373, -0.6181107302876765, -3.685158571161301]",4.500035756533758,0.16117889946326613,0.0029319500178098677,0.00029162797145545485,True,False,3.86968132953297e-05,1.28,150.8,16.08,cg,0,3.86968132953297e-05,50,"[0.7497245022373843, -0.6492720396618681]"
266,1,0.07729096085741931,0.07729096085741931,0.16770011073965366,"[0.2767409611779158, 1.9995296244314287, 0.013487815447562402, 0.006048869969654696, 0.11379024839746044]","[1.3398022762551647, -0.17620806134800443, -1.4444669647944088, 1.7941534353085853, -3.4035509400997745]",4.326170336915616,0.1532768001779914,0.0028127820044755937,0.0002527539990842342,True,False,3.398175484614796e-05,1.28,153.02,15.88,cg,0,3.476954138962429e-05,50,"[0.749682452285842, -0.6495017266292586]"
267,1,0.07240516538538515,0.07240516538538515,0.1560005986298759,"[0.276431264108313, 1.9995703551580493, 0.013821705898461838, 0.005634149028228931, 0.11457698370241831]","[1.3899981911459574, -0.17274486680908457, -1.876703585009339, -1.044115827305433, -2.7353700550942053]",3.7491838185824675,0.14417850272729993,0.0026317360065877438,0.0002518340479582548,True,False,2.511793767048576e-05,1.28,158.32,16.36,cg,0,2.5448625156594407e-05,50,"[0.7497605998716383, -0.6496186430696088]"
268,1,0.06879843057617185,0.06879843057617185,0.1450626886256708,"[0.2760605172316499, 1.9996164304840727, 0.01432226913444058, 0.005912640528659473, 0.11530657451117168]","[1.2192840349473315, -0.16370600147198264, -1.084919170246698, 2.9386557384667755, -3.006883335815437]",4.513041963375973,0.1469243005849421,0.0026714920345693827,0.00026699397712945936,True,False,3.0006996783789596e-05,1.28,157.46,16.26,cg,0,3.0006996783792927e-05,50,"[0.7496629257662516, -0.649331802022559]"
269,1,0.06621529984728197,0.06621529984728197,0.14178269709051478,"[0.2757903482315449, 1.9996527044657384, 0.014562665563015938, 0.0052614930849478325, 0.11597283982834589]","[1.3641050048302452, -0.16270505570310206, -1.9555496197996838, -2.019844182343102, -3.083613028223693]",4.393161679659551,0.1535404003225267,0.002779192002490163,0.000291616003960371,True,False,2.9825218575130207e-05,1.28,145.16,17.0,cg,0,2.9825218575130207e-05,50,"[0.7498310484177344, -0.649486469881423]"
270,1,0.061648478628062865,0.061648478628062865,0.12821905585271257,"[0.2754798417890355, 1.9996897404474596, 0.015007800470845257, 0.005721263138764714, 0.11667475185716991]","[1.1725483228439892, -0.1604889910596374, -0.9482937023168109, 3.0514193012340365, -1.777998340083505]",3.8434782529360865,0.1452354034408927,0.0026275180187076332,0.0002771900501102209,True,False,5.054594707242066e-05,1.26,148.26,16.2,cg,0,5.797081920093483e-05,50,"[0.7498312176345291, -0.6492440932574358]"
271,1,0.05830371447776073,0.05830371447776073,0.12459906345395674,"[0.27517476699860494, 1.9997314966329915, 0.015254528470761912, 0.004927341825925467, 0.11713735323608045]","[1.303433412344942, -0.16193712916814554, -1.6603738723235788, -0.5350905086747262, -1.8262478413587053]",2.846665895509395,0.17043969733640552,0.0031068979948759077,0.0003018959518522024,True,False,4.763419608987018e-05,1.26,155.54,17.3,cg,0,5.351527888809715e-05,50,"[0.7497141390218853, -0.6496687796456463]"
272,1,0.05579977451115542,0.05579977451115542,0.11501617594579758,"[0.2747168862849099, 1.999788383227715, 0.01583779813874773, 0.005115312781467127, 0.11777889246398845]","[1.199638618628344, -0.1470971233984863, -1.4084255443794114, -0.3450736752752559, -2.100675866766646]",2.8242428775976127,0.15645569888874888,0.002854058016091585,0.00027505596168339255,True,False,4.605562166803689e-05,1.26,155.0,17.84,cg,0,4.947232017519731e-05,50,"[0.7497660686363771, -0.6490304231103369]"
273,1,0.05322999440339185,0.05322999440339185,0.10801574994242368,"[0.2742921216063055, 1.9998404669647454, 0.016336489506637013, 0.005237495500910365, 0.11852269388513596]","[1.1273484602723578, -0.14910301107667193, -0.9762756388590609, 1.443942541183812, -1.1313783832906639]",2.36880718722272,0.15292140003293753,0.002785697998479009,0.00027273000217974185,True,False,8.101841618055272e-05,1.22,146.66,17.1,cg,0,8.577330450450074e-05,50,"[0.7497599335080647, -0.6492886809024951]"
274,1,0.04940173116794115,0.04940173116794115,0.10102261693196056,"[0.2738162076248395, 1.9999034113072895, 0.016748627583434875, 0.0046279302528974275, 0.1190003091122915]","[1.1522478298133634, -0.15089742463471487, -1.0818192937093765, 1.492848342480735, -1.0971053322873305]",2.4398799892809526,0.15352739859372377,0.002762849982827902,0.00030769798904657365,True,False,7.786861324419413e-05,1.22,144.02,18.42,cg,0,8.299189580313983e-05,50,"[0.7494527554758239, -0.648846354811916]"
275,1,0.04619724503758431,0.04619724503758431,0.0968603443989273,"[0.27334395168011955, 1.999965257555972, 0.017192017954280454, 0.004016077068139421, 0.11944996456118961]","[1.220389796181277, -0.1496191331645227, -1.5518515588218695, -1.1242158816998127, -1.1121361076779532]",2.5339077471205034,0.15680090058594942,0.002837646044790745,0.00029837196692824366,True,False,7.611037719571612e-05,1.22,147.3,18.94,cg,0,8.237638152311627e-05,50,"[0.7498511562727661, -0.6496499829227707]"
276,1,0.043237194894064274,0.043237194894064274,0.08616311680701719,"[0.27286232807046507, 2.000024304351687, 0.017804452073073032, 0.0044597458964674005, 0.11988886613860611]","[1.0315925164156328, -0.14051333397735938, -0.6456761153634971, 2.998201738510237, -0.9454313892949738]",3.3740004356210593,0.15179590275511146,0.0027435540035367014,0.0002923640515655279,True,False,7.779157261593006e-05,1.22,148.54,17.96,cg,0,8.316037528985254e-05,50,"[0.7495668362217345, -0.6489269976237215]"
277,1,0.0431587590141791,0.0431587590141791,0.0888097268289368,"[0.2725565804762387, 2.0000659502662677, 0.017995820191569815, 0.0035711266461649826, 0.12016907694683049]","[1.2190400513503021, -0.14377579982633232, -1.7580940798670335, -3.0749467926937557, -1.0202127470627724]",3.88506843546447,0.1510668988339603,0.0027262879814952613,0.0002950499951839447,True,False,7.724367820787282e-05,1.22,154.38,19.28,cg,0,8.321476138918344e-05,50,"[0.7494414571622308, -0.6489719782000997]"
278,1,0.0399783293777849,0.0399783293777849,0.07757946042269785,"[0.2722428047805756, 2.000102957542247, 0.018448346088762748, 0.004362604799762722, 0.1204316753447087]","[0.9767943403997275, -0.1333889216050943, -0.5316804265090795, 2.956598676342738, -0.84216489684614]",3.2718987316554107,0.143989197909832,0.002591653959825635,0.00028812999837100504,True,False,7.747948325345366e-05,1.22,152.64,18.68,cg,0,8.798829254344602e-05,50,"[0.749568149271704, -0.649116603579272]"
279,1,0.04003277864029122,0.04003277864029122,0.07884985478747764,"[0.2719442642632146, 2.0001437255893366, 0.018610845135937592, 0.003458970880156898, 0.12068906867062092]","[1.1516020042646384, -0.1352351973287027, -1.6307786238768975, -3.3835712621188905, -0.9262037868042728]",4.0386040404382415,0.17211400251835585,0.0030981780029833315,0.00034410204738378526,True,False,7.726730815740545e-05,1.22,160.34,20.08,cg,0,8.636164783608871e-05,50,"[0.7498075545300743, -0.6497509300924385]"
280,1,0.03739937322461009,0.03739937322461009,0.07191342441691527,"[0.27165911573356216, 2.0001772112185146, 0.019014642737075073, 0.004296778010393395, 0.12091840627770023]","[1.1219890046089904, -0.13576217039927777, -2.3254675848987243, 2.836800072974209, -0.7200609192585756]",3.905254481241867,0.1709621991030872,0.0031225859839469194,0.0002966579981148243,True,False,7.757211279561193e-05,1.24,156.8,18.8,cg,0,8.213802858948758e-05,50,"[0.7496970647057676, -0.6494502676456854]"
281,1,0.03472306731465453,0.03472306731465453,0.06793373840316452,"[0.27137181332863286, 2.0002119751938245, 0.01961011419622663, 0.0035703720653074028, 0.12110278886340184]","[1.2278712104059744, -0.13496355016134443, -2.958767904117292, -1.262643726860898, -0.7556822392160302]",3.5278201778574756,0.14140680246055126,0.002533514015376568,0.0002946220338344574,True,False,7.786313105377696e-05,1.24,147.54,19.78,cg,0,8.300771158565802e-05,50,"[0.7498372835391904, -0.6497848462598623]"
282,1,0.03084413186154271,0.03084413186154271,0.05778451522583824,"[0.2710237595310599, 2.0002502321183044, 0.020448809978355617, 0.003928282520729147, 0.12131699542748492]","[0.9842242607915991, -0.12258952341910849, -1.628164362059797, 3.2133675340488246, -0.6203055357189544]",3.787499787879477,0.15055049816146493,0.0026865939889103175,0.00032441597431898117,True,False,7.726627313978052e-05,1.24,151.46,19.04,cg,0,8.242206274009259e-05,50,"[0.7497757198606765, -0.6499166695487868]"
283,1,0.03070855977771516,0.03070855977771516,0.057418240556598645,"[0.27076389832560677, 2.0002825989909785, 0.020878688381739365, 0.003079868603061447, 0.1214807724757478]","[1.1458580455921337, -0.12108856528210975, -2.7459474464553058, -3.84906785343757, -0.6765907186069969]",4.913347007983087,0.1516857990063727,0.002711260011419654,0.00032245596870779993,True,False,7.964289457754403e-05,1.24,154.64,20.48,cg,0,8.52286432967795e-05,50,"[0.7497864867224715, -0.6494102886252641]"
284,1,0.028095277680965477,0.028095277680965477,0.05085219550123999,"[0.27053068498987104, 2.0003072438135527, 0.02143756351134753, 0.003863258794391371, 0.12161847712338819]","[0.8627832578965985, -0.11388446030295479, -1.0332356821443542, 4.1526271358219615, -0.5276536855828895]",4.398598769646487,0.13985130097717047,0.0025077820010483264,0.0002892440184950829,True,False,7.661718400080896e-05,1.24,148.62,19.6,cg,0,8.134332624232375e-05,50,"[0.7497280220093295, -0.6494696261764167]"
285,1,0.028079342976783425,0.028079342976783425,0.05191081858424572,"[0.27033453541977287, 2.000333134890744, 0.02167246460963354, 0.0029191792471651014, 0.12173843661801273]","[1.071910506120123, -0.1135400517087902, -2.4152998916985307, -3.9661273308558136, -0.6163161857989947]",4.806825219284653,0.13608830189332366,0.002387926010414958,0.0003338400274515152,True,False,7.659407667525542e-05,1.24,137.96,21.2,cg,0,8.233745767114814e-05,50,"[0.7496552050151929, -0.649400810250511]"
286,1,0.025335336613026112,0.025335336613026112,0.044259060666039726,"[0.2701115378159497, 2.0003567554815715, 0.022174937610213226, 0.003744282542812066, 0.12186665350911127]","[0.755845601901692, -0.10396404818382682, -0.6060298565333272, 4.472866579555397, -0.453016330095774]",4.600124185071067,0.14719289867207408,0.002627476016059518,0.0003163819573819637,True,False,7.460534505837446e-05,1.24,140.74,19.72,cg,0,7.889566515663672e-05,50,"[0.7496449436698738, -0.6493991226711658]"
287,1,0.025685350424876234,0.025685350424876234,0.04627126476115359,"[0.2699472279905345, 2.000379355751473, 0.022306679674561913, 0.002771946493037801, 0.12196513266136275]","[0.9788641317826339, -0.10409256372071946, -2.06629417030977, -4.124270218657716, -0.540768201867689]",4.747695960487238,0.14935379521921277,0.002651335960254073,0.0003357399441301823,True,False,7.37422380960634e-05,1.24,153.36,21.34,cg,0,7.99833418225799e-05,50,"[0.7499032073038107, -0.6497485511738871]"
288,1,0.023907153892418917,0.023907153892418917,0.04164664557591459,"[0.269741051323005, 2.000401280610302, 0.02274190008190714, 0.0036406352743147234, 0.12207903384759168]","[0.7035397954447666, -0.09930083502392081, -0.395312782447953, 4.684818888989023, -0.4103304370732445]",4.7725255563270395,0.15455029904842377,0.0027525239903479813,0.0003384819906204939,True,False,7.539672616159787e-05,1.24,148.62,20.02,cg,0,7.8421896566764e-05,50,"[0.7499964065146174, -0.6499461395105192]"
289,1,0.025054833620181783,0.025054833620181783,0.04395086325276663,"[0.2695936367545561, 2.0004220873789262, 0.022824731022820812, 0.0026590126862917774, 0.1221650114777048]","[0.9447938842323528, -0.10031607285399474, -1.9494488034430553, -4.627324695695221, -0.4988892585998066]",5.134595774463498,0.16036680014804006,0.0028487399872392416,0.0003585960157215595,True,False,7.453313745270362e-05,1.24,147.08,21.56,cg,0,7.905153192686924e-05,50,"[0.7498168824376017, -0.6494861584810516]"
290,1,0.02277719661345658,0.02277719661345658,0.03837840091861327,"[0.26940963125041356, 2.00044162466623, 0.023204400404539003, 0.0035602179413982546, 0.1222621738017545]","[0.6323059548248549, -0.09350895737274328, -0.11484857002633488, 4.986278036604238, -0.3510829652849201]",5.0406321871852615,0.14676619786769152,0.0026287339814007283,0.0003065899759531021,True,False,7.33928435327319e-05,1.24,147.38,20.22,cg,0,7.748441172777651e-05,50,"[0.7496912658524719, -0.6490338325519103]"
291,1,0.02268822535708567,0.02268822535708567,0.03966783754058787,"[0.26928418945438115, 2.0004601757038545, 0.023227184961264948, 0.0025710011427015405, 0.12233182438370091]","[0.8659866927396053, -0.09103113650267941, -1.7295057602455888, -4.9472220715883, -0.4561760068219614]",5.332214602709477,0.15665100188925862,0.0028215020149946215,0.0003115180227905512,True,False,7.178992261804129e-05,1.24,155.54,21.72,cg,0,7.652344896164832e-05,50,"[0.7496722459329003, -0.6472705506862662]"
292,1,0.02130557465873392,0.02130557465873392,0.034962283196470954,"[0.269121782882797, 2.0004772476229853, 0.023551535327629127, 0.003498799897865418, 0.12241737533030096]","[0.5646140028602906, -0.08618572828321205, 0.08191671015807785, 4.788273137099612, -0.2884615932513215]",4.8315315403751224,0.14931779680773616,0.0026741019636392594,0.00031225397251546385,True,False,6.908270639462422e-05,1.24,151.76,19.8,cg,0,7.32889138521239e-05,50,"[0.7498704055064808, -0.6497906057020676]"
293,1,0.02216051307281514,0.02216051307281514,0.03731878499988599,"[0.26900492262885367, 2.000495085802773, 0.023534580722354054, 0.002507753250214474, 0.12247707929596507]","[0.8129460295050103, -0.08532270243063184, -1.5792151746504315, -5.383624119103582, -0.41752913326326047]",5.685052419389078,0.165985397528857,0.0029446879494935273,0.0003750200010836124,True,False,7.256842794872987e-05,1.24,152.68,22.36,cg,0,7.602941436207933e-05,50,"[0.7495527547142191, -0.6492851714095746]"
294,1,0.02120891959168461,0.02120891959168461,0.03495178681443001,"[0.2688619255253284, 2.000510094055313, 0.023812364471363416, 0.0034547320502331964, 0.12255052261757207]","[0.5443550833068374, -0.08561876905146264, 0.2039988321022233, 5.297555016393876, -0.2750509330682438]",5.33713506680659,0.16054710047319531,0.0028382100164890288,0.00037273199297487735,True,False,6.88898431090601e-05,1.24,141.08,19.92,cg,0,7.206376571264342e-05,50,"[0.7492152458189503, -0.6486955128459266]"
295,1,0.02167889968400922,0.02167889968400922,0.03527578991223348,"[0.26875993165101364, 2.0005261361393085, 0.023774141936330952, 0.002462148023580294, 0.12260205793185096]","[0.7675640690699163, -0.08021100486263741, -1.4702447659262103, -5.808442053655234, -0.36674768008583714]",6.052248427541672,0.17803749861195683,0.0031691820081323385,0.0003915679641067982,True,False,7.070960102794954e-05,1.24,154.44,22.12,cg,0,7.516859381283325e-05,50,"[0.7496294681307808, -0.6492704143029294]"
296,1,0.02075951199761684,0.02075951199761684,0.033763956337829255,"[0.268633108689575, 2.000539389231248, 0.0240170673190685, 0.003421864420260794, 0.12266265486279587]","[0.5157294186126947, -0.0827917911819786, 0.29042614082066487, 5.18346732410541, -0.24154100715833482]",5.223394893686409,0.14423449896275997,0.00257444997318089,0.00031024000607430933,True,False,6.86556905330693e-05,1.24,146.02,20.36,cg,0,7.248356058531881e-05,50,"[0.7497294541373503, -0.649465010422694]"
297,1,0.021520992084689237,0.021520992084689237,0.034289516854643334,"[0.2685343741636564, 2.000555239419268, 0.023961466288191798, 0.0024295084087751634, 0.12270889701220794]","[0.7449031944362038, -0.0776154892707346, -1.3944879131040082, -6.14555149220843, -0.33998440593628665]",6.355225724764957,0.15347329946234822,0.0027626380138099193,0.0003068279754370451,True,False,6.885156001693205e-05,1.24,161.46,22.06,cg,0,7.366190708574277e-05,50,"[0.7495149164828252, -0.649346103287707]"
298,1,0.02056747154258574,0.02056747154258574,0.03368601786541184,"[0.26841716303275726, 2.0005674522804027, 0.02418089010935531, 0.003396515995507059, 0.12276239383838013]","[0.49149442828681716, -0.08108627186114276, 0.39491746197587785, 5.409988063810547, -0.2134104313190906]",5.45138665121666,0.13895170111209154,0.0024624420050531628,0.0003165920171886683,True,False,6.748864373191055e-05,1.24,144.54,20.32,cg,0,7.040212573603166e-05,50,"[0.7497200948801319, -0.6494530813720366]"
299,1,0.020447527994394612,0.020447527994394612,0.0333665812220287,"[0.2683270035082834, 2.000582326710898, 0.024108446621639152, 0.002404110134585284, 0.12280154175521929]","[0.7070391845906725, -0.07471466147709409, -1.256958803063007, -5.451510596056425, -0.3203815007072055]",5.648632065083966,0.1625209003686905,0.0029090960044413803,0.00034132200293242933,True,False,7.099827643799627e-05,1.24,157.14,22.98,cg,0,7.456616556467181e-05,50,"[0.7497967899702219, -0.649734701134527]"
300,1,0.020413086487318655,0.020413086487318655,0.03177072856411441,"[0.26820183352441496, 2.0005955537472144, 0.02433097108213821, 0.0033692129297892563, 0.12285826017783189]","[0.4426681928121529, -0.07657594837470567, 0.5256267957309201, 5.490030010608023, -0.1597408362225743]",5.535706746687476,0.13889220170676708,0.0024772240128368137,0.0003006200212985277,True,False,6.827232786850657e-05,1.24,149.06,20.52,cg,0,7.121078747251118e-05,50,"[0.7496798526713366, -0.6490442917949848]"
301,1,0.020140417440203714,0.020140417440203714,0.03252529283569121,"[0.268121867548436, 2.0006093868405963, 0.024236019015547887, 0.002377464222562042, 0.12288711662625001]","[0.6846379871526223, -0.07195596449758837, -1.1862221493657956, -5.869349093835467, -0.2811420398487352]",6.034014373019234,0.16394040128216147,0.0029221400059759616,0.0003566680196672678,True,False,6.810194438201744e-05,1.24,161.06,22.26,cg,0,7.196641582669902e-05,50,"[0.7498670441409785, -0.6487931018687434]"
302,1,0.019574635683899052,0.019574635683899052,0.031447555646834775,"[0.26800840444664087, 2.000621311897455, 0.024432608230594066, 0.0033501747151169206, 0.122933709495014]","[0.4503792770963061, -0.07624727987426588, 0.4898461840664972, 5.2179467680122364, -0.17006322021562184]",5.2635059036397,0.14244699850678444,0.002530319979414344,0.00031861999072134493,True,False,6.921162727242747e-05,1.24,145.42,20.16,cg,0,7.18825078145284e-05,50,"[0.7498533929890837, -0.6496922779927367]"
303,1,0.01997068456911618,0.01997068456911618,0.031176273251422547,"[0.2679228380418043, 2.0006357979227882, 0.0243395436092293, 0.0023588303787473734, 0.12296601937046521]","[0.6633620598257716, -0.07011164857596658, -1.1227603517108777, -5.785436771228326, -0.2693259556716986]",5.937118053174923,0.1590745998546481,0.0028504659608006478,0.00033102603629231453,True,False,6.779246676767992e-05,1.24,159.88,22.0,cg,0,7.200944955997189e-05,50,"[0.7498759019533937, -0.6494788624777291]"
304,1,0.020009296130687314,0.020009296130687314,0.031189046258753246,"[0.26781110671799147, 2.0006476069600914, 0.024528652254445032, 0.003333282413966728, 0.1230113824495238]","[0.43063349307683646, -0.07464265141561388, 0.5506742981037561, 4.976695934340941, -0.15848319082673193]",5.028605995504345,0.14559239661321044,0.002579239960759878,0.00033260797150433066,True,False,6.909706624542488e-05,1.24,148.48,20.28,cg,0,7.186218258754301e-05,50,"[0.7496802011172315, -0.6491604443012362]"
305,1,0.019772032230028512,0.019772032230028512,0.031537437952914055,"[0.2677254699643114, 2.00066245056714, 0.02441914391386584, 0.002343605366729281, 0.12304289877650128]","[0.6660500912985171, -0.06989826656444655, -1.1360459585947542, -5.88658536041133, -0.25905271884328074]",6.03805468908456,0.14814400533214211,0.002598100043833256,0.0003647800628095865,True,False,6.587599720072113e-05,1.24,148.42,21.84,cg,0,7.03231101454348e-05,50,"[0.7496852377215956, -0.6492573693320564]"
306,1,0.019078708760914817,0.019078708760914817,0.030685245335446032,"[0.267615161243128, 2.0006740268562186, 0.024607291590047098, 0.003318519583733316, 0.12308580211741812]","[0.3938419191743354, -0.0722870401645846, 0.7159359366102426, 5.775660212278961, -0.1389248439652554]",5.835276526333408,0.14071069937199354,0.002510041994974017,0.0003041719924658537,True,False,6.624374818616662e-05,1.24,139.82,19.88,cg,0,6.794513823583759e-05,50,"[0.7497982801583609, -0.6496086085840196]"
307,1,0.01971927273984716,0.01971927273984716,0.030022827434206333,"[0.2675476679688454, 2.00068641479359, 0.024484600585900733, 0.0023287361201348375, 0.12310960987413959]","[0.6216659860812774, -0.06448422139202568, -1.0681357753498204, -6.573479165705874, -0.22463554333769062]",6.69272966112788,0.15576369920745492,0.002757032001391053,0.0003582419827580452,True,False,6.666520853974344e-05,1.24,151.44,22.92,cg,0,7.149519273095213e-05,50,"[0.749925798412691, -0.6494302951864672]"
308,1,0.01892555368277991,0.01892555368277991,0.028961452849140628,"[0.267454781207021, 2.0006960497593886, 0.024644197018040236, 0.003310918203911983, 0.12314317398843645]","[0.37262436403578947, -0.06903764086814373, 0.7222636597931728, 5.324247660908005, -0.11043917205329734]",5.3874938396434136,0.1406908999197185,0.0025246539805084465,0.0002891640178859234,True,False,6.679550056322314e-05,1.24,146.68,20.54,cg,0,7.011325152707686e-05,50,"[0.749708268386231, -0.649645428295782]"
309,1,0.01945909105930638,0.01945909105930638,0.029613432510619712,"[0.26738561651281295, 2.000708864185337, 0.02451013400448384, 0.0023226576474466147, 0.12316367316213761]","[0.6155036967707939, -0.06489773185303505, -1.024537293881344, -6.128508932314937, -0.2208207616534159]",6.248209081419496,0.15770719852298498,0.002844704007729888,0.00030943996272981167,True,False,6.59113041634024e-05,1.24,163.1,22.52,cg,0,7.084669547803582e-05,50,"[0.7497350361459347, -0.6495646509771597]"
310,1,0.018498944260117774,0.018498944260117774,0.028885211077324183,"[0.26728710769394154, 2.0007192507986846, 0.02467410695743192, 0.003303500133905437, 0.12319901461098169]","[0.3524924695714365, -0.0673160713628638, 0.7940476859706765, 5.3873257250115225, -0.09077136613880957]",5.4580960078076055,0.15434239618480206,0.0027253079693764447,0.0003615399543195963,True,False,6.371534636901155e-05,1.24,148.7,20.24,cg,0,6.702398133717427e-05,50,"[0.7495742491306108, -0.6491494405659051]"
311,1,0.019710514707415805,0.019710514707415805,0.03030556379425862,"[0.2672225261129282, 2.00073158405029, 0.024528626246816104, 0.002316466245839321, 0.1232156452026738]","[0.632055222024138, -0.06601430691562063, -1.0814548082875388, -6.350250896802253, -0.21672191453820575]",6.476577107960091,0.16452950099483132,0.0028896120470017195,0.000400977972894907,True,False,6.532909924224506e-05,1.24,150.18,22.52,cg,0,6.977309685698613e-05,50,"[0.7496612098746662, -0.6496429682990136]"
312,1,0.01905410820499873,0.01905410820499873,0.02876777511669414,"[0.267124935176946, 2.000741776827401, 0.024695605623436416, 0.0032969611569578696, 0.1232491076182202]","[0.3419015020879793, -0.06715382372321704, 0.8341656739197881, 5.611750169307852, -0.10183858940243028]",5.685010967952032,0.16041790042072535,0.002889594007283449,0.00031876400113105773,True,False,6.70348682266525e-05,1.24,152.0,20.34,cg,0,7.008524822203306e-05,50,"[0.7497509868637745, -0.6496482442208474]"
313,1,0.018868698183094695,0.018868698183094695,0.02846630931287179,"[0.26706479430756946, 2.0007535892626085, 0.02454887491729082, 0.0023098478162878666, 0.123267021143798]","[0.5730596746979095, -0.06115660604653871, -0.8835334883933719, -5.7753991304247085, -0.19779999295949152]",5.874276883095129,0.14569230005145073,0.0025991379749029874,0.0003147080261260271,True,False,6.608150941700586e-05,1.24,154.1,22.24,cg,0,7.026422879913521e-05,50,"[0.7497816260076023, -0.6489429600449657]"
314,1,0.018445474830792053,0.018445474830792053,0.028219610514805704,"[0.26696724022797724, 2.000764000179093, 0.024699282108818613, 0.003293015488561175, 0.12330069337220369]","[0.3222869937223325, -0.06546625664966353, 0.9091780370073775, 5.872354024100242, -0.07588696347037444]",5.951895501069382,0.1413748012855649,0.0025388019997626544,0.00028869402594864366,True,False,6.468440067084192e-05,1.24,147.28,20.28,cg,0,6.735538401975632e-05,50,"[0.7497951386838904, -0.649827544009097]"
315,1,0.018612283130902248,0.018612283130902248,0.02884853161951593,"[0.26691309159690496, 2.0007749994072594, 0.024546527740619228, 0.002306379546774476, 0.12331344342190532]","[0.5766583408258399, -0.06226707434220695, -0.8473263845993627, -5.270768098284297, -0.18811193274391683]",5.373151447499082,0.15600219974294305,0.0027825360093265772,0.0003375079855322838,True,False,6.47730502171312e-05,1.24,154.42,22.54,cg,0,6.874074387786436e-05,50,"[0.749486778221056, -0.6491027358769315]"
316,1,0.01840206024303373,0.01840206024303373,0.027741059929574662,"[0.2668057694143175, 2.000786587964727, 0.02470422409307102, 0.003287324928419472, 0.12334845303117224]","[0.3179046028193548, -0.06461123094701116, 0.8988343563409774, 5.7117010502360746, -0.06724850280962519]",5.791475839213622,0.14588599652051926,0.0026170059386640787,0.0003007139917463064,True,False,6.490585036139307e-05,1.24,154.22,20.42,cg,0,6.855268715207893e-05,50,"[0.7498217778207654, -0.6499131360473646]"
317,1,0.019349499826897366,0.019349499826897366,0.027841181030894162,"[0.2667508776023528, 2.0007977442282994, 0.024549024558247815, 0.0023010994467250866, 0.12336006466604131]","[0.5722781864691375, -0.0597019545059453, -0.9430155407996892, -6.73725603051465, -0.16774404477683036]",6.829282674010066,0.15986580168828368,0.002823374019935727,0.0003739420138299465,True,False,6.586315216175531e-05,1.24,160.3,22.72,cg,0,6.972441307632332e-05,50,"[0.7498428686756813, -0.6498525746076108]"
318,1,0.01828492780394235,0.01828492780394235,0.02710765092226835,"[0.26666707990152494, 2.0008064862817987, 0.024687108685919144, 0.0032876241450170225, 0.12338462713515548]","[0.3102873915460392, -0.06391285680652546, 0.9154799420973194, 5.683687946506891, -0.039208466313922684]",5.7657881178637265,0.16459889989346266,0.0029250679817050696,0.0003669100161641836,True,False,6.46741355275221e-05,1.24,149.7,20.52,cg,0,6.965818713483588e-05,50,"[0.7497206736685852, -0.6495371774872941]"
319,1,0.01823152312267503,0.01823152312267503,0.027549182230081074,"[0.2666132646406882, 2.0008175711249265, 0.024528330749022335, 0.0023018633384567244, 0.12339142732716837]","[0.5711541284812489, -0.05899520859057537, -0.9361272440299301, -6.398838121690245, -0.16528793125124622]",6.494496215869754,0.17392620025202632,0.0031285920087248086,0.0003499319963157177,True,False,6.478232211358737e-05,1.24,151.98,22.24,cg,0,6.879589423998498e-05,50,"[0.7499151941753571, -0.6498981167205478]"
320,1,0.018292656128589376,0.018292656128589376,0.0275576943607617,"[0.2665253203091483, 2.0008266550025087, 0.02467247237491139, 0.003287134236770433, 0.12341687778948782]","[0.32005282114138767, -0.06416692379689395, 0.8736967477764835, 5.353621248532411, -0.05388257088178755]",5.434524911497589,0.1379862013272941,0.00244525202549994,0.0003144720010459423,True,False,6.31141296839871e-05,1.24,144.8,20.38,cg,0,6.93809270407634e-05,50,"[0.7496522624341958, -0.648937565559345]"
321,1,0.018916353141874103,0.018916353141874103,0.027208966182517277,"[0.266466427797605, 2.000838462276342, 0.0245117045503372, 0.0023020212168225673, 0.12342679265265422]","[0.5444211498289802, -0.05765538847265673, -0.8338073191801176, -6.3631324443190485, -0.14920092368610519]",6.442566926101263,0.15367769822478294,0.002709083966910839,0.0003644699975848198,True,False,6.620915906996316e-05,1.24,152.76,22.62,cg,0,6.9810897723324e-05,50,"[0.7493829908251483, -0.6493493016788799]"
322,1,0.01748702332690945,0.01748702332690945,0.027255955669381795,"[0.2663819240344328, 2.00084741140937, 0.02464112615023904, 0.0032896915842892884, 0.12344995126712797]","[0.30767323518419215, -0.06235994798506762, 0.8897326512737352, 5.482945042169206, -0.04877513550963393]",5.563743445091251,0.14309779973700643,0.002544363997876644,0.0003175919968634844,True,False,6.428002938222322e-05,1.24,142.34,20.5,cg,0,6.949153127967144e-05,50,"[0.7498217977297554, -0.649488134289159]"
323,1,0.018038544518070073,0.018038544518070073,0.026648313055604816,"[0.2663266243538912, 2.000858619681029, 0.024481209960735585, 0.002304213893720865, 0.12345871787112081]","[0.5275469030581305, -0.055192518434185676, -0.7977256779714083, -6.348051283682525, -0.14225511748745337]",6.4215037043536,0.1608750969171524,0.002884311964735389,0.00033318997360765935,True,False,6.33534013577286e-05,1.24,169.82,22.36,cg,0,6.711912633449514e-05,50,"[0.7497183607409746, -0.6494073575644707]"
324,1,0.01813397818174057,0.01813397818174057,0.026929054066209393,"[0.2662444711811665, 2.00086721463339, 0.024605437200113545, 0.0032927753856951143, 0.12348087080040572]","[0.29599129187320533, -0.06247965783752891, 0.9577655101108996, 5.806766027326332, -0.0443075514805026]",5.893159100185204,0.14750559953972697,0.0026574599836021663,0.0002926520071923733,True,False,6.500441355155318e-05,1.24,150.98,20.18,cg,0,6.928521016430927e-05,50,"[0.7497156405480186, -0.6496270396535685]"
325,1,0.018234353500204317,0.018234353500204317,0.027045905454966667,"[0.266194244929543, 2.000877816698728, 0.024442915623202735, 0.0023074352773382054, 0.12348838927236952]","[0.5513024339663644, -0.0578999542850364, -0.863541013309109, -6.253731969394291, -0.15468034256469157]",6.3392491206349115,0.15361750312149525,0.002738248035311699,0.00033410202711820603,True,False,6.474980324048308e-05,1.24,155.04,22.4,cg,0,6.903775308503348e-05,50,"[0.7490696873508459, -0.6476557951804265]"
326,1,0.017327253205046394,0.017327253205046394,0.026510240686000917,"[0.2661072784097884, 2.000886950265366, 0.02457913696373374, 0.003293945169819199, 0.12351278969260807]","[0.2950821559575863, -0.06092150956294126, 0.9261248199236926, 5.399029613870757, -0.030107602546313315]",5.4862482016725425,0.1486665983684361,0.0025776559952646492,0.0003956759721040726,True,False,6.385856352613351e-05,1.24,144.46,20.08,cg,0,6.981942379252529e-05,50,"[0.7497484988867765, -0.6494089971099869]"
327,1,0.01811222438655324,0.01811222438655324,0.026200284313871617,"[0.2660534926266709, 2.0008980546681037, 0.02441032855665647, 0.0023098428444375835, 0.1235182775235326]","[0.5223568661681401, -0.055216566248891194, -0.7877717330397318, -6.3332160468104135, -0.12608158501963307]",6.404842849739229,0.15915599931031466,0.002809780016541481,0.0003733399696648121,True,False,6.536733711653087e-05,1.24,161.72,22.44,cg,0,6.84597461322751e-05,50,"[0.7497713707897847, -0.6499212744350281]"
328,1,0.018103375165911338,0.018103375165911338,0.026903882236590605,"[0.26597193607979824, 2.00090667573306, 0.024533324819234373, 0.003298659618619553, 0.12353796287537618]","[0.29194320948559044, -0.06155327795153005, 0.9434148855843444, 5.486258584534892, -0.03069608625889408]",5.5748566614782,0.14579680049791932,0.0026013439893722533,0.000314592020586133,True,False,6.484419427629506e-05,1.24,147.42,20.4,cg,0,7.054678071213937e-05,50,"[0.7495078542752505, -0.6494921388200257]"
329,1,0.017931701071496643,0.017931701071496643,0.02662717839837593,"[0.2659195682384059, 2.0009177169636563, 0.024364098067283235, 0.0023145520591444585, 0.12354346904138498]","[0.5279653603434663, -0.056752940050700286, -0.7625806418481683, -5.604142196737097, -0.1479563295239326]",5.682587297168787,0.17313420213758945,0.0030721480213105677,0.0003905360214412212,True,False,6.72257888075628e-05,1.24,154.6,22.62,cg,0,7.140597108231027e-05,50,"[0.7498447189894081, -0.6493979902143586]"
330,1,0.017525105557529355,0.017525105557529355,0.026234457191293213,"[0.26582665891160795, 2.000927704129198, 0.024498294094873328, 0.0033007475899272465, 0.12356950583092478]","[0.293364918138548, -0.06067141914355225, 0.9201878115082573, 5.280432163118953, -0.02552611647712924]",5.36843599353361,0.15121189877390862,0.0026853179838508367,0.00033891999162733555,True,False,6.444290053013057e-05,1.24,146.8,20.38,cg,0,7.056110985901367e-05,50,"[0.7499199995452974, -0.6498721583528089]"
331,1,0.017541664782603952,0.017541664782603952,0.027307637066066974,"[0.2657720126573847, 2.0009390056366025, 0.02432688703843357, 0.002317140414858803, 0.1235742606825246]","[0.548054352927525, -0.057617629435371284, -0.8389223442103535, -5.748920367588028, -0.13506203438049313]",5.837448176266699,0.16086509777233005,0.0028639399539679288,0.000353362001478672,True,False,6.2891539801897e-05,1.24,151.34,22.72,cg,0,6.773037138198199e-05,50,"[0.749634657150803, -0.6488155477949673]"
332,1,0.017239175078859446,0.017239175078859446,0.026223966193249775,"[0.2656781267099151, 2.0009488759819463, 0.024470600921406863, 0.0033019749166838586, 0.1235973978531305]","[0.29457428838483685, -0.06085901889855539, 0.9091657523929945, 5.393278586481619, -0.023896962797312505]",5.477689766052396,0.13708800310268998,0.0024443000461906194,0.00029746001586318017,True,False,6.542359525884777e-05,1.24,147.7,20.58,cg,0,7.196260864795067e-05,50,"[0.7497180025898553, -0.6491632150501412]"
333,1,0.01757721335585225,0.01757721335585225,0.02644606270269449,"[0.2656243496066266, 2.0009599863261767, 0.024304624790764798, 0.002317384913262799, 0.12360176045192918]","[0.5347951870073531, -0.05492127758921485, -0.8541937618985678, -6.530993378801636, -0.12045924236609303]",6.609618307033085,0.14499269938096404,0.002551047978922725,0.00034880600869655607,True,False,6.351584777723573e-05,1.24,151.02,22.42,cg,0,6.818659706552979e-05,50,"[0.7494633148413288, -0.6484991028040207]"
334,1,0.016934964378782932,0.016934964378782932,0.0257455715053893,"[0.26554343794696883, 2.0009682956225734, 0.02443385975140699, 0.0033054893807876653, 0.12361998529287342]","[0.2931688267987761, -0.05984260179590148, 0.8833160176131745, 5.286626104120536, -0.011058892671562176]",5.368269194893646,0.1397674991749227,0.002449411991983652,0.000345937991514802,True,False,6.283442167658082e-05,1.24,133.18,20.6,cg,0,7.063012456985938e-05,50,"[0.7497070876310304, -0.6494677057560752]"
335,1,0.017874166230543723,0.017874166230543723,0.024800740117827694,"[0.2654888265226716, 2.000979443089217, 0.024269315838764002, 0.0023206978378888035, 0.12362204534095746]","[0.5067160412736017, -0.051689125986080026, -0.8275833080843317, -7.02344039577785, -0.10625273253959636]",7.091144595921399,0.14802350383251905,0.0026187660545110704,0.00034170402213931086,True,False,6.495717881637774e-05,1.24,153.98,22.4,cg,0,6.926226698546621e-05,50,"[0.7496828987749692, -0.6494817120829063]"
336,1,0.017349028867908293,0.017349028867908293,0.025930137898088446,"[0.26541736894140977, 2.00098673233925, 0.024386022429184345, 0.003311150126624681, 0.12363702920302476]","[0.2846462294467819, -0.06011117919573006, 0.937119583530029, 5.422004046848782, -0.0125885111614078]",5.5100922223040785,0.16776449792087078,0.0030197639856487514,0.0003355259727686644,True,False,6.310020373953062e-05,1.24,152.96,20.42,cg,0,7.076735353097425e-05,50,"[0.7497599273628214, -0.649478279524944]"
337,1,0.0173580303311091,0.0173580303311091,0.026020975993398268,"[0.26536570987330144, 2.0009976416265647, 0.02421594912631536, 0.0023271368239221853, 0.12363931383105842]","[0.5278411826917935, -0.05420525286738254, -0.8419946637607074, -6.374476209641804, -0.11267902062573346]",6.4526857235079955,0.1596795003861189,0.002826425991952419,0.0003671640157699585,True,False,6.60847685497179e-05,1.24,148.6,22.4,cg,0,7.022276485446707e-05,50,"[0.7495487395992649, -0.6495040531953805]"
338,1,0.017034294901581638,0.017034294901581638,0.02591545165904795,"[0.26528390809258134, 2.001006042043876, 0.024346436600788623, 0.0033150163645963666, 0.12365677617548933]","[0.28195929225384697, -0.059802730835063454, 0.9461387688568672, 5.599295526033148, 0.004543720154965878]",5.685981622577168,0.13989129941910505,0.0024925240222364664,0.00030530196614563464,True,False,6.329376668033182e-05,1.24,143.42,20.26,cg,0,7.077903554145398e-05,50,"[0.7498634766686328, -0.6500035417809386]"
339,1,0.017565006003054023,0.017565006003054023,0.02582889431025999,"[0.2652343195938981, 2.0010165596175855, 0.024180038108585683, 0.0023302619463239915, 0.1236559770663019]","[0.5173606225569048, -0.05400828751341073, -0.7906326544871998, -6.19129826851736, -0.10543050844844787]",6.264101591217358,0.1410148972645402,0.002503355974331498,0.00031694197095930574,True,False,6.515373833360871e-05,1.24,150.72,22.48,cg,0,7.104457086662912e-05,50,"[0.7496084198503715, -0.6494204090575795]"
340,1,0.016640746257325926,0.016640746257325926,0.025942432558189305,"[0.2651517282414207, 2.001025181490446, 0.024306254556842124, 0.0033186396374217143, 0.12367280797284073]","[0.27772466326360506, -0.059730788651634795, 0.9837237028878172, 5.8395478908847505, -0.0027140699202752206]",5.928637112813806,0.1466525956057012,0.002631115987896919,0.0003019359242171049,True,False,6.331233094283183e-05,1.24,156.1,20.24,cg,0,7.014774072050733e-05,50,"[0.749764655304268, -0.6493581649836522]"
341,1,0.017744800454478887,0.017744800454478887,0.025874676071577455,"[0.26510488363650864, 2.0010352564516056, 0.024140327095942937, 0.0023336665687752082, 0.123673265762695]","[0.5222031177214601, -0.052720555199997146, -0.8804507506272345, -6.986484437014554, -0.11434808094514018]",7.062202868060438,0.16095279762521386,0.0028798440005630256,0.00033921195194125175,True,False,6.411487084020174e-05,1.24,159.1,22.54,cg,0,6.876179120665133e-05,50,"[0.7498650844922515, -0.6498766450884794]"
342,1,0.01708449598743927,0.01708449598743927,0.025904982244387427,"[0.2650309402611336, 2.001042721623051, 0.024264997934058407, 0.003322944923780046, 0.12368945732261832]","[0.28729617580565386, -0.060746399592093436, 0.9415943549659472, 5.752487768293447, -0.0015563887062945646]",5.836432737015926,0.1559965033084154,0.0027730440814048053,0.00034688598476350307,True,False,6.533922446348205e-05,1.24,150.72,20.36,cg,0,7.307196331174865e-05,50,"[0.7497846215090411, -0.6490524061019958]"
343,1,0.017234750681900095,0.017234750681900095,0.025558206261358987,"[0.2649817156424835, 2.0010531297614325, 0.024103667478070655, 0.002337327847989161, 0.12368972399042316]","[0.5165835334494032, -0.05353450884390479, -0.7959819428983315, -6.221461588476608, -0.105923005736902]",6.294530619841534,0.1684998986311257,0.0030078199971467256,0.00036217797547578813,True,False,6.273167163647786e-05,1.24,151.44,22.36,cg,0,6.79051501564194e-05,50,"[0.7496937303878172, -0.6492529783537293]"
344,1,0.01720403907365689,0.01720403907365689,0.025308770869363603,"[0.2648996470078916, 2.001061634686115, 0.02423012360178269, 0.003325719511042957, 0.12370655177506944]","[0.28515980438320443, -0.05966488286255798, 0.9156206965932838, 5.2702361345316175, -0.000449643193630288]",5.357109891370029,0.12898160051554441,0.002277070051059127,0.00030256195925176143,True,False,6.410321026139255e-05,1.24,143.94,20.46,cg,0,7.268288232983533e-05,50,"[0.7497243729567137, -0.649657176710549]"
345,1,0.01718811719942412,0.01718811719942412,0.025088366966175463,"[0.26484641685019233, 2.00107277219945, 0.024059206686694316, 0.002341936045626678, 0.12370663570898206]","[0.49530712544504896, -0.05057218854960149, -0.7906972156362622, -6.68584342763838, -0.10851313621686547]",6.751693581703276,0.16328140022233129,0.0029486440028995277,0.00031698400154709814,True,False,6.440968426455474e-05,1.24,161.1,22.66,cg,0,6.876514991901883e-05,50,"[0.7494645928987188, -0.6488123537730327]"
346,1,0.0169932049876498,0.0169932049876498,0.025460509414989816,"[0.26477305642300797, 2.0010802624962074, 0.024176317631666982, 0.003332182914170358, 0.12372270769668228]","[0.2548088025598639, -0.05836534485064912, 1.0495611825263194, 6.052731660510976, 0.01278281117216711]",6.148628844679194,0.14132560091093183,0.0025152020156383515,0.0003113100025802851,True,False,6.24087675007029e-05,1.24,147.84,20.64,cg,0,7.188464820886482e-05,50,"[0.7498707053129412, -0.6498812881330999]"
347,1,0.016650993466998512,0.016650993466998512,0.025000757786003504,"[0.2647316148579119, 2.0010897549125355, 0.024005619219245506, 0.0023477794296822034, 0.12372062872729041]","[0.5016968207829173, -0.05244735563024672, -0.7637269436885495, -5.8073668444888265, -0.07898495928608319]",5.87958141025989,0.16128230327740312,0.0029030680656433106,0.00032257799990475177,True,False,6.444493781956495e-05,1.24,158.02,22.22,cg,0,6.915400704730126e-05,50,"[0.7498545449304497, -0.6495074187798694]"
348,1,0.015914609718682457,0.015914609718682457,0.024995459075481192,"[0.26464628619491865, 2.00109867516586, 0.024135514000909037, 0.0033354971664189097, 0.12373406249982646]","[0.2681315807460847, -0.05796660266699028, 0.9747233402769002, 5.827156636579153, 0.0034067292815368223]",5.91448276138595,0.14941119821742177,0.0026634920202195642,0.000324731944128871,True,False,6.300257680621314e-05,1.24,147.32,20.24,cg,0,7.21797535298721e-05,50,"[0.7498209160482734, -0.6497594786807649]"
349,1,0.017146705670188868,0.017146705670188868,0.02461908830624718,"[0.2646009514477365, 2.001108475955717, 0.02397071119744568, 0.0023502619614677953, 0.12373348650198888]","[0.5077726969883373, -0.05342243763394117, -0.7550066212310103, -5.934187363085393, -0.09990584678549817]",6.004605141487367,0.161882599350065,0.002899312013760209,0.0003383399732410908,True,False,6.285300761315172e-05,1.24,159.34,22.34,cg,0,6.736969791368448e-05,50,"[0.7493663612982697, -0.6488286906248444]"
350,1,0.016606075222832705,0.016606075222832705,0.02538686937378838,"[0.2645163875696897, 2.001117372866732, 0.02409644912747021, 0.0033385346658786627, 0.12375012470623625]","[0.2755203277317125, -0.0590597856376319, 0.9543190737822956, 5.698157153302954, 0.010017956173668026]",5.7843944978745325,0.15680580027401447,0.002789475983008742,0.00034664002247154714,True,False,6.372441162027897e-05,1.24,144.94,20.48,cg,0,7.375516861089245e-05,50,"[0.7495681246003241, -0.6488909135950011]"
351,1,0.016666059343225115,0.016666059343225115,0.02474463993651378,"[0.2644687559069832, 2.0011275830599766, 0.023931467455841834, 0.0023534432869259233, 0.12374839281257381]","[0.4985968539729042, -0.051611064079809615, -0.7670513177204975, -6.02484094039943, -0.10354050768557137]",6.09500280907144,0.16186129907146096,0.0029045159835368395,0.0003327099978923798,True,False,6.397254770543815e-05,1.24,160.66,22.36,cg,0,6.856393814283768e-05,50,"[0.7495258864088319, -0.648798438983465]"
352,1,0.016575702566091144,0.016575702566091144,0.025012931012053628,"[0.2643869517028655, 2.0011360508270455, 0.024057316670620377, 0.0033419319108267892, 0.12376538058286893]","[0.2784437161873922, -0.059415100484789686, 0.9484899405190018, 5.797990434163991, 0.011460084221237314]",5.881965541611334,0.14480919996276498,0.0025809939950704576,0.0003151900041848421,True,False,6.641874034009621e-05,1.24,150.16,20.34,cg,0,7.49673782626626e-05,50,"[0.7497498042248043, -0.649751356163333]"
353,1,0.016748089851511737,0.016748089851511737,0.024671552133640168,"[0.264339613153503, 2.0011461520593725, 0.023896062760911496, 0.002356208619494834, 0.12376343224023785]","[0.4986227056009899, -0.05074337431470461, -0.8037111479835523, -6.422743879760338, -0.07846385054851952]",6.49268408463037,0.15897590154781938,0.0028072860091924666,0.0003722320217639208,True,False,6.559964487772851e-05,1.24,147.42,23.1,cg,0,7.059971759019268e-05,50,"[0.7498191523822186, -0.6490800164890369]"
354,1,0.016323479908039864,0.016323479908039864,0.02418056226162339,"[0.2642628155303591, 2.0011539675288526, 0.02401984995544978, 0.0033454364634885343, 0.12377551720379278]","[0.26120655754067756, -0.056469315329973256, 0.9524274378595962, 5.268406162382402, 0.01621795062350022]",5.36049458421657,0.14055850123986602,0.002514698011800647,0.0002964720129966736,True,False,6.325064578496686e-05,1.24,147.46,20.36,cg,0,7.290139040765049e-05,50,"[0.7498991971909419, -0.6495611148701818]"
355,1,0.016649777315828167,0.016649777315828167,0.024092588753806817,"[0.26421408745995656, 2.001164501876837, 0.02384217466397831, 0.0023626155542179855, 0.12377249174590532]","[0.48076871252319026, -0.05145953863470856, -0.6638173670348242, -5.462096828241394, -0.08481894836085942]",5.524141213882977,0.1622216021642089,0.0029049400147050618,0.00033949202857911585,True,False,6.373018481010018e-05,1.24,165.68,22.24,cg,0,6.934134755879567e-05,50,"[0.749288478583663, -0.6486108620773989]"
356,1,0.016218725995271223,0.016218725995271223,0.024047038464740704,"[0.2641270569707236, 2.001173817268431, 0.02396234128195802, 0.0033513840551979346, 0.12378784597836635]","[0.26552856165215155, -0.056866317497900824, 0.9338085610848736, 5.370420828021707, 0.033234763153673776]",5.457862406052893,0.1409806008450687,0.0025024139788001774,0.0003171980381011963,True,False,6.302078424336222e-05,1.24,143.78,20.46,cg,0,7.368347166887519e-05,50,"[0.7496241451297622, -0.6494922239788768]"
357,1,0.016537284699350386,0.016537284699350386,0.02492619972202832,"[0.2640784063192691, 2.0011842364240007, 0.02379124708949942, 0.0023674052687261814, 0.12378175664142911]","[0.5193762831868917, -0.052810509189229984, -0.860786247306876, -6.142339112253131, -0.10325392084867235]",6.225149378051559,0.15367550123482943,0.0027485640067607163,0.0003249460179358721,True,False,6.373334165721723e-05,1.24,157.88,22.3,cg,0,6.987164401501426e-05,50,"[0.7498549493360113, -0.6498228020870457]"
358,1,0.016414205105979584,0.016414205105979584,0.024904453254625838,"[0.2639949743802807, 2.0011927198363613, 0.023929522686580437, 0.003354102733838088, 0.12379834321864382]","[0.2817206973695113, -0.05902404514353879, 0.9082570169128275, 5.4954449477475835, 0.010107690052117105]",5.577436556082507,0.15430589811876416,0.002745789987966418,0.000340327974408865,True,False,6.494683938221335e-05,1.24,149.38,20.4,cg,0,7.456965339996572e-05,50,"[0.7493534797030578, -0.6490471573958312]"
359,1,0.016429268137323906,0.016429268137323906,0.023828384608522137,"[0.26394446359553464, 2.0012033024838805, 0.023766677801189587, 0.002368803324063683, 0.12379653097211288]","[0.4958101129083776, -0.05017910478296516, -0.7928519904480433, -6.487822491048529, -0.0825852914464125]",6.555579371428196,0.15548409754410386,0.002746855979785323,0.00036282597109675406,True,False,6.343998180585564e-05,1.24,145.1,22.18,cg,0,6.897478423623205e-05,50,"[0.749807456922019, -0.6498784021250896]"
360,1,0.01650936435407056,0.01650936435407056,0.0248876093060144,"[0.26386883181918946, 2.001210956895784, 0.02388762088576006, 0.003358467566149647, 0.12380912868266669]","[0.26810459194574554, -0.057993303507378434, 0.9669802869509373, 5.569401736091456, 0.009987427942169334]",5.65938420833232,0.13676329981535673,0.0024232720024883747,0.0003119939938187599,True,False,6.316720834409928e-05,1.24,149.86,20.54,cg,0,7.413069424456622e-05,50,"[0.7496108172600379, -0.6493497405252374]"
361,1,0.016700054143960637,0.016700054143960637,0.023886570799647715,"[0.26382145836263854, 2.0012212041773543, 0.0237167577227049, 0.0023743672594577075, 0.12380736392742606]","[0.48183958614985106, -0.048776895220896385, -0.7854097616956013, -6.5892336829017015, -0.08765094952891256]",6.654104018039907,0.15091450326144695,0.0026805880293250084,0.00033770203590393065,True,False,6.56224827823959e-05,1.24,155.36,22.58,cg,0,7.125375466045377e-05,50,"[0.7496597210914068, -0.6490371824563604]"
362,1,0.016367739356584268,0.016367739356584268,0.024233967528632657,"[0.26374904597101206, 2.001228534524923, 0.023834791609678753, 0.0033646183381975973, 0.12382053639201003]","[0.2606209119844038, -0.057224971201879325, 0.9627596659925263, 5.6981050825918445, 0.028826138447766096]",5.78509607613145,0.13610440213233232,0.0024190680403262375,0.0003030200023204088,True,False,6.399436206455389e-05,1.24,149.9,20.28,cg,0,7.400909941373186e-05,50,"[0.7498710224552274, -0.6498773802376969]"
363,1,0.016407528109971176,0.016407528109971176,0.023589820344163577,"[0.26370399556761176, 2.001238426317633, 0.023668370922250877, 0.0023796554254611056, 0.12381555356405637]","[0.4777305968206088, -0.05185164127315703, -0.642033033487938, -5.026564915356449, -0.07689409531701451]",5.090715969499578,0.15684989979490638,0.002805631998926401,0.00033136599697172644,True,False,6.370641168868263e-05,1.24,161.38,22.5,cg,0,7.009076689928288e-05,50,"[0.7495264327021853, -0.6493263387669097]"
364,1,0.015947547480632516,0.015947547480632516,0.02444976511710194,"[0.2636101520690569, 2.0012486118478363, 0.02379448933805103, 0.0033670538473108257, 0.12383065833434066]","[0.26828802344813035, -0.058081107786095335, 0.9640675793193139, 5.894538758806536, 0.016721639874041228]",5.979184306275776,0.1430670996196568,0.002541046002879739,0.00032029598951339723,True,False,6.385486310435507e-05,1.24,150.14,20.14,cg,0,7.515156670674316e-05,50,"[0.7494569822048256, -0.6488407665767443]"
365,1,0.016690437990943614,0.016690437990943614,0.02367751414541143,"[0.2635652817306193, 2.001258325732674, 0.023633252030456048, 0.0023812105523259627, 0.12382786169202045]","[0.4908377453024184, -0.05042264844303161, -0.7842844724120716, -6.236293375273379, -0.07407143959477772]",6.305188967033306,0.15757890045642853,0.0028197319898754358,0.00033184601925313474,True,False,6.543651717152598e-05,1.24,146.14,22.62,cg,0,7.076657073438765e-05,50,"[0.7492429964669909, -0.6488638637917952]"
366,1,0.015787624619512802,0.015787624619512802,0.02402401483641527,"[0.2634874350954446, 2.0012663227409635, 0.023757639178309715, 0.003370283743770466, 0.12383960938744565]","[0.2763190442977249, -0.05743896547688125, 0.8903382633328557, 5.30594358852677, 0.02757045657281905]",5.3875923348797645,0.16438369965180755,0.00292508602142334,0.0003625879716128111,True,False,6.330525510787277e-05,1.24,144.02,20.1,cg,0,7.426131158002067e-05,50,"[0.7497590786882532, -0.6494736057062597]"
367,1,0.01673481837887779,0.01673481837887779,0.024684838112567935,"[0.26343614705673063, 2.0012769840831544, 0.02359238200816277, 0.0023854387039572715, 0.12383449198901347]","[0.5038889996528196, -0.05094301157824271, -0.8407984366908805, -6.458480660717097, -0.08939893219225914]",6.533253855428814,0.15592859918251634,0.0027372800186276436,0.00038129196502268315,True,False,6.375232739467828e-05,1.24,149.08,22.44,cg,0,6.949443087979637e-05,50,"[0.749861477411146, -0.6498674382918649]"
368,1,0.01569953123599584,0.01569953123599584,0.02382591224720891,"[0.26335902025120217, 2.001284781577741, 0.02372107721198736, 0.003373993687835919, 0.12384817566550253]","[0.27299312527464087, -0.05723991899721043, 0.8993566115143437, 5.383265432687582, 0.02046335718143139]",5.465035172549646,0.14936010306701064,0.0026575840264558793,0.0003296180348843336,True,False,6.32135248922272e-05,1.24,147.06,20.18,cg,0,7.32930494363662e-05,50,"[0.7497103766139465, -0.6497488023316432]"
369,1,0.016664427652290436,0.016664427652290436,0.02376267675243224,"[0.2633090675763144, 2.0012952554204846, 0.02355651164507808, 0.0023889560326818995, 0.1238444312509596]","[0.48384664116756787, -0.049288068608573495, -0.796269974534505, -6.316539402064983, -0.07005687764781511]",6.38546480235908,0.14918330125510693,0.00264864600263536,0.00033502002246677876,True,False,6.437612369741719e-05,1.24,159.24,22.72,cg,0,7.044734519372861e-05,50,"[0.7494692734865557, -0.6487278337190113]"
370,1,0.015759591046705854,0.015759591046705854,0.02392780110838358,"[0.26323329444842664, 2.00130297421154, 0.023681212038715146, 0.003378161923965203, 0.12385540255528986]","[0.261691945601205, -0.05690056102764162, 0.956557275364819, 5.760681381337399, 0.03194050681668827]",5.8457841512113875,0.14591200277209282,0.0026058540400117638,0.0003123860154300928,True,False,6.304047536049351e-05,1.24,140.34,19.8,cg,0,7.43700970498691e-05,50,"[0.7496281085642705, -0.6491853270451976]"
371,1,0.016414387632063175,0.016414387632063175,0.023719488671660544,"[0.2631885285216002, 2.001312707817767, 0.023517580051892136, 0.002392719897482203, 0.12384993870202654]","[0.4810799430199917, -0.05044540928236954, -0.720854553307613, -5.689240400987472, -0.0842139965275176]",5.755706930982269,0.15583520010113716,0.002783522000536323,0.00033318200148642064,True,False,6.728900164376772e-05,1.24,158.82,22.72,cg,0,7.271607841687691e-05,50,"[0.7498749573837155, -0.6498385996262763]"
372,1,0.01589186145499146,0.01589186145499146,0.02323646220458916,"[0.2631049454016281, 2.001321472233655, 0.02364282175752904, 0.0033811719622276353, 0.12386457009266591]","[0.2502686393703943, -0.05593128984667453, 0.9814860984768028, 5.667085890805455, 0.03190233494255457]",5.757252636047899,0.15127620100975037,0.00271168801933527,0.0003138360008597374,True,False,6.496617924129588e-05,1.24,154.4,20.32,cg,0,7.491222092090145e-05,50,"[0.7498853300933309, -0.6497413861216873]"
373,1,0.016024377513252475,0.016024377513252475,0.02394358878153459,"[0.2630614752509941, 2.001331187160787, 0.023472343551976457, 0.0023968333812979434, 0.12385902884982775]","[0.49414405377653886, -0.05026630581112686, -0.8048894993085116, -6.079633236975093, -0.06309219891551685]",6.153086467389838,0.15836060279980302,0.0028145099896937607,0.0003527020663022995,True,False,6.342493978670648e-05,1.24,153.42,22.12,cg,0,6.925683713174435e-05,50,"[0.7490903928748435, -0.6468290729650186]"
374,1,0.0160661808074177,0.0160661808074177,0.02330203375337552,"[0.2629811669282824, 2.00133935644397, 0.02360315424404839, 0.0033848957575066813, 0.12386928259796531]","[0.25598356385116394, -0.055770518485758036, 0.9394514280797204, 5.300789892546687, 0.026614651081446974]",5.38983197752884,0.1537633021362126,0.0027558720018714664,0.0003193940408527851,True,False,6.432322558489523e-05,1.24,149.46,20.1,cg,0,7.45743626028707e-05,50,"[0.7493781423040355, -0.6487502073225444]"
375,1,0.016503422742610397,0.016503422742610397,0.023187257035364846,"[0.26293367313536437, 2.001349703801496, 0.02342885355493189, 0.0024014161400226605, 0.12386434466090392]","[0.4919679687511691, -0.05037459655343514, -0.8035360723428893, -6.304328740077693, -0.06158774205938773]",6.3748407207359215,0.16161219868808985,0.0028802020195871593,0.0003520419541746378,True,False,6.553309733761003e-05,1.24,162.48,22.72,cg,0,7.273101384306819e-05,50,"[0.7496678928731729, -0.6491445297329693]"
376,1,0.016038219788093916,0.016038219788093916,0.02361910749259522,"[0.26285649976112246, 2.001357605896427, 0.023554901578312793, 0.003390355160660806, 0.12387400572456773]","[0.26322773783381054, -0.056715225872329106, 0.9295161000897509, 5.451836477766924, 0.040173138262497805]",5.537205116345685,0.15243100095540285,0.002749022040516138,0.00029959797859191895,True,False,6.455445560499318e-05,1.24,151.84,20.3,cg,0,7.628376549980465e-05,50,"[0.7494352266585624, -0.6491291005582109]"
377,1,0.016675034979079188,0.016675034979079188,0.023233449953460383,"[0.26280896174650037, 2.0013678484691093, 0.023387034201108728, 0.0024057724402756315, 0.12386675059541663]","[0.48410881406262307, -0.04953849403359678, -0.7779002848312375, -6.254172028175304, -0.07394854526035216]",6.321556802302838,0.14994180295616388,0.002662818031385541,0.0003360180277377367,True,False,6.665928378474351e-05,1.24,155.08,22.66,cg,0,7.386562628169427e-05,50,"[0.7497371029481066, -0.6495320070093473]"
378,1,0.015543319032928377,0.015543319032928377,0.023481952487791634,"[0.2627323811146836, 2.001375684908071, 0.02351008937707817, 0.003395112918068645, 0.1238784484330793]","[0.2476965665511247, -0.05614191424742253, 0.9992938081074775, 6.021422813021485, 0.043762724645338945]",6.109217747615687,0.1427890001796186,0.002552582025527954,0.0003031979780644178,True,False,6.303179951805738e-05,1.24,144.94,20.12,cg,0,7.450142740175938e-05,50,"[0.74958421051528, -0.6495418973420876]"
379,1,0.015565507264279101,0.015565507264279101,0.023237955311252837,"[0.26269183638756083, 2.0013848746139478, 0.023346517893915057, 0.0024094838145085526, 0.12387128504057209]","[0.4967352967921588, -0.05006037710940026, -0.8491365206283603, -5.951123297284832, -0.07983010787969887]",6.032621832396818,0.16747220000252128,0.00297360198572278,0.0003758420143276453,True,False,6.363373991230381e-05,1.24,155.94,21.84,cg,0,7.177208649331582e-05,50,"[0.749347353445341, -0.648265011343655]"
380,1,0.015339625007751545,0.015339625007751545,0.022622945263614344,"[0.2626094948600276, 2.0013931728926218, 0.02348727535295675, 0.0033959741766822916, 0.1238845181107171]","[0.23983278555091772, -0.05415168758356031, 0.9834938646679082, 5.582876792109038, 0.05149560551159798]",5.674405468891819,0.14450290007516742,0.002556902030482888,0.00033315597102046013,True,False,6.403365227394597e-05,1.24,145.32,20.44,cg,0,7.699111006224919e-05,50,"[0.749701646538396, -0.6495348968118373]"
381,1,0.01577301267785171,0.01577301267785171,0.02263274705415766,"[0.26256722914834674, 2.0014027160399825, 0.02331395431168004, 0.0024121042678906888, 0.12387544304447715]","[0.47430384017091953, -0.04826332112673434, -0.7610604149820052, -5.97651500716833, -0.05029789338779073]",6.043820641382995,0.14804519852623343,0.002622489994391799,0.0003384139761328697,True,False,6.244611719341764e-05,1.24,150.26,21.88,cg,0,6.888702159144671e-05,50,"[0.7496027627337237, -0.6492230791588843]"
382,1,0.015643628329501863,0.015643628329501863,0.02324295886389708,"[0.2624887516639481, 2.001410701604741, 0.023439878037749107, 0.0034009679951259616, 0.12388376524600561]","[0.25894508249354203, -0.055860343037464386, 0.9184174100222943, 5.428051617561896, 0.03679392079350319]",5.51169317254032,0.15268080309033394,0.002702822024002671,0.0003507940378040075,True,False,6.466971816157407e-05,1.24,143.78,20.1,cg,0,7.607256177570087e-05,50,"[0.7497166948343443, -0.6494385421738912]"
383,1,0.01568579147694656,0.01568579147694656,0.023097191845755403,"[0.2624417706230337, 2.001420836483675, 0.023273247316280197, 0.002416143287607763, 0.12387708963478507]","[0.47455899798045087, -0.04850924615406556, -0.7535054517106304, -5.8861723049820975, -0.057595314479811234]",5.953626750097168,0.16716209845617414,0.002968919975683093,0.0003743219934403896,True,False,6.473310774607444e-05,1.24,157.86,22.24,cg,0,7.096331394641921e-05,50,"[0.7496084319002436, -0.6493686916494998]"
384,1,0.015816703513718337,0.015816703513718337,0.02303064178776487,"[0.26236206139405105, 2.001428984331732, 0.023399809743387637, 0.003404813311958443, 0.12388676362290822]","[0.2506139003432148, -0.055736428834299294, 0.9754219567571093, 5.562032786652143, 0.03418663564876333]",5.652852316850201,0.16192400082945824,0.0028941299859434368,0.00034435003064572814,True,False,6.461815985631059e-05,1.24,154.74,20.12,cg,0,7.628227840015356e-05,50,"[0.7499199254461277, -0.6496509907836264]"
385,1,0.016281758656278553,0.016281758656278553,0.022634706564445602,"[0.262317727332899, 2.001438844208782, 0.02322725580036723, 0.0024208794545164704, 0.12388071594401508]","[0.4837703698926598, -0.04862039476526436, -0.8332934181948218, -6.543039750903084, -0.06604900124200004]",6.61411424809422,0.17092839907854795,0.0030809099972248077,0.00033765798434615135,True,False,6.624531270398304e-05,1.24,163.28,22.8,cg,0,7.346006745752228e-05,50,"[0.7497398224055105, -0.6492514649563921]"
386,1,0.015822476130284785,0.015822476130284785,0.023178131649667397,"[0.26224458520809235, 2.0014461952149687, 0.023353242952510685, 0.0034101335714678263, 0.12389070201301154]","[0.267742002235845, -0.05711017104456331, 0.9104819140268351, 5.581377295084073, 0.03870370221130994]",5.661907377714054,0.14252189826220274,0.002543135993182659,0.00030730197206139563,True,False,6.356493870978031e-05,1.24,147.52,20.3,cg,0,7.50532290345512e-05,50,"[0.7496465535095719, -0.6492237163871311]"
387,1,0.01577313061745502,0.01577313061745502,0.02255079587621221,"[0.26219729690322846, 2.0014562819520387, 0.02319243461476751, 0.002424356708344408, 0.12388386620669709]","[0.46785327991914405, -0.04794290821636131, -0.7346996275829851, -5.892461112769902, -0.06240937529644893]",5.957009455455005,0.15121210180222988,0.0027187560219317673,0.00030548601411283015,True,False,6.524098902401243e-05,1.24,160.62,22.42,cg,0,7.184654801520185e-05,50,"[0.7499533382001857, -0.6498869713034142]"
388,1,0.015383454100083667,0.015383454100083667,0.023068781533133825,"[0.2621187586226803, 2.0014643301024684, 0.023315768249362778, 0.0034135210123199273, 0.12389434283523908]","[0.24368018658072033, -0.055038568143004375, 0.9851382215591729, 5.780490298262079, 0.04218965574800395]",5.869306147088102,0.1492828018963337,0.0026719860453158616,0.0003136699926108122,True,False,6.27766057425594e-05,1.24,146.5,20.12,cg,0,7.513582754113483e-05,50,"[0.749640540030834, -0.6493269953542549]"
389,1,0.015774928322609773,0.015774928322609773,0.022904994462289028,"[0.2620772409065428, 2.0014737074576026, 0.02314792247735784, 0.002428653269453073, 0.12388715465069332]","[0.49948958597607596, -0.04940491766581502, -0.9146187195572527, -6.50939363013003, -0.060763307984027154]",6.59275023841547,0.16517290100455284,0.0029224360175430773,0.00038102200254797936,True,False,6.445601731986938e-05,1.24,154.24,22.66,cg,0,7.182041523239506e-05,50,"[0.7499027622907439, -0.6494181937139067]"
390,1,0.015303825771273719,0.015303825771273719,0.02355456670148326,"[0.262001477443976, 2.00148120128277, 0.02328665346008021, 0.0034160095917376513, 0.12389637133656453]","[0.2450578268542466, -0.05531588471156227, 0.9947063953406697, 5.879715820653669, 0.034824725695890006]",5.968653524179504,0.16895589791238308,0.003026441941037774,0.0003526760172098875,True,False,6.443853296311252e-05,1.24,148.46,20.44,cg,0,7.619007694860367e-05,50,"[0.7493016348245235, -0.6489039321860903]"
391,1,0.015465639220514893,0.015465639220514893,0.02187621303477198,"[0.2619604199716633, 2.001490469015346, 0.023119998386009588, 0.0024309103904103574, 0.12389053673324085]","[0.4607638030220583, -0.047260169052532094, -0.7232153244456984, -5.6909343231872915, -0.057616431111714224]",5.755660720997422,0.1509127994067967,0.0026934819761663675,0.00032477401196956635,True,False,6.631989796343718e-05,1.24,151.2,22.3,cg,0,7.3271983199125e-05,50,"[0.7498996965859059, -0.649779763167443]"
392,1,0.015221322812457005,0.015221322812457005,0.02253463971025898,"[0.2618803659474118, 2.0014986800915953, 0.023245651262260903, 0.0034196646964863298, 0.12390054712716339]","[0.25230230589298147, -0.05478675445962693, 0.9152293975769156, 5.422471922526765, 0.04045448772480035]",5.505373848194174,0.14035629900172353,0.0025156140048056843,0.00029151197522878645,True,False,6.664400729364862e-05,1.24,145.7,20.6,cg,0,7.794729511951859e-05,50,"[0.7499452184304951, -0.6497569190171372]"
393,1,0.01549896048607214,0.01549896048607214,0.022475690860778504,"[0.26183453757811226, 2.001508631596427, 0.02307940834712974, 0.002434723061083957, 0.123893198945399]","[0.48062952066538833, -0.04823959197914739, -0.8117402964279248, -6.095239825829997, -0.05230353791718247]",6.168220026691412,0.15450019855052233,0.002781877983361483,0.00030812598764896394,True,False,6.600411136076456e-05,1.24,153.54,22.32,cg,0,7.354422740979298e-05,50,"[0.7495305554440825, -0.649330494325183]"
394,1,0.01443797769107925,0.01443797769107925,0.021979983079417332,"[0.2617566172836825, 2.0015164522629667, 0.023211008759044964, 0.003422891414104151, 0.12390167846423626]","[0.25698087828533006, -0.05348633146012139, 0.8559073487406975, 4.963788471071259, 0.050483051129470574]",5.044127463999793,0.1426311987452209,0.0025414559710770844,0.00031116800382733343,True,False,6.443085557528539e-05,1.24,146.34,20.1,cg,0,7.700380507252447e-05,50,"[0.7497069615309715, -0.6492699234694087]"
395,1,0.015778508699229615,0.015778508699229615,0.022386347878591555,"[0.26170567073642165, 2.0015270559465237, 0.023041324833593106, 0.002438818647205612, 0.12389167018203488]","[0.48166730119231993, -0.047445053678077685, -0.85591151452206, -6.666510413524269, -0.05443948588565098]",6.738854776154392,0.1559678022749722,0.00276112399995327,0.00035823204554617403,True,False,6.591468108820885e-05,1.24,153.82,22.12,cg,0,7.349946461787635e-05,50,"[0.7497304478059694, -0.6496502080214949]"
396,1,0.015638930572501358,0.015638930572501358,0.022686623096228962,"[0.2616341946003243, 2.001534096468281, 0.023168336253608226, 0.003428083237997006, 0.12389974862973645]","[0.2508581415430193, -0.05579590017640963, 0.9664652315421409, 5.7513719242193755, 0.04185128595203022]",5.837818819924907,0.16933269752189517,0.0030102740041911603,0.0003763799462467432,True,False,6.574992788944023e-05,1.24,159.28,20.14,cg,0,7.719295706177337e-05,50,"[0.749793060239293, -0.6492147954386442]"
397,1,0.01560757101119828,0.01560757101119828,0.02261542973246365,"[0.26159122338980234, 2.001543654130464, 0.023002783799654366, 0.0024428913194666935, 0.12389257963610444]","[0.4848714098361767, -0.048972294578627354, -0.8176154812371541, -5.939581803796625, -0.06027003437477456]",6.015667720702913,0.17066360265016556,0.0030318879894912242,0.0003813840635120869,True,False,6.634857430373175e-05,1.24,159.26,22.72,cg,0,7.418362328614307e-05,50,"[0.7494072705830136, -0.6471875435031089]"
398,1,0.014744815917176211,0.014744815917176211,0.022071665040048764,"[0.26151062196162056, 2.0015517949216184, 0.02313869813519644, 0.003430243360598921, 0.12390259847975787]","[0.2562524386063828, -0.0544615778561746, 0.8764729276960006, 5.378542180255563, 0.046578826684540636]",5.455980364757728,0.14511859975755215,0.0025809439830482006,0.00032142801210284234,True,False,6.62740310682286e-05,1.24,145.4,19.96,cg,0,7.815565552021173e-05,50,"[0.7494568229939215, -0.6489675187711794]"
399,1,0.015678214946686878,0.015678214946686878,0.02305032893424055,"[0.26146365470341437, 2.0015617769182907, 0.02297805369204616, 0.0024444366274933866, 0.12389406127405661]","[0.4955148841685891, -0.04883646477280594, -0.8918903390432348, -6.383690107953055, -0.06754341571153358]",6.465249406247716,0.16804169956594706,0.0030080140288919212,0.00035281996242702006,True,False,6.833008732368916e-05,1.24,154.66,22.72,cg,0,7.556671054388465e-05,50,"[0.7496378170992787, -0.6495762361636044]"
400,1,0.015525514037249596,0.015525514037249596,0.022799468658295803,"[0.26138701189306696, 2.0015693306044207, 0.023116005112457476, 0.003431821599958141, 0.12390450842179322]","[0.23510012379439704, -0.05461827684432098, 1.0176905210799516, 5.924533528511057, 0.045101212351969344]",6.016317883130584,0.15432240394875407,0.002774656070396304,0.0003117920085787773,True,False,6.347152503241026e-05,1.24,149.5,20.3,cg,0,7.588416781566514e-05,50,"[0.7499741654173907, -0.6496418290094058]"
401,1,0.016352767465506166,0.016352767465506166,0.022274857007354664,"[0.2613479348149733, 2.001578408960634, 0.022946850067680945, 0.002447077501888062, 0.12389701194085245]","[0.4624982881548567, -0.04604012284633477, -0.7913302132868526, -6.800012738471581, -0.02705027662383379]",6.861715006232749,0.15953359752893448,0.0028112719859927893,0.0003793999645859003,True,False,6.519089942773893e-05,1.24,155.32,22.34,cg,0,7.243530820256624e-05,50,"[0.7499218056860817, -0.6497266895521185]"
402,1,0.015236220213444236,0.015236220213444236,0.02234359036461243,"[0.2612805320901928, 2.0015851186713696, 0.023062175494699223, 0.0034380852501410676, 0.12390095414430966]","[0.25293354890258685, -0.05522904111600398, 0.9315557479637263, 5.6028693391288344, 0.0340741101827727]",5.685782937735317,0.15361780487000942,0.0027426640316843987,0.00032969206571578977,True,False,6.411054208218081e-05,1.24,148.5,20.18,cg,0,7.648275745669073e-05,50,"[0.7495636472221673, -0.6487035106023867]"
403,1,0.014787399282436737,0.014787399282436737,0.022232719167553438,"[0.26123604682727863, 2.0015948322045296, 0.02289833600979428, 0.002452667867961671, 0.12389496128271962]","[0.4807314926274057, -0.04754110590068066, -0.8390516235606963, -5.984338556009148, -0.05706646188994378]",6.06241990345144,0.15375899896025658,0.002761469967663288,0.0003137100115418434,True,False,6.464172811938119e-05,1.24,153.36,22.02,cg,0,7.261386969197991e-05,50,"[0.7499142507571498, -0.6494251415014508]"
404,1,0.015033879923030393,0.015033879923030393,0.022419738006529126,"[0.26115674986332627, 2.0016026741400355, 0.023036738106116342, 0.0034397883001202945, 0.12390437443172438]","[0.24903721955003352, -0.055139407429253516, 0.9553560877229889, 5.772200881760616, 0.052764784937311494]",5.856522200696396,0.13559200195595622,0.0024284380394965412,0.0002834019996225834,True,False,6.240665071705343e-05,1.24,143.94,20.06,cg,0,7.579647448238603e-05,50,"[0.7495628157083227, -0.6494989422707478]"
405,1,0.015505516239232724,0.015505516239232724,0.022084764173353907,"[0.26111422680766744, 2.001612089182877, 0.02287361124433372, 0.002454186148712306, 0.12389536485520096]","[0.47479814759861755, -0.045110019264719074, -0.9055619936288027, -7.219664627328665, -0.048273455773195764]",7.292009213977939,0.1624519000761211,0.002885660007596016,0.00036337799392640593,True,False,6.63979546851301e-05,1.24,156.56,22.5,cg,0,7.370424088783314e-05,50,"[0.7498562509046542, -0.6492631232086516]"
406,1,0.014992909399516283,0.014992909399516283,0.02171337952705298,"[0.2610491146919801, 2.0016182754091876, 0.022997796769465634, 0.003444265071336173, 0.12390198490385285]","[0.25226764488419207, -0.054136262971571585, 0.8976309938768543, 5.257279891398041, 0.04719018196365052]",5.33980616413782,0.1487330999225378,0.002640625974163413,0.00033403602428734304,True,False,6.391657541593932e-05,1.24,151.64,20.04,cg,0,7.633300632067542e-05,50,"[0.749723186223812, -0.6492400482097338]"
407,1,0.015584977943310424,0.015584977943310424,0.021798648062720603,"[0.26100187184512713, 2.0016284136541533, 0.022829694975857986, 0.0024597199907073234, 0.12389314747033854]","[0.4871280968106359, -0.04796947563930651, -0.8737464827400353, -6.50470782704573, -0.05592723179771493]",6.581593996888793,0.15221960097551346,0.0027255020197480915,0.0003188899997621775,True,False,6.596929336807056e-05,1.24,153.0,22.32,cg,0,7.491287650688453e-05,50,"[0.7496081006915801, -0.6486423810510127]"
408,1,0.015253634919288599,0.015253634919288599,0.021671093861108607,"[0.2609278581492099, 2.001635702082406, 0.02296245103510751, 0.0034480379922632192, 0.12390164499112388]","[0.24332619447354153, -0.05397691939155451, 0.9327050271687598, 5.505744548140001, 0.06665031132723133]",5.5901453564127666,0.13128699781373143,0.0023047479800879954,0.0003209919761866331,True,False,6.535675678398856e-05,1.24,138.28,20.4,cg,0,7.75343842322652e-05,50,"[0.7496071393465155, -0.6490678133546396]"
409,1,0.01535419435154544,0.01535419435154544,0.021817029132638735,"[0.2608843304448451, 2.001645357809751, 0.022795602953790274, 0.002463136134418118, 0.12388972216853773]","[0.46865778953484105, -0.047001849149974365, -0.8014058260179137, -6.039168444639637, -0.048907938672840705]",6.11048673058759,0.1451114984229207,0.0025886639952659605,0.0003135659731924534,True,False,6.586518124312712e-05,1.24,150.12,22.12,cg,0,7.409413366571093e-05,50,"[0.7498331101147601, -0.6496430009068198]"
410,1,0.014267511674706013,0.014267511674706013,0.021798943394787648,"[0.26080763315212174, 2.001653049807331, 0.022926755488968057, 0.00345146467679441, 0.12389772610354671]","[0.25450988904920774, -0.05361315301294454, 0.8672232572417984, 5.3085890511414355, 0.06269099722085537]",5.385608016439014,0.13333959924057126,0.0023823360074311495,0.00028445597738027575,True,False,6.305751977468521e-05,1.24,143.28,20.06,cg,0,7.600607662705869e-05,50,"[0.7497385423368893, -0.6493195887793197]"
411,1,0.014917347318347105,0.014917347318347105,0.022085225896100867,"[0.2607603757415889, 2.001663004700602, 0.022765729425720665, 0.0024657655627943168, 0.12388608563565194]","[0.4845269861238184, -0.047503077458479384, -0.869597270770553, -6.128909416596581, -0.05504843310924652]",6.209652431724008,0.14730070205405354,0.0026204260252416134,0.0003255880158394575,True,False,6.484162507561564e-05,1.24,150.0,21.66,cg,0,7.364582492662353e-05,50,"[0.7497102945184025, -0.6491195391015855]"
412,1,0.014347774000735114,0.014347774000735114,0.021155861746420344,"[0.26068234770517734, 2.0016706545776235, 0.022905769030222182, 0.0034527627390449674, 0.12389495061379777]","[0.2383076169717988, -0.052616764579792995, 0.9230012979042824, 5.4508027991633154, 0.05699593993714903]",5.534075363842687,0.14461209857836366,0.0025800859928131106,0.0003121559787541628,True,False,6.419850122938663e-05,1.24,149.58,20.08,cg,0,7.720017649048175e-05,50,"[0.7498521998494327, -0.6494766393393256]"
413,1,0.01416551028509937,0.01416551028509937,0.02173223875570031,"[0.26063928583824186, 2.0016801623564504, 0.02273898393297396, 0.00246780998003637, 0.12388465152385417]","[0.46245574382198024, -0.04488063962272447, -0.8136953535285885, -6.0829027869390675, -0.04874794210569705]",6.154840565958756,0.1526850019581616,0.002700055995956063,0.0003536440432071686,True,False,6.624311268353222e-05,1.24,143.4,22.5,cg,0,7.42060968592935e-05,50,"[0.7499230713006275, -0.6497435769910656]"
414,1,0.01492861490775329,0.01492861490775329,0.02179249386595553,"[0.2605641489214053, 2.0016874542820715, 0.022871188064775, 0.0034561219794720863, 0.12389257178459454]","[0.24465885245347255, -0.05410749856574406, 0.9459982215560254, 5.5556597059254935, 0.044703225879000386]",5.641369634859976,0.16802910063415766,0.003019575988873839,0.00034100602380931377,True,False,6.510373430654693e-05,1.24,157.28,19.8,cg,0,7.635768687739543e-05,50,"[0.7497391211752097, -0.6495442577690208]"
415,1,0.01488293197228028,0.01488293197228028,0.021014215766532483,"[0.26052078022404174, 2.0016970454810283, 0.022703498605899146, 0.0024713150860165784, 0.12388464760504869]","[0.45286327938417054, -0.045202557783610736, -0.7630338113531444, -5.912049763631741, -0.024724970386887982]",5.978485824197597,0.17144430009648204,0.0030834260024130344,0.0003454599995166063,True,False,6.533957365650045e-05,1.24,156.56,22.4,cg,0,7.454211624226318e-05,50,"[0.7497502338877143, -0.6493301877975696]"
416,1,0.014763970737043094,0.014763970737043094,0.022032243261716312,"[0.2604450313985657, 2.001704606351641, 0.02283112854994571, 0.003460202562961686, 0.12388878326265662]","[0.24515290685026198, -0.05393030724693203, 0.931154761890545, 5.55633357202192, 0.033634292840731446]",5.639506329954873,0.15759240044280887,0.0028276299871504307,0.00032421802170574666,True,False,6.580795578644938e-05,1.24,150.44,20.04,cg,0,7.748712264359229e-05,50,"[0.7497653585342651, -0.6496327071595225]"
417,1,0.015319042286087804,0.015319042286087804,0.021611749846061058,"[0.2604015607661267, 2.0017141692998996, 0.022666015735588272, 0.0024749507969474204, 0.12388281921352415]","[0.49099283811930905, -0.04884837126857895, -0.8689862574385289, -6.155037439341069, -0.052894824424262625]",6.235854471379059,0.14657399989664555,0.0026094560232013462,0.0003220239747315645,True,False,6.5402401076054e-05,1.24,151.02,22.42,cg,0,7.43463127171194e-05,50,"[0.7497416016594328, -0.6494458953103475]"
418,1,0.014486291790328478,0.014486291790328478,0.021673286441769357,"[0.26032282370766996, 2.0017220027686706, 0.02280536893269824, 0.0034619907393649415, 0.12389130158344772]","[0.24444200065587732, -0.05338060180897746, 0.9221722541067784, 5.518445785365252, 0.04367005916245667]",5.6007279889904735,0.14140360103920102,0.002515280023217201,0.00031279199756681917,True,False,6.531207476989709e-05,1.24,153.32,20.16,cg,0,7.88085980298256e-05,50,"[0.7497291274657467, -0.6498833610311782]"
419,1,0.01407154508070003,0.01407154508070003,0.02154409904860143,"[0.2602791790241408, 2.0017315337799793, 0.02264071672038676, 0.002476682080342806, 0.1238835043722208]","[0.4545091056074845, -0.045470752417594296, -0.7542597555673516, -5.480222880443535, -0.03947443242398066]",5.550851731529684,0.155770402867347,0.0027713480219244955,0.00034406003542244437,True,False,6.705376291867959e-05,1.24,154.54,22.12,cg,0,7.441182272158163e-05,50,"[0.7497781243600224, -0.649220693317823]"
420,1,0.01400115490298084,0.01400115490298084,0.021239719231135643,"[0.26019729805748776, 2.0017397254512055, 0.022776598525902688, 0.0034639581137356204, 0.12389061579121127]","[0.23686050275717932, -0.05237256954381594, 0.9381017084882828, 5.498095783211642, 0.0572262008386245]",5.5831185442105475,0.1509848991408944,0.002720528030768037,0.0002991699520498514,True,False,6.390418215689752e-05,1.24,142.36,20.06,cg,0,7.74750992706712e-05,50,"[0.7496458336751279, -0.6493668022578164]"
421,1,0.014809934698109919,0.014809934698109919,0.021098166860245342,"[0.2601548736488281, 2.001749105973779, 0.022608573845629146, 0.0024791866569432225, 0.12388036592809709]","[0.4703924712313842, -0.04691938041402727, -0.81430182375107, -5.9147651320944705, -0.05182996215975161]",5.9894649909847475,0.1668036011978984,0.002990616001188755,0.00034545602276921274,True,False,6.56105689267955e-05,1.24,156.1,21.96,cg,0,7.459947341264216e-05,50,"[0.7498318370044351, -0.6498263848691743]"
422,1,0.01436961490757304,0.01436961490757304,0.021326029648109354,"[0.26007633700626304, 2.001756939625111, 0.022744529531961863, 0.003466714781743978, 0.12388901944927622]","[0.2415243313021325, -0.053249536034963116, 0.9269707603039976, 5.566531174303351, 0.06483417377924999]",5.648974870783028,0.15756489988416433,0.002819394012913108,0.0003319039847701788,True,False,6.482647255233398e-05,1.24,143.42,19.94,cg,0,7.816541795417043e-05,50,"[0.7498216566644537, -0.6498182091744942]"
423,1,0.015314431435258003,0.015314431435258003,0.021230194467544213,"[0.2600335815795203, 2.0017663660320686, 0.02258043413742678, 0.0024813092346050603, 0.12387754229187141]","[0.4685350007716958, -0.04623256156782232, -0.8451170676263786, -6.314166004011366, -0.05324257800039458]",6.388067974983959,0.15337960049510002,0.00275362198241055,0.0003139700274914503,True,False,6.46736805924636e-05,1.24,154.84,22.34,cg,0,7.335476777667103e-05,50,"[0.7497753003135776, -0.6491070854249732]"
424,1,0.01523983166522864,0.01523983166522864,0.021375089344939736,"[0.25996023624216114, 2.0017736033629396, 0.022712730329452854, 0.003469740482949563, 0.12388587698370633]","[0.24153919233974527, -0.054188751630759535, 0.9450734837652495, 5.638271812867235, 0.04500266024684138]",5.722462386696666,0.14800969837233424,0.0026196840312331915,0.00034050993621349336,True,False,6.537669562619807e-05,1.24,152.78,20.14,cg,0,7.741567090375906e-05,50,"[0.7498049898734416, -0.6495789393522527]"
425,1,0.014364319551346993,0.014364319551346993,0.02081719258691992,"[0.25991802728105745, 2.001783072844425, 0.022547578788081928, 0.0024844527814542137, 0.12387801277120515]","[0.4593647002431331, -0.04459474508935956, -0.8270166634619825, -6.234502712085365, -0.04220884430569332]",6.306168950662536,0.15120949782431126,0.002699307957664132,0.000324881998822093,True,False,6.584583337929217e-05,1.24,151.24,22.18,cg,0,7.452115510596907e-05,50,"[0.7499361185315774, -0.649818709331754]"
426,1,0.014548373588527494,0.014548373588527494,0.021407891366918844,"[0.25984518357773073, 2.001790144450884, 0.02267872285824579, 0.0034730883159401274, 0.12388470603372781]","[0.22361738735962836, -0.052505553093378655, 1.00758310097238, 5.9149010791997725, 0.05645022235148458]",6.004766996205803,0.15012039756402373,0.0026926539558917283,0.00030975399538874627,True,False,6.58692490228091e-05,1.24,152.42,20.22,cg,0,7.948072020354707e-05,50,"[0.7499150488878957, -0.6496172687986203]"
427,1,0.01484363417784462,0.01484363417784462,0.020934008668299937,"[0.2598079436003155, 2.0017988884293128, 0.02251092565621593, 0.0024880540786496293, 0.12387530513234767]","[0.46411368995610774, -0.045348734511511016, -0.8396685030999683, -6.313744909058644, -0.040201959576064136]",6.386508607544682,0.15421079797670245,0.002760431980714202,0.00032378397881984713,True,False,6.534228146370058e-05,1.24,163.68,22.12,cg,0,7.306756932441245e-05,50,"[0.7498574674710773, -0.649463279501424]"
428,1,0.014648933846562413,0.014648933846562413,0.021063965802665917,"[0.2597352726437094, 2.0018059891375857, 0.022642401013812184, 0.003476660733091669, 0.12388159995821266]","[0.23555107468567474, -0.05334081247121334, 0.9526553027341871, 5.738045017726101, 0.05841650314721274]",5.821894433101609,0.14835790218785405,0.0026505700405687095,0.0003165880031883717,True,False,6.47639698803637e-05,1.24,148.18,20.0,cg,0,7.872965558186437e-05,50,"[0.7495940710874798, -0.6489221815392872]"
429,1,0.014739997977893646,0.014739997977893646,0.02177997605238494,"[0.25969481312020687, 2.0018151512433358, 0.022478767798968225, 0.0024910631612573807, 0.12387156602444618]","[0.47969215862602543, -0.04579706352527715, -0.913365015351162, -6.6095219681329604, -0.06204843337113286]",6.689997626655654,0.1533400984480977,0.002711119977757335,0.0003556819912046194,True,False,6.427707955489581e-05,1.24,146.64,21.7,cg,0,7.3138828735328e-05,50,"[0.7498193016133436, -0.6490168595614559]"
430,1,0.014290998744431183,0.014290998744431183,0.02110657905832283,"[0.2596231102310096, 2.0018219968456923, 0.02261529475550636, 0.003479033910426257, 0.12388084083092962]","[0.22757713702375898, -0.052178423968638726, 0.9754156523062797, 5.772920458676774, 0.047470140404322805]",5.8595915960437654,0.16491660149767995,0.0029154240060597658,0.00038290802389383315,True,False,6.766667312815166e-05,1.24,150.7,20.42,cg,0,7.966271230385348e-05,50,"[0.7497414750279343, -0.6496112018250421]"
431,1,0.014903377573416459,0.014903377573416459,0.02076566044688039,"[0.2595842718353203, 2.0018309016342095, 0.022448829971032577, 0.0024938252379328903, 0.12387273955977136]","[0.4698987160260996, -0.045440711682789264, -0.8660919985997276, -6.590628304542481, -0.047791055965331425]",6.664206662859914,0.1603894019499421,0.002848852006718516,0.0003589360322803259,True,False,6.727259469089919e-05,1.24,147.9,22.08,cg,0,7.567706282723368e-05,50,"[0.7498294078715839, -0.6498402679861164]"
432,1,0.014308970273481093,0.014308970273481093,0.021303531491721487,"[0.25951376100939194, 2.0018377202570368, 0.022578791726765118, 0.003482784409965107, 0.12387991086438058]","[0.223619323082891, -0.0519627127381794, 0.9877531155000754, 5.796439884076675, 0.06266365361270228]",5.884811297361214,0.1470189024694264,0.0026213660556823016,0.00031901199370622637,True,False,6.549858263063424e-05,1.24,142.96,20.14,cg,0,7.84463103257081e-05,50,"[0.7496527677569882, -0.6494138977418914]"
433,1,0.013823410330950404,0.013823410330950404,0.02078714524834517,"[0.25947576160520625, 2.0018465502279743, 0.02241094384423826, 0.0024978012745346043, 0.12386926249344128]","[0.46121398541820596, -0.04518954038520664, -0.8028667236360958, -5.664377289893946, -0.040878264751331786]",5.739877744832472,0.144571200478822,0.0025803700089454653,0.00031105400063097477,True,False,6.638882695593929e-05,1.24,147.4,22.12,cg,0,7.5406269417884e-05,50,"[0.7496566156787812, -0.6489889176587481]"
434,1,0.014069008030475718,0.014069008030475718,0.021032670520015808,"[0.2593954090252662, 2.001854423137884, 0.02255081907489435, 0.0034846476048430598, 0.1238763842940373]","[0.2424887997566178, -0.05313345650327914, 0.919315439389565, 5.633655749434609, 0.05141728911465998]",5.7137978350712535,0.13864729832857847,0.0024758340045809746,0.00029711196199059484,True,False,6.655462571049098e-05,1.24,145.58,20.4,cg,0,7.893809549943084e-05,50,"[0.7496099079371974, -0.6491714770299021]"
435,1,0.014137976929255414,0.014137976929255414,0.0205960628359296,"[0.2593529698619087, 2.0018637222867213, 0.02238992513608785, 0.002498673667531296, 0.12386738550013703]","[0.45688202860047744, -0.043714518935867516, -0.8503797495408767, -6.247300649268939, -0.04216597589099608]",6.321735619078991,0.1485906015150249,0.002638638010248542,0.0003331740200519562,True,False,6.53095077171395e-05,1.24,155.28,22.3,cg,0,7.45993113270181e-05,50,"[0.7497412732261199, -0.6495131286499737]"
436,1,0.01387675366598643,0.01387675366598643,0.02029236182635895,"[0.25928069824916533, 2.0018706372419746, 0.022524441952457064, 0.00348689921581686, 0.1238740555000271]","[0.22493694115569698, -0.050689021297594714, 0.9421335646343549, 5.330918802269834, 0.07119779083186857]",5.4189063527432,0.13536740140989423,0.0023946720082312824,0.00031267601996660233,True,False,6.461804268207306e-05,1.24,140.56,19.74,cg,0,7.722276786096793e-05,50,"[0.7496517296583677, -0.6494260692456858]"
437,1,0.014418761463809122,0.014418761463809122,0.02042516898914821,"[0.2592391885927011, 2.001879991347395, 0.02235058149000719, 0.0025031363577288227, 0.12386091672511863]","[0.45246941930650103, -0.0420737524674881, -0.9028924765801776, -7.001546447919148, -0.03807482129204567]",7.074236068629955,0.1664769002236426,0.00296217399649322,0.0003673640079796314,True,False,6.560266601533637e-05,1.24,157.56,22.58,cg,0,7.510203126006412e-05,50,"[0.749566703601349, -0.6491801138767418]"
438,1,0.01431835904237202,0.01431835904237202,0.020362812589418623,"[0.2591752284117214, 2.001885938809715, 0.022478212582282487, 0.003492861096768439, 0.12386629890644779]","[0.2253090882940935, -0.05146114554770647, 0.9471814748379106, 5.471712863896456, 0.06100771784941578]",5.558230724575246,0.17136420076712966,0.0031000260170549153,0.00032725799828767774,True,False,6.636173490632114e-05,1.24,152.96,20.44,cg,0,7.871528392711429e-05,50,"[0.7494430760453396, -0.6488333712019054]"
439,1,0.014755531038556351,0.014755531038556351,0.020242262530947748,"[0.25913469229520913, 2.0018951973576393, 0.022307801974734365, 0.0025084268165002045, 0.12385532280256482]","[0.4573291098553508, -0.044275750269212086, -0.8576331507897058, -6.459138987266806, -0.03696195436407698]",6.5321120260614745,0.15373909985646605,0.0027698659896850586,0.0003049160074442625,True,False,6.590717745767916e-05,1.24,162.12,21.78,cg,0,7.484588736250797e-05,50,"[0.7498184168172389, -0.6494453420833025]"
440,1,0.014164436853888202,0.014164436853888202,0.020465031598239158,"[0.2590646798539098, 2.001901975525265, 0.02243909689852573, 0.003497255385347102, 0.1238609813023289]","[0.2362175713514515, -0.052268096279850275, 0.9099174229342943, 5.532805070952936, 0.045847882668171296]",5.612531905741914,0.13433959940448403,0.0023887620028108358,0.00029802998527884484,True,False,6.643739450221176e-05,1.24,144.62,20.06,cg,0,7.942863495629863e-05,50,"[0.7497444623212077, -0.6497714271598071]"
441,1,0.013632403327636624,0.013632403327636624,0.019985055163175367,"[0.2590225923299052, 2.001911288273442, 0.022276974448613013, 0.002511460531458291, 0.12385281246098778]","[0.4429021677539723, -0.0436711190115905, -0.7563266705681043, -5.572135756090314, -0.03641149222893286]",5.640932742952716,0.1599142006598413,0.0028499479964375495,0.0003483360167592764,True,False,6.555120985255403e-05,1.24,156.86,22.14,cg,0,7.387012174345826e-05,50,"[0.7495654884617595, -0.6491748523340486]"
442,1,0.013979363724335867,0.013979363724335867,0.02056735274272283,"[0.2589440765617056, 2.0019190300993053, 0.022411052748230912, 0.003499264500946111, 0.12385926733181885]","[0.21871408010800125, -0.051091340153697685, 0.9872772711368303, 5.739884287544325, 0.06602897173615496]",5.828875881633296,0.15150680299848318,0.0027071200404316185,0.00032301601953804493,True,False,6.51480531842974e-05,1.24,152.66,19.74,cg,0,7.921453234341364e-05,50,"[0.7497649152336673, -0.6496026530739935]"
443,1,0.01442781631163028,0.01442781631163028,0.020231913876885176,"[0.258906554047157, 2.0019277953125614, 0.022241675789274152, 0.0025145318692827946, 0.12384793942347672]","[0.44146347887670667, -0.04330443042323723, -0.7726648720969547, -6.098616947073142, -0.052360374913598975]",6.163574170677078,0.16086239973083138,0.002873669983819127,0.0003435780107975006,True,False,6.508042270285063e-05,1.24,161.84,21.96,cg,0,7.235884936595738e-05,50,"[0.7496385215284233, -0.6496488900495045]"
444,1,0.013945629248732352,0.013945629248732352,0.02038818965462798,"[0.25883492945620046, 2.001934821176, 0.022367035661740278, 0.003503992980191068, 0.12385643455527122]","[0.24560677770905517, -0.05248403181251481, 0.8628329547997725, 5.357687021057611, 0.048521112801224134]",5.432745391120136,0.14555019792169333,0.0025867999624460936,0.00032420399598777295,True,False,6.604124746129869e-05,1.24,142.9,20.14,cg,0,7.84166133025138e-05,50,"[0.7498012994710638, -0.6492002450272871]"
445,1,0.014604671396519102,0.014604671396519102,0.021324815854676,"[0.2587897208627579, 2.0019444818591396, 0.022208214864422725, 0.0025178088993341578, 0.12384750332266245]","[0.46095346171641394, -0.04357723111083393, -0.9098146735266451, -6.673608594661005, -0.04285464543979705]",6.7513723052778705,0.15755970124155283,0.002822632035240531,0.00032856198959052563,True,False,6.740870539375665e-05,1.24,158.06,22.08,cg,0,7.60276512979552e-05,50,"[0.7496928768218855, -0.6496335374158465]"
446,1,0.013770596762988231,0.013770596762988231,0.02032840574552883,"[0.25872144534175195, 2.0019509364329853, 0.022342974826139048, 0.0035062906911700847, 0.12385385086853841]","[0.2370120431338246, -0.051432913790752634, 0.8843266370259001, 5.3097636109463995, 0.06284036874875826]",5.3887282516601305,0.13822449930012226,0.0024515360035002234,0.0003129539825022221,True,False,6.577760442460168e-05,1.24,145.04,20.04,cg,0,7.80607779267313e-05,50,"[0.7498245680249692, -0.6497927800404139]"
447,1,0.014043933486608755,0.014043933486608755,0.01990543750857589,"[0.2586774624144227, 2.00196048096954, 0.02217886808414675, 0.002520944360461118, 0.12384218942156941]","[0.44129867480537727, -0.042637848164842326, -0.7814867880173908, -6.154233230638946, -0.04675171580067336]",6.219650833154368,0.1594982990063727,0.002828754000365734,0.0003612119797617197,True,False,6.753132553847407e-05,1.24,156.9,22.26,cg,0,7.533057369530185e-05,50,"[0.7497191187615416, -0.6495955878355276]"
448,1,0.013904648016082133,0.013904648016082133,0.019941869394208226,"[0.2586065100914431, 2.001967336313884, 0.02230451610022604, 0.003510426470428419, 0.12384970619655361]","[0.22900921602269744, -0.05089444869784313, 0.905713402096892, 5.311005243841904, 0.04824189340185607]",5.39300066874321,0.14221190102398396,0.002522048028185964,0.00032218999229371547,True,False,6.588475019489837e-05,1.24,143.54,20.0,cg,0,7.999269040770466e-05,50,"[0.749593510212861, -0.6494049042676021]"
449,1,0.014184881490212863,0.014184881490212863,0.02049108401767358,"[0.2585640459365047, 2.0019767734439373, 0.022136573713869907, 0.0025256305156200563, 0.12384076091796825]","[0.47049496807785857, -0.04506485893853724, -0.8939434964428181, -6.255026019420379, -0.04904970259570783]",6.336425467744478,0.1504709953442216,0.002658639969304204,0.0003507799375802279,True,False,6.56822856227346e-05,1.24,147.02,22.14,cg,0,7.620807527200582e-05,50,"[0.7498594770095469, -0.6497847798572088]"
450,1,0.012856494947002946,0.012856494947002946,0.019881940280830818,"[0.25848979350973844, 2.0019838854756595, 0.022277653807189452, 0.003512784242950139, 0.12384850182849227]","[0.22472279544896342, -0.04960970491044762, 0.9115615914213913, 5.340173101287644, 0.05583833085116334]",5.422589110699679,0.1328639010898769,0.0023705760203301908,0.00028670200146734714,True,False,6.380953038165771e-05,1.24,141.96,19.56,cg,0,7.727828070175387e-05,50,"[0.7497632023910089, -0.6493337931607407]"
451,1,0.014012531351264583,0.014012531351264583,0.020051534710040675,"[0.25844835153602075, 2.0019930341874446, 0.022109549314548727, 0.0025279828885997266, 0.1238382044724321]","[0.4615610810805877, -0.044225446149987094, -0.86199070098661, -6.131206162635286, -0.04627616047027246]",6.209013849397311,0.14449230348691344,0.0025791600346565247,0.0003106860350817442,True,False,6.567802806758893e-05,1.24,154.48,21.92,cg,0,7.55378005654431e-05,50,"[0.7495581180512358, -0.6490573003295151]"
452,1,0.013900979408797118,0.013900979408797118,0.019886370316811026,"[0.258374014275354, 2.0020001569684878, 0.02224837823678272, 0.0035154514802896862, 0.12384565753367262]","[0.23864040405502704, -0.05162184416201888, 0.8719400508512968, 5.205622798163457, 0.054983674764102534]",5.2840728071034855,0.1519767022691667,0.0027374659944325685,0.0003020680509507656,True,False,6.615156385487098e-05,1.24,149.74,20.12,cg,0,7.971070660449729e-05,50,"[0.7497169739498147, -0.649514434934267]"
453,1,0.014845256967673925,0.014845256967673925,0.019866606419322204,"[0.25832885206568706, 2.0020099262971924, 0.022083365360821942, 0.0025302979846413523, 0.12383525198538423]","[0.4556654885676885, -0.042579539936654615, -0.9215839050182661, -6.999293736911812, -0.05714988580799536]",7.074753697034431,0.16665260260924697,0.0029308340325951577,0.00040221801958978176,True,False,6.795522701119605e-05,1.24,156.54,21.78,cg,0,7.751836830357064e-05,50,"[0.7490081703309192, -0.647290878977765]"
454,1,0.01331061960476551,0.01331061960476551,0.02006113782834844,"[0.2582644448074253, 2.0020159448162467, 0.02221362910488335, 0.003519631894436179, 0.12384332998897944]","[0.23398565100878457, -0.05099300139008824, 0.8912569207140996, 5.474580644887263, 0.04140163295181134]",5.551975846703124,0.15876700030639768,0.002821722021326423,0.0003536179848015308,True,False,6.584084796339983e-05,1.24,139.42,19.6,cg,0,7.801060366058592e-05,50,"[0.7494314402806725, -0.6489181873219932]"
455,1,0.013565336853981237,0.013565336853981237,0.02001918868427816,"[0.25822230023449716, 2.0020251294746076, 0.02205309942226904, 0.002533572013222517, 0.12383587289008573]","[0.4502007244868496, -0.04313826854073044, -0.8295785237688089, -5.996432922038308, -0.032210506845094466]",6.070501415443021,0.14169060019776225,0.0025277260039001702,0.0003060860000550747,True,False,6.475085029518657e-05,1.24,145.4,21.94,cg,0,7.391670165042814e-05,50,"[0.7496748826127858, -0.6493652600453758]"
456,1,0.014287948350323779,0.014287948350323779,0.020622498374780144,"[0.2581481382018078, 2.0020322356863653, 0.02218975675365879, 0.0035213706332501665, 0.12384117896031542]","[0.21952849770387212, -0.0515637028293312, 0.9741785910582378, 5.896644346789502, 0.052761891800088744]",5.981059594568568,0.1507936017587781,0.002710476014763117,0.00030539602041244505,True,False,6.78962818780332e-05,1.24,154.26,20.1,cg,0,8.040084320223032e-05,50,"[0.7498070393067282, -0.6493547702834547]"
457,1,0.013787075974326917,0.013787075974326917,0.01999396560924009,"[0.25811143425425537, 2.0020408568515626, 0.022026879494957, 0.002535484394771889, 0.12383235746456588]","[0.44696469294429675, -0.0420550955023955, -0.8571958613050756, -6.3579794012390956, -0.01903620342650478]",6.431220355115863,0.1462151976302266,0.0026017119735479355,0.00032259197905659676,True,False,6.50528563787306e-05,1.24,152.24,22.22,cg,0,7.406886031388088e-05,50,"[0.7496509728108732, -0.6492960497763323]"
458,1,0.013779595885983445,0.013779595885983445,0.019722937172801103,"[0.25804193505065254, 2.002047396060791, 0.022160166151896057, 0.0035240960499755367, 0.12383531743209496]","[0.22539979424409962, -0.05107977286756928, 0.9346603616958877, 5.624810720267521, 0.047821322038486366]",5.706819317259388,0.1389737012796104,0.0024836519919335842,0.0002958220336586237,True,False,6.790599286348675e-05,1.24,147.74,19.84,cg,0,8.084249896324703e-05,50,"[0.7497720362105835, -0.6491536127012186]"
459,1,0.014400202544039202,0.014400202544039202,0.020389314487158996,"[0.25800243847967774, 2.002056346716142, 0.021996386591063392, 0.0025384663311108576, 0.12382693775168603]","[0.4662191299976396, -0.044048567466927625, -0.9153629703538025, -6.617838705339885, -0.0515903018163277]",6.697435375582415,0.1591132008470595,0.0028382960241287946,0.0003439679928123951,True,False,6.642318678290182e-05,1.24,159.98,21.86,cg,0,7.501420182230562e-05,50,"[0.7494562725894913, -0.6486534523075165]"
460,1,0.013533086941782034,0.013533086941782034,0.019592322659639165,"[0.25793282688900415, 2.002062923646712, 0.022133060245811055, 0.0035265816817238935, 0.12383464074528217]","[0.22222384040980878, -0.05007545622290403, 0.9224396740454168, 5.368191066498793, 0.04186019903668337]",5.45178993923246,0.14816549979150295,0.0026158339995890857,0.0003474759962409735,True,False,6.895853810494179e-05,1.24,146.02,20.12,cg,0,8.168289627351433e-05,50,"[0.749964201949276, -0.6499116447371969]"
461,1,0.014175429869530368,0.014175429869530368,0.019969067990746103,"[0.2578920652597327, 2.002072108787147, 0.02196386082981043, 0.0025419158884064973, 0.12382696249657933]","[0.47307755980572125, -0.04591168284057971, -0.8806223266573382, -5.965012111311325, -0.052609283471269225]",6.0485984465178815,0.1551693007349968,0.0027642659936100242,0.00033912002108991144,True,False,6.932065172275348e-05,1.24,150.08,22.0,cg,0,7.838850563272458e-05,50,"[0.749550473288017, -0.6491832894225043]"
462,1,0.013895315350600597,0.013895315350600597,0.018724312742072587,"[0.25781385250285843, 2.002079699253474, 0.022109451967046317, 0.003528096763706484, 0.12383566026085113]","[0.21001698322518592, -0.04846349089694365, 0.9143914578073655, 5.116655410087697, 0.05638605025664397]",5.202490706723776,0.16330139990895987,0.0028876959905028343,0.000378332007676363,True,False,6.810133788997031e-05,1.24,149.22,19.86,cg,0,8.082617048388351e-05,50,"[0.7496733134654154, -0.6491499044407815]"
463,1,0.014250512022857587,0.014250512022857587,0.020220292563614996,"[0.25777348395728594, 2.002089014693639, 0.02193369164200627, 0.0025445956490401274, 0.12382482198099165]","[0.4373752730385415, -0.040982213212888884, -0.8724879101449896, -6.695075913778303, -0.05929948010928455]",6.766222708735661,0.1624441002495587,0.0028870200272649526,0.0003618619777262211,True,False,6.868286374284937e-05,1.24,160.02,21.98,cg,0,7.734648823954278e-05,50,"[0.7499259817716918, -0.6497403169612559]"
464,1,0.013758168122186842,0.013758168122186842,0.019691676570236384,"[0.25770884297637214, 2.002095071575739, 0.022062639202199582, 0.003534080654336363, 0.12383358602596226]","[0.20770411971989386, -0.04995651536751061, 0.991977269415724, 5.780045824376037, 0.07135229251911737]",5.868873523884149,0.14747639885172248,0.0026331679988652467,0.0003163599781692028,True,False,6.464529815547904e-05,1.24,147.1,20.04,cg,0,7.939988515416832e-05,50,"[0.7496831710777314, -0.6490990694878309]"
465,1,0.013313357623026007,0.013313357623026007,0.019617607124304222,"[0.257673452177978, 2.002103583688865, 0.021893615749025864, 0.0025492160461848125, 0.1238214282767423]","[0.44820662527023325, -0.04239736555383948, -0.8485333415531616, -6.01977389075879, -0.04783412304345804]",6.096118547605351,0.153968698810786,0.002740645995363593,0.0003387279808521271,True,False,6.743393891236626e-05,1.24,150.22,22.6,cg,0,7.61915314739111e-05,50,"[0.7498151949556819, -0.6496801649596428]"
466,1,0.014161186793450692,0.014161186793450692,0.019979168096720117,"[0.2575999288989117, 2.002110538502033, 0.02203280814411918, 0.0035366925597667166, 0.12382927492911006]","[0.23628948931783317, -0.052391869594257054, 0.8914288031572362, 5.683705381648703, 0.05521170433106476]",5.758539583916878,0.14878060156479478,0.0026676820032298567,0.00030793002806603906,True,False,6.915697469244585e-05,1.24,153.46,20.22,cg,0,8.121818255010903e-05,50,"[0.7498566480785189, -0.6497914044760065]"
467,1,0.014244170162551518,0.014244170162551518,0.019547654540795708,"[0.257558896014474, 2.002119636619502, 0.021878006950168526, 0.0025496879038404445, 0.12381968713284384]","[0.43632176193107214, -0.04219130144013989, -0.8025949460733309, -6.150003182589667, -0.043048046416836384]",6.217773533466593,0.14989730156958103,0.0026896060071885585,0.00030834002420306207,True,False,6.706003910683489e-05,1.24,156.72,21.48,cg,0,7.481435331920405e-05,50,"[0.7497115024483612, -0.6491752172718792]"
468,1,0.013528611269030225,0.013528611269030225,0.019374906897602455,"[0.25748872270251394, 2.0021264222158583, 0.022007087712216926, 0.003538788447386899, 0.12382661051887234]","[0.23014715713387854, -0.05088173112251337, 0.8825993566438197, 5.596136427502312, 0.06228254343561859]",5.6705520295013665,0.1391464020125568,0.0024771000072360038,0.00030582803301513193,True,False,6.744882138317476e-05,1.24,139.56,20.22,cg,0,8.042515738260023e-05,50,"[0.7498935515597286, -0.6496654524713606]"
469,1,0.013618926550880787,0.013618926550880787,0.019467466765471404,"[0.2574481363264617, 2.0021353951925365, 0.021851441603708194, 0.0025519116146903256, 0.12381562701266331]","[0.44682572361834866, -0.04230748900119802, -0.8669581924645715, -6.167683930911172, -0.037543500485489864]",6.244581190475682,0.15951040154322982,0.002845128048211336,0.00034507998265326023,True,False,6.726526464406468e-05,1.24,153.42,21.76,cg,0,7.63874738883853e-05,50,"[0.749604320051874, -0.6491584655810911]"
470,1,0.013342822342320027,0.013342822342320027,0.01975277468063274,"[0.2573765821725613, 2.0021421702648277, 0.021990275284603886, 0.003539597376440132, 0.12382163918535101]","[0.22121025529296007, -0.05023168323254214, 0.9258585795958665, 5.620985594896741, 0.06385135103305441]",5.7015986671743075,0.1452424991875887,0.0025624760054051877,0.00034237397834658624,True,False,6.803261882103562e-05,1.24,141.78,20.2,cg,0,8.018038696822056e-05,50,"[0.7494476016567234, -0.6485983705222239]"
471,1,0.01316576657426526,0.01316576657426526,0.019014961451864727,"[0.2573377842374264, 2.00215098036988, 0.021827889498883136, 0.00255373605542635, 0.12381044033486203]","[0.42767833857253523, -0.041209885851407904, -0.7646913083461662, -5.6947826359308475, -0.030731339298838183]",5.762018179314502,0.1563511984422803,0.002779299970716238,0.0003477239981293678,True,False,6.872794941142346e-05,1.24,155.6,22.2,cg,0,7.84412922625414e-05,50,"[0.7499255842807603, -0.6495973581014328]"
472,1,0.013833691186482757,0.013833691186482757,0.01934240175904174,"[0.2572635605322612, 2.002158132358048, 0.021960601907004076, 0.0035420673063388587, 0.12381577376810315]","[0.21647967935153425, -0.05038670034589764, 0.9458848640646363, 5.705516592548042, 0.0699321578457694]",5.788083494711565,0.14680210035294294,0.002639760011807084,0.0002962819952517748,True,False,6.761935346950687e-05,1.24,147.96,19.84,cg,0,8.072546352567354e-05,50,"[0.7496437431917798, -0.6493209943674871]"
473,1,0.014300634244555677,0.014300634244555677,0.019719303867462103,"[0.257226159606806, 2.002166837605715, 0.021797182553298232, 0.0025563322876966258, 0.12380369167600867]","[0.4744766854395205, -0.04437243103194764, -0.9661786969905615, -6.642682008531758, -0.05130747276375455]",6.7296697567869295,0.1488757012411952,0.002664088038727641,0.00031342598609626296,True,False,6.951877070578094e-05,1.24,151.02,21.88,cg,0,7.685650080638564e-05,50,"[0.7499559411053627, -0.6496712841880722]"
474,1,0.013470987056312202,0.013470987056312202,0.01987600630206191,"[0.2571556544107835, 2.002173431158241, 0.021940752554764142, 0.003543406282055039, 0.12381131574592746]","[0.23963491344709692, -0.051854785467663485, 0.8782529620182167, 5.505429885622895, 0.053413614887397376]",5.58068573882973,0.14295279700309038,0.002529651978984475,0.0003294039610773325,True,False,6.725177562840024e-05,1.24,138.92,19.54,cg,0,8.148802200280041e-05,50,"[0.749617232966559, -0.6485729219437385]"
475,1,0.014682501104236018,0.014682501104236018,0.018864025181252516,"[0.2571127143628003, 2.0021827229886515, 0.021783378890852183, 0.0025568913370671367, 0.12380174458973313]","[0.440415841833673, -0.04130949319003196, -0.8721725851116778, -6.991082764330992, -0.027370795004396334]",7.059202857570471,0.15804710099473596,0.0028327299933880567,0.00032821202650666235,True,False,6.578945330853625e-05,1.24,161.34,21.68,cg,0,7.630027945038868e-05,50,"[0.7495780279183203, -0.648805949259223]"
476,1,0.01414811688733627,0.01414811688733627,0.019921447324176115,"[0.25705032547121337, 2.002188574852384, 0.021906930034314903, 0.0035472415089485444, 0.1238056219106648]","[0.2131938084464966, -0.05044693677893393, 0.9665352942641563, 5.716526148617522, 0.05253057054800207]",5.802035645971039,0.15755940089002252,0.002831082008779049,0.0003201060090214014,True,False,6.667415005646937e-05,1.24,160.22,19.96,cg,0,8.021084102385958e-05,50,"[0.7498035665581076, -0.6495914347086321]"
477,1,0.013691640587393033,0.013691640587393033,0.019008298298089858,"[0.257013580814438, 2.0021972695484958, 0.02174034448519496, 0.002561979353311524, 0.12379656809339372]","[0.4382625909831792, -0.041460090916988025, -0.8308020779301465, -6.1290314847013905, -0.03294560212325571]",6.200817485110119,0.1598431975580752,0.00283421796746552,0.00036264598369598386,True,False,6.820354416499975e-05,1.24,145.32,22.2,cg,0,7.714022958645737e-05,50,"[0.749726608444151, -0.6493647108362689]"
478,1,0.01334336463417035,0.01334336463417035,0.01886445118399606,"[0.256942902618867, 2.002203955778337, 0.02187432715438191, 0.0035504024924267246, 0.12380188119964093]","[0.22326623020949765, -0.04989767677740149, 0.8924774794845405, 5.395955502344196, 0.06283888651935315]",5.474407561373598,0.15667580161243677,0.0027913359832018613,0.00034218004904687407,True,False,6.714736621969197e-05,1.24,148.72,20.24,cg,0,8.154974347979996e-05,50,"[0.7498119328782575, -0.6497288394203493]"
479,1,0.013398753678402278,0.013398753678402278,0.019083243227517935,"[0.25690211898563076, 2.0022130704955385, 0.021711299928272792, 0.002564733186503763, 0.12379040253536477]","[0.4417548250004273, -0.0420240224276244, -0.8246490973732296, -6.0626226143544555, -0.04043783317038119]",6.134654648804952,0.16984829772263765,0.0030255320109426973,0.0003714339435100555,True,False,6.819255765577792e-05,1.24,159.46,21.5,cg,0,7.711867930903795e-05,50,"[0.7496777913901654, -0.6491997659957687]"
480,1,0.013241503990256347,0.013241503990256347,0.01925251621758142,"[0.2568301092556267, 2.002219920762559, 0.021845724626067223, 0.0035529913624627327, 0.12379699424027381]","[0.2203498663367683, -0.04982516779844952, 0.914737382265043, 5.565379590622771, 0.06354223171254983]",5.6449330104426725,0.16128620086237788,0.002890649987384677,0.0003350740298628807,True,False,6.753430003830774e-05,1.24,155.28,20.0,cg,0,8.194874160518763e-05,50,"[0.7497316406770167, -0.6493664041562853]"
481,1,0.013831144725104052,0.013831144725104052,0.018990847983406185,"[0.2567910742722372, 2.0022287472920675, 0.021683678879835903, 0.0025670842526101696, 0.12378573773260866]","[0.44129514971342476, -0.04083206168150546, -0.8823486430503792, -6.714537117791757, -0.042523253699348756]",6.786881811820728,0.13759079901501536,0.002435147976502776,0.0003166680037975311,True,False,6.756494085000231e-05,1.24,147.0,21.72,cg,0,7.743906979192696e-05,50,"[0.7498000655350562, -0.6494963255314619]"
482,1,0.013038664335140424,0.013038664335140424,0.018768519336473388,"[0.25672605249023417, 2.002234763613378, 0.0218136868374496, 0.0035564247631680065, 0.1237920032393424]","[0.20957552381967426, -0.04870399098511441, 0.9471017200359374, 5.540284769471093, 0.06658112196912869]",5.625165243764242,0.13878349866718054,0.0024763320200145243,0.0002993379533290863,True,False,6.956404487549527e-05,1.24,147.34,20.18,cg,0,8.295862324666316e-05,50,"[0.7498321181292836, -0.6495089387124793]"
483,1,0.013709377449531913,0.013709377449531913,0.018861234373725326,"[0.25668879571381953, 2.0022434218463125, 0.02164531814447343, 0.0025715141821627914, 0.12378016694314985]","[0.44547855037134504, -0.04204681518724842, -0.8662333844487015, -6.290610014088447, -0.028638506025087666]",6.365781480951023,0.15531490370631218,0.002789278058335185,0.00031702001579105856,True,False,6.931199295126033e-05,1.24,163.52,21.78,cg,0,7.810691826960109e-05,50,"[0.7498746955506987, -0.6497432929814169]"
484,1,0.012708333381824,0.012708333381824,0.019154227208561945,"[0.2566188155312395, 2.002250026976461, 0.021781394663421612, 0.0035597055035149756, 0.12378466576330355]","[0.20861248005020994, -0.048160362567647164, 0.937009914760616, 5.621436805967131, 0.05619975202135306]",5.70329171122469,0.13089810125529766,0.002314091995358467,0.00030387002974748613,True,False,6.976026814177083e-05,1.24,134.98,20.22,cg,0,8.26122906479995e-05,50,"[0.7496482772057796, -0.6494652879206575]"
485,1,0.013696543209866973,0.013696543209866973,0.01819602695620223,"[0.25658223797382596, 2.0022584712863436, 0.021617101837096038, 0.002574057725071889, 0.12377481184825641]","[0.43680026054839205, -0.041116746157132386, -0.8543674160782528, -6.339073007078205, -0.02801836394332656]",6.4114787961804485,0.15942250052466989,0.0028012559842318296,0.00038719402626156805,True,False,6.946250076653838e-05,1.24,151.44,22.0,cg,0,8.2585293682008e-05,50,"[0.7498207850702601, -0.6499020957422348]"
486,1,0.012817655692213593,0.012817655692213593,0.019049711425988634,"[0.25651411012464076, 2.002264884275836, 0.02175035774312102, 0.003562764575333316, 0.12377918187969995]","[0.22028063636465908, -0.049555772392122444, 0.9108379139093732, 5.611909615638239, 0.05797100296233919]",5.69012260061475,0.16843080008402467,0.0029976979922503233,0.00037091800943017005,True,False,6.763513510125053e-05,1.24,146.76,19.94,cg,0,8.133515042324986e-05,50,"[0.7496929102489501, -0.6492650866048479]"
487,1,0.013206652341862208,0.013206652341862208,0.01907400440493274,"[0.2564753973144278, 2.002273593362768, 0.02159028423017933, 0.0025765099708990134, 0.12376899387374277]","[0.44766126953277613, -0.04214969970701276, -0.8686654142781074, -5.999038516936785, -0.03578336241637918]",6.078363298463244,0.1461226991377771,0.0025772159919142724,0.00034523799084126947,True,False,6.94244173615638e-05,1.24,150.14,22.04,cg,0,7.876216451250658e-05,50,"[0.7495458848918269, -0.64942230066946]"
488,1,0.013104344905814138,0.013104344905814138,0.018936018191181514,"[0.25640174899045015, 2.002280527745863, 0.02173319530203889, 0.003563459618588966, 0.12377488087994055]","[0.21275105489741894, -0.04911397479698318, 0.9321779996298474, 5.588147996395758, 0.05361920131361572]",5.6698239889123245,0.1401711036451161,0.002507304009050131,0.00029611806385219095,True,False,6.712890442924058e-05,1.24,145.74,20.2,cg,0,8.193241057432556e-05,50,"[0.7494137276664304, -0.6489064483256766]"
489,1,0.01355183781090342,0.01355183781090342,0.018955441786199456,"[0.2563642255937317, 2.0022891900914463, 0.021568784907414935, 0.002577865002893996, 0.12376542393711322]","[0.4430274433021332, -0.04193228317663089, -0.8492973026652477, -6.087297145705126, -0.04166252106788695]",6.162488121366012,0.16542290151119232,0.0029736900422722102,0.00033476798795163633,True,False,6.84771808443374e-05,1.24,162.94,22.0,cg,0,7.829157891267778e-05,50,"[0.7496584427966376, -0.6492440548693446]"
490,1,0.012988721776848533,0.012988721776848533,0.01859568006318851,"[0.2562923345921581, 2.0022959945318517, 0.021706602179562336, 0.0035656636038538924, 0.1237721846026497]","[0.22715982460240405, -0.04969308325140477, 0.8668390118382584, 5.316451519468818, 0.05539464558014348]",5.391957546800828,0.14503609808161855,0.0025738119520246983,0.0003269100096076727,True,False,6.807453306401146e-05,1.24,152.82,20.08,cg,0,8.253619810454871e-05,50,"[0.7496335334315607, -0.6495658657305583]"
491,1,0.013530400927298238,0.013530400927298238,0.01805246406521281,"[0.25625020521287634, 2.002305210680683, 0.02154583700213771, 0.002579667057639022, 0.12376191103408224]","[0.428095192037584, -0.038812872795960185, -0.8942643702177616, -6.936914885413159, -0.03036083179021279]",7.007580938095185,0.1732171974144876,0.0030966739635914565,0.0003676699846982956,True,False,6.881372904407546e-05,1.24,156.12,22.0,cg,0,7.833228554037742e-05,50,"[0.7497882564725169, -0.6492723009651946]"
492,1,0.012713210855975569,0.012713210855975569,0.018171665918340282,"[0.25618911491712976, 2.0023107493784353, 0.021673450850338685, 0.0035695828282457116, 0.12376624360363143]","[0.21719249106501193, -0.048536793394171475, 0.8895898505594582, 5.328687170461668, 0.062467889497582564]",5.4073753058732175,0.15728099644184113,0.002801071936264634,0.0003445479925721884,True,False,6.960796288211946e-05,1.24,151.54,19.96,cg,0,8.177133176827121e-05,50,"[0.7496125779460692, -0.6495720854703737]"
493,1,0.014168085630264055,0.014168085630264055,0.01893285038568987,"[0.25614894894403945, 2.002319725414061, 0.021508936682174934, 0.002584134830269971, 0.12375469125411757]","[0.45243670808591263, -0.041921250696739826, -0.9216247434503299, -6.842586900528158, -0.044351283496905064]",6.919451644563379,0.14605290023609996,0.002565046027302742,0.0003560119774192572,True,False,6.856203300739605e-05,1.24,148.56,21.88,cg,0,7.810378625016839e-05,50,"[0.7496751056460265, -0.6494906036615443]"
494,1,0.012868651397857877,0.012868651397857877,0.019016150201652496,"[0.2560835627355274, 2.00232578387835, 0.02164213000307071, 0.0035730263278954356, 0.1237611009070451]","[0.22144033439006677, -0.04980277258348759, 0.9061526747151862, 5.660019698136918, 0.07047544675231938]",5.7370217517138755,0.1500268983654678,0.0026825159788131715,0.00031802198849618436,True,False,6.741581832726328e-05,1.24,152.72,19.68,cg,0,8.056619988170585e-05,50,"[0.7499494484372577, -0.6496847878429828]"
495,1,0.013619630572259312,0.013619630572259312,0.018179043513775275,"[0.25604496425291134, 2.002334464823748, 0.021484181730644075, 0.002586448284076887, 0.12374881658082323]","[0.4424033418169856, -0.04176774628678635, -0.8710329551957191, -6.123106203001306, -0.04155034896808246]",6.200832176026871,0.15931479958817363,0.002854840001091361,0.0003314559906721115,True,False,6.773801414512837e-05,1.24,153.36,21.8,cg,0,7.692487935467729e-05,50,"[0.7498534394686182, -0.6497249369414408]"
496,1,0.012971698281130577,0.012971698281130577,0.01808474268725045,"[0.25597361845138233, 2.002341200652923, 0.021624652062742847, 0.0035739135190959014, 0.12375551735062024]","[0.21444926739969886, -0.04831966183855209, 0.8932892915270236, 5.28643008496748, 0.06807910395342871]",5.3663084931831575,0.14398480206727982,0.0025704540219157936,0.0003092420194298029,True,False,6.967079234267482e-05,1.24,154.5,20.1,cg,0,8.238203942504436e-05,50,"[0.7495095430783228, -0.6489438484285012]"
497,1,0.013615272825054483,0.013615272825054483,0.018494112253866855,"[0.25593365629347953, 2.0023502049175663, 0.02145818953221645, 0.002588798688165526, 0.12374283095660707]","[0.4471366667144324, -0.04082567982962327, -0.941721107480439, -6.843378671114035, -0.05075382690030316]",6.922632748191381,0.15491610392928123,0.002791154021397233,0.0003071680571883917,True,False,7.050648319485986e-05,1.24,164.62,21.84,cg,0,7.977877605732452e-05,50,"[0.7498868693323745, -0.6497911958861857]"
498,1,0.01292718571194877,0.01292718571194877,0.018817598251829944,"[0.25586906574203555, 2.002356102338578, 0.02159422464220989, 0.0035773501423667325, 0.12375016253531984]","[0.23361445373967205, -0.05038996644084981, 0.8441421862264129, 5.5052456896612645, 0.061896481684325017]",5.575056248170052,0.1490580034442246,0.0026752460561692715,0.00030591401271522044,True,False,6.826450554782482e-05,1.24,149.54,19.86,cg,0,8.178930602741524e-05,50,"[0.7498086427042854, -0.6493909971141267]"
499,1,0.013303803812278683,0.013303803812278683,0.018271697682242082,"[0.2558271622269321, 2.0023651408063867, 0.021442810531123197, 0.002589872089480572, 0.12373906013941244]","[0.4380317339942969, -0.03944073689887504, -0.9076636689704657, -6.982320285882297, -0.02501612016511977]",7.0548354402206765,0.14200090058147907,0.002535154027864337,0.0003048639837652445,True,False,6.92880758774439e-05,1.24,148.0,21.98,cg,0,7.705478572653525e-05,50,"[0.7496217631182339, -0.6491846687628744]"
500,1,0.012783818801237442,0.012783818801237442,0.018443375920219232,"[0.25576507265196696, 2.0023707314026846, 0.021571468906861783, 0.003579593301840157, 0.12374260609315914]","[0.21820138975828704, -0.049093042636248606, 0.8987135253410972, 5.550257801970473, 0.05878758522978869]",5.627301806591682,0.13563860533758998,0.00242252204567194,0.00029025006107985974,True,False,6.896068613169216e-05,1.24,143.52,20.02,cg,0,8.156159992876101e-05,50,"[0.7494301690048931, -0.649084867307381]"
