epoch,loss,loss_std,loss_u,loss_x,theta_rel_error,grad_norm,constraint_violation_inf,solve_convergence_error,sqp_num_iter,forward_time_ms,backward_time_ms,value_grad_time_ms,total_sample_time_ms,build_rss_delta_mb,build_gpu_used_delta_mb,rss_mb,rss_delta_mb,rss_peak_delta_mb,gpu_used_mb,gpu_used_delta_mb,nonfinite_sample_grad_count,finite_grad_sample_count,theta
501,221.24392700404832,26.473720635341067,197.23626982046358,24.007657183584755,0.9708475717547393,10154.688511908067,1.1036862736846231e-05,0.0008166527846236026,20.5,82.48118242772762,6.62493582785828,85.34723744378425,85.34723744378425,336.41796875,125.0,1136.2421875,0.0,0.0,3889.0,10.0,0,32,"[0.7129839117858171, 0.9333818081109545, 0.14582503441420788, 0.9247162738868621, 0.0009215245065555616, 0.3272455799680177, 0.35]"
502,219.71161346562394,25.94193775536755,195.4688799535892,24.242733512034714,0.9708468997067535,3769.8135162386507,4.700269392365897e-06,0.0006380341048229281,20.25,84.28402858407935,6.417680015147198,85.83627293410245,85.83627293410245,336.41796875,125.0,1136.2421875,0.0,0.0,3879.0,0.0,0,32,"[0.7130075630427308, 0.9333703734998258, 0.1458252442413574, 0.9247135782949535, 0.0019210747467065287, 0.3272313716998012, 0.35]"
503,221.17267251521926,26.460186683022915,197.16756602195642,24.00510649326282,0.9708453831802347,10053.240838686166,7.216102653639922e-06,0.0007766194179092382,23.90625,96.11571155983256,5.548635963350534,97.36349620652618,97.36349620652618,336.41796875,125.0,1136.2421875,0.0,0.0,3862.0,0.0,0,32,"[0.7130779473044245, 0.9333390003749724, 0.14582585997095482, 0.9247068630346063, 0.0009248470248404447, 0.32719204441812794, 0.35]"
504,219.68577205722613,25.938558719894264,195.44560117337107,24.240170883855093,0.970844705339737,3786.493048858975,4.698744886955097e-06,0.0006374108713550954,20.25,82.07643569767242,7.155843522923533,86.8833924541832,86.8833924541832,336.41796875,125.0,1136.2421875,0.0,0.0,3858.0,0.0,0,32,"[0.7131018488787221, 0.9333274438581975, 0.1458260719333595, 0.9247041412173513, 0.0019243877477593378, 0.3271776899179389, 0.35]"
505,221.1043035998679,26.448058032238198,197.10174351272005,24.002560087147838,0.9708431960962504,9958.15019049878,7.2093632406122765e-06,0.0007786860893353386,23.875,89.12132879777346,9.061486183782108,96.00972403131891,96.00972403131891,336.41796875,125.0,1136.2421875,0.0,0.0,3865.0,0.0,0,32,"[0.713171922113479, 0.933296211294084, 0.1458266847698823, 0.9246974559719308, 0.0009281266801016903, 0.3271385352795891, 0.35]"
506,219.65984880778473,25.935173186679005,195.42224821360068,24.23760059418404,0.9708425125829516,3803.926703121759,4.697269672782056e-06,0.0006367581110082302,20.25,81.48325105867116,5.663724834448658,81.1897759049316,81.1897759049316,336.41796875,125.0,1136.2421875,0.0,0.0,3858.0,0.0,0,32,"[0.713196069007735, 0.9332845348792966, 0.1458268988090145, 0.9246947085206475, 0.0019276579928911846, 0.3271240387528495, 0.35]"
507,221.03663062818174,26.436167055971048,197.0366251121966,24.000005515985144,0.9708410107795143,9871.416005221534,7.20283201571803e-06,0.0007818069092392484,23.84375,94.58767979231197,7.839584461180493,99.85217950452352,99.85217950452352,336.41796875,125.0,1136.2421875,0.0,0.0,3854.0,0.0,0,32,"[0.7132658244819825, 0.9332534458675572, 0.14582750870337172, 0.9246880537034464, 0.0009313629585437611, 0.32708506192469305, 0.35]"
508,219.63391667282724,25.931733258410517,195.39889285536526,24.235023817462004,0.9708403221629317,3820.1763968964246,4.695873474513945e-06,0.0006296997196382687,20.28125,79.0199271577876,8.98446320934454,82.9206012931536,82.9206012931536,336.41796875,125.0,1136.2421875,0.0,0.0,3869.0,0.0,0,32,"[0.713290191861017, 0.9332416628875391, 0.14582772464304636, 0.924685282482888, 0.001930885692410535, 0.3270704341972195, 0.35]"
509,220.9699151400286,26.424426205243236,196.97247155863926,23.997443581389383,0.9708388270728496,9775.116498742784,7.1964895944631735e-06,0.0007781811120155956,23.5625,94.29554838425247,10.29197499883594,101.57890886330279,101.57890886330279,336.41796875,125.0,1136.2421875,0.0,0.0,3863.0,0.0,0,32,"[0.7133596604433956, 0.9332107040309919, 0.14582833191067018, 0.9246786553476031, 0.0009345602618394025, 0.3270316139194666, 0.35]"
510,219.6078293243682,25.928332140076858,195.37539081418478,24.232438510183414,0.9708381324767161,3837.2385941621046,4.694555119311161e-06,0.0006289827646423188,20.28125,85.3000393108232,4.090786140295677,84.04983703803737,84.04983703803737,336.41796875,125.0,1136.2421875,0.0,0.0,3860.0,0.0,0,32,"[0.713384286171549, 0.9331987955361177, 0.14582855006629064, 0.924675857238383, 0.0019340728794018716, 0.327016835164814, 0.35]"
511,220.90362106433548,26.41284307565692,196.9087480862128,23.994872978122697,0.9708366449564857,9676.027129761575,7.190356451580726e-06,0.0007805043213735046,23.53125,91.10875605983892,7.658790709683672,93.79640333645511,93.79640333645511,336.41796875,125.0,1136.2421875,0.0,0.0,3864.0,0.0,0,32,"[0.7134534313909874, 0.9331679830834395, 0.145829154335285, 0.9246692612273371, 0.0009377132004266631, 0.326978195172598, 0.35]"
512,219.5816409913202,25.92492187049664,195.35179619935724,24.22984479196296,0.9708359441970942,3852.4072118196405,4.693321014492824e-06,0.0006282968062605068,20.28125,81.92548453371273,5.453420955745969,82.7021608929499,82.7021608929499,336.41796875,125.0,1136.2421875,0.0,0.0,3856.0,0.0,0,32,"[0.7134783237464525, 0.9331559439674205, 0.14582937471028984, 0.9246664358459662, 0.001937215288090226, 0.326963262800515, 0.35]"
513,220.83804631071587,26.401390524697582,196.8457533773406,23.992292933375268,0.9708344628506788,9593.269577195913,7.1843898719059496e-06,0.0007789787800179038,23.53125,91.30977713357424,7.589512097183615,95.96697769302409,95.96697769302409,336.41796875,125.0,1136.2421875,0.0,0.0,3853.0,0.0,0,32,"[0.7135472056731438, 0.9331252496123499, 0.14582997647872462, 0.924659865001192, 0.0009408278792602529, 0.32692476955252414, 0.35]"
514,219.55537370297958,25.921504459990754,195.32812980412356,24.22724389885601,0.9708337569268182,3869.05124914544,4.692157050456558e-06,0.0006276329588898298,20.28125,82.76846340595512,9.489834847045131,87.32239494565874,87.32239494565874,336.41796875,125.0,1136.2421875,0.0,0.0,3860.0,0.0,0,32,"[0.7135723213679573, 0.9331131014901839, 0.14583019875775666, 0.9246570158934277, 0.0019403210300844211, 0.32690970636446753, 0.35]"
515,220.7731284568628,26.39009669622106,196.78342288491496,23.98970557194786,0.9708322824267395,9503.9204531056,7.178561145515516e-06,0.0007774783642086368,23.53125,97.71003868809203,7.996088497748133,100.9992330436944,100.9992330436944,336.41796875,125.0,1136.2421875,0.0,0.0,3867.0,0.0,0,32,"[0.713640910895961, 0.933082539455163, 0.14583079780672326, 0.9246504732345077, 0.0009439029743092981, 0.3268713745037832, 0.35]"
516,219.52901003186386,25.918077794365868,195.30437511456907,24.224634917294797,0.9708315706868841,3881.971740947234,4.69106997336155e-06,0.0006269699171101539,20.28125,80.55454901477788,3.321302807307802,79.50495150726056,79.50495150726056,336.41796875,125.0,1136.2421875,0.0,0.0,3860.0,0.0,0,32,"[0.7136662778954778, 0.9330702690221422, 0.14583102225073166, 0.9246475978675206, 0.0019433859839216524, 0.32685616440204746, 0.35]"
517,220.7087693856296,26.378941618121235,196.72166038095287,23.987109004676746,0.9708301015724732,9422.022295208164,7.172901892005257e-06,0.0007759921184355997,23.53125,91.71745371713769,3.3929431010619737,87.47551592387026,87.47551592387026,336.41796875,125.0,1136.2421875,0.0,0.0,3877.0,0.0,0,32,"[0.7137346380225168, 0.9330398087351657, 0.14583161909633938, 0.9246410773504551, 0.0009469439828781172, 0.3268179606177142, 0.35]"
518,219.50255888849523,25.914642514635034,195.28054087727008,24.222018011225124,0.970829384467907,3900.061937922465,4.69004837988507e-06,0.0006263342339679502,20.28125,80.46289884077851,1.8686708062887192,75.9972662126529,75.9972662126529,336.41796875,125.0,1136.2421875,0.0,0.0,3865.0,0.0,0,32,"[0.7137602368770709, 0.9330274256622596, 0.14583184553550552, 0.9246381771917442, 0.001946417537014778, 0.32680261426514723, 0.35]"
519,220.6453174121339,26.36772881704929,196.6608125050539,23.98450490708,0.9708279225671707,9334.546399128289,7.167432770405213e-06,0.0007689387101040014,23.3125,85.99088784103515,6.626999158470426,89.52275306364754,89.52275306364754,336.41796875,125.0,1136.2421875,0.0,0.0,3867.0,0.0,0,32,"[0.7138282886249538, 0.9329971052319174, 0.1458324395778496, 0.9246316865374025, 0.000949943449437307, 0.3267645808269579, 0.35]"
520,219.4760059071274,25.91119773719713,195.25661278616303,24.219393120964362,0.9708271996006685,3915.588100463189,4.689105666422222e-06,0.0006257256007841005,20.28125,77.70904924109345,3.602285542001482,76.15700782480417,76.15700782480417,336.41796875,125.0,1136.2421875,0.0,0.0,3868.0,0.0,0,32,"[0.7138541410059928, 0.9329845988172114, 0.14583266813171994, 0.9246287597637685, 0.0019494065819903202, 0.3267490865566504, 0.35]"
521,220.5821980887722,26.356878867164713,196.6003062236134,23.9818918651588,0.9708257439056633,9247.14560326802,7.162143589756198e-06,0.0007674829682863558,23.3125,89.29853563313372,7.5736775834229775,94.2915328341769,94.2915328341769,336.41796875,125.0,1136.2421875,0.0,0.0,3864.0,0.0,0,32,"[0.7139219281293859, 0.932954397467331, 0.14583325963827146, 0.9246222940562238, 0.0009529050403796814, 0.32671120111510554, 0.35]"
522,219.44934472938525,25.907742522403467,195.23258532986583,24.21675939951939,0.970825014880921,3929.2117850907143,4.688236479033492e-06,0.0006251144900970003,20.28125,82.14173124724766,9.653210450778715,87.30487302091205,87.30487302091205,336.41796875,125.0,1136.2421875,0.0,0.0,3872.0,0.0,0,32,"[0.7139480422813798, 0.9329417635261513, 0.14583349044925845, 0.9246193399693523, 0.001952357310729378, 0.3266955545823973, 0.35]"
523,220.5195549505719,26.346151132655294,196.54028582935652,23.97926912121537,0.970823564763067,9171.390022586475,7.157025053938781e-06,0.0007706324082226351,23.28125,91.6991236663307,8.056012316956185,95.16745343717048,95.16745343717048,336.41796875,125.0,1136.2421875,0.0,0.0,3872.0,0.0,0,32,"[0.714015591423451, 0.9329116690759586, 0.14583407973359244, 0.9246128970966941, 0.0009558312732750208, 0.32665779963193453, 0.35]"
524,219.42259327647326,25.90427864502914,195.20847520294024,24.214118073533058,0.9708228304956483,3945.181771178114,4.687432608729836e-06,0.0006245070428658898,20.28125,78.95903849566821,3.0707987534697168,76.64434772595996,76.64434772595996,336.41796875,125.0,1136.30859375,0.0,0.0,3859.0,0.0,0,32,"[0.7140419324129933, 0.9328989242236528, 0.14583431244685865, 0.9246099191732707, 0.0019552740175543975, 0.32664201990653885, 0.35]"
525,220.4575374959318,26.3355740279878,196.4808987536489,23.97663874228291,0.9708213865751663,9087.149190908744,7.152076380911865e-06,0.0007691281595123455,23.28125,85.21210446633631,3.426813767873682,84.87283516296884,84.87283516296884,336.41796875,125.0,1136.62890625,0.010009765625,0.010009765625,3869.0,0.0,0,32,"[0.7141092170818192, 0.932868947791949, 0.14583489927960636, 0.9246035023854167, 0.0009587207776149784, 0.32660441262917783, 0.35]"
526,219.39573414009834,25.90080417761219,195.1842658772244,24.211468262873943,0.9708206464316984,3958.904505568772,4.686700595613047e-06,0.0006239263633355798,20.28125,77.10198617132846,5.737996158131864,80.2657393651316,80.2657393651316,336.41796875,125.0,1136.62890625,0.0,0.0,3862.0,0.0,0,32,"[0.7141358118628078, 0.9328560797130923, 0.1458351342055388, 0.9246004976800004, 0.00195815278048985, 0.32658848409015523, 0.35]"
527,220.396028647886,26.325124340833124,196.42202963547325,23.973999012412726,0.9708192079047185,9016.568965163051,7.147291632758623e-06,0.0007677315002612333,23.28125,89.31353236403083,4.561194684356451,87.86499735288089,87.86499735288089,336.41796875,125.0,1138.47265625,0.0,0.0,3852.0,0.0,0,32,"[0.7142028664543842, 0.9328262062742365, 0.14583571889403554, 0.9245941027240457, 0.0009615760000733684, 0.3265510041913844, 0.35]"
528,219.36878210438164,25.897320536155807,195.15997125853403,24.208810845847566,0.9708184625547799,3973.684244784243,4.686032150313935e-06,0.0006233690283703613,20.28125,79.59885699528968,4.508106052526273,80.04703047481598,80.04703047481598,336.41796875,125.0,1138.5,0.0,0.0,3857.0,0.0,0,32,"[0.7142296864833052, 0.9328132275411872, 0.1458359557384153, 0.9245910745486683, 0.0019609983742842367, 0.32653494397586763, 0.35]"
529,220.33504635607335,26.314804668846193,196.36369486276865,23.971351493304695,0.9708170299144697,8934.888281630598,7.142669345761021e-06,0.0007661479408280862,23.28125,89.19063625944545,9.129478326940443,94.01765870279633,94.01765870279633,336.41796875,125.0,1138.51953125,0.0,0.0,3856.0,0.0,0,32,"[0.7142964895732101, 0.932783468548678, 0.14583653811738573, 0.9245847028204824, 0.000964395958038253, 0.3264976018362487, 0.35]"
530,219.34174706367844,25.89375091023509,195.13560241818197,24.206144645496444,0.9708162785947884,3986.816177688473,4.68543369613883e-06,0.0006209340795112397,20.28125,80.27925065835007,6.671739960438572,82.37469835148659,82.37469835148659,336.41796875,125.0,1138.51953125,0.0,0.0,3868.0,0.0,0,32,"[0.71432356769978, 0.9327703647324561, 0.14583677712656107, 0.9245816471887517, 0.0019638072147440074, 0.32648139038902596, 0.35]"
531,220.27454033479262,26.304605062969316,196.30584603249287,23.96869430229975,0.9708148510893305,8857.814016721482,7.138205924572816e-06,0.0007645314331254968,23.28125,92.12051711801905,7.621235701662954,93.87234748282935,93.87234748282935,336.41796875,125.0,1138.57421875,0.0,0.0,3855.0,0.0,0,32,"[0.7143901516405208, 0.9327407037171286, 0.14583735749273224, 0.9245752968088776, 0.0009671826111078831, 0.32644416756964234, 0.35]"
532,219.31457255899824,25.890243635916114,195.1111030088478,24.203469550150455,0.9708140940026709,4000.5943833338074,4.684899708617962e-06,0.0006203255629322466,20.28125,77.41229685780127,6.529247097205371,80.3360948630143,80.3360948630143,336.41796875,125.0,1138.6015625,0.0008544921875,0.0008544921875,3853.0,0.0,0,32,"[0.7144174792834802, 0.932727478327753, 0.14583759856905804, 0.9245722148675682, 0.001966583017494231, 0.32642781030089346, 0.35]"
533,220.2145107468652,26.294526181366713,196.24848268897128,23.966028057893915,0.9708126718115041,8792.367797025925,7.1339006364468105e-06,0.0007664813309823336,23.25,93.53801199176814,4.261220637999941,89.62582373351324,89.62582373351324,336.41796875,125.0,1138.6015625,0.0,0.0,3869.0,0.0,0,32,"[0.7144838366962317, 0.9326979191196273, 0.14583817675963265, 0.9245658856873199, 0.0009699354809526738, 0.326390712564216, 0.35]"
534,219.28730841211706,25.886727493195547,195.08652098355785,24.20078742855923,0.9708119098470634,4013.7268463495934,4.684426504031336e-06,0.0006197394305280924,20.28125,84.07700160023523,4.454095949768089,81.43228500557598,81.43228500557598,336.41796875,125.0,1138.60546875,0.0,0.0,3860.0,0.0,0,32,"[0.7145113753590474, 0.932684590200256, 0.14583841964189, 0.9245627815940478, 0.0019693265984234865, 0.32637423039529556, 0.35]"
535,220.1548313991376,26.28465459200354,196.19147732884093,23.96335407029668,0.9708104926466463,8715.429073469586,7.129738309963329e-06,0.0007755384268067181,23.1875,87.41883633774705,8.10876522155013,91.32232434058096,91.32232434058096,336.41796875,125.0,1138.6171875,0.0,0.0,3859.0,0.0,0,32,"[0.7145775199662363, 0.9326551262945959, 0.14583899582435544, 0.9245564726323066, 0.0009726576377494817, 0.32633724908856365, 0.35]"
536,219.259925927611,25.883199060872357,195.0618299208585,24.19809600675248,0.9708097247149582,4025.628493658836,4.6840172913675815e-06,0.0006191773450050285,20.28125,78.0577087061829,4.146180224779528,78.77065581124043,78.77065581124043,336.41796875,125.0,1138.63671875,0.0,0.0,3855.0,0.0,0,32,"[0.7146053163780542, 0.9326416723884343, 0.14583924094509465, 0.924553341166052, 0.001972037349970649, 0.32632061549199826, 0.35]"
537,220.0956834093829,26.274795688951404,196.13501321923437,23.96067019014852,0.9708083121885014,8648.6380152476,7.125725388412718e-06,0.0007737133735124405,23.1875,92.30281741474755,8.651339216157794,96.12047617702046,96.12047617702046,336.41796875,125.0,1138.63671875,0.0,0.0,3870.0,0.0,0,32,"[0.7146712620937381, 0.9326122968940078, 0.14583981517010283, 0.9245470508353134, 0.0009753483986660958, 0.3262837443750853, 0.35]"
538,219.23244330229528,25.87966028246399,195.0370466607934,24.195396641501883,0.9708075390709171,4038.8467737617925,4.683666445792767e-06,0.000618633182056787,20.28125,78.87448086694349,8.92024343193043,84.98579188017175,84.98579188017175,336.41796875,125.0,1138.640625,0.0001220703125,0.0001220703125,3862.0,0.0,0,32,"[0.7146992830223338, 0.9325987327514167, 0.14584006216496698, 0.9245438955611363, 0.001974718089095689, 0.32626697992801823, 0.35]"
539,220.0369660331818,26.265045091317106,196.0789879756391,23.95797805754271,0.9708061314255279,8574.149103606964,7.121855308600544e-06,0.0007718939637915189,23.1875,91.25623297586571,7.604810307384469,91.34743983304361,91.34743983304361,336.41796875,125.0,1138.64453125,0.0001220703125,0.0001220703125,3859.0,0.0,0,32,"[0.714765020553702, 0.9325694500552417, 0.14584063445917828, 0.9245376252511576, 0.0009780083114871293, 0.3262302229479199, 0.35]"
540,219.2047752941473,25.87613990449481,195.01208736701176,24.19268792713553,0.9708053523302929,4054.106131028934,4.683378929559723e-06,0.0006231930491658309,20.25,81.01122911466518,9.166979820292909,84.76521789270919,84.76521789270919,336.41796875,125.0,1138.64453125,0.0,0.0,3860.0,0.0,0,32,"[0.714793299929709, 0.9325557604906751, 0.14584088362429035, 0.9245344427694461, 0.0019773663570098713, 0.3262133061133905, 0.35]"
541,219.97871925568205,26.255414012654263,196.02344277249497,23.95527648318706,0.9708039504442583,8507.400234743365,7.118148599438712e-06,0.000770074302773394,23.1875,90.24067629070487,6.545723030285444,93.79275727405911,93.79275727405911,336.41796875,125.0,1138.64453125,0.0,0.0,3864.0,0.0,0,32,"[0.7148587915448132, 0.9325265892068306, 0.1458414536365922, 0.9245281952160267, 0.0009806319715154484, 0.3261766851837847, 0.35]"
542,219.1770630766319,25.872577365914566,194.987091659108,24.18997141752388,0.9708031659751335,4065.588604588991,4.683156854312642e-06,0.0006226867378346981,20.25,78.39361766673392,5.920870527916122,79.0526416967623,79.0526416967623,336.41796875,125.0,1138.6484375,0.0,0.0,3871.0,0.0,0,32,"[0.7148873034146856, 0.9325127857576744, 0.14584170477701655, 0.9245249880110795, 0.0019799794607559375, 0.3261596327768749, 0.35]"
543,219.9209427234439,26.245842922923526,195.96837661265369,23.952566110790208,0.9708017684174229,8444.457134855907,7.114578007172412e-06,0.0007629189274656364,23.21875,87.01279031811282,4.663188534323126,85.27132518065628,85.27132518065628,336.41796875,125.0,1140.73046875,0.0,0.0,3865.0,0.0,0,32,"[0.714952610996279, 0.9324836948438274, 0.14584227298291763, 0.9245187587514647, 0.000983226803737093, 0.32612311356671714, 0.35]"
544,219.14921141649702,25.869058728699546,194.9619643570806,24.18724705941639,0.9708009787573432,4077.883289126627,4.682990594417902e-06,0.0006268433864135251,20.21875,74.30264870345127,6.453801448515151,77.38135682302527,77.38135682302527,336.41796875,125.0,1140.73046875,0.0,0.0,3869.0,0.0,0,32,"[0.7149813476363646, 0.9324697809164791, 0.14584252598677105, 0.9245155281653274, 0.001982563981881033, 0.3261059289275324, 0.35]"
545,219.86347172354488,26.236409348734146,195.91362458676335,23.949847136781514,0.9707995856819118,8375.609650904655,7.111069786791546e-06,0.0007610074977568883,23.21875,88.49298601853661,2.7589476812863722,85.21740436117398,85.21740436117398,336.41796875,125.0,1148.5859375,0.0,0.0,3866.0,0.0,0,32,"[0.7150464640729237, 0.9324407753785325, 0.14584309241968324, 0.9245093168110934, 0.000985792409394602, 0.32606951383487115, 0.35]"
546,219.12127725899023,25.86547248499799,194.93676381696528,24.184513442024965,0.9707987903934522,4089.937549759248,4.682883191886589e-06,0.0006263601243621795,20.21875,79.65839632379357,3.0575686396332458,74.79052151029464,74.79052151029464,336.41796875,125.0,1151.5078125,0.0,0.0,3866.0,0.0,0,32,"[0.7150754442553799, 0.9324267421426475, 0.14584334747085465, 0.924506060621511, 0.0019851183494426876, 0.3260521871202168, 0.35]"
547,219.80630864392649,26.227110806249673,195.859189842584,23.947118801342487,0.9707974019783316,8309.767206797704,7.107668857919691e-06,0.0007630502702347156,23.1875,88.6595012707403,5.82346081500873,89.23761190089863,89.23761190089863,336.41796875,125.0,1151.5078125,0.0,0.0,3855.0,0.0,0,32,"[0.7151403619747707, 0.9323978256402177, 0.1458439120402848, 0.924499867769652, 0.0009883271469345648, 0.326015880728962, 0.35]"
548,219.0932267968289,25.861874023944836,194.91145564496009,24.181771151868805,0.9707966011568268,4101.8554212953095,4.682835234248728e-06,0.0006258969952484931,20.21875,80.2887936879415,5.190698437218089,77.60870536003495,77.60870536003495,336.41796875,125.0,1151.51171875,0.0,0.0,3863.0,0.0,0,32,"[0.715169581418813, 0.9323836759582954, 0.14584416912411974, 0.9244965860417902, 0.001987641935306426, 0.3259984128011284, 0.35]"
549,219.7495942486725,26.21787455305626,195.80521282430163,23.94438142437086,0.9707952170806805,8242.857973275666,7.10440345530472e-06,0.0007647801277247299,23.15625,85.76887287199497,7.466443341400009,91.48835307860281,91.48835307860281,336.41796875,125.0,1151.5625,0.0,0.0,3863.0,0.0,0,32,"[0.7152343144137954, 0.9323548406991683, 0.14584473193215486, 0.92449041124379, 0.0009908325585464995, 0.3259622079849854, 0.35]"
550,219.06501179081647,25.858311714637125,194.88599239772225,24.179019393094222,0.9707944103758289,4116.372699579819,4.682846662440454e-06,0.0006299639411852716,20.1875,79.00074649660382,6.37193819420645,81.3237731999834,81.3237731999834,336.41796875,125.0,1151.61328125,0.0,0.0,3862.0,0.0,0,32,"[0.7152637883218367, 0.9323405674677561, 0.14584499113840457, 0.9244871024778231, 0.0019901353915487913, 0.32594458991348724, 0.35]"
551,219.69328692022435,26.20874197603234,195.75165261077342,23.94163430945092,0.9707930314569878,8188.701018470139,7.101288171273978e-06,0.0007627059135672126,23.15625,89.12706172850449,3.34784465667326,85.90468511829386,85.90468511829386,336.41796875,125.0,1151.61328125,0.0,0.0,3864.0,0.0,0,32,"[0.7153283014354417, 0.9323118307137152, 0.14584555186360432, 0.9244809482112527, 0.0009933043452983934, 0.3259085076053329, 0.35]"
552,219.03680474630488,25.854697031128286,194.86053861304327,24.176266133261606,0.9707922221710775,4126.063683253354,4.6829035111883854e-06,0.0006295129188852657,20.1875,76.61912436742568,3.9624168784939684,74.31854776950786,74.31854776950786,336.41796875,125.0,1151.6171875,0.0,0.0,3863.0,0.0,0,32,"[0.7153578935749637, 0.9322974627025452, 0.14584581193056365, 0.9244776259620437, 0.0019926027835318254, 0.32589091806573905, 0.35]"
553,219.6373112544166,26.199686673837743,195.69842645105376,23.938884803362818,0.9707908471214494,8129.249377817974,7.0982646560580065e-06,0.00076056612998495,23.15625,88.24296086095273,4.7799777166801505,87.21214187971782,87.21214187971782,336.41796875,125.0,1151.6171875,0.0,0.0,3859.0,0.0,0,32,"[0.7154222416489728, 0.9322688005923652, 0.14584637111894042, 0.9244714865550813, 0.0009957557056964543, 0.32585492213245576, 0.35]"
554,219.00852720380033,25.85102247335411,194.83502257829784,24.173504625502478,0.9707900326907737,4138.693608019095,4.683011625150613e-06,0.0006275208687864094,20.1875,78.98524186748546,5.562846527027432,82.10808349394938,82.10808349394938,336.41796875,125.0,1151.6171875,0.0,0.0,3853.0,0.0,0,32,"[0.7154520564716322, 0.9322543229557873, 0.1458466330821126, 0.9244681406034392, 0.0019950435700789504, 0.3258372028077034, 0.35]"
555,219.58168377891832,26.19072150437123,195.64555698649784,23.936126792420495,0.9707886619430716,8071.995703134307,7.09536952836487e-06,0.0007583849944609015,23.15625,84.63460249186028,4.952458570187446,85.7652920021792,85.7652920021792,336.41796875,125.0,1151.6171875,0.0,0.0,3874.0,0.0,0,32,"[0.7155162215818011, 0.9322257419301644, 0.14584719045132818, 0.9244620186149578, 0.0009981786471639983, 0.32580130713011224, 0.35]"
556,218.98003375322276,25.847414610858475,194.80929868596786,24.170735067254906,0.9707878424206241,4148.4493337941785,4.683174223529818e-06,0.0006319911532074443,20.15625,76.5067427419126,4.0808835401549,76.22792854090221,76.22792854090221,336.41796875,125.0,1151.6171875,0.0,0.0,3859.0,0.0,0,32,"[0.7155462569075502, 0.9322111560066852, 0.14584745424864792, 0.9244586491179206, 0.001997455951590114, 0.32578345843820034, 0.35]"
557,219.52636410463617,26.181837509966215,195.59300409936466,23.9333600052715,0.9707864752808264,8012.8269417258525,7.092592667845565e-06,0.0007561121357850902,23.15625,86.63140323915286,6.154610287921969,89.30663813953288,89.30663813953288,336.41796875,125.0,1151.6171875,0.0,0.0,3865.0,0.0,0,32,"[0.7156102683898137, 0.9321826428316883, 0.14584801017989318, 0.924452541382253, 0.0010005761547796923, 0.32574764522546096, 0.35]"
558,218.9514902261982,25.84376275334159,194.7835337633142,24.167956462884,0.9707856503665936,4160.598870464456,4.683389004611627e-06,0.0006314879172109412,20.15625,75.47742739552632,5.659396876581013,77.86973624752136,77.86973624752136,336.41796875,125.0,1151.6171875,0.0,0.0,3869.0,0.0,0,32,"[0.7156405373179316, 0.9321679412356044, 0.1458482759075137, 0.924449147810401, 0.0019998422006621093, 0.3257296608525607, 0.35]"
559,219.47137744433252,26.1730443258141,195.54079311286137,23.930584331471177,0.9707842875244229,7953.123308732092,7.0899462403239966e-06,0.0007574741609462864,23.125,92.64555176196154,4.184869991149753,90.46130692149745,90.46130692149745,336.41796875,125.0,1151.6171875,0.0,0.0,3869.0,0.0,0,32,"[0.7157043658652091, 0.9321395083418813, 0.14584883010336033, 0.9244430575198647, 0.001002944598046235, 0.32569395009460395, 0.35]"
560,218.92282470803616,25.84009715323154,194.75765567756264,24.165169030473525,0.9707834571103919,4185.739123035066,4.683660568716164e-06,0.0006309423047835708,20.15625,75.68849582457915,6.106792970967945,79.13377955264878,79.13377955264878,336.41796875,125.0,1151.6171875,0.0,0.0,3866.0,0.0,0,32,"[0.71573487262587, 0.9321246914824635, 0.1458490978448745, 0.9244396379444154, 0.0020021990749865795, 0.32567582488111874, 0.35]"
561,219.41671796411896,26.16434290025675,195.4889179789861,23.927799985132832,0.9707821002885998,7893.790754708755,7.087453577359071e-06,0.0007588164585045933,23.09375,88.91220617078943,5.817793360620271,90.7601322469418,90.7601322469418,336.41796875,125.0,1153.59375,0.0,0.0,3868.0,0.0,0,32,"[0.7157984449363132, 0.9320963744613121, 0.1458496493875371, 0.9244335724906863, 0.0010052765998335466, 0.32564025533987156, 0.35]"
562,218.89399258456706,25.836413340824144,194.7316221149889,24.16237046957815,0.970781262743142,4194.7206907455175,4.6840072478460115e-06,0.0006303847744601376,20.15625,81.44947516120737,2.174714165448677,77.31971453176811,77.31971453176811,336.41796875,125.0,1153.59375,0.0,0.0,3874.0,0.0,0,32,"[0.7158292608146477, 0.9320814053855541, 0.14584991955292465, 0.9244301214802949, 0.002004515994296954, 0.32562195346827966, 0.35]"
563,219.36241770906818,26.15573498914748,195.43741521802588,23.925002491042292,0.9707799090773787,7836.736414874595,7.085096123571333e-06,0.0007558841880977792,23.09375,87.20368878130103,6.526603385282215,89.96275081881322,89.96275081881322,336.41796875,125.0,1153.59375,0.0,0.0,3862.0,0.0,0,32,"[0.715892699187171, 0.9320531469601814, 0.1458504697460224, 0.9244240683902848, 0.0010075807127890369, 0.32558645507168676, 0.35]"
564,218.86503655174542,25.832715859851746,194.7054740352661,24.159562516479298,0.9707790660888038,4205.048087356155,4.684404482091509e-06,0.0006298575053055463,20.15625,77.18785048928112,6.950267656065989,80.58475224970607,80.58475224970607,336.41796875,125.0,1153.59375,0.0,0.0,3856.0,0.0,0,32,"[0.7159237507940742, 0.9320380620006995, 0.14585074186471117, 0.9244205924303719, 0.0020068084484686144, 0.32556801550528935, 0.35]"
565,219.30838758294374,26.147213730458503,195.38619217781547,23.922195405128253,0.9707777161252803,7783.592799291451,7.082859949658626e-06,0.0007573864699066798,23.0625,89.45838287763763,4.900336032733321,91.24815179529833,91.24815179529833,336.41796875,125.0,1153.59375,0.0,0.0,3865.0,0.0,0,32,"[0.7159870315529255, 0.9320098735456814, 0.14585129055448265, 0.9244145539393955, 0.0010098580783780007, 0.3255326015009217, 0.35]"
566,218.8359643808078,25.82900579643595,194.67921824617468,24.156746134633146,0.9707768680378855,4217.533032123097,4.684852823455543e-06,0.0006293416386348263,20.15625,76.70651626540348,7.657112451852299,80.60021927667549,80.60021927667549,336.41796875,125.0,1153.59375,0.0,0.0,3862.0,0.0,0,32,"[0.7160183038757373, 0.9319946808130826, 0.14585156451514608, 0.9244110542153997, 0.002009074781571596, 0.32551403056560424, 0.35]"
567,219.25463343406236,26.13878584633559,195.33525462423097,23.91937880983139,0.9707755221707144,7722.6545423007265,7.0807464265243425e-06,0.0007538036168101487,23.0625,91.03011856495868,7.585794657643419,93.22723636432784,93.22723636432784,336.41796875,125.0,1153.59375,0.0,0.0,3856.0,0.0,0,32,"[0.7160814105342437, 0.9319665687301488, 0.14585211148266844, 0.924405032086278, 0.001012107661933808, 0.32547871403132084, 0.35]"
568,218.80679089531844,25.825236781638214,194.65287092144973,24.15391997386871,0.9707746681533549,4227.319006587024,4.685327800402206e-06,0.0006199488541879261,20.1875,76.24753456184408,8.241295094194356,81.15736627951264,81.15736627951264,336.41796875,125.0,1153.82421875,0.0072021484375,0.0072021484375,3865.0,0.0,0,32,"[0.7161129395603785, 0.9319512495612785, 0.14585238759787478, 0.9244015055349849, 0.0020113114984225515, 0.32545999441811285, 0.35]"
569,219.20118746402358,26.130414560834733,195.28463526099745,23.916552203026168,0.9707733259750596,7672.22983554555,7.078759631795606e-06,0.0007523790043262152,23.125,87.48559629020747,6.320716594927944,89.21706086402992,89.21706086402992,336.41796875,125.0,1154.6171875,0.0,0.0,3868.0,0.0,0,32,"[0.7161758893871023, 0.9319232052289659, 0.1458529330759947, 0.9243954987469356, 0.0010143293840684684, 0.32542476489427863, 0.35]"
570,218.77746498709178,25.82149904972095,194.62637937567996,24.151085611411812,0.9707724669858233,4236.402252540731,4.685841691998149e-06,0.0006194902512984874,20.1875,78.65742419380695,5.028127568948548,78.13605340197682,78.13605340197682,336.41796875,125.0,1154.6171875,0.0,0.0,3870.0,0.0,0,32,"[0.7162076337251155, 0.9319077798347524, 0.14585321101561768, 0.9243919490669409, 0.0020135223185689345, 0.325405919301072, 0.35]"
571,219.14794909120195,26.12212384394758,195.2342234181304,23.913725673071554,0.9707711279628117,7944.727771085127,7.298187806537015e-06,0.000778660614527228,23.25,86.90051225130446,10.194191039772704,94.23977448022924,94.23977448022924,336.41796875,125.0,1154.65625,0.0,0.0,3863.0,0.0,0,32,"[0.7162704493930578, 0.9318797962041032, 0.14585375514757773, 0.9243859536026672, 0.0010165275448138365, 0.3253707584178318, 0.35]"
572,218.74890673595263,25.817850785008833,194.60059788558863,24.14830885036399,0.9707702974617519,4246.66878764883,4.686218793903407e-06,0.0006190335699723931,20.1875,75.49495172133902,6.590874603716657,79.798682112596,79.798682112596,336.41796875,125.0,1154.65625,0.0,0.0,3906.0,27.0,0,32,"[0.7163009669328501, 0.9318649772794988, 0.14585402181010843, 0.9243825145733796, 0.002015780003420385, 0.3253525456427544, 0.35]"
573,219.09451531443563,26.11397804641388,195.18354969672757,23.910965617708055,0.9707689619944287,7888.151712906261,7.356377249134738e-06,0.0007802872415272459,23.21875,95.13917729782406,5.056603069533594,93.80329503619578,93.80329503619578,336.41796875,125.0,1154.65625,0.0,0.0,3915.0,36.0,0,32,"[0.7163636310846723, 0.9318370610332057, 0.1458545645359964, 0.9243765330749669, 0.001018770871310259, 0.3253174656643668, 0.35]"
574,218.72023045427022,25.814189632245935,194.57470690854933,24.145523545720884,0.9707681263411703,4257.308269224779,4.686633944928076e-06,0.0006184268004484113,20.1875,72.91672543942695,4.896376965916716,73.11386852234136,73.11386852234136,336.41796875,125.0,1154.65625,0.0,0.0,3929.0,50.0,0,32,"[0.7163943715343344, 0.9318221336797358, 0.14585483307848626, 0.9243730697442177, 0.0020180123706800062, 0.325299120146241, 0.35]"
575,219.04146762357408,26.10587174217159,195.1332707158774,23.908196907696684,0.9707667946668562,7834.3914400306,7.356247595513565e-06,0.0007781351465856016,23.21875,90.34421056276187,7.757321327517275,91.75446618610295,91.75446618610295,336.41796875,125.0,1154.65625,0.0,0.0,3869.0,0.0,0,32,"[0.7164568743123955, 0.9317942870132266, 0.14585537430180742, 0.9243671042099004, 0.0010209878786314672, 0.32526413089600686, 0.35]"
576,218.69143511020974,25.810515565844526,194.54870523913897,24.142729871070763,0.9707659538657173,4266.322146663421,4.687100163547342e-06,0.0006178578775141489,20.1875,76.45835637958953,7.1823344769654796,80.47548244940117,80.47548244940117,336.41796875,125.0,1155.43359375,0.0242919921875,0.0242919921875,3850.0,0.0,0,32,"[0.7164878376559153, 0.9317792501895756, 0.14585564471072993, 0.9243636171666663, 0.0020202183491102137, 0.3252456538949547, 0.35]"
577,218.98867286271638,26.097827237638953,195.08325381755424,23.90541904516217,0.9707646252949371,7777.656928301183,7.356238969080664e-06,0.0007758981945253012,23.21875,88.98440019402187,5.027975916163996,89.85827262949897,89.85827262949897,336.41796875,125.0,1156.3046875,0.0,0.0,3839.0,0.0,0,32,"[0.7165502086226173, 0.9317514618717964, 0.14585618461668565, 0.9243576631655349, 0.0010231814400857926, 0.3252107349556413, 0.35]"
578,218.6625117019379,25.806827509029713,194.52258486076212,24.139926841175743,0.9707637790502838,4275.635650217159,4.687615198673001e-06,0.0006176072071903392,20.1875,72.87574306246825,7.7668084122706205,78.38570362218888,78.38570362218888,336.41796875,125.0,1156.3046875,0.0,0.0,3841.0,0.0,0,32,"[0.7165814077453334, 0.9317363088659812, 0.14585645698722144, 0.924354151020388, 0.0020224001925573235, 0.32519212107596746, 0.35]"
579,218.9361378170385,26.08984644982853,195.03350627422793,23.902631542810582,0.9707624537853055,7727.23795683497,7.356357440979622e-06,0.0007735025558317952,23.21875,85.65838336653542,3.273993046605028,83.41581729473546,83.41581729473546,336.41796875,125.0,1156.3046875,0.0,0.0,3846.0,0.0,0,32,"[0.7166436380116193, 0.9317085823495539, 0.1458569955800387, 0.9243482099881412, 0.0010253500365464178, 0.3251572780752783, 0.35]"
580,218.6334781810378,25.803127475415234,194.49636229610854,24.137115884929226,0.9707616027895902,4284.639667513506,4.688176501232988e-06,0.0006170727392894967,20.1875,80.11121798335807,1.4411904776352458,74.61711012729211,74.61711012729211,336.41796875,125.0,1156.3046875,0.0,0.0,3838.0,0.0,0,32,"[0.7166750428732518, 0.9316933284479396, 0.1458572696749541, 0.924344675671016, 0.0020245584340222696, 0.32513854134558595, 0.35]"
581,218.8838458910364,26.081924766273175,194.98401026563764,23.89983562539879,0.9707602806033455,7672.650883931963,7.356579386996742e-06,0.000770974796896987,23.21875,86.58609597478062,8.166222702129744,89.94626768253511,89.94626768253511,336.41796875,125.0,1156.3046875,0.0,0.0,3841.0,0.0,0,32,"[0.7167371421091716, 0.9316656612654691, 0.14585780697827855, 0.9243387461272081, 0.0010274960899638549, 0.3251037642584677, 0.35]"
582,218.6043143218279,25.79941290978581,194.47001890771966,24.134295414108212,0.970759424140656,4295.361039020606,4.688786386708443e-06,0.0006163264665109709,20.1875,77.21407401550096,5.1597144702100195,75.76977804274065,75.76977804274065,336.41796875,125.0,1156.30859375,0.0001220703125,0.0001220703125,3830.0,0.0,0,32,"[0.7167687836696283, 0.9316502917349391, 0.14585808303335454, 0.9243351862305573, 0.002026692532528222, 0.3250848881020978, 0.35]"
583,218.83177203526668,26.074076291395922,194.93474187406866,23.897030161198018,0.9707581056203087,7628.81936076596,7.3568470324580915e-06,0.0007750795272960412,23.1875,90.34246782539412,3.05486457364168,86.61508759541903,86.61508759541903,336.41796875,125.0,1156.34765625,0.0,0.0,3835.0,0.0,0,32,"[0.7168307270724733, 0.9316226925107621, 0.14585861882364604, 0.9243292715682515, 0.0010296155139670358, 0.32505019737675916, 0.35]"
584,218.57504608732773,25.7956871501359,194.4435781722512,24.131467915076563,0.9707572447305034,4303.710380008852,4.689442717698e-06,0.0006160566454609924,20.1875,78.93540267104981,4.591608398186509,76.19112999964273,76.19112999964273,336.41796875,125.0,1156.34765625,0.0,0.0,3831.0,0.0,0,32,"[0.7168625605513546, 0.9316072282642055, 0.1458588964633549, 0.924325690919925, 0.0020288021579678355, 0.325031206878479, 0.35]"
585,218.77997048379285,26.066275169940837,194.88575375677493,23.89421672701793,0.9707559289667731,7582.9996540485345,7.357220222825589e-06,0.0007714510641370249,23.1875,86.5467691255617,5.645582998113241,87.92719303164631,87.92719303164631,336.41796875,125.0,1156.35546875,0.000244140625,0.000244140625,3845.0,0.0,0,32,"[0.7169243873139705, 0.9315796788264605, 0.14585943104056348, 0.9243197870193111, 0.0010317142475965641, 0.3249965797636616, 0.35]"
586,218.5456704434446,25.791949443916305,194.41703783920283,24.12863260424178,0.9707550635357394,4313.777705700648,4.69014088455566e-06,0.0006157864442825893,20.1875,75.14567266480299,5.713787642889656,79.27249369822675,79.27249369822675,336.41796875,125.0,1156.35546875,0.0,0.0,3842.0,0.0,0,32,"[0.716956417804899, 0.9315641161071307, 0.14585971030826575, 0.9243161855867066, 0.0020308908021872377, 0.32497747442757474, 0.35]"
587,218.7283895358302,26.058529205039843,194.83699445250937,23.89139508332083,0.9707537506807377,7522.9104304552975,7.357700814836221e-06,0.0007673019933074806,23.1875,87.20623319095466,6.70681110204896,90.31798029172933,90.31798029172933,336.41796875,125.0,1156.35546875,0.0,0.0,3831.0,0.0,0,32,"[0.7170181184694102, 0.9315366335283126, 0.14586024399736996, 0.9243102879778335, 0.0010337915280198508, 0.32494289543538635, 0.35]"
588,218.51619701210421,25.788144245339478,194.39041144915512,24.125785562949098,0.9707528787900878,4323.236404331373,4.6908919109078795e-06,0.0006098776476081245,20.21875,76.52663269254845,5.994293569528963,78.94936169032007,78.94936169032007,336.41796875,125.0,1156.35546875,0.0,0.0,3840.0,0.0,0,32,"[0.7170504272458192, 0.9315209404098499, 0.1458605257500924, 0.9243066545892324, 0.0020329536753242792, 0.32492361872673187, 0.35]"
589,218.6770308016001,26.050847452789807,194.78846954505264,23.888561256547483,0.9707515691308031,7478.365506331023,7.358319906725086e-06,0.0007624446167731348,23.1875,90.23333458753768,3.1641134555684403,89.21367453149287,89.21367453149287,336.41796875,125.0,1156.35546875,0.0,0.0,3840.0,0.0,0,32,"[0.7171119922431088, 0.9314935152673067, 0.14586105815351094, 0.9243007703691382, 0.0010358417118578888, 0.3248891160097679, 0.35]"
590,218.48646985509757,25.784380557767342,194.3635392927276,24.122930562369945,0.9707506925046027,4330.90382530309,4.691689072799932e-06,0.0006141768227291601,20.1875,81.75422600470483,6.1643576409551315,80.78221089817816,80.78221089817816,336.41796875,125.0,1160.65234375,0.13427734375,0.13427734375,3840.0,0.0,0,32,"[0.7171445063633705, 0.9314777209408804, 0.1458613415745347, 0.9242971147275368, 0.00203499316994101, 0.3248697177881038, 0.35]"
591,218.62592593306493,26.043210827131187,194.74020730764278,23.88571862542219,0.9707493854561973,7435.02524137147,7.359046020116722e-06,0.0007624019083038631,23.21875,93.96234779705992,2.2422501278924756,87.27645868930267,87.27645868930267,336.41796875,125.0,1160.65234375,0.0,0.0,3825.0,0.0,0,32,"[0.7172059604726259, 0.9314503444814595, 0.145861872904873, 0.924291240176928, 0.0010378709975508312, 0.32483527214111746, 0.35]"
592,218.45671425213845,25.780600099695995,194.33664632044736,24.12006793169112,0.9707485044733922,4341.422071006514,4.692526323069046e-06,0.0006138740126446012,20.1875,79.09698215371463,3.442729481321294,76.66337353293784,76.66337353293784,336.41796875,125.0,1162.42578125,0.055419921875,0.055419921875,3837.0,0.0,0,32,"[0.7172386630992909, 0.9314344581604521, 0.14586215796446253, 0.9242875633159017, 0.002037012550736566, 0.324815760115449, 0.35]"
593,218.5751440549825,26.035621244748555,194.69227438874702,23.882869666235436,0.970747200848294,7388.633048858888,7.3598837446731125e-06,0.0007474153452943703,23.34375,91.60676258034073,4.00772209832212,86.62141487729969,86.62141487729969,336.41796875,125.0,1162.42578125,0.0,0.0,3840.0,0.0,0,32,"[0.7172999717312644, 0.9314071454216617, 0.14586268786397985, 0.9242817025737228, 0.0010398768746126379, 0.3247813932672695, 0.35]"
594,218.42683767474037,25.776806377779614,194.30964056984004,24.117197104900317,0.970746314967514,4348.752207227043,4.6934109931839885e-06,0.0006135818957513402,20.1875,76.67623829183867,3.4910562389995903,72.94890940829646,72.94890940829646,336.41796875,125.0,1162.42578125,0.0,0.0,3843.0,0.0,0,32,"[0.7173328869570638, 0.9313911529571023, 0.14586297463079667, 0.924278003525409, 0.0020390072458560263, 0.324761757456787, 0.35]"
595,218.52399263475422,26.02813863190283,194.64398068830604,23.880011946448178,0.9707450140779792,7694.998729047367,7.360832360969738e-06,0.0007697354120157992,23.375,88.29238488397095,4.859906737692654,87.81931156408973,87.81931156408973,336.41796875,125.0,1164.40234375,0.061767578125,0.061767578125,3837.0,0.0,0,32,"[0.7173940793729225, 0.9313638908967234, 0.1458635034284197, 0.9242721529166124, 0.0010418608528495093, 0.3247274525013265, 0.35]"
596,218.39788463511445,25.773119920198575,194.28348976393565,24.11439487117878,0.9707441619897117,4358.097519769489,4.694123433512942e-06,0.0006132247010714926,20.1875,75.85052435024409,5.220885235758033,75.96877810283331,75.96877810283331,336.41796875,125.0,1164.40234375,0.0,0.0,3835.0,0.0,0,32,"[0.7174255410138831, 0.9313486149740831, 0.14586377633887046, 0.9242685863892097, 0.002041064468247056, 0.3247085805190725, 0.35]"
597,218.47288307995922,26.02073827338881,194.5956577078374,23.87722537212185,0.9707428641283632,7640.84106313788,7.361365839564371e-06,0.0007723454787040807,23.34375,91.22957190265879,3.8742215983802453,88.79084385262104,88.79084385262104,336.41796875,125.0,1164.40234375,0.0,0.0,3841.0,0.0,0,32,"[0.7174866048421693, 0.9313214094130233, 0.14586430385488947, 0.9242627473638313, 0.0010439062012621346, 0.324674344800655, 0.35]"
598,218.36879833837457,25.769418662594898,194.25721510981225,24.111583228562303,0.9707420066025292,4367.002874491662,4.694857511644557e-06,0.000612878252922427,20.1875,77.44253391138045,7.8708739165449515,82.5892200373346,82.5892200373346,336.41796875,125.0,1164.92578125,0.016357421875,0.016357421875,3837.0,0.0,0,32,"[0.7175183019629302, 0.9313060180485303, 0.1458645787178639, 0.9242591555093541, 0.0020430978868162357, 0.3246553343565301, 0.35]"
599,218.4220513776947,26.013301666885503,194.5476224269592,23.874428950735503,0.9707407116145881,7592.828620060613,7.361987451659502e-06,0.0007711839715106422,23.34375,89.17464745900361,3.920685558114201,87.91141249821521,87.91141249821521,336.41796875,125.0,1164.92578125,0.0,0.0,3841.0,0.0,0,32,"[0.7175792438707794, 0.9312788648094221, 0.145865105042394, 0.9242533279927789, 0.0010459283807278436, 0.32462116529692764, 0.35]"
600,218.339596053968,25.765704527608346,194.23083263411937,24.10876341984862,0.9707398493237674,4376.192300474027,4.69557336923998e-06,0.0006125411314601714,20.1875,80.0182758102892,5.264104860543739,78.66037271014648,78.66037271014648,336.41796875,125.0,1164.92578125,0.0,0.0,3835.0,0.0,0,32,"[0.7176111473593958, 0.9312633720046116, 0.1458653816427896, 0.924249713820533, 0.0020451095041099845, 0.324602031966292, 0.35]"
601,218.37143962752032,26.005916941100196,194.49981558553776,23.87162404198257,0.9707385573134129,7548.262549823756,7.362652559628202e-06,0.000770040002941624,23.34375,88.71393145091133,8.849867561366409,95.20687624899438,95.20687624899438,336.41796875,125.0,1164.92578125,0.0,0.0,3835.0,0.0,0,32,"[0.7176719626613999, 0.9312362742576178, 0.1458659067560132, 0.9242438980966313, 0.0010479283912847828, 0.32456793004572576, 0.35]"
602,218.3102816308327,25.76197800796597,194.20434578682043,24.10593584401227,0.970737690424147,4385.3051554056665,4.696331964204603e-06,0.0006122145460606359,20.1875,75.75923608237645,4.585059105011169,76.83237678429577,76.83237678429577,336.41796875,125.0,1164.92578125,0.0,0.0,3826.0,0.0,0,32,"[0.7177040657191937, 0.9312206818475098, 0.1458661849807188, 0.9242402626598515, 0.002047099263693469, 0.32454868051721686, 0.35]"
603,218.3210470289622,25.998583570095644,194.45223600385037,23.868811025111864,0.9707364014353281,7503.426870273213,7.363425235329402e-06,0.0007689060064399861,23.34375,88.63720102090156,5.9586018323898315,91.76520249457099,91.76520249457099,336.41796875,125.0,1165.1015625,0.0054931640625,0.0054931640625,3849.0,0.0,0,32,"[0.7177647526276518, 0.9311936404317315, 0.14586670884313258, 0.9242344586068932, 0.0010499063713665744, 0.3245146476653727, 0.35]"
604,218.28099211103853,25.758260513313235,194.1778914395644,24.103100671474127,0.9707355299733151,4392.483106032779,4.697133383135821e-06,0.0006080053050206099,19.84375,79.85561255190987,4.90790385811124,80.6180051076808,80.6180051076808,336.41796875,125.0,1165.1015625,0.0,0.0,3847.0,0.0,0,32,"[0.717797053802422, 0.9311779515542564, 0.14586698868954234, 0.9242308011205754, 0.002049066950966602, 0.3244952782594655, 0.35]"
605,218.27092424064645,25.991254234508393,194.40493460282505,23.865989637821375,0.9707342433710457,7459.201519702556,7.364297098355621e-06,0.000762843095629929,23.375,88.30955849407474,4.8461486512678675,89.30560461158166,89.30560461158166,336.41796875,125.0,1165.1015625,0.0,0.0,3840.0,0.0,0,32,"[0.7178576395905141, 0.9311509549752692, 0.1458675114999898, 0.924225005302804, 0.001051864889543571, 0.32446129692836284, 0.35]"
606,218.25140451784296,25.75450337168156,194.15115069630943,24.100253821533563,0.9707333656609632,4415.7078516187785,4.697983729151645e-06,0.0006079492265685943,19.84375,76.51963942771545,3.7811427246197127,76.36940835072892,76.36940835072892,336.41796875,125.0,1165.1015625,0.0,0.0,3836.0,0.0,0,32,"[0.7178902117559617, 0.9311351332655725, 0.14586779344039175, 0.9242213193774974, 0.0020510113798895965, 0.32444176867104724, 0.35]"
607,218.22099580913863,25.98403223118021,194.35783847772262,23.863157331416005,0.9707320834779868,7415.533560777497,7.365316048169035e-06,0.0007617097111463917,23.375,92.91138846310787,2.2534347444889136,88.93405713752145,88.93405713752145,336.41796875,125.0,1165.1015625,0.0,0.0,3836.0,0.0,0,32,"[0.7179506100269387, 0.9311082186456392, 0.1458683142642644, 0.9242155425949897, 0.001053792019112704, 0.32440789307341555, 0.35]"
608,218.2217046100071,25.75073398829699,194.1243044039265,24.097400206080593,0.9707312012500231,4423.5081933981755,4.698884422893457e-06,0.0006078788177349048,19.84375,80.49421660689404,4.159781972703058,79.31319347699173,79.31319347699173,336.41796875,125.0,1165.1015625,0.0,0.0,3840.0,0.0,0,32,"[0.7179833779378735, 0.9310923006508076, 0.1458685978488868, 0.9242118351241455, 0.0020529282085222944, 0.324388247954294, 0.35]"
609,218.17125903005106,25.97685625974187,194.3109422262459,23.860316803805148,0.9707299217085615,7366.9010333863325,7.366436913791574e-06,0.0007605881174955056,23.375,90.02602846885566,7.221485946502071,90.96868694905424,90.96868694905424,336.41796875,125.0,1165.1015625,0.0,0.0,3840.0,0.0,0,32,"[0.7180436640754254, 0.9310654357819502, 0.14586911754367995, 0.9242060680330813, 0.0010556987096763015, 0.3243544299465216, 0.35]"
610,218.19186902213224,25.746949230572852,194.0973319574183,24.09453706471391,0.9707290341536969,4431.376743283266,4.699830215226797e-06,0.0006078031029000588,19.84375,83.64477488794364,1.952986502146814,77.35113323724363,77.35113323724363,336.41796875,125.0,1165.1015625,0.0,0.0,3842.0,0.0,0,32,"[0.718076662941397, 0.9310494038795611, 0.14586940299655288, 0.9242023359859569, 0.0020548227050124273, 0.3243346490154296, 0.35]"
611,218.12170730249613,25.96972712816422,194.2642409845016,23.857466317994476,0.9707277571521137,7320.501114495326,7.367669134783483e-06,0.0007594737797001151,23.375,91.7941622028593,3.324475714180153,88.87755294563249,88.87755294563249,336.41796875,125.0,1165.1015625,0.0,0.0,3836.0,0.0,0,32,"[0.7181368415332305, 0.9310225843849257, 0.14586992162386786, 0.9241965789196372, 0.0010575834312940326, 0.32430089001723444, 0.35]"
612,218.1619051688749,25.743150068691932,194.07024021188116,24.091664956993768,0.9707268645753293,4437.983575327868,4.700819363101516e-06,0.0006077310579482259,19.84375,81.37740129313897,3.950280530261807,78.2049549598014,78.2049549598014,336.41796875,125.0,1165.1015625,0.0,0.0,3841.0,0.0,0,32,"[0.718170058115354, 0.9310064453254318, 0.14587020884766644, 0.9241928233461503, 0.002056695836255483, 0.32428098009877376, 0.35]"
613,218.07232559790216,25.962641121150874,194.2177192736998,23.854606324202333,0.9707255898610413,7284.480907093231,7.369004932034073e-06,0.0007583696045280965,23.375,93.96713101159548,5.60336782655213,90.96118415618548,90.96118415618548,336.41796875,125.0,1165.1015625,0.0,0.0,3836.0,0.0,0,32,"[0.718230139687169, 0.9309796686132464, 0.14587072650458116, 0.9241870745054127, 0.001059447884062315, 0.32424726931235737, 0.35]"
614,218.1318446057387,25.73934000102263,194.04305856206906,24.088786043669646,0.9707246934171739,4446.071914540238,4.701843762333624e-06,0.0006076367532357187,19.84375,79.75060289754765,4.762997625221033,79.18901256925892,79.18901256925892,336.41796875,125.0,1165.1015625,0.0,0.0,3836.0,0.0,0,32,"[0.7182635240711168, 0.9309634463955988, 0.14587101511544392, 0.924183300184936, 0.002058551261763091, 0.3242272584543392, 0.35]"
615,218.02312271629344,25.95559724869045,194.1713833457422,23.85173937055123,0.970723421214355,7242.032618817405,7.370431043707271e-06,0.0007572749259310657,23.375,94.00531099527143,6.442235790018458,95.81365493068006,95.81365493068006,336.41796875,125.0,1165.1015625,0.0,0.0,3837.0,0.0,0,32,"[0.7183234994039247, 0.9309367141836244, 0.14587153170309994, 0.9241775612265203, 0.0010612936693326733, 0.3241936067065254, 0.35]"
616,218.1016649271209,25.735516731911673,194.0157659917435,24.08589893537741,0.9707225201477968,4454.637724434482,4.702908689591112e-06,0.0006075731170316501,19.84375,85.16139482526341,5.528747940843459,84.90156086190837,84.90156086190837,336.41796875,125.0,1165.1015625,0.0,0.0,3975.0,96.0,0,32,"[0.7183570842082873, 0.9309203931302303, 0.1458718219648442, 0.9241737650413339, 0.002060386235810438, 0.3241734763198659, 0.35]"
617,217.97410613876343,25.94859887763058,194.12524215909193,23.848863979671524,0.9707212506846276,7194.000583476728,7.371961121549475e-06,0.0007561920706767014,23.375,94.56482928362675,6.7109011361026205,96.71862407412846,96.71862407412846,336.41796875,125.0,1165.1015625,0.0,0.0,3964.0,85.0,0,32,"[0.7184169430989807, 0.9308937118733457, 0.1458723374466867, 0.9241680364725129, 0.0010631181427062577, 0.32413988626196066, 0.35]"
618,218.07134077133435,25.731677568945816,193.98833878998806,24.083001981346285,0.9707203441268718,4462.469298245335,4.704020492685146e-06,0.0006075956852898409,19.84375,78.44124839175493,5.125837531522848,78.10960320057347,78.10960320057347,336.41796875,125.0,1165.1015625,0.0,0.0,3965.0,86.0,0,32,"[0.7184507659618321, 0.9308772739621448, 0.14587262962680933, 0.9241642143749714, 0.0020621978346317673, 0.32411961597811756, 0.35]"
619,217.92526172185566,25.94164537053122,194.07928354103498,23.845978180820648,0.9707190771584042,7153.450708728322,7.37360448788138e-06,0.0007551159601274613,23.375,96.0944124526577,5.119351073517464,91.56542665004963,91.56542665004963,336.41796875,125.0,1165.1015625,0.0,0.0,3958.0,79.0,0,32,"[0.7185105192350251, 0.9308506386219731, 0.1458731440010942, 0.9241584952961498, 0.001064920283687797, 0.32408608063949707, 0.35]"
620,218.0409008001577,25.72782413638065,193.96080394507914,24.080096855078537,0.9707181659963156,4468.219167236003,4.7051731786318385e-06,0.0006072744560434252,19.84375,79.09820420172764,6.730981418513693,79.90840919228503,79.90840919228503,336.41796875,125.0,1165.1015625,0.0,0.0,3957.0,78.0,0,32,"[0.7185445420978419, 0.9308340999885546, 0.14587343779497586, 0.924154652350647, 0.0020639890746787966, 0.3240656940082602, 0.35]"
621,217.87648397021314,25.93476561130553,194.0334004681954,23.84308350201772,0.9707169010649046,7113.099900032694,7.375302741419176e-06,0.0007580987938236777,23.34375,87.14073263399769,5.611600732663646,90.01798551616957,90.01798551616957,336.41796875,125.0,1165.1015625,0.0,0.0,3961.0,82.0,0,32,"[0.7186042091310798, 0.9308075021850936, 0.14587395130403302, 0.9241489400134734, 0.0010667038561417482, 0.32403220221231543, 0.35]"
622,218.01034237790645,25.72395734721982,193.9331590049057,24.07718337300077,0.9707159853719269,4476.213568674645,4.706363753825826e-06,0.0006072842551781165,19.84375,75.27303700044286,3.096451320743654,74.90164494083729,74.90164494083729,336.41796875,125.0,1165.1015625,0.0,0.0,3962.0,83.0,0,32,"[0.7186384283916436, 0.9307908668940739, 0.14587424673184168, 0.924145075254481, 0.0020657618462363294, 0.32401169811302605, 0.35]"
623,217.82795405345894,25.927891711083472,193.9877736299257,23.840180423533226,0.9707147228503334,7077.749753791399,7.377038941491776e-06,0.0007570222653604457,23.34375,88.8019311678363,5.858782009454444,88.50940576667199,88.50940576667199,336.41796875,125.0,1165.1015625,0.0,0.0,3958.0,79.0,0,32,"[0.7186979932825426, 0.9307643123494259, 0.14587475925497526, 0.9241393725219924, 0.0010684674928942896, 0.32397826057596035, 0.35]"
624,217.97968035537815,25.720079000324827,193.9054174608807,24.074262894497437,0.9707138031867453,4483.272747306787,4.707590957053753e-06,0.0006074552062436655,19.84375,81.54123410349712,6.264440897211898,84.49405551073141,84.49405551073141,336.41796875,125.0,1165.1015625,0.0,0.0,3953.0,74.0,0,32,"[0.7187323850056465, 0.9307475915460787, 0.1458750560541692, 0.924135488748847, 0.002067515911993798, 0.32395765211583993, 0.35]"
625,217.77957917322038,25.921055854834822,193.94230924540858,23.837269927811818,0.9707125429183433,7041.390979406132,7.3788633203619725e-06,0.000755950070399878,23.34375,88.23813383787638,6.102100298448931,89.90161409747088,89.90161409747088,336.41796875,125.0,1165.1015625,0.0,0.0,3960.0,81.0,0,32,"[0.7187918546242077, 0.9307210778816837, 0.14587556758555414, 0.9241297942096088, 0.0010702130666740257, 0.32392426446327, 0.35]"
626,217.94890432881388,25.716187921295475,193.87756973277084,24.071334596043023,0.9707116189303124,4491.528239872992,4.708855868340578e-06,0.0006076324159111005,19.84375,81.60929419682361,3.582250421459321,77.10265212517697,77.10265212517697,336.41796875,125.0,1165.1015625,0.0,0.0,3964.0,85.0,0,32,"[0.7188264342880021, 0.930704263503532, 0.14587586585062054, 0.9241258899135736, 0.0020692510432666605, 0.3239035446086529, 0.35]"
627,217.7313715069585,25.91426111519434,193.897020047529,23.834351459429456,0.9707103612241698,7001.521206331021,7.3807845679674244e-06,0.0007548677942758516,23.34375,92.18054771190509,4.512385385169182,92.88304617075482,92.88304617075482,336.41796875,125.0,1165.1015625,0.0,0.0,3948.0,69.0,0,32,"[0.7188857954531934, 0.9306777956712219, 0.14587637628834735, 0.9241202055274967, 0.0010719384750549764, 0.32387021632614077, 0.35]"
628,217.91807310731932,25.71223702017822,193.84967622728576,24.06839688003354,0.9707094325887478,4499.226143291803,4.710162129217821e-06,0.0006325372142278301,19.8125,74.6800927008735,4.763377917697653,76.9913762487704,76.9913762487704,336.41796875,125.0,1165.1015625,0.0,0.0,3948.0,69.0,0,32,"[0.7189205766780892, 0.9306608807953068, 0.14587667623973305, 0.9241162796428851, 0.0020709651997034987, 0.32384937755782894, 0.35]"
629,217.68304316443096,25.907816074923257,193.85161830187764,23.83142486255331,0.9707081772678469,6958.7611698077235,7.382805025546446e-06,0.0007777704872554167,24.0625,95.6662930911989,3.171757227391936,90.45708346093306,90.45708346093306,336.41796875,125.0,1165.1015625,0.0,0.0,3950.0,71.0,0,32,"[0.7189798367434782, 0.930634456138423, 0.1458771856864222, 0.9241106047654798, 0.0010736436658059084, 0.32381610179467724, 0.35]"
630,217.8870356217745,25.70831669263028,193.82158469848872,24.06545092328573,0.9707072435214419,4505.186364400195,4.711463151618744e-06,0.0006327355587130368,19.8125,76.66269643959822,2.9989374088472687,76.03703965287423,76.03703965287423,336.41796875,125.0,1165.1015625,0.0,0.0,3956.0,77.0,0,32,"[0.7190148393780001, 0.9306174326965483, 0.14587748748263699, 0.9241066545036896, 0.00207265795090035, 0.32379513084974526, 0.35]"
631,217.63511747720003,25.901109528052622,193.80662989139358,23.828487585806425,0.9707059901410036,6923.5997412824,7.384926080433729e-06,0.000777450336026225,24.0625,94.76789019390708,5.612677741737571,95.31212860019878,95.31212860019878,336.41796875,125.0,1165.1015625,0.0,0.0,3920.0,41.0,0,32,"[0.7190740173294494, 0.9305910438584979, 0.14587799610362479, 0.9241009857166822, 0.0010753291869849808, 0.32376189619743456, 0.35]"
632,217.8559065026925,25.704270346300515,193.79340953099074,24.06249697170173,0.9707050520747945,4510.666556172656,4.7128178319866265e-06,0.0006317741378557963,19.8125,76.59631869319128,5.650082719512284,77.36649535218021,77.36649535218021,336.41796875,125.0,1165.1015625,0.0,0.0,3947.0,68.0,0,32,"[0.7191092076098209, 0.9305739273298952, 0.1458782993788882, 0.9240970148996831, 0.0020743328400074663, 0.3237408127797758, 0.35]"
633,217.58726990740738,25.89448853326229,193.76172802560876,23.825541881798628,0.9707038004992815,6885.463421480743,7.387134818515051e-06,0.0007850130668497252,24.03125,91.71494335168973,2.334000717382878,89.14442481909646,89.14442481909646,336.41796875,125.0,1165.1015625,0.0,0.0,3945.0,66.0,0,32,"[0.71916830953391, 0.9305475700329116, 0.14587880719679996, 0.924091352451497, 0.0010769973930193238, 0.3237076172914204, 0.35]"
634,217.8246307575734,25.70032270995893,193.7650963839133,24.059534373660114,0.9707028578948504,4518.95842624366,4.714162283203649e-06,0.0006319665722767176,19.8125,74.84033155196812,4.555514846288133,76.20005741046043,76.20005741046043,336.41796875,125.0,1165.1015625,0.0,0.0,3949.0,70.0,0,32,"[0.7192036966447342, 0.9305303557143367, 0.14587911211506105, 0.9240873601284552, 0.002075989853226778, 0.3236864169977016, 0.35]"
635,217.53969149422258,25.887785177037813,193.7171037630423,23.822587731180242,0.970701608849496,6856.606323127553,7.389442748362285e-06,0.0007789734832167651,24.0625,95.7802995108068,6.325774556898978,96.80174604727654,96.80174604727654,336.41796875,125.0,1165.1015625,0.0,0.0,3949.0,70.0,0,32,"[0.7192626914809019, 0.9305040442410231, 0.1458796188262962, 0.9240817076745209, 0.0010786449098854397, 0.32365327830917434, 0.35]"
636,217.7932624527868,25.69636486425784,193.73669658268255,24.056565870104244,0.9707006627883003,4527.0410367549575,4.7155466593729045e-06,0.0006321796292078703,19.8125,81.1401432583807,6.125665408035275,80.46118020138238,80.46118020138238,336.41796875,125.0,1165.1015625,0.0,0.0,3946.0,67.0,0,32,"[0.7192982290164555, 0.9304867541332899, 0.14587992493622975, 0.9240776985969197, 0.002077628730346043, 0.3236319875648757, 0.35]"
637,217.492196628249,25.881185902756872,193.67256948021182,23.819627148037178,0.970699416045521,6823.137155895223,7.391832091308004e-06,0.0007785028456025827,24.0625,95.39049994054949,6.145674138679169,95.62893362453906,95.62893362453906,336.41796875,125.0,1165.1015625,0.0,0.0,3951.0,72.0,0,32,"[0.7193571262758772, 0.9304604845528338, 0.14588043069356482, 0.9240720546179182, 0.0010802751656173507, 0.3235989001260387, 0.35]"
638,217.76177684251488,25.692393905269782,193.70818728195616,24.05358956055871,0.9706984656927502,4533.25140655844,4.716963316830913e-06,0.0006324117626352133,19.8125,83.24687797721708,4.456181137356907,80.40875923325075,80.40875923325075,336.41796875,125.0,1165.1015625,0.0,0.0,3948.0,69.0,0,32,"[0.7193928502253486, 0.9304431020148848, 0.1458807382748683, 0.9240680251347122, 0.002079248248188873, 0.32357749695419424, 0.35]"
639,217.44483475256052,25.874621746076578,193.62817648497114,23.81665826758936,0.9706972210215531,6783.935976957557,7.394297541818418e-06,0.0007780348006655831,24.0625,95.49827242153697,10.344947884732392,99.66041572624817,99.66041572624817,336.41796875,125.0,1165.1015625,0.0,0.0,3947.0,68.0,0,32,"[0.7194516598828298, 0.9304168698898445, 0.1458812431394366, 0.9240623886498894, 0.0010818870068709698, 0.32354445411427024, 0.35]"
640,217.73015997610696,25.688408152563376,193.6795556520741,24.050604324032847,0.9706962659026043,4532.665028518742,4.7184196838578885e-06,0.0006326646453912711,19.8125,77.97085212223465,2.9816299793310463,76.10947569628479,76.10947569628479,336.41796875,125.0,1165.1015625,0.0,0.0,3953.0,74.0,0,32,"[0.7194875906535575, 0.9303993843071621, 0.14588155241926767, 0.9240583368867087, 0.002080848158102295, 0.32352292878024574, 0.35]"
641,217.39778416530584,25.86812918317522,193.58410114985224,23.813683015453577,0.9706950263367363,6752.657359652897,7.396831488648559e-06,0.000777586446520659,24.0625,92.66510368615855,9.856132070126478,98.79191268555587,98.79191268555587,336.41796875,125.0,1165.1015625,0.0,0.0,3961.0,82.0,0,32,"[0.7195461964690207, 0.9303731606421778, 0.14588205505739274, 0.9240527198454913, 0.0010834629511201031, 0.3234902389823778, 0.35]"
642,217.69843196983996,25.684410328828996,193.65081711517382,24.047614854666097,0.9706940671784482,4538.2850467999515,4.719936768093902e-06,0.0006329524354970857,19.8125,80.67233653127914,3.1552900254609995,77.15519218618283,77.15519218618283,336.41796875,125.0,1165.1015625,0.0,0.0,3949.0,70.0,0,32,"[0.7195823029866658, 0.9303555876718347, 0.14588236566316204, 0.9240486485576536, 0.002082413865872398, 0.323468607797671, 0.35]"
643,217.35084727912377,25.861667348857633,193.54014750091636,23.81069977820742,0.9706928293417023,6713.365569634238,7.399449162726057e-06,0.0007771178636703669,24.0625,93.11960351624293,5.104442774609197,91.94350297912024,91.94350297912024,336.41796875,125.0,1165.1015625,0.0,0.0,3946.0,67.0,0,32,"[0.719640835858068, 0.9303293952272192, 0.14588286753494473, 0.924043037087034, 0.00108502236329154, 0.32343595341186787, 0.35]"
644,217.6665610440201,25.680396291342305,193.62194557319725,24.044615470822855,0.9706918650678342,4543.69076230485,4.7214939251638555e-06,0.0006332750791750105,19.8125,76.41435648110928,5.598576630291063,77.84112403169274,77.84112403169274,336.41796875,125.0,1165.1015625,0.0,0.0,3945.0,66.0,0,32,"[0.7196771639410257, 0.9303117135059472, 0.14588318001192507, 0.9240389414436838, 0.0020839603389172802, 0.32341418931211807, 0.35]"
645,217.3040230365207,25.855239037336627,193.49631675839845,23.80770627812228,0.9706906289726044,6683.587429595668,7.402164954317669e-06,0.0007766764094236855,24.0625,91.4382434784784,4.827646916965023,89.98242323286831,89.98242323286831,336.41796875,125.0,1165.1015625,0.0,0.0,3967.0,88.0,0,32,"[0.7197356236921538, 0.9302855503636084, 0.14588368108156635, 0.9240333365151556, 0.0010865624811681799, 0.32338157344873986, 0.35]"
646,217.63458799641313,25.676370706955836,193.59297882453794,24.041609171875216,0.9706896610007247,4551.014723256955,4.723083344426726e-06,0.0006336682191586755,19.8125,79.34603002649965,3.6297791739343666,78.02445287961746,78.02445287961746,336.41796875,125.0,1165.1015625,0.0,0.0,3956.0,77.0,0,32,"[0.7197721128276939, 0.9302677863679345, 0.14588399483388223, 0.9240292233439201, 0.002085491006136696, 0.3233597155249746, 0.35]"
647,217.25741282299623,25.848802358365155,193.45270690494715,23.80470591804905,0.9706884271011614,6652.513449572939,7.404963339396886e-06,0.0007714506383953948,24.09375,90.56047762715025,6.8466934899333864,92.37163310172036,92.37163310172036,336.41796875,125.0,1165.1015625,0.0,0.0,3954.0,75.0,0,32,"[0.7198304795291063, 0.9302416634393715, 0.14588449498577902, 0.9240236265696938, 0.0010880850647081966, 0.3233271466020725, 0.35]"
648,217.602498160587,25.67233205411172,193.56390296483517,24.038595195751856,0.9706874549660115,4557.891869805058,4.7247095067426415e-06,0.0006340639874166435,19.8125,84.63129852316342,2.4567883083363995,77.56188025814481,77.56188025814481,336.41796875,125.0,1165.1015625,0.0,0.0,3963.0,84.0,0,32,"[0.7198671495728584, 0.9302238101182009, 0.14588481014447985, 0.9240194931845007, 0.002087002871385356, 0.3233051784860967, 0.35]"
649,217.210841717392,25.842440007815355,193.409144367685,23.80169734970699,0.9706862231054859,6624.672131484969,7.407849909935038e-06,0.0007709624234584114,24.09375,92.49962413741741,6.7485884501365945,95.68546445370885,95.68546445370885,336.41796875,125.0,1165.1015625,0.0,0.0,3951.0,72.0,0,32,"[0.7199254300300282, 0.930197723991475, 0.14588530943106168, 0.9240139036811685, 0.0010895894433996503, 0.32327265366259617, 0.35]"
650,217.570309407316,25.668282133454795,193.53473471842415,24.035574688891867,0.970685247402019,4564.944651952405,4.726368318941354e-06,0.0006335939746481546,19.8125,77.13925332063809,4.147471074247733,76.79872857988812,76.79872857988812,336.41796875,125.0,1165.1015625,0.0,0.0,3950.0,71.0,0,32,"[0.7199622553156232, 0.9301797918750464, 0.14588562585152443, 0.9240097532828477, 0.002088498016257435, 0.32325059295806685, 0.35]"
651,217.16436538093458,25.8360667870345,193.36568339669788,23.798681984236723,0.97068401757731,6593.551900647134,7.410815885400268e-06,0.0007689410621981253,24.09375,93.65509364579339,5.165306341950782,95.49454587249784,95.49454587249784,336.41796875,125.0,1165.1015625,0.0,0.0,3955.0,76.0,0,32,"[0.7200204499289907, 0.9301537417777134, 0.14588612421712588, 0.9240041713409093, 0.001091077137271212, 0.3232181127622207, 0.35]"
652,217.53796819232974,25.664271846929715,193.50542124292167,24.032546949408072,0.9706830377258989,4570.360852584293,4.728068775161631e-06,0.0006415219135411455,19.78125,78.51731632399606,5.6840545003069565,77.6420332986163,77.6420332986163,336.41796875,125.0,1165.1015625,0.0,0.0,3959.0,80.0,0,32,"[0.7200574553361963, 0.9301357207705951, 0.1458864420782051, 0.9240000005731033, 0.002089974942908637, 0.3231959424962552, 0.35]"
653,217.11793199835847,25.82975134616723,193.32227372682797,23.79565827153045,0.9706818096549034,6559.698907440489,7.41386559122148e-06,0.0007723027612562543,24.0625,91.36861143633723,5.725568720663432,93.36266388709191,93.36266388709191,336.41796875,125.0,1165.1015625,0.0,0.0,3954.0,75.0,0,32,"[0.720115576125703, 0.9301097008813425, 0.14588693966694616, 0.9239944250449694, 0.0010925477053597584, 0.32316350007221695, 0.35]"
654,217.50553450563888,25.660194751369072,193.47602418464464,24.029510320994227,0.9706808253699707,4575.273945128027,4.72980035581827e-06,0.0006443547531085427,19.78125,75.11719539616024,4.3703659539460205,75.40129205881385,75.40129205881385,336.41796875,125.0,1165.1015625,0.0,0.0,3960.0,81.0,0,32,"[0.7201527741729912, 0.9300915832465019, 0.14588725907952693, 0.9239902333820879, 0.002091433985414886, 0.3231412159065103, 0.35]"
655,217.07168964269755,25.823476666127103,193.2790639703539,23.79262567234365,0.9706795988702752,6527.284142113224,7.417001297138626e-06,0.0007715910397523427,24.0625,94.06298730755225,4.807943267223891,91.39181533828378,91.39181533828378,336.41796875,125.0,1165.1015625,0.0,0.0,3955.0,76.0,0,32,"[0.7202108289371826, 0.9300655905415616, 0.14588775595343348, 0.9239846630241026, 0.0010940011041796337, 0.3231088061039261, 0.35]"
656,217.47301950898313,25.656093765311937,193.44655543352815,24.026464075454985,0.9706786102179431,4579.282976870489,4.731567407656456e-06,0.0006227161265892696,19.8125,75.96038096380653,5.690437821613159,77.6051268549054,77.6051268549054,336.41796875,125.0,1165.4765625,0.0,0.0,3948.0,69.0,0,32,"[0.7202482166776895, 0.9300473778587516, 0.145888076920298, 0.9239804505332687, 0.0020928759765714354, 0.3230864097593548, 0.35]"
657,217.02547978818347,25.81713718201263,193.23589564154193,23.78958414664155,0.9706773852348097,6502.400152380175,7.420205958119652e-06,0.0007708439352957571,24.03125,90.43201343592955,7.203659704828169,94.17410627793288,94.17410627793288,336.41796875,125.0,1165.4765625,0.0,0.0,3959.0,80.0,0,32,"[0.7203062076908124, 0.930021410869903, 0.14588857314111128, 0.9239748852115035, 0.00109543764483692, 0.32305403209371436, 0.35]"
658,217.4404308958828,25.651977774011602,193.41701019727668,24.02342069860609,0.9706763933101776,4583.713557587747,4.9521964888832315e-06,0.0006243198300474483,19.8125,77.16603518929332,4.1540783495293,75.82914390513906,75.82914390513906,336.41796875,125.0,1165.4765625,0.0,0.0,3955.0,76.0,0,32,"[0.7203437377609007, 0.930003127848836, 0.14588889522194773, 0.9239706559745079, 0.002094303815745743, 0.32303154637797843, 0.35]"
659,216.97941829452697,25.810914481660983,193.19288229269256,23.7865360018344,0.9706751696632338,6475.791711136462,7.4232941034146904e-06,0.0007700375012814514,24.03125,94.79416163958376,5.585442479059566,95.15407601429615,95.15407601429615,336.41796875,125.0,1165.4765625,0.0,0.0,3955.0,76.0,0,32,"[0.7204016727544893, 0.9299771839254892, 0.1458893908217581, 0.9239650946681577, 0.0010968607829307964, 0.32299919406893113, 0.35]"
660,217.40784556538293,25.64782544327599,193.38746821275674,24.020377352626177,0.9706741740900077,4590.902945183961,4.9632576737401735e-06,0.0006243149794690258,19.8125,74.81675006420119,8.210681058699265,80.81892946938751,80.81892946938751,336.41796875,125.0,1165.4765625,0.0,0.0,3950.0,71.0,0,32,"[0.7204393616797755, 0.9299588202139648, 0.1458897141610063, 0.9239608480189323, 0.0020957172826625474, 0.3229766136930366, 0.35]"
661,216.93347860301265,25.804723706195734,193.1499976684151,23.783480934597534,0.9706729526743528,6443.512239467957,7.4262454812235035e-06,0.000769217074758321,24.03125,99.83924062544247,6.310795877652708,97.36278415948618,97.36278415948618,336.41796875,125.0,1165.4765625,0.0,0.0,3960.0,81.0,0,32,"[0.7204972020437955, 0.9299329165446651, 0.14589020886969875, 0.9239552953969985, 0.001098266082047735, 0.322944310159919, 0.35]"
662,217.3751333765369,25.643658724327747,193.35780755570732,24.017325820829583,0.9706719526925711,4597.236270079079,4.9663540551136975e-06,0.0006243433383748601,19.8125,76.76266483031213,6.15382868272718,78.85510006599361,78.85510006599361,336.41796875,125.0,1165.4765625,0.0,0.0,3962.0,83.0,0,32,"[0.7205350825454845, 0.9299144566338147, 0.1458905337520201, 0.9239510281013281, 0.002097110889848278, 0.322921615802642, 0.35]"
663,216.8876388906009,25.79856252922602,193.10722190455198,23.780416986048927,0.9706707330135267,6415.716844136051,7.4292855223312415e-06,0.0007683357689682294,24.03125,95.18295098678209,6.563868417288177,94.5286018832121,94.5286018832121,336.41796875,125.0,1165.4765625,0.0,0.0,3960.0,81.0,0,32,"[0.7205928501412426, 0.9298885822762792, 0.14589102761797298, 0.9239454817157845, 0.001099653431142202, 0.3228893507398357, 0.35]"
664,217.3423091602462,25.63947930485523,193.3280422725016,24.01426688774457,0.9706697291596756,4601.3352193545725,4.969490343675886e-06,0.0006243774281805125,19.8125,74.36894329293864,6.841436173999682,76.44470105879009,76.44470105879009,336.41796875,125.0,1165.4765625,0.0,0.0,3954.0,75.0,0,32,"[0.7206308993095937, 0.9298700374676596, 0.14589135377283075, 0.9239411957640857, 0.0020984878723979625, 0.32286655525643676, 0.35]"
665,216.84182768738924,25.792488279083777,193.0644826022894,23.777345085099853,0.9706685109324751,6385.392058746912,7.432403011708999e-06,0.000775312656692352,24.0,92.17197957332246,6.849251854873728,96.94738040707307,96.94738040707307,336.41796875,125.0,1165.4765625,0.0,0.0,3948.0,69.0,0,32,"[0.7206886059090759, 0.9298441886391535, 0.14589184696952956, 0.9239356539493266, 0.001101025297926127, 0.3228343179486201, 0.35]"
666,217.30935785216005,25.635285377474275,193.29815855099656,24.011199301163458,0.9706675027156572,4607.182806429359,4.9726683477580025e-06,0.000624422639933544,19.8125,78.64657694881316,4.71996383566875,78.05560507404152,78.05560507404152,336.41796875,125.0,1165.4765625,0.0,0.0,3947.0,68.0,0,32,"[0.7207268445872766, 0.9298255500455843, 0.14589217463402124, 0.9239313466562425, 0.002099848041270386, 0.3228114078294641, 0.35]"
667,216.79617040200316,25.786382210896793,193.02190607245117,23.77426432955198,0.9706662861861787,6363.1576327041275,7.435553772250358e-06,0.0007740184586562401,24.0,90.97994094190653,5.801669540232979,93.23239107470727,93.23239107470727,336.41796875,125.0,1165.4765625,0.0,0.0,3953.0,74.0,0,32,"[0.7207844795370785, 0.9297997305636133, 0.1458926671397133, 0.9239258109531274, 0.0011023793632758414, 0.32277920663754406, 0.35]"
668,217.27631812048315,25.631081490074045,193.26819210611302,24.0081260143701,0.9706652749131139,4612.252220780066,4.975853963529175e-06,0.0006244818693712103,19.8125,77.71339496684959,6.095438351621851,78.9568538457388,78.9568538457388,336.41796875,125.0,1165.4765625,0.0,0.0,3948.0,69.0,0,32,"[0.7208228515380597, 0.9297810230394375, 0.14589299586607785, 0.9239214888589267, 0.002101193816051407, 0.32275621710846547, 0.35]"
669,216.75067173908047,25.780229712913115,192.97949409843505,23.77117764064542,0.9706640600717837,6335.954756604629,7.43872980057958e-06,0.0007671235729621772,24.03125,91.29843027039897,5.643463824526407,92.09291463776026,92.09291463776026,336.41796875,125.0,1165.4765625,0.0,0.0,3949.0,70.0,0,32,"[0.7208804153790646, 0.9297552326020935, 0.14589348764474755, 0.9239159593798202, 0.0011037191011205472, 0.32272405138698246, 0.35]"
670,217.24316617232984,25.62686489734421,193.23812082555958,24.005045346770288,0.9706630449669603,4616.431583960264,4.979046587472169e-06,0.0006245539862214012,19.8125,76.31463266443461,5.643480850267224,77.1983198064845,77.1983198064845,336.41796875,125.0,1165.4765625,0.0,0.0,3960.0,81.0,0,32,"[0.7209189541814068, 0.9297364409237044, 0.14589381767414436, 0.9239116189010669, 0.002102523159684548, 0.32270096161742506, 0.35]"
671,216.70518256161608,25.774172932555484,192.93709976279757,23.768082798818515,0.9706618313512605,6307.967512993448,7.4419801361358395e-06,0.0007649698688984219,24.03125,93.25863981212024,5.227186695265118,93.03828994598007,93.03828994598007,336.41796875,125.0,1165.4765625,0.0,0.0,3966.0,87.0,0,32,"[0.7209764669739375, 0.9297106700418886, 0.14589430886431184, 0.9239060930472555, 0.0011050441573164402, 0.3226688212401349, 0.35]"
672,217.209924670593,25.622627237385917,193.20796831253938,24.001956358053675,0.9706608121063652,4623.020723289163,4.982278401399753e-06,0.0006165721220280265,19.84375,75.89002655004151,3.8687341948389076,74.44600164308213,74.44600164308213,336.41796875,125.0,1165.4765625,0.0,0.0,3944.0,65.0,0,32,"[0.7210151856628256, 0.929691788784201, 0.14589464033952942, 0.9239017325208403, 0.0021038369484517594, 0.3226456221550538, 0.35]"
673,216.65978911777222,25.768150609738154,192.8948094762345,23.764979641537735,0.9706596003933957,6284.058488672875,7.4453167591137515e-06,0.0007636003985138112,24.03125,93.26503651391249,5.874709189811256,91.14143660553964,91.14143660553964,336.41796875,125.0,1165.4765625,0.0,0.0,3964.0,85.0,0,32,"[0.7210726181913008, 0.9296660525148088, 0.1458951306597498, 0.9238962130227842, 0.001106351118457605, 0.3226135213326516, 0.35]"
674,217.17643739437142,25.61850331126287,193.1775755697459,23.99886182462555,0.9706585778419682,4627.465387003747,4.985546822933173e-06,0.0006376868587965948,20.28125,76.76923499093391,6.829030353401322,80.06285475858022,80.06285475858022,336.41796875,125.0,1165.4765625,0.0,0.0,3953.0,74.0,0,32,"[0.7211114810049813, 0.9296470978831359, 0.14589546326509417, 0.9238918360697216, 0.0021051348382896554, 0.32259023579411383, 0.35]"
675,216.6144113252853,25.762246614475984,192.8525420117304,23.7618693135549,0.970657367569115,6256.473080798925,7.448722427305654e-06,0.0007705249102382582,24.0,88.99116793327266,8.03139757772442,93.82373052358162,93.82373052358162,336.41796875,125.0,1165.4765625,0.0,0.0,3965.0,86.0,0,32,"[0.7211688532910199, 0.9296213846839412, 0.14589595292476398, 0.923886322020841, 0.001107643936667089, 0.3225581654205513, 0.35]"
676,217.1429195085491,25.614254286306537,193.14716081507822,23.995758693470876,0.9706563409559493,4631.427311537376,4.98885483590783e-06,0.0006430417702466466,20.25,80.00215138599742,10.18709946947638,85.40980628458783,85.40980628458783,336.41796875,125.0,1165.4765625,0.0,0.0,3955.0,76.0,0,32,"[0.7212078929097531, 0.9296023410110277, 0.1458962868965178, 0.9238819257140427, 0.002106416499844784, 0.32253477365524835, 0.35]"
677,216.56923647507062,25.756197279578878,192.81048543906354,23.758751036007116,0.9706551318418998,6235.842499878513,7.452205222246988e-06,0.0007662994512407765,24.03125,90.54896037559956,5.222500920353923,89.14482717955252,89.14482717955252,336.41796875,125.0,1165.4765625,0.0,0.0,3946.0,67.0,0,32,"[0.7212652168027122, 0.9295766464505366, 0.14589677603505607, 0.9238764153084479, 0.0011089216126955583, 0.32250272514292705, 0.35]"
678,217.109358984351,25.609998330809212,193.11670947959834,23.992649504752634,0.9706541022358132,4636.487056123029,4.992193873842865e-06,0.0006328428330765086,20.28125,77.26145600463497,3.968241151596885,77.34107641590526,77.34107641590526,336.41796875,125.0,1165.4765625,0.0,0.0,3958.0,79.0,0,32,"[0.7213043870033615, 0.9295575366752561, 0.14589711099767302, 0.9238720036888801, 0.0021076858450799476, 0.3224792529169509, 0.35]"
679,216.52417429642958,25.75015063648984,192.76854688163263,23.755627414796948,0.9706528948803779,6212.036453472116,7.4557557159238286e-06,0.0007518856419259104,24.09375,86.64984088682104,4.5886063744546846,87.29998219496338,87.29998219496338,336.41796875,125.0,1165.4765625,0.0,0.0,3965.0,86.0,0,32,"[0.7213616366711342, 0.9295318737044593, 0.14589759937373098, 0.9238664991222397, 0.001110184688336398, 0.32244724055996155, 0.35]"
680,217.07566906637254,25.605726902535956,193.08613545160554,23.989533614767016,0.9706518617856684,4642.339465984549,4.995569881760531e-06,0.0006337222345015774,20.28125,78.22520362242358,5.419448025349993,77.84071730566211,77.84071730566211,336.41796875,125.0,1165.4765625,0.0,0.0,3960.0,81.0,0,32,"[0.7214009588973535, 0.929512686622426, 0.14589793551961128, 0.9238620706911373, 0.0021089392234454993, 0.32242367632835656, 0.35]"
681,216.47916527142368,25.744163691425236,192.72666892593602,23.75249634548767,0.9706506560649226,6185.626840967029,7.459380478191946e-06,0.0007474885396229057,24.1875,90.76255067338934,10.604065777442884,99.36767198814778,99.36767198814778,336.41796875,125.0,1165.4765625,0.0,0.0,3953.0,74.0,0,32,"[0.7214581397549772, 0.9294870522781993, 0.14589842317160115, 0.9238565715192424, 0.0011114322691478645, 0.3223916977832156, 0.35]"
682,217.04186138581088,25.601442307600674,193.05545134586112,23.986410039949753,0.9706496190485463,4644.7046345148865,4.998985768001063e-06,0.0006346245283633292,20.28125,81.41785020416137,5.773005927039776,82.0266034497763,82.0266034497763,336.41796875,125.0,1165.4765625,0.0,0.0,3965.0,86.0,0,32,"[0.7214976322840522, 0.9294677814175927, 0.14589876069998856, 0.9238521230391349, 0.0021101758947977287, 0.3223680283640882, 0.35]"
683,216.43389783004187,25.73851865536696,192.68454117068853,23.749356659353314,0.9706484140453101,6501.0082515260265,7.463052424494521e-06,0.0007691968399800052,24.1875,92.86608800903196,6.134339368145447,93.93092085520038,93.93092085520038,336.41796875,125.0,1165.4765625,0.0,0.0,3956.0,77.0,0,32,"[0.7215547840094135, 0.9294421565857313, 0.14589924792061443, 0.9238466253896686, 0.0011126666642054042, 0.32233606085511723, 0.35]"
684,217.00949515044965,25.597324555711086,193.0261070725119,23.983388077937757,0.9706474255241031,4650.805324265112,5.00206432008099e-06,0.000635415465772073,20.28125,78.70837797963759,4.636152552848216,79.23644169204636,79.23644169204636,336.41796875,125.0,1165.4765625,0.0,0.0,3954.0,75.0,0,32,"[0.7215921891481545, 0.9294239162656187, 0.1458995654725882, 0.9238423726806738, 0.002111536906685787, 0.32231351759377175, 0.35]"
685,216.38868273844048,25.73284482235587,192.6423596490473,23.746323089393165,0.9706462224024458,6470.006083498478,7.465959757535501e-06,0.000769095543131946,24.1875,96.14068119844887,5.955446082225535,95.19575520971557,95.19575520971557,336.41796875,125.0,1165.4765625,0.0,0.0,3951.0,72.0,0,32,"[0.7216492615496712, 0.9293983239224639, 0.14590005187552113, 0.9238368822187564, 0.0011140209119850147, 0.32228159218832075, 0.35]"
686,216.97697134595347,25.593238863283542,192.99661308231313,23.980358263640348,0.9706452296818076,4655.901639995347,5.005157012405448e-06,0.0006413226652322507,20.25,84.5465040038107,6.673778421827592,84.00150664965622,84.00150664965622,336.41796875,125.0,1165.4765625,0.0,0.0,3951.0,72.0,0,32,"[0.7216868492168327, 0.9293799926123714, 0.14590037087658178, 0.9238326092197318, 0.002112880052759205, 0.3222589385582108, 0.35]"
687,216.34356027755524,25.72719084033059,192.60027925511264,23.7432810224426,0.970644028200008,6442.314535758916,7.46894963121747e-06,0.0007690132203321488,24.1875,91.19450364960358,7.990655460162088,95.99775746755768,95.99775746755768,336.41796875,125.0,1165.4765625,0.0,0.0,3955.0,76.0,0,32,"[0.7217438524676916, 0.9293544299153539, 0.14590085654664844, 0.9238271239609269, 0.0011153582553015114, 0.32222704627748466, 0.35]"
688,216.9444383498774,25.58904475811048,192.96711709158086,23.977321258296534,0.9706430317718748,4660.269077936519,5.008277034423969e-06,0.0006369200490701206,20.28125,76.83226707740687,5.916720685490873,79.97973608871689,79.97973608871689,336.41796875,125.0,1165.4765625,0.0,0.0,3954.0,75.0,0,32,"[0.7217816013515065, 0.9293360175169407, 0.14590117685873422, 0.923822832875844, 0.002114207528845085, 0.3222042950558503, 0.35]"
689,216.29857778948127,25.72148084063307,192.55834642289756,23.74023136658371,0.9706418315313267,6418.057766943308,7.472010216780234e-06,0.0007637777820105574,24.21875,93.56130060041323,5.746395341702737,93.31599901634036,93.31599901634036,336.41796875,125.0,1165.4765625,0.0,0.0,3959.0,80.0,0,32,"[0.7218385526453457, 0.9293104754211158, 0.14590166195790616, 0.9238173519305323, 0.001116681470100249, 0.322172425987568, 0.35]"
690,216.91177971871684,25.58484575980651,192.93750257448772,23.974277144229134,0.9706408315238942,4665.757370233774,5.011384155206855e-06,0.0006301066867948867,20.3125,78.63695848936914,4.2217883601551875,78.45935581281083,78.45935581281083,336.41796875,125.0,1165.4765625,0.0,0.0,3942.0,63.0,0,32,"[0.7218764576724105, 0.9292919840731805, 0.14590198341829544, 0.9238130431327763, 0.0021155211614554345, 0.3221495812754151, 0.35]"
691,216.2536205247187,25.715860162740892,192.51644607111984,23.73717445359887,0.9706396328707517,6386.669675385761,7.475143767976533e-06,0.0007636590176119495,24.21875,99.17240413051331,10.267994170135353,100.67584664648166,100.67584664648166,336.41796875,125.0,1165.4765625,0.0,0.0,3947.0,68.0,0,32,"[0.7219333423731789, 0.9292664686226956, 0.14590246779100438, 0.9238075676310893, 0.0011179894613848797, 0.3221177475790581, 0.35]"
692,216.87895040529077,25.58067416780495,192.90772594909362,23.971224456197138,0.9706386284813981,4671.2695793845305,5.014533162039925e-06,0.0006307469365642877,20.3125,82.87925910553895,7.059930874675047,84.07025533961132,84.07025533961132,336.41796875,125.0,1165.4765625,0.0,0.0,3952.0,73.0,0,32,"[0.721971437879072, 0.9292478820742535, 0.14590279076066862, 0.9238032379402396, 0.0021168174172732247, 0.3220947881223703, 0.35]"
693,216.20875758173668,25.710258205552655,192.47464891826007,23.734108663476615,0.9706374315520298,6371.79643206409,7.478363801549648e-06,0.0007634584006673947,24.21875,96.4188203215599,6.469591906352434,98.53362738067517,98.53362738067517,336.41796875,125.0,1165.4765625,0.0,0.0,3958.0,79.0,0,32,"[0.7220282498278513, 0.9292223969985691, 0.1459032744008177, 0.9237977685807224, 0.0011192796009106478, 0.32206299078728506, 0.35]"
694,216.84606866971006,25.576496928475635,192.87789993205234,23.96816873765775,0.9706364253542791,4675.621748671156,5.017706851795367e-06,0.0006314018637428401,20.3125,78.62745566671947,6.883244852360804,81.1352647797321,81.1352647797321,336.41796875,125.0,1165.4765625,0.0,0.0,3937.0,58.0,0,32,"[0.722066424861159, 0.929203767093196, 0.14590359797900052, 0.9237934295374504, 0.0021181025571880407, 0.32203998288708374, 0.35]"
695,216.16397080957975,25.704669364409828,192.43293142140573,23.731039388174054,0.9706352297462809,6338.352302185358,7.481627825711712e-06,0.0007632380421535407,24.21875,98.00660880864598,4.11818392603891,95.9978378523374,95.9978378523374,336.41796875,125.0,1165.4765625,0.0,0.0,3937.0,58.0,0,32,"[0.7221231813243222, 0.9291783042765731, 0.14590408104694358, 0.9237879646492273, 0.001120560167096945, 0.32200821135151714, 0.35]"
696,216.81304120409848,25.57230313848897,192.84793805604517,23.965103148053338,0.9706342186500808,4679.44506037321,5.020923981469139e-06,0.0006320779933878967,20.3125,81.54247210040921,6.337069477012847,80.36034870019648,80.36034870019648,336.41796875,125.0,1165.4765625,0.0,0.0,3948.0,69.0,0,32,"[0.7221615691504684, 0.9291595687097792, 0.14590440631130164, 0.9237836021159992, 0.0021193699439042346, 0.3219850759759682, 0.35]"
697,216.11925470149367,25.69909785834948,192.39129491940093,23.727959782092718,0.9706330242563019,6317.919925236139,7.484980367067351e-06,0.0007630703990617754,24.21875,97.51118321582908,6.350632451358251,97.24907138297567,97.24907138297567,336.41796875,125.0,1165.4765625,0.0,0.0,3954.0,75.0,0,32,"[0.7222182748959755, 0.9291341251998817, 0.1459048888331116, 0.9237781412687379, 0.001121823365060383, 0.32195332923460157, 0.35]"
698,216.77992895955856,25.568099804723953,192.81789702057424,23.962031938984303,0.9706320103129739,4683.453397720815,5.024171309653269e-06,0.0006327701813654799,20.3125,80.6213993273559,4.813507788639981,78.27107193588745,78.27107193588745,336.41796875,125.0,1165.4765625,0.0,0.0,3960.0,81.0,0,32,"[0.7222567871001353, 0.9291153260224966, 0.14590521501976855, 0.9237737646154113, 0.002120625304752284, 0.3219301166337993, 0.35]"
699,216.0746105417313,25.69354109267831,192.3497362112184,23.724874330512854,0.9706308171982825,6293.525880523203,7.488391815968498e-06,0.0007628950857598031,24.21875,92.13754726806656,7.6228916077525355,94.69962731236592,94.69962731236592,336.41796875,125.0,1165.4765625,0.0,0.0,3958.0,79.0,0,32,"[0.7223134393306635, 0.9290899042539936, 0.14590569693274277, 0.9237683075383228, 0.0011230743199983197, 0.32189839472735754, 0.35]"
700,216.74671273257226,25.56388475307644,192.7877589252173,23.95895380735496,0.9706297997734732,4690.602736012321,5.027452559591694e-06,0.0006334793329382978,20.3125,79.13420395925641,5.776133191830013,79.8001598668634,79.8001598668634,336.41796875,125.0,1165.4765625,0.0,0.0,3950.0,71.0,0,32,"[0.7223521031885323, 0.9290710287614693, 0.14590602429489435, 0.9237639134531154, 0.0021218667312409827, 0.32187508966417494, 0.35]"
701,216.0300600585146,25.68800359782482,192.30827805788203,23.721782000632572,0.970628608502647,6271.2208556703445,7.491877947796155e-06,0.0007626848248253096,24.21875,94.90295198338572,3.3643006026977673,94.80412409902783,94.80412409902783,336.41796875,125.0,1165.4765625,0.0,0.0,3951.0,72.0,0,32,"[0.7224086777098752, 0.9290456393781136, 0.14590650538094316, 0.9237584631933032, 0.0011243092105313328, 0.32184340751072155, 0.35]"
702,216.71340011991578,25.559659105338138,192.75753043357264,23.955869686343128,0.9706275878605837,4694.993409902919,5.0307689671846845e-06,0.0006342028362998826,20.3125,79.65721091022715,2.952586582978256,76.42007112008287,76.42007112008287,336.41796875,125.0,1165.4765625,0.0,0.0,3958.0,79.0,0,32,"[0.7224474816632636, 0.9290266929245151, 0.14590683387176367, 0.923754053146317, 0.0021230927574548593, 0.3218200161646361, 0.35]"
703,215.98567405948324,25.682440124898857,192.26699079977533,23.7186832597079,0.9706263980948225,6242.796137944165,7.495431561199695e-06,0.0007579290719356064,24.25,93.03445993282367,4.291776378522627,94.30067625362426,94.30067625362426,336.41796875,125.0,1165.4765625,0.0,0.0,3963.0,84.0,0,32,"[0.7225039927635223, 0.9290013290465202, 0.1459073143512887, 0.9237486081529636, 0.0011255299519927224, 0.32178836589471743, 0.35]"
704,216.67996107475537,25.555419262271634,192.72718381061597,23.95277726413941,0.9706253732521868,4699.136749817765,5.034126025815766e-06,0.0006349350665114254,20.3125,75.82900900160894,5.986294796457514,78.54630858491873,78.54630858491873,336.41796875,125.0,1165.4765625,0.0,0.0,3962.0,83.0,0,32,"[0.7225429796928883, 0.92898229048517, 0.14590764422486105, 0.9237441777544781, 0.0021243019706139498, 0.3217648654672257, 0.35]"
705,215.94126963519523,25.67693430804419,192.225694097117,23.71557553807822,0.9706241846649908,6221.889754948581,7.499063438665132e-06,0.0007578507135017992,24.25,94.29983165318845,2.8985406970605254,91.94926881900756,91.94926881900756,336.41796875,125.0,1165.4765625,0.0,0.0,3962.0,83.0,0,32,"[0.7225994419646911, 0.9289569463799937, 0.14590812402050962, 0.9237387358354978, 0.001126735184311669, 0.3217332371511756, 0.35]"
706,216.6464303227954,25.551168848568004,192.69675157403918,23.949678748756213,0.9706231567833854,4703.645292859842,5.037502842419883e-06,0.0006356515706855541,20.3125,76.41910586244194,3.974790328356903,77.19061383977532,77.19061383977532,336.41796875,125.0,1165.4765625,0.0,0.0,3956.0,77.0,0,32,"[0.7226385615515741, 0.9289378398404059, 0.1459084549036167, 0.9237342906052359, 0.0021254987277221585, 0.32170965510577043, 0.35]"
707,215.89693505982243,25.67144384462226,192.18447350499278,23.71246155482962,0.9706219695315373,6200.556002044959,7.502758077482241e-06,0.0007575785936651471,24.25,91.1658564946265,5.133493643370457,92.25614780734759,92.25614780734759,336.41796875,125.0,1165.4765625,0.0,0.0,3953.0,74.0,0,32,"[0.7226949675998706, 0.9289125179978218, 0.1459089341769639, 0.9237288533532355, 0.001127927323126622, 0.3216780535025714, 0.35]"
708,216.61274455028564,25.5469366031829,192.66617047334324,23.946574076942355,0.9706209384846832,4705.517670808515,5.040865348249213e-06,0.0006416266828206647,20.28125,78.31048221123638,5.50857719645137,81.37299517693464,81.37299517693464,336.41796875,125.0,1165.4765625,0.0,0.0,3950.0,71.0,0,32,"[0.7227342251741913, 0.9288933417679481, 0.14590926612938823, 0.923724391928942, 0.002126682036749653, 0.32165438659354373, 0.35]"
709,215.85264520396822,25.665964019212844,192.14330455895418,23.709340645014038,0.9706197519218871,6175.618726492904,7.5065102658200544e-06,0.0007574148885236705,24.25,89.66356577730039,6.639874591201078,93.09942144318484,93.09942144318484,336.41796875,125.0,1165.4765625,0.0,0.0,3964.0,85.0,0,32,"[0.7227906033488118, 0.9288680285662853, 0.1459097449811266, 0.9237189560974749, 0.0011291084632630917, 0.32162279654500703, 0.35]"
710,216.57900539074842,25.54266225768711,192.63554391828143,23.943461472466993,0.9706187171718659,4708.650990448016,5.044261017328466e-06,0.0006423455744302934,20.28125,76.89597747958032,4.091374466952402,77.65791089332197,77.65791089332197,336.41796875,125.0,1165.4765625,0.0,0.0,3963.0,84.0,0,32,"[0.7228300220852951, 0.9288487717991214, 0.14591007819549123, 0.9237144761859163, 0.0021278528398800053, 0.32159903039956506, 0.35]"
711,215.80841385664883,25.66049781158057,192.10220203740374,23.70621181924508,0.9706175316494174,6151.515335008819,7.510331951454674e-06,0.0007573850754586842,24.25,93.18192390492186,3.4148820996051654,89.38872107682982,89.38872107682982,336.41796875,125.0,1165.4765625,0.0,0.0,3954.0,75.0,0,32,"[0.7228863569657011, 0.9288234747114829, 0.14591055657946195, 0.9237090432048674, 0.0011302757458199425, 0.32156746089087357, 0.35]"
712,216.54519718393678,25.53833058534348,192.60485591953943,23.94034126439734,0.9706164932008186,4714.596840322655,5.0476919608577475e-06,0.0006357114946891524,20.3125,78.35849627008429,5.13586807937827,80.75551673391601,80.75551673391601,336.41796875,125.0,1165.4765625,0.0,0.0,3945.0,66.0,0,32,"[0.7229259368502253, 0.9288041363810807, 0.14591089103581628, 0.9237045454275971, 0.0021290097520312804, 0.32154359659339943, 0.35]"
713,215.7642591714059,25.655048525479067,192.06118380065175,23.70307537075419,0.9706153092345785,6131.642949662354,7.514228792526723e-06,0.0007573616280198345,24.25,91.80648421897786,6.654682918451726,95.28615140152397,95.28615140152397,336.41796875,125.0,1165.4765625,0.0,0.0,3965.0,86.0,0,32,"[0.7229822060076344, 0.928778867391774, 0.1459113687550518, 0.9236991178929755, 0.0011314272897745498, 0.321512056067818, 0.35]"
714,216.51126008514615,25.534032526738226,192.57404442292864,23.937215662217497,0.9706142679713419,4720.077967885052,5.051154036372907e-06,0.0006362972693370124,20.3125,79.41158953326521,7.347625658439938,82.03636651160195,82.03636651160195,336.41796875,125.0,1165.4765625,0.0,0.0,3951.0,72.0,0,32,"[0.7230219086076695, 0.9287594669031739, 0.14591170418915003, 0.9236946053950152, 0.002130153314169187, 0.32148811493928275, 0.35]"
715,215.7202490084847,25.649543013612107,192.02031560530628,23.699933403178424,0.9706130856215284,6109.725781194346,7.518188843480544e-06,0.0007523527489258722,24.28125,95.63542929390678,5.9956608165521175,96.52468231070088,96.52468231070088,336.41796875,125.0,1165.4765625,0.0,0.0,3950.0,71.0,0,32,"[0.7230781099945461, 0.9287342242421002, 0.14591218118541768, 0.9236891837573457, 0.0011325651506310962, 0.3214566118209721, 0.35]"
716,216.47721945840448,25.529722739614517,192.54313591232085,23.934083546083603,0.9706120409843826,4724.30320267414,5.054651533331622e-06,0.0006368798034784008,20.3125,83.57648420496844,7.836141114239581,85.74538936227327,85.74538936227327,336.41796875,125.0,1165.4765625,0.0,0.0,3941.0,62.0,0,32,"[0.7231179599354066, 0.9287147479549049, 0.1459125177206979, 0.9236846550576402, 0.0021312816284532535, 0.32143258202696573, 0.35]"
717,215.67615348606762,25.644159172437792,191.97936929010385,23.696784195963772,0.9706108598636364,6091.434873275114,7.5222161992627434e-06,0.0007564403230851402,24.25,99.08454441756476,6.712978720315732,98.16702211537631,98.16702211537631,336.41796875,125.0,1165.4765625,0.0,0.0,3964.0,85.0,0,32,"[0.7231741102025889, 0.9286895251940233, 0.1459129940794365, 0.9236792374459609, 0.0011336893082607336, 0.32140110274667205, 0.35]"
718,216.4430329046603,25.525433928554623,192.5120866233356,23.930946281324683,0.9706098125890337,4728.709432755164,5.058177413808096e-06,0.0006426374445843667,20.28125,80.41013217007276,5.164143818547018,81.4318694465328,81.4318694465328,336.41796875,125.0,1165.4765625,0.0,0.0,3955.0,76.0,0,32,"[0.7232140755937911, 0.9286699896172458, 0.14591333144640034, 0.9236746947250117, 0.002132398241041461, 0.32137700199564817, 0.35]"
719,215.6320336984202,25.638431779493757,191.93840409593346,23.693629602486737,0.9706086328189715,6070.139267543811,7.526300886517845e-06,0.0007846231782440583,24.1875,98.7615043122787,5.146706433151849,97.9512251142296,97.9512251142296,336.41796875,125.0,1165.4765625,0.0,0.0,3955.0,76.0,0,32,"[0.7232701693054576, 0.9286447890012332, 0.14591380719530828, 0.9236692817449316, 0.0011348012778879734, 0.321345550495197, 0.35]"
720,216.40880808322174,25.52110337810793,192.48100578063162,23.9278023025901,0.9706075822189784,4732.890685001527,5.061737074818495e-06,0.0006432346330076428,20.28125,84.09023291460471,5.716085659514647,83.74222217389615,83.74222217389615,336.41796875,125.0,1165.4765625,0.0,0.0,3955.0,76.0,0,32,"[0.7233102798618635, 0.9286251796038757, 0.14591414563632726, 0.9236647225059292, 0.0021335007192351462, 0.32132136083934304, 0.35]"
721,215.5881516429244,25.633039541665504,191.8976835852855,23.690468057638903,0.9706064037073323,6045.812588021602,7.530388547838385e-06,0.0007845489533405193,24.1875,96.79525078536244,9.46137525170343,99.22530951735098,99.22530951735098,336.41796875,125.0,1165.4765625,0.0,0.0,3955.0,76.0,0,32,"[0.7233663207792129, 0.9286000001518738, 0.14591462084601042, 0.9236593132750404, 0.0011358994562976417, 0.3212899340138279, 0.35]"
722,216.37446121749116,25.516759056704288,192.4498109014105,23.924650316080672,0.9706053491741563,4736.926680803259,5.065335029197371e-06,0.0006438496651244392,20.28125,83.38802977232262,4.745789592561778,83.92532255675178,83.92532255675178,336.41796875,125.0,1165.4765625,0.0,0.0,3955.0,76.0,0,32,"[0.7234066024637371, 0.9285803040584826, 0.14591496067272916, 0.9236547353044355, 0.0021345876946544558, 0.32126564041245376, 0.35]"
723,215.54432560111022,25.627661399440978,191.85702753958134,23.6872980615289,0.9706041717857233,6027.896029290401,7.534519969265574e-06,0.0007844909537232433,24.1875,97.43496205192059,3.137686915579252,93.5714514052961,93.5714514052961,336.41796875,125.0,1165.4765625,0.0,0.0,3952.0,73.0,0,32,"[0.7234625965656509, 0.9285551431756246, 0.14591543533043796, 0.9236493294409186, 0.0011369826931550756, 0.32123423336152895, 0.35]"
724,216.3400286789209,25.51240510178012,192.4185359147266,23.92149276419434,0.9706031145041911,4739.248346689769,5.068962229071161e-06,0.0006444760206499657,20.28125,80.13889485300751,5.370383434637915,81.3321136884042,81.3321136884042,336.41796875,125.0,1165.4765625,0.0,0.0,3957.0,78.0,0,32,"[0.7235029984982135, 0.9285353851633129, 0.1459157760383266, 0.9236447371974988, 0.0021356629891732203, 0.32120986604000357, 0.35]"
725,215.50054197473202,25.622293404580628,191.81641993235687,23.684122042375133,0.9706019378994629,6008.299036415075,7.538703959752979e-06,0.0007844376720768506,24.1875,91.57128418883076,6.3561920542269945,94.59175197116565,94.59175197116565,336.41796875,125.0,1165.4765625,0.0,0.0,3948.0,69.0,0,32,"[0.7235589604743595, 0.9285102353774136, 0.14591625027443952, 0.9236393331373363, 0.0011380554955194298, 0.32117847168804775, 0.35]"
726,216.30550470140574,25.50804073151571,192.38717566645312,23.91832903495263,0.9706008776962135,4743.964257955013,5.072617887069697e-06,0.0006451110450373948,20.28125,78.51452197792241,3.7383746312116273,76.32843811006751,76.32843811006751,336.41796875,125.0,1165.4765625,0.0,0.0,3965.0,86.0,0,32,"[0.7235994901884983, 0.9284904114223438, 0.1459165919208034, 0.9236347263112891, 0.0021367273261162904, 0.3211540260691955, 0.35]"
727,215.45682098331707,25.61693920763477,191.77588105106372,23.680939932253366,0.9705997023957441,5990.677226110133,7.542949071126515e-06,0.0007843894947905947,24.1875,91.60125334892655,6.030451513652224,92.81627739983378,92.81627739983378,336.41796875,125.0,1165.4765625,0.0,0.0,3961.0,82.0,0,32,"[0.7236553977083924, 0.928465282308893, 0.14591706555799502, 0.9236293267143773, 0.0011391153612412969, 0.32112265945580265, 0.35]"
728,216.2708912105055,25.503666349329762,192.35573156537583,23.915159645129684,0.9705986393355576,4746.314163674825,5.07630418278282e-06,0.0006457600975361239,20.28125,77.08568144880701,2.6608044136082754,75.82755693147192,75.82755693147192,336.41796875,125.0,1165.4765625,0.0,0.0,3954.0,75.0,0,32,"[0.7236960523116319, 0.92844539341987, 0.1459174081655825, 0.9236247056313466, 0.0021377789013761472, 0.3210981380947911, 0.35]"
729,215.41314673877474,25.61159606935785,191.73539509995533,23.677751638819437,0.9705974649572036,5969.917582279137,7.547250270523165e-06,0.0007843522650720265,24.1875,93.92810529243434,5.746202310547233,94.96988840692211,94.96988840692211,336.41796875,125.0,1165.4765625,0.0,0.0,3954.0,75.0,0,32,"[0.7237519216912857, 0.9284202781604355, 0.1459178813503018, 0.9236193084841743, 0.0011401639224583337, 0.3210667878651576, 0.35]"
730,216.2361753288896,25.499280350479037,192.32419189226835,23.91198343662128,0.970596398638103,4752.047858056562,5.08002232546545e-06,0.0006464198600201678,20.28125,77.99802754743723,5.676005348504987,79.9792099132901,79.9792099132901,336.41796875,125.0,1165.4765625,0.0,0.0,3959.0,80.0,0,32,"[0.7237927185806989, 0.9284003166572683, 0.14591822502824764, 0.9236146709854743, 0.0021388180024760313, 0.3210421798144263, 0.35]"
731,215.36954091099662,25.606268147629294,191.69498430927123,23.67455660172537,0.9705952257546174,5955.823443144108,7.551620014201177e-06,0.0007843209168765373,24.1875,94.89088761620224,4.051383526530117,93.92748418758856,93.92748418758856,336.41796875,125.0,1165.4765625,0.0,0.0,3956.0,77.0,0,32,"[0.7238485252390672, 0.9283752268466736, 0.1459186975256468, 0.9236092788964827, 0.0011411978758299175, 0.3210108604383277, 0.35]"
732,216.2013872166061,25.49488641990195,192.2925843138049,23.908802902801227,0.970594157166427,4755.048884006997,5.083767989244592e-06,0.000647088734557387,20.28125,79.03254266420845,5.640710012812633,81.58696382452035,81.58696382452035,336.41796875,125.0,1165.4765625,0.0,0.0,3944.0,65.0,0,32,"[0.7238894217393271, 0.9283552138263357, 0.1459190418740235, 0.9236046292855116, 0.0021398452199950842, 0.3209861885957271, 0.35]"
733,215.32598329882103,25.600950695404197,191.65462661579792,23.67135668302309,0.9705929852655341,5933.3004365624865,7.5560380086159284e-06,0.0007843209607722664,24.1875,93.59579677402508,4.232307808706537,93.14371444634162,93.14371444634162,336.41796875,125.0,1165.4765625,0.0,0.0,3950.0,71.0,0,32,"[0.7239451878111127, 0.9283301379796526, 0.14591951389146604, 0.9235992402923702, 0.001142221837540263, 0.32095488891709323, 0.35]"
734,216.1665271040809,25.490434936785036,192.26091242556265,23.905614678518234,0.9705919130074205,4757.781338314844,5.0874933421596324e-06,0.000640809440096911,20.3125,79.24403330980567,5.425342642411124,79.93944703775924,79.93944703775924,336.41796875,125.0,1165.4765625,0.0,0.0,3960.0,81.0,0,32,"[0.7239862440065968, 0.9283100447057266, 0.14591985952427575, 0.9235945724562993, 0.002140858482413659, 0.32093011811743544, 0.35]"
735,215.28246416824547,25.59564426535245,191.61431557201524,23.668148596230196,0.9705907418615927,5919.914242979277,7.560523056060475e-06,0.0007843352245452019,24.1875,92.75744591286639,6.390576025296468,96.64046433317708,96.64046433317708,336.41796875,125.0,1165.4765625,0.0,0.0,3957.0,78.0,0,32,"[0.7240419788013152, 0.9282849804735328, 0.14592033121092376, 0.923589184779843, 0.001143232722773114, 0.3208988289647148, 0.35]"
736,216.13155728175718,25.48601928681519,192.22913524715528,23.90242203460187,0.9705896675114009,4761.437744963807,5.091237745613597e-06,0.0006413820917194943,20.3125,84.53130757698091,6.158954987768084,84.07176358741708,84.07176358741708,336.41796875,125.0,1165.4765625,0.0,0.0,3954.0,75.0,0,32,"[0.7240831273000485, 0.9282648366981824, 0.1459206774513146, 0.9235845064734987, 0.0021418631328837486, 0.3208740030319785, 0.35]"
737,215.23900237995798,25.590348514327477,191.5740661698138,23.66493621014417,0.9705884976001714,5902.773668924197,7.565055815117461e-06,0.0007842264293780691,24.1875,96.42454051208915,7.503288390580565,99.96703879005508,99.96703879005508,336.41796875,125.0,1165.4765625,0.0,0.0,3963.0,84.0,0,32,"[0.7241388105200477, 0.9282397927766047, 0.14592114855596075, 0.9235791228123066, 0.0011442332249422247, 0.32084273736333535, 0.35]"
738,216.09650879176934,25.481594880611823,192.1972843232961,23.899224468473218,0.9705874207922072,4778.421592892238,5.095009073752266e-06,0.0006419637905873544,20.3125,80.6197344645625,5.0474204908823594,82.03389160189545,82.03389160189545,336.41796875,125.0,1165.4765625,0.0,0.0,3959.0,80.0,0,32,"[0.7241800666249235, 0.928219593480277, 0.14592149558785028, 0.9235744315919011, 0.0021428563136747687, 0.3208178431690605, 0.35]"
739,215.19563939215527,25.58507151750703,191.53392003030166,23.66171936185362,0.97058625322159,5878.461063104309,7.569654539185677e-06,0.0007841053922414239,24.1875,94.863717451517,4.2567366908770055,92.378971465223,92.378971465223,336.41796875,125.0,1165.4765625,0.0,0.0,3957.0,78.0,0,32,"[0.7242356515824333, 0.9281945900438776, 0.14592196549525527, 0.9235690577523218, 0.0011452181632962174, 0.3207866315908992, 0.35]"
740,216.0612647308947,25.477148667901833,192.16525005755318,23.896014673341497,0.9705851702554268,4780.739880906328,5.098840814454775e-06,0.0006425680694258403,20.3125,77.6740230503492,6.972796094487421,81.68391022627475,81.68391022627475,336.41796875,125.0,1165.4765625,0.0,0.0,3958.0,79.0,0,32,"[0.7242771754982633, 0.9281742583762873, 0.1459223145143473, 0.9235643373353646, 0.0021438232937211997, 0.32076157611154904, 0.35]"
741,215.15231485582797,25.57980980906643,191.49382611230232,23.658488743525655,0.970584003510051,5861.520298803262,7.574361430506826e-06,0.0007837805414610737,24.1875,96.26735248457408,3.8126331637613475,94.11507179902401,94.11507179902401,336.41796875,125.0,1165.4765625,0.0,0.0,3957.0,78.0,0,32,"[0.7243327265850855, 0.9281492678800495, 0.14592278393547062, 0.9235589650348569, 0.0011461825535898187, 0.3207303763757836, 0.35]"
742,216.02592998275867,25.4726921827846,192.13313110830308,23.892798874455593,0.9705829177229163,4784.753497892714,5.102702818060578e-06,0.0006431844130835441,20.3125,79.45204160205321,4.749099956825376,80.99016477353871,80.99016477353871,336.41796875,125.0,1165.4765625,0.0,0.0,3954.0,75.0,0,32,"[0.7243743742339481, 0.9281288709428908, 0.14592313382102767, 0.9235542309834291, 0.0021447792594416755, 0.32070524624053215, 0.35]"
743,215.10910464658687,25.574487630823505,191.45385250372868,23.655252142858203,0.9705817520598427,5847.892878641671,7.579134381430208e-06,0.0007786510547961015,24.21875,98.0509938672185,4.430835375387687,94.92454946303042,94.92454946303042,336.41796875,125.0,1165.4765625,0.0,0.0,3939.0,60.0,0,32,"[0.7244298804022258, 0.9281038951305329, 0.1459236027843926, 0.9235488629688978, 0.0011471348840693101, 0.3206740703065214, 0.35]"
744,215.99052524179572,25.468228043723098,192.10094653403638,23.889578707759362,0.9705806641124703,4786.965127450507,5.1065896466973015e-06,0.0006437991088906394,20.3125,84.99852476234082,3.942330142308492,80.50949801690876,80.50949801690876,336.41796875,125.0,1165.4765625,0.0,0.0,3955.0,76.0,0,32,"[0.7244716228827052, 0.9280834483079822, 0.14592395335663982, 0.9235441174301976, 0.0021457250420704064, 0.32064888010850917, 0.35]"
745,215.06577719532933,25.569276187745324,191.41376658036222,23.652010614967157,0.9705794992518818,5828.112090199488,7.583862917659445e-06,0.0007823854273469736,24.1875,97.39097415149445,4.412065209180582,93.79249207268003,93.79249207268003,336.41796875,125.0,1165.4765625,0.0,0.0,3942.0,63.0,0,32,"[0.7245270959655664, 0.9280584847183987, 0.14592442191640315, 0.9235387508678697, 0.0011480781278574578, 0.3206177164871714, 0.35]"
746,215.9550159023903,25.463751744606512,192.06866433527995,23.886351567110374,0.9705784080471684,4790.482820161266,5.1105078497926115e-06,0.0006443939309249778,20.3125,77.17229784611845,6.516619469039142,80.6753771030344,80.6753771030344,336.41796875,125.0,1165.4765625,0.0,0.0,3952.0,73.0,0,32,"[0.724568980808804, 0.9280379647904062, 0.1459247735400784, 0.9235339889590048, 0.0021466585606623534, 0.32059243977326146, 0.35]"
747,215.02258184048105,25.564045030115974,191.37381988706142,23.648761953419623,0.9705772441103941,5814.962911370724,7.588549922665777e-06,0.0007820574349851424,24.1875,89.56391079118475,5.7845356641337276,89.28644253319362,89.28644253319362,336.41796875,125.0,1165.4765625,0.0,0.0,3964.0,85.0,0,32,"[0.7246244156341383, 0.9280130171072115, 0.14592524158372744, 0.923528624103299, 0.0011490087185292782, 0.32056128877016954, 0.35]"
748,215.91943550198187,25.459266649948553,192.03631569723973,23.88311980474216,0.9705761507066453,4793.795194933438,5.114434684205804e-06,0.0006449063720025004,20.3125,75.11760340275941,9.65102522604866,81.71304194547702,81.71304194547702,336.41796875,125.0,1165.4765625,0.0,0.0,3941.0,62.0,0,32,"[0.7246663968964308, 0.9279924464246435, 0.14592559393445623, 0.9235238507540307, 0.002147582444640625, 0.3205359505551408, 0.35]"
749,214.97943229972853,25.558824009568426,191.3339237334226,23.64550856630592,0.9705749877849439,5796.412413741545,7.593284396811839e-06,0.000781706192242219,24.1875,96.52015098981792,3.950510115828365,93.1562966434285,93.1562966434285,336.41796875,125.0,1165.4765625,0.0,0.0,3961.0,82.0,0,32,"[0.7247217900219827, 0.9279675109877205, 0.14592606149338466, 0.9235184898716317, 0.0011499291957060237, 0.32050482399339963, 0.35]"
750,215.88375608566037,25.454770371782434,192.00387441142402,23.87988167423636,0.9705738913204299,4796.992306504867,5.118349819976942e-06,0.0006454292067717874,20.3125,76.59986271028174,6.12830189493252,79.0997394869919,79.0997394869919,336.41796875,125.0,1165.4765625,0.0,0.0,3959.0,80.0,0,32,"[0.7247639051882279, 0.9279468710806218, 0.1459264148287318, 0.9235137009453991, 0.00214849371996626, 0.3204794047244154, 0.35]"
751,214.9363217972956,25.55361296253867,191.29407340829877,23.642248388996812,0.9705727292800703,5784.314555914958,7.5980778277973116e-06,0.0007813442668199001,24.1875,91.27250035089673,5.855602386873215,91.83855248556938,91.83855248556938,336.41796875,125.0,1165.4765625,0.0,0.0,3953.0,74.0,0,32,"[0.7248192616395428, 0.9279219511325985, 0.14592688194416054, 0.9235083416067689, 0.0011508377081049486, 0.3204482887995868, 0.35]"
752,215.84800683987777,25.45026626084765,191.97136780229334,23.87663903758442,0.9705716306945443,4798.588304571451,5.122288395220664e-06,0.0006459571213110832,20.3125,78.62589352589566,7.965619086462539,81.59555018937681,81.59555018937681,336.41796875,125.0,1165.4765625,0.0,0.0,3947.0,68.0,0,32,"[0.7248614698288063, 0.9279012627756609, 0.14592723596351956, 0.9235035412259603, 0.0021493957021736345, 0.3204228089223848, 0.35]"
753,214.8932479068954,25.54841050984321,191.25426440549228,23.638983501403104,0.9705704694619091,5768.466902622826,7.60291522317047e-06,0.00078105035387826,24.1875,88.85907479998423,5.112942417326849,90.1415774715133,90.1415774715133,336.41796875,125.0,1165.4765625,0.0,0.0,3958.0,79.0,0,32,"[0.724916793390698, 0.9278763525397509, 0.1459277026453131, 0.9234981841946476, 0.0011517370937872632, 0.3203917095786183, 0.35]"
754,215.81217849516148,25.445753200771463,191.9387872332643,23.87339126189719,0.9705693684639951,4803.019722088816,5.126252107690021e-06,0.0006464940329314446,20.3125,74.90236296143848,4.773088396177627,75.86694644851377,75.86694644851377,336.41796875,125.0,1165.4765625,0.0,0.0,3953.0,74.0,0,32,"[0.7249591074693488, 0.9278556086690024, 0.14592805740880416, 0.9234933711824187, 0.002150287707974521, 0.3203661637269647, 0.35]"
755,214.85021988115773,25.54321870228135,191.21450649108894,23.635713390068773,0.9705682082892751,5752.685381957133,7.60780383579629e-06,0.0007806714877603481,24.1875,91.12642488616984,4.647176479920745,90.39753284014296,90.39753284014296,336.41796875,125.0,1165.4765625,0.0,0.0,3946.0,67.0,0,32,"[0.7250143868468757, 0.9278307151494299, 0.1459285236508168, 0.923488017113871, 0.0011526255952780755, 0.3203350843356907, 0.35]"
756,215.7762603161474,25.441230032992184,191.90612254426736,23.870137771880025,0.9705671045485474,4806.086202292699,5.130244808082551e-06,0.0006470364275812533,20.3125,80.1359677570872,3.7518655008170754,78.56551143049728,78.56551143049728,336.41796875,125.0,1165.4765625,0.0,0.0,3940.0,61.0,0,32,"[0.7250568207497877, 0.9278099095084771, 0.14592887935403856, 0.923483190079476, 0.0021511678357887813, 0.32030946293217294, 0.35]"
757,214.80728747992936,25.537977794959993,191.17485018594385,23.6324372939855,0.9705659453139259,5741.841500790058,7.612747600749259e-06,0.0007729199593252611,24.21875,95.06090691138525,3.134482496534474,92.53692902711919,92.53692902711919,336.41796875,125.0,1165.4765625,0.0,0.0,3948.0,69.0,0,32,"[0.7251120613092219, 0.9277850305393163, 0.1459293450921053, 0.923477838588376, 0.001153502722749427, 0.32027839873506225, 0.35]"
758,215.7402862980773,25.436700661451468,191.87340547630927,23.866880821768028,0.9705648399062113,4806.463490358995,5.134257884176208e-06,0.0006475858460753426,20.3125,81.13243666593917,3.1732501738588326,77.98625741997967,77.98625741997967,336.41796875,125.0,1165.4765625,0.0,0.0,3994.0,115.0,0,32,"[0.725154569069421, 0.9277641848671573, 0.14592970122521137, 0.9234730021054016, 0.0021520397214172737, 0.32025272984010844, 0.35]"
759,214.76432446349497,25.532802398382533,191.1351672027912,23.629157260703767,0.9705636812074683,5733.211674073345,7.617725385156149e-06,0.0007727534510750888,24.21875,96.07407680596225,3.4330787020735443,90.79385265795281,90.79385265795281,336.41796875,125.0,1165.4765625,0.0,0.0,3899.0,20.0,0,32,"[0.7252097880052443, 0.9277393115575079, 0.1459301667138923, 0.9234676511209746, 0.0011543730227098802, 0.320221673501466, 0.35]"
760,215.7043424790968,25.43217445508117,191.840716215334,23.863626263762804,0.9705625763724064,4810.284026803182,5.13826986070498e-06,0.0006481292881816917,20.3125,83.5509658427327,5.422941845608875,84.24201538582565,84.24201538582565,336.41796875,125.0,1165.4765625,0.0,0.0,3917.0,38.0,0,32,"[0.7252522767900488, 0.9277184388363785, 0.14593052281609095, 0.9234628153290857, 0.0021529127300306708, 0.32019610058825226, 0.35]"
761,214.72140579555415,25.527631664744188,191.09552582738695,23.625879968167215,0.9705614187298088,5718.055081334806,7.622701766685225e-06,0.0007724449791273152,24.21875,96.1314328815206,6.434925249777734,97.89202972024214,97.89202972024214,336.41796875,125.0,1165.4765625,0.0,0.0,3908.0,29.0,0,32,"[0.7253074521375636, 0.9276935817671346, 0.14593098771079296, 0.9234574677278901, 0.001155242609541635, 0.32016506311327475, 0.35]"
762,215.6683594102529,25.42759396339128,191.807992997203,23.860366413049903,0.9705603113468422,4812.019557230498,5.142307339056629e-06,0.0006420241352233485,20.34375,85.43871653819224,7.328462110308465,87.7237664317363,87.7237664317363,336.41796875,125.0,1165.4765625,0.0,0.0,4042.0,163.0,0,32,"[0.7253500525119994, 0.9276726504932269, 0.14593134466484373, 0.9234526187756793, 0.002153774506198053, 0.3201394213216733, 0.35]"
763,214.67851576674602,25.5224684676462,191.0559189091707,23.622596857575317,0.9705591543334436,5704.561106347464,7.627727157455411e-06,0.0007718444679058425,24.21875,88.82447407813743,4.370660790300462,86.36750864388887,86.36750864388887,336.41796875,125.0,1165.4765625,0.0,0.0,3996.0,117.0,0,32,"[0.725405202243852, 0.9276478007380191, 0.14593180927112054, 0.9234472724671304, 0.0011561024721679176, 0.320108393747118, 0.35]"
764,215.63225343048757,25.423048679142575,191.77515210464122,23.8571013258463,0.970558044564383,4817.296506927023,5.146369372432957e-06,0.0006425065162451327,20.34375,71.8986522697378,5.678782828908879,74.28585577872582,74.28585577872582,336.41796875,125.0,1165.4765625,0.0,0.0,3935.0,56.0,0,32,"[0.7254479074331529, 0.927626814791972, 0.14593216693551855, 0.9234424106785745, 0.002154626991020493, 0.32008268621488073, 0.35]"
765,214.63568020802694,25.517318071201995,191.01637141911377,23.61930878891318,0.9705568889265962,5690.729163702625,7.632806906521239e-06,0.0007716775578005546,24.21875,84.9790767824743,6.504656361357775,87.91707494674483,87.91707494674483,336.41796875,125.0,1165.4765625,0.0,0.0,3917.0,38.0,0,32,"[0.7255029996520334, 0.9276019882959287, 0.14593263086635103, 0.9234370688630368, 0.0011569503401146618, 0.3200516855289962, 0.35]"
766,215.59607311564463,25.418495207445684,191.7422412747389,23.853831840905713,0.9705557769226184,4820.052007240999,5.150458200819941e-06,0.0006429950066129762,20.34375,71.5939370347769,6.5466304804431275,74.06428050308023,74.06428050308023,336.41796875,125.0,1165.4765625,0.0,0.0,3914.0,35.0,0,32,"[0.7255458031804257, 0.9275809491409134, 0.14593298922480868, 0.9234321960181024, 0.0021554679147238118, 0.32002591748538545, 0.35]"
767,214.5928210484665,25.5122642852249,190.97680532182693,23.616015726639578,0.9705546221141278,5673.8457851067515,7.63793347680064e-06,0.0007754003946711905,24.1875,86.55787227326073,6.3340753767988645,87.93978847097605,87.93978847097605,336.41796875,125.0,1165.4765625,0.0,0.0,3893.0,14.0,0,32,"[0.725600861527596, 0.9275561325760491, 0.14593345273923433, 0.923426856739902, 0.001157788591559272, 0.3199949342333316, 0.35]"
768,215.55979169918416,25.41393031497264,191.70923592786932,23.850555771314824,0.9705535070437962,4820.771375123218,5.1545778085859695e-06,0.0006434915335316153,20.34375,75.39690734847682,4.130263747356366,72.15505941712763,72.15505941712763,336.41796875,125.0,1165.4765625,0.0,0.0,3893.0,14.0,0,32,"[0.7256437990223867, 0.9275350244823918, 0.14593381212802944, 0.9234219682070196, 0.0021562967474224952, 0.31996908359148607, 0.35]"
769,214.54994495797834,25.507118069909534,190.93722950081292,23.61271545716542,0.9705523526264024,5662.419653832654,7.643114817046381e-06,0.0007795059600084159,24.15625,87.87289472820703,6.215703084308188,90.71312771266093,90.71312771266093,336.41796875,125.0,1165.4765625,0.0,0.0,3893.0,14.0,0,32,"[0.7256988421845709, 0.9275102108543559, 0.14593427536521467, 0.9234166290624723, 0.0011586164455537327, 0.31993810249450205, 0.35]"
770,215.523445587038,25.409358008400073,191.6761702909999,23.84727529603814,0.9705512356381532,4824.438475964061,5.158717690800785e-06,0.0006439952692614303,20.34375,67.50347129855072,4.143201193073764,68.76456007012166,68.76456007012166,336.41796875,125.0,1165.4765625,0.0,0.0,3893.0,14.0,0,32,"[0.7257418644679741, 0.9274890566056216, 0.14593463527663117, 0.9234117304558804, 0.002157118545984233, 0.31991219862520853, 0.35]"
771,214.50721253141148,25.501991880807665,190.89780132206357,23.60941120934791,0.9705500823833441,5650.197944819188,7.648340969002021e-06,0.0007800502559610928,24.15625,84.13549164106371,5.757370017818175,84.04863888426917,84.04863888426917,336.41796875,125.0,1165.4765625,0.0,0.0,3893.0,14.0,0,32,"[0.7257968590116122, 0.9274642625664206, 0.14593509798517765, 0.9234063943977151, 0.001159434397814655, 0.3198812388341024, 0.35]"
772,215.4870943509179,25.404727215024902,191.64310374751943,23.843990603398453,0.9705489633161359,4827.309556232617,5.162882098286303e-06,0.0006394619583057011,20.375,73.20477467146702,6.957689249247778,75.51813378813677,75.51813378813677,336.41796875,125.0,1165.4765625,0.0,0.0,3960.0,81.0,0,32,"[0.7258399728237502, 0.9274430591807873, 0.14593545853357515, 0.9234014848359623, 0.002157929963519213, 0.31985527757224574, 0.35]"
773,214.46450922433135,25.49687324018666,190.85840698623116,23.60610223810019,0.9705478107769154,5635.291098301146,7.653610028413027e-06,0.0007801873083087515,24.15625,85.05507919471711,2.655236443388276,81.34801926644286,81.34801926644286,336.41796875,125.0,1165.4765625,0.0,0.0,3890.0,11.0,0,32,"[0.7258949381980365, 0.9274182747604685, 0.14593592084633447, 0.9233961503438568, 0.001160243636606585, 0.3198243282153622, 0.35]"
774,215.45058952607172,25.400136541222423,191.60988948872435,23.840700037347396,0.9705466890279296,4827.780719027211,5.167073785727894e-06,0.0006399352405839967,20.375,71.72418016125448,2.9207285624579526,69.05157834262354,69.05157834262354,336.41796875,125.0,1165.4765625,0.0,0.0,3890.0,11.0,0,32,"[0.7259381694717393, 0.9273970103240115, 0.1459362822583538, 0.9233912268991695, 0.0021587308447185358, 0.3197982935264498, 0.35]"
775,214.4218855273407,25.4916907144759,190.8190960711636,23.60278945617706,0.9705455369183993,5623.303401218585,7.658928663722975e-06,0.00077427794416549,24.1875,81.52289220743114,6.724497783579864,85.99404276901623,85.99404276901623,336.41796875,125.0,1165.4765625,0.0,0.0,3891.0,12.0,0,32,"[0.7259931180603452, 0.9273722285483109, 0.14593674430894477, 0.9233858928461048, 0.0011610433495209548, 0.3197673498273031, 0.35]"
776,215.41401706909483,25.395538154362193,191.5766121480017,23.837404921093153,0.9705444131722781,4832.84289535712,5.171286591387769e-06,0.0006404383693275982,20.375,67.69723010802409,5.614103836705908,70.10526711383136,70.10526711383136,336.41796875,125.0,1165.4765625,0.0,0.0,3891.0,12.0,0,32,"[0.726036437325066, 0.9273509173274751, 0.145937106309766, 0.9233809583830467, 0.002159524226825504, 0.3197412590078946, 0.35]"
777,214.3793220466986,25.4865621626853,190.779835463388,23.599486583310593,0.9705432623946294,5607.629451348296,7.664295411213828e-06,0.0007777429361927476,24.1875,82.19016667862888,6.868353026220575,85.88904799398733,85.88904799398733,336.41796875,125.0,1165.4765625,0.0,0.0,3890.0,11.0,0,32,"[0.7260913301444107, 0.9273261578863109, 0.14593756774455907, 0.9233756287752771, 0.0011618322876729935, 0.3197103409651578, 0.35]"
778,215.37737904468815,25.39093357905242,191.54327477958404,23.834104265104123,0.970542135913846,4835.302723056955,5.175530090273384e-06,0.0006304692474203595,20.40625,66.02899893914582,5.307170213200152,69.3094569578534,69.3094569578534,336.41796875,125.0,1165.4765625,0.0,0.0,3890.0,11.0,0,32,"[0.7261347691700402, 0.9273047842373887, 0.1459379306341764, 0.9233706803246226, 0.0021603046068175025, 0.3196841755828073, 0.35]"
779,214.33688653239355,25.48139210033793,190.74070877154878,23.596177760844768,0.9705409857679698,5596.465469690836,7.669715337499383e-06,0.000773194470899148,24.21875,85.69345332216471,5.662578187184408,86.20268628146732,86.20268628146732,336.41796875,125.0,1165.4765625,0.0,0.0,3890.0,11.0,0,32,"[0.7261896365731816, 0.9272800314924511, 0.145938391709815, 0.9233653521935691, 0.0011626107694076464, 0.31965326806084743, 0.35]"
780,215.34064899332947,25.386317618258573,191.50984972582546,23.830799267504013,0.9705398573468901,4838.942870209025,5.1797953872778635e-06,0.0006308536688876905,20.40625,73.32772440713597,5.300051598169375,74.06845783407334,74.06845783407334,336.41796875,125.0,1165.4765625,0.0,0.0,3896.0,17.0,0,32,"[0.726233161126713, 0.9272586122778749, 0.14593875516639196, 0.9233603931304734, 0.0021610768821585793, 0.319627047310145, 0.35]"
781,214.29440798632484,25.476273298318283,190.70154335665634,23.592864629668487,0.9705387082557673,5577.784902199927,7.675179824140343e-06,0.0007731003976697952,24.21875,88.23184960783692,3.23542786645703,84.65627413534094,84.65627413534094,336.41796875,125.0,1165.4765625,0.0,0.0,3890.0,11.0,0,32,"[0.7262879847910324, 0.9272338765050527, 0.14593921569762497, 0.9233550676453053, 0.0011633796159691149, 0.31959615880855846, 0.35]"
782,215.30365695019333,25.381685173481625,191.4761749529991,23.827481997194273,0.9705375741412083,4853.971944855861,5.184113708978089e-06,0.000636540017913125,20.375,68.75279270752799,6.252853956539184,72.51235540752532,72.51235540752532,336.41796875,125.0,1165.4765625,0.0,0.0,3901.0,22.0,0,32,"[0.7263317577823667, 0.9272123314023966, 0.14593958091041914, 0.923350081925937, 0.0021618281596121882, 0.3195697912394592, 0.35]"
783,214.25199048965888,25.47117202728802,190.66245143589342,23.5895390537655,0.9705364266524178,5573.547887333804,7.680756446415415e-06,0.0007729814809012348,24.21875,87.53968006931245,5.979738103633281,88.86272329255007,88.86272329255007,336.41796875,125.0,1165.4765625,0.0,0.0,3901.0,22.0,0,32,"[0.7263865147660478, 0.9271876223545263, 0.14594004053687995, 0.9233447624017445, 0.0011641255055268428, 0.3195389360757352, 0.35]"
784,215.26671595314028,25.377045829693213,191.4425519439938,23.824164009146465,0.9705352919499026,4854.808891295963,5.188439596182093e-06,0.0006370723443374276,20.375,67.73783023527358,6.0653001855826005,70.95124547049636,70.95124547049636,336.41796875,125.0,1165.4765625,0.0,0.0,3968.0,89.0,0,32,"[0.7264303146795907, 0.9271660598915514, 0.14594040588585125, 0.9233397721622396, 0.0021625718990599353, 0.319512546853794, 0.35]"
785,214.20957774814752,25.466071971696607,190.62336604023855,23.586211707908994,0.9705341445742688,5557.573614183372,7.686345650181892e-06,0.0007728544370975887,24.21875,83.86272790085059,6.702412661979906,86.39888621110003,86.39888621110003,336.41796875,125.0,1165.4765625,0.0,0.0,4012.0,133.0,0,32,"[0.7264850669909366, 0.9271413545804897, 0.14594086555987207, 0.923334448779412, 0.0011648693168697002, 0.31948167875061884, 0.35]"
786,215.2296642771942,25.37239389910076,191.4088260684502,23.82083820874401,0.9705330065935664,4859.9563019092075,5.19274421995064e-06,0.0006373473231119218,20.375,79.99197908793576,6.071790565329138,81.831757161126,81.831757161126,336.41796875,125.0,1165.4765625,0.0,0.0,3958.0,79.0,0,32,"[0.7265290081438711, 0.9271197290513322, 0.14594123222439215, 0.9233294378215291, 0.0021633053167035505, 0.31945518683371094, 0.35]"
787,214.1672057908575,25.460983358297113,190.58432881712065,23.58287697373684,0.9705318603014751,5547.265146922679,7.69200146999438e-06,0.0007727471213599712,24.21875,92.68808757769875,4.173231529421173,91.59399330383167,91.59399330383167,336.41796875,125.0,1165.4765625,0.0,0.0,3963.0,84.0,0,32,"[0.726583714652008, 0.9270950442094448, 0.14594169148780625, 0.9233241163792796, 0.0011655992270577318, 0.3194243341748043, 0.35]"
788,215.19254761812908,25.367734872085475,191.37503908270924,23.817508535419837,0.9705307204487942,4862.771384791304,5.197072434182104e-06,0.000637842138650406,20.375,78.7740672531072,6.933737990038935,81.24781052902108,81.24781052902108,336.41796875,125.0,1165.4765625,0.0,0.0,4056.0,177.0,0,32,"[0.7266277385446054, 0.9270733735141992, 0.14594205868382587, 0.9233190954809279, 0.002164029157903299, 0.31939778974437744, 0.35]"
789,214.12486877017983,25.455903128912066,190.54533068605912,23.579538084120696,0.9705295750955503,5538.105923773245,7.69770007735815e-06,0.0007726658875705116,24.21875,98.46882281271974,4.939538557664491,96.41579479648499,96.41579479648499,336.41796875,125.0,1165.4765625,0.0,0.0,4050.0,171.0,0,32,"[0.7266824063784231, 0.9270487025101433, 0.14594251744253353, 0.9233137769410149, 0.0011663201041389112, 0.31936695281497834, 0.35]"
790,215.15537371844437,25.363069240119856,191.3411983010403,23.814175417404087,0.970528433598918,4863.614026102063,5.201421011680196e-06,0.0006385249221754497,20.375,81.36212199315196,3.6887297610519454,78.93485297245206,78.93485297245206,336.41796875,125.0,1165.4765625,0.0,0.0,3959.0,80.0,0,32,"[0.7267265031877972, 0.9270269911622803, 0.1459428850920861, 0.9233087470491894, 0.002164744663566139, 0.31934036234804813, 0.35]"
791,214.08254598028861,25.450827175611217,190.50635076577782,23.57619521451079,0.9705272886085328,5524.9406184086365,7.703431569083818e-06,0.0007725050323638812,24.21875,99.7911085942178,4.764825898746494,97.28030713449698,97.28030713449698,336.41796875,125.0,1165.4765625,0.0,0.0,4062.0,183.0,0,32,"[0.7267811570570297, 0.9270023222518449, 0.14594334360351885, 0.9233034282667046, 0.0011670347154414424, 0.3193095279651453, 0.35]"
792,215.11812304753226,25.358394706473238,191.3072860393579,23.810837008174335,0.9705261448524063,4865.525757757281,5.205792137807919e-06,0.0006385465275487562,20.375,82.12033620657166,4.184857076324988,82.03950495226309,82.03950495226309,336.41796875,125.0,1165.4765625,0.0,0.0,3995.0,116.0,0,32,"[0.7268253530568782, 0.926980558965226, 0.14594371196396352, 0.9232983863426647, 0.002165451978305818, 0.3192828730316451, 0.35]"
793,214.04024499845477,25.44575724371326,190.4673979499278,23.57284704852698,0.9705250004241586,5515.675005790936,7.709208086570385e-06,0.0007721867346980855,24.21875,96.73012594430475,4.970249836333096,96.43992509518284,96.43992509518284,336.41796875,125.0,1165.4765625,0.0,0.0,3909.0,30.0,0,32,"[0.7268799843048509, 0.9269558957270271, 0.14594417018667277, 0.9232930688524947, 0.0011677404150367177, 0.31925204605845825, 0.35]"
794,215.0807703186474,25.353650233794806,191.27327566314594,23.807494655501493,0.970523854874146,4869.6469529183905,5.210183426918036e-06,0.0006433973567987073,20.34375,78.85716504097218,4.688713837822434,77.64297285757493,77.64297285757493,336.41796875,125.0,1165.4765625,0.0,0.0,4064.0,185.0,0,32,"[0.7269242596473928, 0.9269340887555614, 0.1459445390713038, 0.9232880170987955, 0.0021661518335366076, 0.31922534150536297, 0.35]"
795,213.9979829284099,25.440697881286614,190.42848791124283,23.569495017167082,0.9705227115504457,5504.799264987925,7.715028027988069e-06,0.0007723170137286072,24.21875,85.23355361103313,4.1346276411786675,82.43653463432565,82.43653463432565,336.41796875,125.0,1165.4765625,0.0,0.0,4025.0,146.0,0,32,"[0.726978845306488, 0.9269094416306094, 0.14594499671082317, 0.9232827031886688, 0.0011684366508224208, 0.3191945374121353, 0.35]"
796,215.0433921873954,25.348961669343268,191.23924373581553,23.804148451579874,0.9705215641502233,4870.819453957714,5.2145977416095946e-06,0.0006440765280184354,20.34375,67.4016720149666,8.253610474639572,74.76055085862754,74.76055085862754,336.41796875,125.0,1165.4765625,0.0,0.0,4025.0,146.0,0,32,"[0.7270232025262514, 0.9268875894579781, 0.14594536612024125, 0.923277641526652, 0.0021668420356575017, 0.31916778203411933, 0.35]"
797,213.95574394943435,25.435641437980895,190.38960530304288,23.566138646391487,0.9705204213582036,5493.547123154537,7.720886235684787e-06,0.0007716920890864174,24.21875,78.92589135735761,2.9274913322296925,77.56282848276896,77.56282848276896,336.41796875,125.0,1165.4765625,0.0,0.0,4025.0,146.0,0,32,"[0.7270777667022114, 0.9268629492295584, 0.14594582346895138, 0.9232723279452867, 0.0011691253816526078, 0.31913698195535745, 0.35]"
798,215.0059885488616,25.344219059219913,191.20519099824452,23.800797550617094,0.9705192719017358,4872.74931766753,5.219033933911987e-06,0.0006383139476176333,20.375,66.88623414811445,4.641864732548129,67.16261839028448,67.16261839028448,336.41796875,125.0,1165.4765625,0.0,0.0,4025.0,146.0,0,32,"[0.7271222141782946, 0.9268410493308479, 0.14594619357180696, 0.9232672549564159, 0.0021675240762948174, 0.31911016795433506, 0.35]"
799,213.91352777912064,25.430591536543627,190.35075029317528,23.56277748594539,0.9705181297273042,5486.8756745585415,7.726787078610187e-06,0.0007711123035195414,24.21875,78.82280858029844,3.138792446407024,77.89018793118885,77.89018793118885,336.41796875,125.0,1165.4765625,0.0,0.0,4025.0,146.0,0,32,"[0.7271767535884301, 0.9268164159818332, 0.14594665054635805, 0.9232619422279053, 0.0011698055827974246, 0.31907937794488866, 0.35]"
800,214.96849835819577,25.339517296047802,191.17105427697595,23.79744408121984,0.9705169791322373,4873.3251601465545,5.223485447736209e-06,0.0006389246840355822,20.375,63.21369985380443,4.056967103679199,65.1386476092739,65.1386476092739,336.41796875,125.0,1165.4765625,0.0,0.0,4025.0,146.0,0,32,"[0.7272212520449947, 0.926794486190319, 0.1459470209404317, 0.9232568626889402, 0.0021682003859945778, 0.3190525293015603, 0.35]"
