epoch,loss,loss_std,loss_u,loss_x,theta_rel_error,grad_norm,constraint_violation_inf,solve_convergence_error,sqp_num_iter,forward_time_ms,backward_time_ms,value_grad_time_ms,total_sample_time_ms,build_rss_delta_mb,build_gpu_used_delta_mb,rss_mb,rss_delta_mb,rss_peak_delta_mb,gpu_used_mb,gpu_used_delta_mb,nonfinite_sample_grad_count,finite_grad_sample_count,theta
0,415.93074200621237,77.20549141760434,381.18349307564364,34.74724893056873,0.9758588720894718,72.33286853290579,0.0,0.000418871218714025,6.625,30.03544599050656,2.849197611794807,32.092482018924784,32.092482018924784,340.1171875,50.0,1138.61328125,0.0,0.0,4438.0,7.0,0,32,"[0.5118216247002567, 0.9504636963259353, 0.14415961271963373, 0.9486494471372439, 0.31183145201048545, 0.42332644897257565, 0.35]"
1,415.85848016507225,77.19334816127736,381.131578236055,34.72690192901722,0.9758385530729173,72.44009053203878,0.0,0.0003288189484405042,5.65625,24.515457269444596,1.7301244151894934,25.617788327508606,25.617788327508606,340.1171875,50.0,1139.1171875,0.0,0.0,4437.0,6.0,0,32,"[0.5126217725466373, 0.9504340301585105, 0.1441676252064195, 0.9485619111301427, 0.3113619295245956, 0.4229649171963748, 0.35]"
2,415.78599548527535,77.18119273030145,381.0795150296848,34.70648045559051,0.9758182562496767,72.54689250030931,0.0,0.0003299426778943078,5.65625,24.91201605880633,1.6508962580701336,26.11815413547447,26.11815413547447,340.1171875,50.0,1139.1171875,0.0,0.0,4437.0,6.0,0,32,"[0.5134211371002306, 0.9504041993593519, 0.14417561762573614, 0.9484743303185912, 0.3108910339450963, 0.4226034624830708, 0.35]"
3,415.71339991415573,77.16899805722572,381.02733370153135,34.68606621262438,0.9757979817973245,72.65284096549877,0.0,0.0003310695611967846,5.65625,24.257914556073956,1.7478341032983735,25.424007631954737,25.424007631954737,340.1171875,50.0,1139.1171875,0.0,0.0,4432.0,1.0,0,32,"[0.5142197085863348, 0.9503742096325741, 0.1441835903612244, 0.9483867064511046, 0.310418753857694, 0.4222420842736447, 0.35]"
4,415.6406926517717,77.1567638086676,380.97503335344777,34.66565929832392,0.9757777298399015,72.76636599302545,0.0,0.00033219925029362744,5.65625,25.56766110501485,1.421994500560686,26.13845720043173,26.13845720043173,340.1171875,50.0,1139.1171875,0.0,0.0,4437.0,6.0,0,32,"[0.5150174854589125, 0.9503440570724967, 0.14419154244892632, 0.948299040986576, 0.30994508223373124, 0.42188079545845153, 0.35]"
5,415.5678728934705,77.14448983652127,380.9226134129154,34.645259480555126,0.9757575002027576,72.83235268598752,0.0,0.00033333173265629606,5.65625,24.55637869570637,1.8071475424221717,26.03471718612127,26.03471718612127,340.1171875,50.0,1139.1171875,0.0,0.0,4437.0,6.0,0,32,"[0.515814474217782, 0.950313736852704, 0.1441994744810036, 0.9482113310414808, 0.3094700422530093, 0.4215195882220602, 0.35]"
6,415.4949377577206,77.13217118816966,380.87006440406617,34.62487335365438,0.9757372935630498,72.9439837612349,2.3913462736668833e-05,0.000334529421138701,5.65625,24.294534530781675,1.8029623097390868,25.56945657124743,25.56945657124743,340.1171875,50.0,1139.1171875,0.0,0.0,4437.0,6.0,0,32,"[0.5166106790402968, 0.9502832010393395, 0.14420737903922695, 0.9481235258535758, 0.30899331461544516, 0.42115891666617433, 0.35]"
7,415.42191684443975,77.1198477406599,380.8173256693198,34.604591175119964,0.9757171096301281,73.05718780203183,8.272884285132065e-05,0.0003378644766803331,5.65625,22.079977577959653,1.6489179324707948,23.131533125706483,23.131533125706483,340.1171875,50.0,1139.1171875,0.0,0.0,4437.0,6.0,0,32,"[0.5174060820929354, 0.9502524956932495, 0.1442152627189609, 0.9480356850683993, 0.3085151884254941, 0.420798349950973, 0.35]"
8,415.34879285864105,77.10749854359776,380.76446867098514,34.58432418765593,0.975696948461084,73.16829755119475,0.00010922513457822802,0.0003417526167573021,5.65625,22.37726417661179,1.9132874003844336,23.72411754913628,23.72411754913628,340.1171875,50.0,1139.1171875,0.0,0.0,4437.0,6.0,0,32,"[0.518200677807605, 0.950221632659007, 0.1442231261107796, 0.9479478052102206, 0.30803567662047865, 0.4204378657629808, 0.35]"
9,415.27555485133354,77.09511046378469,380.71148830609,34.5640665452435,0.9756768102113303,73.28528041648914,0.00012817850207680337,0.0003452071355165158,5.65625,21.786136996524874,2.471901498211082,23.73095345683396,23.73095345683396,340.1171875,50.0,1139.1171875,0.0,0.0,4437.0,6.0,0,32,"[0.5189944555939414, 0.9501906170242144, 0.14423097023326417, 0.9478598903388964, 0.3075547626357442, 0.4200774687031335, 0.35]"
10,415.2022009427161,77.08268205133685,380.6583839200299,34.543817022686255,0.9756566947412805,73.4019565750705,0.00014320608361062526,0.0003483239818892034,5.65625,24.670783517649397,1.628855308808852,25.729168846737593,25.729168846737593,340.1171875,50.0,1139.1171875,0.0,0.0,4437.0,6.0,0,32,"[0.5197874255512711, 0.9501594405196959, 0.14423879426810943, 0.9477719362194932, 0.3070724715805166, 0.41971715652217817, 0.35]"
11,415.12872987867866,77.07021234368598,380.6051543821186,34.52357549656008,0.9756366023010496,73.5458623243704,0.00015578033762242427,0.0003512042631799053,5.65625,24.43885163665982,1.8164116481784731,25.42261910275556,25.42261910275556,340.1171875,50.0,1139.1171875,0.0,0.0,4514.0,83.0,0,32,"[0.5205795787214074, 0.9501281016023579, 0.14424659771021017, 0.9476839491038791, 0.3065887795525648, 0.4193569473840705, 0.35]"
12,415.05514066981664,77.05770192408505,380.5518008554066,34.50333981441,0.9756165315972289,73.66097343442085,0.0001666749842534898,0.0003539115113892914,5.65625,23.985491097846534,2.363836538279429,25.61117778532207,25.61117778532207,340.1171875,50.0,1139.1171875,0.0,0.0,4520.0,89.0,0,32,"[0.5213709348433152, 0.9500966442924431, 0.1442543903113767, 0.9475958938486975, 0.30610385534228024, 0.41899666973606303, 0.35]"
13,414.98143353038216,77.0451512062477,380.4983237645054,34.48310976587672,0.9755964841348782,73.77796630148498,0.00017626164022432889,0.0003604348102864167,5.625,21.642474632244557,1.8962445174111053,23.36353764985688,23.36353764985688,340.1171875,50.0,1139.1171875,0.0,0.0,4520.0,89.0,0,32,"[0.5221614623270362, 0.9500650318402696, 0.1442621629872089, 0.9475078071656214, 0.3056175180885804, 0.4186364984604342, 0.35]"
14,414.907650960365,77.03261346521057,380.4447241678711,34.462926792493874,0.9755764599285153,73.89736340182617,4.653189562642268e-05,0.000338526804360587,5.65625,21.579495805781335,2.92435127630597,23.941948558785953,23.941948558785953,340.1171875,50.0,1139.1171875,0.0,0.0,4453.0,22.0,0,32,"[0.5229511622300369, 0.9500332617576799, 0.14426991539837244, 0.9474196879146468, 0.30512977310154354, 0.4182764367290572, 0.35]"
15,414.83370358199704,77.01997753613509,380.3909877004911,34.44271588150602,0.9755564591061615,74.0204157568533,4.8522835588649116e-05,0.00034001849858524615,5.65625,21.572233003098518,2.424843107291963,23.10251702874666,23.10251702874666,340.1171875,50.0,1139.1171875,0.0,0.0,4438.0,7.0,0,32,"[0.5237400267550119, 0.9500013401879871, 0.14427764807080962, 0.9473315388415526, 0.304640617576136, 0.41791647757404476, 0.35]"
16,414.7596341017264,77.00729806343223,380.33712177587915,34.42251232584729,0.9755364815638519,74.14303583478127,5.031784392883765e-05,0.0003414876316155399,5.65625,21.365426473494153,1.5440780771314166,22.222238352696877,22.222238352696877,340.1171875,50.0,1139.1171875,0.0,0.0,4438.0,7.0,0,32,"[0.5245280646273851, 0.949969256885454, 0.14428536015792226, 0.9472433572377985, 0.3041500688000477, 0.41755662565984397, 0.35]"
17,414.68544159222165,76.99457450823755,380.28312517152983,34.40231642069179,0.9755165276090529,74.26340688778444,5.197609816542936e-05,0.00034294234267242597,5.65625,21.680630277842283,2.469925930199679,23.403439627145417,23.403439627145417,340.1171875,50.0,1139.1171875,0.0,0.0,4438.0,7.0,0,32,"[0.5253152597501224, 0.9499370199847249, 0.14429305222212743, 0.9471551490516379, 0.30365809858057413, 0.4171968895452215, 0.35]"
18,414.6111251319088,76.9818065149643,380.2289969380687,34.38212819384017,0.9754965973058047,74.3819615540579,5.3511973689523984e-05,0.00034438438719159355,5.65625,21.511825354536995,1.8076296983053908,23.149643682700116,23.149643682700116,340.1171875,50.0,1139.1171875,0.0,0.0,4438.0,7.0,0,32,"[0.5261016077844102, 0.9499046346174458, 0.14430072465433805, 0.9470669117017433, 0.3031647051916236, 0.416837269989906, 0.35]"
19,414.53668379001215,76.96899371144661,380.1747360779931,34.361947712019116,0.9754766907601553,74.50995347377551,5.493872651385345e-05,0.00034581545751511777,5.65625,22.613257635384798,2.0649654543376528,24.058791874267627,24.058791874267627,340.1171875,50.0,1139.1171875,0.0,0.0,4438.0,7.0,0,32,"[0.526887106422565, 0.949872096991493, 0.14430837694084475, 0.9469786480090897, 0.30266988402536493, 0.41647777566610233, 0.35]"
20,414.46211637380236,76.95613575556482,380.1203432490529,34.34177312474951,0.9754568079840642,74.63601173163877,5.626859772966952e-05,0.00035023756254364815,5.625,21.540878085943405,1.7612829906283878,22.87751068797661,22.87751068797661,340.1171875,50.0,1139.1171875,0.0,0.0,4438.0,7.0,0,32,"[0.5276717603673777, 0.9498393975353925, 0.14431600789392512, 0.9468903594725215, 0.3021736437278881, 0.41611841317155623, 0.35]"
21,414.3874224535984,76.94323238457048,380.0658144446301,34.32160800896828,0.9754369490742467,74.7612003266919,5.751290318611879e-05,0.00035167017209442107,5.625,21.07005112338811,2.893649390898645,23.53994478471577,23.53994478471577,340.1171875,50.0,1139.1171875,0.0,0.0,4437.0,6.0,0,32,"[0.528455557635329, 0.9498065502523977, 0.14432361943732924, 0.9468020458756727, 0.3016759802731473, 0.41575916846723054, 0.35]"
22,414.3126008060116,76.93028304468045,380.0111499385222,34.30145086748939,0.9754171142714995,74.91182839133083,5.868206658421471e-05,0.0003530966564295446,5.625,19.996300550701562,3.211493654816877,23.13325714203529,23.13325714203529,340.1171875,50.0,1139.1171875,0.0,0.0,4437.0,6.0,0,32,"[0.5292384948483546, 0.9497735456314955, 0.14433120980963765, 0.9467137127572535, 0.30117687237290325, 0.4154000710350324, 0.35]"
23,414.2376504865789,76.9172885581497,379.95635090789824,34.28129957868071,0.9753973021986354,75.03580553538931,5.9785945498713744e-05,0.0003545178324185406,5.625,21.543502843996976,2.2859388336655684,23.149328982981388,23.149328982981388,340.1171875,50.0,1139.1171875,0.0,0.0,4543.0,112.0,0,32,"[0.530020589353924, 0.9497404412322974, 0.1443387900863714, 0.9466253200543229, 0.3006764946854616, 0.4150409279959858, 0.35]"
24,414.1625705129111,76.90424728577203,379.9014140590317,34.261156453879366,0.9753775144578637,75.16822587649166,6.08333117670945e-05,0.00035593541284721116,5.625,22.011692337400746,1.7218182765645906,23.20991085434798,23.20991085434798,340.1171875,50.0,1139.1171875,0.0,0.0,4589.0,158.0,0,32,"[0.5308018100990786, 0.9497071897458851, 0.14434635018139025, 0.9465369071809715, 0.3001746568071864, 0.4146819388057462, 0.35]"
25,414.0873599009531,76.89115911006019,379.84633881357763,34.241021087375444,0.9753577508723118,75.2974041688886,6.183230347067692e-05,0.0003573505633387643,5.625,23.362043844826985,1.804197410820052,24.35471875651274,24.35471875651274,340.1171875,50.0,1139.1171875,0.0,0.0,4583.0,152.0,0,32,"[0.5315821649545871, 0.949673788410469, 0.14435389019324102, 0.9464484715736626, 0.2996713943077756, 0.4143230797825286, 0.35]"
26,414.01201438845976,76.87801933782964,379.7911041814863,34.220910206973485,0.975338011756259,75.37534422310226,0.0,0.00035157667328340324,5.5625,23.769884755893145,2.3729790045763366,26.084328630531672,26.084328630531672,340.1171875,50.0,1139.1171875,0.0,0.0,4582.0,151.0,0,32,"[0.5323616436394105, 0.9496402327238825, 0.1443614092958296, 0.9463600208012014, 0.2991666743550612, 0.413964381177732, 0.35]"
27,413.93654352716044,76.8648369377543,379.7357124942716,34.200831032888885,0.9753182980308845,75.50345289934093,4.979582741881927e-05,0.0003536059242808646,5.5625,21.475156652741134,2.000670545385219,23.140626319218427,23.140626319218427,340.1171875,50.0,1139.1171875,0.0,0.0,4448.0,17.0,0,32,"[0.5331402485392309, 0.9496064620472914, 0.14436889822025487, 0.9462714970554288, 0.29866015204855434, 0.4136063636267172, 0.35]"
28,413.860975463391,76.85163994143659,379.68014912842875,34.180826334962305,0.9752986090406927,75.63351043557945,8.53321705083232e-05,0.00035795752001900177,5.5625,24.753974794293754,2.9479821751010604,27.3006989446003,27.3006989446003,340.1171875,50.0,1139.1171875,0.0,0.0,4545.0,114.0,0,32,"[0.5339179627038666, 0.9495725475811134, 0.144376366937109, 0.9461829580905463, 0.29815216033686043, 0.4132485089384353, 0.35]"
29,413.78527740753935,76.83839858418443,379.6244439837661,34.160833423773184,0.9752789448882795,75.76930746113659,0.00010744169389820257,0.0003621442185751432,5.5625,22.99746940843761,2.02106488723075,24.69953669788083,24.69953669788083,340.1171875,50.0,1139.1171875,0.0,0.0,4544.0,113.0,0,32,"[0.5346947822099546, 0.9495384890515483, 0.14438381533210004, 0.9460944071968862, 0.2976427002873757, 0.41289081466933353, 0.35]"
30,413.7094452825893,76.82510977690538,379.56859529762335,34.14084998496593,0.9752593055306606,75.90697804435814,0.0001240046999742006,0.00036585508161175164,5.5625,23.779171606292948,1.7883729888126254,25.035179030965082,25.035179030965082,340.1171875,50.0,1139.1171875,0.0,0.0,4538.0,107.0,0,32,"[0.5354707095906132, 0.9495042854250063, 0.14439124332092027, 0.9460058424207854, 0.29713178703637877, 0.412533273668541, 0.35]"
31,413.63347718471135,76.81177242252667,379.51260193588996,34.120875248821356,0.9752396909486492,76.0417221856925,0.00013741078716345,0.00036922825474073977,5.5625,24.520357968867756,1.6945547249633819,25.350379779411014,25.350379779411014,340.1171875,50.0,1139.1171875,0.0,0.0,4469.0,38.0,0,32,"[0.5362457451571983, 0.9494699361376111, 0.14439865114094894, 0.9459172637058418, 0.29661943181233624, 0.41217587884927065, 0.35]"
32,413.55742177893546,76.79843186775135,379.45648191063333,34.100939868302135,0.9752201014416684,76.1781125507131,3.594853989152824e-05,0.00034755514651986985,5.59375,21.944490777968895,1.8482500163372606,23.26332305528922,23.26332305528922,340.1171875,50.0,1139.1171875,0.0,0.0,4465.0,34.0,0,32,"[0.5370198767900567, 0.949435442279334, 0.14440603856424777, 0.9458286752850112, 0.296105602737899, 0.4118186568053208, 0.35]"
33,413.4811809773454,76.78499807401474,379.4001964529879,34.08098452435752,0.9752005370415117,76.31302493457576,3.843483753707133e-05,0.0003492589151382519,5.59375,21.550991194089875,2.022721448156517,22.781519590353128,22.781519590353128,340.1171875,50.0,1139.1171875,0.0,0.0,4447.0,16.0,0,32,"[0.5377931012192014, 0.9494008084254488, 0.14441340610323938, 0.9457400766008576, 0.29559030628280103, 0.4114615993390248, 0.35]"
34,413.40480004400473,76.77151340117611,379.34376243261613,34.06103761138863,0.9751809979732448,76.45433337461684,4.0618725535068734e-05,0.00035092150591709156,5.59375,20.365263204439543,2.6789648545673117,22.400607842428144,22.400607842428144,340.1171875,50.0,1139.1171875,0.0,0.0,4446.0,15.0,0,32,"[0.5385654105374605, 0.9493660360569034, 0.1444207531785455, 0.9456514700869051, 0.2950735295236969, 0.4111047157631413, 0.35]"
35,413.3282778577373,76.75797752162676,379.28717889267284,34.04109896506446,0.9751614841716179,76.59670891987984,4.257073077562623e-05,0.00035255290158980526,5.59375,21.623443310090806,2.7724719766411,23.632399563211948,23.632399563211948,340.1171875,50.0,1139.1171875,0.0,0.0,4438.0,7.0,0,32,"[0.5393368085129733, 0.9493311201033607, 0.14442807974697747, 0.9455628556083788, 0.29455528635022005, 0.41074800320617394, 0.35]"
36,413.25161330008564,76.74438998779958,379.23044466813195,34.021168631953635,0.9751419957332385,76.73724495326915,4.4326995721100104e-05,0.0003541580085302404,5.59375,21.57251151948003,1.6554377871216275,22.810965368989855,22.810965368989855,340.1171875,50.0,1139.1171875,0.0,0.0,4433.0,2.0,0,32,"[0.5401072890484054, 0.9492960636479346, 0.14443538634032457, 0.9454742344923845, 0.2940355727993179, 0.41039146214829225, 0.35]"
37,413.1748052315954,76.73075019296631,379.17355832516324,34.00124690643217,0.9751225329297126,76.87894243272628,4.593653567575018e-05,0.00035574461603439295,5.59375,20.621982963348273,3.4919679310405627,23.957110490300693,23.957110490300693,340.1171875,50.0,1139.1171875,0.0,0.0,4433.0,2.0,0,32,"[0.5408768409938904, 0.9492608682871044, 0.14444267277681241, 0.9453856110047884, 0.29351436481471194, 0.4100351110407468, 0.35]"
38,413.09785251567774,76.7170578183483,379.1165188972232,33.9813336184545,0.9751030957603561,77.01886755641374,4.7420364308603524e-05,0.00035731796806649904,5.59375,22.69189018988982,2.5181158271152526,24.36660585954087,24.36660585954087,340.1171875,50.0,1139.1171875,0.0,0.0,4433.0,2.0,0,32,"[0.5416454647210657, 0.949225537226482, 0.14444993892556574, 0.9452969821051295, 0.29299167695242156, 0.4096789386077591, 0.35]"
39,413.02075400650193,76.7033122548125,379.059324913634,33.961429092868,0.9750836844993797,77.16359520801788,4.8785336407508595e-05,0.00035888756738950724,5.59375,23.90613715397194,3.2541294713155366,26.19802550179884,26.19802550179884,340.1171875,50.0,1139.1171875,0.0,0.0,4433.0,2.0,0,32,"[0.5424131497105528, 0.9491900708984883, 0.1444571844310804, 0.945208351737541, 0.2924674842154574, 0.40932296665436985, 0.35]"
40,412.9435085402705,76.68951314326414,379.0019753239093,33.94153321636122,0.9750642991259054,77.3131378525169,5.005499364330035e-05,0.0003604465476969963,5.59375,24.221208041126374,1.8089344739564694,25.347792950924486,25.347792950924486,340.1171875,50.0,1139.1171875,0.0,0.0,4433.0,2.0,0,32,"[0.5431798962059639, 0.9491544664612902, 0.14446440963496182, 0.945119721793478, 0.2919417965318266, 0.40896718986402264, 0.35]"
41,412.8661149613239,76.67566017886311,378.94446914092185,33.92164582040209,0.9750449395767428,77.46169846438198,5.124223881569634e-05,0.0003619958762849197,5.59375,23.825525495340116,2.313703502295539,26.052677327243146,26.052677327243146,340.1171875,50.0,1139.1171875,0.0,0.0,4433.0,2.0,0,32,"[0.5439457084408136, 0.9491187208887415, 0.14447161427585564, 0.9450310898329342, 0.2914146292770766, 0.40861160439013955, 0.35]"
42,412.78857213841826,76.66175288092069,378.88680505192815,33.90176708649004,0.9750256060952835,77.6087269591185,5.23534345959753e-05,0.0003635323921920663,5.59375,23.83957773417933,1.8129828022210859,25.515019631711766,25.515019631711766,340.1171875,50.0,1139.1171875,0.0,0.0,4433.0,2.0,0,32,"[0.5447105751361833, 0.9490828386884375, 0.14447879845901282, 0.9449424603173064, 0.290885967922732, 0.4082562147801196, 0.35]"
43,412.7108788178779,76.64779067258623,378.8289816991007,33.881897118777225,0.9750062988021944,77.7548723276898,5.3391379756018154e-05,0.00036506153154981054,5.59375,21.91879304155009,2.188205806305632,23.80475233803736,23.80475233803736,340.1171875,50.0,1139.1171875,0.0,0.0,4433.0,2.0,0,32,"[0.5454744884392723, 0.9490468262664304, 0.14448596285035448, 0.9448538323069756, 0.29035580496773766, 0.4079010239029029, 0.35]"
44,412.6330844626427,76.6338365584564,378.7710450924235,33.86203937021918,0.9749870179425439,77.90822978301809,5.437028894395013e-05,0.0003690769291896181,5.53125,24.428722404991277,3.511586648528464,26.553004325251095,26.553004325251095,340.1171875,50.0,1139.1171875,0.0,0.0,4429.0,0.0,0,32,"[0.5462374413710944, 0.9490106805598546, 0.14449310655343137, 0.9447652082227622, 0.28982411826930815, 0.4075460586854, 0.35]"
45,412.55508746625424,76.61976430583624,378.7129003273202,33.842187138934,0.9749677633609538,78.0627466753238,5.5298582861240675e-05,0.00037056995301856555,5.53125,25.738469485077076,3.6427278027986176,28.290480586292688,28.290480586292688,340.1171875,50.0,1139.1171875,0.0,0.0,4433.0,2.0,0,32,"[0.5469994387958904, 0.948974403467936, 0.1445002301165594, 0.9446765873206444, 0.2892909426927598, 0.407191286515783, 0.35]"
46,412.4769804540633,76.60556939778722,378.65461756009483,33.82236289396849,0.9749485352234936,78.21598656419744,5.618343407753912e-05,0.00034495123585998863,5.5625,21.343729342333972,2.574483281932771,23.624282541277353,23.624282541277353,340.1171875,50.0,1139.1171875,0.0,0.0,4433.0,2.0,0,32,"[0.547760474885733, 0.9489379889025638, 0.14450733338537575, 0.9445879735618665, 0.2887562591754391, 0.4068367322448753, 0.35]"
47,412.39867222480206,76.59138219615394,378.59612899092457,33.80254323387747,0.9749293337291155,78.36898899676294,9.723777338876971e-12,0.00033838567087029103,5.5,20.4647480204585,2.510166719730478,22.46191842277767,22.46191842277767,340.1171875,50.0,1139.1171875,0.0,0.0,4433.0,2.0,0,32,"[0.5485205419167877, 0.9489014416095725, 0.14451441602525025, 0.9444993681995542, 0.2882200600352026, 0.4064823993340833, 0.35]"
48,412.3202086038258,76.577138788881,378.53749036932766,33.782718234498006,0.9749101590628847,78.52265291170977,9.876544027065393e-12,0.00033954242367782543,5.5,20.90866145590553,2.282966859638691,22.926684985577594,22.926684985577594,340.1171875,50.0,1139.1171875,0.0,0.0,4433.0,2.0,0,32,"[0.5492796313857531, 0.9488647659123581, 0.14452147808658622, 0.9444107719027471, 0.2876823356237283, 0.40612829292052094, 0.35]"
49,412.24162855160046,76.56279650803857,378.47870766366964,33.76292088793089,0.9748910113112876,78.67865882284806,1.0239364911512894e-11,0.0003135049399842976,5.53125,22.2600841007079,1.8974384511238895,23.595725899212994,23.595725899212994,340.1171875,50.0,1139.1171875,0.0,0.0,4433.0,2.0,0,32,"[0.550037739328819, 0.9488279608461258, 0.14452851973997233, 0.9443221863624398, 0.2871430822817204, 0.4057744192367589, 0.35]"
50,412.162847809482,76.54843673841806,378.4197334916849,33.74311431779711,0.974871890539432,78.83919814838875,1.085576073478478e-11,0.0003145282177905126,5.53125,21.20479007862741,2.251981910376344,23.00702781212749,23.00702781212749,340.1171875,50.0,1139.1171875,0.0,0.0,4433.0,2.0,0,32,"[0.5507948645582951, 0.948791024712118, 0.14453554067259422, 0.9442336111557476, 0.2866022990208387, 0.40542078706498974, 0.35]"
51,412.0839065218197,76.53401814482307,378.36058959404227,33.72331692777745,0.9748527968615543,78.99945603746804,1.2150724870707563e-11,0.00031555437136719146,5.53125,22.461912645667326,2.0837599295191467,23.942294021253474,23.942294021253474,340.1171875,50.0,1139.1171875,0.0,0.0,4439.0,8.0,0,32,"[0.5515510009399947, 0.9487539602887125, 0.14454254113270965, 0.9441450502616219, 0.2860599907966808, 0.40506738396315217, 0.35]"
52,412.0048033739692,76.51954024369518,378.3012746455006,33.7035287284686,0.9748337303039676,79.15754770063505,1.4064305275951483e-11,0.00031658345769217154,5.53125,24.842173035722226,1.7147203616332263,26.027024243376218,26.027024243376218,340.1171875,50.0,1139.1171875,0.0,0.0,4428.0,0.0,0,32,"[0.5523061457883462, 0.9487167692132072, 0.14454952162960658, 0.9440565020995185, 0.28551615847411055, 0.4047142126414259, 0.35]"
53,411.92553703388256,76.50500235452986,378.24178699209745,33.68375004178512,0.9748146912006446,79.32147806801846,1.66582303506857e-11,0.0003176152819987297,5.53125,23.90885471686488,1.8459614511812106,25.247574762033764,25.247574762033764,340.1171875,50.0,1139.1171875,0.0,0.0,4439.0,8.0,0,32,"[0.5530602865716444, 0.9486794545138627, 0.14455648155359838, 0.943967970543049, 0.2849707786004051, 0.40436129082500843, 0.35]"
54,411.84610615768247,76.49040414964071,378.18212554838124,33.66398060930119,0.9747956794321178,79.48284812593141,1.9304113862972372e-11,0.0003186501867782737,5.53125,20.6863798739505,2.299645413586404,22.716647232300602,22.716647232300602,340.1171875,50.0,1139.1171875,0.0,0.0,4434.0,3.0,0,32,"[0.5538134287225267, 0.948642012384937, 0.1445634210133709, 0.9438794545286494, 0.28442387269693703, 0.4040086072850034, 0.35]"
55,411.76650938382124,76.47574490553491,378.1222885765529,33.6442208072683,0.974776695284487,79.67307743645162,2.1674662065152006e-11,0.0003196877540317669,5.53125,21.993293768900912,1.7232610553037375,22.925888864847366,22.925888864847366,340.1171875,50.0,1139.1171875,0.0,0.0,4433.0,2.0,0,32,"[0.5545655600107218, 0.948604445830683, 0.14457033997476001, 0.9437909558340681, 0.2838754140228766, 0.40365618641275247, 0.35]"
56,411.68674535929506,76.46102548948122,378.06227703334054,33.62446832595454,0.9747577372359189,79.8434693350849,2.426414624778772e-11,0.00032072961248686625,5.53125,24.677663306647446,1.7655615374678746,25.93154394708108,25.93154394708108,340.1171875,50.0,1139.1171875,0.0,0.0,4433.0,2.0,0,32,"[0.555316715092607, 0.9485667930692226, 0.14457724662721227, 0.9437024389019624, 0.2833255728949205, 0.4033038512067302, 0.35]"
57,411.6068127012021,76.44624428452798,378.00208762659133,33.6047250746108,0.9747388066891836,80.01127659692419,2.7050361950387014e-11,0.0003217730091896441,5.53125,22.216549376025796,2.504750584193971,23.982981911103707,23.982981911103707,340.1171875,50.0,1139.1171875,0.0,0.0,4433.0,2.0,0,32,"[0.556066862808091, 0.9485290152959358, 0.14458413340563525, 0.9436139380537731, 0.2827742109630977, 0.4029517554284411, 0.35]"
58,411.526709999143,76.4314004111215,377.9417183423626,33.58499165678043,0.9747199041786997,80.17683759839457,3.01478841890912e-11,0.00032281904034537755,5.53125,21.186804660828784,2.0116858213441446,22.531947135576047,22.531947135576047,340.1171875,50.0,1139.1171875,0.0,0.0,4433.0,2.0,0,32,"[0.5568159842061616, 0.9484911119575885, 0.14459099912923626, 0.943525462986834, 0.28222128424750764, 0.4025999351057602, 0.35]"
59,411.44643582762,76.41649332738454,377.8811677323626,33.56526809525744,0.9747010298004787,80.34691408124581,3.3507863150816775e-11,0.00032386811270964424,5.53125,23.508801496063825,2.290329292009119,25.137645039649215,25.137645039649215,340.1171875,50.0,1139.1171875,0.0,0.0,4433.0,2.0,0,32,"[0.5575640714297948, 0.9484530921377275, 0.14459784470032028, 0.9434370116728077, 0.28166679178882836, 0.40224838480266556, 0.35]"
60,411.3659887463945,76.40152253283338,377.82043438874723,33.54555435764725,0.9746821835824082,80.51840475138488,3.7055247759099075e-11,0.0003249202313046582,5.53125,21.11704651179025,1.5994843633961864,21.745481783000287,21.745481783000287,340.1171875,50.0,1139.1171875,0.0,0.0,4433.0,2.0,0,32,"[0.5583111251617108, 0.9484149521852786, 0.1446046697555388, 0.943348584051385, 0.28111073834335865, 0.4018971091191495, 0.35]"
61,411.28536729792097,76.38648741949288,377.75951673010866,33.525850567812384,0.9746633657136106,80.69290546593918,4.077360671317365e-11,0.0003259753480714078,5.53125,23.43657326855464,1.7517314190627076,24.36111913266359,24.36111913266359,340.1171875,50.0,1139.1171875,0.0,0.0,4429.0,0.0,0,32,"[0.5590571379289312, 0.948376693241447, 0.1446114741038916, 0.943260183202853, 0.28055311596565746, 0.4015461141347547, 0.35]"
62,411.2046091489998,76.37130811365132,377.6984374242071,33.506171724792736,0.974644576182224,80.87037766106985,4.4229953033436686e-11,0.0002996642879157514,5.5625,21.09901544463355,1.9614538541645743,22.73568762029754,22.73568762029754,340.1171875,50.0,1139.1171875,0.0,0.0,4429.0,0.0,0,32,"[0.5598021090761485, 0.9483383141745441, 0.14461825820318502, 0.9431718095920152, 0.2799939321087941, 0.4011953969664196, 0.35]"
63,411.12363466446845,76.3561427884805,377.63714702797324,33.486487636495184,0.9746258150523209,81.04664615334214,4.728750724325437e-11,0.0003006066444042019,5.5625,24.21218169911299,1.1515371370478533,24.31775777222356,24.31775777222356,340.1171875,50.0,1139.1171875,0.0,0.0,4433.0,2.0,0,32,"[0.5605460389319477, 0.9482998108754049, 0.14462502135415356, 0.9430834643396316, 0.27943319010359957, 0.40084496345576925, 0.35]"
64,411.0424813661855,76.34091143956555,377.57566771590007,33.46681365028546,0.9746070826140941,81.21814165263778,5.0392578998526005e-11,0.00030155067672504475,5.5625,22.070466111472342,2.734769535891246,24.627910592244007,24.627910592244007,340.1171875,50.0,1139.1171875,0.0,0.0,4433.0,2.0,0,32,"[0.5612889145605974, 0.9482611894313435, 0.14463176352600632, 0.9429951495623019, 0.27887087260976073, 0.40049482310710366, 0.35]"
65,410.9612069423864,76.32566760021064,377.51405312441767,33.44715381796871,0.974588379185927,81.39852532928236,5.35282929092773e-11,0.0003050528170992455,5.5,22.4297479580855,2.055551711237058,24.33603798999684,24.33603798999684,340.1171875,50.0,1139.1171875,0.0,0.0,4429.0,0.0,0,32,"[0.5620307188199758, 0.9482224575078707, 0.14463848557751594, 0.9429068685849751, 0.27830695211450174, 0.40014499280972415, 0.35]"
66,410.8796925186417,76.31030319270776,377.45219191427003,33.427500604371716,0.9745697046783842,81.55584523473614,5.6697313510767344e-11,0.00030598130006795864,5.5,22.10181451664539,1.7549087933730334,23.32298616966,23.32298616966,340.1171875,50.0,1139.19140625,0.0023193359375,0.0023193359375,4433.0,2.0,0,32,"[0.5627714592896493, 0.9481836070964929, 0.14464518673817967, 0.9428186222312858, 0.27774144942933965, 0.39979546657221926, 0.35]"
67,410.7979954669904,76.2948704275458,377.3901095701118,33.407885896878625,0.9745510589966551,81.741906755676,3.984245019594823e-05,0.00030743441045403164,5.5,21.186444610066246,1.8757401558104903,22.61198631458683,22.61198631458683,340.1171875,50.0,1139.19140625,0.0,0.0,4433.0,2.0,0,32,"[0.5635111414390949, 0.9481446348003238, 0.1446518683577696, 0.9427303245139518, 0.27717419640137925, 0.39944656207344353, 0.35]"
68,410.7161502089033,76.2794133254275,377.32779699768076,33.388353211222544,0.9745324423178271,81.92080180528295,7.416061928333662e-05,0.0003113456757126048,5.5,21.604081492114346,2.485751290805638,23.818783040042035,23.818783040042035,340.1171875,50.0,1139.19140625,0.0,0.0,4433.0,2.0,0,32,"[0.5642497534895031, 0.9481055492894003, 0.1446585298339061, 0.9426420606167065, 0.2766053750754435, 0.3990979477160699, 0.35]"
69,410.63412299118306,76.26389250303704,377.265288152866,33.368834838317056,0.9745138552368108,82.10563341092875,9.46802831047755e-05,0.0003151420175905797,5.5,22.128776348836254,1.9803080795099959,23.654873177292757,23.654873177292757,340.1171875,50.0,1139.19140625,0.0,0.0,4433.0,2.0,0,32,"[0.5649872727309249, 0.948066352588636, 0.14466517028477027, 0.9425538397444078, 0.2760349367981565, 0.3987496631469444, 0.35]"
70,410.5519099796986,76.24830514954408,377.20258391454564,33.349326065152994,0.9744952976175606,82.294334203338,0.00010988621487184602,0.0003226189278518643,5.46875,21.808389719808474,1.1124215816380456,22.48053255607374,22.48053255607374,340.1171875,50.0,1139.77734375,0.018310546875,0.018310546875,4429.0,0.0,0,32,"[0.56572370225117, 0.9480270482875867, 0.14467179049824822, 0.9424656582873906, 0.27546290559458775, 0.3984016872294069, 0.35]"
71,410.4695069300974,76.23264712398338,377.13967655058366,33.329830379513695,0.9744767695068952,82.48767990421784,0.0001220776247943256,0.00032561267228324066,5.46875,23.465134472644422,2.529204932216089,24.677726192749105,24.677726192749105,340.1171875,50.0,1139.77734375,0.0,0.0,4429.0,0.0,0,32,"[0.5664590402017764, 0.9479876353131107, 0.14467839052035444, 0.94237751755605, 0.2748892864590781, 0.3980540186308753, 0.35]"
72,410.38691273496147,76.2169188024161,377.0765674886968,33.31034524626463,0.9744582708299536,82.67904722371726,0.0001323943752584711,0.0003283764310301134,5.46875,20.63353382254718,3.419345390284434,23.85561049595708,23.85561049595708,340.1171875,50.0,1139.77734375,0.0,0.0,4433.0,2.0,0,32,"[0.5671932941780088, 0.9479481041360991, 0.14468496944422868, 0.942289416429255, 0.27431409339177926, 0.39770666257582454, 0.35]"
73,410.30417137501706,76.20117376247445,377.0132714863888,33.29089988862823,0.9744398020149976,82.86818862564068,3.3450982705574006e-05,0.0003060012791500254,5.5,22.136719642730895,1.882719290733803,23.13492512621451,23.13492512621451,340.1171875,50.0,1141.4609375,0.0,0.0,4433.0,2.0,0,32,"[0.5679264421778889, 0.9479084662934927, 0.14469152800802737, 0.9422013604052858, 0.27373729663951785, 0.39735963018516096, 0.35]"
74,410.2211922206935,76.18530513527735,376.9497540169939,33.27143820369959,0.9744213633195884,83.06307590059174,3.5376554650135006e-05,0.0003073230144250051,5.5,25.156361669360194,2.0647762721637264,26.55401487572817,26.55401487572817,340.1171875,50.0,1141.4609375,0.0,0.0,4433.0,2.0,0,32,"[0.5686584747191707, 0.9478687224285868, 0.1446980658163079, 0.9421133526679689, 0.27315888012420325, 0.39701293865980536, 0.35]"
75,410.13801634980047,76.16936351099326,376.8860293180126,33.25198703178785,0.9744029545922448,83.25612540897065,3.7087057211504515e-05,0.0003086131507903555,5.5,22.93330839893315,1.7120834745583124,24.49945016996935,24.49945016996935,340.1171875,50.0,1141.4609375,0.0,0.0,4433.0,2.0,0,32,"[0.5693893987689305, 0.9478288679098045, 0.14470458295065697, 0.9420253902852562, 0.2725788650570309, 0.3966665800034159, 0.35]"
76,410.0546420108384,76.15334796380931,376.82209522831766,33.23254678252069,0.9743845762982787,83.45474077917453,3.8621378364300796e-05,0.0003098765571534281,5.5,21.796979497594293,1.6173890253412537,23.030329874018207,23.030329874018207,340.1171875,50.0,1141.5,0.0,0.0,4433.0,2.0,0,32,"[0.5701191929668854, 0.9477889124845229, 0.14471107953123652, 0.9419374793973014, 0.2719972220757342, 0.39632056713494146, 0.35]"
77,409.97106743044037,76.1372579730722,376.75795020675054,33.21311722368986,0.9743662283062993,83.68950825476072,4.0024218791678834e-05,0.000311121412872581,5.5,23.564953240565956,1.8500841324566863,25.220485156751238,25.220485156751238,340.1171875,50.0,1141.5,0.0,0.0,4433.0,2.0,0,32,"[0.5708478641105543, 0.9477488490734969, 0.1447175555287115, 0.9418496192026373, 0.2714139691934024, 0.3959748967567152, 0.35]"
78,409.88729084270597,76.1210936624517,376.6935936570512,33.193697185654685,0.9743479096721972,83.8918876907006,4.1314415833326734e-05,0.00031235162992504907,5.5,25.395831420610193,2.693946851650253,27.233698740019463,27.233698740019463,340.1171875,50.0,1141.5,0.0,0.0,4433.0,2.0,0,32,"[0.5715754686863888, 0.9477086262536069, 0.14472400792861437, 0.9417618074511528, 0.27082919465320415, 0.3956295564811064, 0.35]"
79,409.80331045105873,76.1048535102545,376.62902248513694,33.17428796592179,0.9743296216182935,84.09145983880666,4.249796064970113e-05,0.00031356546940327273,5.5,24.9492117727641,2.0205636174068786,25.505198223982006,25.505198223982006,340.1171875,50.0,1141.5,0.0,0.0,4438.0,7.0,0,32,"[0.5723019396379352, 0.9476682968527688, 0.14473043942048971, 0.941674048936076, 0.2702428037899231, 0.3952845690459851, 0.35]"
80,409.71912442283747,76.08853661497207,376.56423453078935,33.15488989204809,0.9743113644993506,84.29488643623591,4.3596559028635795e-05,0.00031476774752466107,5.5,25.05659721646225,3.248523200454656,26.996309774403926,26.996309774403926,340.1171875,50.0,1141.51171875,0.0,0.0,4428.0,0.0,0,32,"[0.573027257547603, 0.9476278736764735, 0.14473685091035227, 0.9415863457727794, 0.2696547738995633, 0.3949399420117549, 0.35]"
81,409.63473091048166,76.07214234633439,376.49922802458565,33.135502885896045,0.9742931383390101,84.50236129692986,4.46214910594378e-05,0.000315960795127486,5.5,24.44942810689099,3.8271617522696033,27.254291009739973,27.254291009739973,340.1171875,50.0,1141.51171875,0.0,0.0,4424.0,0.0,0,32,"[0.5737514237965775, 0.9475873511212816, 0.14474324192493407, 0.9414986996881085, 0.26906511245849185, 0.3945956777672351, 0.35]"
82,409.55012804766386,76.05567000809005,376.4340010753277,33.11612697233622,0.9742749432098149,84.71227250402032,4.5578364788134706e-05,0.00031714530266111884,5.5,24.710683319426607,3.0994861808721907,26.97547897696495,26.97547897696495,340.1171875,50.0,1141.51171875,0.0,0.0,4428.0,0.0,0,32,"[0.5744744394873197, 0.9475467211525835, 0.1447496115429334, 0.9414111125314694, 0.2684738206098528, 0.3942517891453302, 0.35]"
83,409.46531394839724,76.039118974435,376.36855192022466,33.096762028172584,0.9742567791360307,84.9221593511509,4.646996725554686e-05,0.0003183219577312468,5.5,26.45748740178533,2.951720976852812,27.045579023251776,27.045579023251776,340.1171875,50.0,1141.546875,0.0001220703125,0.0001220703125,4428.0,0.0,0,32,"[0.5751962984954565, 0.947505993153692, 0.14475596104358104, 0.9413235827919008, 0.2678809069346712, 0.3939082598091838, 0.35]"
84,409.3802866960901,76.02248830810423,376.3028782793668,33.07740841672328,0.974238646459226,85.13435140294006,4.730900110683223e-05,0.00031949230180088197,5.5,24.689356170711108,4.794730193680152,28.909671484143473,28.909671484143473,340.1171875,50.0,1141.546875,0.0,0.0,4428.0,0.0,0,32,"[0.5759169892562142, 0.9474651643838035, 0.14476228965834118, 0.9412361160482775, 0.2672863487777843, 0.393565115591132, 0.35]"
85,409.29504435511257,76.00577741392388,376.2369784133499,33.05806594176272,0.9742205451464329,85.35169830037051,4.8102989721243716e-05,0.00032065857217375546,5.5,25.130374859145377,3.065156801312696,26.522652799030766,26.522652799030766,340.1171875,50.0,1141.546875,0.0,0.0,4423.0,0.0,0,32,"[0.5766365120544826, 0.9474242378600479, 0.144768597698856, 0.9411487099396642, 0.26669016061175865, 0.3932223445102075, 0.35]"
86,409.20958496611115,75.98898546099389,376.1708501946699,33.03873477144126,0.9742024753979446,85.56306203383876,4.885733234605283e-05,0.0003218213064348194,5.5,24.444552822387777,1.4497668234980665,25.596943305572495,25.596943305572495,340.1171875,50.0,1141.546875,0.0,0.0,4439.0,8.0,0,32,"[0.5773548580767904, 0.9473832142989198, 0.1447748852750897, 0.9410613677329659, 0.26609233255626624, 0.392879956600013, 0.35]"
87,409.12390655276215,75.97211157709705,376.10449141609377,33.019415136668385,0.9741844374935713,85.7833586614251,4.9555253978539326e-05,0.0003229768048661774,5.5,20.614759938325733,2.72497910191305,23.0348914701608,23.0348914701608,340.1171875,50.0,1141.546875,0.0,0.0,4353.0,0.0,0,32,"[0.5780720136668432, 0.9473421023390236, 0.14478115268193648, 0.9409740900097551, 0.26549285050869864, 0.39253795914432615, 0.35]"
88,409.0380070942988,75.95515496724613,376.0378999928049,33.00010710149391,0.9741664315779595,86.0055446309987,5.0224591549685726e-05,0.0003241309526819423,5.5,20.663545197749045,1.8717596176429652,22.33123580663232,22.33123580663232,340.1171875,50.0,1141.546875,0.0,0.0,4352.0,0.0,0,32,"[0.5787879749539453, 0.9473008948831357, 0.1447873994809787, 0.9408868835505413, 0.26489171162025676, 0.3921963608001755, 0.35]"
89,408.9518789539834,75.93810834632706,375.9710555888525,32.980823365130874,0.9741484575368721,86.22776693156828,1.035873609112059e-10,0.0003173139272235158,5.4375,23.836863270844333,2.6823054358828813,25.58181076165056,25.58181076165056,340.1171875,50.0,1141.546875,0.0,0.0,4346.0,0.0,0,32,"[0.5795027496965908, 0.9472595869279284, 0.14479362509059285, 0.9407997440492426, 0.26428893376688767, 0.39185516067019494, 0.35]"
90,408.8655308896764,75.92098366462596,375.9039923793262,32.961538510350145,0.9741305157185486,86.44997076065718,1.0449729970218868e-10,0.0003183093062214742,5.4375,24.375095235882327,4.510859340371098,27.977622812613845,27.977622812613845,340.1171875,50.0,1141.546875,0.0,0.0,4342.0,0.0,0,32,"[0.5802163207425465, 0.9472181856869387, 0.1447998299715399, 0.9407126771491907, 0.26368449893358004, 0.3915143650037461, 0.35]"
91,408.7789555894376,75.90377375810624,375.8366900283938,32.94226556104382,0.9741126063576325,86.67429385256642,1.0536860273191451e-10,0.00031930554574964603,5.4375,24.220227023761254,2.5314586091553792,26.096575587871484,26.096575587871484,340.1171875,50.0,1141.546875,0.0,0.0,4347.0,0.0,0,32,"[0.5809286795861915, 0.9471766909186574, 0.1448060137794113, 0.9406256838982313, 0.2630783925891332, 0.39117399447606355, 0.35]"
92,408.6921509427193,75.88647787822747,375.76914648894945,32.92300445376979,0.9740947295399934,86.90407390571845,1.0619638501907502e-10,0.000320305108817955,5.4375,24.798054633720312,2.221755450591445,25.95149572880473,25.95149572880473,340.1171875,50.0,1141.546875,0.0,0.0,4352.0,0.0,0,32,"[0.5816398181990652, 0.9471351131293493, 0.14481217754254724, 0.9405387625409313, 0.2624706193826396, 0.3908340362788481, 0.35]"
93,408.6051148146986,75.86909531567792,375.70135974490375,32.9037550697948,0.9740768852680021,87.1368243803464,1.0696776797658458e-10,0.0003213078376058491,5.4375,23.72715280216653,3.153970763378311,26.64176037797006,26.64176037797006,340.1171875,50.0,1141.546875,0.0,0.0,4352.0,0.0,0,32,"[0.5823497378718048, 0.9470934466466854, 0.144818321074991, 0.9404519159726543, 0.26186118895997806, 0.3904944888550588, 0.35]"
94,408.51784504333557,75.8516251853847,375.6333274910296,32.884517552305965,0.974059073728327,87.37044147559673,1.0768852476417123e-10,0.0003223134056182403,5.4375,24.51004207250662,4.3050915555795655,28.073618312191684,28.073618312191684,340.1171875,50.0,1141.546875,0.0,0.0,4351.0,0.0,0,32,"[0.583058434219698, 0.947051685492221, 0.1448244435535605, 0.9403651483775936, 0.2612500944658938, 0.3901553680632102, 0.35]"
95,408.43033943924166,75.83406667693016,375.5650475505547,32.865291888686954,0.9740412950479939,87.60221045315191,1.0835998764946453e-10,0.0003233221247931162,5.4375,24.863995393388905,3.8220713831833564,27.865951444255188,27.865951444255188,340.1171875,50.0,1141.546875,0.0,0.0,4350.0,0.0,0,32,"[0.583765898681005, 0.9470098389398672, 0.14483054567894757, 0.9402784585797486, 0.26063733731270344, 0.38981666581008356, 0.35]"
96,408.3425957796986,75.81641860109117,375.4965171216742,32.84607865802444,0.9740235497245447,87.84260045451968,1.0894307678199766e-10,0.00032433312587584035,5.4375,25.048259216418955,2.651407638040837,26.76567467278801,26.76567467278801,340.1171875,50.0,1141.546875,0.0,0.0,4349.0,0.0,0,32,"[0.5844721141449386, 0.9469679051310885, 0.1448366263469937, 0.9401918527237256, 0.2600228830081486, 0.38947842087963364, 0.35]"
97,408.25461134038005,75.79868046885319,375.4277359915207,32.826875348859325,0.9740058374316631,88.07981146044057,1.0938716599184772e-10,0.00032962953117875225,5.40625,24.011490007978864,4.485804187424947,27.886585223313887,27.886585223313887,340.1171875,50.0,1141.546875,0.0,0.0,4345.0,0.0,0,32,"[0.5851770896894192, 0.9469258865568426, 0.1448426869950894, 0.9401053267737878, 0.25940676958737036, 0.3891405974015099, 0.35]"
98,408.1663848135911,75.78085111356847,375.35869841086964,32.807686402721515,0.973988158657019,88.32277113075658,1.0978595810229308e-10,0.00033067538117939767,5.40625,25.63435861520702,3.078546214965172,27.79209039726993,27.79209039726993,340.1171875,50.0,1141.546875,0.0,0.0,4349.0,0.0,0,32,"[0.5858808081903073, 0.946883782306358, 0.14484872663929715, 0.9400188854775839, 0.2587889623747056, 0.3888032353162265, 0.35]"
99,408.0779134041146,75.76292983583811,375.289403799305,32.78850960480965,0.9739705133513743,88.59338006772046,1.1011813683126093e-10,0.00033172538776359483,5.40625,25.85579297010554,4.1294028123957105,29.476262927346397,29.476262927346397,340.1171875,50.0,1141.546875,0.0,0.0,4349.0,0.0,0,32,"[0.5865832700844582, 0.9468415959071139, 0.14485474569749102, 0.9399325282415149, 0.25816948050949995, 0.38846631394204095, 0.35]"
100,407.98919599577397,75.74491919571028,375.21985594444936,32.76934005132463,0.97395289965943,88.84176392137807,1.1040146574714527e-10,0.0003378419763132123,5.375,25.860986337647773,3.5820290650008246,28.873310242488515,28.873310242488515,340.1171875,50.0,1141.546875,0.0,0.0,4349.0,0.0,0,32,"[0.5872845266165855, 0.9467993615277165, 0.1448607516186553, 0.9398462154353903, 0.2575484882711724, 0.3881296565469157, 0.35]"
101,407.90027265040663,75.72674585380702,375.15007544258464,32.750197207821955,0.9739353197325977,89.12175530062616,1.106377212067855e-10,0.0003168102739732944,5.375,24.365394754568115,3.162850560329389,27.063153793278616,27.063153793278616,340.1171875,50.0,1141.546875,0.0,0.0,4343.0,0.0,0,32,"[0.5879845134672267, 0.9467570443807766, 0.14486673725230395, 0.9397599909871567, 0.2569258104898211, 0.38779345784773256, 0.35]"
102,407.81105277401707,75.70854562603414,375.0799991966719,32.73105357734515,0.9739177727357489,89.36760395364712,1.1082823547781118e-10,0.0003178093477786329,5.375,26.057714560010936,2.846000330464449,27.754917391575873,27.754917391575873,340.1171875,50.0,1141.546875,0.0,0.0,4343.0,0.0,0,32,"[0.5886832825071395, 0.9467145957011986, 0.14487269944495224, 0.9396738547560953, 0.25630151796533257, 0.38745771421892256, 0.35]"
103,407.7215786077594,75.6902495548677,375.0096557812138,32.71192282654561,0.9739002601618411,89.62393146728326,1.109641267760253e-10,0.0003188084909348741,5.375,24.81608006200986,2.3773973443894647,26.426785116200335,26.426785116200335,340.1171875,50.0,1141.546875,0.0,0.0,4354.0,0.0,0,32,"[0.5893807552659132, 0.9466720728719595, 0.14487864073288115, 0.9395878129590927, 0.2556755104870451, 0.38712245356337716, 0.35]"
104,407.63184768504436,75.67185699322377,374.9390431606146,32.69280452442984,0.9738827817703615,89.88108581708744,1.1099210439624585e-10,0.0003198101272765746,5.375,22.51158041326562,2.056257573713083,23.949811271450017,23.949811271450017,340.1171875,50.0,1141.546875,0.0,0.0,4354.0,0.0,0,32,"[0.5900769406196913, 0.946629472026012, 0.14488456172445605, 0.939501864114142, 0.25504781652693354, 0.38678765638379053, 0.35]"
105,407.54185747263944,75.65336676034183,374.8681584866173,32.673698986022146,0.9738653378680628,90.14358677179139,1.1093614915580474e-10,0.00032081463597354856,5.375,22.930632716452237,1.3441128830891103,23.512688268965576,23.512688268965576,340.1171875,50.0,1141.546875,0.0,0.0,4354.0,0.0,0,32,"[0.5907718260126535, 0.9465867941652557, 0.14489046231037195, 0.9394160116317187, 0.25441841858515574, 0.3864533426747051, 0.35]"
106,407.45166664579455,75.63485094407895,374.7970570831841,32.65460956261051,0.9738479284074167,90.39949113261407,1.1084821949225443e-10,0.00032465840497972783,5.3125,23.143555954447947,1.6224662394961342,24.643009070132393,24.643009070132393,340.1171875,50.0,1141.546875,0.0,0.0,4354.0,0.0,0,32,"[0.5914654169727624, 0.9465440333987226, 0.1448963416943808, 0.9393302552480295, 0.2537873328030807, 0.3861195087218727, 0.35]"
107,407.3611514973158,75.61616389884533,374.72562172919214,32.63552976812365,0.9738305539892957,90.66586422459436,1.1148992840048777e-10,0.0003256521189840903,5.3125,23.989501358300913,2.3711990143056028,25.342426662973594,25.342426662973594,340.1171875,50.0,1141.546875,0.0,0.0,4350.0,0.0,0,32,"[0.5921576855160879, 0.9465012020972544, 0.14490220026691178, 0.9392446009005483, 0.25315452162467567, 0.3857861789063632, 0.35]"
108,407.27036910002835,75.59737590258013,374.6539062647799,32.61646283524843,0.9738132145076397,90.93010006243374,1.1282264011924781e-10,0.0003266265687796276,5.3125,24.145094575942494,4.057700927660335,27.293098282825667,27.293098282825667,340.1171875,50.0,1141.546875,0.0,0.0,4349.0,0.0,0,32,"[0.592848636620045, 0.9464582954822264, 0.1449080380727713, 0.9391590487896847, 0.252520004293957, 0.3854533424484826, 0.35]"
109,407.17931712827396,75.5784862204595,374.58190817200784,32.597408956266136,0.9737959101252885,91.20067115456493,1.1408429756443184e-10,0.00032760360214141473,5.3125,25.806598481722176,3.8011606666259468,28.23238790006144,28.23238790006144,340.1171875,50.0,1141.546875,0.0,0.0,4349.0,0.0,0,32,"[0.5935382639676106, 0.9464153133353524, 0.14491385505689558, 0.9390735982589825, 0.2518837728650918, 0.38512101641134067, 0.35]"
110,407.08799292530176,75.55949386182807,374.509624796758,32.57836812854383,0.973778640992477,91.47318016817266,1.152815620741876e-10,0.0003285838581368871,5.3125,26.164744434936438,4.063162239617668,29.608369630295783,29.608369630295783,340.1171875,50.0,1141.546875,0.0,0.0,4348.0,0.0,0,32,"[0.5942265607606442, 0.946372257040234, 0.14491965132073897, 0.9389882529088421, 0.2512458285300738, 0.3847891982682205, 0.35]"
111,406.996393797599,75.54039775217463,374.43705334065,32.559340456949016,0.973761407289759,91.77487878341427,1.1640022279379991e-10,0.00032956709190354067,5.3125,26.80602524196729,2.832734666299075,28.56877526937751,28.56877526937751,340.1171875,50.0,1141.546875,0.0,0.0,4348.0,0.0,0,32,"[0.5949135196571809, 0.9463291286901936, 0.14492542677390038, 0.9389030132053146, 0.2506061668530462, 0.3844578959954884, 0.35]"
112,406.9045170606837,75.52119887399414,374.3641942378249,32.54032282285877,0.9737442068923691,92.0515702153098,1.174131902814679e-10,0.0003305609861723526,5.3125,24.168198127881624,3.0318906719912775,26.687951336498372,26.687951336498372,340.1171875,50.0,1141.546875,0.0,0.0,4348.0,0.0,0,32,"[0.595599203765266, 0.9462859626754305, 0.14493118865326216, 0.938817836671817, 0.2499649696192931, 0.3841269097942595, 0.35]"
113,406.812359956392,75.5018941393224,374.2910415074415,32.52131844895051,0.9737270422640184,92.32649388897809,1.1819434320159417e-10,0.00033155032775335127,5.3125,28.138374116679188,1.3657264644280076,27.79312859638594,27.79312859638594,340.1171875,50.0,1141.546875,0.0,0.0,4348.0,0.0,0,32,"[0.5962835318943454, 0.9462427348608152, 0.14493693059233687, 0.9387327684007487, 0.24932204993572135, 0.3837964388157101, 0.35]"
114,406.7199196713514,75.48248220650484,374.2175918923312,32.50232777902022,0.9737099138515585,92.61259757854783,1.1889955686683606e-10,0.0003325419400421885,5.3125,25.889320902933832,3.3162278414238244,28.170021425466985,28.170021425466985,340.1171875,50.0,1141.546875,0.0,0.0,4348.0,0.0,0,32,"[0.5969664880502175, 0.9461994450159984, 0.14494265175209103, 0.9386478139533422, 0.2486773838566007, 0.38346651074003263, 0.35]"
115,406.62719336759756,75.46296233016197,374.1438430272383,32.48335034035929,0.9736928213596207,92.89739849553382,1.195386012398103e-10,0.00033353781486227554,5.3125,22.86068299144972,2.521343129046727,25.21308192081051,25.21308192081051,340.1171875,50.0,1141.546875,0.0,0.0,4348.0,0.0,0,32,"[0.5976480880701049, 0.9461560803308315, 0.14494835165397577, 0.9385629721172742, 0.2480310022718249, 0.3831371156310775, 0.35]"
116,406.534178166159,75.44333320525217,374.06979169364814,32.46438647251088,0.9736757652009462,93.14165487274599,1.2010170635790018e-10,0.00033453643074689385,5.3125,20.509221765678376,2.432929220958613,22.152849443955347,22.152849443955347,340.1171875,50.0,1141.546875,0.0,0.0,4343.0,0.0,0,32,"[0.5983283121191546, 0.9461126488847191, 0.1449540307480097, 0.9384782482430133, 0.24738288575576267, 0.3828082637689698, 0.35]"
117,406.44087108190683,75.42358990476205,373.9954289383825,32.445442143524325,0.9736587479472543,93.43535394691605,1.2063638976655966e-10,0.000335522495040387,5.3125,22.667091208859347,1.6525574974366464,23.446308259735815,23.446308259735815,340.1171875,50.0,1141.546875,0.0,0.0,4348.0,0.0,0,32,"[0.5990070848473167, 0.9460691116920312, 0.14495968171490892, 0.9383936110282416, 0.24673271934197227, 0.3824804523305117, 0.35]"
118,406.3472804702664,75.40374051511834,373.92071864935554,32.4265618209109,0.9736417672308078,93.72635451331224,4.2032550574777616e-05,0.00033806376969902624,5.3125,25.50338240689598,1.9141959346598014,25.782372045796365,25.782372045796365,340.1171875,50.0,1141.546875,0.0,0.0,4344.0,0.0,0,32,"[0.5996844731800884, 0.9460255104696311, 0.14496531186817097, 0.9383090916609859, 0.24608082559178898, 0.3821531859307167, 0.35]"
119,406.2534167737148,75.38378999350915,373.8456852923508,32.407731481363996,0.9736248235369336,94.02119825042269,6.544422463372612e-05,0.000342292607224077,5.3125,23.21538687829161,2.0854107788181864,24.92346199142048,24.92346199142048,340.1171875,50.0,1141.546875,0.0,0.0,4348.0,0.0,0,32,"[0.6003604547362195, 0.9459818521177944, 0.14497092153382257, 0.9382246966088428, 0.24542717914048215, 0.38182648238374384, 0.35]"
120,406.15925523705107,75.3637269069931,373.77033830626465,32.388916930786415,0.9736079169712657,94.27477804251616,8.093763116479025e-05,0.00034602646089733813,5.3125,21.81242755614221,1.9711430359166116,23.248864847118966,23.248864847118966,340.1171875,50.0,1141.546875,0.0,0.0,4348.0,0.0,0,32,"[0.6010350258305085, 0.9459381365136011, 0.14497651054206975, 0.938140426938205, 0.24477178353926538, 0.3815003431861567, 0.35]"
121,406.0647909784477,75.3435452960365,373.694667868558,32.370123109889704,0.973591050283257,94.58030337409778,9.275937934472012e-05,0.00034929659408985497,5.3125,24.442653826554306,1.6111571458168328,25.014638660650235,25.014638660650235,340.1171875,50.0,1141.546875,0.0,0.0,4344.0,0.0,0,32,"[0.6017080968976622, 0.9458943378450677, 0.14498207316668965, 0.938056251834586, 0.24411431926706162, 0.3811752564975506, 0.35]"
122,405.97003500849644,75.32325535652512,373.61863197095306,32.35140303754339,0.9735742208519088,94.8898759291064,0.00010239547628687617,0.00035421320834543756,5.3125,24.656380483065732,1.7583404332981445,25.62395023414865,25.62395023414865,340.1171875,50.0,1141.546875,0.0,0.0,4350.0,0.0,0,32,"[0.6023797570666694, 0.9458504709931214, 0.14498761413008152, 0.9379722060982932, 0.2434551181978981, 0.38085074474272645, 0.35]"
123,405.87503758056585,75.30288158843251,373.5422874318008,32.332750148765044,0.97355742886115,95.19706534369448,6.690459808833538e-05,0.00033557842106682106,5.34375,23.93020068120677,3.1681411346653476,25.91999469586881,25.91999469586881,340.1171875,50.0,1141.546875,0.0,0.0,4343.0,0.0,0,32,"[0.6030499927521057, 0.9458065473779175, 0.14499313482239276, 0.9378882909968498, 0.2427941786802558, 0.38052679787405813, 0.35]"
124,405.7796880839678,75.28237080778912,373.46559593909075,32.31409214487705,0.9735406745846296,95.50861792287691,8.230086582727836e-05,0.00033985267671414465,5.34375,22.6441468403209,2.711573091801256,24.78675197198754,24.78675197198754,340.1171875,50.0,1141.546875,0.0,0.0,4354.0,0.0,0,32,"[0.6037187902794635, 0.9457625769425692, 0.1449986356565257, 0.9378045054468935, 0.24213149095288944, 0.3802034232203579, 0.35]"
125,405.6840232072392,75.26174058745517,373.3885743975816,32.295448809657586,0.9735239582474766,95.82474163357635,9.414235943872029e-05,0.0003436225812622739,5.34375,22.329072176944464,3.1462394254049286,25.424423613003455,25.424423613003455,340.1171875,50.0,1141.546875,0.0,0.0,4342.0,0.0,0,32,"[0.6043861465645849, 0.9457185476143102, 0.14500411509678243, 0.9377208565032359, 0.2414670503768661, 0.37988064069627203, 0.35]"
126,405.5880845507369,75.24101288253573,373.31124321778,32.27684133295688,0.9735072800255432,96.14585232465177,2.8993461410387056e-05,0.00032167184722554833,5.375,23.492752407037187,1.5966591017786413,24.53615830745548,24.53615830745548,340.1171875,50.0,1141.546875,0.0,0.0,4338.0,0.0,0,32,"[0.605052049329662, 0.9456744695938306, 0.1450095743134431, 0.9376373446178876, 0.24080085531571616, 0.3795584439581884, 0.35]"
127,405.49178107046487,75.22014118375142,373.2335531476656,32.25822792279929,0.973490639872938,96.47133142967951,3.0169286984627064e-05,0.00032344148586052016,5.375,24.1742332582362,2.9495030248654075,26.777552120620385,26.777552120620385,340.1171875,50.0,1141.546875,0.0,0.0,4338.0,0.0,0,32,"[0.6057165017785947, 0.9456303405417535, 0.14501501311977236, 0.9375539682369318, 0.24013291869396783, 0.379236830777983, 0.35]"
128,405.39515088994597,75.19914567495735,373.15552271882484,32.23962817112118,0.9734740379387729,96.80083561787042,3.123432946106064e-05,0.0003251394736486546,5.375,21.870766366191674,1.6383978654630482,23.001668057986535,23.001668057986535,340.1171875,50.0,1141.546875,0.0,0.0,4338.0,0.0,0,32,"[0.6063794995579358, 0.9455861571386243, 0.14502043107499782, 0.9374707297048319, 0.2394632402254221, 0.37891580973073236, 0.35]"
129,405.29819053227527,75.17802501174843,373.07714843756537,32.221042094709915,0.9734574743858954,97.1242683726956,3.221162706079639e-05,0.00032678260617795664,5.375,20.333483575086575,2.4505291949026287,22.130959485366475,22.130959485366475,340.1171875,50.0,1141.546875,0.0,0.0,4338.0,0.0,0,32,"[0.6070410362667307, 0.9455419180548701, 0.14502582811870396, 0.9373876325836452, 0.2387918188919196, 0.3785953862302319, 0.35]"
130,405.2008964759557,75.1567773505819,372.998426058767,32.20247041718866,0.9734409499634927,97.46116708607867,3.311107856074358e-05,0.00032838129768841796,5.375,24.129828503646422,2.492983330739662,26.225137706205714,26.225137706205714,340.1171875,50.0,1141.546875,0.0,0.0,4343.0,0.0,0,32,"[0.6077010755993935, 0.9454976417164485, 0.1450312050580916, 0.9373046820312934, 0.23811861361716896, 0.3782755852958534, 0.35]"
131,405.1032651746916,75.13540173352214,372.9193526068433,32.18391256784838,0.9734244643113238,97.79561305333125,3.3941835012374355e-05,0.00032994370548740186,5.375,24.03350044187391,2.5387498972122557,26.31961234146729,26.31961234146729,340.1171875,50.0,1141.546875,0.0,0.0,4343.0,0.0,0,32,"[0.6083596334905923, 0.9454533194280377, 0.14503656207682572, 0.9372218749926683, 0.23744365775187626, 0.3779563895638939, 0.35]"
132,405.00529302263624,75.11389649517577,372.83992404177803,32.16536898085819,0.9734080179714882,98.1386528289117,3.471218302086854e-05,0.00033147624975541723,5.375,23.14261598075973,2.2949483900447376,25.195384987455327,25.195384987455327,340.1171875,50.0,1141.546875,0.0,0.0,4353.0,0.0,0,32,"[0.6090166906053482, 0.945408952863447, 0.1450418980456765, 0.9371392183230544, 0.23676692820482173, 0.3776378239059156, 0.35]"
133,404.9069763795534,75.0922605144648,372.7601371066279,32.1468392729255,0.9733916107127245,98.48295330107177,3.54297784634916e-05,0.0003329845462249438,5.375,21.885929483687505,1.5862169020692818,22.805138665717095,22.805138665717095,340.1171875,50.0,1141.546875,0.0,0.0,4343.0,0.0,0,32,"[0.609672255697962, 0.945364539280428, 0.145047213493603, 0.9370567075257886, 0.23608844768116635, 0.37731987778413095, 0.35]"
134,404.80831338184055,75.07049364576692,372.679991785062,32.1283215967785,0.9733752429567725,98.83189725277302,3.610160172806687e-05,0.00033994398739650234,5.34375,19.930611219024286,1.7446651763748378,21.21875684679253,21.21875684679253,340.1171875,50.0,1141.546875,0.0,0.0,4353.0,0.0,0,32,"[0.6103263096286395, 0.9453200850815547, 0.14505250860970675, 0.9369743484493244, 0.23540820025030787, 0.3770025614482015, 0.35]"
135,404.7092966545446,75.0485916042812,372.59947646140404,32.109820193140514,0.9733589148129567,99.18337804903905,3.673320245356493e-05,0.0003414527626115387,5.34375,21.78481680311961,1.4377690604305826,22.737792649422772,22.737792649422772,340.1171875,50.0,1141.546875,0.0,0.0,4350.0,0.0,0,32,"[0.6109788517558554, 0.9452755825592568, 0.14505778249648113, 0.9368921449381288, 0.2347261898269661, 0.3766858836165867, 0.35]"
136,404.60992420748215,75.02655423020268,372.51859105805187,32.09133314943026,0.9733426265723871,99.54099323770978,3.7314275132427355e-05,0.00034294246764256014,5.34375,20.792841227375902,2.6490412492421456,23.278567045053933,23.278567045053933,340.1171875,50.0,1141.546875,0.0,0.0,4343.0,0.0,0,32,"[0.6116298652570935, 0.9452310445633406, 0.1450630361926776, 0.9368100948481483, 0.234042405113768, 0.37636985128353756, 0.35]"
137,404.51019218262843,75.00438016885809,372.4373318754592,32.07286030716923,0.973326378236157,99.80880447822497,3.786481330481095e-05,0.00034441941670193706,5.34375,20.718882646178827,1.5910394649836235,21.676819167623762,21.676819167623762,340.1171875,50.0,1141.546875,0.0,0.0,4343.0,0.0,0,32,"[0.6122793531163656, 0.9451864621846215, 0.14506826913442858, 0.9367282014486044, 0.23335685625259378, 0.3760544677415758, 0.35]"
138,404.4100937154251,74.98205864808853,372.3556756698472,32.054418045577926,0.9733101762810207,100.17362617359962,3.8389001697058944e-05,0.00034595789405809116,5.34375,21.097311706398614,2.0459545849007554,22.288842366833705,22.288842366833705,340.1171875,50.0,1141.546875,0.0,0.0,4343.0,0.0,0,32,"[0.6129270983680974, 0.9451417888480164, 0.14507346856197798, 0.9366464231680325, 0.2326689116268498, 0.37574070373384827, 0.35]"
139,404.3096560187046,74.95960340189724,372.27357284791645,32.036083170788125,0.9732940146209509,100.54259850798607,4.9276437312339993e-05,0.0003506992244479781,5.34375,22.711579760652967,2.1069218346383423,24.021762365009636,24.021762365009636,340.1171875,50.0,1141.546875,0.0,0.0,4343.0,0.0,0,32,"[0.6135733015319624, 0.9450970767619599, 0.14507864713906582, 0.936564804606763, 0.2319792052066714, 0.37542759201715326, 0.35]"
140,404.2088883035485,74.93702852082292,372.1910568763323,32.01783142721616,0.9732778935086309,100.91759859376438,6.708542080513524e-05,0.0003584424350806713,5.34375,22.089012127253227,2.170150379242841,23.819465131964535,23.819465131964535,340.1171875,50.0,1141.546875,0.0,0.0,4343.0,0.0,0,32,"[0.6142179496848785, 0.9450523293301005, 0.1450838054468964, 0.9364833503449567, 0.23128773100087932, 0.3751151365097574, 0.35]"
141,404.1077515516307,74.91431388381582,372.10815370237526,31.999597849255466,0.9732618130557807,101.29129359106703,7.978819724829833e-05,0.0003654737276237167,5.34375,21.858665175386705,2.614056567836087,24.152867881639395,24.152867881639395,340.1171875,50.0,1141.546875,0.0,0.0,4338.0,0.0,0,32,"[0.614861040116625, 0.9450075421681353, 0.14508894311394618, 0.9364020619815207, 0.23059449026465065, 0.3748033482888453, 0.35]"
142,404.0062376716347,74.89145582549686,372.0248575915898,31.981380080044858,0.973245773626743,101.67241948946311,8.983741849544202e-05,0.0003715869251584629,5.34375,24.760706422966905,1.50255965127144,25.25063139910344,25.25063139910344,340.1171875,50.0,1141.546875,0.0,0.0,4338.0,0.0,0,32,"[0.6155025540041795, 0.9449627297902464, 0.14509406070365666, 0.936320941172763, 0.22989947552535314, 0.3744922220770214, 0.35]"
143,403.90438054813393,74.86847596796869,371.9411847501411,31.963195797992867,0.9732297753847287,102.05226332897729,9.813369707201147e-05,0.00035137753305862875,5.375,22.305225640593562,2.033554010267835,23.207527825434227,23.207527825434227,340.1171875,50.0,1141.546875,0.0,0.0,4353.0,0.0,0,32,"[0.6161424849232524, 0.9449178885006492, 0.1450991582822493, 0.9362399910869516, 0.22920268316489067, 0.3741817721096152, 0.35]"
144,403.8020919462496,74.84532276459217,371.8570724271538,31.9450195190958,0.9732138186305258,102.44416933638847,0.00010535058504190786,0.00034656848604585163,5.3125,24.38060067652259,2.951633170596324,26.61584036104614,26.61584036104614,340.1171875,50.0,1141.546875,0.0,0.0,4353.0,0.0,0,32,"[0.6167808196486824, 0.9448730244105537, 0.14510423587809082, 0.9361592134812334, 0.22850410595976856, 0.37387200594514763, 0.35]"
145,403.6994695361426,74.8220347969453,371.77259925884266,31.926870277299965,0.9731979033036326,102.83857473806965,3.9687752673600585e-05,0.00032419032656943406,5.34375,23.913106204418,5.761494947364554,29.317007720237598,29.317007720237598,340.1171875,50.0,1141.546875,0.0,0.0,4349.0,0.0,0,32,"[0.6174175645844899, 0.9448281284999757, 0.1451092926820018, 0.9360786089573108, 0.22780375881228107, 0.3735629243112702, 0.35]"
146,403.5964029322116,74.79858558984836,371.68768913790666,31.908713794305047,0.9731820294552546,103.2607843726931,4.0080797946373536e-05,0.00032615326075412156,5.34375,28.289296584262047,1.1089766121585853,26.802656924701296,26.802656924701296,340.1171875,50.0,1141.546875,0.0,0.0,4459.0,28.0,0,32,"[0.6180527153126314, 0.9447832035874909, 0.14511432937888039, 0.9359981779827942, 0.22710164775855954, 0.3732545238199534, 0.35]"
147,403.49292729165546,74.77498159512673,371.6023490816344,31.89057821002107,0.9731661950475066,103.6572633908822,2.6884966540130506e-05,0.00031929438794567534,5.28125,26.055704307509586,1.5221416688291356,26.477726554730907,26.477726554730907,340.1171875,50.0,1141.546875,0.0,0.0,4460.0,29.0,0,32,"[0.6186863341273208, 0.9447382832075222, 0.14511935223504907, 0.9359178776563619, 0.22639791510310597, 0.37294663368488223, 0.35]"
148,403.3890531793292,74.75122633631231,371.5166055459025,31.87244763342671,0.9731504031002974,104.0663912574645,2.790959435072793e-05,0.0003209988290226121,5.28125,25.251623752410524,2.4036564864218235,26.966384655679576,26.966384655679576,340.1171875,50.0,1141.546875,0.0,0.0,4387.0,0.0,0,32,"[0.6193183156354992, 0.9446933466124082, 0.1451243551087625, 0.935837760299237, 0.22569237803859898, 0.3726394632001529, 0.35]"
149,403.2847687052034,74.7273147334788,371.4304375502095,31.854331154993897,0.9731346532682581,104.47564704198487,2.8846214372713064e-05,0.0003226632765148451,5.28125,25.3549384069629,2.477052381436806,26.954583314363845,26.954583314363845,340.1171875,50.0,1141.546875,0.0,0.0,4499.0,68.0,0,32,"[0.6199486774030586, 0.944648383268863, 0.1451293375375465, 0.9357578234793439, 0.22498506918731045, 0.3723329965480447, 0.35]"
150,403.18006920528774,74.70324470239257,371.3438400188254,31.83622918646231,0.9731189460979451,104.8931833793499,2.9704734830993118e-05,0.0003242964157944498,5.28125,24.096351109619718,2.9734214549534954,26.1620033197687,26.1620033197687,340.1171875,50.0,1141.546875,0.0,0.0,4501.0,70.0,0,32,"[0.620577394750248, 0.9446034025979054, 0.14513429971813482, 0.9356780725122698, 0.22427596715439313, 0.3720272504057788, 0.35]"
151,403.07494995942636,74.67901466467607,371.2568085568454,31.818141402580963,0.9731032814472301,105.31382257387457,3.0494232855726722e-05,0.00032590353542874816,5.28125,25.045948030310683,2.567171773989685,27.049126380006783,27.049126380006783,340.1171875,50.0,1141.546875,0.0,0.0,4501.0,70.0,0,32,"[0.6212044747775021, 0.9445583996757029, 0.145139241588255, 0.9355985050874248, 0.22356508968720462, 0.3717222205615354, 0.35]"
152,402.96940617658186,74.65462265668084,371.1693381893065,31.80006798727536,0.9730876596439103,105.74076743769639,3.122294843516116e-05,0.00032748726831070764,5.28125,25.721121390233748,1.487131608882919,25.058857223484665,25.058857223484665,340.1171875,50.0,1141.546875,0.0,0.0,4446.0,15.0,0,32,"[0.6218299051238542, 0.9445133733729271, 0.14514416277400422, 0.9355191268789661, 0.22285242808609704, 0.37141792163255327, 0.35]"
153,402.8634329941379,74.63006686083256,371.0814241251382,31.782008868999696,0.9730720808019274,106.17168491492329,3.189843342221721e-05,0.00032905168255366096,5.28125,27.361080072296318,1.8270179280079901,26.916999770037364,26.916999770037364,340.1171875,50.0,1141.546875,0.0,0.0,4378.0,0.0,0,32,"[0.6224536787430703, 0.944468329294686, 0.14514906384082646, 0.9354399369471144, 0.2221379861109342, 0.37111435104546003, 0.35]"
154,402.7570254754809,74.60534530683304,370.99306132121126,31.763964154269548,0.9730565452084629,106.60351353749034,3.252758551131052e-05,0.00033059962233412694,5.28125,24.657044945342932,2.102992482832633,25.60094055661466,25.60094055661466,340.1171875,50.0,1141.546875,0.0,0.0,4371.0,0.0,0,32,"[0.623075782971853, 0.9444232713927946, 0.14515394486117703, 0.9353609384623097, 0.2214217585636654, 0.3708115150674453, 0.35]"
155,402.65018177539775,74.58045956084393,370.9042498404924,31.74593193490532,0.9730410532769254,107.04309408755182,3.3116712557568206e-05,0.00033861598256074756,5.25,24.843654879077803,2.0634164538932964,26.0606053925585,26.0606053925585,340.1171875,50.0,1141.546875,0.0,0.0,4353.0,0.0,0,32,"[0.6236962023603771, 0.9443781990758302, 0.14515880532040618, 0.9352821361699158, 0.22070373033526583, 0.37050943841085354, 0.35]"
156,402.5428905079946,74.55540057075743,370.81497425266724,31.727916255327408,0.9730256048730908,107.48942157415618,3.367093205675076e-05,0.0003401912060511236,5.25,26.02715985995019,2.583671157481149,27.651126438286155,27.651126438286155,340.1171875,50.0,1141.546875,0.0,0.0,4353.0,0.0,0,32,"[0.62431493848568, 0.9443331202360625, 0.14516364626718625, 0.9352035252534813, 0.2199839218100695, 0.3702080979363787, 0.35]"
157,402.43514975488205,74.5301698528525,370.7252345289876,31.70991522589447,0.973010200384989,107.94197336204452,3.417901855495842e-05,0.0003417473815499154,5.25,27.105106419185176,2.4295353578054346,27.913054189411923,27.913054189411923,340.1171875,50.0,1141.546875,0.0,0.0,4353.0,0.0,0,32,"[0.6249319819431363, 0.9442880207118864, 0.14516846611889758, 0.9351251154584961, 0.21926231870757082, 0.3699075300737027, 0.35]"
158,402.3269541678435,74.50476558289138,370.6350256734264,31.6919284944171,0.9729948397349145,108.42136928556899,3.4660909617123536e-05,0.0003432973810442507,5.25,27.029478529584594,3.0059703640290536,28.049109780113213,28.049109780113213,340.1171875,50.0,1141.546875,0.0,0.0,4353.0,0.0,0,32,"[0.6255473322185934, 0.9442429092885041, 0.14517326581545958, 0.9350469015884967, 0.2185389376289779, 0.3696077161871636, 0.35]"
159,402.2182984717326,74.47918781733797,370.54434539302656,31.67395307870602,0.9729795207939036,108.88158079361025,3.511780713738588e-05,0.0003448521523576996,5.25,25.67085211921949,4.053355834912509,28.663725352089386,28.663725352089386,340.1171875,50.0,1141.546875,0.0,0.0,4348.0,0.0,0,32,"[0.626161054169306, 0.9441978203176897, 0.14517805193007566, 0.9349688421962056, 0.21781391839520609, 0.3693084783436889, 0.35]"
160,402.1092479835054,74.45346531426281,370.45325177095515,31.65599621255027,0.9729642464489228,109.34444527586099,3.553681015056043e-05,0.00034884364390054735,5.1875,26.22483445884427,2.9727354121860117,27.990044647594914,27.990044647594914,340.1171875,50.0,1141.546875,0.0,0.0,4348.0,0.0,0,32,"[0.6267730526500425, 0.9441527210344545, 0.14518281742441702, 0.9348909887766912, 0.21708709723414604, 0.36901003061091664, 0.35]"
161,401.9996574058382,74.42753025071606,370.361607057093,31.638050348745228,0.9729490168447522,109.81697836218649,3.5941050334997726e-05,0.00035035481260974256,5.1875,26.66617592331022,2.7843547795782797,28.286221400776412,28.286221400776412,340.1171875,50.0,1141.546875,0.0,0.0,4353.0,0.0,0,32,"[0.6273833190807079, 0.944107619304855, 0.14518756286511394, 0.9348133412652674, 0.2163584785764975, 0.3687123665148641, 0.35]"
162,401.8895898873092,74.40141283631867,370.26947075026555,31.62011913704367,0.972933832124379,110.29222698034091,3.631144692661792e-05,0.0003518323244209502,5.1875,26.456415449501947,2.8281845516175963,27.86265224131057,27.86265224131057,340.1171875,50.0,1141.546875,0.0,0.0,4353.0,0.0,0,32,"[0.6279918481922842, 0.9440625121195501, 0.14519228815547724, 0.9347359024039371, 0.21562806461816109, 0.36841549279414737, 0.35]"
163,401.77911529554046,74.37514935591422,370.1769084070306,31.602206888509812,0.9729186925912927,110.776007496687,3.666762337273255e-05,0.0003561267484005015,5.125,24.932799882662948,2.7723455787054263,26.85698281857185,26.85698281857185,340.1171875,50.0,1141.546875,0.0,0.0,4353.0,0.0,0,32,"[0.6285986289237606, 0.9440173999716874, 0.14519699281393078, 0.9346586751369258, 0.2148958498110232, 0.3681194229887789, 0.35]"
164,401.6680792166586,74.34866181359443,370.083774104432,31.584305112226673,0.9729035982319514,111.26558969434184,3.699564966508362e-05,0.00035758355384697346,5.125,26.345328878960572,2.157011811505072,27.033206206397153,27.033206206397153,340.1171875,50.0,1141.546875,0.0,0.0,4347.0,0.0,0,32,"[0.6292036596691041, 0.9439722856152819, 0.14520167752343677, 0.9345816583079478, 0.21416184472135757, 0.3678241511107897, 0.35]"
165,401.5565489078162,74.32198518682482,369.9901308447662,31.566418063049998,0.9728885493841606,111.71421318934973,3.731228604841874e-05,0.00035900478912031814,5.125,25.443815233302303,1.7047681758413091,26.011311150796246,26.011311150796246,340.1171875,50.0,1141.546875,0.0,0.0,4347.0,0.0,0,32,"[0.6298069292885093, 0.9439271650824659, 0.14520634149205014, 0.9345048573299792, 0.21342604203547555, 0.36752969539518937, 0.35]"
166,401.4445187698088,74.29511247041788,369.89596612105896,31.548552648749812,0.9728735499919416,112.21215847751114,3.760019942111725e-05,0.00036038882351829707,5.125,27.224239631323144,3.606554280850105,29.02903043286642,29.02903043286642,340.1171875,50.0,1141.546875,0.0,0.0,4342.0,0.0,0,32,"[0.6304082925790092, 0.9438820245138936, 0.1452109802831065, 0.9344282629923599, 0.2126881424717581, 0.36723653921695687, 0.35]"
167,401.33199867901305,74.26804642583087,369.80123636701467,31.530762311998338,0.9728585968478664,112.76005147104345,3.788273162008693e-05,0.0003643073308485029,5.125,26.133918065170292,2.8630295273615047,28.061101656930987,28.061101656930987,340.1171875,50.0,1141.546875,0.0,0.0,4348.0,0.0,0,32,"[0.6310078592080743, 0.9438368930473189, 0.14521559929533903, 0.9343518899481036, 0.21194842899393054, 0.3669442161053259, 0.35]"
168,401.21899922893175,74.24077582408093,369.705959235219,31.51303999371281,0.9728436881736772,113.2710349419715,1.0313248785198681e-05,0.00032527572347451454,5.03125,26.13579767057672,2.675071627891157,28.15991381794447,28.15991381794447,340.1171875,50.0,1141.546875,0.0,0.0,4348.0,0.0,0,32,"[0.6316057199569293, 0.9437917093214369, 0.14522019594336583, 0.9342757314683984, 0.211207004856803, 0.36665268572684945, 0.35]"
169,401.1054787745375,74.2133170818162,369.61017185262244,31.495306921915137,0.9728288260320187,113.78932940089933,1.3829130320441863e-05,0.0003274217404968958,5.03125,25.63962030399125,2.7695832613972016,27.709856411092915,27.709856411092915,340.1171875,50.0,1141.546875,0.0,0.0,4348.0,0.0,0,32,"[0.6322017716519474, 0.9437465376951906, 0.1452247729462977, 0.9341997972158531, 0.21046377478696368, 0.366361990001615, 0.35]"
170,400.9914343492823,74.18565758680985,369.5138459158893,31.477588433393034,0.9728140103943451,114.31776381915729,1.6512349353625666e-05,0.0003293594197331023,5.03125,26.878347089223098,2.972602283989545,27.99165393662406,27.99165393662406,340.1171875,50.0,1141.546875,0.0,0.0,4358.0,0.0,0,32,"[0.6327960193479534, 0.9437013700641886, 0.14522932948603337, 0.9341240877368586, 0.2097187516717078, 0.3660721323962781, 0.35]"
171,400.8768593380808,74.15779500380178,369.41697511026916,31.45988422781162,0.9727992412789345,114.85329187411415,1.868626802270512e-05,0.0003311748147365721,5.03125,22.769117873394862,2.0608926206477918,24.397757013502996,24.397757013502996,340.1171875,50.0,1141.546875,0.0,0.0,4354.0,0.0,0,32,"[0.6333884619159633, 0.9436562053379176, 0.14523386577668862, 0.9340486036107368, 0.20897194520539755, 0.36578311056015045, 0.35]"
172,400.7617471213641,74.1297267104383,369.3195527332673,31.442194388096873,0.9727845190311386,115.39114465794336,2.0510942612350647e-05,0.0003329068426125313,5.03125,24.225187167758122,1.6402276014559902,24.370710059884004,24.370710059884004,340.1171875,50.0,1141.546875,0.0,0.0,4358.0,0.0,0,32,"[0.6339790841471314, 0.9436110477059065, 0.1452383819128704, 0.933973348980188, 0.20822334903510453, 0.365494933032854, 0.35]"
173,400.64609101030385,74.10145021465007,369.2215722320538,31.42451877825001,0.9727698437825008,115.93503006303874,2.208399972669639e-05,0.00033458475278790197,5.03125,27.2148174335598,2.808951714541763,28.286528315220494,28.286528315220494,340.1171875,50.0,1141.546875,0.0,0.0,4347.0,0.0,0,32,"[0.6345678802078591, 0.9435659000301644, 0.1452428779594719, 0.9338983235608633, 0.20747296785793506, 0.3652076005647679, 0.35]"
174,400.52988423952297,74.07296261842083,369.12302646711464,31.406857772408365,0.9727552160298285,116.48830401817563,2.3449387896778973e-05,0.0003362154581291961,5.03125,23.617740778718144,1.4538064060616307,24.663892851094715,24.663892851094715,340.1171875,50.0,1141.546875,0.0,0.0,4358.0,0.0,0,32,"[0.6351548272590237, 0.9435207683439524, 0.14524735437249717, 0.9338235316523514, 0.20672078401451655, 0.36492113610296395, 0.35]"
175,400.41311993158314,74.04426143102899,369.02390879831376,31.389211133269406,0.9727406357935031,117.04651272159462,2.4657119184201548e-05,0.0003378114413385333,5.03125,19.26676684524864,1.930498969159089,21.14182466175407,21.14182466175407,340.1171875,50.0,1141.546875,0.0,0.0,4353.0,0.0,0,32,"[0.6357399298995886, 0.9434756405465375, 0.14525180996113551, 0.9337489769557461, 0.2059668082357367, 0.3646355478471449, 0.35]"
176,400.2957911183961,74.01534406724889,368.92421243716194,31.371578681234187,0.972726103228325,117.61217094111122,2.5728727069740387e-05,0.00033937849789712304,5.03125,20.795085343706887,2.260126559122,22.671273072774056,22.671273072774056,340.1171875,50.0,1141.546875,0.0,0.0,4353.0,0.0,0,32,"[0.6363231749752315, 0.9434305345036769, 0.14525624618714655, 0.9336746558993438, 0.2052110462812495, 0.3643508178078806, 0.35]"
177,400.17789070604636,73.98620762543435,368.8239300820925,31.35396062395386,0.9727116186969637,118.18601886718447,2.669656941955978e-05,0.0003409222489020736,5.03125,22.855759067169856,2.7379263192415237,25.148777189315297,25.148777189315297,340.1171875,50.0,1141.546875,0.0,0.0,4353.0,0.0,0,32,"[0.6369045521374754, 0.9433854416859806, 0.1452606619124888, 0.9336005751748084, 0.20445348918627965, 0.3640669744910732, 0.35]"
178,400.05941150570175,73.95684932164941,368.7230545642669,31.336356941434822,0.9726971824197638,118.7700023858334,2.757655392748859e-05,0.0003424478997677451,5.03125,24.878200238163117,3.994412734755315,27.980584076431114,27.980584076431114,340.1171875,50.0,1141.546875,0.0,0.0,4353.0,0.0,0,32,"[0.637484050962488, 0.9433403640449773, 0.14526505746423168, 0.933526738226939, 0.20369413692527252, 0.3637840221169035, 0.35]"
179,399.9403462918045,73.92726674625835,368.6215792278824,31.31876706392208,0.9726827941709846,119.3589069037424,2.8378955913233028e-05,0.0003439584394300571,5.03125,22.650623301160522,1.542386547953356,23.81106976099545,23.81106976099545,340.1171875,50.0,1141.546875,0.0,0.0,4353.0,0.0,0,32,"[0.6380616803738921, 0.9432953030161543, 0.14526943306087353, 0.9334531394821931, 0.20293301363457203, 0.3635019420182765, 0.35]"
180,399.82068756469687,73.89745675575243,368.51949623639496,31.301191328301925,0.9726684544515244,119.95162450581086,2.9112996639213407e-05,0.00034545365247191484,5.03125,21.06881969666574,1.5977829389157705,22.55497260193806,22.55497260193806,340.1171875,50.0,1141.546875,0.0,0.0,4353.0,0.0,0,32,"[0.6386374188576674, 0.9432502613805679, 0.1452737887895168, 0.9333797853987391, 0.20217010371745084, 0.3632207568234485, 0.35]"
181,399.7004278366468,73.8674162675158,368.41679785335333,31.283629983293487,0.972654163738565,120.54795544228743,2.9787054579344385e-05,0.00034693382576792844,5.03125,21.199774244450964,1.882392432889901,22.56517174100736,22.56517174100736,340.1171875,50.0,1141.546875,0.0,0.0,4353.0,0.0,0,32,"[0.6392112480271601, 0.9432052417186334, 0.14527812409016969, 0.9333066811060949, 0.20140539573282235, 0.36294048556182973, 0.35]"
182,399.57963193467344,73.83715743683805,368.3135448228165,31.26608711185704,0.972639922468408,121.16023355787766,3.0408752465849176e-05,0.00035087215863382863,4.96875,23.104941872588824,2.1462165386765264,24.55201345583191,24.55201345583191,340.1171875,50.0,1141.546875,0.0,0.0,4351.0,0.0,0,32,"[0.6397831465083214, 0.9431602512215129, 0.1452824397081421, 0.9332338302064364, 0.20063887716708584, 0.3626611445647384, 0.35]"
183,399.458148346994,73.80664724802347,368.20959395217164,31.24855439482235,0.9726257302783654,121.78109809294187,3.098510297272483e-05,0.0003523295589926851,4.96875,20.82706303917803,1.8667497570277192,22.66177967976546,22.66177967976546,340.1171875,50.0,1141.546875,0.0,0.0,4351.0,0.0,0,32,"[0.6403531319893154, 0.9431152826252092, 0.14528673525382368, 0.9331612294061804, 0.19987057919497264, 0.36238271454671106, 0.35]"
184,399.33612953885483,73.77595128137597,368.105089723915,31.231039814939887,0.9726115874029918,122.40892298587217,3.1522455639088065e-05,0.00035535389241912437,4.90625,22.420867411710788,1.8417128885630518,23.8011734909378,23.8011734909378,340.1171875,50.0,1141.546875,0.0,0.0,4351.0,0.0,0,32,"[0.6409211959580212, 0.9430703337646259, 0.1452910104341409, 0.9330888813586039, 0.1991005007918109, 0.36210520839683413, 0.35]"
185,399.2133903539224,73.74496048869605,367.99985564661114,31.213534707311286,0.9725974938961431,123.04617742832868,3.20096037671469e-05,0.00035674086622279236,4.90625,24.358442708035,2.087957749608904,26.08454595610965,26.08454595610965,340.1171875,50.0,1141.546875,0.0,0.0,4351.0,0.0,0,32,"[0.6414873331056729, 0.9430254129680357, 0.14529526598122836, 0.9330167844124465, 0.19832865207871994, 0.36182861422325824, 0.35]"
186,399.0900097867955,73.71372363866418,367.8939662737995,31.196043512995967,0.9725834502185355,123.69007878477451,3.246560032410528e-05,0.0003580978084993349,4.90625,20.298146235290915,1.772342155163642,21.78760225069709,21.78760225069709,340.1171875,50.0,1141.546875,0.0,0.0,4352.0,0.0,0,32,"[0.6420515265739348, 0.942980515497858, 0.14529950131747657, 0.9329449458008215, 0.19755502005755995, 0.36155296096428113, 0.35]"
187,398.965980038368,73.68223797904443,367.7874140276805,31.178566010687497,0.9725694564779693,124.33901437761953,3.2896341951804686e-05,0.0003594564331213064,4.90625,23.1946234634961,2.1134886701474898,24.95505931437947,24.95505931437947,340.1171875,50.0,1141.546875,0.0,0.0,4352.0,0.0,0,32,"[0.642613769893365, 0.942935647506334, 0.1453037168614249, 0.9328733654438197, 0.1967796131286433, 0.3612782394883069, 0.35]"
188,398.8412926280231,73.65050012428154,367.6801903364374,31.161102291585678,0.972555513032724,124.99699706139597,3.328216840392528e-05,0.00036080574125870477,4.90625,23.32516689784825,1.6699605039320886,24.9004026336479,24.9004026336479,340.1171875,50.0,1141.546875,0.0,0.0,4352.0,0.0,0,32,"[0.6431740487512939, 0.9428908129822564, 0.14530791230960086, 0.9328020455392226, 0.1960024264150046, 0.36100446193558383, 0.35]"
189,398.7159388892966,73.61850662264676,367.57228644798266,31.143652441313943,0.9725416201819647,125.71022198331018,3.364993227261692e-05,0.0003621561887288689,4.90625,20.181591520668007,2.6414541207486764,22.600548691116273,22.600548691116273,340.1171875,50.0,1141.546875,0.0,0.0,4351.0,0.0,0,32,"[0.6437323492786869, 0.9428460134184171, 0.14531208807713805, 0.9327309896876135, 0.195223454894447, 0.3607316423628435, 0.35]"
190,398.589910068769,73.5862553743071,367.46369536016664,31.12621470860239,0.9725277765300724,126.38828752754253,3.398555519806834e-05,0.00036351262724914734,4.90625,20.945630269125104,1.9955990428570658,22.69413370959228,22.69413370959228,340.1171875,50.0,1141.546875,0.0,0.0,4347.0,0.0,0,32,"[0.6442887430683378, 0.9428011986360567, 0.14531624207784807, 0.9326601941834842, 0.19444277222381917, 0.36045975471182845, 0.35]"
191,398.46319722285097,73.55374175248161,367.35440664031626,31.10879058253471,0.9725139837586185,127.07701716799733,3.429987086045472e-05,0.00036486213147213567,4.90625,23.433455688063987,2.6360522024333477,24.376379944442306,24.376379944442306,340.1171875,50.0,1141.546875,0.0,0.0,4352.0,0.0,0,32,"[0.6448431499685567, 0.9427564125389427, 0.14532037570050127, 0.9325896667845274, 0.19366031308815074, 0.36018884200510515, 0.35]"
192,398.33579124664936,73.5209622262777,367.2444112410227,31.09138000562661,0.9725002421527852,127.77312224581745,3.4588364269172445e-05,0.00036621210162010923,4.90625,22.19731468358077,1.7291869662585668,23.498157745052595,23.498157745052595,340.1171875,50.0,1141.546875,0.0,0.0,4352.0,0.0,0,32,"[0.6453955544883316, 0.9427116660187208, 0.14532448967667363, 0.9325194084161764, 0.19287607742268587, 0.3599189008015999, 0.35]"
193,398.2076727843951,73.48791340105046,367.1336820644805,31.073990719914526,0.9724865515727446,128.48292781847468,0.0,0.00035801402102582727,4.84375,23.964411273482256,3.265166829805821,26.296129588445183,26.296129588445183,340.1171875,50.0,1141.546875,0.0,0.0,4351.0,0.0,0,32,"[0.6459459638464521, 0.9426669553756809, 0.14532858377725388, 0.9324494182517471, 0.19209008494591912, 0.3596499195037703, 0.35]"
194,398.07885185450243,73.4545917509841,367.0222454144225,31.056606440079875,0.9724729124298432,129.19216377071115,0.0,0.00035917836450619127,4.84375,25.81875803298317,2.691071218578145,27.88761185365729,27.88761185365729,340.1171875,50.0,1141.546875,0.0,0.0,4352.0,0.0,0,32,"[0.64649436288852, 0.9426222769326783, 0.14533265755348984, 0.9323797020308225, 0.19130232577068929, 0.3593819253580912, 0.35]"
195,397.9493094958101,73.42099316893425,366.91007387751694,31.03923561829317,0.9724593252698075,129.9148826351773,0.0,0.0003603514508243147,4.84375,24.955034037702717,3.003851590619888,26.79979646927677,26.79979646927677,340.1171875,50.0,1141.546875,0.0,0.0,4352.0,0.0,0,32,"[0.6470407245539552, 0.9425776475243778, 0.1453367117414792, 0.9323102608717472, 0.19051278785969525, 0.3591149262521998, 0.35]"
196,397.81903594457253,73.38711399018536,366.7971579110996,31.02187803347293,0.9724457901753413,130.651100017127,0.0,0.000361532336907368,4.84375,22.978615947067738,1.6540211072424427,23.787352263752837,23.787352263752837,340.1171875,50.0,1141.546875,0.0,0.0,4352.0,0.0,0,32,"[0.6475850473386484, 0.942533061422417, 0.1453407460016173, 0.9322410975452334, 0.1897214785749385, 0.3588489289581453, 0.35]"
197,397.6880212694194,73.35295058108863,366.683487935518,31.00453333390147,0.9724323071214653,131.39502025986246,0.0,0.0003627225476610029,4.84375,20.35316040564794,1.6286230602418073,21.451091466587968,21.451091466587968,340.1171875,50.0,1141.546875,0.0,0.0,4352.0,0.0,0,32,"[0.6481273337210256, 0.9424885124812327, 0.14534476017512832, 0.9321722137275246, 0.18892841005665312, 0.35858393442480324, 0.35]"
198,397.5562553581036,73.31849882041166,366.5690536482721,30.98720170983154,0.972418876610637,132.17510989325982,0.0,0.0003639193961905878,4.84375,19.126350824080873,2.3028498762869276,21.091526592499577,21.091526592499577,340.1171875,50.0,1141.546875,0.0,0.0,4352.0,0.0,0,32,"[0.6486675600648062, 0.9424440116755664, 0.14534875470341563, 0.9321036123938513, 0.18813357208159076, 0.35831995399003347, 0.35]"
199,397.4237279898599,73.28375767091971,366.4538488080134,30.96987918184658,0.9724054957330887,132.9414904142227,0.0,0.00036515361097037776,4.84375,20.046647383423988,2.164304823963903,21.584039597655647,21.584039597655647,340.1171875,50.0,1141.546875,0.0,0.0,4352.0,0.0,0,32,"[0.6492058297453671, 0.9423995801077235, 0.14535273478469068, 0.9320352445061921, 0.1873371125650524, 0.3580567927919562, 0.35]"
200,397.2904287249678,73.24872054608802,366.33785964529534,30.952569079672426,0.972392167446015,133.7179352636994,0.0,0.00036637237678581593,4.84375,21.564840644714423,2.5254327701986767,23.39677519921679,23.39677519921679,340.1171875,50.0,1141.5546875,0.0,0.0,4352.0,0.0,0,32,"[0.6497420396712699, 0.94235519005474, 0.1453566948899917, 0.9319671606594595, 0.18653890360636458, 0.3577946481673496, 0.35]"
201,397.1563468868406,73.21338316415728,366.22107538577836,30.93527150106221,0.972378892212742,134.50182905327665,0.0,0.0003675989781901949,4.84375,21.631952382449526,1.719668995065149,23.01559610350523,23.01559610350523,340.1171875,50.0,1141.56640625,0.0,0.0,4351.0,0.0,0,32,"[0.6502761686028842, 0.9423108523907181, 0.14536063522558204, 0.9318993632428735, 0.1857389384083294, 0.3575335272720656, 0.35]"
202,397.0214725684335,73.17774028796623,366.1034880238197,30.91798454461386,0.9723656704288395,135.30284510750985,0.0,0.0003756479759632498,4.8125,23.187921608041506,2.239344459667336,24.69227567053167,24.69227567053167,340.1171875,50.0,1141.56640625,0.0,0.0,4351.0,0.0,0,32,"[0.6508082018534926, 0.9422665638827923, 0.14536455537550497, 0.9318318584191116, 0.1849372101198318, 0.3572734529924283, 0.35]"
203,396.88579283593606,73.1417898896314,365.9850813904425,30.90071144549364,0.9723525017249672,136.10671769590846,0.0,0.0003769574434707013,4.8125,22.29979317780817,1.7407282430212945,23.646879228181206,23.646879228181206,340.1171875,50.0,1141.56640625,0.0,0.0,4351.0,0.0,0,32,"[0.6513381531631507, 0.942222324732394, 0.1453684559679773, 0.9317646397743352, 0.18413374674854127, 0.35701440172890897, 0.35]"
204,396.7492973628251,73.10552638893415,365.865846785357,30.883450577468086,0.9723393868237956,136.92431731237926,0.0,0.0003782746911609881,4.8125,22.49939151806757,1.8126312133972533,23.855976935010403,23.855976935010403,340.1171875,50.0,1141.58203125,0.0003662109375,0.0003662109375,4352.0,0.0,0,32,"[0.6518659922781335, 0.9421781427948461, 0.1453723367269168, 0.9316977147460372, 0.18332853006912042, 0.3567563980379111, 0.35]"
205,396.61197468017116,73.06894540012209,365.7457729204715,30.866201759699628,0.972326325898508,137.7550399424327,0.0,0.0003796037334733789,4.8125,23.102002254745457,1.5323291081585921,24.513119933544658,24.513119933544658,340.1171875,50.0,1141.58203125,0.0,0.0,4352.0,0.0,0,32,"[0.6523917107975742, 0.9421340198123659, 0.1453761980006353, 0.9316310850813581, 0.1825215638809685, 0.35649944599907185, 0.35]"
206,396.4738131183878,73.03204267663247,365.62484858659934,30.848964531788432,0.9723133188327303,138.54598757034913,0.0,0.0003809459509235749,4.8125,23.366095301753376,1.8450080169714056,24.673492487636395,24.673492487636395,340.1171875,50.0,1141.58203125,0.0,0.0,4352.0,0.0,0,32,"[0.6529153178303763, 0.942089944443518, 0.14538003899993832, 0.9315647503822144, 0.18171286337927722, 0.35624355248598616, 0.35]"
207,396.3348006311582,72.99480637172249,365.5030524432161,30.83174818794209,0.9723003717875546,139.40343424652065,0.0,0.0003822272488296912,4.8125,23.570620447571855,1.9009645911864936,25.047426788660232,25.047426788660232,340.1171875,50.0,1141.58203125,0.0,0.0,4347.0,0.0,0,32,"[0.6534365718050801, 0.9420459217494506, 0.14538385594449746, 0.9314987203661009, 0.18090210338091894, 0.35598928886446135, 0.35]"
208,396.194959382742,72.95729718837305,365.3803524096522,30.814606973089845,0.9722874790751316,140.26681247965143,1.829602955716325e-05,0.00038720901404282095,4.8125,23.895016121969093,1.5284114560927264,24.61106624105014,24.61106624105014,340.1171875,50.0,1141.58203125,0.0,0.0,4352.0,0.0,0,32,"[0.6539556920006973, 0.9420019540464126, 0.14538765319691, 0.9314329901251919, 0.18008961589265376, 0.3557360888223826, 0.35]"
209,396.05428539868694,72.91952410796789,365.2567861368733,30.797499261813613,0.9722746413506677,141.148942402475,2.9273814341479465e-06,0.00036257775016217,4.84375,23.494432687584776,1.644180214498192,24.457762272504624,24.457762272504624,340.1171875,50.0,1141.58203125,0.0,0.0,4352.0,0.0,0,32,"[0.6544726510370378, 0.941958049494705, 0.14539143046214928, 0.9313675654424531, 0.17927538708901516, 0.35548397269127174, 0.35]"
210,395.9127013307711,72.8813728570742,365.13230429960515,30.78039703116592,0.9722618583448885,142.03703925958615,5.249673434182256e-06,0.0003648960716318939,4.84375,22.231317314435728,2.5299057670054026,24.66424623708008,24.66424623708008,340.1171875,50.0,1141.58203125,0.0,0.0,4352.0,0.0,0,32,"[0.654987459461713, 0.9419142048162271, 0.14539518817675293, 0.9313024436179991, 0.1784594394368814, 0.35523292610876017, 0.35]"
211,395.77021700417515,72.84287671991763,365.00691136729154,30.763305636883565,0.972249130708277,142.9435572909534,7.015603563420569e-06,0.00036703261334147493,4.84375,21.46010754222516,1.6053344297688454,21.80596908874577,21.80596908874577,340.1171875,50.0,1141.58203125,0.0,0.0,4352.0,0.0,0,32,"[0.6555000891619885, 0.9418704300333905, 0.14539892628178624, 0.9312376290579796, 0.177641759031899, 0.3549829692855464, 0.35]"
212,395.6269295797092,72.80403102392462,364.8806995203388,30.746230059370387,0.9722364583871763,143.86022644961798,8.425791735877652e-06,0.0003685891453029292,4.78125,21.746749844169244,1.4966821618145332,22.77583877730649,22.77583877730649,340.1171875,50.0,1141.58203125,0.0,0.0,4352.0,0.0,0,32,"[0.6560105426963623, 0.941826719898555, 0.14540264493285246, 0.9311731230176481, 0.1768223588814652, 0.35473410155115304, 0.35]"
213,395.4826077280832,72.76482994120855,364.7534487325462,30.729158995537034,0.9722238414691193,144.75291757774858,9.59727026561552e-06,0.0003704063872009386,4.78125,21.246514697850216,1.731407297484111,22.172252472955734,22.172252472955734,340.1171875,50.0,1141.58203125,0.0,0.0,4352.0,0.0,0,32,"[0.65651881771748, 0.9417830740612956, 0.14540634383811754, 0.9311089260510801, 0.17600124795216587, 0.3544863245280733, 0.35]"
214,395.3373445901757,72.72526276335962,364.62523967793254,30.712104912243195,0.9722112841785974,145.69893886748167,1.0590575409086256e-05,0.00037207873580012067,4.78125,21.752376916992944,2.8083705037715845,24.002516649488825,24.002516649488825,340.1171875,50.0,1141.58203125,0.0,0.0,4353.0,0.0,0,32,"[0.6570247375053093, 0.9417395212070864, 0.14541002380756804, 0.9310449980862766, 0.1751781887830759, 0.354240109998667, 0.35]"
215,395.1911611474179,72.68537994942336,364.4960437736921,30.695117373725786,0.9721987827765353,146.66131674035742,2.2184566782712523e-05,0.00037659453870257805,4.78125,22.1724759976496,2.524701900256332,24.601217832241673,24.601217832241673,340.1171875,50.0,1141.58203125,0.0,0.0,4353.0,0.0,0,32,"[0.6575284579065293, 0.9416960365583863, 0.14541368411925137, 0.9309813838829777, 0.1743534257429503, 0.35399499654407496, 0.35]"
216,395.0440291814381,72.64515548324431,364.36587421442755,30.678154967010418,0.9721863373003106,147.63296769934158,3.8056997530233616e-05,0.0003821522918949431,4.78125,25.211332162143663,2.0371956925373524,25.848120902082883,25.848120902082883,340.1171875,50.0,1141.58203125,0.0,0.0,4353.0,0.0,0,32,"[0.6580299775882907, 0.9416526195532225, 0.14541732478558356, 0.9309180830978757, 0.17352696923117142, 0.3537509835059787, 0.35]"
217,394.895954843274,72.60461378060405,364.2347409448682,30.661213898405926,0.9721739482401184,148.62081943635582,1.2826912597407869e-05,0.00035850776561246946,4.8125,23.631943498912733,1.9750435021705925,24.58752566599287,24.58752566599287,340.1171875,50.0,1141.58203125,0.0,0.0,4347.0,0.0,0,32,"[0.6585292739933996, 0.9416092788427126, 0.14542094615161738, 0.9308551000286636, 0.17269881256044345, 0.35350808181786736, 0.35]"
218,394.74685146708606,72.563643610207,364.1025792618394,30.644272205246647,0.9721616155837054,149.61850361262816,1.3396470452065046e-05,0.00036076421317083,4.8125,23.31638886971632,2.0645267868530937,24.86507965659257,24.86507965659257,340.1171875,50.0,1141.58203125,0.0,0.0,4347.0,0.0,0,32,"[0.6590263483590211, 0.9415660116846196, 0.14542454818482328, 0.9307924344917814, 0.17186896751823516, 0.3532662920541491, 0.35]"
219,394.5967363757268,72.52228635384608,363.9693975054569,30.627338870269853,0.9721493398299121,150.64126265414626,1.390522682775952e-05,0.00036289667469130177,4.8125,24.128558885422535,3.773611650103703,26.59520499582868,26.59520499582868,340.1171875,50.0,1141.58203125,0.0,0.0,4352.0,0.0,0,32,"[0.6595211801153018, 0.9415228230230848, 0.1454281306458604, 0.9307300905270393, 0.171037427279498, 0.3530256315050659, 0.35]"
220,394.44559430908265,72.48053654155298,363.835181255898,30.610413053184637,0.9721371206843918,151.67381930956674,1.436072728067117e-05,0.00036494682284474595,4.8125,25.564059877069667,2.9859588685212657,27.37860308843665,27.37860308843665,340.1171875,50.0,1141.58203125,0.0,0.0,4352.0,0.0,0,32,"[0.6600137817301229, 0.9414797070290314, 0.145431693775827, 0.9306680658271923, 0.17020421450082293, 0.35278608742499146, 0.35]"
221,394.29340971920914,72.43838784875238,363.69991486835454,30.593494850854615,0.9721249587193199,152.7246058891719,1.4769622890931089e-05,0.00036693530295716303,4.8125,25.993250317696948,1.9591482923715375,26.294167793821543,26.294167793821543,340.1171875,50.0,1141.58203125,0.0,0.0,4352.0,0.0,0,32,"[0.660504130120515, 0.9414366673626178, 0.1454352372126023, 0.9306063663497699, 0.1693693194939574, 0.3525476823302315, 0.35]"
222,394.14016679563485,72.39583432395052,363.5635829567231,30.576583838911716,0.9721128540284811,153.7903974035556,1.5137940808429562e-05,0.00036888236746917993,4.8125,22.521615494042635,2.360606893489603,24.74555453954963,24.74555453954963,340.1171875,50.0,1141.58203125,0.0,0.0,4352.0,0.0,0,32,"[0.6609922208274936, 0.9413937048755575, 0.14543876114799953, 0.9305449927729922, 0.16853275065306042, 0.3523104163890182, 0.35]"
223,393.9858494115698,72.35286993606385,363.426169881129,30.559679530440803,0.9721008066630943,154.87218578287212,1.5467487825659987e-05,0.00037079394423919813,4.8125,19.554527119908016,2.0124865259276703,21.55192434292985,21.55192434292985,340.1171875,50.0,1141.58203125,0.0,0.0,4352.0,0.0,0,32,"[0.6614780513042567, 0.9413508205177659, 0.14544226573990574, 0.9304839446357049, 0.167694517989233, 0.35207428819551523, 0.35]"
224,393.8304411231084,72.30948821355899,363.28765929083215,30.542781832276233,0.9720888170534788,155.96439809031884,1.576002736358717e-05,0.0003726739197847563,4.8125,23.36117217782885,1.6185953791136853,24.65744442451978,24.65744442451978,340.1171875,50.0,1141.58203125,0.0,0.0,4347.0,0.0,0,32,"[0.6619616032699092, 0.9413080191398394, 0.14544575093276263, 0.9304232259678462, 0.1668546180240226, 0.35183931014589137, 0.35]"
225,393.67392514977263,72.2656826548513,363.1480346325616,30.52589051721108,0.9720768854837025,157.0820884852391,1.6024755854271433e-05,0.0003745324186307024,4.8125,23.001775523880497,1.8062451927107759,24.478050880134106,24.478050880134106,340.1171875,50.0,1141.58203125,0.0,0.0,4352.0,0.0,0,32,"[0.6624428645028504, 0.9412653034545183, 0.145449216796297, 0.9303628386674373, 0.16601305185407997, 0.3516054923979705, 0.35]"
226,393.5162843921363,72.22144701290729,363.0072794824615,30.50900490967479,0.9720650118568241,158.2096755630126,1.6265895390610297e-05,0.0003763776694895313,4.8125,24.465404829243198,2.4858483957359567,26.180948756518774,26.180948756518774,340.1171875,50.0,1141.58203125,0.0,0.0,4351.0,0.0,0,32,"[0.662921839364763, 0.9412226708473146, 0.1454526633933715, 0.9303027819290273, 0.1651698352057054, 0.35137282840096423, 0.35]"
227,393.3575014013557,72.17677422942381,362.86537622840183,30.492125172953852,0.9720531968367367,159.3579347570277,1.672843120070766e-05,0.00037819108677408396,4.8125,23.2693231664598,3.814950672676787,26.28499685670249,26.28499685670249,340.1171875,50.0,1141.58203125,0.0,0.0,4352.0,0.0,0,32,"[0.6633984998689193, 0.9411801271317474, 0.14545609060646145, 0.9302430627142175, 0.1643249558990864, 0.35114134271483405, 0.35]"
228,393.19755837117737,72.13165791806831,362.72230793269125,30.475250438486068,0.9720414401871683,160.5258418160991,1.717325359917865e-05,0.0003799982537361315,4.8125,25.388321511854883,3.1976491227396764,27.376756268495228,27.376756268495228,340.1171875,50.0,1141.58203125,0.0,0.0,4352.0,0.0,0,32,"[0.6638728553244133, 0.9411376723157522, 0.1454594986964355, 0.9301836765227521, 0.16347843512152807, 0.35091101961831567, 0.35]"
229,393.0364371456276,72.08609107466167,362.5780566981108,30.4583804475168,0.9720297421890788,161.71359955708624,1.7575246710865855e-05,0.0003817948176220166,4.8125,23.635516525246203,1.767716159520205,25.063574918021914,25.063574918021914,340.1171875,50.0,1141.58203125,0.0,0.0,4352.0,0.0,0,32,"[0.6643448958537783, 0.9410953037493218, 0.14546288723319573, 0.9301246272767979, 0.1626302743954184, 0.3506818739653535, 0.35]"
230,392.87411919534327,72.04006672713604,362.4326044763154,30.441514719027815,0.9720181029718985,162.92119912168747,1.794007634403627e-05,0.000383584443986751,4.8125,22.569643741007894,1.4089063261053525,23.30175157112535,23.30175157112535,340.1171875,50.0,1141.58203125,0.0,0.0,4351.0,0.0,0,32,"[0.6648146146490131, 0.9410530250292158, 0.14546625656518536, 0.9300659154898737, 0.16178048149356056, 0.3504539038777116, 0.35]"
231,392.7105856019884,71.99357772957764,362.28593282675104,30.42465277523732,0.9720065226471194,164.1450715666225,1.827285621525121e-05,0.00038537436349536723,4.8125,21.48169513384346,1.376877749862615,22.331161111651454,22.331161111651454,340.1171875,50.0,1141.58203125,0.0,0.0,4351.0,0.0,0,32,"[0.6652820065597168, 0.9410108364593027, 0.14546960689350483, 0.9300075420575419, 0.16092906393792591, 0.350227112365453, 0.35]"
232,392.54581707356374,71.94661676944659,362.13802288340514,30.40779419015861,0.9719950014025496,165.38124627587285,1.8578207760633347e-05,0.0003871608035561253,4.8125,22.776846715714782,1.872686952992808,24.344214325537905,24.344214325537905,340.1171875,50.0,1141.58203125,0.0,0.0,4351.0,0.0,0,32,"[0.6657470660995579, 0.9409687364474559, 0.1454729376071677, 0.9299495084154462, 0.16007602771415125, 0.35000150780640066, 0.35]"
233,392.3797938905568,71.89917586195494,361.98885477371005,30.39093911684669,0.9719835399380157,166.65003652307172,1.8848001732241215e-05,0.00038894203519103507,4.8125,22.7222486937535,1.9031163901672699,24.186201975680888,24.186201975680888,340.1171875,50.0,1141.58203125,0.0,0.0,4352.0,0.0,0,32,"[0.6662097614452025, 0.9409267350334606, 0.14547624916897178, 0.9298918204897001, 0.15922135973514664, 0.34977711377620613, 0.35]"
234,392.21249593236223,71.85124785834883,361.8384094118333,30.37408652052887,0.9719721379349597,167.92672442342823,1.909496793439658e-05,0.00039072806085120246,4.8125,22.85761825623922,2.1361705075833015,24.804223961837124,24.804223961837124,340.1171875,50.0,1141.58203125,0.0,0.0,4352.0,0.0,0,32,"[0.6666701077641611, 0.9408848249190261, 0.14547954132386096, 0.9298344765790929, 0.15836508420623624, 0.34955391461592317, 0.35]"
235,392.0439026475528,71.80282465709821,361.6866663658324,30.357236281720358,0.9719607958822138,169.23124784982488,1.932212150768109e-05,0.000392517977817444,4.8125,19.24808787589427,2.452228043694049,21.542528869758826,21.542528869758826,340.1171875,50.0,1141.58203125,0.0,0.0,4355.0,0.0,0,32,"[0.6671280822637163, 0.94084301559973, 0.14548281451371822, 0.9297774789442532, 0.15750719597237475, 0.3493319243624659, 0.35]"
236,391.87399307064925,71.75389847144878,361.53360532621593,30.340387744433286,0.9719495137854623,170.55574991741958,1.9518927906858607e-05,0.00039430957109255055,4.8125,19.063930165430065,2.304008863575291,21.171727814362384,21.171727814362384,340.1171875,50.0,1141.58203125,0.0,0.0,4355.0,0.0,0,32,"[0.6675836868892212, 0.9408013020522121, 0.14548606831000388, 0.9297208283299401, 0.1566477070142501, 0.3491111456118093, 0.35]"
237,391.7027457645919,71.7044610825608,361.3792052647119,30.323540499879975,0.9719382919096549,171.90598587806764,1.970357437341974e-05,0.00039610717918381084,4.8125,19.015564605069812,1.9082240833085962,20.870560787443537,20.870560787443537,340.1171875,50.0,1141.58203125,0.0,0.0,4355.0,0.0,0,32,"[0.668036910857208, 0.9407596859564668, 0.1454893026074489, 0.9296645272064004, 0.15578662072010424, 0.348891586389139, 0.35]"
238,391.53013885716666,71.65450436526099,361.22344500954677,30.30669384761988,0.971927130257795,173.27610079929403,1.986016742971941e-05,0.0003979102935919025,4.8125,22.02489724732004,1.9819215085590258,23.570791381644085,23.570791381644085,340.1171875,50.0,1141.58203125,0.0,0.0,4359.0,0.0,0,32,"[0.6684877522887261, 0.9407181692410247, 0.1454925179325857, 0.9296085750288707, 0.15492394888712127, 0.34867324104328223, 0.35]"
239,391.35615000469465,71.60401992050929,361.06630282192225,30.28984718277237,0.971916028956062,174.67022615636546,2.0006578814957265e-05,0.0003997166751721962,4.8125,23.858490108978003,1.4629237339249812,24.389163925661705,24.389163925661705,340.1171875,50.0,1141.58203125,0.0,0.0,4350.0,0.0,0,32,"[0.6689362074573545, 0.9406767507417386, 0.1454957138941452, 0.9295529732797035, 0.15405970021786378, 0.3484561121906317, 0.35]"
240,391.1807563845639,71.55299895228471,360.9077562430275,30.273000141536336,0.9719049883015696,176.08140920705227,2.0127651438439642e-05,0.00040152871135692937,4.8125,22.492755299026612,1.3478524051606655,23.361486055364367,23.361486055364367,340.1171875,50.0,1141.58203125,0.0,0.0,4350.0,0.0,0,32,"[0.6693822629827035, 0.9406354337759272, 0.14549889073871697, 0.9294977235582218, 0.153193875924778, 0.3482402116439, 0.35]"
241,391.0039346548803,71.50143257863705,360.7477824666141,30.25615218826617,0.9718940084986613,177.51799657611718,2.024203073647257e-05,0.00040335727886472436,4.8125,22.959205496590585,2.26868964091409,24.714168939681258,24.714168939681258,340.1171875,50.0,1141.58203125,0.0,0.0,4356.0,0.0,0,32,"[0.6698259090933567, 0.9405942227859436, 0.1455020487382082, 0.9294428265235699, 0.15232648154406317, 0.34802554186555, 0.35]"
242,390.82566100766576,71.44931171361272,360.58635812653347,30.239302881132296,0.9718830898557392,178.9832061598516,2.0329689886633417e-05,0.000405184545345829,4.8125,19.299217958177906,2.0918346563121304,21.264967908791732,21.264967908791732,340.1171875,50.0,1141.58203125,0.0,0.0,4360.0,0.0,0,32,"[0.6702671333677207, 0.9405531197782434, 0.1455051877019997, 0.9293882857482048, 0.1514575199634877, 0.34781211060101125, 0.35]"
243,390.6458688874144,71.396555844369,360.423413913714,30.222454973700387,0.9718722324731882,180.4639172728603,2.0410858537101007e-05,0.00040709138469856884,4.75,23.253775347257033,1.4247455692384392,24.034581198066007,24.034581198066007,340.1171875,50.0,1141.58203125,0.0,0.0,4355.0,0.0,0,32,"[0.6707059323046013, 0.940512121252267, 0.14550830762435416, 0.9293341023213126, 0.15058699853662458, 0.3475999279401571, 0.35]"
244,390.4646161300491,71.34329529608989,360.2590149648161,30.205601165232995,0.9718614366416399,181.9777202113012,2.0473254681796504e-05,0.00040916846537899495,4.75,23.12346501275897,1.919385467772372,24.29416910308646,24.29416910308646,340.1171875,50.0,1141.58203125,0.0,0.0,4355.0,0.0,0,32,"[0.6711422928975759, 0.9404712347924209, 0.1455114085170101, 0.929280277037994, 0.14971492187928045, 0.3473889936912642, 0.35]"
245,390.28183670677635,71.28945216951648,360.0930928503066,30.18874385646966,0.9718507022052703,183.51646042107507,2.052312116607169e-05,0.00041127933966099406,4.75,20.62340854172362,1.4259260569815524,21.90895516105229,21.90895516105229,340.1171875,50.0,1141.58203125,0.0,0.0,4355.0,0.0,0,32,"[0.671576220939314, 0.9404304592977956, 0.14551449070396225, 0.9292268084645349, 0.14884130725593392, 0.3471792964922311, 0.35]"
246,390.09750460497287,71.23501651622786,359.925622084387,30.17188252058584,0.9718400293816,185.08327567978588,2.0565541848593938e-05,0.00041342613099406124,4.75,20.063387040863745,2.1178692404646426,22.046315971238073,22.046315971238073,340.1171875,50.0,1141.58203125,0.0,0.0,4355.0,0.0,0,32,"[0.6720077097162587, 0.9403897904824196, 0.14551755368424846, 0.92917369896048, 0.14796615880488456, 0.34697085304622366, 0.35]"
247,389.91159324852424,71.17997830124416,359.7565767478027,30.1550165007216,0.9718294183570175,186.67532253397718,2.058585128450474e-05,0.0004156037525253058,4.75,23.041022213874385,1.6375098421121947,24.595787755970377,24.595787755970377,340.1171875,50.0,1141.58203125,0.0,0.0,4355.0,0.0,0,32,"[0.6724367504341926, 0.9403492312331018, 0.14552059769280892, 0.9291209505794419, 0.14708948321405996, 0.34676366409764875, 0.35]"
248,389.72407542749056,71.12432705130917,359.58593012011954,30.138145307370976,0.9718188694551281,188.291105384479,2.0600085961053338e-05,0.00041781744477344004,4.75,20.417881838511676,2.106522260874044,22.28004685457563,22.28004685457563,340.1171875,50.0,1141.58203125,0.0,0.0,4350.0,0.0,0,32,"[0.6728633308952047, 0.9403087822399537, 0.1455236223582063, 0.9290685657168705, 0.14621128236799935, 0.34655774435409054, 0.35]"
249,389.5349233400061,71.06805245933465,359.4136553289692,30.1212680110369,0.9718083826543944,189.93863887586514,2.0603953426068244e-05,0.0004200726054389108,4.75,21.98370149562834,2.0512213013716973,23.986390377103817,23.986390377103817,340.1171875,50.0,1141.58203125,0.0,0.0,4350.0,0.0,0,32,"[0.6732874494836885, 0.940268447975784, 0.14552662834098032, 0.9290165428522676, 0.1453315693972018, 0.3463530830615288, 0.35]"
250,389.3441085566232,71.01114375770594,359.2397246248299,30.104383931793336,0.9717979581748735,191.61260573021804,2.059040023461023e-05,0.0004223652412857111,4.75,21.166404905670788,1.5424694211105816,22.39580611785641,22.39580611785641,340.1171875,50.0,1141.58203125,0.0,0.0,4355.0,0.0,0,32,"[0.6737090968125738, 0.9402282311055771, 0.14552961563772793, 0.9289648839591819, 0.14445035026691028, 0.3461496834238051, 0.35]"
251,389.1516019664886,70.95358964599451,359.0641093049891,30.08749266149956,0.9717875964066142,193.3156322464057,2.0570919980311686e-05,0.0004246969977645681,4.75,21.600766922347248,1.678222710324917,22.78162098082248,22.78162098082248,340.1171875,50.0,1141.58203125,0.0,0.0,4355.0,0.0,0,32,"[0.674128259371039, 0.9401881284811077, 0.1455325835893855, 0.928913592444481, 0.14356762391428446, 0.3459475718525032, 0.35]"
252,388.9573738101492,70.89537920626034,358.8867807400909,30.070593070058358,0.9717772971991647,195.04538649774588,2.054365381454204e-05,0.00042707650589766054,4.75,20.943696363247,1.8654441373655573,22.545482192072086,22.545482192072086,340.1171875,50.0,1141.58203125,0.0,0.0,4351.0,0.0,0,32,"[0.6745449427275378, 0.9401481406590844, 0.14553553245205952, 0.9288626657589847, 0.142683407588783, 0.3457467355481738, 0.35]"
253,388.7613936355544,70.83650052613147,358.7077087681047,30.053684867449718,0.971767061196747,196.81128073849982,2.0497974258848473e-05,0.0004294899815184374,4.75,20.917253001243807,1.5736135537736118,22.32161958090728,22.32161958090728,340.1171875,50.0,1141.58203125,0.0,0.0,4355.0,0.0,0,32,"[0.6749591164056628, 0.940108279892066, 0.14553846287643193, 0.9288121099479878, 0.141797694824843, 0.34554718679227087, 0.35]"
254,388.56359390868766,70.77688817970383,358.5268228366306,30.036771072057153,0.9717568881631201,198.60860219090313,0.0,0.00043366611847054076,4.6875,19.542035086487886,2.377946708293166,21.763777265732642,21.763777265732642,340.1171875,50.0,1141.58203125,0.0,0.0,4358.0,0.0,0,32,"[0.6753707935883768, 0.9400685363178932, 0.1455413742915724, 0.9287619228790421, 0.14091050408547848, 0.34534892504784453, 0.35]"
255,388.36401412319384,70.71663618910338,358.3441718063801,30.019842316813772,0.9717467781793934,200.4403321780351,0.0,0.00043653156967423973,4.6875,20.959213805326726,2.318273029231932,23.214079461467918,23.214079461467918,340.1171875,50.0,1141.58203125,0.0,0.0,4349.0,0.0,0,32,"[0.6757799695494727, 0.940028913173791, 0.14554426703605758, 0.9287121040269071, 0.1400218452110519, 0.34515194749019684, 0.35]"
256,388.16258671918376,70.6556803803824,358.1596846821522,30.002902037031525,0.9717367314757605,202.3027305729606,0.0,0.0004394798339590893,4.6875,21.674161522241775,1.793165793060325,23.272440193977673,23.272440193977673,340.1171875,50.0,1141.58203125,0.0,0.0,4350.0,0.0,0,32,"[0.6761866348785797, 0.9399894126798575, 0.14554714099398666, 0.9286626561482534, 0.1391317244773515, 0.34495625705052113, 0.35]"
257,387.95927815389564,70.59400791839694,357.9733287758223,29.98594937807332,0.9717267481983823,204.20250154756005,0.0,0.00044250451943253944,4.6875,20.195695156871807,1.700705906841904,21.200456321821548,21.200456321821548,340.1171875,50.0,1141.58203125,0.0,0.0,4350.0,0.0,0,32,"[0.6765907833705509, 0.9399500365536027, 0.14554999621246512, 0.9286135786450739, 0.13824014919229125, 0.34476185984221464, 0.35]"
258,387.75405422029667,70.53160609561183,357.78507099181604,29.968983228480624,0.9717168283082216,206.20630765070757,0.0,0.00044561266715669704,4.6875,22.9467552198912,1.623132819077,24.0676828470896,24.0676828470896,340.1171875,50.0,1141.58203125,0.0,0.0,4345.0,0.0,0,32,"[0.6769924169663296, 0.9399107827053973, 0.14555283271661557, 0.9285648716131152, 0.13734713262536108, 0.34456875215046423, 0.35]"
259,387.5470738112009,70.4687899039346,357.59506557856366,29.952008232637233,0.9717069707467907,208.16359221811658,0.0,0.00042931361875950323,4.625,22.278339944023173,0.871427429956384,22.747872535546776,22.747872535546776,340.1171875,50.0,1141.58203125,0.0,0.0,4345.0,0.0,0,32,"[0.6773915894939825, 0.9398716115599248, 0.14555564909630292, 0.9285165326105028, 0.13645271337351994, 0.344376927946315, 0.35]"
260,387.33791910318666,70.40489995095717,357.40290743861334,29.935011664573352,0.9716971771954286,210.17106336590442,0.0,0.0004318279935899954,4.625,20.8621568599483,1.7901134851854295,22.35988158645341,22.35988158645341,340.1171875,50.0,1141.58203125,0.0,0.0,4350.0,0.0,0,32,"[0.6777882200581716, 0.9398325721815047, 0.14555844687097533, 0.9284685682951027, 0.1355568594005815, 0.3441864092371051, 0.35]"
261,387.1267395739957,70.34023685670994,357.2087407226195,29.917998851376176,0.9716874475921695,212.21378559547773,0.0,0.000434351688677346,4.625,22.05095843237359,1.51694162923377,22.980655157880392,22.980655157880392,340.1171875,50.0,1141.58203125,0.0,0.0,4350.0,0.0,0,32,"[0.6781823121571652, 0.9397936584997051, 0.14556122600074872, 0.9284209786899532, 0.1346595836826168, 0.34399719788768324, 0.35]"
262,386.9134994863873,70.27478965058204,357.0125306088334,29.90096887755392,0.9716777821310109,214.28392080292795,0.0,0.00043694801539911595,4.625,21.480901508766692,1.5580584440613165,22.64348866447108,22.64348866447108,340.1171875,50.0,1141.58203125,0.0,0.0,4357.0,0.0,0,32,"[0.6785738574671449, 0.9397548738813049, 0.14556398646913302, 0.9283737647417932, 0.13376089352462386, 0.3438092956619156, 0.35]"
263,386.69816031693244,70.20854371750367,356.8142393999859,29.883920916946515,0.9716681811555579,216.32797548511152,0.0,0.0004396227215968452,4.625,22.019897231075447,1.7012824828270823,22.75998206459917,22.75998206459917,340.1171875,50.0,1141.58203125,0.0,0.0,4350.0,0.0,0,32,"[0.6789628400470706, 0.9397162255718429, 0.14556672854897446, 0.9283269277934502, 0.13286079175583493, 0.343622709360754, 0.35]"
264,386.48070056275026,70.14150058805104,356.6138337926631,29.866866770087086,0.9716586534350019,218.4846355850045,0.0,0.0004124554258503356,4.65625,22.140799912449438,1.7911891263793223,23.358074511634186,23.358074511634186,340.1171875,50.0,1141.58203125,0.0,0.0,4355.0,0.0,0,32,"[0.6793489129346744, 0.9396777204884421, 0.14556944794904475, 0.9282804907988176, 0.13195899283440832, 0.34343815584624887, 0.35]"
265,386.2610570073862,70.0736221447151,356.4112552047604,29.84980180262584,0.9716491904062546,220.68642846660825,0.0,0.00041555082510228277,4.65625,21.187041093071457,3.2122640259331092,23.805858509149402,23.805858509149402,340.1171875,50.0,1141.58203125,0.0,0.0,4354.0,0.0,0,32,"[0.6797324162229885, 0.939639347540374, 0.14557214866606177, 0.9282344344241494, 0.13105580352174587, 0.343254925590338, 0.35]"
266,386.03924915629784,70.0049864558204,356.2064848495298,29.83276430676809,0.9716397918927607,222.94862865323796,0.0,0.00041982324505309635,4.65625,22.26120729756076,1.7095485745812766,23.445294544217177,23.445294544217177,340.1171875,50.0,1141.58203125,0.0,0.0,4350.0,0.0,0,32,"[0.6801133577046085, 0.9396011050886194, 0.1455748307035726, 0.9281887551683963, 0.1301512405123609, 0.34307301056405914, 0.35]"
267,385.8151798789311,69.93549653898846,355.99947867260255,29.815701206328544,0.9716304557873292,225.23172329503544,0.0,0.00042385620191370127,4.65625,22.54757084301673,1.5603423889842816,23.747407904011197,23.747407904011197,340.1171875,50.0,1141.58203125,0.0,0.0,4355.0,0.0,0,32,"[0.680491810496509, 0.9395630153539011, 0.14557749795279556, 0.9281434180858179, 0.12924537447621842, 0.34289227092894786, 0.35]"
268,385.5889794016398,69.86539292026661,355.79035961157035,29.798619790069438,0.9716211844951218,227.5562097282595,2.5674562431632353e-07,0.0004064344115520631,4.59375,22.355329419951886,2.0239697842043824,24.289732064062264,24.289732064062264,340.1171875,50.0,1141.58203125,0.0,0.0,4355.0,0.0,0,32,"[0.6808676885815033, 0.9395250591578137, 0.14558014664293548, 0.9280984598106756, 0.12833815012665262, 0.34271285323224193, 0.35]"
269,385.3602761562522,69.79417090631163,355.5787694133421,29.78150674291008,0.9716119781142241,229.92706893814858,1.4854563241684104e-06,0.0003798477697855125,4.625,22.349482867866755,1.5518326836172491,23.48375275323633,23.48375275323633,340.1171875,50.0,1141.58203125,0.0,0.0,4361.0,0.0,0,32,"[0.6812409865715812, 0.9394872409576202, 0.14558277709560716, 0.9280538799965208, 0.12742957690471282, 0.34253475546246215, 0.35]"
270,385.12915683564813,69.72201153925307,355.36478957845634,29.764367257191832,0.9716028370670221,232.34564797857792,2.4685949422398323e-06,0.00038275783088790525,4.625,24.001748490263708,2.4449719057884067,25.2007562739891,25.2007562739891,340.1171875,50.0,1141.58203125,0.0,0.0,4353.0,0.0,0,32,"[0.6816116871997213, 0.9394495638165693, 0.14558538907004626, 0.9280096827791985, 0.12651965648602936, 0.342357989819386, 0.35]"
271,384.8955933771259,69.6489254463461,355.14839373078763,29.74719964633828,0.9715937612393771,234.81604356580243,3.2776303373616145e-06,0.00038568784636329624,4.625,23.480678180931136,1.8413233119645156,23.871218756539747,23.871218756539747,340.1171875,50.0,1141.58203125,0.0,0.0,4352.0,0.0,0,32,"[0.6819797955064648, 0.9394120248276905, 0.1455879826621484, 0.9279658660187964, 0.1256084029899165, 0.34218255456229557, 0.35]"
272,384.65953743489393,69.57489445473496,354.9295347997209,29.73000263517307,0.9715847508301471,237.32038378573424,3.950836472643715e-06,0.0003886467775604865,4.625,21.290127086103894,2.744028141023591,23.70574727683561,23.70574727683561,340.1171875,50.0,1141.58203125,0.0,0.0,4352.0,0.0,0,32,"[0.6823453031142124, 0.9393746252738753, 0.14559055787619876, 0.9279224319953154, 0.12469582349470353, 0.3420084540716393, 0.35]"
273,384.42093936231106,69.49989975244279,354.70816431195476,29.712775050356335,0.9715758062066144,239.8870238755206,4.521864120476948e-06,0.0003916356004879952,4.625,22.038328446797095,2.3510883329436183,22.922242715139873,22.922242715139873,340.1171875,50.0,1141.58203125,0.0,0.0,4352.0,0.0,0,32,"[0.6827081935423844, 0.9393373738459535, 0.1455931147802212, 0.9278793819038963, 0.12378192167246982, 0.3418356927349711, 0.35]"
274,384.17974823813154,69.42392280312191,354.48423332301184,29.695514915119666,0.9715669269560329,242.50690135817067,5.004610311498681e-06,0.0003947571525792826,4.625,18.805892774253152,2.1440784475998953,20.70534989616135,20.70534989616135,340.1171875,50.0,1141.58203125,0.0,0.0,4352.0,0.0,0,32,"[0.6830684857828185, 0.9393002620713171, 0.14559565321101925, 0.927836712001419, 0.12286671936823411, 0.34166425821166957, 0.35]"
275,383.9359118307521,69.34694369495638,354.2576905801721,29.678221250579995,0.9715581135583033,245.18277757528824,5.412458562226163e-06,0.00039799692458628575,4.625,19.9739052914083,1.5896142067504115,20.82768760737963,20.82768760737963,340.1171875,50.0,1141.58203125,0.0,0.0,4347.0,0.0,0,32,"[0.6834261605399562, 0.9392632891599824, 0.1455981730150473, 0.9277944280948011, 0.12195021540178914, 0.3414941759572942, 0.35]"
276,383.6893764808389,69.26894277684784,354.02848433656163,29.660892144277266,0.9715493657948147,247.90319536077027,5.7572021536778095e-06,0.0004013114709409539,4.625,18.932057144411374,1.9077572505921125,20.136097555223387,20.136097555223387,340.1171875,50.0,1141.58203125,0.0,0.0,4352.0,0.0,0,32,"[0.6837812253888682, 0.9392264584526537, 0.14560067460198894, 0.9277525255226424, 0.12103242762519223, 0.34132542772559, 0.35]"
277,383.44008707290953,69.18989909124626,353.7965606076687,29.643526465240804,0.9715406841749434,250.62485144517296,6.051441654886247e-06,0.0004046738531553774,4.625,20.710626064101234,1.7069926980184391,22.364913165802136,22.364913165802136,340.1171875,50.0,1141.58203125,0.0,0.0,4352.0,0.0,0,32,"[0.6841336583863908, 0.9391897758762635, 0.14560315798096143, 0.9277110090955941, 0.12011335582624272, 0.3411580281487198, 0.35]"
278,383.18798665563986,69.10978080235753,353.5618529513254,29.62613370431447,0.971532076425713,253.46226231031542,6.300847515738894e-06,0.00040813295605563425,4.625,22.047422477044165,1.720764186757151,23.558948065328877,23.558948065328877,340.1171875,50.0,1141.58203125,0.0,0.0,4352.0,0.0,0,32,"[0.68448315223002, 0.9391532513670685, 0.14560561970304658, 0.9276699001459318, 0.11919278383205016, 0.34099258567780083, 0.35]"
279,382.933016924546,69.02857690287476,353.32431587503083,29.608701049515226,0.9715235348889268,256.3568548383436,6.512066447861287e-06,0.00041192058584482494,4.625,19.943439518101513,2.0426603878149763,21.5498697507428,21.5498697507428,340.1171875,50.0,1141.58203125,0.0,0.0,4352.0,0.0,0,32,"[0.6848300136229274, 0.9391168703794576, 0.1456080627867097, 0.9276291778283648, 0.11827095199607851, 0.3408284961039878, 0.35]"
280,382.6751548091531,68.94631967701254,353.0839002570326,29.591254552120517,0.9715150594102554,259.3130298870326,6.687460679444257e-06,0.00041684140267527685,4.625,20.117488347750623,2.3429211578331888,22.075294626120012,22.075294626120012,340.1171875,50.0,1141.58203125,0.0,0.0,4352.0,0.0,0,32,"[0.6851742456674867, 0.9390806396545143, 0.14561048807919982, 0.9275888370548363, 0.11734787577328441, 0.34066574272943534, 0.35]"
281,382.41432705464564,68.86296863531545,352.8405398747483,29.57378717989738,0.9715066502889267,262.33753831545215,6.828725751084619e-06,0.00042218696352671025,4.625,19.33046820340678,2.2452520061051473,21.255780528008472,21.255780528008472,340.1171875,50.0,1141.58203125,0.0,0.0,4352.0,0.0,0,32,"[0.6855158371349542, 0.9390445596406887, 0.14561289520655052, 0.927548880895577, 0.11642356013080908, 0.3405043370104959, 0.35]"
282,382.1504473123914,68.7784659476975,352.5941728895513,29.55627442284005,0.9714983076541045,265.41721752945824,6.943499727185554e-06,0.000427484129152489,4.625,20.452309196116403,1.301453732594382,21.2035456643207,21.2035456643207,340.1171875,50.0,1141.58203125,0.0,0.0,4352.0,0.0,0,32,"[0.6858547834893537, 0.9390086271580644, 0.14561528404973317, 0.9275093122016919, 0.1154980135005928, 0.34034428616632595, 0.35]"
283,381.8834703533926,68.6928035065066,352.34475647232455,29.53871388106807,0.9714900314136121,268.56266128306123,7.035426289103697e-06,0.00040331975061943333,4.65625,18.508477776777,1.9021984335267916,20.092627601115964,20.092627601115964,340.1171875,50.0,1141.58203125,0.0,0.0,4347.0,0.0,0,32,"[0.6861910872127779, 0.9389728473381425, 0.14561765488532047, 0.9274701273417616, 0.11457125054966728, 0.34018557583654235, 0.35]"
284,381.61328929438673,68.60592331819294,352.09218481473454,29.5211044796523,0.9714818220713775,271.8297133462125,7.097869035632698e-06,0.00040893754453367515,4.65625,20.117102685617283,2.3706442370894365,21.09847913379781,21.09847913379781,340.1171875,50.0,1141.58203125,0.0,0.0,4352.0,0.0,0,32,"[0.6865247269208441, 0.9389372239642707, 0.14562000772057992, 0.9274313311261748, 0.11364327112322788, 0.3400282258369774, 0.35]"
285,381.33987548740623,68.51783451250479,351.8364257257073,29.503449761698988,0.9714736832322652,275.1171741080468,7.139924591115232e-06,0.0003847523896525005,4.6875,18.794659881677944,2.0444807669264264,20.187626098049805,20.187626098049805,340.1171875,50.0,1141.58203125,0.0,0.0,4352.0,0.0,0,32,"[0.6868555809111387, 0.938901714321621, 0.1456223366811055, 0.9273929173043619, 0.11271397535779033, 0.33987265258425886, 0.35]"
286,381.06311759433237,68.42846814790063,351.57737554352616,29.485742050806184,0.9714656111928449,278.48092443654946,7.162638737234772e-06,0.0003903505394167994,4.6875,20.613317348761484,2.7634261205093935,23.14393163396744,23.14393163396744,340.1171875,50.0,1141.58203125,0.0,0.0,4350.0,0.0,0,32,"[0.6871837755161726, 0.9388663591982478, 0.14562464766883798, 0.9273548890659036, 0.11178348956686596, 0.3397184351345936, 0.35]"
287,380.7829664947633,68.33781892526626,351.3149805211482,29.467985973615107,0.9714576058411795,281.9176689494932,7.161872984884354e-06,0.00039649301586600256,4.6875,21.6746071819216,1.3730448990827426,22.682899820210878,22.682899820210878,340.1171875,50.0,1141.58203125,0.0,0.0,4341.0,0.0,0,32,"[0.6875093172140997, 0.9388311536706977, 0.14562694032683451, 0.9273172466200751, 0.11085182826303375, 0.33956556859582965, 0.35]"
288,380.49937559765,68.24583264694243,351.0491727650623,29.450202832587724,0.9714496673595592,285.4261907796928,1.0530472038361438e-05,0.0004050999401563928,4.6875,22.179044361109845,1.893292210297659,24.01544986787485,24.01544986787485,340.1171875,50.0,1141.58203125,0.0,0.0,4347.0,0.0,0,32,"[0.6878321970944893, 0.9387961028836878, 0.14562921492701855, 0.927279989118962, 0.1099189987945253, 0.3394140565083361, 0.35]"
289,380.21227663646687,68.15247280830808,350.7799109429303,29.432365693536497,0.9714417958823748,289.0304394644594,7.10956194405199e-06,0.0003853956026555072,4.71875,19.595555051637348,2.1831199337611906,21.09285084588919,21.09285084588919,340.1171875,50.0,1141.58203125,0.0,0.0,4351.0,0.0,0,32,"[0.6881524085406626, 0.9387612099981989, 0.1456314716654934, 0.9272431183683794, 0.10898501045243127, 0.3392638954348277, 0.35]"
290,379.92152145386285,68.05777750866812,350.5070610201843,29.41446043367854,0.9714339890830074,292.7012728957536,7.060019774129955e-06,0.00039234072862732365,4.71875,22.940743088838644,1.7007600981742144,23.642089057830162,23.642089057830162,340.1171875,50.0,1141.58203125,0.0,0.0,4361.0,0.0,0,32,"[0.6884700387184168, 0.9387264846684049, 0.1456337134029609, 0.9272065990060628, 0.10804992538143483, 0.3391149577215405, 0.35]"
291,379.627044114725,67.96169924868826,350.230547312848,29.396496801876957,0.9714262494937876,296.4528364073342,6.990088292635477e-06,0.0004122953908581312,4.71875,20.717868086649105,2.1370752874645405,22.702306021528784,22.702306021528784,340.1171875,50.0,1141.58203125,0.0,0.0,4357.0,0.0,0,32,"[0.6887849919166967, 0.9386919192244085, 0.1456359372978176, 0.927170466027109, 0.10711369918980854, 0.3389673782744244, 0.35]"
292,379.3287862326147,67.86418328739589,349.95032682681244,29.378459405802246,0.9714185769297751,300.2776209625004,6.907093538899289e-06,0.00042010138093123207,4.71875,18.344427371630445,1.8348507292103022,20.132817415287718,20.132817415287718,340.1171875,50.0,1141.58203125,0.0,0.0,4356.0,0.0,0,32,"[0.689097276501382, 0.9386575113905488, 0.1456381432934008, 0.9271347162339835, 0.10617634713228491, 0.33882115021532416, 0.35]"
293,379.0266495969198,67.76520821736223,349.6662967762706,29.360352820649272,0.97141097191345,304.19910024766483,6.809245116201623e-06,0.000428073535195033,4.71875,20.42251125385519,1.820166318793781,21.950278685835656,21.950278685835656,340.1171875,50.0,1141.58203125,0.0,0.0,4356.0,0.0,0,32,"[0.6894068701594683, 0.9386232669342534, 0.14564033135042184, 0.9270993545076026, 0.1052378700694933, 0.3386762894290031, 0.35]"
294,378.72054486331575,67.66474145702236,349.378370461008,29.34217440230782,0.9714034344219837,308.2161030021887,6.69433137323594e-06,0.0004362439886080071,4.71875,20.25326901639346,1.7194929241668433,21.42116362665547,21.42116362665547,340.1171875,50.0,1141.58203125,0.0,0.0,4354.0,0.0,0,32,"[0.6897137739439057, 0.9385891848854478, 0.1456425015061161, 0.9270643806801812, 0.10429828004078093, 0.3385327931544476, 0.35]"
295,378.4104029939233,67.56275001841563,349.0864825266557,29.323920467267648,0.9713959639133328,312.31417859524566,6.570424548879572e-06,0.0004148764630770701,4.75,20.39781291387044,1.685102477495093,21.457297960296273,21.457297960296273,340.1171875,50.0,1141.58203125,0.0,0.0,4353.0,0.0,0,32,"[0.6900180108030161, 0.9385552609050473, 0.14564465388568545, 0.927029787748238, 0.10335759945977697, 0.33839063887925264, 0.35]"
296,378.09608335285384,67.45919868530247,348.79049384379675,29.305589509057103,0.9713885608315949,316.5238329615858,6.426814771032241e-06,0.00042363400295041757,4.75,18.85038713226095,1.9493227155180648,20.348923142591957,20.348923142591957,340.1171875,50.0,1141.58203125,0.0,0.0,4353.0,0.0,0,32,"[0.6903195616956893, 0.9385215007306555, 0.14564678848495036, 0.9269955781469017, 0.10241583048540216, 0.3382498423760276, 0.35]"
297,377.77751083947817,67.35405183704138,348.4903325935099,29.287178245968185,0.97138122514051,320.82442073810927,6.272426150033539e-06,0.000432679388599186,4.75,22.187988957739435,1.8061973387375474,23.271872785699088,23.271872785699088,340.1171875,50.0,1141.58203125,0.0,0.0,4352.0,0.0,0,32,"[0.6906184276914111, 0.9384879046850833, 0.14564890544581138, 0.9269617516065625, 0.10147298544059014, 0.33811039730640563, 0.35]"
298,377.45437402061896,67.24702754367311,348.18570031838055,29.2686737022384,0.9713739569621779,325.22994337709827,6.108720456587946e-06,0.00041548556382259516,4.78125,18.619036571180914,1.9429060339462012,20.21470744512044,20.21470744512044,340.1171875,50.0,1141.58203125,0.0,0.0,4352.0,0.0,0,32,"[0.6909146038367248, 0.9384544735761987, 0.14565100473186474, 0.9269283087184087, 0.10052907317718313, 0.337972307273725, 0.35]"
299,377.12698470941143,67.13857252939316,347.8768918143458,29.250092895065553,0.9713667562276604,329.74658503653325,5.924986204774996e-06,0.00042401322309347983,4.78125,20.837737691181246,1.620399227249436,21.866725677682552,21.866725677682552,340.1171875,50.0,1141.58203125,0.0,0.0,4352.0,0.0,0,32,"[0.6912080939507732, 0.9384212040942741, 0.14565308619371958, 0.9268952481121153, 0.09958410609418253, 0.3378355718708417, 0.35]"
300,376.79494235035406,67.02840325138197,347.5635260491991,29.231416301155004,0.9713596228753824,334.36254837547636,5.732246134204644e-06,0.00041976552603324247,4.78125,19.139604723022785,1.7773881991161034,20.6769210708444,20.6769210708444,340.1171875,50.0,1141.58203125,0.0,0.0,4352.0,0.0,0,32,"[0.6914989002006536, 0.9383880990124106, 0.14565514991882036, 0.9268625677693956, 0.09863809697430809, 0.33770018258050416, 0.35]"
301,376.4581278843146,66.91628255865783,347.2454837038265,29.212644180488063,0.9713525571903496,339.1042749210307,5.530373975659586e-06,0.0004003339792621204,4.8125,19.028974274988286,1.8055820764857344,20.68454457912594,20.68454457912594,340.1171875,50.0,1141.58203125,0.0,0.0,4348.0,0.0,0,32,"[0.6917870102200534, 0.9383551603252298, 0.14565719599267393, 0.9268302704466826, 0.09769105135602542, 0.33756614917784933, 0.35]"
302,376.1167079197288,66.80258297288304,346.92292240643917,29.193785513289562,0.9713455589169925,343.94858938832306,5.310561392857238e-06,0.00040758252798362267,4.8125,23.17134211625671,2.9429685819195583,25.012550730025396,25.012550730025396,340.1171875,50.0,1141.58203125,0.0,0.0,4357.0,0.0,0,32,"[0.6920724354419978, 0.9383223851558634, 0.1456592243304507, 0.9267983519962764, 0.0967429851655867, 0.337433462223451, 0.35]"
303,375.77038219248016,66.68705352756372,346.59555429360773,29.174827898872397,0.9713386283016928,348.9228446304776,5.080293716819284e-06,0.00041483502373419767,4.8125,24.059861003479455,2.209042439062614,24.551735077693593,24.551735077693593,340.1171875,50.0,1141.58203125,0.0,0.0,4347.0,0.0,0,32,"[0.6923551644315596, 0.9382897782674058, 0.1456612351655954, 0.9267668141481937, 0.09579390484622378, 0.3373021268612487, 0.35]"
304,375.4190204576183,66.56964061745195,346.2632525812478,29.155767876370554,0.9713317654685356,354.0188884341821,4.84074865303441e-06,0.0004228230052607567,4.8125,25.01265300088562,1.0564105978119187,24.287915563036222,24.287915563036222,340.1171875,50.0,1141.58203125,0.0,0.0,4351.0,0.0,0,32,"[0.6926351936925506, 0.9382573376923908, 0.14566322808801613, 0.9267356580511722, 0.09484381925348231, 0.3371721502694127, 0.35]"
305,375.0625578805742,66.45024293019864,345.925955947842,29.13660193273224,0.9713249702357153,359.23359982496294,4.58836767958104e-06,0.00040509823462436904,4.84375,22.50028823618777,1.9707370374817401,23.238567664520815,23.238567664520815,340.1171875,50.0,1141.58203125,0.0,0.0,4341.0,0.0,0,32,"[0.6929125285930589, 0.9382250676133742, 0.14566520366589666, 0.9267048796533816, 0.09389274294533201, 0.3370435165321701, 0.35]"
306,374.7003524703022,66.32886644205391,345.58304602083837,29.117306449463836,0.9713182428453226,364.5937604487237,4.3210928541981275e-06,0.0003616276842930825,4.90625,22.373781095666345,2.7318276479491033,24.23694520985009,24.23694520985009,340.1171875,50.0,1141.58203125,0.0,0.0,4347.0,0.0,0,32,"[0.693187160291222, 0.9381929674947538, 0.14566716158203832, 0.9266744808915689, 0.0929406822971719, 0.3369162388168458, 0.35]"
307,374.333103560282,66.2055273740404,345.2351871917916,29.097916368490388,0.9713115831509884,370.08823910019106,4.04433848100183e-06,0.0003693807823784243,4.90625,20.487106747168582,2.4242583458544686,22.611501954088453,22.611501954088453,340.1171875,50.0,1141.58203125,0.0,0.0,4358.0,0.0,0,32,"[0.6934590950122821, 0.9381610348612522, 0.1456691018556066, 0.9266444599744259, 0.09198765114681963, 0.33679030859517445, 0.35]"
308,373.9602890702653,66.08011660304186,344.88188044326614,29.078408626999057,0.9713049911410303,375.73357966960964,3.757948545235479e-06,0.0003774530520143938,4.90625,23.713734837656375,1.516233736765571,23.87483962229453,23.87483962229453,340.1171875,50.0,1141.58203125,0.0,0.0,4346.0,0.0,0,32,"[0.6937283322731229, 0.9381292741718388, 0.14567102471603116, 0.9266148147959843, 0.0910336607077592, 0.3366657202162333, 0.35]"
309,373.58176407985263,65.95258218549996,344.5229847462747,29.05877933357799,0.9712984670146051,381.49773069847663,3.458390057886618e-06,0.00038576375728600275,4.90625,22.909834442543797,1.9478901303955354,24.00357353326399,24.00357353326399,340.1171875,50.0,1141.58203125,0.0,0.0,4347.0,0.0,0,32,"[0.6939948654059188, 0.9380976828599649, 0.1456729297817289, 0.9265855479361206, 0.09007871822569509, 0.3365424856605124, 0.35]"
310,373.1973788917467,65.8228707194859,344.15835468702556,29.039024204721095,0.9712920107484153,387.4368408911805,3.144570023927429e-06,0.0003945109773511205,4.90625,23.94550423923647,1.5292259049601853,22.859572105517145,22.859572105517145,340.1171875,50.0,1141.58203125,0.0,0.0,4347.0,0.0,0,32,"[0.6942586935346716, 0.9380662663776361, 0.1456748174590066, 0.9265566566205017, 0.08912283521062704, 0.33642059590221585, 0.35]"
311,372.80677222625354,65.69084279452552,343.7876432089975,29.01912901725604,0.9712856221459358,393.5306716871256,2.820823600035993e-06,0.00037720488989424853,4.9375,24.459618871333078,2.1831331905559637,24.117944420140702,24.117944420140702,340.1171875,50.0,1141.58203125,0.0,0.0,4343.0,0.0,0,32,"[0.6945198250574095, 0.9380350225735592, 0.1456766878056292, 0.926528138301679, 0.08816602576167498, 0.3363000428506971, 0.35]"
312,372.41019003199176,65.55660751959424,343.411081715244,28.999108316747794,0.9712793012843227,399.7937426194782,2.4869669785765325e-06,0.0003852300978125675,4.9375,22.978187713306397,2.456128626363352,24.472795208566822,24.472795208566822,340.1171875,50.0,1141.58203125,0.0,0.0,4358.0,0.0,0,32,"[0.694778257824861, 0.9380039500854053, 0.14567854054523796, 0.9264999933250856, 0.0872082994495728, 0.33618082983151326, 0.35]"
313,372.0072652400939,65.42002341605877,343.02831714099784,28.978948099096,0.9712730481676244,406.2135531626653,2.142283761941144e-06,0.0003935757055577748,4.9375,22.71773218672024,2.773853761027567,24.710809120733757,24.710809120733757,340.1171875,50.0,1141.58203125,0.0,0.0,4347.0,0.0,0,32,"[0.6950339902814457, 0.9379730526027964, 0.14568037603465345, 0.9264722200660944, 0.08624966679896794, 0.33606295288518573, 0.35]"
314,371.5976328472575,65.28099610863026,342.63899872289494,28.958634124362526,0.9712668628198722,412.820783400511,1.7809247339073409e-06,0.00037515579710059143,4.96875,21.961096543236636,2.256917505292222,24.128011536959093,24.128011536959093,340.1171875,50.0,1141.58203125,0.0,0.0,4357.0,0.0,0,32,"[0.6952870228410137, 0.9379423278164571, 0.1456821939437984, 0.9264448190652981, 0.08529013828123662, 0.335946413555666, 0.35]"
315,371.18149255663786,65.13952740932416,342.24331263494446,28.93817992169342,0.971260745235001,419.61883093107946,1.4090645494846399e-06,0.00038275702099824547,4.96875,23.081762265064754,1.922724739415571,24.320051350514404,24.320051350514404,340.1171875,50.0,1141.58203125,0.0,0.0,4347.0,0.0,0,32,"[0.6955373544075996, 0.9379117786626683, 0.14568399460488082, 0.9264177879422663, 0.0843297244801744, 0.33583120824888735, 0.35]"
316,370.7582137021364,64.99539135214188,341.8406533729492,28.917560329187182,0.9712546954537791,426.60219379767796,1.0264880780930241e-06,0.0003655152212331752,5.0,21.5336298206239,2.213719199062325,23.563053204270545,23.563053204270545,340.1171875,50.0,1141.58203125,0.0,0.0,4347.0,0.0,0,32,"[0.6957849847494593, 0.9378814024162277, 0.14568577771417224, 0.9263911276866114, 0.08336843530784527, 0.335717341327022, 0.35]"
317,370.3278123809175,64.8482720167197,341.4310325652622,28.89677981565527,0.9712487133799415,433.77232715315574,6.329734034693502e-07,0.0003484667522972279,5.03125,23.294709557376336,2.031176474702079,24.240941544121597,24.240941544121597,340.1171875,50.0,1141.58203125,0.0,0.0,4357.0,0.0,0,32,"[0.6960299167782986, 0.937851201746321, 0.14568754351727137, 0.9263648352187688, 0.08240628308896139, 0.33560480281558336, 0.35]"
318,369.89035794375513,64.69887449735182,341.0145086971904,28.875849246564755,0.9712427989133309,441.1491304959863,2.2810380162496813e-07,0.0003657867888639836,5.03125,25.143978877167683,2.732752705924213,26.877664087805897,26.877664087805897,340.1171875,50.0,1141.58203125,0.0,0.0,4357.0,0.0,0,32,"[0.6962721544496294, 0.9378211774418367, 0.1456892920809882, 0.9263389082260384, 0.08144328004363707, 0.3354935853709201, 0.35]"
319,369.44549120511476,64.54681094994461,340.59074803343435,28.85474317168044,0.9712369522296359,448.7358457324925,1.943840644003103e-09,0.00037181199325481124,5.03125,23.951167888299096,2.701688645174727,25.795499183004722,25.795499183004722,340.1171875,50.0,1141.58203125,0.0,0.0,4347.0,0.0,0,32,"[0.6965116913378762, 0.9377913297000011, 0.14569102317801488, 0.9263133481621852, 0.08047943380444687, 0.3353836976777319, 0.35]"
320,368.9926840797682,64.39154642484321,340.15923437755055,28.83344970221768,0.9712311733070998,456.5447898955472,2.1367281277662187e-09,0.00035144994407566003,5.0625,24.121045069477987,2.3010165386949666,25.70851430937182,25.70851430937182,340.1171875,50.0,1141.58203125,0.0,0.0,4347.0,0.0,0,32,"[0.6967485275980276, 0.9377616601397234, 0.14569273701694024, 0.9262881537854111, 0.07951475511679033, 0.3352751359957869, 0.35]"
321,368.53218921170674,64.23373805132223,339.72020663522767,28.811982576479043,0.9712254619754003,464.573182725846,2.336751681042415e-09,0.0003562442617095494,5.0625,24.22361826756969,3.7423476605908945,27.22010322031565,27.22010322031565,340.1171875,50.0,1141.58203125,0.0,0.0,4341.0,0.0,0,32,"[0.6969826701213747, 0.937732169018899, 0.14569443365910992, 0.9262633218256884, 0.07854925718812447, 0.3351678895623879, 0.35]"
322,368.06314088915303,64.07249428898957,339.27282267927006,28.790318209882912,0.9712198186211042,472.85615912703344,0.0,0.00034281794413600276,5.09375,24.582216356066056,2.082842605886981,25.03344770957483,25.03344770957483,340.1171875,50.0,1141.58203125,0.0,0.0,4358.0,0.0,0,32,"[0.6972141031895502, 0.9377028594026533, 0.14569611292631587, 0.9262388551391053, 0.07758294440776689, 0.3350619751951978, 0.35]"
323,367.5859522253508,63.908557952256196,338.817478798184,28.768473427166786,0.9712142428051653,481.3706957480012,0.0,0.00037304688346676,5.09375,23.950056318426505,2.37785011267988,25.56888557592174,25.56888557592174,340.1171875,50.0,1141.58203125,0.0,0.0,4346.0,0.0,0,32,"[0.6974428456149276, 0.9376737260948943, 0.14569777483881413, 0.9262147493012903, 0.07661583381443975, 0.3349573740474222, 0.35]"
324,367.10023666944227,63.74151819744921,338.3538201060844,28.7464165633579,0.9712087345648872,490.16888319914483,0.0,0.00037860974910628993,5.09375,22.775752731831744,1.8824186408892274,23.755671238177456,23.755671238177456,340.1171875,50.0,1141.58203125,0.0,0.0,4352.0,0.0,0,32,"[0.6976688945160209, 0.9376447745143598, 0.14569941967879532, 0.9261910020274431, 0.0756479350702708, 0.3348540827950261, 0.35]"
325,366.60560592945563,63.57122795273763,337.8814568502837,28.724149079171923,0.9712032938998771,499.1930180619635,0.0,0.000384486460758173,5.09375,22.402726746804547,1.9688897591549903,23.841887938033324,23.841887938033324,340.1171875,50.0,1141.58203125,0.0,0.0,4357.0,0.0,0,32,"[0.6978922517179698, 0.9376160007822456, 0.14570104706107304, 0.9261676141278798, 0.07467925841593688, 0.3347521047100904, 0.35]"
326,366.10178599209866,63.39759246926487,337.4001221262927,28.701663865805966,0.9711979211049087,508.51142028189713,0.0,0.0003905928557801175,5.09375,22.10032816947205,1.7218969951500185,22.48892177158268,22.48892177158268,340.1171875,50.0,1141.58203125,0.0,0.0,4353.0,0.0,0,32,"[0.6981129031036731, 0.9375874126635477, 0.14570265729228757, 0.9261445858726577, 0.07370980988065484, 0.33465144523704954, 0.35]"
327,365.58849136425505,63.22051445842984,336.9095387253524,28.6789526389027,0.9711926156800192,518.1329014781476,0.0,0.0003969170079421042,5.09375,23.202087664685678,1.7625664186198264,24.485322770487983,24.485322770487983,340.1171875,50.0,1141.58203125,0.0,0.0,4352.0,0.0,0,32,"[0.6983308696019346, 0.9375590076853676, 0.14570425047496827, 0.9261219109427887, 0.07273960687688537, 0.3345520812413, 0.35]"
328,365.0654244034283,63.03989207462496,336.4094169714059,28.6560074320225,0.97118737763851,528.0691816053826,0.0,0.0004034730439542468,5.09375,23.407356020470615,3.067766832828056,25.82359706138959,25.82359706138959,340.1171875,50.0,1141.58203125,0.0,0.0,4353.0,0.0,0,32,"[0.698546151665609, 0.9375307828754083, 0.14570582643748803, 0.9260995896978362, 0.07176865904525437, 0.3344540170797534, 0.35]"
329,364.5322746467059,62.855619498775454,335.89945473426565,28.63281991244034,0.9711822070005501,538.3040615167669,0.0,0.00041028066289747683,5.09375,25.109083726420067,1.7850101576186717,25.13235826336313,25.13235826336313,340.1171875,50.0,1141.58203125,0.0,0.0,4353.0,0.0,0,32,"[0.6987587483549468, 0.9375027401746264, 0.14570738515789777, 0.9260776212028703, 0.07079697633485323, 0.3343572497270844, 0.35]"
330,363.9887181372902,62.66758675316241,335.3793367519378,28.609381385352485,0.9711771037152641,548.8856041910724,0.0,0.000417347757227002,5.09375,24.89258138666628,2.9623579830513336,26.347547260229476,26.347547260229476,340.1171875,50.0,1141.58203125,0.0,0.0,4353.0,0.0,0,32,"[0.6989686619345211, 0.9374748787156422, 0.14570892666483706, 0.9260560038970393, 0.06982456917766885, 0.334261778973892, 0.35]"
331,363.43441661398555,62.47567944604173,334.84873379420804,28.58568281977753,0.9711720677947927,559.8102511958314,0.0,0.00042475672628580877,5.09375,23.91195995733142,4.291515186196193,27.600800109212287,27.600800109212287,340.1171875,50.0,1141.58203125,0.0,0.0,4353.0,0.0,0,32,"[0.6991758912886833, 0.937447201199922, 0.14571045106406819, 0.9260347366798005, 0.06885144752818019, 0.3341676004897703, 0.35]"
332,362.8690167199677,62.27977860013607,334.3073019574309,28.561714762536724,0.9711670992006267,571.0762145048535,0.0,0.00043263004880378223,5.09375,25.758122188562993,2.431558881653473,26.928101877274457,26.928101877274457,340.1171875,50.0,1141.58203125,0.0,0.0,4348.0,0.0,0,32,"[0.699380437906734, 0.9374197091614201, 0.14571195835875103, 0.9260138178184522, 0.06787762195016074, 0.33407470946888684, 0.35]"
333,362.29214916784065,62.079760554633665,333.7546819307472,28.537467237093466,0.9711621977593016,582.7413213253562,0.0,0.00044101972316351633,5.09375,23.092804294719826,2.7364567649783567,25.13578911020886,25.13578911020886,340.1171875,50.0,1141.58984375,0.0,0.0,4348.0,0.0,0,32,"[0.6995823093849902, 0.9373924018024876, 0.14571344850130277, 0.9259932442213221, 0.06690310456889388, 0.3339830983636656, 0.35]"
334,361.70342772214633,61.87549612933343,333.19049756305895,28.51293015908732,0.9711573635591724,594.7895446651274,0.0,0.00044990185254899185,5.09375,22.777908910939004,2.0793705043615773,24.357001660973765,24.357001660973765,340.1171875,50.0,1141.58984375,0.0,0.0,4357.0,0.0,0,32,"[0.6997815016601109, 0.9373652802903174, 0.14571492159216104, 0.9259730159604945, 0.06592790388319067, 0.33389277045446214, 0.35]"
335,361.1024483178239,61.66685106532496,332.614355543245,28.488092774578867,0.9711525964984326,607.2441797308485,0.0,0.0004595215780656759,5.09375,25.672012889117468,1.957693362783175,25.72802138456609,25.72802138456609,340.1171875,50.0,1141.58984375,0.0,0.0,4358.0,0.0,0,32,"[0.6999780196150058, 0.9373383437214072, 0.14571637748997124, 0.9259531313059427, 0.0649520310768229, 0.33380372068564684, 0.35]"
336,360.488787916868,61.45368560297564,332.02584415302505,28.4629437638429,0.971147896384005,620.1473179778574,0.0,0.00046968665381887564,5.09375,24.96896505181212,1.8632942883414216,25.773908921109978,25.773908921109978,340.1171875,50.0,1141.59765625,0.0,0.0,4352.0,0.0,0,32,"[0.7001718705274925, 0.9373115938672008, 0.14571781640217257, 0.9259335862375202, 0.06397549827985269, 0.3337159375135603, 0.35]"
337,359.8620597299083,61.23594598338119,331.42458924578045,28.437470484127807,0.9711432633328487,633.493530262905,0.0,0.0004581578120669505,5.09375,23.24607557966374,1.5471201550099067,24.088407422823366,24.088407422823366,340.1171875,50.0,1141.59765625,0.0,0.0,4352.0,0.0,0,32,"[0.7003630497241822, 0.9372850319217144, 0.14571923823292823, 0.9259143815052829, 0.06299831380236323, 0.3336294237492466, 0.35]"
338,359.22168666503217,61.013295749951,330.8100236714182,28.411662993613945,0.9711386972835059,647.3122519221774,0.0,0.0004703488033139051,5.09375,24.311353532539215,3.3983480752795003,26.798411447089165,26.798411447089165,340.1171875,50.0,1141.59765625,0.0,0.0,4352.0,0.0,0,32,"[0.7005515600126451, 0.9372586582585843, 0.1457206429340776, 0.9258955148536611, 0.06202048796194492, 0.33354417703014144, 0.35]"
339,358.56723764146625,60.78566797045862,330.1817301557421,28.38550748572416,0.9711341981063365,661.6400919085222,0.0,0.0004831658378762697,5.09375,25.53386662475532,2.7186771549168043,26.65877186518628,26.65877186518628,340.1171875,50.0,1141.6015625,0.0001220703125,0.0001220703125,4352.0,0.0,0,32,"[0.7007374070792408, 0.9372324716643046, 0.14572203048680638, 0.9258769841879947, 0.0610420318376594, 0.3334601923166912, 0.35]"
340,357.89820063010546,60.55289592305162,329.53920981231033,28.35899081779513,0.9711297658865511,676.4834455116062,0.0,0.0004970856454084415,5.09375,24.04559269780293,1.8865182282752357,24.500193481799215,24.500193481799215,340.1171875,50.0,1141.6015625,0.0,0.0,4352.0,0.0,0,32,"[0.7009205866690975, 0.9372064754959921, 0.14572340100024367, 0.9258587889853229, 0.06006295403911783, 0.3333774689355427, 0.35]"
341,357.21410281149036,60.31490644339047,328.881997579638,28.332105231852395,0.9711254003784199,691.8788123350265,0.0,0.0004972623430618143,5.125,22.785229863075074,2.1718813441111706,24.364551187318284,24.364551187318284,340.1171875,50.0,1141.6015625,0.0,0.0,4352.0,0.0,0,32,"[0.7011011091930814, 0.9371806689072996, 0.14572475449178734, 0.9258409251415108, 0.059083266875682376, 0.33329599653985414, 0.35]"
342,356.51425243880857,60.071321143001285,328.2094287311378,28.304823707670813,0.9711211017035345,707.8617013072422,0.0,0.0005139231057919906,5.125,23.19563765922794,2.366503482335247,24.728998505452182,24.728998505452182,340.1171875,50.0,1141.6015625,0.0,0.0,4352.0,0.0,0,32,"[0.7012789690897256, 0.9371550556898319, 0.14572609097920167, 0.9258233929786299, 0.05810297864467222, 0.3332157740899679, 0.35]"
343,355.79812287048236,59.82205275899229,327.5209856473807,28.277137223101686,0.9711168696278928,724.4549039648786,0.0,0.0005311178185304606,5.125,23.94381426711334,2.124333623214625,25.338918901979923,25.338918901979923,340.1171875,50.0,1141.6015625,0.0,0.0,4352.0,0.0,0,32,"[0.7014541773012422, 0.9371296315066585, 0.14572741029575165, 0.925806189320948, 0.05712210115494438, 0.3331367972754047, 0.35]"
344,355.0650873223451,59.566901308562485,326.8160576136746,28.24902970867049,0.9711127040314828,741.6679500996547,0.0,0.0005491392558886047,5.125,23.389677073282655,1.5167447345447727,24.246946297353134,24.246946297353134,340.1171875,50.0,1141.6015625,0.0,0.0,4352.0,0.0,0,32,"[0.7016267379722155, 0.9371043990533864, 0.1457287126291604, 0.925789311112738, 0.056140645135100364, 0.3330590563642809, 0.35]"
345,354.31425405217453,59.30559337232766,326.09378143979814,28.22047261237631,0.9711086050514781,759.5633049381519,3.6848302187308946e-11,0.0005391398136451159,5.375,24.70538160559954,2.1827990349265747,25.700109807075933,25.700109807075933,340.1171875,50.0,1141.6015625,0.0,0.0,4352.0,0.0,0,32,"[0.7017966455647667, 0.937079359913288, 0.1457299978816049, 0.925772758826324, 0.055158618397981606, 0.3329825559787846, 0.35]"
346,353.5453794992165,59.03803979854529,325.3539077821288,28.191471717087794,0.9711045725716984,778.14806721012,5.2943427419904765e-11,0.0005586329723895749,5.375,24.37774456484476,1.336577181064058,25.013329213834368,25.013329213834368,340.1171875,50.0,1141.6015625,0.0,0.0,4352.0,0.0,0,32,"[0.7019639043886653, 0.9370545161086428, 0.1457312661478647, 0.9257565294888795, 0.054176031590706324, 0.3329072868783903, 0.35]"
347,352.75735097829806,58.763859501564,324.5953623996506,28.16198857864745,0.9711006063893951,797.5326639292535,7.006217828120498e-11,0.0005528180160933587,5.40625,26.42617156379856,1.608183425560128,26.991543229087256,26.991543229087256,340.1171875,50.0,1141.6015625,0.0,0.0,4352.0,0.0,0,32,"[0.7021285237610885, 0.9370298652936475, 0.14573251730045486, 0.9257406199809615, 0.053192895921172864, 0.3328332438030284, 0.35]"
348,351.9501598569351,58.48395697418488,323.8181298759579,28.132029980977194,0.9710967065030506,817.6902168051239,3.5896734473794822e-09,0.0005591290232656934,5.40625,26.501705513510387,1.7363429651595652,26.124005729798228,26.124005729798228,340.1171875,50.0,1141.6015625,0.0,0.0,4348.0,0.0,0,32,"[0.7022905032787835, 0.9370054097296708, 0.1457337513993025, 0.9257250291239465, 0.052209220667558044, 0.3327604223855659, 0.35]"
349,351.1219630212916,58.196159033641656,323.020427104458,28.10153591683357,0.9710928728387818,838.6925233615184,1.3487921890487087e-09,0.0005376271625058862,5.46875,26.44901092571672,2.404083432338666,28.060669501428492,28.060669501428492,340.1171875,50.0,1141.6015625,0.0,0.0,4494.0,63.0,0,32,"[0.7024498464871755, 0.9369811493449112, 0.14573496835967903, 0.9257097556068761, 0.05122501567252089, 0.3326888197173312, 0.35]"
350,350.27243578811857,57.901199348768046,322.20193370327024,28.0705020848483,0.9710891053333208,860.5975126779755,1.2643264213352268e-10,0.000495102613974374,5.5625,25.922184533555992,2.1336511272238567,26.897738716797903,26.897738716797903,340.1171875,50.0,1141.6015625,0.0,0.0,4498.0,67.0,0,32,"[0.7026065559615555, 0.9369570851066867, 0.14573616817092155, 0.9256947965637032, 0.050240290601881905, 0.3326184323902505, 0.35]"
351,349.39941577554316,57.597048044175786,321.3605246787596,28.038891096783587,0.9710854038247462,883.4116259035605,4.8398969276775006e-09,0.00045531592178119215,5.75,28.096280664613005,1.6837195435073227,27.98392457771115,27.98392457771115,340.1171875,50.0,1141.6015625,0.0,0.0,4389.0,0.0,0,32,"[0.7027606377910007, 0.9369332184794429, 0.14573735099802956, 0.9256801494006595, 0.0492550561463203, 0.33254924927780344, 0.35]"
352,348.5038342050907,57.28614727474715,320.4971096713166,28.00672453377406,0.9710817682106339,907.2390632549136,4.6135064657448766e-09,0.0004603615494449966,5.875,27.037670552090276,1.6312821535393596,27.088861563242972,27.088861563242972,340.1171875,50.0,1141.6015625,0.0,0.0,4371.0,0.0,0,32,"[0.7029120965296104, 0.9369095489432688, 0.1457385167379235, 0.9256658112008739, 0.0482693222957981, 0.3324812651872516, 0.35]"
353,347.5840726319092,56.96737893905363,319.61011390803446,27.973958723874624,0.9710781985461115,932.1456955903327,4.520884999692498e-09,0.00048194299607406894,5.875,25.97232421976514,2.4819565951474942,26.883209699008148,26.883209699008148,340.1171875,50.0,1141.6015625,0.0,0.0,4365.0,0.0,0,32,"[0.7030609301067869, 0.9368860786229402, 0.1457396653077957, 0.9256517813179425, 0.04728309740393577, 0.33241448183444705, 0.35]"
354,346.6387782094879,56.64000082648093,318.6982212183012,27.940556991186675,0.9710746947411389,958.1482266922386,4.36950031712513e-09,0.0005222123178337998,5.96875,26.61314417491667,3.097421045822557,28.59996478218818,28.59996478218818,340.1171875,50.0,1141.6015625,0.0,0.0,4362.0,0.0,0,32,"[0.7032071422249445, 0.9368628081020057, 0.14574079672920895, 0.9256380578579986, 0.046296391191374214, 0.33234889421378194, 0.35]"
355,345.66695674279254,56.30394529802435,317.7604607239821,27.90649601881048,0.9710712566559898,985.3413072529487,4.1489522928372935e-09,0.00055238835634145,5.96875,26.53580083278939,4.195880152110476,29.678534498088993,29.678534498088993,340.1171875,50.0,1141.6015625,0.0,0.0,4515.0,84.0,0,32,"[0.7033507383229886, 0.9368397390890022, 0.14574191107317375, 0.9256246376450276, 0.04530921383359974, 0.3322844931137578, 0.35]"
356,344.66724836890637,55.95875130827105,316.7955070173224,27.871741351584003,0.971067884174204,1013.8130445419656,2.2468960025889828e-10,0.0005553139274942509,6.125,25.530235121550504,2.1150103566469625,27.12834381236462,27.12834381236462,340.1171875,50.0,1141.6015625,0.0,0.0,4516.0,85.0,0,32,"[0.7034917238413185, 0.9368168707912341, 0.1457430082155362, 0.9256115184491581, 0.044321575132101686, 0.3322212744230087, 0.35]"
357,343.6384650305183,55.60387723825209,315.8022228166858,27.836242213832485,0.9710645772514357,1043.602497018754,3.1567681801902836e-10,0.0005110058572556481,6.25,26.502922897634562,2.456730893754866,27.11361175897764,27.11361175897764,340.1171875,50.0,1141.6015625,0.0,0.0,4499.0,68.0,0,32,"[0.7036300999970453, 0.9367942064797964, 0.1457440882491402, 0.9255986976079068, 0.04333348424177378, 0.33215923233631467, 0.35]"
358,342.57902371104177,55.23910457759181,314.77901686353994,27.80000684750179,0.971061335826563,1074.8661782373547,3.3972957780292745e-10,0.0005173403035930133,6.40625,25.27138685400132,2.1632759599015117,26.722917617007624,26.722917617007624,340.1171875,50.0,1141.6015625,0.0,0.0,4454.0,23.0,0,32,"[0.7037658703090607, 0.9367717453427321, 0.1457451509252248, 0.92558617353291, 0.04234495041842574, 0.33209836511969565, 0.35]"
359,341.4877131837976,54.864167468262856,313.724729059935,27.762984123862534,0.971058159768734,1107.7153476850067,3.649112123582654e-10,0.0004705594389703418,6.5,28.897763171698898,3.3057830878533423,30.98677650996251,30.98677650996251,340.1171875,50.0,1141.6015625,0.0,0.0,4368.0,0.0,0,32,"[0.7038990395396909, 0.9367494893260014, 0.14574619639777167, 0.9255739433377701, 0.0413559834337796, 0.3320386637099421, 0.35]"
360,340.36251218461615,54.47833292159131,312.63738644030434,27.72512574431176,0.9710550491040186,1142.1641622928955,9.632006303661456e-10,0.0005004122891645842,6.625,25.920680542185437,2.4774053308647126,27.101235908048693,27.101235908048693,340.1171875,50.0,1141.6015625,0.0,0.0,4367.0,0.0,0,32,"[0.7040296067589804, 0.9367274406247451, 0.1457472245625607, 0.9255620056290549, 0.04036659171586972, 0.3319801272380716, 0.35]"
361,339.2020952101374,54.08133692857663,311.5156925441737,27.6864026659636,0.9710520035913899,1178.3645152271658,1.020371787063823e-09,0.0005351127783280844,6.625,25.105941960646305,4.017412524262909,28.03993134148186,28.03993134148186,340.1171875,50.0,1141.6015625,0.0,0.0,4363.0,0.0,0,32,"[0.7041575820258726, 0.9367055982002149, 0.14574823546783489, 0.9255503566881704, 0.039376785736313764, 0.331922745684968, 0.35]"
362,338.0044955528184,53.67263414010192,310.3577279173444,27.646767635474017,0.9710490233103247,1216.4695870567539,1.0720948573350597e-09,0.0005746616012799563,6.625,27.669115042954218,2.067859772068914,28.497265368059743,28.497265368059743,340.1171875,50.0,1141.6015625,0.0,0.0,4361.0,0.0,0,32,"[0.7042829621097462, 0.9366839646993378, 0.14574922900928275, 0.9255389957528654, 0.03838657341452382, 0.33186652001460815, 0.35]"
363,336.7681009894767,53.25197205456172,309.1619371125813,27.60616387689536,0.9710461081494093,1256.6481651120523,1.1147633927066636e-09,0.0005875285929335298,6.6875,28.406738863850478,3.5783554922090843,30.123552234726958,30.123552234726958,340.1171875,50.0,1141.6015625,0.0,0.0,4349.0,0.0,0,32,"[0.7044057515249502, 0.9366625420215776, 0.14575020518400905, 0.9255279194038416, 0.037395964111242457, 0.331811443720079, 0.35]"
364,335.49025224378994,52.81821629163088,307.9256922559895,27.564559987800486,0.9710432579764956,1298.917624599922,1.1434431179679905e-09,0.0006203265660563102,6.71875,25.85056894167792,2.429738364298828,26.892746151133906,26.892746151133906,340.1171875,50.0,1141.6015625,0.0,0.0,4354.0,0.0,0,32,"[0.7045259561195788, 0.9366413300326009, 0.14575116391467285, 0.9255171255379463, 0.03640496730710007, 0.3317575102941916, 0.35]"
365,334.16859518329994,52.37132807477158,306.6466971570976,27.521898026202365,0.9710404727531915,1343.571310839213,6.070313141037786e-10,0.000664459945061412,6.875,26.066849495691713,1.9751402796828188,27.210468062548898,27.210468062548898,340.1171875,50.0,1141.6015625,0.0,0.0,4440.0,9.0,0,32,"[0.7046435773634578, 0.9366203316101761, 0.1457521051474051, 0.9255066114273108, 0.03541359174543507, 0.33170471472112045, 0.35]"
366,332.801341901251,51.91037209229176,305.3232168546062,27.478125046644838,0.9710377526128244,1390.823977562917,5.529607882692744e-10,0.0006108114581553111,7.03125,29.181609323131852,1.9675440853461623,28.386129553837236,28.386129553837236,340.1171875,50.0,1141.6015625,0.0,0.0,4435.0,4.0,0,32,"[0.7047586092370468, 0.9365995510008372, 0.1457530288648942, 0.925496376504502, 0.03442184489885549, 0.3316530579719517, 0.35]"
367,331.385249371584,51.43496801769824,303.9520678881287,27.433181483455304,0.9710350971147584,1440.7964999853002,5.70368641206187e-10,0.000641608287860962,7.0625,26.43395076302113,2.791289378365036,28.961803604033776,28.961803604033776,340.1171875,50.0,1141.6015625,0.0,0.0,4366.0,0.0,0,32,"[0.7048710707528602, 0.9365789851026057, 0.1457539350305315, 0.9254864150042152, 0.03342973818635454, 0.33160252412510305, 0.35]"
368,329.9179339615401,50.944480068315066,302.5309299382063,27.387004023333766,0.971032506427511,1493.775049682135,5.185088358672374e-09,0.0005733232238457481,7.0625,26.171356679697055,2.2178168437676504,27.52380042511504,27.52380042511504,340.1171875,50.0,1141.6015625,0.0,0.0,4345.0,0.0,0,32,"[0.7049809545166578, 0.9365586382003408, 0.14575482360191544, 0.9254767266448651, 0.03243727872297558, 0.33155311641613533, 0.35]"
369,328.3959199771024,50.43776178457978,301.0564069584754,27.33951301862695,0.9710299803335407,1549.9749667680503,7.990708539296065e-09,0.0006042901486819987,7.09375,28.385540274030063,3.7849271975574084,31.041425179864746,31.041425179864746,340.1171875,50.0,1141.6015625,0.0,0.0,4344.0,0.0,0,32,"[0.7050882697713046, 0.9365385109881778, 0.14575569452366258, 0.9254673076261158, 0.0314444763049939, 0.33150482341579923, 0.35]"
370,326.81629375384546,49.914254065553905,299.52566309222874,27.29063066161673,0.9710275188980242,1609.6737238626747,9.851810478522793e-09,0.0006118080758876882,7.1875,28.241149193490855,3.7867330029257573,31.795711394806858,31.795711394806858,340.1171875,50.0,1141.6015625,0.0,0.0,4355.0,0.0,0,32,"[0.7051930141476623, 0.936518604864443, 0.14575654765119778, 0.9254581569629343, 0.030451338661755693, 0.33145764798809274, 0.35]"
371,325.17494363203514,49.37337658498984,297.9346508656838,27.240292766351324,0.9710251219284269,1673.1841428860373,1.1169504432473332e-08,0.0006418551423877382,7.25,27.522679112735204,2.0464252229430713,28.371235515805893,28.371235515805893,340.1171875,50.0,1141.6015625,0.0,0.0,4352.0,0.0,0,32,"[0.7052951953776002, 0.9364989222636734, 0.14575738300994695, 0.9254492705448962, 0.02945787528808637, 0.3314115779283674, 0.35]"
372,323.46774425916556,48.814341750219,296.27932532979503,27.1884189293705,0.9710227894459996,1740.7839623443936,1.2158682061169657e-08,0.0006179450095910867,7.375,30.186467854946386,4.109919595066458,33.20039217942394,33.20039217942394,340.1171875,50.0,1141.6015625,0.0,0.0,4350.0,0.0,0,32,"[0.7053948125804322, 0.9364794660024169, 0.14575820050913926, 0.9254406463222568, 0.0284640941845079, 0.33136661194736916, 0.35]"
373,321.69058817650694,48.236139326091674,294.55568574306466,27.134902433442257,0.9710205214079194,1813.0994710924579,1.2920731151666587e-08,0.0006187936556761918,7.46875,29.153318908356596,2.445578771585133,31.055038067279384,31.055038067279384,340.1171875,50.0,1141.6015625,0.0,0.0,4350.0,0.0,0,32,"[0.7054918677789294, 0.9364602378800206, 0.14575900001298453, 0.9254322820849069, 0.02747000378548836, 0.3313227457113995, 0.35]"
374,319.83893153561985,47.63770032750275,292.7592948186887,27.079636716931176,0.9710183177662598,1890.1185841704926,1.3475316862354703e-08,0.0005597119548979582,7.65625,29.64891533338232,3.301624339655973,32.14668104192242,32.14668104192242,340.1171875,50.0,1141.6015625,0.0,0.0,4350.0,0.0,0,32,"[0.7055863630231943, 0.9364412396395725, 0.14575978145769722, 0.9254241755301335, 0.026475612456747198, 0.3312799756972607, 0.35]"
375,317.9069471401034,47.0181806873459,290.88443227671513,27.02251486338828,0.9710161783846476,1972.8435622176291,1.3774830609492028e-08,0.0005781821482625823,7.71875,29.518109033233486,3.963237664720509,32.67703201709082,32.67703201709082,340.1171875,50.0,1141.6015625,0.0,0.0,4350.0,0.0,0,32,"[0.7056783043580017, 0.9364224730149542, 0.1457605446890088, 0.9254163231777236, 0.025480929110836277, 0.3312382935168796, 0.35]"
376,315.8893140124999,46.37659697569389,288.92589270270275,26.963421309797138,0.9710141033219872,2061.646065508028,1.3707618151670431e-08,0.0005989261312558434,7.78125,28.353598041576333,2.455484318488743,30.2769232148421,30.2769232148421,340.1171875,50.0,1141.6015625,0.0,0.0,4350.0,0.0,0,32,"[0.7057676886902895, 0.9364039418923445, 0.14576128976919595, 0.9254087231804363, 0.02448596137831453, 0.3311976987539961, 0.35]"
377,313.7796620933537,45.71186500316034,286.87744426603876,26.902217827314864,0.9710120924903312,2157.008517047514,1.3091761452699302e-08,0.0005991747050517101,7.90625,30.209825075871777,2.3214694592752494,31.004729607957415,31.004729607957415,340.1171875,50.0,1141.6015625,0.0,0.0,4344.0,0.0,0,32,"[0.7058545206886524, 0.9363856460812571, 0.1457620164149519, 0.9254013731349588, 0.02349071776938585, 0.3311581883115662, 0.35]"
378,311.5708836194358,45.022876133555286,284.7321260740041,26.83875754543169,0.9710101458952756,2259.7994617359263,1.1661782650662644e-08,0.0006187239252864458,8.0,30.041113917832263,2.2686476004309952,30.45963198383106,30.45963198383106,340.1171875,50.0,1141.6015625,0.0,0.0,4350.0,0.0,0,32,"[0.7059387994553571, 0.9363675913686161, 0.14576272463067022, 0.9253942700276044, 0.022495206295445307, 0.33111975569022273, 0.35]"
379,309.2554266016434,44.308366392977426,282.4825513125394,26.772875289104086,0.9710082634762571,2370.694874719408,9.391151856164015e-09,0.0006012735875166329,8.09375,32.597547382465564,2.7500470969243906,33.678912521281745,33.678912521281745,340.1171875,50.0,1141.6015625,0.0,0.0,4350.0,0.0,0,32,"[0.7060205276887389, 0.9363497792138178, 0.14576341432690781, 0.9253874113182743, 0.02149943519966038, 0.33108239755544006, 0.35]"
380,306.8243329242631,43.5670804076201,280.11993661652764,26.704396307735454,0.9710064451558283,2490.83020627284,6.888849046760015e-09,0.0006414819259147271,8.1875,32.15376244770596,3.5094242412014864,33.98408675275277,33.98408675275277,340.1171875,50.0,1141.6015625,0.0,0.0,4350.0,0.0,0,32,"[0.706099709175963, 0.9363322114408491, 0.14576408528239196, 0.9253807941132862, 0.02050341284192288, 0.3310461085662308, 0.35]"
381,304.2678552106509,42.798315412604886,277.63472646640054,26.633128744250364,0.9710046909739106,2621.282791481112,3.0163813669048523e-09,0.000627751741582454,8.375,31.735236814711243,4.8241969489026815,36.032640615303535,36.032640615303535,340.1171875,50.0,1141.6015625,0.0,0.0,4350.0,0.0,0,32,"[0.7061763421918921, 0.9363148912115851, 0.14576473741559356, 0.9253744164313036, 0.019507146895947555, 0.33101088846809684, 0.35]"
382,301.575432009578,42.00024579458103,275.0165866845947,26.55884532498331,0.971003000922197,2763.030112960895,0.0,0.0005671552445362006,8.625,35.87888922629645,3.0036809184821323,36.39660844783066,36.39660844783066,340.1171875,50.0,1141.6015625,0.0,0.0,4350.0,0.0,0,32,"[0.7062504273978638, 0.9362978214342771, 0.14576537053831193, 0.9253682755351407, 0.018510645307766273, 0.3309767347236329, 0.35]"
383,298.7344619442382,41.172594910102376,272.2531602920825,26.481301652155693,0.9710013791625101,2917.731136663464,0.0,0.0005301825683134745,8.875,32.90113053662935,3.016133719938807,35.10920433473075,35.10920433473075,340.1171875,50.0,1141.6015625,0.0,0.0,4344.0,0.0,0,32,"[0.7063218032203008, 0.9362810081249907, 0.14576598151360395, 0.9253623817916271, 0.01751389421003595, 0.33094394838086244, 0.35]"
384,295.7315159520089,40.31361742035862,269.33128646926184,26.400229482747108,0.9709998213721615,3086.722574122125,0.0,0.000548044026030275,9.03125,33.44337570888456,4.373772557300981,36.58444093161961,36.58444093161961,340.1171875,50.0,1141.6015625,0.0,0.0,4344.0,0.0,0,32,"[0.7063906379901257, 0.9362644498187157, 0.14576657330647524, 0.9253567193965375, 0.016516924706105614, 0.33091221523963127, 0.35]"
385,292.5512561064603,39.422505195318124,266.2359532977501,26.315302808710214,0.9709983274970437,3272.3419544557532,0.0,0.0005363577999819324,9.28125,34.476870474463794,3.9063346703187563,37.28058409615187,37.28058409615187,340.1171875,50.0,1141.6015625,0.0,0.0,4344.0,0.0,0,32,"[0.7064569343494468, 0.9362481493239452, 0.14576714570870272, 0.9253512851908623, 0.015519744854743237, 0.3308815301876959, 0.35]"
386,289.1761250381856,38.49918705306747,262.9499401688206,26.226184869365042,0.9709968974991924,3476.673987033239,0.0,0.0005521509090642249,9.46875,36.011677540955134,3.102824935922399,37.11037575703813,37.11037575703813,340.1171875,50.0,1141.6015625,0.0,0.0,4350.0,0.0,0,32,"[0.7065206942564797, 0.9362321082499425, 0.14576769856565078, 0.9253460766420476, 0.014522362549620874, 0.330851891344985, 0.35]"
387,285.5862858398982,37.543038159417584,259.45381766198045,26.1324681779178,0.9709955313212935,3702.040769202536,0.0,0.0005387479225617415,9.75,38.29947948543122,2.320202584087383,38.99545333115384,38.99545333115384,340.1171875,50.0,1141.6015625,0.0,0.0,4350.0,0.0,0,32,"[0.7065819207012277, 0.9362163270809901, 0.14576823169187247, 0.925341091472227, 0.013524785730732857, 0.3308232970895205, 0.35]"
388,281.7590002254698,36.55441582150042,255.72531435810498,26.033685867364817,0.9709942287781909,3951.2496674183694,0.0,0.0005388776723766969,10.03125,38.22490455786465,5.099619083921425,41.8327007064363,41.8327007064363,340.1171875,50.0,1141.6015625,0.0,0.0,4350.0,0.0,0,32,"[0.7066406217629339, 0.9362008062958667, 0.14576874498651177, 0.9253363254724325, 0.012527022764578682, 0.33079574031667763, 0.35]"
389,277.66881506198945,35.53473170212654,251.73950786526663,25.929307196722824,0.9709929897831989,4227.414827347762,0.0,0.0005809133287768267,10.28125,40.144639620848466,4.461525597434957,42.56735035596648,42.56735035596648,340.1171875,50.0,1141.6015625,0.0,0.0,4350.0,0.0,0,32,"[0.7066968018068186, 0.9361855458528197, 0.14576923823871743, 0.9253317759605462, 0.011529081583597047, 0.33076921901407097, 0.35]"
390,273.2869926426009,34.486245451986406,247.4682416746927,25.81875096790825,0.9709918140314396,4534.951055289278,3.355139749583458e-06,0.0006051288377836588,10.59375,38.535315172339324,2.1463810044224374,38.97045586199965,38.97045586199965,340.1171875,50.0,1141.6015625,0.0,0.0,4350.0,0.0,0,32,"[0.7067504741898841, 0.9361705424329954, 0.14576971139575617, 0.925327439031001, 0.010530970778045443, 0.33074372470695534, 0.35]"
391,268.58105334168334,33.41325540112027,242.8797931522109,25.701260189472432,0.9709907010698761,4875.753981917834,3.876725886531318e-06,0.0006068109018160849,11.0625,36.490581747784745,2.6380803683423437,38.3604701855802,38.3604701855802,340.1171875,50.0,1141.6015625,0.0,0.0,4350.0,0.0,0,32,"[0.7068016590530369, 0.9361557892838943, 0.1457701643485408, 0.925323310027168, 0.009532699269531196, 0.3307192462301759, 0.35]"
392,263.5155027961332,32.32277402535287,237.93952597880036,25.575976817332894,0.9709896502605231,5253.448853156529,4.507239584672362e-06,0.000602185634330333,11.625,37.6489840564318,1.819830242311582,38.40310318628326,38.40310318628326,340.1171875,50.0,1141.6015625,0.0,0.0,4345.0,0.0,0,32,"[0.7068503842048006, 0.9361412751931252, 0.14577059717645377, 0.9253193837435001, 0.008534276276197468, 0.3306957701978487, 0.35]"
393,258.05320341639026,31.224818763509198,232.61132538929962,25.44187802709063,0.9709886604672967,5667.640569905006,5.285151694955914e-06,0.0006847776345716694,12.09375,41.001625890203286,1.9761592120630667,41.21260904503288,41.21260904503288,340.1171875,50.0,1141.6015625,0.0,0.0,4350.0,0.0,0,32,"[0.7068966992737576, 0.9361269803969037, 0.14577100995423573, 0.9253156520839074, 0.007535712223567203, 0.33067326885757087, 0.35]"
394,252.16047071682453,30.135602843933714,226.86274582012987,25.297724896694696,0.9709877298773824,6111.770049924004,6.269202935893503e-06,0.0006491224385843302,12.9375,42.21072229120182,2.337192934646737,42.81876875029411,42.81876875029411,340.1171875,50.0,1141.6015625,0.0,0.0,4350.0,0.0,0,32,"[0.706940682609847, 0.9361128695744655, 0.14577140319198248, 0.9253121048400104, 0.006537018819831632, 0.330651702712889, 0.35]"
395,245.81786209691614,29.077492061227275,220.67584846860402,25.14201362831209,0.970986855193723,6559.347817688905,7.557097943422519e-06,0.0005711403963399523,14.0,45.13011498784181,3.5042554736719467,48.05102106911363,48.05102106911363,340.1171875,50.0,1141.6015625,0.0,0.0,4349.0,0.0,0,32,"[0.7069824761629921, 0.9360988798308344, 0.14577177791444973, 0.9253087245784195, 0.005538210936234725, 0.3306309944761713, 0.35]"
396,239.05033678906165,28.085007160547153,214.07744912757886,24.972887661482808,0.9709860302276503,6937.586126588303,4.6013397918542864e-06,0.0005796754845338926,15.15625,47.63748295226833,2.5345422909595072,48.78196849313099,48.78196849313099,340.1171875,50.0,1141.6015625,0.0,0.0,4349.0,0.0,0,32,"[0.7070223458646664, 0.9360848906124052, 0.1457721362651909, 0.9253054815931493, 0.00453930942248295, 0.3306109987488317, 0.35]"
397,232.01646987828502,27.208162992913994,207.22840255843477,24.788067319850285,0.970985241665403,7029.878692855254,5.675654358050508e-06,0.0006296977733055572,16.5,52.86930705187842,2.3623583911103196,53.72262125456473,53.72262125456473,340.1171875,50.0,1141.6015625,0.0,0.0,4344.0,0.0,0,32,"[0.7070608627713832, 0.936070641480958, 0.14577248316389754, 0.9253023153974713, 0.0035403504260562895, 0.3305913980224568, 0.35]"
398,225.28996661826392,26.536003157969027,200.70515048317608,24.584816135087813,0.970984454892181,6110.718354770839,7.402106503295869e-06,0.0007049834461255013,18.28125,60.99883792194305,3.3069544442696497,62.31523959286278,62.31523959286278,340.1171875,50.0,1141.6015625,0.0,0.0,4349.0,0.0,0,32,"[0.7070995105534776, 0.9360554515816455, 0.1457728318017567, 0.9252990745537515, 0.0025414191837998235, 0.33057136393835895, 0.35]"
399,221.13822705276237,26.147026126040092,196.77633517322033,24.36189187954203,0.970983533600324,968.1623315032933,9.572489341636015e-06,0.0006479526019549215,21.6875,66.84447089355672,3.251433117839042,68.31368414714234,68.31368414714234,340.1171875,50.0,1141.6015625,0.0,0.0,4349.0,0.0,0,32,"[0.7071441291199559, 0.9360366310722947, 0.1457732349159868, 0.9252951794375143, 0.0015428823858370027, 0.33054761734627147, 0.35]"
400,227.4358000094894,27.855879699802852,203.3068057410406,24.1289942684488,0.9709773904821594,17022.621694978534,8.415228742730818e-06,0.0007089349450386523,23.0625,72.61252540774876,3.753861354198307,75.29232082742965,75.29232082742965,340.1171875,50.0,1141.6015625,0.0,0.0,4354.0,0.0,0,32,"[0.7074124424852091, 0.9359147801448825, 0.1457756256654324, 0.9252687644118442, 0.000599775153443549, 0.3303959414798378, 0.35]"
401,221.0937377215785,26.135263042301062,196.72863003206382,24.365107689514687,0.9709769468888491,1510.8553940578565,9.363857868205372e-06,0.0006665411096145196,20.46875,63.118186822975986,3.9616109133930877,65.86349364806665,65.86349364806665,340.1171875,50.0,1141.6015625,0.0,0.0,4344.0,0.0,0,32,"[0.7074262025501149, 0.9359080781280806, 0.14577575486798588, 0.9252671904719764, 0.001599625228194423, 0.3303879993374795, 0.35]"
402,226.98778950179243,27.734259951602304,202.8600103700444,24.12777913174803,0.9709730321230549,15912.770193489012,8.285988349676643e-06,0.0008073366196937987,22.75,75.91277109168004,2.9134332726243883,74.60731536411913,74.60731536411913,340.1171875,50.0,1141.6015625,0.0,0.0,4340.0,0.0,0,32,"[0.7075992058292389, 0.9358298394852128, 0.14577729401271664, 0.9252502960165464, 0.0006228117403541352, 0.3302905508969734, 0.35]"
403,221.05477309733425,26.128235398997326,196.69094985457684,24.363823242757412,0.9709725636093477,1716.25632672603,9.28469133310017e-06,0.0006558806763604351,20.4375,67.90751217340585,2.5062394561246037,68.5763873407268,68.5763873407268,340.1171875,50.0,1141.6015625,0.0,0.0,4344.0,0.0,0,32,"[0.7076140403609005, 0.9358226109372157, 0.14577743302240415, 0.9252486165704179, 0.0016226376573031734, 0.3302820080228516, 0.35]"
404,226.6504330478428,27.644729709629534,202.52441561413548,24.126017433707332,0.9709691271122328,15118.331570410963,8.194631464952806e-06,0.0007406932723583051,22.71875,72.0711362446309,4.079909653228242,73.3259168046061,73.3259168046061,340.1171875,50.0,1141.6015625,0.0,0.0,4354.0,0.0,0,32,"[0.7077665778789732, 0.9357537331684452, 0.1457787892377341, 0.9252337624671609, 0.0006405982668741452, 0.33019619246195747, 0.35]"
405,221.01853157585145,26.122205726657334,196.6565188449773,24.362012730874177,0.9709686384976303,1865.9365723603935,9.225994584749486e-06,0.0006486786481231961,20.40625,65.38052199903177,5.118132117786445,69.31172028271249,69.31172028271249,340.1171875,50.0,1141.6015625,0.0,0.0,4354.0,0.0,0,32,"[0.7077822792541066, 0.9357460796619749, 0.1457789361131446, 0.9252319980160172, 0.0016404033786276606, 0.3301871650421187, 0.35]"
406,226.37088397457498,27.571975240102827,202.2468833138939,24.12400066068107,0.9709654844373733,14458.368953290399,8.121063723276478e-06,0.0007147372229966676,22.625,72.50436666799942,6.467051040090155,77.4548907429562,77.4548907429562,340.1171875,50.0,1141.6015625,0.0,0.0,4344.0,0.0,0,32,"[0.7079227299900029, 0.9356827259843116, 0.14578018425353828, 0.9252183498707256, 0.0006555989610875757, 0.3301082199233215, 0.35]"
407,220.9839914945607,26.116638271980356,196.62403704972377,24.359954444836944,0.970964977433291,1991.556644731763,9.178062682302368e-06,0.0006432951733596797,20.375,63.99037875235081,4.31164513429394,65.51443195348838,65.51443195348838,340.1171875,50.0,1141.6015625,0.0,0.0,4345.0,0.0,0,32,"[0.7079392239773201, 0.9356746854582263, 0.14578033836882381, 0.9252165072709836, 0.0016553840247006328, 0.3300987485995726, 0.35]"
408,226.12953343997566,27.51006848037121,202.0077071440706,24.121826295905038,0.9709620279547436,13910.1715236147,8.059139577021313e-06,0.0006999393768167898,22.5,68.72187784756534,3.799336169322487,71.362748669344,71.362748669344,340.1171875,50.0,1141.6015625,0.0,0.0,4351.0,0.0,0,32,"[0.7080709185601547, 0.935615338365051, 0.14578150816092214, 0.9252037303626948, 0.000668724481261851, 0.3300247703127185, 0.35]"
409,220.95061377300547,26.111475707071534,196.59286848011283,24.357745292892652,0.9709615043467316,2099.609869841757,9.137297940053912e-06,0.0006394513921224301,20.34375,68.10829395544715,3.2246282571577467,70.18111843353836,70.18111843353836,340.1171875,50.0,1141.6015625,0.0,0.0,4373.0,0.0,0,32,"[0.7080881284573265, 0.9356069474792963, 0.14578166876572352, 0.925201817606951, 0.0016684905944901129, 0.33001489879370643, 0.35]"
410,225.91360414271134,27.455577653899997,201.79405678480555,24.119547357905795,0.9709587109128986,14243.731032672385,8.005469676497512e-06,0.0006953003057133737,22.78125,80.78929757903097,2.9473779068212025,79.93952061224263,79.93952061224263,340.1171875,50.0,1141.6015625,0.0,0.0,4383.0,0.0,0,32,"[0.7082131443092513, 0.9355506549072122, 0.14578277874977602, 0.925189704564543, 0.000680498710993327, 0.3299447114488416, 0.35]"
411,220.91858499014592,26.106590343016865,196.5631037244836,24.35548126566234,0.9709581985881935,2190.218204030316,9.101471555528207e-06,0.0006367705612838283,20.3125,70.15690828120569,5.7391371665289626,73.7384068488609,73.7384068488609,340.1171875,50.0,1141.6015625,0.0,0.0,4575.0,144.0,0,32,"[0.7082298717586282, 0.9355425155738389, 0.14578293387127156, 0.9251878238399485, 0.0016802769887833636, 0.32993502755700554, 0.35]"
412,225.71118168028485,27.404586796246033,201.5939345512267,24.117247129058153,0.9709555243967074,13814.210142291187,7.95753592752746e-06,0.0006843077234595977,22.78125,77.12827999785077,4.899216357443947,80.517190755927,80.517190755927,340.1171875,50.0,1141.6015625,0.0,0.0,4573.0,142.0,0,32,"[0.7083497839427324, 0.935488556553021, 0.14578399813097287, 0.9251762184487233, 0.0006913153056821212, 0.32986773369562816, 0.35]"
413,220.88730656535063,26.101859805488008,196.53415794125533,24.353148624095297,0.9709549988423792,2274.7417545816847,9.069330892952365e-06,0.0006304769414408391,20.3125,84.28311663737986,6.562471222423483,82.80307402310427,82.80307402310427,340.1171875,50.0,1141.6015625,0.0,0.0,4610.0,179.0,0,32,"[0.7083670818832793, 0.9354801384681614, 0.14578415841633424, 0.9251742811381604, 0.0016910782911906646, 0.3298577281449907, 0.35]"
414,225.52563863024233,27.358511560727482,201.41074817148746,24.114890458754846,0.9709524278785453,13406.586411949487,7.914486026550094e-06,0.0006875646265436111,22.65625,81.85644148034044,4.420280340127647,82.24724098545266,82.24724098545266,340.1171875,50.0,1141.6015625,0.0,0.0,4640.0,209.0,0,32,"[0.7084825756077114, 0.9354281999067324, 0.14578518311998534, 0.9251631143225306, 0.0007013104261678477, 0.3297929407154014, 0.35]"
415,220.8565082416224,26.097322998613347,196.50574736168494,24.35076087993745,0.9709518889544965,2350.2990053059607,9.04027131820584e-06,0.0006338069521752719,20.28125,70.94162719295127,3.7761869680252858,73.00977758131921,73.00977758131921,340.1171875,50.0,1141.6015625,0.0,0.0,4641.0,210.0,0,32,"[0.7085004500910512, 0.9354195001272604, 0.1457853485951555, 0.9251611201749572, 0.001701057455228714, 0.32978261160315164, 0.35]"
416,225.35370996811568,27.316171295375643,201.24122219112013,24.112487776995557,0.9709494034117824,13047.91686037324,7.875338274399013e-06,0.0006859914182099937,22.59375,81.93762147129746,4.4080546431359835,83.50042684469372,83.50042684469372,340.1171875,50.0,1141.6015625,0.0,0.0,4641.0,210.0,0,32,"[0.7086122884127372, 0.9353692296741932, 0.14578634039602728, 0.925150318069559, 0.0007106461453104864, 0.3297198992488109, 0.35]"
417,220.82609803621756,26.092890669148115,196.47776732346324,24.348330712754315,0.9709488521475774,2421.530490108702,9.013675284830214e-06,0.0006328453828434656,20.25,71.82103862578515,5.071989013231359,74.24319764686516,74.24319764686516,340.1171875,50.0,1141.6015625,0.0,0.0,4641.0,210.0,0,32,"[0.708630695085562, 0.9353602700752092, 0.14578651065512588, 0.9251482711463692, 0.001710377971447383, 0.3297092701892172, 0.35]"
418,225.19321977077635,27.27720100692773,201.0831716758051,24.110048094971276,0.9709464422255059,12711.737504676754,7.839493934014286e-06,0.0006829595546879123,22.53125,77.70277211966459,3.3400123866158538,77.42187240364728,77.42187240364728,340.1171875,50.0,1141.6015625,0.0,0.0,4641.0,210.0,0,32,"[0.7087392971976971, 0.9353114777786523, 0.1457874733357521, 0.9251377901362339, 0.0007194146281926767, 0.3296483951776402, 0.35]"
419,220.79608245325798,26.088605093903674,196.45021901883553,24.345863434422462,0.970945878581376,2488.436449492499,8.989189169028577e-06,0.0006564523740325717,20.1875,72.9222897280124,5.916198897466529,76.09566152677871,76.09566152677871,340.1171875,50.0,1141.6015625,0.0,0.0,4641.0,210.0,0,32,"[0.7087582377148838, 0.9353022579872364, 0.14578764838217123, 0.9251356902465334, 0.0017191307651507298, 0.329637465512384, 0.35]"
420,225.04240243752082,27.240973469916337,200.93482744105864,24.107574996462205,0.9709435356242697,12403.139799439634,7.806476928440276e-06,0.000680312723359145,22.46875,79.97063433140283,4.043472661578562,80.5584684421774,80.5584684421774,340.1171875,50.0,1141.6015625,0.0,0.0,4641.0,210.0,0,32,"[0.7088639740411458, 0.9352547739553015, 0.14578858528003671, 0.925125494086361, 0.0007276924860572225, 0.32957821692330325, 0.35]"
421,220.76626126442994,26.084252768766646,196.42289469939246,24.343366565037485,0.970942960110565,2547.1464500543775,8.966515653519025e-06,0.0006598991170675405,20.125,73.852145789715,4.412536196468864,74.55001055495813,74.55001055495813,340.1171875,50.0,1141.6015625,0.0,0.0,4641.0,210.0,0,32,"[0.7088834266359453, 0.935245303649652, 0.14578876488328463, 0.9251233437858455, 0.0017273931583510714, 0.3295669999882469, 0.35]"
422,224.89961952707608,27.206951473929692,200.79454457457263,24.105074952503422,0.97094067329027,12115.957241779373,7.775790416886252e-06,0.0006850683040779152,22.34375,80.62102118856274,3.2166155797312967,79.08708801551256,79.08708801551256,340.1171875,50.0,1141.6015625,0.0,0.0,4641.0,210.0,0,32,"[0.7089867603287886, 0.9351989182764574, 0.1457896801721073, 0.9251133853101488, 0.0007355669510633706, 0.3295091094827868, 0.35]"
423,220.7366863328724,26.08009247530221,196.3958427998095,24.34084353306293,0.9709400861905484,2604.1006672879157,8.945336343213484e-06,0.0006596815297475953,20.09375,67.23577301454498,4.504061565967277,70.19966195366578,70.19966195366578,340.1171875,50.0,1141.6015625,0.0,0.0,4641.0,210.0,0,32,"[0.7090067125613971, 0.9351892040321514, 0.14578986426802248, 0.9251111854954632, 0.0017352521363055977, 0.32949761169157465, 0.35]"
424,224.7642117277469,27.174814213563092,200.66166299674398,24.102548731002884,0.9709378515015926,11845.198705934481,7.747191726803493e-06,0.0006973324771264583,22.25,74.0204504400026,4.315690515795723,77.251681323105,77.251681323105,340.1171875,50.0,1141.6015625,0.0,0.0,4641.0,210.0,0,32,"[0.7091078153121448, 0.9351438387268874, 0.14579075939747113, 0.9251014480298905, 0.0007430739198179676, 0.32944098139840516, 0.35]"
425,220.70731358991148,26.07592607125192,196.36901726411955,24.338296325791944,0.9709372529609747,2658.094272003709,8.92550967535044e-06,0.0006554244483753489,20.09375,68.32569670950761,3.7077395172673278,69.43584007240133,69.43584007240133,340.1171875,50.0,1141.6015625,0.0,0.0,4641.0,210.0,0,32,"[0.7091282608251674, 0.9351338849234976, 0.14579094790608696, 0.9250991989440662, 0.001742743417555043, 0.32942920412508414, 0.35]"
426,224.63503404776003,27.14448296136453,200.53503369612176,24.100000351638275,0.9709350653513913,11601.846251011266,7.72043859864624e-06,0.0007152759221185081,22.09375,74.93858993984759,2.7516319023561664,75.3610626416048,75.3610626416048,340.1171875,50.0,1141.6015625,0.0,0.0,4624.0,193.0,0,32,"[0.7092273486702584, 0.9350894380167308, 0.14579182500024318, 0.925089661556676, 0.0007502538309576588, 0.3293737175422243, 0.35]"
427,220.67799557085644,26.07185622264906,196.3422673256936,24.335728245162844,0.9709344560585855,2708.629377611012,8.906879308767657e-06,0.0006604456571697843,20.03125,66.66159414453432,3.1340200439444743,67.24928484618431,67.24928484618431,340.1171875,50.0,1141.6015625,0.0,0.0,4612.0,181.0,0,32,"[0.7092482578540963, 0.9350792581087675, 0.1457920176816657, 0.9250873662354779, 0.0017499082367705995, 0.3293616784883439, 0.35]"
428,224.51120477384342,27.115746210944756,200.41377348349198,24.09743129035145,0.9709323109274244,11372.711158189837,7.695312705724433e-06,0.0007175998931483366,21.90625,69.93179972778307,4.093479139555711,72.1011420537252,72.1011420537252,340.1171875,50.0,1141.60546875,0.0,0.0,4612.0,181.0,0,32,"[0.7093455272280784, 0.9350356449802181, 0.1457928784438919, 0.9250780076626837, 0.0007571435064678736, 0.32930721354205866, 0.35]"
429,220.64883829738332,26.06777401897498,196.315699437306,24.333138860077337,0.9709316899443456,2768.3863740172746,8.8893193046502e-06,0.000656590786222761,20.03125,65.7051500165835,2.5613847392378375,66.58099708147347,66.58099708147347,340.1171875,50.0,1141.61328125,0.0,0.0,4612.0,181.0,0,32,"[0.7093669409829565, 0.9350252187176037, 0.14579307550309248, 0.9250756629288454, 0.0017567811269657285, 0.32929489139832463, 0.35]"
430,224.39282620848974,27.088490971447197,200.297983820296,24.094842388193733,0.9709295889404926,11149.939868809452,7.671802584763299e-06,0.0007150646070605012,21.8125,70.06275213643676,3.0690945422975346,71.93876325618476,71.93876325618476,340.1171875,50.0,1141.61328125,0.0,0.0,4612.0,181.0,0,32,"[0.7094623236700632, 0.9349824647764823, 0.1457939187877782, 0.9250664929641798, 0.0007637360306125627, 0.3292414977587523, 0.35]"
431,220.61974997324285,26.063727541577997,196.28921861024483,24.330531362998023,0.9709289572904375,2814.514468105345,8.872824715844274e-06,0.0006529579695665863,20.03125,63.498621129838284,3.0613541312050074,64.92803800938418,64.92803800938418,340.1171875,50.0,1141.61328125,0.0,0.0,4609.0,178.0,0,32,"[0.7094841974688345, 0.9349718146819539, 0.14579411994484975, 0.9250641022599572, 0.0017633579801386373, 0.32922891544939775, 0.35]"
432,224.27889324168459,27.062206285501606,200.18666163460455,24.092231607079995,0.9709268923851738,10934.710046487653,7.649625067163157e-06,0.0007035327402484287,21.84375,77.97625126841012,3.4976862516487017,78.31907727813814,78.31907727813814,340.1171875,50.0,1141.61328125,0.0,0.0,4609.0,178.0,0,32,"[0.7095780354170746, 0.934929766003698, 0.14579494929278056, 0.9250550848250448, 0.0007700876681292069, 0.32917639465868276, 0.35]"
433,220.59070425289082,26.059708427372463,196.26279794828707,24.327906304603736,0.9709262500806322,2854.9826461282587,8.857207252965793e-06,0.00064950720083201,20.03125,65.02498772897525,3.7993926089257,66.78003893466666,66.78003893466666,340.1171875,50.0,1141.61328125,0.0,0.0,4609.0,178.0,0,32,"[0.7096003687261757, 0.9349188921194308, 0.14579515454605532, 0.9250526483618813, 0.001769693637606227, 0.32916355295903704, 0.35]"
434,224.16659569169985,27.038405397238556,200.07699111959386,24.089604572105976,0.9709242159313725,11312.196199913538,7.628590080965836e-06,0.0006886164717048187,22.3125,73.91479414945934,7.736050334642641,78.90722745651146,78.90722745651146,340.1171875,50.0,1141.61328125,0.0,0.0,4604.0,173.0,0,32,"[0.7096928906839284, 0.9348774433270614, 0.14579597203850725, 0.9250437608061626, 0.0007762344857352944, 0.3291117751494266, 0.35]"
435,220.56228678607977,26.055708068270544,196.23696754209897,24.325319243980807,0.9709235934493191,2898.253345965353,8.8421042807596e-06,0.0006505281418258362,20.0,68.28298381878994,3.145466143905651,70.28195391467307,70.28195391467307,340.1171875,50.0,1141.61328125,0.0,0.0,4609.0,178.0,0,32,"[0.709714374561063, 0.9348669973665849, 0.14579616828661907, 0.925041392329549, 0.001775868836748363, 0.3290993316365432, 0.35]"
436,224.05183055146335,27.014722996546766,199.9648082912767,24.087022260186625,0.9709215909221577,12956.82814645081,7.6083533864235164e-06,0.0007452550713300754,23.25,78.18796572246356,4.06146100431215,79.90569739922648,79.90569739922648,340.1171875,50.0,1141.61328125,0.0,0.0,4609.0,178.0,0,32,"[0.7098055435864802, 0.9348261656789414, 0.14579697351424667, 0.9250326384969988, 0.0007822182990057675, 0.329048318766043, 0.35]"
437,220.535653377735,26.05200355887489,196.2127901430008,24.322863234734186,0.9709210401108159,2939.6753326619455,8.827143473943977e-06,0.0006473528154809685,20.0,68.52559498656774,3.5293961482238956,70.50082379282685,70.50082379282685,340.1171875,50.0,1141.61328125,0.0,0.0,4604.0,173.0,0,32,"[0.7098239438818952, 0.9348172474464217, 0.14579714102009597, 0.9250305412104204, 0.0017819474635300658, 0.32903740706646356, 0.35]"
438,223.93386297784213,26.98931311711497,199.84927240349435,24.08459057434782,0.9709190668173964,13096.632250065813,7.58831934177806e-06,0.0007644561802223842,23.3125,77.5346527734655,3.813147406617645,76.31082188163418,76.31082188163418,340.1171875,50.0,1141.61328125,0.0,0.0,4609.0,178.0,0,32,"[0.7099138624053771, 0.9347769852009377, 0.14579793486134723, 0.9250219115006476, 0.0007881225186941083, 0.32898710311363155, 0.35]"
439,220.50936416630304,26.04835493939282,196.18894349917565,24.320420667127415,0.9709185218176387,2978.638340594991,8.812777887889922e-06,0.0006444282830434095,20.0,64.77444229676621,3.322392782138195,65.50253566092579,65.50253566092579,340.1171875,50.0,1141.61328125,0.0,0.0,4613.0,182.0,0,32,"[0.7099320147562185, 0.934768198006809, 0.14579809934879692, 0.9250198286010245, 0.0017878584508940728, 0.32897628748976665, 0.35]"
440,223.81940753064353,26.96519249464415,199.73723483810858,24.082172692534947,0.9709165758274133,12886.31804825514,7.5690788130522435e-06,0.0007655266518450856,23.1875,75.72635082760826,3.269917593570426,77.3156578943599,77.3156578943599,340.1171875,50.0,1141.61328125,0.0,0.0,4608.0,177.0,0,32,"[0.710020764377133, 0.9347284698329285, 0.1457988827690478, 0.9250113144536326, 0.0007938728473435061, 0.3289266418205823, 0.35]"
441,220.48313046223424,26.044728448803635,196.1651619908901,24.31796847134411,0.9709160233403844,3016.920315628182,8.799090545075217e-06,0.0006416262377138469,20.0,65.65176861477084,3.64305563562084,67.89922925236169,67.89922925236169,340.1171875,50.0,1141.61328125,0.0,0.0,4609.0,178.0,0,32,"[0.7100392398801592, 0.9347195253774655, 0.14579905011024372, 0.9250091984724379, 0.0017935993700234395, 0.3289156405945052, 0.35]"
442,223.70850129611372,26.94187634245431,199.62875680955756,24.07974448655619,0.9709141030752844,12682.186447875954,7.550692061375486e-06,0.0007627509719313425,23.0,76.23658929514932,2.257577361888252,74.6141336276196,74.6141336276196,340.1171875,50.0,1141.61328125,0.0,0.0,4604.0,173.0,0,32,"[0.7101268888018804, 0.9346803003956872, 0.14579982352703422, 0.9250007922815511, 0.0007994643779280573, 0.3288666158803464, 0.35]"
443,220.45693776046772,26.041121065517473,196.14143089741626,24.315506863051482,0.9709135431135218,3054.051484513555,8.785972629432592e-06,0.0006389329866659342,20.0,65.3717718741973,3.7996612081769854,67.27003804553533,67.27003804553533,340.1171875,50.0,1141.61328125,0.0,0.0,4609.0,178.0,0,32,"[0.7101456870911691, 0.9346711981939896, 0.14579999368634594, 0.9249986436948638, 0.0017991813419315787, 0.3288554301417159, 0.35]"
444,223.60087767039477,26.919528481994345,199.52357209342642,24.077305576968307,0.970911647275966,12482.19971894243,7.533104140478031e-06,0.0007718902154839795,22.96875,74.56942534190603,3.4054699281114154,76.95499479450518,76.95499479450518,340.1171875,50.0,1141.61328125,0.0,0.0,4609.0,178.0,0,32,"[0.7102322910943711, 0.9346324498909321, 0.14580075756094726, 0.9249903405771707, 0.0008049062817255574, 0.3288069957012421, 0.35]"
445,220.43070565359073,26.037591847069795,196.1176693536059,24.31303629998486,0.9709110798297096,3088.8484336076917,8.773390018479432e-06,0.0006448931175951562,19.9375,62.46196279244032,5.47762741916813,67.3850785169634,67.3850785169634,340.1171875,50.0,1141.61328125,0.0,0.0,4609.0,178.0,0,32,"[0.710251412538906, 0.9346231904947776, 0.1458009305317961, 0.924988158889959, 0.001804613511143493, 0.3287956246980645, 0.35]"
446,223.49598333274542,26.897880753102168,199.42112625279796,24.074857079947456,0.970909206521307,12289.850830594089,7.516250119188328e-06,0.0007718092114515831,22.90625,76.28570109955035,2.866580653062556,76.58283459750237,76.58283459750237,340.1171875,50.0,1141.61328125,0.0,0.0,4609.0,178.0,0,32,"[0.7103370524519305, 0.9345848810251693, 0.1458016857545576, 0.9249799513378966, 0.000810210761354249, 0.3287477349624752, 0.35]"
447,220.40448686435968,26.034046145863023,196.09393095284503,24.310555911514662,0.9709086314520189,3120.5757879039556,8.761300952730977e-06,0.0006468430387129795,19.90625,66.44437091745203,5.002074016374536,69.71755022823345,69.71755022823345,340.1171875,50.0,1141.61328125,0.0,0.0,4605.0,174.0,0,32,"[0.710356502916783, 0.9345754616093184, 0.14580186161046135, 0.9249777362263166, 0.001809907907715195, 0.32873617503448166, 0.35]"
448,223.39357003163352,26.87692175112154,199.32117237938968,24.07239765224382,0.9709067783604274,12107.117239682098,7.50005934868625e-06,0.0007753407069251004,22.8125,72.16332159441663,4.557883359666448,75.18635411543073,75.18635411543073,340.1171875,50.0,1141.61328125,0.0,0.0,4609.0,178.0,0,32,"[0.7104412782028902, 0.9345375477728926, 0.14580260885497132, 0.9249696130751889, 0.0008153920034431523, 0.3286887697176461, 0.35]"
449,220.37834405956315,26.030479468174335,196.0702776721085,24.308066387454694,0.9709061960373727,3153.338264814563,8.749654237139026e-06,0.0006443407516158144,19.90625,65.10624612565152,3.701037639984861,67.45994642551523,67.45994642551523,340.1171875,50.0,1141.61328125,0.0,0.0,4614.0,183.0,0,32,"[0.7104610417778942, 0.9345279759128953, 0.14580278746947714, 0.9249673658094918, 0.0018150793963493193, 0.3286770302560967, 0.35]"
450,223.29380582502606,26.856522275354838,199.2238766028517,24.069929222174345,0.9709043631429846,11940.221881287067,7.484511478583755e-06,0.0007518331276890769,22.8125,73.6627524238429,2.6065203855978325,73.62226965778973,73.62226965778973,340.1171875,50.0,1141.61328125,0.0,0.0,4603.0,172.0,0,32,"[0.7105449530257619, 0.9344904546349152, 0.145803526919348, 0.9249593282715864, 0.0008204514354207884, 0.32863011408918713, 0.35]"
451,220.35220744023331,26.026923905442704,196.04663880775144,24.305568632481886,0.9709037739011465,3186.8482979839973,8.738440408606607e-06,0.0006419208689495783,19.90625,65.05626573925838,3.6703182049677707,66.50519326649373,66.50519326649373,340.1171875,50.0,1141.61328125,0.0,0.0,4612.0,181.0,0,32,"[0.7105650152821575, 0.9344807370576813, 0.14580370817243832, 0.9249570505190338, 0.0018201293692323942, 0.32861820265762737, 0.35]"
452,223.1965977992043,26.83682115421058,199.12914752194894,24.067450277255393,0.9709019610770996,11767.813442504323,7.46958570463363e-06,0.0007630000200799006,22.8125,77.79824835597537,2.569053409388289,78.00501399469795,78.00501399469795,340.1171875,50.0,1141.61328125,0.0,0.0,4608.0,177.0,0,32,"[0.7106480678018073, 0.934443606882556, 0.14580443987070216, 0.9249490976597332, 0.0008253912115309195, 0.32857177159761086, 0.35]"
453,220.325985064338,26.023408819997098,196.0229229939353,24.30306207040269,0.9709013644696611,3217.859664238753,8.727653399986934e-06,0.0006440048243135508,19.875,71.07323699892731,3.1204591505229473,71.33751895162277,71.33751895162277,340.1171875,50.0,1141.61328125,0.0,0.0,4609.0,178.0,0,32,"[0.7106684479862994, 0.9344337351406585, 0.14580462389537893, 0.9249467872294488, 0.0018250589273395748, 0.3285596768545915, 0.35]"
454,223.09978666663602,26.81804154422639,199.03482316954273,24.064963497093267,0.9708995702202476,12212.574857781008,7.4552404614181e-06,0.0007701078160220026,22.96875,75.62629035965074,3.811133276030887,78.25340164708905,78.25340164708905,340.1171875,50.0,1141.61328125,0.0,0.0,4609.0,178.0,0,32,"[0.7107507057049913, 0.9343969666652503, 0.1458053484524072, 0.9249389128906864, 0.0008302198540996464, 0.3285136938675958, 0.35]"
455,220.3004040062287,26.019936888569,195.99980846637595,24.30059553985275,0.9708989936359746,3246.890770531103,8.717063947116799e-06,0.0006417195733563041,19.875,65.03441104723606,5.5353385978378356,68.88673786306754,68.88673786306754,340.1171875,50.0,1141.61328125,0.0,0.0,4609.0,178.0,0,32,"[0.7107702262287727, 0.9343875249211658, 0.14580552389449872, 0.9249366736468452, 0.0018299139832426126, 0.3285020145789136, 0.35]"
456,223.00431691790726,26.799997699513625,198.9417988417083,24.06251807619895,0.9708972161285054,12042.72444858968,7.441158369481116e-06,0.0007565224017872367,23.125,74.09412445849739,4.994413560780231,77.99340015480993,77.99340015480993,340.1171875,50.0,1141.61328125,0.0,0.0,4609.0,178.0,0,32,"[0.7108517679260894, 0.9343510835839194, 0.14580624186907906, 0.924928869292907, 0.000834984926057444, 0.32845643247410106, 0.35]"
457,220.2748085832905,26.016471622600836,195.9766877960301,24.298120787260416,0.9708966327075549,3275.0364924458354,8.706826814641744e-06,0.0006395176793063102,19.875,67.83865427860292,3.3179391029989347,69.06363869347842,69.06363869347842,340.1171875,50.0,1141.61328125,0.0,0.0,4609.0,178.0,0,32,"[0.7108715835967412, 0.9343414983374215, 0.1458064198955012, 0.9249265996510253, 0.0018346698133815736, 0.328444583198416, 0.35]"
458,222.90987772228266,26.781974444933496,198.84981131042915,24.060066411853505,0.97089487152097,12360.946743559623,7.427578958107972e-06,0.0007800290841375603,23.34375,75.90583751880331,5.504422886588145,79.90752817568136,79.90752817568136,340.1171875,50.0,1141.61328125,0.0,0.0,4609.0,178.0,0,32,"[0.7109524269164291, 0.934305376929432, 0.14580713154311445, 0.9249188625252626, 0.0008396537180615389, 0.3283993924687985, 0.35]"
459,220.24964562777726,26.013064216384244,195.95397016820334,24.295675459573935,0.9708943023099622,3303.9055586381423,8.696783543538089e-06,0.0006373818984498509,19.875,65.77886424929602,4.44784878345672,68.70247951155761,68.70247951155761,340.1171875,50.0,1141.61328125,0.0,0.0,4609.0,178.0,0,32,"[0.7109716307309, 0.9342960977233954, 0.14580730402771344, 0.9249166438722528, 0.0018393569317200448, 0.3283878320936385, 0.35]"
460,222.8160040939281,26.763982735141894,198.75835594955817,24.0576481443699,0.9708925572527529,12198.306063756476,7.41428831751989e-06,0.0007993002969571652,24.0,80.07069955783663,4.3503621200216,81.24007735750638,81.24007735750638,340.1171875,50.0,1141.61328125,0.0,0.0,4609.0,178.0,0,32,"[0.7110517844490644, 0.9342602889564673, 0.1458080093511833, 0.9249089753633923, 0.0008442555720594087, 0.32834303148909205, 0.35]"
461,220.2244669806002,26.009662413296006,195.93124397555368,24.29322300504652,0.9708919816679149,3333.454300582793,8.686924898082538e-06,0.0006353375709008187,19.875,67.07005795033183,3.33218297600979,67.57670752267586,67.57670752267586,340.1171875,50.0,1141.61328125,0.0,0.0,4609.0,178.0,0,32,"[0.7110712635102404, 0.934250875257135, 0.14580818425295292, 0.9249067285311504, 0.001843950296614511, 0.3283313128163204, 0.35]"
462,222.72440329228095,26.74633642607182,198.66918168306995,24.055221609211017,0.9708902527494311,12045.062387272588,7.401472275958554e-06,0.0007970269988918042,24.0,79.87707914435305,4.724956736026797,82.53672067075968,82.53672067075968,340.1171875,50.0,1141.61328125,0.0,0.0,4609.0,178.0,0,32,"[0.7111507271423954, 0.9342153798196899, 0.14580888325474775, 0.9248991283841149, 0.0008487643381834154, 0.32828690265545113, 0.35]"
463,220.1992704711044,26.006266007495988,195.90850655336243,24.29076391774198,0.9708896709891227,3357.3795766377693,8.677537006729352e-06,0.0006333528021819621,19.875,67.16201805829769,4.397901313495822,70.08813623542665,70.08813623542665,340.1171875,50.0,1141.61328125,0.0,0.0,4609.0,178.0,0,32,"[0.711170472924713, 0.9342058370779321, 0.1458090604456455, 0.9248968535828006, 0.0018484507052606034, 0.3282750282492433, 0.35]"
464,222.63450685040718,26.729094881613268,198.58171978098437,24.052787069422813,0.9708879555299236,11893.401635417973,7.389066875251871e-06,0.0007954224148620281,24.0,77.15553625894245,4.840909510676283,79.40458753000712,79.40458753000712,340.1171875,50.0,1141.61328125,0.0,0.0,4609.0,178.0,0,32,"[0.7112493606537839, 0.9341706056187453, 0.14580975422545953, 0.9248893087195148, 0.0008531948842719554, 0.3282309383980144, 0.35]"
465,220.17404688417702,26.00287267246793,195.88574969483756,24.288297189339467,0.9708873674383645,3384.580191132712,8.668430789615655e-06,0.0006314193492289457,19.875,64.15833794744685,2.876698003092315,64.62799378641648,64.62799378641648,340.1171875,50.0,1141.61328125,0.0,0.0,4609.0,178.0,0,32,"[0.7112693797029154, 0.9341609304694436, 0.1458099338172521, 0.9248870055035853, 0.0018528725755421753, 0.3282189048749363, 0.35]"
466,222.5462684095548,26.712311325281185,198.4959237921773,24.050344617377526,0.9708856662654571,11749.630952655842,7.377080756487686e-06,0.0007960488210641074,23.96875,81.37550088576972,4.932154974085279,83.53602381976089,83.53602381976089,340.1171875,50.0,1141.61328125,0.0,0.0,4609.0,178.0,0,32,"[0.7113476562940273, 0.934125977307287, 0.1458106220522043, 0.9248795208748795, 0.0008575431171656326, 0.3281751575585296, 0.35]"
467,220.14879684983788,25.99948268938122,195.8629731104298,24.285823739408073,0.9708850721303408,3411.328610480813,8.659619347817227e-06,0.0006295389920021494,19.875,67.99905321531696,1.9109662462142296,66.35711235867348,66.35711235867348,340.1171875,50.0,1141.61328125,0.0,0.0,4603.0,172.0,0,32,"[0.7113679365602245, 0.9341161746886822, 0.14581080387378104, 0.9248771905995471, 0.0018572124118873673, 0.32816297324813465, 0.35]"
468,222.45976848837722,26.695875652192885,198.4118735379953,24.047894950381924,0.970883385230988,11597.182904359706,7.3655043104636775e-06,0.0007942640883054162,23.9375,73.62480998563115,5.648333244607784,78.79409526503878,78.79409526503878,340.1171875,50.0,1141.61328125,0.0,0.0,4609.0,178.0,0,32,"[0.7114456028637539, 0.9340814984140662, 0.14581148651808135, 0.9248697664071303, 0.0008618099202785828, 0.32811957052543705, 0.35]"
469,220.12350127643418,25.99609369195881,195.84015871008228,24.283342566351894,0.9708827844324052,3437.0244740850812,8.651091897959873e-06,0.0006277098263299298,19.875,65.85153975174762,3.597338800318539,66.68946195713943,66.68946195713943,340.1171875,50.0,1141.61328125,0.0,0.0,4609.0,178.0,0,32,"[0.7114661708532296, 0.9340715558061583, 0.14581167084351399, 0.9248674065791982, 0.0018614698514067937, 0.3281072205582337, 0.35]"
470,222.37482852858727,26.679807829764012,198.32939201218585,24.0454365164014,0.9708811107919763,11467.066493363764,7.354317217433959e-06,0.0007924871182594208,23.9375,78.75177723326487,3.2129503015312366,78.90654445509426,78.90654445509426,340.1171875,50.0,1141.61328125,0.0,0.0,4609.0,178.0,0,32,"[0.7115432701905422, 0.9340371370790479, 0.1458123483148066, 0.9248600379763188, 0.0008660000470051118, 0.3280641374216397, 0.35]"
471,220.0981720335746,25.9927065363284,195.81731720920067,24.280854824373975,0.9708805041032861,3460.774275131694,8.642830298999371e-06,0.0006259288542249124,19.875,66.44336718454724,3.0800897875451483,65.13219606858911,65.13219606858911,340.1171875,50.0,1141.61328125,0.0,0.0,4609.0,178.0,0,32,"[0.7115640927023951, 0.9340270703286064, 0.14581253482866616, 0.9248576519262808, 0.0018656515641925799, 0.32805163943387056, 0.35]"
472,222.2913141528604,26.66407851244237,198.2483435781942,24.042970574666185,0.9708788425259107,11331.255777075965,7.343482527844003e-06,0.0007907193571228794,23.9375,79.73242875596043,4.237041212036274,81.9436254168977,81.9436254168977,340.1171875,50.0,1141.61328125,0.0,0.0,4609.0,178.0,0,32,"[0.7116406766183168, 0.9339928855843898, 0.14581320748859106, 0.9248503337664253, 0.0008701210467931923, 0.3280088458820618, 0.35]"
473,220.07261292492578,25.989461789185967,195.79425214838068,24.278360776545107,0.9708782296325124,3484.6990604828115,4.7307198149937335e-06,0.0006207890727423888,20.4375,67.74581462377682,5.126566960825585,70.32133298343979,70.32133298343979,340.1171875,50.0,1141.61328125,0.0,0.0,4609.0,178.0,0,32,"[0.7116617669672689, 0.933982689187817, 0.1458133963464836, 0.9248479196467716, 0.0018697636035274402, 0.32799619179960526, 0.35]"
474,222.20919955758234,26.648682271692547,198.1687029068819,24.04049665070047,0.9708765802445901,11204.675661935256,7.332999474751745e-06,0.0007889948464518681,23.9375,78.61982467147755,3.7890140374656767,81.0710258592735,81.0710258592735,340.1171875,50.0,1141.61328125,0.0,0.0,4609.0,178.0,0,32,"[0.7117378291745482, 0.9339487425355291, 0.1458140643520736, 0.9248406520225347, 0.0008741720884238007, 0.32795368961281013, 0.35]"
475,220.04714730139048,25.986133905377873,195.77128847828658,24.27585882310389,0.9708759614536127,3507.941647650165,4.727845589691526e-06,0.0006243474212603952,20.40625,65.41809978079982,3.76293424051255,66.64709773031063,66.64709773031063,340.1171875,50.0,1141.61328125,0.0,0.0,4608.0,177.0,0,32,"[0.7117591742342712, 0.9339384222736113, 0.14581425543051815, 0.9248382113179804, 0.0018738060155715987, 0.3279408873175178, 0.35]"
476,222.12841638687223,26.63360233056889,198.09040113613383,24.03801525073837,0.9708743237792846,11075.551312038313,7.322851290680887e-06,0.000787304391624967,23.9375,78.94320006016642,4.449926411325578,80.84210619563237,80.84210619563237,340.1171875,50.0,1141.61328125,0.0,0.0,4609.0,178.0,0,32,"[0.7118347356074405, 0.9339047021750857, 0.14581491889702067, 0.9248309929476182, 0.0008781562649564567, 0.3278986680934403, 0.35]"
477,220.02166801676765,25.982751867875205,195.748318590471,24.27334942629664,0.9708736988110819,3529.995497901358,4.725097423552427e-06,0.0006234842046541548,20.40625,67.44486002571648,5.629603569104802,70.44507534010336,70.44507534010336,340.1171875,50.0,1141.61328125,0.0,0.0,4608.0,177.0,0,32,"[0.7118563474870934, 0.9338942518696691, 0.14581511229254895, 0.9248285247048453, 0.0018777810524228027, 0.32788571153397356, 0.35]"
478,222.04882009479002,26.61880784487415,198.01329441680315,24.035525677986833,0.9708720719454996,10952.092126139389,7.313018700383367e-06,0.0007897831617930747,23.90625,81.24149304057937,2.884288660425227,80.95446979859844,80.95446979859844,340.1171875,50.0,1141.61328125,0.0,0.0,4608.0,177.0,0,32,"[0.7119314471649132, 0.9338607412896698, 0.1458157714167999, 0.9248213515083098, 0.0008820780502074741, 0.32784375058062964, 0.35]"
479,219.99613299071527,25.979367880472594,195.72530048146368,24.27083250925161,0.9708714408869344,3553.234441783882,4.72246696237022e-06,0.0006226637419580079,20.40625,73.48023165832274,5.721129622543231,76.00410116720013,76.00410116720013,340.1171875,50.0,1141.61328125,0.0,0.0,4603.0,172.0,0,32,"[0.7119533223004725, 0.933850162708608, 0.14581596704407884, 0.9248188559910866, 0.0018816937081351619, 0.32783064170514264, 0.35]"
480,221.97050903246804,26.604317953705532,197.93748087864884,24.03302815381918,0.9708698253000159,10828.398612982706,7.303504635292057e-06,0.0007879545487207601,23.90625,80.27547477104235,6.5257657843176275,84.09822844259907,84.09822844259907,340.1171875,50.0,1141.61328125,0.0,0.0,4614.0,183.0,0,32,"[0.7120279395602916, 0.9338168713550637, 0.14581662181379001, 0.9248117297935032, 0.0008859353694320186, 0.32778895154078647, 0.35]"
481,219.97050150429723,25.975988445846312,195.70219340552507,24.268308098772142,0.9708691880546219,3574.925371378069,4.71995704742767e-06,0.0006300775815361707,20.375,74.9544323552982,5.830242058436852,78.27124337927671,78.27124337927671,340.1171875,50.0,1141.61328125,0.0,0.0,4697.0,266.0,0,32,"[0.7120500817949359, 0.9338061630325198, 0.14581681978334993, 0.9248092065915587, 0.001885541645355322, 0.3277756872779724, 0.35]"
482,221.89343893787049,26.59006876734928,197.8629164656827,24.030522472187798,0.9708675830057244,10711.15236450769,7.294292449611106e-06,0.0007801991090681199,23.9375,92.71718864329159,6.156185663712677,95.0878490039031,95.0878490039031,340.1171875,50.0,1141.61328125,0.0,0.0,4621.0,190.0,0,32,"[0.7121242485425421, 0.9337730777528648, 0.14581747037414933, 0.9248021235348524, 0.0008897320355482114, 0.3277342471298697, 0.35]"
483,219.94480834759452,25.972656606115635,195.6790315953271,24.26577675226738,0.9708669398052978,3596.148032457944,4.717560043943081e-06,0.0006338216930464795,20.34375,81.49545339983888,4.026047237857711,83.24145717779174,83.24145717779174,340.1171875,50.0,1141.61328125,0.0,0.0,4576.0,145.0,0,32,"[0.7121466479993752, 0.9337622448996302, 0.1458176705548669, 0.9247995732640927, 0.0018893291616889551, 0.32772083239609384, 0.35]"
484,221.81727341406364,26.576215402435448,197.78926473098113,24.028008683082515,0.9708653447519698,10588.602295187527,7.285365966502866e-06,0.0007852810173366299,23.875,92.75673368392745,8.049127231060993,98.02984427369665,98.02984427369665,340.1171875,50.0,1141.61328125,0.0,0.0,4617.0,186.0,0,32,"[0.7122203874240222, 0.9337293534646142, 0.1458183172376346, 0.9247925322321825, 0.0008934712301752533, 0.32767963000942013, 0.35]"
485,219.91905202971242,25.969264278810716,195.65581506331543,24.263236966396974,0.9708646951739773,3616.6859346128495,4.715273044020307e-06,0.0006373048295390056,20.3125,73.40159497107379,5.350690720661078,76.88154734205455,76.88154734205455,340.1171875,50.0,1141.61328125,0.0,0.0,4584.0,153.0,0,32,"[0.7122430622196163, 0.9337183868596932, 0.14581851982945757, 0.9247899533369426, 0.0018930584646436217, 0.32766605591036907, 0.35]"
486,221.74226993949762,26.56251505553893,197.7167838208694,24.0254861186282,0.9708631098875267,10481.369490384117,7.276721745164139e-06,0.0007832801277981233,23.875,84.31247834960232,5.3648558459826745,87.18408183631254,87.18408183631254,340.1171875,50.0,1141.61328125,0.0,0.0,4584.0,153.0,0,32,"[0.7123163843639115, 0.9336856839177063, 0.14581916265930434, 0.9247829531207519, 0.000897153537209929, 0.3276250883622643, 0.35]"
487,219.8932063706768,25.965817828442635,195.63251632778332,24.2606900428935,0.9708624545563328,3637.736993146228,4.713090907770834e-06,0.0006392136375212398,20.28125,71.88958661572542,5.738112377002835,75.98938042065129,75.98938042065129,340.1171875,50.0,1141.61328125,0.0,0.0,4584.0,153.0,0,32,"[0.7123393080143164, 0.9336745951707742, 0.1458193673489761, 0.9247803488589806, 0.0018967317165743455, 0.3276113703009992, 0.35]"
488,221.6682069506425,26.549092909667607,197.6452511116055,24.022955839037017,0.9708608789492795,10368.770724337639,7.268348547917469e-06,0.0007849388166800892,23.84375,85.48734980286099,4.723063801066019,86.76293298049131,86.76293298049131,340.1171875,50.0,1141.61328125,0.0,0.0,4584.0,153.0,0,32,"[0.7124122164031588, 0.9336420793523644, 0.14582000641315077, 0.9247733890439577, 0.0009007804666613507, 0.32757063519625984, 0.35]"
489,219.86734216859747,25.962414257974377,195.60920679405345,24.25813537454401,0.970860217508909,3656.782759889954,4.711013664948638e-06,0.0006383498937031957,20.28125,73.29093927546637,5.422490095952526,75.07435789011652,75.07435789011652,340.1171875,50.0,1141.61328125,0.0,0.0,4629.0,198.0,0,32,"[0.7124354039977631, 0.9336308623973772, 0.14582021336535197, 0.9247707571602996, 0.001900348939636671, 0.3275567638743955, 0.35]"
490,221.59514165277858,26.53585878987366,197.574724431147,24.020417221631583,0.9708586509266055,10254.287429932174,7.260235330264209e-06,0.0007868768365984866,23.8125,85.48749407054856,4.192585911368951,86.75890211452497,86.75890211452497,340.1171875,50.0,1141.61328125,0.0,0.0,4594.0,163.0,0,32,"[0.7125079269100576, 0.9335985208552519, 0.14582084884227672, 0.9247638348867455, 0.0009043548038781748, 0.3275162445990087, 0.35]"
491,219.84139332228756,25.959004330223753,195.58582120169893,24.255572120588646,0.9708579830585422,3675.35296795011,4.709037569217145e-06,0.0006375411683132027,20.28125,73.71904487081338,4.287406882212963,75.88017235684674,75.88017235684674,340.1171875,50.0,1141.61328125,0.0,0.0,4570.0,139.0,0,32,"[0.7125313921626412, 0.9335871692167875, 0.14582105816866206, 0.9247611741870694, 0.0019039129476068348, 0.32750221190893236, 0.35]"
492,221.52302528960413,26.522852608603273,197.50515610127945,24.017869188324674,0.9708564248958026,10152.760098080716,7.252371837296323e-06,0.0007843121806892534,23.8125,87.85004030505661,7.147940952563658,91.741956268379,91.741956268379,340.1171875,50.0,1141.61328125,0.0,0.0,4621.0,190.0,0,32,"[0.7126035553748035, 0.9335549914028477, 0.14582169029455322, 0.9247542860020272, 0.0009078790420168539, 0.3274618922941112, 0.35]"
493,219.81537393338525,25.95558940901677,195.5623725200932,24.253001413292083,0.9708557513310356,3695.29168183573,4.707154339644859e-06,0.0006367649011211804,20.28125,72.79995919816429,4.177989569143392,74.5225926511921,74.5225926511921,340.1171875,50.0,1141.61328125,0.0,0.0,4592.0,161.0,0,32,"[0.7126272666365969, 0.933543520218823, 0.14582190177585724, 0.9247515995739861, 0.0019074279091683543, 0.32744771525078675, 0.35]"
494,221.45173352196457,26.510050413146313,197.43642017690382,24.01531334506076,0.9708542021428935,10048.758288195857,7.24475685620618e-06,0.0007852171724503662,23.78125,86.56938021158567,4.458995317691006,89.26008421258302,89.26008421258302,340.1171875,50.0,1141.61328125,0.0,0.0,4570.0,139.0,0,32,"[0.7126990462893896, 0.9335115156170753, 0.14582253040111048, 0.9247447490665569, 0.000911351778246854, 0.32740761034212656, 0.35]"
495,219.78927270196579,25.9521683281397,195.53884983951178,24.250422862454037,0.9708535225148677,3713.374776495145,4.705368705337776e-06,0.0006360198573321593,20.28125,75.28960242780158,4.473542714549694,77.4042959237704,77.4042959237704,340.1171875,50.0,1141.6171875,0.0,0.0,4570.0,139.0,0,32,"[0.7127230196981137, 0.9334999162773447, 0.1458227441090485, 0.9247420354268904, 0.0019108906883834758, 0.32739328244613536, 0.35]"
496,221.38132590126895,26.497458141619074,197.36857704939254,24.012748851876417,0.9708519814466253,9946.533195834347,7.2373774417933134e-06,0.000785188122297649,23.75,81.15450305194827,4.271707693987992,83.35045427520527,83.35045427520527,340.1171875,50.0,1141.6171875,0.0,0.0,4570.0,139.0,0,32,"[0.7127944523715906, 0.9334680694550417, 0.14582336952650893, 0.9247352181881657, 0.0009147766313503199, 0.3273533691330774, 0.35]"
497,219.76308682958995,25.94874042687151,195.51525072407327,24.24783610551665,0.9708512957592657,3732.0852317473436,4.703674258532686e-06,0.0006353083611838246,20.28125,72.78691096871626,3.5945102863479406,72.44173537765164,72.44173537765164,340.1171875,50.0,1141.6171875,0.0,0.0,4580.0,149.0,0,32,"[0.7128186875294629, 0.9334563427138732, 0.1458235855010915, 0.9247324773599511, 0.0019143054733835542, 0.3273388889457909, 0.35]"
498,221.31168627817186,26.485054568628385,197.3015116615019,24.010174616669946,0.9708497631383447,10257.607890059953,7.2302361084908284e-06,0.0007853843866276282,23.875,83.52501272020163,4.459148236492183,85.3681317094015,85.3681317094015,340.1171875,50.0,1141.7265625,0.0,0.0,4571.0,140.0,0,32,"[0.7128897591616645, 0.9334246598953883, 0.14582420760266387, 0.9247256948615379, 0.0009181521066027722, 0.32729917619386845, 0.35]"
499,219.7373709712868,25.94530972670069,195.49208208454718,24.2452888867396,0.9708490970043319,3749.1910662794703,4.70194951063263e-06,0.0006387874000826939,20.25,70.84206036233809,4.766547303006519,73.50382416916545,73.50382416916545,340.1171875,50.0,1141.7265625,0.0,0.0,4571.0,140.0,0,32,"[0.7129131549157259, 0.9334133488479435, 0.1458244152441494, 0.9247230259712177, 0.001917711956501934, 0.32728511777017877, 0.35]"
500,221.24179041683178,26.47249881659874,197.23414578144713,24.007644635384665,0.9708475717547393,10155.67532582119,7.2230516234839115e-06,0.0007781744471955358,23.90625,85.26116899156477,5.9079502170789056,89.48600808798801,89.48600808798801,340.1171875,50.0,1143.79296875,0.0,0.0,4637.0,206.0,0,32,"[0.7129839117858171, 0.9333818081109545, 0.14582503441420788, 0.9247162738868621, 0.0009215245065555616, 0.3272455799680177, 0.35]"
