epoch,loss,loss_std,loss_u,loss_x,theta_rel_error,grad_norm,constraint_violation_inf,solve_convergence_error,sqp_num_iter,forward_time_ms,backward_time_ms,value_grad_time_ms,total_sample_time_ms,build_rss_delta_mb,build_gpu_used_delta_mb,rss_mb,rss_delta_mb,rss_peak_delta_mb,gpu_used_mb,gpu_used_delta_mb,theta
0,42.26140063456809,81.11419902784866,38.84789675719132,3.4135038773767574,0.6703322464754675,81.52911726022782,0.007526361542977311,0.0012145074372424075,12.02,22.49991197604686,14.055202631279826,36.01224937476218,36.01224937476218,241.578125,,862.140625,0.061484375,0.061484375,,,"[1.2, 0.25, 4.0, 0.15, 0.08, 0.25, 0.02]"
1,42.13635752957286,80.86190281842286,38.735677022188604,3.4006805073842568,0.6703296426938274,82.86138400916633,0.007452262837722767,0.0012116126816624942,11.82,20.765489139594138,9.934512423351407,30.570991430431604,30.570991430431604,241.578125,,862.140625,0.0,0.0,,,"[1.2000264163570515, 0.250217799092918, 4.0000017929160085, 0.15000960160397608, 0.07902675518289311, 0.24993243631295198, 0.02]"
2,42.00844239763916,80.60489956426531,38.6210645551125,3.387377842526667,0.6703270740235763,84.22159453255912,0.007376889746830706,0.001188420336431615,13.68,29.312149276956916,19.418978583998978,48.72804848011583,48.72804848011583,241.578125,,862.140625,0.0,0.0,,,"[1.2000523786537098, 0.25043351503244343, 4.000003561239466, 0.15001905787983374, 0.07805296966100306, 0.2498657894690722, 0.02]"
3,41.87815912695956,80.34299205974212,38.504288447752,3.3738706792075606,0.6703245404093232,85.62713815984928,0.007300439790864144,0.0012102068368405024,12.84,24.054740145802498,12.170360297895968,36.13102394156158,36.13102394156158,241.578125,,862.140625,0.0,0.0,,,"[1.200077888312399, 0.25064720360393894, 4.000005301810949, 0.15002835728221448, 0.07707866214765328, 0.24980004897425742, 0.02]"
4,41.74555195441499,80.07587303175451,38.38522362271064,3.360328331704366,0.6703220418908771,87.0861539961732,0.007222376428944022,0.0012171688624149756,11.86,21.200368953868747,11.938891247846186,33.092449801042676,33.092449801042676,241.578125,,862.39453125,0.005078125,0.005078125,,,"[1.2001029413038122, 0.2508588246582158, 4.000007017782449, 0.15003751183806674, 0.07610382931001104, 0.24973521792314796, 0.02]"
5,41.61030410614513,79.80390598878881,38.26387921937384,3.34642488677129,0.6703195785302092,88.5738277673526,0.007142832315450376,0.001194891086773057,12.34,22.723044706508517,10.764389652758837,33.44260415993631,33.44260415993631,241.578125,,862.39453125,0.0,0.0,,,"[1.2001275332681063, 0.2510683295488541, 4.000008712750487, 0.15004653344756913, 0.07512846609117228, 0.2496713018449701, 0.02]"
6,41.47286925041524,79.5264940428791,38.14032323656434,3.3325460138509015,0.6703171503709542,90.10252509079223,0.007061895270236929,0.0011971956220766025,13.48,24.374400107190013,12.634438811801374,36.86155411414802,36.86155411414802,241.578125,,862.39453125,0.0,0.0,,,"[1.2001516567670345, 0.2512757859723575, 4.000010384119382, 0.15005541950322018, 0.07415259333584055, 0.2496082899487416, 0.02]"
7,41.332545236022845,79.24426049405633,38.01433142157206,3.3182138144507847,0.6703147573274464,91.6737239476956,0.0069794502686984505,0.0011911049504122718,13.44,26.04168649762869,12.952726413495839,38.658680310472846,38.658680310472846,241.578125,,862.39453125,0.0,0.0,,,"[1.2001753138963156, 0.2514812086940938, 4.00001203155572, 0.15006416302188233, 0.07317622012699938, 0.24954617683017122, 0.02]"
8,41.18965858214347,78.95567465755319,37.885817505039434,3.303841077104043,0.6703123993625855,93.27691350286713,0.006895107790004407,0.0011826536056352235,12.26,25.617668377235532,9.762103040702641,35.10156934149563,35.10156934149563,241.578125,,862.39453125,0.0,0.0,,,"[1.2001985031679976, 0.25168461051000823, 4.000013655113489, 0.15007276465428004, 0.07219935502565056, 0.24948495666448417, 0.02]"
9,41.04302811175365,78.66158454697508,37.7541448482419,3.288883263511741,0.6703100764481993,94.95803180351932,0.006809298806504327,0.0011838293634581967,13.46,22.48153490945697,10.90416671242565,33.34694841876626,33.34694841876626,241.578125,,862.48828125,0.001875,0.001875,,,"[1.2002212235768928, 0.2518860485579625, 4.000015251966045, 0.15008121500368252, 0.07122201569050074, 0.24942462125646894, 0.02]"
10,40.894548285514354,78.36178472898442,37.620468015285795,3.27408027022856,0.6703077886831676,96.66918213848803,0.006721601791328635,0.0011936954545659125,13.0,22.502426174469292,12.28730927221477,34.62775943335146,34.62775943335146,241.578125,,862.48828125,0.0,0.0,,,"[1.2002434726254934, 0.25208541760431985, 4.000016828145235, 0.1500895358795814, 0.07024418504852095, 0.24936518660783116, 0.02]"
11,40.7427975440836,78.05620038835178,37.48401052809848,3.258787015985122,0.6703055362265246,98.43094615004595,0.006632106147218486,0.0011605517919884188,12.38,21.6597931785509,11.096647107042372,32.62910593766719,32.62910593766719,241.578125,,862.48828125,0.0,0.0,,,"[1.2002652329252927, 0.25228280372332845, 4.000018381540918, 0.15009772949719433, 0.06926588638325575, 0.24930664275685388, 0.02]"
12,40.58786863256044,77.74354506863429,37.34445122870562,3.2434174038548242,0.6703033188429418,100.19440737596548,0.006496794277204843,0.001163673040257345,12.22,21.66041076183319,12.04360207542777,33.65271536167711,33.65271536167711,241.578125,,862.86328125,0.0075,0.0075,,,"[1.2002865144100874, 0.2524782136589683, 4.000019911669074, 0.15010578519770532, 0.06828712713727046, 0.24924897857184025, 0.02]"
13,40.42934318256141,77.42470420833504,37.2017992408432,3.22754394171821,0.6703011272686131,102.46905802880315,0.006353238144533091,0.0011731353064547737,12.8,22.065901532769203,12.502492838539183,34.415787351317704,34.415787351317704,241.578125,,862.86328125,0.0,0.0,,,"[1.200308144208427, 0.2526697738950528, 4.000021387240994, 0.15011301868183818, 0.06730762093214535, 0.249191100067443, 0.02]"
14,40.2683625939771,77.0995605594336,37.05663841690668,3.2117241770704212,0.6702989351760625,104.39672229075342,0.006208622129661889,0.0011562320153630896,14.18,22.694282843731344,14.014899344183505,36.6230900445953,36.6230900445953,241.578125,,862.86328125,0.0,0.0,,,"[1.2003293540858302, 0.252863691550686, 4.000022896889512, 0.15011988853235397, 0.06632886960935022, 0.24912831107034336, 0.02]"
15,40.102327260626176,76.76658619586749,36.907263467164114,3.1950637934620523,0.6702967788155885,106.3908333919652,0.006062624614200152,0.001137339571814142,12.46,22.392449299804866,11.335439030081034,33.49506938364357,33.49506938364357,241.578125,,862.86328125,0.0,0.0,,,"[1.2003500599193304, 0.2530556404398197, 4.000024383744699, 0.1501266415203328, 0.06534965679624448, 0.24906649403818576, 0.02]"
16,39.93430009570253,76.42736147493059,36.75563246916331,3.1786676265392275,0.6702946582006712,108.44037745517271,0.005914018017599831,0.0011468849789190566,11.8,22.73877306841314,11.416127239353955,33.686405648477376,33.686405648477376,241.578125,,862.86328125,0.0,0.0,,,"[1.200370263755036, 0.2532456096802578, 4.00002584774529, 0.1501332777631476, 0.06436998561713946, 0.2490056525185967, 0.02]"
17,39.762295863663354,76.08034336124545,36.60040102487318,3.161894838790167,0.6702925733155268,110.5791690374575,0.005762007885705411,0.0011420419780837697,12.92,22.328904322348535,11.974929571151733,34.11306295543909,34.11306295543909,241.578125,,862.86328125,0.0,0.0,,,"[1.200389958004917, 0.2534336314114156, 4.000027289329188, 0.15013979865014515, 0.06338986825970291, 0.24894577488808395, 0.02]"
18,39.58592924952871,75.72565153608166,36.44136444880036,3.144564800728351,0.6702905242423197,112.76461743657569,0.005606467676451787,0.0011376882133333492,13.72,23.304598513059318,10.867694965563715,34.083939236588776,34.083939236588776,241.578125,,862.86328125,0.0,0.0,,,"[1.2004091378527657, 0.25361966354417037, 4.000028711506956, 0.15014621996978397, 0.06240930130497906, 0.24888687352673108, 0.02]"
19,39.40618737482472,75.36299755878147,36.27905372994344,3.1271336448812797,0.6702885108763158,114.99141444479073,0.005447087320890276,0.0011252383337958718,11.64,21.3365710247308,12.332918364554644,33.45361842773855,33.45361842773855,241.578125,,862.86328125,0.0,0.0,,,"[1.2004278060293916, 0.253803760536939, 4.000030111394521, 0.15015252680849495, 0.061428301441044345, 0.24882893107702767, 0.02]"
20,39.14702139845917,74.88970714848264,36.0508161924831,3.096205205976081,0.6702865331017536,117.64028632733489,0.009605165522739822,0.0012774758916113997,11.7,20.259055607020855,12.820081845857203,33.02419857122004,33.02419857122004,241.578125,,862.86328125,0.0,0.0,,,"[1.2004459623464727, 0.25398598954214774, 4.000031486223446, 0.15015870707501555, 0.06044688748857351, 0.24877192664000716, 0.02]"
21,38.95940353734394,74.51089735385108,35.88105574495383,3.078347792390112,0.6702846217515358,120.04971537877881,0.009501673317389159,0.0012458784071884938,12.38,20.73325132485479,10.543516227044165,30.989729017019272,30.989729017019272,241.578125,,862.86328125,0.0,0.0,,,"[1.2004632033791451, 0.2541635759991181, 4.000032822113448, 0.15016536895438917, 0.059464292158269844, 0.24872068165290956, 0.02]"
22,38.766506148613075,74.12274241486182,35.70664558285549,3.059860565757587,0.6702827456655155,122.54840462879903,0.009456882785145004,0.0012383693454773655,12.36,22.09092626348138,11.297982949763536,33.03970967885107,33.03970967885107,241.578125,,862.86328125,0.0,0.0,,,"[1.2004799184552972, 0.25433937477311447, 4.000034135143515, 0.15017191381459924, 0.05848132057761718, 0.2486703059677032, 0.02]"
23,38.57002593815632,73.72604224641414,35.52873884514425,3.041287093012073,0.6702809048150848,125.11452031602695,0.009346115100571928,0.001242047559727936,10.64,20.410593724809587,10.889672259800136,31.115396325476468,31.115396325476468,241.578125,,862.86328125,0.0,0.0,,,"[1.2004961091868798, 0.25451334800909076, 4.000035427602002, 0.15017834299841198, 0.05749797066633516, 0.2486207971756894, 0.02]"
24,38.36858719517334,73.3199442897851,35.34624033158802,3.022346863585316,0.6702790991397518,127.77367917840172,0.009232098377777886,0.0012267779776177937,11.5,20.656041246838868,9.7143879160285,29.974271021783352,29.974271021783352,241.578125,,862.86328125,0.0,0.0,,,"[1.2005117706031814, 0.2546855330851561, 4.000036699229642, 0.1501846579370639, 0.05651425410104012, 0.24857214285130919, 0.02]"
25,38.156331735672154,72.8980926631784,35.15457150513541,3.001760230536752,0.670277328650378,130.57555580976896,0.009114873180414762,0.0011973225470627807,12.22,22.047350211068988,12.185372384265065,34.2132121976465,34.2132121976465,241.578125,,862.86328125,0.0,0.0,,,"[1.2005269001927399, 0.25485593352812613, 4.000037950459088, 0.15019085924084047, 0.055530176023281516, 0.24852434013516217, 0.02]"
26,37.94459277025323,72.47209728119091,34.96275039901616,2.9818423712370725,0.6702755934810009,133.39246588475262,0.008994164894124024,0.0011673477289488178,12.18,20.549798174761236,12.06374699715525,32.4758439976722,32.4758439976722,241.578125,,862.86328125,0.0,0.0,,,"[1.2005415115466462, 0.25502446817465846, 4.000039180955787, 0.1501969452319846, 0.05454572561849291, 0.24847742075386656, 0.02]"
27,37.728269276292274,72.03545871379612,34.76639294949152,2.961876326800762,0.6702738933603638,136.3683020563302,0.008870058963224126,0.001150439886135916,12.0,22.132036830298603,12.140504489652812,33.78614351619035,33.78614351619035,241.578125,,862.86328125,0.0,0.0,,,"[1.2005555903759133, 0.2551912810971831, 4.000040388947281, 0.1502029072976441, 0.05356093428827653, 0.24843133099480297, 0.02]"
28,37.50495175017767,71.58716860997454,34.56392573253826,2.9410260176394063,0.6702722284548958,139.42489571719494,0.008742060442641919,0.001144774001946383,11.36,20.690846424549818,14.164507105015218,34.66443582903594,34.66443582903594,241.578125,,862.86328125,0.0,0.0,,,"[1.2005691254057869, 0.2553563076098172, 4.000041579818283, 0.15020876986123072, 0.05257579450612365, 0.24838608859352163, 0.02]"
29,37.281641638975046,71.13308765384268,34.360703965188144,2.9209376737869106,0.6702705986801579,142.5330051322333,0.008610241907790972,0.0011517139406389788,12.16,21.0819487972185,13.18763742223382,34.127021273598075,34.127021273598075,241.578125,,862.86328125,0.0,0.0,,,"[1.2005821208761414, 0.2555195841922501, 4.000042751045183, 0.15021452110728928, 0.051590317256022936, 0.24834168120342495, 0.02]"
30,37.04736237172626,70.66191340730214,34.147944556085115,2.8994178156411516,0.6702690038621328,145.80373504729252,0.008474262766740626,0.0011503806405177303,12.22,21.521756066940725,13.755167936906219,35.09055144619197,35.09055144619197,241.578125,,862.86328125,0.0,0.0,,,"[1.200594558886026, 0.2556812157223293, 4.000043903245387, 0.15022016415183764, 0.050604525465619145, 0.24829807020898848, 0.02]"
31,36.78025167649672,70.17593341337464,33.91284141753748,2.8674102589592416,0.6702674441147652,149.25780634283154,0.00833354752141624,0.0012698503972866828,13.76,23.649430288933218,13.847168916836381,37.382145496085286,37.382145496085286,241.578125,,862.86328125,0.0,0.0,,,"[1.200606449759597, 0.2558411373300096, 4.000045036219331, 0.15022569808518393, 0.04961841147104363, 0.24825528039521177, 0.02]"
32,36.53261051666981,69.6793262774112,33.687774683270575,2.8448358333992427,0.6702659192356304,152.78267887872053,0.008188048516617141,0.0012715177978345766,13.34,22.440257049165666,12.948632123880088,35.28889543376863,35.28889543376863,241.578125,,862.86328125,0.0,0.0,,,"[1.2006179605427878, 0.2559987803322046, 4.000046137002937, 0.15023104630190617, 0.04863188767852111, 0.24821336169584926, 0.02]"
33,36.279054710998466,69.17059078343343,33.45713070618221,2.821924004816252,0.6702644294554251,156.47005708903532,0.007999296752813023,0.0012957224448843945,13.92,22.64826361555606,10.926144779659808,33.457961957901716,33.457961957901716,241.578125,,862.86328125,0.0,0.0,,,"[1.2006289091192035, 0.25615476351896044, 4.00004721969219, 0.15023629217970233, 0.047645058826241635, 0.24817225818055244, 0.02]"
34,36.01788410604544,68.64695218611473,33.2195472180693,2.7983368879761445,0.6702629747741683,160.26014876281806,0.007846419015541395,0.0012623373576132202,12.78,20.750060360878706,12.448194441385567,32.995548686012626,32.995548686012626,241.578125,,862.86328125,0.0,0.0,,,"[1.2006392888809074, 0.25630905527878034, 4.000048288138396, 0.15024144883330864, 0.046657923935820696, 0.24813196812165708, 0.02]"
35,35.74926042616321,68.10902967694291,32.97505038387017,2.7742100422930416,0.670261555135392,164.19138839245116,0.007674813824344318,0.0012485633775707896,12.18,20.841916343197227,10.843357904814184,31.358048617839813,31.358048617839813,241.578125,,862.86328125,0.0,0.0,,,"[1.2006490990756615, 0.25646172632461783, 4.0000493388664955, 0.1502465044780256, 0.045670498365911937, 0.24809247898205383, 0.02]"
36,35.37405982994078,67.45556104751975,32.64217567230114,2.731884157639642,0.6702601705046078,169.39224516627905,0.010266164598456473,0.0014950820615377807,12.52,20.786168538033962,12.242951560765505,32.959656938910484,32.959656938910484,241.578125,,862.86328125,0.0,0.0,,,"[1.2006583362995709, 0.25661279523158365, 4.00005037208164, 0.15025146074475176, 0.04468278893333039, 0.24805378397324807, 0.02]"
37,35.093138762496395,66.88769219691622,32.38525859543401,2.7078801670623784,0.6702588272235707,173.57607867666124,0.010082362799101019,0.0014533499954397483,12.42,22.586882701143622,13.781444109044969,36.124193049035966,36.124193049035966,241.578125,,862.86328125,0.0,0.0,,,"[1.2006670157454609, 0.2567611636682805, 4.000051386226536, 0.15025646582022986, 0.04369459548006293, 0.24801691808321016, 0.02]"
38,34.803881854162206,66.30394730746495,32.120608775015356,2.6832730791468524,0.6702575185971887,178.4167705796782,0.00989079082569383,0.001441149020474152,12.26,21.806058273650706,11.92120123654604,33.17480066791177,33.17480066791177,241.578125,,862.86328125,0.0,0.0,,,"[1.2006751069236448, 0.2569080798782348, 4.00005238184933, 0.15026136327609882, 0.04270615269157325, 0.24798077894070855, 0.02]"
39,34.50345604729625,65.70252942478865,31.846193209501816,2.6572628377944265,0.6702562248270726,183.0663088691992,0.009692835009984191,0.0014279941048914318,14.24,21.596618597395718,11.428002039901912,32.852249937132,32.852249937132,241.578125,,862.86328125,0.0,0.0,,,"[1.2006831511186224, 0.25705397387476525, 4.000053366602037, 0.15026568406836563, 0.04171763868581257, 0.24794242983219755, 0.02]"
40,34.14483191505937,65.05782686211144,31.525779596497088,2.6190523185622783,0.6702549662120579,188.3558200180585,0.00949073095477182,0.0015365532294126444,13.84,22.75944450404495,11.138109881430864,33.45958241727203,33.45958241727203,241.578125,,862.86328125,0.0,0.0,,,"[1.2006905959441736, 0.2571983164690857, 4.0000543370780175, 0.15026992391080943, 0.04072886112082257, 0.2479048825431966, 0.02]"
41,33.828062850001515,64.41954460055031,31.235314844884485,2.5927480051170346,0.6702537434920867,193.31834564236797,0.009277190183539119,0.001491160005526897,12.2,19.243194381706417,9.34764638543129,28.551691700704396,28.551691700704396,241.578125,,862.86328125,0.0,0.0,,,"[1.2006975239552384, 0.2573406568723535, 4.000055288840303, 0.1502740692074235, 0.039739753024733135, 0.24786829979911598, 0.02]"
42,33.49796634213,63.7616748621402,30.933117961726172,2.5648483804038267,0.6702525556878041,198.43046523333675,0.009053760469914796,0.0014854241923922698,12.34,19.82468441594392,10.8247464383021,30.43615713249892,30.43615713249892,241.578125,,862.86328125,0.0,0.0,,,"[1.2007038368421061, 0.2574815643485868, 4.000056226336576, 0.15027812886212483, 0.038750407640890314, 0.2478324726813983, 0.02]"
43,33.1578838385094,63.08297363900183,30.621558332047638,2.5363255064617536,0.6702514027091567,203.81681868813246,0.008821961002563827,0.0014632870280343057,12.96,21.209528711624444,11.50681181345135,32.13281116914004,32.13281116914004,241.578125,,862.86328125,0.0,0.0,,,"[1.200709533341952, 0.2576211063813511, 4.000057146764186, 0.15028209300856893, 0.03776083811851224, 0.24779738465341347, 0.02]"
44,32.758986219860866,62.35646066960745,30.26139654808594,2.497589671774931,0.6702502846272544,210.01832154492158,0.010728935493055536,0.001570483677441874,12.84,21.36951462365687,14.714958891272545,36.084473514929414,36.084473514929414,241.578125,,862.86328125,0.0,0.0,,,"[1.200714604882949, 0.25775926968729107, 4.0000580526595995, 0.1502859730613951, 0.036771045337904, 0.24776303998347457, 0.02]"
45,32.39679114796703,61.633924532919245,29.928978561044584,2.4678125869224505,0.6702492032130659,215.83263248541223,0.010466025945415847,0.0015624743819906146,12.24,19.642145880497992,11.51396147441119,31.15610735490918,31.15610735490918,241.578125,,862.86328125,0.0,0.0,,,"[1.2007190565629229, 0.2578957135957035, 4.000058945061949, 0.15028982395419546, 0.03578097559911368, 0.24772973039075125, 0.02]"
46,32.019179725839315,60.88693721389168,29.58277822601729,2.436401499822018,0.6702481565203878,221.04801012418022,0.0102325582467796,0.0015601215799080634,12.22,23.121540774591267,15.584787572734058,38.56791216880083,38.56791216880083,241.578125,,862.86328125,0.0,0.0,,,"[1.2007228713189018, 0.25803085494327654, 4.000059823603999, 0.1502935918840714, 0.034790700619116745, 0.24769713041124086, 0.02]"
47,31.633560772351842,60.11553416254518,29.227914668649095,2.4056461037027477,0.6702471228930382,227.24650491590987,0.009944428170259867,0.001528579670918665,13.14,19.085591756738722,10.429174527525902,29.435038841329515,29.435038841329515,241.578125,,862.86328125,0.0,0.0,,,"[1.2007279739262495, 0.2581605784910659, 4.000060602035725, 0.1502956369375165, 0.03379976572930354, 0.24766264823483766, 0.02]"
48,31.232427372779938,59.318404521913465,28.8591080621621,2.3733193106178447,0.6702461240709827,233.6883770618349,0.009637620485215603,0.0014823546581985375,12.54,18.7045058561489,12.822811636142433,31.52731749229133,31.52731749229133,241.578125,,862.86328125,0.0,0.0,,,"[1.2007323999658202, 0.25828915226670957, 4.000061368214085, 0.1502976149056607, 0.032808653404393394, 0.24762886873801498, 0.02]"
49,30.795194178211272,58.50495667236077,28.463195406703502,2.3319987715077746,0.670245160129627,240.45150188243886,0.009308396434396127,0.0015954720236277115,11.86,17.611636267974973,11.53593816794455,29.097904711961746,29.097904711961746,241.578125,,862.86328125,0.0,0.0,,,"[1.2007361352669657, 0.258416621538241, 4.000062122795103, 0.15029953375304486, 0.031817371577386525, 0.24759579729398598, 0.02]"
50,30.366222856378716,57.652034517095025,28.067736410043423,2.2984864463352945,0.6702442325575222,247.45420498691624,0.008965686913826987,0.0015609775527126305,11.7,17.941342131234705,12.484301822260022,30.332660502754152,30.332660502754152,241.578125,,862.86328125,0.0,0.0,,,"[1.2007393733764768, 0.25854197706966275, 4.000062853559048, 0.15030138280722785, 0.03082578415469187, 0.24756376706581157, 0.02]"
51,29.920955547132323,56.76871497808049,27.657032932537742,2.2639226145945788,0.6702433368145849,254.55863978246273,0.008606407359866897,0.0015043208805397407,12.24,16.444986942224205,14.443117822520435,30.827390705235302,30.827390705235302,241.578125,,862.86328125,0.0,0.0,,,"[1.2007419499084477, 0.25866654130727446, 4.000063575731718, 0.15030309881351012, 0.029834087481114026, 0.2475319652799049, 0.02]"
52,29.458450431074088,55.85321289494222,27.230228144283203,2.2282222867908885,0.6702424757268372,261.8972032626965,0.00822903828273197,0.001441653262123791,12.82,19.85825676470995,12.865557712502778,32.43859147652984,32.43859147652984,241.578125,,862.86328125,0.0,0.0,,,"[1.2007438040938079, 0.2587901795642351, 4.000064287449248, 0.15030475179724337, 0.02884225239720757, 0.24750081931965734, 0.02]"
53,28.977321160362553,54.901488819216524,26.785863343717033,2.191457816645518,0.6702416491880678,269.429206367112,0.007841235628729792,0.0014059796502516636,12.44,19.20378505717963,17.244698838330805,36.25650093425065,36.25650093425065,241.578125,,862.86328125,0.0,0.0,,,"[1.2007449252949982, 0.2589129573742233, 4.000064989152532, 0.1503063393112274, 0.02785028943134008, 0.24747031007460002, 0.02]"
54,28.44830998534387,53.91523123735892,26.302490347392144,2.145819637951718,0.6702408571853984,277.8008553543868,0.00897868577411709,0.0014747139323987623,11.16,16.636889223009348,12.811324461363256,29.448213684372604,29.448213684372604,241.578125,,862.86328125,0.0,0.0,,,"[1.2007453348134942, 0.2590348017994887, 4.000065679229311, 0.1503078476409541, 0.026858191124783937, 0.24744044425495884, 0.02]"
55,27.935649982049608,52.89701394648269,25.827670024766945,2.1079799572826574,0.6702401004039276,285.5061379751613,0.008478993572693716,0.0013880450441547823,12.28,18.525839298963547,10.829133815132082,29.1732878703624,29.1732878703624,241.578125,,862.86328125,0.0,0.0,,,"[1.2007449564501684, 0.25915584346187054, 4.000066364433899, 0.15030935145813734, 0.02586597339568853, 0.24741128915421928, 0.02]"
56,27.400861293285796,51.837432131246615,25.33381219177966,2.067049101506132,0.6702393776678616,292.0124507727365,0.008964134683067948,0.001398149697424975,11.36,16.396949612535536,11.331602116115391,27.623229050077498,27.623229050077498,241.578125,,862.86328125,0.0,0.0,,,"[1.2007439082131492, 0.25927592819754686, 4.000067032755639, 0.15031071945046626, 0.02487362278365163, 0.24738271465190112, 0.02]"
57,26.819998734762635,50.74842175267528,24.79969302401848,2.0203057107441564,0.6702386637368325,300.1674670171705,0.008743302958941601,0.0014378514369351961,11.28,15.078425104729831,9.360960149206221,24.439385253936052,24.439385253936052,241.578125,,862.86328125,0.0,0.0,,,"[1.2007444300561978, 0.25939051806880586, 4.000067572916134, 0.15030990947240755, 0.023880695173703167, 0.24735168720208578, 0.02]"
58,26.24782070106802,49.60523352032131,24.26739315874836,1.9804275423196593,0.670237984753664,307.69160743098615,0.008046005313936566,0.0013007817153440676,12.36,16.67285014409572,8.530566929839551,25.12187001761049,25.12187001761049,241.578125,,862.86328125,0.0,0.0,,,"[1.2007441240106784, 0.25950455871486255, 4.000068107237604, 0.15030910268822195, 0.02288768404172789, 0.24732131299017054, 0.02]"
59,25.650125817495812,48.41459139821143,23.711222494424756,1.9389033230710562,0.6702373397196364,315.1215484652453,0.007306105550661746,0.0011915241878149704,9.18,12.921674367971718,10.021744654513896,22.943419022485614,22.943419022485614,241.578125,,862.86328125,0.0,0.0,,,"[1.2007429636395492, 0.2596184727314069, 4.000068630785057, 0.15030819290616604, 0.021894644721078185, 0.24729141221751635, 0.02]"
60,25.034271423972463,47.18219141711085,23.137458410344216,1.896813013628244,0.6702367282088744,322.06011883350436,0.006422288683763655,0.001029851493645752,9.94,14.426192534156144,9.464414389804006,23.62507618498057,23.62507618498057,241.578125,,862.86328125,0.0,0.0,,,"[1.2007408478140864, 0.25973272491068355, 4.000069149818011, 0.1503072049515851, 0.020901635165571412, 0.24726187004377123, 0.02]"
61,24.394124005235508,45.900801046104476,22.54074619240948,1.8533778128260305,0.6702361498957643,327.56445211775497,0.005455718138764831,0.0009148388888575662,9.6,13.53897931985557,14.347635260783136,27.886614580638707,27.886614580638707,241.578125,,862.86328125,0.0,0.0,,,"[1.2007377353048756, 0.2598475849401648, 4.000069664332325, 0.1503061163388674, 0.01990869010366372, 0.24723261017127898, 0.02]"
62,23.724187384028756,44.566985629560136,21.916339747964063,1.8078476360646933,0.6702355867551603,332.8363978666424,0.004464970034161908,0.0008567656697984283,9.12,13.090881034731865,13.277152650989592,26.321739368140697,26.321739368140697,241.578125,,862.86328125,0.0,0.0,,,"[1.2007354746894061, 0.2599592209722397, 4.00007006205622, 0.15030319631427683, 0.018915432318834396, 0.2472015847929219, 0.02]"
63,23.031990614390068,43.182917594983614,21.270606679283773,1.7613839351062948,0.6702350559829945,336.5926378553829,0.0033295606972478797,0.0006697960948904786,8.78,13.49705318454653,9.111885856837034,22.552335802465677,22.552335802465677,241.578125,,862.86328125,0.0,0.0,,,"[1.2007320423675072, 0.26007245153503217, 4.000070457830885, 0.15030014646908313, 0.01792235671045831, 0.24717062616463734, 0.02]"
64,22.31143443005888,41.747034721046255,20.598426872376077,1.7130075576828026,0.6702345569531853,337.96452984536324,0.002138574102284796,0.0005950597816122412,7.8,11.19193488266319,8.534813774749637,19.726748657412827,19.726748657412827,241.578125,,862.86328125,0.0,0.0,,,"[1.2007273062131012, 0.26018801691244703, 4.000070853800018, 0.15029694381946274, 0.016929559160600596, 0.24713956455458833, 0.02]"
65,21.56421861215985,40.25752808550205,19.90103624816662,1.6631823639932306,0.6702340819223587,336.9142656502797,0.0009926579381513978,0.0005702414304330746,4.18,10.137044517323375,8.43481954652816,18.52255939040333,18.52255939040333,241.578125,,862.86328125,0.0,0.0,,,"[1.200721979665581, 0.26030480740977685, 4.0000711964555915, 0.15029276410002437, 0.01593694409650376, 0.24710748099681096, 0.02]"
66,20.793215833356467,38.71594811667718,19.18109693057606,1.6121189027804044,0.6702336367804793,331.6177510561063,0.0009944119858353861,0.00057016189724026,4.24,9.378424459137022,8.077338170260191,17.455762629397213,17.455762629397213,241.578125,,862.86328125,0.0,0.0,,,"[1.2007149706888163, 0.2604261171626038, 4.000071543154965, 0.1502883378044754, 0.014944902024269537, 0.24707480634712153, 0.02]"
67,19.996077692489866,37.125168081456344,18.436942963032504,1.5591347294573612,0.6702332181479486,320.76600746801944,0.0009797862644367328,0.0005204778659249278,3.86,9.552376382052898,8.55432655196637,18.03673362825066,18.03673362825066,241.578125,,862.86328125,0.0,0.0,,,"[1.2007061908923733, 0.26055333995792235, 4.000071878226879, 0.15028333501026986, 0.013953657574324116, 0.24704094522267087, 0.02]"
68,19.174878633062082,35.49331891753849,17.670831214406597,1.5040474186554889,0.6702328250538817,302.17661125266903,0.000999384531215286,0.000531175827501011,3.7,9.364258563145995,11.384215638972819,20.704299439676106,20.704299439676106,241.578125,,862.86328125,0.0,0.0,,,"[1.2006949151359634, 0.2606899364283781, 4.0000722213613065, 0.15027781887569228, 0.012963748746683013, 0.24700538922392967, 0.02]"
69,18.334808424675195,33.83144147243902,16.887944624022627,1.446863800652571,0.6702324538482636,272.5765565139641,0.0009955680180284698,0.0005257322544616464,4.7,9.664805778302252,8.541730847209692,18.206536625511944,18.206536625511944,241.578125,,862.86328125,0.0,0.0,,,"[1.2006802119266038, 0.26084101796019354, 4.000072586925191, 0.1502716365177204, 0.011976098863974369, 0.24696708073439042, 0.02]"
70,17.484228399068027,32.15978985120274,16.096600982332685,1.3876274167353408,0.6702320973566762,227.519821668502,0.0009970875770117793,0.00048707816916314866,4.84,10.36438550800085,10.846158852800727,21.210544360801578,21.210544360801578,241.578125,,862.86328125,0.0,0.0,,,"[1.2006604086295516, 0.26101601866462015, 4.000072993749218, 0.15026441466742416, 0.010992698521366095, 0.2469240223043314, 0.02]"
71,16.63900424234705,30.51450940092971,15.312257469328008,1.326746773019041,0.6702317401104791,161.9490670875236,0.0009161239718271652,0.0005323981250465832,3.78,10.417465129867196,8.836372438818216,19.081307048909366,19.081307048909366,241.578125,,862.86328125,0.0,0.0,,,"[1.2006318086842633, 0.2612356729784572, 4.000073484929614, 0.15025533321281534, 0.010018980964777772, 0.24687181663941676, 0.02]"
72,15.83392612492728,28.96837701969129,14.568039679389953,1.2658864455373255,0.6702313384432853,78.64620224496446,0.00099075595076914,0.00047560612405667016,4.28,10.440635653212667,8.665277506224811,19.105913159437478,19.105913159437478,241.578125,,862.86328125,0.0,0.0,,,"[1.2005836543357398, 0.26156015389437093, 4.000074174856798, 0.15024197747278079, 0.009077313897648797, 0.24679780598608217, 0.02]"
73,15.257180659273299,27.877460124858995,14.036309964353388,1.2208706949199126,0.6702307084234406,74.40382379657869,0.0009646960898246348,0.0005338913440449933,3.8,10.082040424458683,8.51016462314874,18.516133669763803,18.516133669763803,241.578125,,862.86328125,0.0,0.0,,,"[1.2004657266918037, 0.26226440987996125, 4.000075588302771, 0.1502133351266003, 0.008394779405392329, 0.2466447018953909, 0.02]"
74,15.704745639441011,28.717423776861605,14.443611291182812,1.2611343482581987,0.6702301936703349,75.3254018684287,0.000992288738474123,0.0005479617293189525,4.28,9.823452904820442,10.733771156519651,20.5569469043985,20.5569469043985,241.578125,,862.86328125,0.0,0.0,,,"[1.2003246470406823, 0.2630380794908085, 4.00007708082604, 0.1501823319667071, 0.00899013123174201, 0.24648307069612205, 0.02]"
75,15.152240956220712,27.674248039593316,13.934015366333751,1.2182255898869612,0.670229580427283,75.11455556006254,0.0009867475568559048,0.0005428265833181987,3.9,9.641826609149575,8.629106166772544,18.2169154798612,18.2169154798612,241.578125,,862.86328125,0.0,0.0,,,"[1.2002005290630517, 0.26377009160997644, 4.000078589303003, 0.15015261602403032, 0.008340172649489112, 0.24632362944174455, 0.02]"
76,15.615302895208735,28.542674577855948,14.355592623915763,1.259710271292976,0.6702291101080977,76.0931829862475,0.0009777101006340772,0.00046833311053650516,4.18,10.889913402497768,10.323070427402854,21.09168605413288,21.09168605413288,241.578125,,862.86328125,0.0,0.0,,,"[1.200060432582923, 0.2645316431830684, 4.000080098803934, 0.15012216656920788, 0.00895174260641187, 0.2461640521324317, 0.02]"
77,15.05003937613233,27.475842315716555,13.834286279104576,1.215753097027755,0.6702285372886809,75.84167027321234,0.0009800888575930422,0.000455155708705102,3.98,10.216313572600484,9.21663569752127,19.432949270121753,19.432949270121753,241.578125,,862.86328125,0.0,0.0,,,"[1.199937700594315, 0.2652508825026448, 4.00008162153733, 0.15009300470445072, 0.008286906708886573, 0.24600666040326535, 0.02]"
78,15.527761090472907,28.371574511701304,14.269375691350671,1.2583853991222353,0.6702281095470125,76.86531477381122,0.000950337709332727,0.0004584038652733466,3.72,9.737092442810535,9.827975477091968,19.565067919902503,19.565067919902503,241.578125,,862.86328125,0.0,0.0,,,"[1.1997986164788133, 0.2660004302065086, 4.000083149072224, 0.15006310141158136, 0.008913899536420224, 0.24584912532033062, 0.02]"
79,14.950323622524936,27.28235030019562,13.736888832625171,1.2134347898997635,0.6702275754121153,76.59082412859014,0.0009632888816597518,0.00042686275729543477,3.82,9.68973851762712,10.226366580463946,19.916105098091066,19.916105098091066,241.578125,,862.86328125,0.0,0.0,,,"[1.19967724982143, 0.266707201574932, 4.0000846876404, 0.1500344793840092, 0.008235092865437516, 0.24569374101288113, 0.02]"
80,15.442144969570622,28.20439274486418,14.184962273791479,1.2571826957791403,0.670227188520589,77.64246638665551,0.0009411903761735729,0.0004397992508207367,3.72,9.415579535998404,8.770360872149467,18.18594040814787,18.18594040814787,241.578125,,862.86328125,0.0,0.0,,,"[1.1995392123241844, 0.2674448521462307, 4.000086231617906, 0.15000511759249602, 0.008876791002889373, 0.24553825376030364, 0.02]"
81,14.853258047860932,27.09403078850511,13.64195453104512,1.211303516815815,0.6702266914572763,77.3276723634352,0.0009830544494495719,0.000427629311446173,4.0,10.115314493887126,8.40781295672059,18.469406189396977,18.469406189396977,241.578125,,862.86328125,0.0,0.0,,,"[1.1994191919958999, 0.26813949697154604, 4.000087783449195, 0.1499770202016725, 0.008184882797610217, 0.24538484303267588, 0.02]"
82,15.358282967083875,28.040891255971033,14.102206306466373,1.2560766606175056,0.6702263435011286,78.42581299385529,0.0009325731547324967,0.0004024265380868948,3.8,9.671518062241375,10.035980548709631,19.707498610951006,19.707498610951006,241.578125,,862.86328125,0.0,0.0,,,"[1.1992821776559113, 0.26886562176377754, 4.000089346405999, 0.14994819731284406, 0.008840299887702933, 0.2452313337724392, 0.02]"
83,14.75850805893449,26.910703958750787,13.549191556002002,1.2093165029324895,0.6702258819214971,78.04228895389129,0.000995542203614086,0.00043587231664893566,3.94,9.491541679017246,9.893431114032865,19.38497279305011,19.38497279305011,241.578125,,862.86328125,0.0,0.0,,,"[1.1991634864678002, 0.2695484262120761, 4.00009091197212, 0.14992061267661835, 0.008136039213218295, 0.245079860915318, 0.02]"
84,15.276112259234573,27.88017785007205,14.02106822284015,1.2550440363944233,0.6702255710308899,79.13318933704251,0.0007408391051149099,0.00045881699485182307,3.8,9.326789272017777,8.983459486626089,18.310248758643866,18.310248758643866,241.578125,,862.86328125,0.0,0.0,,,"[1.1990274598121264, 0.27026358021115227, 4.000092489689861, 0.1498922891888907, 0.008804065083467861, 0.24492824220257806, 0.02]"
85,14.666092887867688,26.732066438409916,13.458629876199355,1.2074630116683363,0.670225143103229,78.71825052461494,0.0007196684512780216,0.0004838448843097744,3.9,9.162359642796218,9.724112413823605,18.886472056619823,18.886472056619823,241.578125,,862.86328125,0.0,0.0,,,"[1.1989099454697634, 0.2709354741270502, 4.000094074279732, 0.14986519404259716, 0.008088806393241046, 0.2447785181454921, 0.02]"
86,15.195093987804585,27.722843727562562,13.940987011868229,1.2541069759363577,0.670224867632009,79.85820993587934,0.0007722332204624927,0.000449365885782865,3.84,9.491876508109272,9.35193045064807,18.84380695875734,18.84380695875734,241.578125,,862.86328125,0.0,0.0,,,"[1.1987748382346548, 0.27164026242355704, 4.000095667229401, 0.14983734469106993, 0.008768358402369059, 0.24462868345283426, 0.02]"
87,14.575871876215052,26.557577323613046,13.370103613897259,1.2057682623177952,0.6702244721728909,79.4026162911259,0.0008235047729818756,0.000432164551969721,3.92,9.666583817452192,9.32411442976445,18.990698247216642,18.990698247216642,241.578125,,862.86328125,0.0,0.0,,,"[1.1986585047150835, 0.2723014951827319, 4.00009726341572, 0.14981071514308203, 0.008042665459501332, 0.24448071108234473, 0.02]"
88,15.11583528035048,27.568667581586073,13.862564096996818,1.253271183353663,0.6702242306673887,80.57643734235442,0.0007811115612501585,0.00043442444021321564,3.82,9.778537042438984,8.230175664648414,18.000218011438847,18.000218011438847,241.578125,,862.86328125,0.0,0.0,,,"[1.1985243261499965, 0.2729961285940073, 4.000098869068878, 0.14978333234590344, 0.008733174988015806, 0.24433264105866256, 0.02]"
89,14.487768189136496,26.387265017022518,13.28356401859236,1.2042041705441346,0.6702238662586271,80.11962572028462,0.0006770058870551043,0.00040938970661723724,3.94,9.748983634635806,9.117017313838005,18.86600094847381,18.86600094847381,241.578125,,863.1171875,0.005078125,0.005078125,,,"[1.1984091453384613, 0.27364701370992833, 4.000100478263538, 0.14975715282423188, 0.007997649501151595, 0.24418636649555425, 0.02]"
90,15.038458802056038,27.418010318540777,13.785926195939252,1.2525326061167803,0.6702236574073993,81.32270592640721,0.0006571473277228179,0.0004028836703993505,3.8,9.557864274829626,9.011773141101003,18.56963741593063,18.56963741593063,241.578125,,863.1171875,0.0,0.0,,,"[1.1982759432863148, 0.2743314373080542, 4.000102096438325, 0.14973023787881, 0.008698860144412426, 0.24404008542156153, 0.02]"
91,14.401664305265115,26.221002033657932,13.198899589561977,1.2027647157031374,0.6702233229623318,80.77918159667848,0.0006199870893788262,0.0004025409018275554,3.9,9.84012161847204,9.820627057924867,19.660748676396906,19.660748676396906,241.578125,,863.1171875,0.0,0.0,,,"[1.1981619345026666, 0.2749720612555685, 4.000103715359499, 0.14970450698464022, 0.007953849155682128, 0.24389552788302346, 0.02]"
92,14.962199514916149,27.269706750007405,13.710344221890232,1.2518552930259186,0.6702231452344097,82.01356967399292,0.0005420346940447907,0.00040986274976319054,3.82,9.741431339643896,8.035188154317439,17.776619493961334,17.776619493961334,241.578125,,863.1171875,0.0,0.0,,,"[1.1980296116972458, 0.2756470452039596, 4.000105344778729, 0.14967803240305672, 0.00866466991195109, 0.24375089856879112, 0.02]"
93,14.317293920906856,26.058531213336114,13.115868430076635,1.2014254908302215,0.6702228394242635,81.43378979746693,0.0005210463207054872,0.0003937779430586155,4.02,10.721200639382005,13.276889086700976,23.796120644547045,23.796120644547045,241.578125,,863.1171875,0.0,0.0,,,"[1.1979166693098704, 0.2762781211015029, 4.0001069736859, 0.14965272075643596, 0.007911076777285227, 0.24360792555301272, 0.02]"
94,14.887219357680264,27.124367640924262,13.635975174939848,1.251244182740416,0.6702226915501407,82.70345859557112,0.0005187378152655686,0.0003895199452478279,3.9,9.93843340780586,9.627486919052899,19.56592032685876,19.56592032685876,241.578125,,863.1171875,0.0,0.0,,,"[1.1977852196612362, 0.27694388275340337, 4.000108615035047, 0.14962666844292766, 0.008631039741171841, 0.24346490693089112, 0.02]"
95,14.235063304651005,25.899453226771296,13.034862094700136,1.20020120995087,0.6702224133101755,82.08760699121838,0.0004531224415651458,0.0004260880188610383,4.04,9.899377734400332,10.206343154422939,20.10572088882327,20.10572088882327,241.578125,,863.1171875,0.0,0.0,,,"[1.1976733195376483, 0.2775656736464222, 4.000110253743058, 0.14960176840286618, 0.007869310047523254, 0.2433234869035587, 0.02]"
96,14.813847102168674,26.982078267919324,13.563169030222372,1.250678071946306,0.6702222941469569,83.39015035603796,0.00045227523359825383,0.00040216351883792833,4.0,9.769985009916127,9.10946645308286,18.879451462998986,18.879451462998986,241.578125,,863.1171875,0.0,0.0,,,"[1.1975427352989725, 0.2782224334988469, 4.0001119063933, 0.149576129793116, 0.008597973027626266, 0.2431820498338322, 0.02]"
97,14.154065510336823,25.744131689337866,12.955019990370152,1.199045519966668,0.6702220423194661,82.73717988707547,0.00041572154692826047,0.00042601373194268375,4.04,10.165288248099387,9.173008985817432,19.267269750125706,19.267269750125706,241.578125,,863.1171875,0.0,0.0,,,"[1.1974318632643068, 0.27883518763557597, 4.000113553888647, 0.14955162688376308, 0.007828516658158658, 0.24304214433535343, 0.02]"
98,14.742096744721987,26.842272486641946,13.491827376093859,1.250269368628125,0.6702219506858504,84.06963957047058,0.00043974011800895774,0.00041839058672497463,3.92,10.106321321800351,10.312535278499126,20.418856600299478,20.418856600299478,241.578125,,863.1171875,0.0,0.0,,,"[1.1973021319916028, 0.27948315664624174, 4.0001152196730345, 0.1495264006416425, 0.008565467535002255, 0.24290225071482147, 0.02]"
99,14.075215760421095,25.59188398859791,12.877165836858428,1.1980499235626625,0.670221724306575,83.38161466604082,0.0004228851214178597,0.00040415372149957404,4.0,10.080347210168839,9.620165354572237,19.508662149310112,19.508662149310112,241.578125,,863.1171875,0.0,0.0,,,"[1.1971922603009664, 0.28008713740503444, 4.000116876190254, 0.1495022839001553, 0.007788686664257156, 0.2427638217721964, 0.02]"
100,14.671332524089326,26.70533433580043,13.421450659560067,1.2498818645292626,0.6702216592087433,84.73654346466036,0.0003744530059137663,0.0004444534502812997,3.94,9.850032161921263,9.523019534535706,19.37305169645697,19.37305169645697,241.578125,,863.1171875,0.0,0.0,,,"[1.1970633718508568, 0.2807265842167566, 4.000118551082662, 0.14947745036818647, 0.008533486601903409, 0.24262544155074037, 0.02]"
101,13.997650675028437,25.44325085322049,12.800551335220264,1.1970993398081746,0.6702214573989662,84.01647995960836,0.0003542587821598886,0.00044450222093904754,3.94,9.407677543349564,10.994253112003207,20.40193065535277,20.40193065535277,241.578125,,863.1171875,0.0,0.0,,,"[1.1969544587311458, 0.2813220608980925, 4.00012021962124, 0.1494537237393014, 0.007749770741300442, 0.24248844094046226, 0.02]"
102,14.60179197063767,26.570834860455975,13.352216016754845,1.2495759538828295,0.6702214177949816,85.40433943387964,0.00035862823308718816,0.00036000315321124514,3.92,10.084517779760063,9.867026503197849,19.93500094395131,19.93500094395131,241.578125,,863.1171875,0.0,0.0,,,"[1.196826396358096, 0.2819532384029138, 4.000121903160868, 0.14942927059449973, 0.00850201379168518, 0.2423515300623551, 0.02]"
103,13.921884484662339,25.297587935386822,12.725600341199707,1.1962841434626343,0.6702212396150229,84.63841599753786,0.00034470810440256905,0.0003425254044931882,3.92,10.448250039480627,13.586302371695638,23.882010295055807,23.882010295055807,241.578125,,863.1171875,0.0,0.0,,,"[1.1967184363425183, 0.2825404470296123, 4.000123579145179, 0.14940590744658708, 0.007711699845739778, 0.2422159355013126, 0.02]"
104,14.533539985063516,26.438863653256792,13.284235029287537,1.2493049557759828,0.6702212244994885,86.05106836714009,0.0003106259547476231,0.000423291234687536,3.84,10.513937869109213,11.131131146103144,21.645069015212357,21.645069015212357,241.578125,,863.1171875,0.0,0.0,,,"[1.1965911768798083, 0.2831636258588502, 4.000125271637081, 0.14938182248413065, 0.008470984497967765, 0.24208044733628523, 0.02]"
105,13.847683150470957,25.154992277298184,12.652138149498924,1.1955450009720359,0.6702210690004939,85.24984482441786,0.0003086418801891977,0.0003803120789965593,3.9,10.078722811304033,11.459205388091505,21.44927689805627,21.44927689805627,241.578125,,863.36328125,0.0,0.0,,,"[1.1964841312084888, 0.2837428945737868, 4.000126955180864, 0.14935880772569102, 0.007674470940161852, 0.2419461989883257, 0.02]"
106,14.466815062536522,26.308975462942794,13.217710222454508,1.2491048400820122,0.6702210774339341,86.68436903145337,0.00028859208713294393,0.00040897694678088944,3.84,9.680553479120135,9.226802089251578,18.83375541307032,18.83375541307032,241.578125,,863.36328125,0.0,0.0,,,"[1.1963576561093028, 0.284358320427624, 4.000128656265373, 0.14933507961954634, 0.008440437254247306, 0.24181209173025284, 0.02]"
107,13.774980517333859,25.015359128351022,12.58011043045804,1.1948700868758189,0.6702209438418931,85.83716678957286,0.000266082064332096,0.00038280551433449384,3.94,10.24619895964861,11.782838241197169,21.969707240350544,21.969707240350544,241.578125,,863.36328125,0.0,0.0,,,"[1.1962514910914193, 0.2849299299810072, 4.000130346829921, 0.14931240468755558, 0.007638065337396082, 0.24167914887059128, 0.02]"
108,14.400708006513748,26.181901722590325,13.151742170151227,1.2489658363625202,0.6702209750113161,87.33155474763076,0.00023902473688797166,0.00038103145056605516,3.84,10.269587570801377,11.850957605056465,22.120545175857842,22.120545175857842,241.578125,,863.36328125,0.0,0.0,,,"[1.1961257575024928, 0.28553795641222285, 4.000132055904169, 0.14928902330583593, 0.008410278270790845, 0.2415463614499239, 0.02]"
109,13.703373839629444,24.87828549182571,12.509114653782147,1.1942591858472995,0.6702208624977387,86.45775041053125,0.00023207406984737666,0.00039288495078342365,3.92,10.528015871532261,11.657792357727885,22.056601573713124,22.056601573713124,241.578125,,863.36328125,0.0,0.0,,,"[1.1960204801627494, 0.2861019908717162, 4.000133753134509, 0.14926668129486995, 0.007602225400922734, 0.2414147167627133, 0.02]"
110,14.336137924416763,26.057095408442922,13.0872490867632,1.2488888376535627,0.6702209155384968,87.94160515227513,0.00020315347533261807,0.0003581368984450653,3.86,10.009844810701907,8.800421012565494,18.679313245229423,18.679313245229423,241.578125,,863.36328125,0.0,0.0,,,"[1.195895532972811, 0.28670252292498316, 4.0001354694451825, 0.14924364527773348, 0.008380647129212028, 0.241283280611592, 0.02]"
111,13.633323049311455,24.7443077482175,12.439588078262124,1.1937349710493286,0.6702208234026792,87.01529014874902,0.00018768623195142276,0.000410043311784215,3.9,9.474238748662174,11.253714640624821,20.727953389286995,20.727953389286995,241.578125,,863.36328125,0.0,0.0,,,"[1.195791076796811, 0.2872594040807831, 4.0001371738493585, 0.14922162518919327, 0.007567336506577848, 0.2411528569657102, 0.02]"
112,14.272381650410239,25.93418664598587,13.023553907380178,1.2488277430300596,0.6702208975062102,88.55666979996921,0.00020160036642402623,0.00039832557463330057,3.9,9.71996025647968,10.091300280764699,19.709468614310026,19.709468614310026,241.578125,,863.36328125,0.0,0.0,,,"[1.1956668291136425, 0.2878530129869884, 4.000138898312948, 0.1491989089382267, 0.008351376465264477, 0.24102265204634044, 0.02]"
113,13.564561103129863,24.61257168268628,12.371278898524576,1.1932822046052831,0.6702208250334089,87.59803313098028,0.00017492986811951106,0.0004268270084030411,3.92,9.392538135871291,10.023629572242498,19.41616770811379,19.41616770811379,241.578125,,863.36328125,0.0,0.0,,,"[1.19556319618199, 0.28840285027248674, 4.000140608543033, 0.14917720115699695, 0.007532982031032268, 0.24089344069894714, 0.02]"
114,14.209772688750004,25.813347936041062,12.960901827087225,1.248870861662781,0.6702209195375701,89.16472280674944,0.00019783150767938018,0.00033642880870239254,3.94,9.574056323617697,8.525088992901146,18.099145316518843,18.099145316518843,241.578125,,863.36328125,0.0,0.0,,,"[1.1954396703690273, 0.28898950947318447, 4.000142340909366, 0.14915481196680397, 0.00832256338716086, 0.24076448581974788, 0.02]"
115,13.497035235938435,24.48353256773083,12.304119987419178,1.192915248519255,0.6702208660595556,88.17802516614685,0.0001847442292937096,0.0003584755228600548,3.9,10.048129307106137,11.595933251082897,21.543429917655885,21.543429917655885,241.578125,,863.36328125,0.0,0.0,,,"[1.1953368406580027, 0.2895324918240957, 4.000144057174096, 0.14913340887634244, 0.007499311267067008, 0.2406364579867501, 0.02]"
116,14.148207915437586,25.694916262542154,12.899272715334403,1.2489352001031837,0.6702209801510658,89.79091724899766,0.00018038121460128842,0.0003711978708591851,3.88,9.589418428950012,10.598867200314999,20.18828562926501,20.18828562926501,241.578125,,863.36328125,0.0,0.0,,,"[1.1952140370304403, 0.2901123531368274, 4.000145795973546, 0.149111332158811, 0.008294217161914336, 0.24050873038406229, 0.02]"
117,13.430685695598278,24.35671067924253,12.23810341436057,1.1925822812377123,0.6702209450207548,88.76596925667344,0.00016693514377386087,0.00044902678031823895,3.86,9.3900130642578,10.009098462760448,19.39911152701825,19.39911152701825,241.578125,,863.36328125,0.0,0.0,,,"[1.1951120189971365, 0.29064851077114834, 4.000147518750949, 0.14909023678908365, 0.007466213665872176, 0.24038188583363163, 0.02]"
118,14.087725763109857,25.578359289598854,12.838665428881892,1.2490603342279625,0.6702210780337388,90.39963754916907,0.00016487269551568318,0.0003639436171431491,3.88,9.465682688169181,8.491209065541625,17.931972248479724,17.931972248479724,241.578125,,863.36328125,0.0,0.0,,,"[1.1949899407851963, 0.2912216665913819, 4.00014926307332, 0.14906847104228677, 0.00826628157213774, 0.2402553794272759, 0.02]"
119,13.365532591890622,24.232392235339265,12.173205061617825,1.192327530272796,0.6702210605844554,89.3266150082602,0.00012883950570108382,0.00039295610696925054,3.86,9.731566305272281,8.093635491095483,17.825201796367764,17.825201796367764,241.578125,,863.36328125,0.0,0.0,,,"[1.1948887087321796, 0.2917512522092665, 4.0001509908810595, 0.1490476663138306, 0.007433782444546326, 0.2401296792870076, 0.02]"
120,14.028253781111257,25.46366543919946,12.779038093225681,1.2492156878855725,0.6702212118747141,90.99829149045406,0.00015847086579579006,0.0003858966626758555,3.84,9.360394170507789,8.197079789824784,17.557473960332572,17.557473960332572,241.578125,,863.36328125,0.0,0.0,,,"[1.194767317408637, 0.29231799634995403, 4.000152741282785, 0.149026195640826, 0.008238698515975414, 0.2400043346030665, 0.02]"
121,13.30157534554346,24.110301310471236,12.109447395354788,1.192127950188676,0.6702212115256969,89.89084781478859,0.0001548086919207492,0.0004042757521451478,3.84,9.819615804590285,10.910583133809268,20.589798418805003,20.589798418805003,241.578125,,863.36328125,0.0,0.0,,,"[1.1946668480003508, 0.2928412094566978, 4.000154473997289, 0.14900567390074942, 0.007401914434492932, 0.23987974648256383, 0.02]"
122,13.969672007420774,25.350957306261403,12.720267095514291,1.2494049119064854,0.6702213804706656,91.59436460550785,0.00013334335578352174,0.0003720806516245176,3.84,10.190712069161236,14.071021797135472,24.17131076566875,24.17131076566875,241.578125,,863.36328125,0.0,0.0,,,"[1.194546141968891, 0.2934016509789377, 4.00015622981351, 0.1489844958028397, 0.008211518845808109, 0.23975555124693199, 0.02]"
123,13.238548896658529,23.990343832625456,12.04659940408563,1.1919494925729033,0.6702213966614896,90.45273541323328,0.00010972396021413644,0.0004133492434656022,3.9,11.910243947058916,11.960150906816125,23.86424921452999,23.86424921452999,241.578125,,863.36328125,0.0,0.0,,,"[1.1944464238501562, 0.2939186349927125, 4.000157966803085, 0.1489642497665883, 0.0073706149087333405, 0.23963205438150212, 0.02]"
124,13.911748967317708,25.240281899325826,12.66210086957994,1.2496480977377664,0.6702215826603857,92.19027703861778,0.00011749089390700185,0.0004217369690268525,3.86,10.24525502230972,10.573823880404234,20.819078902713954,20.819078902713954,241.578125,,863.36328125,0.0,0.0,,,"[1.1943263983976913, 0.2944728974232452, 4.000159727450098, 0.14894335639605136, 0.008184741630274004, 0.23950898896271353, 0.02]"
125,13.17671837257306,23.872605754002223,11.984862198684466,1.191856173888589,0.670221614829934,91.00605462256321,9.681967381491852e-05,0.00045568520530306513,3.88,11.417226875200868,15.573984258808196,26.991211134009063,26.991211134009063,241.578125,,863.36328125,0.0,0.0,,,"[1.1942274240478636, 0.2949837713216246, 4.000161468446797, 0.14892338004810185, 0.007339861458424498, 0.23938656613936063, 0.02]"
126,13.855220514037299,25.131162372826044,12.605266645729287,1.249953868308011,0.6702218173041612,92.77842538490046,0.00012843611996160575,0.00037209059824898914,3.82,10.490339607931674,11.193516631610692,21.683856239542365,21.683856239542365,241.578125,,863.36328125,0.0,0.0,,,"[1.19410806413803, 0.2955320208072208, 4.000163233966055, 0.14890276247448753, 0.008158318571001473, 0.23926460111602105, 0.02]"
127,13.115923402950749,23.756893009244024,11.924102827071353,1.191820575879395,0.6702218649427456,91.5619734685166,9.160658610363193e-05,0.0004098051778364725,3.9,11.077649272046983,12.908130176365376,23.92646900843829,23.92646900843829,241.578125,,863.36328125,0.0,0.0,,,"[1.1940098116636024, 0.2960369663664003, 4.0001649788630615, 0.1488830515457695, 0.007309641520702689, 0.2391432251199104, 0.02]"
128,13.799360833856078,25.024001613650306,12.549072244392187,1.250288589463892,0.6702220833294025,93.36038332557112,9.709211230002346e-05,0.00039537065824823227,3.86,10.58028609957546,11.399780893698335,21.912222849205136,21.912222849205136,241.578125,,863.36328125,0.0,0.0,,,"[1.1938911156863175, 0.29657930019479695, 4.000166748849361, 0.14886270702267623, 0.008132294182238903, 0.23902234977284909, 0.02]"
129,13.056229965941736,23.643264112241088,11.864394466529204,1.19183549941253,0.6702221459153994,92.10543836713927,7.222130684181316e-05,0.0004263148466364599,3.86,11.457841750234365,14.149432205595076,25.60727395582944,25.60727395582944,241.578125,,863.36328125,0.0,0.0,,,"[1.19379357397787, 0.29707845501006624, 4.000168497143119, 0.14884325281524816, 0.007279965653153062, 0.23890199761759692, 0.02]"
130,13.744448649328191,24.918411136311406,12.493794987303149,1.250653662025041,0.6702223796920456,93.92544700659063,9.844831719951763e-05,0.00038347165065898635,3.86,11.39565291814506,12.950159762986004,24.338112859986722,24.338112859986722,241.578125,,863.36328125,0.0,0.0,,,"[1.1936755250098705, 0.2976150504365288, 4.000170271028741, 0.14882317128486866, 0.008106625629783579, 0.23878217834562188, 0.02]"
131,12.997503891073862,23.531679271412575,11.805611396231452,1.1918924948424083,0.6702224567713243,92.62989161494562,7.152636038298965e-05,0.0004029870389599813,3.88,11.118848458863795,13.689664052799344,24.80851251166314,24.80851251166314,241.578125,,863.36328125,0.0,0.0,,,"[1.1935786666252985, 0.2981086152092883, 4.000172022867354, 0.1488039655641557, 0.007250826165314048, 0.23866281496608394, 0.02]"
132,13.690211166396937,24.814611172010668,12.43916132763686,1.2510498387600766,0.6702227054586843,94.50575173350998,9.284718429136696e-05,0.0003596729795813197,3.88,10.776807386428118,13.064268645830452,23.81426471285522,23.81426471285522,241.578125,,863.36328125,0.0,0.0,,,"[1.1934612367518402, 0.29863968346640807, 4.000173801153308, 0.14878413935382984, 0.008081287664169804, 0.23854401181343587, 0.02]"
133,12.940170940559074,23.42189228801507,11.748192551024326,1.1919783895347469,0.6702227965544691,93.19080356615618,5.4683605922090095e-05,0.00036520554835440866,3.98,10.522114979103208,11.859787818975747,22.37220909912139,22.37220909912139,241.578125,,863.36328125,0.0,0.0,,,"[1.19336507015005, 0.2991276808609038, 4.000175556369982, 0.14876517934497197, 0.007222081033890132, 0.23842563980911763, 0.02]"
134,13.637035988780719,24.71245416982323,12.38554504201562,1.2514909467651012,0.6702230595438676,95.07900195129147,6.72126822449659e-05,0.00040070120338637333,3.84,10.988047919236124,10.439688116312027,21.328539019450545,21.328539019450545,241.578125,,863.36328125,0.0,0.0,,,"[1.1932482918480016, 0.2996531462712068, 4.000177338796358, 0.1487456121082582, 0.0080563451938157, 0.23830788502835856, 0.02]"
135,12.883437466990587,23.31397356730075,11.691310728223295,1.1921267387672925,0.6702231642033007,93.71283458600163,4.997049500965467e-05,0.00039586103290953134,3.92,11.138723189942539,10.792515110224485,21.79178487509489,21.79178487509489,241.578125,,863.36328125,0.0,0.0,,,"[1.1931528029133618, 0.30013572146804707, 4.000179096691372, 0.14872689216402693, 0.007193868568916463, 0.23819048150315417, 0.02]"
136,13.58443599031311,24.611918048810544,12.33247375333673,1.2519622369763785,0.6702234411512522,95.64011636200841,7.357719982814537e-05,0.0003958664266579992,3.84,11.088991579599679,9.31267757434398,20.274906577542424,20.274906577542424,241.578125,,863.36328125,0.0,0.0,,,"[1.1930366337970675, 0.3006558637700782, 4.0001808827942975, 0.1487075688745133, 0.00803168997845655, 0.23807371066745123, 0.02]"
137,12.827235822019086,23.207976177328867,11.634926507399186,1.1923093146198973,0.6702235589486406,94.23084929545585,4.585572076321043e-05,0.00037337881324631117,3.94,10.602835956960917,12.970928624272346,23.573764581233263,23.573764581233263,241.578125,,863.36328125,0.0,0.0,,,"[1.1929418009111314, 0.301133183760525, 4.000182643553691, 0.14868908359937294, 0.0071660897532338395, 0.23795724696122594, 0.02]"
138,13.53252624396713,24.512853242988033,12.280069968285845,1.2524562756812818,0.670223849406468,96.19618741151083,5.880945313130326e-05,0.0003825574752605802,3.86,10.5065977293998,9.690827489830554,20.10824142023921,20.10824142023921,241.578125,,863.36328125,0.0,0.0,,,"[1.1928262335183875, 0.30164811427742944, 4.000184433003146, 0.14866999861095273, 0.008007346261808301, 0.23784144200303148, 0.02]"
139,12.772157602253952,23.10359988438503,11.579632584691035,1.1925250175629172,0.6702239799780757,94.75879450389822,3.843084925536644e-05,0.0004350938641474,3.92,9.690164774656296,10.96535477321595,20.630119550041854,20.630119550041854,241.578125,,863.36328125,0.0,0.0,,,"[1.1927320447718508, 0.30212029221977443, 4.000186196403513, 0.14865174006545692, 0.007138732389216686, 0.23772590011865694, 0.02]"
140,13.481521948742033,24.415352212235238,12.228529542625127,1.252992406116908,0.6702242834961138,96.74886689861358,5.986759593445967e-05,0.0003543150865251315,3.86,9.761294461786747,11.254797778092325,20.980055555701256,20.980055555701256,241.578125,,863.36328125,0.0,0.0,,,"[1.1926170836524341, 0.3026300567717883, 4.000187988852084, 0.14863289357177698, 0.007983349261135012, 0.23761106119238845, 0.02]"
141,12.717964648732892,23.000933075967154,11.52517180575808,1.1927928429748098,0.6702244264112848,95.2780977641314,3.337153688520722e-05,0.00036419554554173396,4.0,10.215140525251627,9.334807964041829,19.549948489293456,19.549948489293456,241.578125,,863.36328125,0.0,0.0,,,"[1.1925235303528392, 0.3030972024661202, 4.000189754572783, 0.14861485741088673, 0.0071118262403776, 0.2374964231367437, 0.02]"
142,13.431268208967344,24.319358135536998,12.177714402503193,1.2535538064641483,0.6702247425710399,97.30816687321814,4.532936089041151e-05,0.0003692364961533112,3.84,10.487935272976756,8.044442855753005,18.490120293572545,18.490120293572545,241.578125,,863.36328125,0.0,0.0,,,"[1.1924091649933295, 0.30360192403426395, 4.000191549770083, 0.14859624135129496, 0.007959679100125612, 0.2373825264687382, 0.02]"
143,12.664590255217956,22.89995884049144,11.471503608946998,1.1930866462709588,0.6702248974431875,95.79880223704264,2.3691124947822217e-05,0.00040780055242981895,3.96,10.88194408454001,11.122551090084016,21.95503221359104,21.95503221359104,241.578125,,863.36328125,0.0,0.0,,,"[1.1923162452733833, 0.3040641034546986, 4.000193317472536, 0.14857842605285898, 0.007085322779236717, 0.23726878719037492, 0.02]"
144,13.381814077114191,24.224711731108084,12.127674284991208,1.2541397921229809,0.6702252258388729,97.84873064973858,4.285820780691729e-05,0.0003800169581474433,3.9,10.118305939249694,7.622489836066961,17.740795775316656,17.740795775316656,241.578125,,863.36328125,0.0,0.0,,,"[1.192202475174874, 0.30456386472412467, 4.000195114170761, 0.14856003431740822, 0.007936317688376165, 0.23715582162567783, 0.02]"
145,12.612098871900152,22.800622294022215,11.418675757559278,1.193423114340876,0.6702253923327894,96.29836691157945,1.7209528172079658e-05,0.00039475141786277866,4.0,9.62585530243814,8.595637348480523,18.221492650918663,18.221492650918663,241.578125,,863.36328125,0.0,0.0,,,"[1.1921101649928578, 0.30502124748224096, 4.000196883907882, 0.14854243171887627, 0.0070592620723654844, 0.23704294866242626, 0.02]"
146,13.33295348524785,24.13155281161816,12.078192456170278,1.2547610290775721,0.6702257327502198,98.39150835385037,3.060376132002496e-05,0.00038140826222360423,3.9,10.13731472659856,10.89176765177399,21.001282478682697,21.001282478682697,241.578125,,863.36328125,0.0,0.0,,,"[1.1919969544260904, 0.30551623874240313, 4.000198683343445, 0.14852426590698112, 0.007913237503474656, 0.2369308783796289, 0.02]"
147,12.560257098147774,22.702818720081808,11.366463499452628,1.193793598695145,0.6702259105106977,96.80114576329396,1.278172213936557e-05,0.00041561041454423966,4.0,10.602145064622164,11.79801176302135,22.400156827643514,22.400156827643514,241.578125,,863.36328125,0.0,0.0,,,"[1.191905250672233, 0.30596890488335704, 4.000200454081837, 0.14850687175508046, 0.007033561255956303, 0.23681886144403771, 0.02]"
148,13.284915312829458,24.039628324576842,12.02951479466681,1.2554005181626513,0.6702262624412447,98.9190708217891,2.8979113861682393e-05,0.0003930742164190637,3.88,10.249650259502232,10.436321650631726,20.5761487968266,20.5761487968266,241.578125,,863.36328125,0.0,0.0,,,"[1.1917926066357818, 0.30645918326386273, 4.000202255687017, 0.14848892125113322, 0.007890445655096617, 0.23670767650451432, 0.02]"
149,12.509326772478168,22.606539099770142,11.315135814864561,1.1941909576136098,0.6702264511485017,97.29571182809461,1.0319110521184172e-05,0.0004025690709252605,4.0,10.116733517497778,8.814880680292845,18.923914921469986,18.923914921469986,241.578125,,863.36328125,0.0,0.0,,,"[1.1917014879845684, 0.30690727511881566, 4.000204028232449, 0.14847172916587809, 0.007008261106874641, 0.23659648840231198, 0.02]"
150,13.237318288056711,23.949236922642534,11.981245316577347,1.2560729714793641,0.6702268142542157,99.4605917822197,2.342775910868511e-05,0.0003742565862209157,3.9,9.756075143814087,12.244868949055672,22.00094409286976,22.00094409286976,241.578125,,863.36328125,0.0,0.0,,,"[1.1915893984459016, 0.3073929532603421, 4.000205832111013, 0.14845398773983134, 0.007867949515930365, 0.23648616838915235, 0.02]"
151,12.458944009492441,22.511747635025017,11.264314432086053,1.1946295774063875,0.6702270135417764,97.77299890858134,5.744372878035975e-06,0.00040370825013802555,4.02,11.040679872967303,12.567681558430195,23.48350005224347,23.48350005224347,241.578125,,863.36328125,0.0,0.0,,,"[1.1914988719078687, 0.30783649142849157, 4.000207605939663, 0.1484369979169988, 0.0069832978795924495, 0.23637581205239291, 0.02]"
152,13.190467060828796,23.85990255245105,11.933708191038177,1.2567588697906174,0.6702273875152331,99.97981735573558,1.5775473067858314e-05,0.0003898161086139561,3.92,11.560910395346582,11.839378736913204,23.33457230590284,23.33457230590284,241.578125,,863.36328125,0.0,0.0,,,"[1.1913873153348946, 0.30831773025306053, 4.000209412022252, 0.14841945908407317, 0.007845658501212301, 0.23626632410594217, 0.02]"
153,12.409529295408861,22.418551185224675,11.214439839835215,1.1950894555736449,0.6702275971254048,98.33347967919377,3.579151718113849e-06,0.0003569167232660467,3.92,10.368402698077261,11.295108450576663,21.51559142395854,21.51559142395854,241.578125,,863.36328125,0.0,0.0,,,"[1.1912973535626208, 0.30875688799625917, 4.000211187396961, 0.1484026630248011, 0.006958664153022977, 0.2361567653417294, 0.02]"
154,13.144336033353145,23.772338424290393,11.886844531893384,1.2574915014597614,0.6702279814150026,100.5287743043529,1.4377888930106053e-05,0.00038662775558855446,3.94,11.03777733631432,11.255872338078916,22.044764552265406,22.044764552265406,241.578125,,863.36328125,0.0,0.0,,,"[1.1911864115541744, 0.30923335876447955, 4.000212993916653, 0.14838534003001166, 0.007823868026664755, 0.2360482002223476, 0.02]"
155,12.360822268479112,22.32688340745382,11.165233977947189,1.1955882905319264,0.6702282009216616,98.81138702504153,8.387789800501366e-07,0.00039518026926852845,3.92,11.531469547189772,10.826614457182586,22.210042285732925,22.210042285732925,241.578125,,863.36328125,0.0,0.0,,,"[1.1910970401579328, 0.3096680748272803, 4.000214770023563, 0.14836873938392575, 0.006934524750721362, 0.2359394597065083, 0.02]"
156,13.098953639804645,23.685757035493626,11.840714708306615,1.258238931498029,0.6702285954083689,101.05224175245812,1.1739002383714947e-05,0.0003796631227151144,3.98,11.141925258561969,10.420429250225425,21.24050877057016,21.24050877057016,241.578125,,863.36328125,0.0,0.0,,,"[1.1909866263974063, 0.31014024019265984, 4.0002165780650225, 0.14835161222420395, 0.007802258368771902, 0.23583170800725003, 0.02]"
157,12.312999078924772,22.236415677763347,11.116882802019552,1.1961162769052218,0.6702288245933244,99.3086940552221,5.055178449175912e-07,0.0003880544826981952,3.9,10.634022122249007,8.325151689350605,18.857467053458095,18.857467053458095,241.578125,,863.36328125,0.0,0.0,,,"[1.1908978140513837, 0.3105707056728694, 4.000218354908899, 0.14833520072503942, 0.006910695529573189, 0.2357237494651929, 0.02]"
158,13.054201468105038,23.600467197310014,11.795191111325483,1.2590103567795539,0.6702292288904703,101.58815796557812,7.688413386830462e-06,0.00035718258917105217,4.0,9.871510439552367,11.143296137452126,21.014806577004492,21.014806577004492,241.578125,,863.36328125,0.0,0.0,,,"[1.1907879480908368, 0.3110385494669708, 4.000220162566445, 0.14831826820030292, 0.007780941832943845, 0.23561682403106385, 0.02]"
159,12.265527375459849,22.14723067709451,11.068856519889504,1.196670855570346,0.6702294674340488,99.7391275969456,1.5779574980001598e-08,0.00039280989662048184,4.04,10.52486915141344,10.297072669491172,20.7167135970667,20.7167135970667,241.578125,,863.36328125,0.0,0.0,,,"[1.1906997011306746, 0.31146477603480777, 4.000221940057578, 0.1483020435701418, 0.006887190996485684, 0.23550964926209242, 0.02]"
160,13.009836091712964,23.516084707613103,11.750043554474665,1.2597925372383019,0.6702298814507088,102.07775225655956,2.390208569069685e-06,0.0003628111496402786,4.0,10.188778759911656,9.68130363151431,19.870082391425967,19.870082391425967,241.578125,,863.36328125,0.0,0.0,,,"[1.1905903079383287, 0.3119286698923945, 4.000223749918399, 0.14828529251865946, 0.007759702304588502, 0.23540346186993896, 0.02]"
161,12.218767083705414,22.059524264121617,11.021520385546141,1.1972466981592695,0.6702301292129756,100.24069438094666,8.849265498156456e-08,0.00036113892140562264,4.0,9.543554382398725,9.309356594458222,18.852910976856947,18.852910976856947,241.578125,,863.36328125,0.0,0.0,,,"[1.1905025775676574, 0.31235092493973243, 4.000225528371984, 0.14826924466810945, 0.0068639276385218636, 0.235297014191389, 0.02]"
162,12.966009343492637,23.433157937605053,11.705412472802646,1.2605968706899957,0.6702305524770362,102.58920872064331,3.087134463619634e-07,0.0003925161367893526,3.98,10.347582222893834,10.01109616830945,20.358678391203284,20.358678391203284,241.578125,,863.36328125,0.0,0.0,,,"[1.1903937243354796, 0.3128106012955862, 4.00022733889996, 0.148252683871414, 0.007738837286366238, 0.2351916377623188, 0.02]"
163,12.172662165454785,21.97312025256507,10.97481474829519,1.1978474171595956,0.6702308091443833,100.71250241593681,6.826175673602108e-07,0.0003590009935804733,3.98,9.983239020220935,9.005047953687608,18.937085238285363,18.937085238285363,241.578125,,863.36328125,0.0,0.0,,,"[1.1903065286813697, 0.3132288518249513, 4.000229117116992, 0.14823681056900925, 0.006841043042849969, 0.23508593163622074, 0.02]"
164,12.923529480140449,23.351286294047853,11.662104084719926,1.2614253954205195,0.6702312414474438,103.0725550789653,0.0,0.0003870464285056757,4.0,10.602890523150563,11.074758330360055,21.62853307556361,21.62853307556361,241.578125,,863.36328125,0.0,0.0,,,"[1.1901981837084874, 0.31368450671684794, 4.000230928625123, 0.14822043118693418, 0.00771821204147969, 0.23498132299199867, 0.02]"
165,12.127418286307018,21.887974066334053,10.928940534284965,1.1984777520220498,0.6702315067761403,101.17629424404821,7.246922173465009e-08,0.0003572375271371675,3.94,9.690513890236616,8.139171786606312,17.797803771682084,17.797803771682084,241.578125,,863.36328125,0.0,0.0,,,"[1.1901114840700122, 0.3140989610484526, 4.000232708581428, 0.14820472942887303, 0.0068185258423240245, 0.23487631913834955, 0.02]"
166,12.880981406968068,23.270649562577752,11.618704635207623,1.2622767717604442,0.6702319478606322,103.56994134577671,3.301919111464713e-07,0.00034697292028534,3.94,9.705639509484172,8.981868936680257,18.68750844616443,18.68750844616443,241.578125,,863.36328125,0.0,0.0,,,"[1.1900036376651426, 0.3145506867611422, 4.000234520900184, 0.14818852794128692, 0.007697878372122149, 0.23477246159615653, 0.02]"
167,12.082614968229581,21.80402251262171,10.883478995894126,1.199135972335456,0.6702322216204237,101.62307746360568,8.572284526664475e-08,0.00035623461608432806,3.96,9.859695620834827,8.964310218580067,18.799207797273993,18.799207797273993,241.578125,,863.36328125,0.0,0.0,,,"[1.1899174487215431, 0.31496131464926747, 4.000236301295217, 0.14817299506496256, 0.006796304998165424, 0.23466816770949706, 0.02]"
168,12.838988754326424,23.19102106956911,11.57584997556708,1.2631387787593449,0.6702326712886124,104.06817991392525,0.0,0.0003497713447925621,3.9,10.444453726522624,9.747787229716778,20.105249229818583,20.105249229818583,241.578125,,863.36328125,0.0,0.0,,,"[1.1898100812192778, 0.31540924266770853, 4.000238114542015, 0.14815696572137974, 0.007677744674308209, 0.23456503391612776, 0.02]"
169,12.03836720444378,21.72111644405703,10.838559648821397,1.1998075556223804,0.670232953215334,102.06844120034194,1.781382077403748e-07,0.00037986837680897915,4.04,11.99322484433651,10.341691211797297,22.19302437733859,22.19302437733859,241.578125,,863.36328125,0.0,0.0,,,"[1.1897243998838911, 0.3158160999207085, 4.000239895212106, 0.14814159859138964, 0.006774331640997609, 0.23446144117409015, 0.02]"
170,12.797514391076794,23.112388235735015,11.533491281678632,1.2640231093981567,0.6702334112242899,104.5557900946289,1.3211947536007074e-07,0.0003133928705246508,3.88,10.872409800067544,9.529807046055794,20.35488528665155,20.35488528665155,241.578125,,863.36328125,0.0,0.0,,,"[1.1896175101773852, 0.3162602958051238, 4.0002417078940935, 0.14812573677072985, 0.007657802147393534, 0.23435902248414592, 0.02]"
171,11.994858497979433,21.63947528594987,10.794352813927164,1.200505684052272,0.670233701116171,102.55035792136898,9.471124418070076e-08,0.00037428726139900927,4.06,10.573274623602629,12.623794106766582,23.157663187012076,23.157663187012076,241.578125,,863.36328125,0.0,0.0,,,"[1.1895323221893128, 0.31666348325126703, 4.000243488880639, 0.14811053160403784, 0.0067526181895083, 0.23425611221584577, 0.02]"
172,12.756444018505812,23.034953118887746,11.491524064126443,1.2649199543793685,0.6702341670568971,105.06493395010064,3.042751961501722e-08,0.00036406754311694767,3.94,11.278634183108807,12.66956144478172,23.86182537302375,23.86182537302375,241.578125,,863.36328125,0.0,0.0,,,"[1.1894259405499505, 0.31710383903452855, 4.000245301434978, 0.1480948414158089, 0.007638159025034855, 0.23415443777367723, 0.02]"
173,11.9519016772005,21.55910854303785,10.750674915007094,1.2012267621934019,0.6702344646222903,103.0169671542682,8.31452888760964e-08,0.00040539442952772014,3.98,10.644395030103624,11.80464867502451,22.258264608681202,22.258264608681202,241.578125,,863.36328125,0.0,0.0,,,"[1.189341261185937, 0.3175033248794147, 4.0002470821712315, 0.1480797985351395, 0.006731206428772637, 0.23405222234490244, 0.02]"
174,12.716063213693344,22.958377164045288,11.450225238767773,1.2658379749255715,0.6702349383178048,105.57272713397909,0.0,0.0003358982330137124,4.04,10.109714134596288,8.773196898400784,18.88291103299707,18.88291103299707,241.578125,,863.36328125,0.0,0.0,,,"[1.1892353692078823, 0.3179399621939713, 4.000248894684183, 0.14806427530596752, 0.007618730253225587, 0.2339512671583972, 0.02]"
175,11.909640301148483,21.479757345535486,10.707676096942087,1.2019642042063994,0.6702352433271528,103.4838190714951,7.55302580479622e-08,0.0003857507282943784,3.9,9.938114006072283,9.572156914509833,19.4619554374367,19.4619554374367,241.578125,,863.36328125,0.0,0.0,,,"[1.1891511949911144, 0.3183358147351131, 4.000250674036177, 0.14804939085799626, 0.006710059515903483, 0.23384973763001385, 0.02]"
176,12.676143033401868,22.88293949821014,11.409371547595795,1.266771485806073,0.6702357245472346,106.0583443456722,0.0,0.00034419946294979536,4.02,10.283505278639495,10.089454185217619,20.323425168171525,20.323425168171525,241.578125,,863.36328125,0.0,0.0,,,"[1.1890457892413087, 0.3187687867604775, 4.000252486401743, 0.14803403228220388, 0.00759951831641295, 0.23374949430196976, 0.02]"
177,11.867824762023542,21.40150201486579,10.665104909875991,1.2027198521475508,0.6702360368552821,103.93055701244329,6.323000212304919e-08,0.0004125289080474642,3.92,10.929136611521244,11.979510877281427,22.700663646683097,22.700663646683097,241.578125,,863.36328125,0.0,0.0,,,"[1.1889620947792214, 0.31916113919689915, 4.000254265515166, 0.14801930199016872, 0.0066892110449004675, 0.23364862147453572, 0.02]"
178,12.636785989661858,22.80846801911996,11.369063755755132,1.267722233906726,0.6702365254489885,106.53431490810715,2.282010536092116e-08,0.00033722922379484846,3.96,10.131748826242983,8.852193248458207,18.98394207470119,18.98394207470119,241.578125,,863.36328125,0.0,0.0,,,"[1.1888571537244592, 0.3195905790757204, 4.0002560779752, 0.1480041023048284, 0.007580514747124613, 0.23354906164106937, 0.02]"
179,11.826381644373823,21.32434516640697,10.622886802838375,1.2034948415354483,0.6702368448789922,104.35251946762436,4.338303716266978e-08,0.00041170144170663556,4.0,9.743196456693113,9.387406706809998,19.13060316350311,19.13060316350311,241.578125,,863.36328125,0.0,0.0,,,"[1.1887739268450785, 0.31997951801309416, 4.000257856918909, 0.14798952215310518, 0.0066686279524120875, 0.2334488293224876, 0.02]"
180,12.59792433442178,22.734854220230922,11.329240315711099,1.2686840187106785,0.6702373407407378,106.99764756183178,1.4791182159079597e-06,0.0003311508729432239,3.92,9.699234776198864,8.594319145195186,18.2399184955284,18.2399184955284,241.578125,,863.36328125,0.0,0.0,,,"[1.1886694252955947, 0.32040557022505395, 4.000259669754351, 0.14797447433837468, 0.007561682395495841, 0.23334992038756083, 0.02]"
181,11.785604557281301,21.248258151512513,10.58131314523406,1.2042914120472394,0.6702376671452326,104.80202847337462,7.573043658837264e-08,0.00037881403771654787,4.0,9.70744957216084,9.580374020151794,19.287823592312634,19.287823592312634,241.578125,,863.36328125,0.0,0.0,,,"[1.1885866513601555, 0.3207911907691276, 4.000261448572944, 0.14796004029101875, 0.006648275794136099, 0.2332503104168986, 0.02]"
182,12.55944210463983,22.662300497521148,11.289782502245735,1.269659602394097,0.6702381699753287,107.48162043826265,4.1180665544260364e-08,0.00035338351413630577,3.92,9.519335753284395,8.723634225316346,18.24296997860074,18.24296997860074,241.578125,,863.36328125,0.0,0.0,,,"[1.1884826136682465, 0.32121379670939537, 4.000263260034298, 0.14794514513055573, 0.007543097019575083, 0.23315207495894208, 0.02]"
183,11.745313612769472,21.173159828048973,10.540208304141728,1.2051053086277432,0.670238503072407,105.23989980073101,9.152923663435786e-08,0.00037313781565110054,3.94,9.479042612947524,8.372505763545632,17.810449237003922,17.810449237003922,241.578125,,863.36328125,0.0,0.0,,,"[1.1884003064332227, 0.32159607256671335, 4.000265038339471, 0.14793085764306851, 0.0066281725058218305, 0.23305309755030088, 0.02]"
184,12.521432944035015,22.590544780834446,11.25078613701154,1.270646807023473,0.670239012661691,107.95933008931814,1.4550810867319797e-06,0.00034193565176435903,3.96,9.572393926791847,11.034975638613105,20.60736956540495,20.60736956540495,241.578125,,863.36328125,0.0,0.0,,,"[1.1882967189873892, 0.3220153204613754, 4.00026684945406, 0.14791611223277196, 0.007524697798547441, 0.23295551406752563, 0.02]"
185,11.705613967370446,21.099042840745128,10.499677341635051,1.2059366257353945,0.6702393522861484,105.69038439407252,4.809453590937096e-08,0.00035295587090553097,3.96,9.332334850914776,8.806602964177728,18.138937815092504,18.138937815092504,241.578125,,863.36328125,0.0,0.0,,,"[1.1882148698767332, 0.3223943201213315, 4.000268627137114, 0.1479019682773381, 0.006608301227318235, 0.23285715709814153, 0.02]"
186,12.484090739200253,22.519662849286384,11.212434769260375,1.27165596993988,0.6702398683843888,108.41734983266898,8.523374583901955e-08,0.0003232055456358823,3.94,9.473021449521184,9.6182084036991,19.091229853220284,19.091229853220284,241.578125,,863.36328125,0.0,0.0,,,"[1.1881117414161813, 0.3228102057839346, 4.000270437534417, 0.14788737191548754, 0.00750651763270261, 0.23276023138417906, 0.02]"
187,11.66644464065477,21.026004006276505,10.459658833278484,1.2067858073762858,0.6702402144189191,106.11896767725098,2.3664177994930924e-07,0.0003751939151618644,3.9,9.60811693686992,10.347890304401517,19.956007241271436,19.956007241271436,241.578125,,863.36328125,0.0,0.0,,,"[1.1880303334530076, 0.32318604988176364, 4.000272213574327, 0.14787336639646487, 0.006588717080789729, 0.23266247251927097, 0.02]"
188,12.447029861544188,22.4498182153275,11.174356514183396,1.2726733473607932,0.67024073692377,108.89487995173577,3.271683501893108e-08,0.0003459254501126091,3.92,9.6203243592754,10.119593013077974,19.739917372353375,19.739917372353375,241.578125,,863.36328125,0.0,0.0,,,"[1.1879276418007607, 0.32359870228395626, 4.000274023497989, 0.1478589139466832, 0.007488543337044713, 0.2325661762112919, 0.02]"
189,11.627720048892735,20.953817003006282,10.420071957391222,1.207648091501513,0.6702410891143872,106.54460273880606,7.126239465193862e-08,0.0003563885434320805,3.94,9.825426987372339,7.100468431599438,16.900174380280077,16.900174380280077,241.578125,,863.36328125,0.0,0.0,,,"[1.1878466844722384, 0.32397136307422236, 4.000275798725651, 0.1478450478647463, 0.00656933946388843, 0.23246902341281772, 0.02]"
190,12.410433630804787,22.38072460767595,11.136734277585767,1.2736993532190157,0.6702416179398484,109.3562021830936,5.013797377273477e-09,0.000346272984642344,3.9,9.54281770158559,8.508007857017219,18.05082555860281,18.05082555860281,241.578125,,863.36328125,0.0,0.0,,,"[1.1877444192607522, 0.32438083986439137, 4.000277608393533, 0.1478307394795508, 0.007470732005403184, 0.23237334652882455, 0.02]"
191,11.589502649485901,20.88261285333182,10.380975595067532,1.2085270544183686,0.6702419761811678,106.976980173738,8.254115835271136e-08,0.0003368393660871119,3.92,9.47966130450368,7.493995069526136,16.973656374029815,16.973656374029815,241.578125,,863.36328125,0.0,0.0,,,"[1.1876638958700538, 0.3247504163938015, 4.000279382922773, 0.14781700865464228, 0.006550181934082108, 0.23227678020899528, 0.02]"
192,12.374248999891176,22.312581369883112,11.099506926262452,1.2747420736287254,0.6702425110425985,109.82119473467174,2.694067151587376e-07,0.0003456127685662091,3.86,9.551084884442389,8.69880361482501,18.2498884992674,18.2498884992674,241.578125,,863.36328125,0.0,0.0,,,"[1.187562064916091, 0.32515673055192945, 4.000281191871661, 0.1478028405000618, 0.0074531213075678575, 0.232181723696278, 0.02]"
193,11.55168364472363,20.81235773961765,10.34226635231536,1.2094172924082705,0.6702428751446168,107.41048781577707,8.009523710938993e-08,0.00035676565776258544,3.96,9.752155444584787,7.882063710130751,17.634219154715538,17.634219154715538,241.578125,,863.36328125,0.0,0.0,,,"[1.187481975449778, 0.3255232522184094, 4.000282965513585, 0.1477892429973853, 0.006531250055632425, 0.23208573983128736, 0.02]"
194,12.338518447871284,22.24526227175121,11.062723956757617,1.2757944911136634,0.6702434158695026,110.28177554516162,1.0200514388714055e-07,0.0003464170727515203,3.86,9.353135875426233,9.79077115189284,19.143907027319074,19.143907027319074,241.578125,,863.36328125,0.0,0.0,,,"[1.1873805795361037, 0.3259264441054137, 4.000284772492517, 0.147775212848844, 0.007435703566984752, 0.2319912998689468, 0.02]"
195,11.514418855821264,20.74298793211742,10.304095359217488,1.210323496603775,0.6702437856846938,107.83900074653626,8.674407636632964e-08,0.00037410706068739417,3.92,9.549946212209761,10.528885615058243,20.078831827268004,20.078831827268004,241.578125,,863.36328125,0.0,0.0,,,"[1.1873009172211393, 0.32628996651593445, 4.000286545232196, 0.14776174617409976, 0.006512547224129457, 0.23189588894023858, 0.02]"
196,12.303159316373646,22.178758853712445,11.02629746119593,1.2768618551777136,0.6702443320996981,110.74124395836891,1.4656445790350858e-07,0.000299843823175045,3.88,9.999319715425372,8.426737738773227,18.4260574541986,18.4260574541986,241.578125,,863.36328125,0.0,0.0,,,"[1.1871999483388826, 0.32669008941840966, 4.000288351207943, 0.14774785163508117, 0.00741847517831285, 0.23180205307407706, 0.02]"
197,11.47751833641679,20.674531035463566,10.26627078629457,1.2112475501222193,0.6702447075407534,108.25175705923276,7.978279104037256e-08,0.00036141649244599174,3.92,9.99643299728632,10.644102348014712,20.640535345301032,20.640535345301032,241.578125,,863.36328125,0.0,0.0,,,"[1.1871207052983501, 0.32705065897344426, 4.0002901231000125, 0.14773451592251496, 0.006494065432251264, 0.231707207003803, 0.02]"
198,12.268174979776296,22.113064623810423,10.99023966152883,1.2779353182474644,0.6702452595396857,111.19460026042356,5.830770115622386e-07,0.0003228611978924255,3.92,9.640915817581117,9.476684010587633,19.11759982816875,19.11759982816875,241.578125,,863.36328125,0.0,0.0,,,"[1.1870201479522544, 0.3274478088609539, 4.000291928244549, 0.14772075211800526, 0.007401408437101294, 0.23161395381261288, 0.02]"
199,11.441136018790692,20.606903064109833,10.228953858928978,1.2121821598617142,0.6702456404329187,108.67355103547123,7.781864796996274e-08,0.00034921539767713726,3.92,11.219389829784632,8.746305224485695,19.760895557701588,19.760895557701588,241.578125,,863.36328125,0.0,0.0,,,"[1.1869413216025708, 0.3278054845311152, 4.000293698170378, 0.14770754202488304, 0.006475780861351957, 0.2315196645058653, 0.02]"
200,12.233661368792921,22.04813897538401,10.954642516618243,1.2790188521746793,0.6702461978240877,111.64375791730923,1.6210591682330744e-06,0.0003350015168398429,3.9,9.509963593445718,8.81763843819499,18.32760203164071,18.32760203164071,241.578125,,863.36328125,0.0,0.0,,,"[1.1868411804986485, 0.3281996670301365, 4.000295502261256, 0.14769390877717678, 0.007384524799078577, 0.23142699707787495, 0.02]"
201,11.40532688210315,20.540199761550028,10.19219355919834,1.2131333229048105,0.6702465840053913,109.08539828294535,3.067757057273468e-07,0.00039481708911265676,3.84,10.036870781332254,7.9396748170256615,17.95061994343996,17.95061994343996,241.578125,,863.36328125,0.0,0.0,,,"[1.1867627632090987, 0.32855449888902877, 4.000297271070933, 0.14768082302101876, 0.0064577115039743, 0.23133325364656981, 0.02]"
202,12.199514310816914,21.98398345501672,10.919402912696155,1.280111398120762,0.6702471466331406,112.09425913370445,5.481861942158162e-07,0.0003328769267820587,3.92,9.981447476893663,9.312135172076523,19.268181966617703,19.268181966617703,241.578125,,863.36328125,0.0,0.0,,,"[1.1866630292283438, 0.3289457895079515, 4.000299073959979, 0.1476673174807178, 0.007367808784473357, 0.23124115546739132, 0.02]"
203,11.369799993284424,20.474234136699152,10.155709877213186,1.21409011607124,0.6702475379615509,109.50545830706925,3.102287329248554e-07,0.00037975026609450146,3.84,9.802477173507214,11.876444267109036,21.67892144061625,21.67892144061625,241.578125,,863.36328125,0.0,0.0,,,"[1.1865850183017665, 0.32929781103565664, 4.000300841615928, 0.14765435431922716, 0.006439833925276231, 0.2311479533650355, 0.02]"
204,12.165849113799474,21.920588382979236,10.884631108697363,1.281218005102115,0.6702481056965575,112.54591443798367,1.455805116457043e-07,0.0003243869793678777,3.88,10.140249421820045,7.175535848364234,17.06965344492346,17.06965344492346,241.578125,,863.36328125,0.0,0.0,,,"[1.1864856955185865, 0.32968621843667056, 4.000302642372938, 0.14764097595599782, 0.0073512700482396215, 0.23105642934638648, 0.02]"
205,11.334562348992831,20.409174919499026,10.119504149408119,1.21505819958471,0.670248502003832,109.90743205560115,4.4988416014746235e-07,0.0003621466264727896,3.86,10.38407844491303,10.311737973242998,20.549752698279917,20.549752698279917,241.578125,,863.36328125,0.0,0.0,,,"[1.1864080898840903, 0.33003546221841384, 4.000304408694246, 0.14762813345749948, 0.00642215699931795, 0.23096376306851174, 0.02]"
206,12.132434510748817,21.857925408891415,10.850103573878096,1.2823309368707194,0.6702490747812526,112.9829811295478,2.2299767321598551e-07,0.0003119084786766434,3.92,11.258836383931339,9.493879228830338,20.462987669743598,20.462987669743598,241.578125,,863.36328125,0.0,0.0,,,"[1.186309159260828, 0.3304210780257707, 4.000306208534267, 0.14761487700864556, 0.007334877179393163, 0.2308727901005355, 0.02]"
207,11.299847999680562,20.344845974399263,10.083808052791042,1.2160399468895202,0.6702494759929765,110.31818436503612,4.6942346898504184e-07,0.00037194052278463727,3.88,10.291932630352676,7.157104075886309,17.393493982963264,17.393493982963264,241.578125,,863.36328125,0.0,0.0,,,"[1.1862319450403387, 0.3307676244452421, 4.000307973633003, 0.14760215173011268, 0.00640466887521989, 0.230780643446511, 0.02]"
208,12.099459236916998,21.796019166504664,10.816004297005591,1.2834549399114064,0.6702500536035985,113.42056065817533,2.100207874278226e-08,0.0003076482191777602,3.9,10.303571070544422,8.43231841456145,18.691186821088195,18.691186821088195,241.578125,,863.36328125,0.0,0.0,,,"[1.1861334127429528, 0.3311504539297065, 4.000309772130381, 0.147589017243866, 0.007318660938590561, 0.23069022369782677, 0.02]"
209,11.26548424444045,20.28136745542586,10.04845034224428,1.2170339021961707,0.6702504595854847,110.71546693554697,5.617655283174372e-07,0.0003438646720560495,3.88,10.427999752573669,7.724015656858683,17.994588846340775,17.994588846340775,241.578125,,863.36328125,0.0,0.0,,,"[1.1860565873344564, 0.33149433578051657, 4.000311535940769, 0.1475764076379377, 0.006387379775096054, 0.23059859176776565, 0.02]"
210,12.066800246838797,21.734818741636808,10.78221700310808,1.28458324373072,0.6702510419696004,113.85531278867684,4.3387556214469214e-08,0.00030737722847751556,3.9,11.159867788664997,9.450886156409979,20.37443470209837,20.37443470209837,241.578125,,863.36328125,0.0,0.0,,,"[1.1859584392326585, 0.3318744581029416, 4.000313333343717, 0.14756339134367444, 0.007302596839540943, 0.23050870828505143, 0.02]"
211,11.23156281675777,20.21860855448953,10.013525555766819,1.2180372609909471,0.670251452622091,111.11897707103778,4.768647405839488e-07,0.0003568392104456997,3.88,10.849667894653976,8.85781904682517,19.649816225282848,19.649816225282848,241.578125,,863.36328125,0.0,0.0,,,"[1.1858819987860307, 0.33221572130392557, 4.000315095008283, 0.14755089566346064, 0.00637026984896551, 0.2304175851655129, 0.02]"
212,12.034549637106487,21.674322593898367,10.74882690918713,1.2857227279193573,0.6702520395958725,114.3078160706554,1.3064411819030397e-07,0.000290493267991716,3.88,10.596831236034632,7.488940823823214,17.647555265575647,17.647555265575647,241.578125,,863.36328125,0.0,0.0,,,"[1.1857842388216764, 0.3325931476840314, 4.000316891017556, 0.1475379968641406, 0.007286697589804376, 0.23032823804412994, 0.02]"
213,11.198071589593816,20.15656873729279,9.97902049097615,1.2190510986176628,0.6702524547026374,111.54138393886176,5.15057387850959e-08,0.00033849412845967985,3.88,10.239401604048908,7.189902011305094,17.22696380224079,17.22696380224079,241.578125,,863.36328125,0.0,0.0,,,"[1.1857081918668901, 0.33293176928294194, 4.000318651129992, 0.14752561521049978, 0.006353324124839502, 0.2302376298493663, 0.02]"
214,12.002757672127007,21.614436401604173,10.715890637411484,1.286867034715527,0.6702530460396892,114.73787359891773,1.3593786984955614e-07,0.0003283461855974712,3.86,10.151740121655166,8.875277885235846,18.908477947115898,18.908477947115898,241.578125,,863.36328125,0.0,0.0,,,"[1.1856108332145956, 0.33330647036322764, 4.000320445253483, 0.14751283465456336, 0.0072709669776445515, 0.23014882992569022, 0.02]"
215,11.1649350989986,20.095360321050332,9.94485699725821,1.2200781017403894,0.6702534655529626,111.93891903751202,3.7442599687409484e-08,0.0003549495242283224,3.88,10.719833197072148,8.763114912435412,19.030729946680367,19.030729946680367,241.578125,,863.36328125,0.0,0.0,,,"[1.1855351615774392, 0.33364255075747995, 4.000322203880098, 0.147500563923682, 0.006336595798392183, 0.2300587155112469, 0.02]"
216,11.971203589980611,21.55533022104157,10.683181441746624,1.288022148233986,0.6702540612491468,115.17164853659898,2.2839234503635453e-07,0.00032344805298502863,3.86,9.634534046053886,10.12873001396656,19.616000703535974,19.616000703535974,241.578125,,863.36328125,0.0,0.0,,,"[1.1854381832092185, 0.33401464387626917, 4.000323995778685, 0.1474878971955379, 0.00725539132656165, 0.2299704373851767, 0.02]"
217,11.132188827669804,20.034845420860968,9.911075841349712,1.22111298632009,0.6702544850403356,112.33534870605497,1.353533067849355e-07,0.00033195367687791744,3.88,9.99577914364636,8.99120687507093,18.897523172199726,18.897523172199726,241.578125,,863.36328125,0.0,0.0,,,"[1.1853628869413118, 0.3343482016317393, 4.000325752827642, 0.14747573559201121, 0.006320037671548552, 0.22988081459778437, 0.02]"
218,11.940091697978612,21.496856269694714,10.650909055122554,1.289182642856056,0.6702550849558173,115.59509200902777,2.1339810007958704e-07,0.0003437482750385884,3.82,9.958148123696446,10.947841280139983,20.833534682169557,20.833534682169557,241.578125,,863.36328125,0.0,0.0,,,"[1.185266285507625, 0.33471771622404, 4.000327543102119, 0.1474631807441774, 0.007239963725479304, 0.2297930515356155, 0.02]"
219,11.099838647777124,19.97506424093126,9.87768092304927,1.2221577247278526,0.6702555129351259,112.72878105035008,2.5707186823709094e-07,0.0003530643828371813,3.88,9.899789127521217,7.688733264803886,17.551914928480983,17.551914928480983,241.578125,,863.36328125,0.0,0.0,,,"[1.1851913553923428, 0.33504881248482093, 4.000329298560098, 0.1474511258821566, 0.006303659430872544, 0.22970390777266342, 0.02]"
220,11.909211669528082,21.439100660055914,10.618857263895274,1.2903544056328062,0.670256116959166,116.02414718868322,3.49839983648792e-07,0.00033422820560828723,3.82,10.675810985267162,9.11424733698368,19.55615614540875,19.55615614540875,241.578125,,863.36328125,0.0,0.0,,,"[1.1850951266585104, 0.33541578809454226, 4.000331087158222, 0.147438680948184, 0.007224690027458033, 0.22961665241566187, 0.02]"
221,11.067835562987048,19.915979559366303,9.844625005280996,1.223210557706049,0.6702565490019429,113.11991263400758,6.677197137427981e-07,0.0003318131613701134,3.88,10.01556811388582,6.257245559245348,16.15108995232731,16.15108995232731,241.578125,,863.36328125,0.0,0.0,,,"[1.1850205635857534, 0.33574443590764574, 4.0003328409541075, 0.14742673159431594, 0.00628744747633151, 0.22952798731200738, 0.02]"
222,11.878685810775004,21.38197758568427,10.587155220652717,1.2915305901222842,0.6702571570255659,116.44392585508712,7.321536559246056e-07,0.0003051264399455983,3.82,10.23080273065716,8.932984378188848,19.075188525021076,19.075188525021076,241.578125,,863.36328125,0.0,0.0,,,"[1.1849247038108697, 0.3361089088040879, 4.000334627837897, 0.14741439471361317, 0.007209558478476352, 0.22944123294932212, 0.02]"
223,11.036166388747906,19.85761898591857,9.81189093181893,1.2242754569289778,0.6702575930745883,113.50499473632048,2.3219452893741277e-07,0.00034780649827689027,3.88,10.166828259825706,10.376488510519266,20.360956569202244,20.360956569202244,241.578125,,863.36328125,0.0,0.0,,,"[1.1848504995074023, 0.3364351671626701, 4.000336379386322, 0.14740254904534897, 0.006271407504162386, 0.22935303676799743, 0.02]"
224,11.848432701149337,21.325515552635103,10.555719948054925,1.2927127530944131,0.6702582050107733,116.87219042988329,7.345320884866169e-07,0.00031348255207197263,3.84,9.57258200738579,7.953041773289442,17.47249075677246,17.47249075677246,241.578125,,863.36328125,0.0,0.0,,,"[1.1847550021264033, 0.33679718476845794, 4.000338164561007, 0.1473903180690097, 0.007194570253253157, 0.2292667740392866, 0.02]"
225,11.004805184859695,19.799925702489265,9.77945886852479,1.2253463163349076,0.6702586450141389,113.88250078426088,3.292259309617407e-08,0.00032397876032726815,3.9,9.853740157559514,6.942671127617359,16.785137723200023,16.785137723200023,241.578125,,863.36328125,0.0,0.0,,,"[1.1846811536680824, 0.33712105661503267, 4.000339914597601, 0.14737857939686858, 0.006255519329321806, 0.22917904755870788, 0.02]"
226,11.81842458489153,21.26963569800583,10.524526746955512,1.2938978379360184,0.6702592607967325,117.30102695155946,8.145840375561875e-07,0.00030926556306467873,3.86,9.597978969104588,7.929833792150021,17.397610158659518,17.397610158659518,241.578125,,863.36328125,0.0,0.0,,,"[1.1845860102269608, 0.3374806707617229, 4.00034169820279, 0.1473664519834487, 0.007179703635760435, 0.22909326583907563, 0.02]"
227,10.973786387929694,19.74282887580968,9.747364486241828,1.226421901687868,0.6702597045497274,114.25847045827018,5.483205174350303e-07,0.0003594853456356728,3.88,10.532248327508569,8.021928281523287,18.476898577064276,18.476898577064276,241.578125,,863.36328125,0.0,0.0,,,"[1.184512520771832, 0.3378021797007748, 4.0003434464958225, 0.14735481425925362, 0.006239768410152001, 0.22900600427488516, 0.02]"
228,11.788784551945552,21.214294881943864,10.493694141100264,1.2950904108452905,0.6702603240752716,117.7058216633256,0.0,0.0002965731687591161,3.88,9.667343460023403,8.26827791519463,17.935621375218034,17.935621375218034,241.578125,,863.36328125,0.0,0.0,,,"[1.1844177295300016, 0.3381594245408815, 4.000345227880118, 0.14734278946507454, 0.007164952656421241, 0.22892069843615148, 0.02]"
229,10.94314702868696,19.68640667966607,9.71564003899436,1.2275069896926,0.6702607715669611,114.64440161564701,5.430572351805552e-07,0.0003524677817859706,3.88,10.01771948300302,10.307949101552367,20.279993363656104,20.279993363656104,241.578125,,863.36328125,0.0,0.0,,,"[1.1843445802702441, 0.33847866836046336, 4.000346974563661, 0.1473312495686853, 0.006224176926949514, 0.2288338803725726, 0.02]"
230,11.759539305086896,21.15962349980247,10.46324779221956,1.2962915128673342,0.6702613946601813,118.1159583063718,3.143429827545674e-08,0.0003135448016130665,3.88,10.586678450927138,9.997495915740728,20.549997589550912,20.549997589550912,241.578125,,863.36328125,0.0,0.0,,,"[1.1842501468109854, 0.3388335369566964, 4.0003487539713, 0.1473193265034807, 0.0071503570392928975, 0.22874905304863313, 0.02]"
231,10.912817009979179,19.63064559766982,9.684214838863374,1.2286021711158002,0.6702618457609173,115.02183298117097,3.981653304840904e-07,0.00038471469637134213,3.88,10.576504711061716,10.497789359651506,21.074294070713222,21.074294070713222,241.578125,,863.36328125,0.0,0.0,,,"[1.1841773396374469, 0.3391505263035421, 4.000350498887293, 0.1473078836918168, 0.006208750837752663, 0.2286626780059349, 0.02]"
232,11.730568224801072,21.1055076615314,10.433069242580958,1.2974989822201164,0.6702624723561723,118.52951386537582,9.485994301172695e-08,0.00029633718417791834,3.9,10.609116670675576,8.837932464666665,19.384517576545477,19.384517576545477,241.578125,,863.36328125,0.0,0.0,,,"[1.18408325585847, 0.33950307057447165, 4.000352276368246, 0.14729606001625367, 0.007135897669282104, 0.22857831821934593, 0.02]"
233,10.88294752664078,19.57540215202566,9.653242148332877,1.2297053783079042,0.6702629269505833,115.42864912962703,6.152193958719465e-07,0.0003508434903060892,3.88,10.94828843139112,9.319412200711668,20.20198921673,20.20198921673,241.578125,,863.36328125,0.0,0.0,,,"[1.184010791016501, 0.33981782159981555, 4.000354019435306, 0.14728471302689974, 0.006193473017205025, 0.22849238439938113, 0.02]"
234,11.701920664851901,21.052031195830942,10.403210170671281,1.29871049418062,0.6702635567841141,118.95136181957123,8.289845041531407e-07,0.000296890168412422,3.88,10.527481283061206,12.110788123682141,22.61055237147957,22.61055237147957,241.578125,,863.36328125,0.0,0.0,,,"[1.1839170776734955, 0.34016798087102584, 4.000355794301357, 0.14727299144045, 0.00712160611374226, 0.22840851126014877, 0.02]"
235,10.853156580516673,19.520929316367766,9.62234674286531,1.2308098376513619,0.670264014733154,115.79141326210858,5.197442387583351e-08,0.0003479492954938993,3.96,11.229911632835865,8.804739098995924,19.666431532241404,19.666431532241404,241.578125,,863.36328125,0.0,0.0,,,"[1.1838449602119352, 0.3404804978855477, 4.0003575347743, 0.1472617404230371, 0.006178370186831264, 0.22832302115018796, 0.02]"
236,11.67356435525355,20.999113640032995,10.373636497230684,1.2999278580228653,0.670264647977456,119.35922568888395,5.839625503156753e-07,0.0002882495176093447,3.88,11.088706399314106,10.49232660792768,21.333802011795342,21.333802011795342,241.578125,,863.36328125,0.0,0.0,,,"[1.18375158039948, 0.34082842484218157, 4.0003593080341835, 0.14725011374305189, 0.00710741765550701, 0.22823959741096966, 0.02]"
237,10.823918647246698,19.466893075353788,9.591992975700183,1.2319256715465137,0.6702651092516433,116.16692506743458,2.4185880853622166e-08,0.0003329804295988218,3.92,10.487348074093461,8.881358746439219,19.331669583916664,19.331669583916664,241.578125,,863.36328125,0.0,0.0,,,"[1.1836797970830686, 0.34113877004042087, 4.0003610466089805, 0.14723895573948895, 0.006163399586597336, 0.22815453640178077, 0.02]"
238,11.645463181522407,20.946742311415903,10.344312480798335,1.3011507007240721,0.670265745687543,119.7754981986256,2.3006476679299226e-07,0.00032283107683980686,3.88,10.510640083812177,8.849415956065059,19.326658686622977,19.326658686622977,241.578125,,863.36328125,0.0,0.0,,,"[1.1835867607723736, 0.3414844557704801, 4.00036281765524, 0.14722742493170873, 0.00709335950952063, 0.22807156612678997, 0.02]"
239,10.794737130330347,19.413630775045764,9.561691896949855,1.2330452333804944,0.6702662101523972,116.52704681637272,1.2911171243246145e-08,0.00034231703262856914,3.98,10.844352450221777,7.917214506305754,18.663734211586416,18.663734211586416,241.578125,,863.36328125,0.0,0.0,,,"[1.1835153153542084, 0.34179263151663536, 4.000364554140815, 0.14721635923951057, 0.006148565651382346, 0.22798693538541118, 0.02]"
240,11.617625796454067,20.894886335400585,10.315251209215257,1.3023745872388135,0.6702668498143488,120.17891003652385,1.5093421712464306e-07,0.000320557550949655,3.88,10.565214678645134,9.399346732534468,19.829588178545237,19.829588178545237,241.578125,,863.36328125,0.0,0.0,,,"[1.183422608338763, 0.34213614339863685, 4.000366323007119, 0.14720492082751005, 0.007079403815852146, 0.227904404532979, 0.02]"
241,10.76598767096516,19.360884436042515,9.531815840310122,1.234171830655037,0.6702673174431015,116.90860598570627,9.495424357908178e-08,0.0003324409274394071,3.98,9.932185718789697,10.190665046684444,20.12285076547414,20.12285076547414,241.578125,,863.36328125,0.0,0.0,,,"[1.1833514899183528, 0.34244220740363956, 4.000368057553303, 0.14719394523236348, 0.006133860698046519, 0.22782019209248136, 0.02]"
242,11.590089322915505,20.843595605019736,10.286485840193514,1.3036034827219884,0.6702679600957472,120.57563826602933,3.3831266232908774e-08,0.00032446953790109365,3.92,9.954033959656954,9.911200413480401,19.849572256207466,19.849572256207466,241.578125,,863.36328125,0.0,0.0,,,"[1.1832591268677477, 0.3427835058297546, 4.000369824076574, 0.1471826004475435, 0.007065587863059992, 0.2277381121532387, 0.02]"
243,10.737542780366098,19.308787827777817,9.502241272759,1.2353015076070968,0.6702684308406728,117.27566900200922,8.115272454034539e-08,0.0003205498508441823,4.02,10.418080408126116,9.291961137205362,19.698123605921865,19.698123605921865,241.578125,,863.36328125,0.0,0.0,,,"[1.1831883285879823, 0.3430874986478651, 4.0003715567560665, 0.14717171333529216, 0.0061193153147385436, 0.22765431058401261, 0.02]"
244,11.562938924521818,20.79277216121345,10.258097972564753,1.3048409519570665,0.6702690764809686,120.9669291709731,5.682618819946583e-10,0.0003170911184183109,3.88,10.07691158913076,11.425176919437945,21.502088508568704,21.502088508568704,241.578125,,863.36328125,0.0,0.0,,,"[1.1830962959580975, 0.3434266495373966, 4.0003733212724475, 0.14716046041517475, 0.007051898425958336, 0.22757266704117077, 0.02]"
245,10.709426881910035,19.257227359659236,9.47298750751264,1.2364393743973985,0.6702695502436199,117.64133305533275,1.4048391783205716e-08,0.0003393430497951274,4.04,10.435063997283578,8.631420899182558,19.066484896466136,19.066484896466136,241.578125,,863.36328125,0.0,0.0,,,"[1.183025814136644, 0.34372860889964824, 4.000375051872153, 0.14714966073246152, 0.006104914854241967, 0.2274892683412173, 0.02]"
246,11.535964577629207,20.742554828060623,10.229887209614475,1.3060773680147306,0.6702701987773768,121.36528555324617,5.640576525856034e-07,0.0003305503880915989,3.88,9.986124592833221,9.195597525686026,19.181722118519247,19.181722118519247,241.578125,,863.36328125,0.0,0.0,,,"[1.1829341104963105, 0.34406563733827095, 4.000376814200462, 0.1471384975643662, 0.00703833822108458, 0.2274080564578424, 0.02]"
247,10.681548886762041,19.206168510538923,9.443963333231753,1.23758555353029,0.6702706754855506,117.99196858300583,0.0,0.00032260118627486207,4.04,10.134030925109982,10.766120487824082,20.900151412934065,20.900151412934065,241.578125,,863.36328125,0.0,0.0,,,"[1.1828639466299722, 0.34436556873615687, 4.00037854236, 0.14712778502162502, 0.006090650225218293, 0.2273250630497321, 0.02]"
248,11.509232304714862,20.69283218911224,10.201911787340968,1.3073205173738964,0.6702713268991556,121.77150777376,5.958750826096093e-09,0.0002973732552199836,3.88,10.332368449307978,10.861986242234707,21.180066308006644,21.180066308006644,241.578125,,863.36328125,0.0,0.0,,,"[1.1827725598122818, 0.3447005388392873, 4.000380302672068, 0.14711670871771443, 0.007024882432617644, 0.22724426775905818, 0.02]"
249,10.653989319205413,19.155712184514286,9.41525460038801,1.2387347188174047,0.6702718064161083,118.3642901770624,0.0,0.0003155987984919917,4.08,10.969718042761087,10.38804171141237,21.134783029556274,21.134783029556274,241.578125,,863.36328125,0.0,0.0,,,"[1.1827027170167392, 0.34499844227347326, 4.000382028662982, 0.1471060818102962, 0.006076494959638117, 0.2271616795112006, 0.02]"
250,11.482777340328136,20.6436134763146,10.1742092572934,1.3085680830347384,0.670272460514934,122.16758343682767,0.0,0.00030012139627236424,3.9,10.206435066647828,9.275880781933665,19.398488071747124,19.398488071747124,241.578125,,863.36328125,0.0,0.0,,,"[1.1826116608196213, 0.34533131547731133, 4.000383786540438, 0.14709509361551784, 0.007011546645420998, 0.22708131338977455, 0.02]"
251,10.626666124699732,19.1056718521728,9.386775881036028,1.239890243663702,0.6702729428092851,118.7110556147542,0.0,0.0003336309323697515,4.08,11.04446710087359,9.479612689465284,20.36314130295068,20.36314130295068,241.578125,,863.36328125,0.0,0.0,,,"[1.1825421307358626, 0.3456272378570159, 4.000385510394461, 0.14708455078005467, 0.006062480901609078, 0.22699912091142924, 0.02]"
252,11.456557825754098,20.594856553680316,10.146740612723613,1.309817213030486,0.6702735996434084,122.5635900848309,3.9081873648427745e-07,0.0002969135471169127,3.92,10.102338353171945,10.526225753128529,20.611420185305178,20.611420185305178,241.578125,,863.36328125,0.0,0.0,,,"[1.1824513861045631, 0.34595810826322365, 4.000387265806108, 0.14707364752945878, 0.006998309308555226, 0.22691916206840104, 0.02]"
253,10.599704543593889,19.05638893256606,9.358652846811838,1.241051696782052,0.6702740846342119,119.09851487033174,2.823721163558446e-07,0.0003405744257891127,4.06,10.928492699749768,9.8887325450778,20.81722524482757,20.81722524482757,241.578125,,863.36328125,0.0,0.0,,,"[1.1823821668488843, 0.3462520713224006, 4.000388987489814, 0.1470631876860843, 0.006048577395682479, 0.22683736148393388, 0.02]"
254,11.430621443845563,20.546650182768644,10.11955214680792,1.3110692970376425,0.6702747438963519,122.95642500283519,7.019946401953803e-09,0.00031197449359159687,3.96,10.612331507727504,10.387468202970922,20.999799710698426,20.999799710698426,241.578125,,863.36328125,0.0,0.0,,,"[1.1822917611967303, 0.3465808453902352, 4.000390740029817, 0.1470523714756545, 0.006985214960141078, 0.22675783512728498, 0.02]"
255,10.573015173267665,19.007717490123483,9.330796713437556,1.2422184598301116,0.6702752315222648,119.47360782357647,5.0671551843350926e-08,0.0003295927282718819,4.04,11.438812338747084,10.659146178513765,21.969787990674376,21.969787990674376,241.578125,,863.36328125,0.0,0.0,,,"[1.1822228490340525, 0.34687287717474713, 4.000392459516612, 0.14704199354831846, 0.006034830980178271, 0.2266764214719622, 0.02]"
256,11.40496240227354,20.499026906207718,10.092632537963938,1.3123298643096013,0.6702758932079038,123.35004756602677,4.554952095503495e-07,0.0003038349308945812,4.0,10.264388336800039,12.458504317328334,22.722892654128373,22.722892654128373,241.578125,,863.36328125,0.0,0.0,,,"[1.1821327713222833, 0.3471996099964167, 4.00039420941867, 0.14703126211884107, 0.006972250694991339, 0.22659731570976072, 0.02]"
257,10.546585098565444,18.959486410833826,9.303196050283741,1.243389048281704,0.6702763833910091,119.8266614911131,0.0,0.0003535258707385211,3.98,11.236161985434592,9.562658830545843,20.50645633134991,20.50645633134991,241.578125,,863.36328125,0.0,0.0,,,"[1.1820641648522212, 0.3474897290005598, 4.000395926691852, 0.14702096491143646, 0.006021225262656239, 0.22651628632479015, 0.02]"
258,11.379537012600117,20.4518169581138,10.065942855358553,1.3135941572415635,0.6702770475331461,123.74997914008455,1.4399722658708924e-07,0.00029460820820675573,4.0,10.476559330709279,10.183003381825984,20.627450295723975,20.627450295723975,241.578125,,863.36328125,0.0,0.0,,,"[1.181974398378769, 0.34781450028221594, 4.000397674218788, 0.14701031519583008, 0.0069593908698098806, 0.22643758169913297, 0.02]"
259,10.520365690845427,18.911778298764215,9.275805650870582,1.2445600399748427,0.6702775401759323,120.1752073572773,0.0,0.0003117186211053941,4.0,10.446024904958904,8.595549068413675,19.04157397337258,19.04157397337258,241.578125,,863.36328125,0.0,0.0,,,"[1.181906099413428, 0.3481027122155665, 4.000399389154594, 0.14700009834430264, 0.006007730106485395, 0.22635693680295077, 0.02]"
260,11.354352928659711,20.405092120100317,10.039495666412687,1.3148572622470267,0.6702782068442702,124.13434806936966,1.226354653383055e-07,0.0002985168849839352,4.02,11.995482603088021,8.758152863010764,20.465597701258957,20.465597701258957,241.578125,,863.36328125,0.0,0.0,,,"[1.1818166330836353, 0.34842555589330787, 4.000401134673184, 0.14698953318365876, 0.006946623487481589, 0.22627862789396755, 0.02]"
261,10.494446248317885,18.864514418225898,9.24870628279119,1.2457399655266956,0.6702787019540944,120.52693674900189,0.0,0.00033088145958514256,3.98,10.999579592607915,10.312222819775343,21.196430195122957,21.196430195122957,241.578125,,863.36328125,0.0,0.0,,,"[1.1817486304748217, 0.34871191991836614, 4.000402847095812, 0.14697939498226376, 0.005994351512418285, 0.2261983554807665, 0.02]"
262,11.329282419241183,20.358852267662538,10.01315853914076,1.3161238801004245,0.6702793709365101,124.53711332317462,1.34311362920414e-07,0.00030048399138034434,4.02,10.096785183995962,9.654637575149536,19.7514227591455,19.7514227591455,241.578125,,863.36328125,0.0,0.0,,,"[1.1816594714938289, 0.3490328446250658, 4.000404590159073, 0.14696890939173954, 0.006933965396475757, 0.22612044032351367, 0.02]"
263,10.468914591076311,18.817691021454284,9.221992193783581,1.246922397292729,0.6702798683580494,120.9052045448476,4.735896030894082e-08,0.0003243291103027077,3.94,10.011319066397846,9.191278009675443,19.088880415074527,19.088880415074527,241.578125,,863.36328125,0.0,0.0,,,"[1.1815917745393738, 0.3493173325964873, 4.000406300170288, 0.1469588492442492, 0.005981076780149544, 0.2260405474538196, 0.02]"
264,11.304634157457622,20.313142931069283,9.987241759207455,1.3173923982501692,0.6702805394235448,124.9070134767683,1.2651194536417165e-07,0.0003054995190965775,4.0,9.70809898339212,8.193201273679733,17.901300257071853,17.901300257071853,241.578125,,863.36328125,0.0,0.0,,,"[1.1815029400768882, 0.3496362907273477, 4.000408040200267, 0.14694844542691424, 0.006921425459807624, 0.22596304105045703, 0.02]"
265,10.443534556529833,18.771460125454112,9.195421893632826,1.2481126628970056,0.670281039219546,121.23796497785108,2.4441254442564286e-07,0.00032810895367738806,3.9,10.703041567467153,9.237561547197402,19.739452679641545,19.739452679641545,241.578125,,863.36328125,0.0,0.0,,,"[1.1814355278696265, 0.34991899936476295, 4.000409748058868, 0.14693846047158163, 0.005967956600171518, 0.2258835052835522, 0.02]"
266,11.28020469622467,20.26784729430891,9.961537711239197,1.318666984985476,0.6702817125541046,125.28094548184079,2.998243928686861e-07,0.0003005238256616068,3.96,9.89700305275619,8.441844838671386,18.28370283357799,18.28370283357799,241.578125,,863.36328125,0.0,0.0,,,"[1.181346985250831, 0.3502361282045826, 4.00041148558211, 0.14692813276388542, 0.006908982870264026, 0.2258063730460799, 0.02]"
267,10.418402070733102,18.725655641285922,9.169099206786349,1.2493028639467547,0.6702822146437202,121.58739195021819,8.132808386740464e-07,0.0003202594389898632,3.9,10.279900296591222,9.630542881786823,19.85091142822057,19.85091142822057,241.578125,,863.36328125,0.0,0.0,,,"[1.1812798583923492, 0.3505170668761512, 4.000413191203532, 0.14691822229762042, 0.005954940445957784, 0.22572719366865424, 0.02]"
268,11.256017457877672,20.22303895341385,9.936072468953752,1.3199449889239188,0.6702828900925818,125.65208083383187,7.42629793215599e-08,0.0003048712755511138,3.94,10.51289452239871,7.616711165755987,18.003294812515378,18.003294812515378,241.578125,,863.36328125,0.0,0.0,,,"[1.1811916172470998, 0.35083233856208584, 4.000414926162458, 0.14690797121351715, 0.006896650995948479, 0.22565044466511033, 0.02]"
269,10.393478985134788,18.6803238434222,9.142980903263522,1.2504980818712703,0.6702833944237298,121.91045362964287,4.240600932625682e-07,0.0003109790837981194,3.88,10.14040214009583,11.318302578292787,21.458704718388617,21.458704718388617,241.578125,,863.36328125,0.0,0.0,,,"[1.18112477252332, 0.35111153109931864, 4.000416629550339, 0.146898134215275, 0.005942046416036043, 0.22557161739834342, 0.02]"
270,11.232183070168553,20.178508549063782,9.91095854092788,1.3212245292406726,0.6702840720465714,126.00943237313379,6.701843213718917e-08,0.00030379722983142155,3.9,10.08265814743936,7.361219585873187,17.441943329758942,17.441943329758942,241.578125,,863.36328125,0.0,0.0,,,"[1.1810368145200947, 0.35142502950403387, 4.000418362280173, 0.14688795608269992, 0.006884405440935371, 0.22549523015236214, 0.02]"
271,10.36889265179047,18.635707867211828,9.117191436826648,1.2517012149638247,0.6702845785946242,122.28164617923764,4.975082750213744e-07,0.00030563834989286805,3.94,10.261093922890723,9.277107357047498,19.495648676529527,19.495648676529527,241.578125,,863.36328125,0.0,0.0,,,"[1.1809702430958462, 0.3517025266818549, 4.000420063414854, 0.14687819133219027, 0.00592925877799008, 0.2254167434030871, 0.02]"
272,11.208421281853354,20.13457984604932,9.885915498852121,1.322505783001235,0.670285258082467,126.39765453320749,7.101890320271309e-08,0.00030813399227022897,3.88,10.118354177102447,8.504712898284197,18.623067075386643,18.623067075386643,241.578125,,863.36328125,0.0,0.0,,,"[1.1808825959949174, 0.35201415366066574, 4.000421793650139, 0.14686808978784976, 0.006872299530472134, 0.22534074527149467, 0.02]"
273,10.344498541848804,18.59131824710036,9.09159358357522,1.2529049582735847,0.6702857666732884,122.63607242941681,0.0,0.0002960979917481918,3.96,9.836083147674799,7.851439560763538,17.687522708438337,17.687522708438337,241.578125,,863.36328125,0.0,0.0,,,"[1.180816313386368, 0.3522899008061713, 4.000423492322988, 0.1468583979699208, 0.0059165961761442004, 0.2252626145525952, 0.02]"
274,11.18487066385482,20.091094481171194,9.86108024929097,1.3237904145638513,0.6702864480503752,126.77706854282798,6.466163471330333e-08,0.00029058606814436874,3.9,10.093055265024304,7.770037082955241,17.863092347979546,17.863092347979546,241.578125,,863.36328125,0.0,0.0,,,"[1.180728966941964, 0.3525997113449538, 4.000425219753064, 0.14684837094968545, 0.006860294256382484, 0.22518699420547833, 0.02]"
275,10.320298599051153,18.54739475689764,9.0661881529289,1.2541104461222523,0.6702869586749199,122.95980288463691,0.0,0.00029494508682776624,3.96,9.960326659493148,8.088543289341033,17.900060950778425,17.900060950778425,241.578125,,863.36328125,0.0,0.0,,,"[1.1806629662016972, 0.3528737473492074, 4.000426915821834, 0.14683875100517949, 0.005904050180787593, 0.22510921234030867, 0.02]"
276,11.161505581920867,20.047989418590383,9.836426955873108,1.3250786260477572,0.6702876421190186,127.16688053477797,8.740377901439444e-07,0.0002967590830724488,3.88,10.26854116935283,8.346405420452356,18.572429371997714,18.572429371997714,241.578125,,863.36328125,0.0,0.0,,,"[1.1805758946465366, 0.3531818364713337, 4.0004286410740795, 0.14682879729322512, 0.006848366072300505, 0.22503394560627393, 0.02]"
277,10.296308365713626,18.503881820666887,9.040989759984415,1.2553186057292105,0.6702881546616646,123.2951142422659,0.0,0.00027902770328529637,3.96,10.071527962572873,7.114008031785488,17.116941194981337,17.116941194981337,241.578125,,863.36328125,0.0,0.0,,,"[1.1805101801258007, 0.3534541540168395, 4.000430334633913, 0.14681924837802485, 0.005891582319438282, 0.2249565146273902, 0.02]"
278,11.13837586871372,20.005235149536045,9.812012461322889,1.326363407390833,0.6702888399702078,127.53636288171039,3.536953219196448e-08,0.0002895542668290878,3.88,9.622551407665014,7.466253372840583,17.088804780505598,17.088804780505598,241.578125,,863.36328125,0.0,0.0,,,"[1.1804233939369855, 0.3537605075692821, 4.000432057328692, 0.14680936543345535, 0.006836518213208906, 0.22488160685266867, 0.02]"
279,10.272582759790827,18.460754066056342,9.016054527523744,1.256528232267084,0.6702893545414362,123.63092440345754,1.8483821140335976e-07,0.00029863739876364735,3.94,10.189627539366484,7.431092718616128,17.62072025798261,17.62072025798261,241.578125,,863.36328125,0.0,0.0,,,"[1.1803579483529787, 0.35403117028980735, 4.000433748689396, 0.14679988825096582, 0.005879218714635197, 0.22480451236792584, 0.02]"
280,11.115476520235745,19.962902165046497,9.787825451968201,1.3276510682675453,0.6702900416485706,127.90009331506124,6.576669742131003e-08,0.0003008283278308811,3.86,9.210581919178367,7.281206119805574,16.49178803898394,16.49178803898394,241.578125,,863.36328125,0.0,0.0,,,"[1.180271446913176, 0.35433580498819234, 4.0004354685745, 0.1467900759193582, 0.006824765169553415, 0.2247299612903278, 0.02]"
281,10.249087801737712,18.418107148883514,8.991342803076506,1.2577449986612057,0.6702905581339308,123.9667539463612,3.845913365552178e-09,0.0002977846621728334,3.94,9.41772858146578,8.751523485407233,18.169252066873014,18.169252066873014,241.578125,,863.36328125,0.0,0.0,,,"[1.180206269926541, 0.3546048392952914, 4.000437157571876, 0.1467806668142847, 0.005866961184288158, 0.22465319773230177, 0.02]"
282,11.09276578903144,19.92096506680061,9.763823497758086,1.3289422912733513,0.6702912469788663,128.28065333026115,2.3202669119370967e-07,0.0002954981533397703,3.84,9.303990695625544,7.278234725818038,16.58222542144358,16.58222542144358,241.578125,,863.36328125,0.0,0.0,,,"[1.1801200518695212, 0.354907769544289, 4.000438874766356, 0.146770923774416, 0.006813109480865896, 0.22457900045357707, 0.02]"
283,10.22575382543038,18.375851662440304,8.966793542929729,1.2589602825006514,0.6702917652417704,124.29987049190626,0.0,0.00029415126483994385,3.94,9.625636246055365,8.72715552803129,18.31158679444343,18.31158679444343,241.578125,,863.36328125,0.0,0.0,,,"[1.1800551518159859, 0.35517515481330963, 4.00044056118019, 0.1467615827460389, 0.0058547974159443, 0.22450257409445126, 0.02]"
284,11.07025986535429,19.879400654293708,9.740026804181852,1.3302330611724407,0.6702924557752037,128.64645150373153,2.990927083779127e-07,0.0002912794617081724,3.84,9.388910764828324,8.73381920158863,18.057667803950608,18.057667803950608,241.578125,,863.36328125,0.0,0.0,,,"[1.179969214548521, 0.3554764018589183, 4.000442275671612, 0.14675190790201115, 0.006801536532623681, 0.22442872623450974, 0.02]"
285,10.202691001308985,18.334019566131154,8.942509288367935,1.2601817129410513,0.6702929758320569,124.63732757199465,0.0,0.0003066134915995646,3.94,9.22662025783211,6.958824750036001,16.18544500786811,16.18544500786811,241.578125,,863.36328125,0.0,0.0,,,"[1.1799045813862614, 0.35574218543689223, 4.000443959652824, 0.14674263337973031, 0.005842734333897906, 0.22435262672621625, 0.02]"
286,11.047953824742919,19.83822974234907,9.71642625020428,1.3315275745386403,0.6702936679710892,129.01058301395184,3.530614773872287e-07,0.0002711971439636918,3.84,9.449846744537354,7.140386556275189,16.52888889890164,16.52888889890164,241.578125,,863.36328125,0.0,0.0,,,"[1.1798189265293628, 0.3560417551045725, 4.0004456712962435, 0.14673302641940517, 0.006790058989934486, 0.2242791282069465, 0.02]"
287,10.179827796932942,18.29259706937914,8.918424156919935,1.261403640013008,0.6702941897778703,124.96721185246508,0.0,0.0002981236722298182,3.94,9.964594882912934,8.328425115905702,18.280893336050212,18.280893336050212,241.578125,,863.36328125,0.0,0.0,,,"[1.1797545578266901, 0.35630595580094304, 4.000447352836636, 0.14672381751102134, 0.00583077538831549, 0.22420335220658213, 0.02]"
288,11.025879005000899,19.797502577915118,9.69305744503923,1.3328215599616688,0.6702948835080593,129.36435399709538,8.397848767494054e-07,0.00028207797237011915,3.84,9.257066692225635,7.750020171515644,17.00708686374128,17.00708686374128,241.578125,,863.36328125,0.0,0.0,,,"[1.179669179330209, 0.3566038807085134, 4.0004490617290775, 0.14671427687510882, 0.006778670659466411, 0.22413019571230758, 0.02]"
289,10.157136767827502,18.251587754398507,8.894510849767192,1.2626259180603099,0.6702954070687307,125.28834862206648,7.678953384271381e-08,0.00029854983629495636,3.94,10.241016470827162,6.555391093716025,16.686791172251105,16.686791172251105,241.578125,,863.36328125,0.0,0.0,,,"[1.17960506761665, 0.3568665370316131, 4.000450740778818, 0.14670513270905963, 0.0058189203394719965, 0.22405473557452152, 0.02]"
290,11.003967496440728,19.75708902229711,9.669848283596389,1.3341192128443347,0.6702961023880617,129.71758733435266,8.463924983104221e-08,0.00028206711523096626,3.86,9.241817560978234,8.15498807001859,17.396805630996823,17.396805630996823,241.578125,,863.36328125,0.0,0.0,,,"[1.1795199584471214, 0.35716285218466537, 4.000452447060402, 0.14669565703121512, 0.006767370640012501, 0.22398191327810776, 0.02]"
291,10.134643871461506,18.210982842674387,8.870792215811454,1.263851655650053,0.6702966276495932,125.60283732165526,2.1109570047528337e-07,0.00028524265260993246,3.98,9.459894285537302,8.615165096707642,18.075059382244945,18.075059382244945,241.578125,,863.36328125,0.0,0.0,,,"[1.1794561020109833, 0.3574239788483309, 4.000454123743956, 0.14668657642363184, 0.005807160869133472, 0.2239067657679836, 0.02]"
292,10.982251698072737,19.717076113750316,9.646836216045406,1.3354154820273305,0.6702973245444348,130.0751830049608,6.134646968192214e-08,0.00027989627437189154,3.86,9.140177350491285,7.297555976547301,16.437733327038586,16.437733327038586,241.578125,,863.36328125,0.0,0.0,,,"[1.1793712566915178, 0.3577187137077831, 4.000455827506065, 0.146677164197968, 0.006756152791047807, 0.22383427112185966, 0.02]"
293,10.11238767026429,18.170756694223005,8.847308468398614,1.2650792018656767,0.6702978514314054,125.92526603203876,2.2916681574614017e-07,0.0002901780499860445,3.98,9.490599078126252,7.931506121531129,17.39818776026368,17.39818776026368,241.578125,,863.36328125,0.0,0.0,,,"[1.1793076569826697, 0.3579783152391462, 4.000457501736024, 0.14666814660811675, 0.005795487552319816, 0.2237594359626094, 0.02]"
294,10.960719411079738,19.67740216103229,9.62400545988149,1.3367139511982449,0.6702985498003134,130.43316108116036,8.23987820197658e-08,0.0002855781721214221,3.86,9.704346852377057,6.599559569731355,16.19772560428828,16.19772560428828,241.578125,,863.36328125,0.0,0.0,,,"[1.1792230796217285, 0.3582714661730403, 4.000459202781334, 0.14665879788875563, 0.006745019631495154, 0.22368727130044394, 0.02]"
295,10.090320146035605,18.13090985511513,8.824011525014152,1.2663086210214543,0.6702990782616951,126.2465002294032,0.0,0.0002912818230832667,3.96,9.64175489731133,7.550960867665708,17.192715764977038,17.192715764977038,241.578125,,863.36328125,0.0,0.0,,,"[1.17915973556577, 0.3585295557176294, 4.000460874525132, 0.14664984269161582, 0.005783905502634417, 0.22361274641497406, 0.02]"
296,10.939395802019607,19.638095417454934,9.60138151461462,1.338014287404991,0.6702997780659088,130.78548307910737,0.0,0.00030374582938556843,3.86,9.756119367666543,8.091568080708385,17.847687448374927,17.847687448374927,241.578125,,863.36328125,0.0,0.0,,,"[1.1790754240930497, 0.3588211411945276, 4.000462572712291, 0.14664055701420137, 0.006733968510673627, 0.22354090869281673, 0.02]"
297,10.068453721670195,18.091438232768322,8.800914174912027,1.2675395467581685,0.6703003080770983,126.56386469566445,1.2695218964964283e-07,0.0002901416150375174,3.96,9.594997339881957,7.571295308880508,17.166292648762465,17.166292648762465,241.578125,,863.61328125,0.0,0.0,,,"[1.1790123313970287, 0.3590777443406371, 4.000464241984373, 0.14663166327403515, 0.0057724157843860235, 0.22346668870503936, 0.02]"
298,10.918082733319745,19.59922496624039,9.578770180273647,1.3393125530461005,0.6703010092818504,131.15189113588292,0.0,0.0002892573445900992,3.9,10.024780295789242,8.454456883482635,18.443275117315352,18.443275117315352,241.578125,,863.61328125,0.0,0.0,,,"[1.1789282824716505, 0.35936778503110794, 4.000465937461855, 0.1466224392857586, 0.006722999678245378, 0.223395173111427, 0.02]"
299,10.04695812034829,18.052260099616383,8.778184744021926,1.2687733763263649,0.6703015407515092,126.90549387098757,0.0,0.00030532956968491753,3.92,10.24880072567612,8.039626767858863,18.085992010310292,18.085992010310292,241.578125,,863.61328125,0.0,0.0,,,"[1.1788654467814654, 0.359622885138955, 4.00046760419874, 0.14661360655688047, 0.0057610058281173555, 0.22332126338131847, 0.02]"
300,10.8971172676418,19.560657369905055,9.556502090245864,1.3406151773959336,0.6703022431591884,131.5025472507258,2.0108726772605223e-07,0.00028467398905064834,3.9,9.570160955190659,10.672344751656055,20.242505706846714,20.242505706846714,241.578125,,863.61328125,0.0,0.0,,,"[1.1787816746496949, 0.35991134320642354, 4.000469296446096, 0.14660444631311964, 0.006712121269099943, 0.22325008180088643, 0.02]"
301,10.02547073030191,18.013515580859103,8.755461186036776,1.2700095442651356,0.6703027761824678,127.20132621407133,2.739506022031435e-07,0.00032644435952765825,3.9,10.06405292544514,7.467395383864641,17.38470776937902,17.38470776937902,241.578125,,863.61328125,0.0,0.0,,,"[1.1787190822090643, 0.36016498930283636, 4.00047096085148, 0.14659567692525594, 0.005749703629318519, 0.22317647162248694, 0.02]"
302,10.876516426562421,19.522297407117396,9.534599868027248,1.341916558535173,0.6703034799962054,131.83100366531417,8.035277776485827e-08,0.00029359140915343287,3.86,10.38118761498481,6.636829292401671,16.685856669209898,16.685856669209898,241.578125,,863.61328125,0.0,0.0,,,"[1.178635557931403, 0.3604519767498432, 4.000472650600336, 0.1465865752049015, 0.006701308896380561, 0.22310559412661474, 0.02]"
303,10.00402723900956,17.975248300750284,8.732780595875294,1.2712466431342648,0.670304014511875,127.49462727868938,4.823367429906966e-07,0.000292561977437617,3.94,9.861865672282875,8.367537637241185,18.178659132681787,18.178659132681787,241.578125,,863.61328125,0.0,0.0,,,"[1.1785732013444534, 0.3607042260336557, 4.000474312558096, 0.14657786448425777, 0.005738486600911904, 0.22303226920959715, 0.02]"
304,10.855916464393887,19.48435620494069,9.512697340613615,1.343219123780277,0.6703047197245077,132.17797421655942,1.5465933866920523e-08,0.00031574684946525876,3.84,10.148762371391058,7.791416756808758,17.778824125416577,17.778824125416577,241.578125,,863.61328125,0.0,0.0,,,"[1.1784899214189586, 0.3609897591486426, 4.0004759999552375, 0.14656881963924384, 0.006690573574376727, 0.222961692778206, 0.02]"
305,9.982946839223231,17.93723459348035,8.710461918551477,1.2724849206717537,0.6703052556298539,127.82890777627087,1.1438691691623148e-06,0.0002669629423842945,3.96,9.624092318117619,8.542475868016481,18.11742276418954,18.11742276418954,241.578125,,863.61328125,0.0,0.0,,,"[1.178427808378618, 0.3612405858258585, 4.000477659397402, 0.14656016737095864, 0.005727341153718249, 0.22288866102826804, 0.02]"
306,10.83547637261403,19.446807714998926,9.490953614682992,1.3445227579310381,0.6703059619682837,132.52900862930673,8.426423159235696e-08,0.0002993082721983471,3.84,9.891681862063706,7.117089489474893,16.95983800571412,16.95983800571412,241.578125,,863.61328125,0.0,0.0,,,"[1.1783447965389824, 0.3615245902449829, 4.000479343715884, 0.1465511828991719, 0.006679933142274733, 0.22281840812755607, 0.02]"
307,9.962069936402631,17.899568107061526,8.688342515836936,1.2737274205656957,0.6703064992112093,128.1419274709826,3.5622465421880634e-07,0.00029633304089980906,3.96,10.808231253176928,7.812894866801798,18.39241730980575,18.39241730980575,241.578125,,863.61328125,0.0,0.0,,,"[1.1782829275589124, 0.36177400073786076, 4.000481000495235, 0.1465425887606418, 0.005716294660742721, 0.222745669498835, 0.02]"
308,10.81517825749623,19.409605445536986,9.469350420346496,1.3458278371497323,0.6703072067281555,132.88057893229313,8.441575571893623e-08,0.00028962368831640954,3.86,10.314533314667642,8.140190988779068,18.264979920350015,18.264979920350015,241.578125,,863.61328125,0.0,0.0,,,"[1.178200170732846, 0.3620565353482845, 4.000482681938605, 0.1465336624958258, 0.006669369011136348, 0.22267572467198635, 0.02]"
309,9.941358813106147,17.862268253490935,8.66639275594937,1.2749660571567751,0.670307745261918,128.47167730404394,0.0,0.0002928021008465127,4.0,9.91339455358684,10.310058766044676,20.12617674190551,20.12617674190551,241.578125,,863.61328125,0.0,0.0,,,"[1.178138544974858, 0.36230453917751887, 4.000484336142177, 0.146525125568643, 0.005705329527604696, 0.22260327727521237, 0.02]"
310,10.794892509564509,19.372798274532663,9.447758593331834,1.3471339162326732,0.6703084538348018,133.26846415628802,4.44935758459053e-07,0.0002856780198691882,3.88,10.009445054456592,8.199945483356714,18.141130399890244,18.141130399890244,241.578125,,863.61328125,0.0,0.0,,,"[1.1780560514837848, 0.36258558029625765, 4.000486014507028, 0.14651625831751983, 0.006658891877580665, 0.22253364888193564, 0.02]"
311,9.920810325362215,17.825254741100938,8.64460256468454,1.2762077606776754,0.6703089934685807,128.78361469197094,4.3373659330825376e-08,0.00030726169263534304,4.0,9.843477089889348,7.797369034960866,17.640846124850214,17.640846124850214,241.578125,,863.61328125,0.0,0.0,,,"[1.177994686013289, 0.36283211870206117, 4.000487665867245, 0.14650777924475533, 0.005694436451462799, 0.22246150872081866, 0.02]"
312,10.775108299054146,19.336140344837418,9.426668196604366,1.3484401024497794,0.6703097031403432,133.59609932762518,3.0878402323963883e-07,0.00030082997349964625,3.84,9.670075341127813,8.70054625440389,18.363320636563003,18.363320636563003,241.578125,,863.61328125,0.0,0.0,,,"[1.1779124444697362, 0.3631117177190193, 4.0004893413514555, 0.14649896874989915, 0.006648466987450292, 0.22239218323812274, 0.02]"
313,9.90045839273028,17.78869000434556,8.623006035738632,1.2774523569916485,0.6703102440654721,129.09929528580656,6.224575654911746e-08,0.0002884784869085213,4.02,10.358001510612667,6.259770221076906,16.52978756930679,16.52978756930679,241.578125,,863.61328125,0.0,0.0,,,"[1.177851308027168, 0.3633569230374316, 4.000490990233841, 0.14649054485377686, 0.005683636279290141, 0.22232031731469848, 0.02]"
314,10.755428561546353,19.30015010308304,9.405680520380399,1.3497480411659524,0.6703109547847981,133.95170987999077,2.6180920675855646e-07,0.0003125837598394393,3.82,9.625385124236345,6.576875876635313,16.043180665001273,16.043180665001273,241.578125,,863.61328125,0.0,0.0,,,"[1.1777693191234322, 0.3636350853496885, 4.000492662717884, 0.14648179077642362, 0.00663813096059394, 0.22225129543426791, 0.02]"
315,9.88023299398505,17.752331641209903,8.60153705819724,1.2786959357878096,0.6703114968315707,129.40035207878756,2.2598561910669446e-07,0.0003222704344181217,4.02,10.382562116719782,9.036055989563465,19.248200352303684,19.248200352303684,241.578125,,863.61328125,0.0,0.0,,,"[1.1777084251431629, 0.36387891681958895, 4.000494308822684, 0.14647342164436478, 0.005672915156100966, 0.22217971445800488, 0.02]"
316,10.735844771253443,19.26420133950739,9.384792447921653,1.3510523233317926,0.6703122086249048,134.27657694917727,8.57210937788011e-08,0.00031644814440316596,3.84,10.066261761821806,7.626189840957522,17.67133274115622,17.67133274115622,241.578125,,863.61328125,0.0,0.0,,,"[1.1776266796837005, 0.36415568402637105, 4.00049597851707, 0.1464647225134691, 0.006627857781272537, 0.2221109851850232, 0.02]"
317,9.86022203196623,17.716396666712672,8.580279094462618,1.2799429375036127,0.6703127519203249,129.7096693478287,9.228267305871896e-08,0.00031667252853086365,4.04,9.69607979990542,7.9875962901860476,17.683676090091467,17.683676090091467,241.578125,,863.61328125,0.0,0.0,,,"[1.177566010295613, 0.3643982086146191, 4.000497622235354, 0.1464564071166638, 0.005662278185806196, 0.22203967426990817, 0.02]"
318,10.716415083111931,19.228578145333497,9.364058131756847,1.3523569513550866,0.6703134647993292,134.6145937132209,6.458209655946234e-08,0.0003043418700876565,3.84,9.8393608443439,7.703999211080372,17.543360055424273,17.543360055424273,241.578125,,863.61328125,0.0,0.0,,,"[1.1774845072212137, 0.3646735769433544, 4.000499289179826, 0.1464477662311928, 0.006617667608796795, 0.2219712408043399, 0.02]"
319,9.840357334226958,17.680727319723715,8.559168430153953,1.2811889040730071,0.6703140093223787,130.0108173673067,1.1554115042500257e-07,0.0003168690194766617,4.06,10.28873821720481,7.814965164288878,17.965015885420144,17.965015885420144,241.578125,,863.61328125,0.0,0.0,,,"[1.1774240640667772, 0.3649147832804177, 4.00050093049387, 0.1464395072977864, 0.00565172302297854, 0.22190020362208282, 0.02]"
320,10.69714668385707,19.193245722442747,9.34348252530419,1.353664158552881,0.6703147231926274,134.95554896741857,3.507068546682035e-08,0.0003004080604787699,3.84,9.60326498374343,7.809910634532571,17.413175618276,17.413175618276,241.578125,,863.61328125,0.0,0.0,,,"[1.1773428026476989, 0.3651887790075368, 4.000502594594946, 0.14643092005489147, 0.00660754870505131, 0.22183205907870907, 0.02]"
321,9.820696582945285,17.645528526430272,8.538260167559649,1.2824364153856374,0.6703152688066902,130.32716242857276,3.8173277872033395e-09,0.0002960524878309886,4.12,10.333766685798764,7.536675748415291,17.870442434214056,17.870442434214056,241.578125,,863.61328125,0.0,0.0,,,"[1.17728259053556, 0.3654286708866046, 4.000504233294384, 0.1464227142928196, 0.005641241887915166, 0.22176129536496061, 0.02]"
322,10.678049164516562,19.15823489750123,9.323076507973616,1.3549726565429507,0.670315983636858,135.29362166958978,1.252749664004682e-07,0.00030642479252574633,3.84,9.798184335231781,7.007386786863208,16.80557112209499,16.80557112209499,241.578125,,863.61328125,0.0,0.0,,,"[1.1772015739381319, 0.3657012762188311, 4.000505894503643, 0.14641418378906856, 0.006597507328723772, 0.22169344611019542, 0.02]"
323,9.80115711380379,17.610462711886438,8.517472578536122,1.2836845352676693,0.6703165303187386,130.61890634841052,4.251566521062955e-08,0.0002937343675962209,4.12,10.957269873470068,6.767182499170303,17.634460371918976,17.634460371918976,241.578125,,863.61328125,0.0,0.0,,,"[1.1771415902092055, 0.36593987051315546, 4.0005075305966775, 0.14640603052743917, 0.0056308449219076, 0.22162295246695068, 0.02]"
324,10.65910663577408,19.123532699166372,9.302827253276206,1.3562793824978727,0.6703172461085691,135.6215542958535,8.24446289016123e-08,0.00029689626883367786,3.86,10.285174520686269,7.564214309677482,17.84938883036375,17.84938883036375,241.578125,,863.61328125,0.0,0.0,,,"[1.1770608081462794, 0.3662111447856038, 4.000509189019902, 0.1463975517534499, 0.006587528896492844, 0.22155538279773776, 0.02]"
325,9.781840218263039,17.575878470661827,8.49690672314796,1.284933495115078,0.6703177938780207,130.93145634934962,0.0,0.00029161234176638333,4.12,9.946522871032357,7.147788763977587,17.094311635009944,17.094311635009944,241.578125,,863.61328125,0.0,0.0,,,"[1.1770010461899962, 0.3664484717945082, 4.000510822567926, 0.14638945004172585, 0.0056205212066250294, 0.22148515302530844, 0.02]"
326,10.640330464609294,19.089111274269925,9.282741551474494,1.3575889131347987,0.6703185104792635,135.95909005218905,3.412527460611159e-08,0.00031585993927839035,3.86,10.795558732934296,7.279772073961794,17.787711210548878,17.787711210548878,241.578125,,863.61328125,0.0,0.0,,,"[1.1769205095628492, 0.366718383447352, 4.00051247791478, 0.1463810237679145, 0.006577632056068391, 0.22141787278344024, 0.02]"
327,9.762701533324822,17.541606547351368,8.476517956342555,1.2861835769822656,0.6703190592435613,131.24092913820226,2.2762630003114737e-08,0.00030047979035161936,4.12,10.521185388788581,8.779604202136397,19.174683894962072,19.174683894962072,241.578125,,863.61328125,0.0,0.0,,,"[1.1768609737744735, 0.3669544355938316, 4.0005141087953735, 0.14637297357147477, 0.0056102787102142735, 0.22134790912958502, 0.02]"
328,10.62170752354762,19.05498689031239,9.262810947692252,1.3588965758553715,0.6703197766347039,136.2967620928336,2.469499285062682e-07,0.00032137522947090267,3.86,10.695962635800242,8.419674602337182,18.94626429770142,18.94626429770142,241.578125,,863.61328125,0.0,0.0,,,"[1.1767806798414513, 0.3672230020676874, 4.000515761079698, 0.14636459907235028, 0.006567808770902238, 0.22128091469679326, 0.02]"
329,9.743860325801169,17.507477962452175,8.456424474696075,1.2874358511050976,0.6703203263574358,131.555595584,1.653818015867614e-08,0.00032886553376031504,4.06,10.90344614814967,6.4776743203401566,17.012961003929377,17.012961003929377,241.578125,,863.61328125,0.0,0.0,,,"[1.1767213691837397, 0.36745778991612804, 4.0005173892906525, 0.14635659975171625, 0.005600114478321836, 0.22121121514157555, 0.02]"
330,10.603242068476797,19.021196552460875,9.243037610014513,1.3602044584622857,0.670321044458815,136.62723006054688,5.546750658780297e-08,0.00032081733874382,3.88,9.73063270561397,7.278728084638715,17.009360790252686,17.009360790252686,241.578125,,863.61328125,0.0,0.0,,,"[1.1766413202960422, 0.36772501446452444, 4.000519038287121, 0.1463482777928066, 0.0065580608714528536, 0.2211445071960566, 0.02]"
331,9.725048737662489,17.473849327892633,8.436362108435551,1.2886866292269383,0.6703215951443489,131.85568425538935,1.9253611593939013e-08,0.00031910288973673344,4.06,10.21381942089647,7.2069805627688766,17.420799983665347,17.420799983665347,241.578125,,863.61328125,0.0,0.0,,,"[1.176582229939781, 0.3679585609017906, 4.000520663910375, 0.14634032854511933, 0.005590033676251919, 0.22107506723937295, 0.02]"
332,10.584916444114837,18.987704982709456,9.223403505804377,1.3615129383104614,0.6703223140153546,136.95906443009764,1.0837548458653146e-07,0.00033375280677661127,3.9,9.637404764071107,6.607923596166074,16.24532836023718,16.24532836023718,241.578125,,863.61328125,0.0,0.0,,,"[1.1765024162903306, 0.36822448082744524, 4.000522309955237, 0.14633205669328986, 0.0065483823386875, 0.221008636202217, 0.02]"
333,9.706330373897265,17.440382098628337,8.416391966589055,1.2899384073082099,0.6703228656225295,132.13286804971236,5.308010342375269e-08,0.0002992657575840357,4.04,9.906431632116437,6.993957026861608,16.900388658978045,16.900388658978045,241.578125,,863.61328125,0.0,0.0,,,"[1.1764435458874276, 0.36845679397517683, 4.000523932957926, 0.14632415705865148, 0.005580026139088113, 0.22093945448952668, 0.02]"
334,10.566711510978879,18.954447265563434,9.203891442344855,1.362820068634023,0.6703235853558561,137.2898743021811,9.457963123793434e-08,0.00033339796464877447,3.92,9.500769544392824,7.103216485120356,16.60398602951318,16.60398602951318,241.578125,,863.61328125,0.0,0.0,,,"[1.1763639534815014, 0.36872146559893376, 4.000525576311224, 0.1463159332226908, 0.006538757268140754, 0.22087328598811493, 0.02]"
335,9.687822334203563,17.4073261329097,8.39663096139738,1.2911913728061852,0.6703241378552958,132.4371032706457,4.150440524597343e-08,0.0003057429022907418,4.04,10.16529147978872,7.368446020409465,17.533737500198185,17.533737500198185,241.578125,,863.61328125,0.0,0.0,,,"[1.176305301568303, 0.3689525574999591, 4.000527196677628, 0.14630808260569197, 0.005570077000678604, 0.22080436017292912, 0.02]"
336,10.548647332949281,18.92142877358439,9.184521114507366,1.3641262184419163,0.6703248582671413,137.62669674576486,2.175938402793065e-07,0.0003301107114512226,3.94,10.19044994842261,6.933295852504671,17.12374580092728,17.12374580092728,241.578125,,863.61328125,0.0,0.0,,,"[1.176225944859403, 0.36921593688436183, 4.000528836970437, 0.14629990818782096, 0.006529202857499428, 0.22073846714052972, 0.02]"
337,9.669440736228012,17.374549349444536,8.376997391832234,1.292443344395777,0.6703254115981441,132.73481092742128,2.246510533154833e-08,0.00029824113532897744,4.04,9.591561630368233,6.749432543292642,16.336756572127342,16.336756572127342,241.578125,,863.61328125,0.0,0.0,,,"[1.1761675133588854, 0.3694458073277444, 4.000530454616569, 0.1462921063926808, 0.005560200063381918, 0.2206697980849234, 0.02]"
338,10.530731551340677,18.888706324859033,9.165299570303343,1.3654319810373337,0.6703261326879512,137.96074628475492,8.195692569046287e-08,0.00033083430536398205,3.94,9.994864389300346,7.759976275265217,17.754840664565563,17.754840664565563,241.578125,,863.61328125,0.0,0.0,,,"[1.1760883879292068, 0.3697079169705982, 4.000532091918386, 0.1462839802423819, 0.0065197117281283225, 0.2206041752868589, 0.02]"
339,9.651250877968415,17.34204800748594,8.357554097587734,1.2936967803806831,0.6703266868312427,133.03579574691489,4.4634278495436774e-09,0.0002965382467909513,4.04,9.601013408973813,7.50369371380657,17.104707122780383,17.104707122780383,241.578125,,863.61328125,0.0,0.0,,,"[1.1760301743903665, 0.3699365810655764, 4.000533706867647, 0.14627622659132372, 0.005550392115433319, 0.22053575981472032, 0.02]"
340,10.512974009064905,18.85634071013134,9.14623606619673,1.3667379428681776,0.6703274085472114,138.28422035360785,1.0762538504849317e-07,0.00030298328113462464,3.94,9.81206385884434,5.864741415716708,15.614592055790126,15.614592055790126,241.578125,,863.61328125,0.0,0.0,,,"[1.1759512811234238, 0.37019742503462016, 4.000535341098921, 0.14626814858153914, 0.006510286576457125, 0.22047040711797813, 0.02]"
341,9.633197290992142,17.309825605058784,8.338246819758059,1.2949504712340831,0.6703279635213707,133.3293776869142,1.716413633445768e-08,0.0002968367461578003,4.02,10.338455769233406,8.190954783931375,18.340027048252523,18.340027048252523,241.578125,,863.61328125,0.0,0.0,,,"[1.1758932793943, 0.37042491021637247, 4.000536953476414, 0.14626044191009288, 0.005540659115326863, 0.22040223904947523, 0.02]"
342,10.495584002705188,18.824142245595322,9.127538894342825,1.3680451083623606,0.6703286858673537,138.58054617880325,6.306802369238085e-08,0.00031787101857669954,3.9,10.007402212359011,8.079198002815247,18.086600215174258,18.086600215174258,241.578125,,863.61328125,0.0,0.0,,,"[1.1758146134591205, 0.37068451257595986, 4.000538584703885, 0.1462524110674545, 0.006500927114799003, 0.22033715065283474, 0.02]"
343,9.615119849113002,17.2780135191531,8.318916839967553,1.2962030091454517,0.6703292417321387,133.60047095785342,3.89287162505525e-08,0.0002774499963631079,4.04,9.63445174973458,6.793681508861482,16.334404475055635,16.334404475055635,241.578125,,863.61328125,0.0,0.0,,,"[1.175756810966131, 0.3709108763908234, 4.000540194565596, 0.14624475056074748, 0.005531008642601761, 0.22026921555599202, 0.02]"
344,10.478139453445744,18.79231101663099,9.108787849262631,1.3693516041831149,0.6703299648151162,138.90174865545416,6.423871568017603e-08,0.0003112445034629122,3.9,10.28591335285455,6.5170913096517324,16.719526164233685,16.719526164233685,241.578125,,863.61328125,0.0,0.0,,,"[1.1756783586976256, 0.37116928647569797, 4.000541823207371, 0.14623676416040202, 0.006491633026107411, 0.220204378619479, 0.02]"
345,9.597388479599042,17.24645933207253,8.29993076496789,1.2974577146311523,0.6703305214621617,133.90272883834285,3.342849907994605e-08,0.0002730942592467015,4.04,10.334736043587327,8.56628148816526,18.901017531752586,18.901017531752586,241.578125,,863.61328125,0.0,0.0,,,"[1.1756207649907142, 0.37139449484667225, 4.000543430429046, 0.14622914984394061, 0.00552141583609369, 0.22013668668659112, 0.02]"
346,10.460821522627777,18.76075041372855,9.090163037035778,1.370658485592001,0.6703312450679881,139.22383783238408,6.404664176784536e-08,0.00030837634205345453,3.9,9.486671942286193,7.871470334939659,17.358142277225852,17.358142277225852,241.578125,,863.61328125,0.0,0.0,,,"[1.175542542982486, 0.3716516655394624, 4.000545055924742, 0.14622121021354592, 0.0064824098237448394, 0.2200721155791596, 0.02]"
347,9.57979274788132,17.21505940232784,8.281078691088076,1.298714056793244,0.6703318024590101,134.18943383440737,3.929988379169913e-08,0.00028721733465110624,4.02,9.534117998555303,7.388404114171863,16.922522112727165,16.922522112727165,241.578125,,863.61328125,0.0,0.0,,,"[1.1754851577947234, 0.3718757251873501, 4.000546660513988, 0.14621364159198544, 0.0055118971477684225, 0.22000466558709414, 0.02]"
348,10.443403606592813,18.729477293057418,9.071440836940901,1.3719627696519143,0.6703325266358399,139.58194410355406,6.098282057109827e-08,0.00029303192792757676,3.92,9.421371803618968,8.403114788234234,17.8244865918532,17.8244865918532,241.578125,,863.61328125,0.0,0.0,,,"[1.1754071569370437, 0.37213169535386625, 4.000548283015967, 0.1462057474086985, 0.006473247103980366, 0.21994035033937745, 0.02]"
349,9.562277324537474,17.18388540287182,8.262310398622649,1.299966925914824,0.6703330846092798,134.47548666471087,0.0,0.00030613394716507786,4.0,9.918270534835756,9.428153587505221,19.346424122340977,19.346424122340977,241.578125,,863.61328125,0.0,0.0,,,"[1.1753499949537913, 0.37235455429611786, 4.000549884769522, 0.1461982248824192, 0.005502426691994994, 0.21987315678930539, 0.02]"
350,10.426354432305173,18.69840544856779,9.05308807239317,1.3732663599120045,0.6703338093266858,139.8953723532132,1.0804757888394079e-07,0.00029027791118425747,3.92,9.747981326654553,6.6957013960927725,16.3006189186126,16.3006189186126,241.578125,,863.61328125,0.0,0.0,,,"[1.1752722142259957, 0.3726093339140999, 4.000551504272128, 0.1461903755467723, 0.006464127993028731, 0.2198090952769841, 0.02]"
351,9.54494971050547,17.153090902472506,8.243727599229173,1.3012221112762978,0.670334368024272,134.77025547746896,0.0,0.0003055910399008242,3.98,9.962086640298367,8.82034451700747,18.769709416665137,18.769709416665137,241.578125,,863.61328125,0.0,0.0,,,"[1.175215254756982, 0.3728310772666235, 4.000553103455077, 0.14618289740028698, 0.0054930237029190395, 0.21974213646758187, 0.02]"
352,10.409429188243752,18.66760399917262,9.03486059229344,1.3745685959503129,0.6703350932088951,140.21055664319013,9.453608518228407e-08,0.0002937008808061911,3.92,9.700800087302923,9.040703615173697,18.74150370247662,18.74150370247662,241.578125,,863.87890625,0.001328125,0.001328125,,,"[1.1751376978000632, 0.37308465974053473, 4.000554719833081, 0.14617509291336817, 0.006455076859577846, 0.21967833169963602, 0.02]"
353,9.52777104219301,17.122554006828793,8.22529425463744,1.3024767875555683,0.6703356525960963,135.0616994201835,6.121727831320811e-07,0.00029774899263752515,3.98,10.72795077227056,8.288116045296192,18.71407439466566,18.71407439466566,241.578125,,863.87890625,0.0,0.0,,,"[1.175080940697889, 0.37330529325257367, 4.000556316426431, 0.14616765884230884, 0.00548369152003763, 0.21961160694930001, 0.02]"
354,10.39264938208092,18.63704779925215,9.016777234771956,1.3758721473089648,0.6703363782449323,140.5255918740234,8.79748385251844e-08,0.00029357646801420674,3.92,10.411091861315072,7.384015894494951,17.66570372041315,17.66570372041315,241.578125,,863.87890625,0.0,0.0,,,"[1.1750036043895478, 0.3735576940427328, 4.000557929746777, 0.14615989867702658, 0.006446090277155359, 0.21954805582141962, 0.02]"
355,9.510701345068103,17.092263253604283,8.20697174813004,1.3037295969380613,0.6703369382939294,135.3486277689649,4.271511677700346e-08,0.00029846186418742364,3.98,10.69070384837687,8.489293484017253,18.99926956743002,18.99926956743002,241.578125,,863.87890625,0.0,0.0,,,"[1.1749470487452747, 0.3737772266835838, 4.000559523731167, 0.14615250821901155, 0.005474427529567361, 0.2194815635362924, 0.02]"
356,10.376068534748418,18.60688465311094,8.998894571216054,1.3771739635323643,0.6703376644013423,140.82096740914685,2.8833887721901874e-08,0.0002801907713786722,3.94,10.42719550896436,7.2273243218660355,17.569763702340424,17.569763702340424,241.578125,,863.87890625,0.0,0.0,,,"[1.1748699299240326, 0.3740284631003998, 4.000561134010888, 0.14614479169204342, 0.006437165163633575, 0.21941826219014332, 0.02]"
357,9.493775169821028,17.062196752814945,8.18879037771862,1.3049847921024076,0.6703382251743024,135.61685963680966,1.1434137192622984e-06,0.00029485530506941397,3.96,11.168169304728508,8.986782054416835,19.780752467922866,19.780752467922866,241.578125,,863.87890625,0.0,0.0,,,"[1.1748135654889904, 0.37424693535252035, 4.00056272563482, 0.1461374441053155, 0.005465236795301051, 0.2193519926493682, 0.02]"
358,10.359527770555674,18.576827082415782,8.981053552177226,1.3784742183784493,0.6703389517999868,141.13770065106004,1.0305288888901032e-07,0.00028406927373591433,3.92,10.42056624777615,8.871696279384196,19.24396624788642,19.24396624788642,241.578125,,863.87890625,0.0,0.0,,,"[1.1747366540589272, 0.374497049283643, 4.000564333087848, 0.14612976944105413, 0.006428299216068782, 0.2192889296435923, 0.02]"
359,9.476991111680476,17.032418839083707,8.170753323831168,1.306237787849308,0.6703395131700779,135.90136914883408,0.0,0.00028881357643385086,3.96,10.684027620591223,8.434016890823841,19.118044511415064,19.118044511415064,241.578125,,863.87890625,0.0,0.0,,,"[1.174680490373367, 0.3747144344025098, 4.000565922045306, 0.14612246465873127, 0.005456099510484297, 0.2192228902739992, 0.02]"
360,10.34313625719124,18.546999494079632,8.96335868551742,1.3797775716738199,0.6703402402075271,141.4527125226331,7.433406201684534e-08,0.0003040170092136826,3.9,10.166092729195952,7.207610490731895,17.144788457080722,17.144788457080722,241.578125,,863.87890625,0.0,0.0,,,"[1.1746037937800264, 0.37496340484535917, 4.000567526460428, 0.14611483259345637, 0.006419491689874672, 0.2191600727822965, 0.02]"
361,9.460339548619642,17.002878483295145,8.152847164933577,1.3074923836860635,0.6703408021570016,136.18365021598137,0.0,0.0002843434625458619,3.96,10.718736005946994,7.471728953532875,18.06121728848666,18.06121728848666,241.578125,,863.87890625,0.0,0.0,,,"[1.1745478290761833, 0.37517971444089204, 4.000569112751936, 0.14610757024534549, 0.005447024878547672, 0.2190942612815031, 0.02]"
362,10.326876375017031,18.517471353591123,8.94579839549672,1.3810779795203139,0.6703415295896639,141.7581997074157,6.690535858666635e-08,0.00029815573512762065,3.9,9.99593229033053,8.57188016641885,18.448128937743604,18.448128937743604,241.578125,,863.87890625,0.0,0.0,,,"[1.174471345429503, 0.3754275537395161, 4.000570714134511, 0.14609998022472886, 0.006410741737755941, 0.21903168671580753, 0.02]"
363,9.443817806225788,16.973586060306687,8.135071944198257,1.3087458620275298,0.6703420921365962,136.46485440601677,0.0,0.0002913032383113765,3.96,10.418565799482167,9.185726391151547,19.552053660154343,19.552053660154343,241.578125,,863.87890625,0.0,0.0,,,"[1.1744155744962133, 0.3756428107827497, 4.00057229786176, 0.14609275944522693, 0.005438014917332511, 0.21896609789584165, 0.02]"
364,10.310714956942691,18.488105202479073,8.928336039170599,1.382378917772089,0.6703428199396679,142.07796157215526,0.0,0.0002947845021120044,3.88,10.371089773252606,9.022690155543387,19.178818841464818,19.178818841464818,241.578125,,863.87890625,0.0,0.0,,,"[1.1743393026482065, 0.37588952892563965, 4.000573896198251, 0.14608521102190486, 0.006402052122402033, 0.21890376414075305, 0.02]"
365,9.427603572471998,16.944448803959812,8.117599465867713,1.310004106604286,0.6703433829930192,136.76038943776354,9.409394285952999e-08,0.0003028949594676552,3.92,10.226704045198858,9.121804148890078,19.2847823118791,19.2847823118791,241.578125,,863.87890625,0.0,0.0,,,"[1.1742837311775196, 0.37610371930142444, 4.000575477189002, 0.1460780319726583, 0.005429062875509644, 0.21883840221219578, 0.02]"
366,10.294713539916325,18.459039509382073,8.911035147754337,1.3836783921619888,0.6703441110496726,142.38477764777693,1.537710967447481e-07,0.00029366016018408253,3.88,10.842591663822532,6.790052643045783,17.29143144097179,17.29143144097179,241.578125,,863.87890625,0.0,0.0,,,"[1.1742076781021409, 0.376349302276478, 4.000577072157221, 0.14607052620188377, 0.006393423364782882, 0.21877631438500889, 0.02]"
367,9.411353977595665,16.915664166941866,8.100097702902941,1.311256274692725,0.6703446746455959,137.03434372516222,0.0,0.0002978232336019143,3.92,10.176166109740734,7.618950447067618,17.795116556808352,17.795116556808352,241.578125,,863.87890625,0.0,0.0,,,"[1.1741522992391877, 0.37656245469133154, 4.00057865052503, 0.14606338805550304, 0.005420180144996022, 0.21871117284429728, 0.02]"
368,10.278829785101886,18.43018638638113,8.893851295261026,1.3849784898408608,0.6703454030630123,142.69172211669724,2.406120547249202e-08,0.000288166958138166,3.88,10.017716302536428,9.513357100076973,19.5310734026134,19.5310734026134,241.578125,,863.87890625,0.0,0.0,,,"[1.1740764523262337, 0.3768069460651846, 4.000580242540449, 0.14605592269506099, 0.006384849567614608, 0.21864931936551651, 0.02]"
369,9.395230831039873,16.887119548147993,8.08272218097821,1.3125086500616627,0.6703459671751645,137.307260203209,0.0,0.0002948256987168148,3.92,9.988343114964664,7.021341398358345,17.00968451332301,17.00968451332301,241.578125,,863.87890625,0.0,0.0,,,"[1.1740212654066187, 0.37701906773971605, 4.000581818281859, 0.14604882501167443, 0.005411355343357459, 0.21858439683975783, 0.02]"
370,10.263045027859613,18.401544255702024,8.876767141220595,1.3862778866390155,0.6703466959337379,143.00925728562763,0.0,0.0002983737476113765,3.86,10.723053375259042,7.31697928160429,17.90090993978083,17.90090993978083,241.578125,,863.87890625,0.0,0.0,,,"[1.1739456233468248, 0.3772624773281452, 4.000583407344941, 0.14604139952922734, 0.00637632955754044, 0.2185227757874524, 0.02]"
371,9.379217657830138,16.85879049469871,8.065459228602405,1.3137584292277353,0.6703472604877491,137.58119546147373,2.962202376721734e-07,0.0002920833115083467,3.92,10.911162896081805,9.339766358025372,20.04374733194709,20.04374733194709,241.578125,,863.87890625,0.0,0.0,,,"[1.1738906323536873, 0.3774735600965396, 4.000584980334504, 0.14603434226318185, 0.0054025834117459835, 0.21845807478439247, 0.02]"
372,10.247368002941991,18.3731399747413,8.859793370821295,1.387574632120696,0.6703479895537515,143.31603375541889,0.0,0.00030256649037676804,3.86,10.187576645985246,10.051241856999695,20.232449886389077,20.232449886389077,241.578125,,863.87890625,0.0,0.0,,,"[1.1738151951508222, 0.3777158935059406, 4.000586566402756, 0.1460269563295205, 0.006367859539392661, 0.2183966852342694, 0.02]"
373,9.363339436029792,16.830702560139386,8.048327077867318,1.315012358162473,0.670348554578628,137.85480268021942,1.685444441790196e-07,0.0002923949439669244,3.92,10.382475606165826,7.278821165673435,17.66129677183926,17.66129677183926,241.578125,,863.87890625,0.0,0.0,,,"[1.173760394305483, 0.377925961190735, 4.000588136762156, 0.14601993876892227, 0.005393868553924637, 0.218332200482716, 0.02]"
374,10.231828111085663,18.344951166589983,8.842958536170835,1.388869574914829,0.6703492839326914,143.62078214423622,0.0,0.00029496967883715973,3.86,10.751274907961488,9.30205563083291,19.713524128310382,19.713524128310382,241.578125,,863.87890625,0.0,0.0,,,"[1.1736851608454821, 0.3781672271530332, 4.000589719826589, 0.1460125920104682, 0.006359442834311734, 0.2182710409370972, 0.02]"
375,9.347612053488593,16.80303133288433,8.031348435542625,1.3162636179459697,0.6703498494138274,138.10210471258435,0.0,0.0003006563951350935,3.9,10.60935316607356,8.851797329261899,19.420880815014243,19.420880815014243,241.578125,,863.87890625,0.0,0.0,,,"[1.1736305484449454, 0.37837629058646743, 4.000591287563181, 0.14600561368769557, 0.005385210788341815, 0.21820677016370144, 0.02]"
376,10.21638213161009,18.31695488899713,8.826218613621277,1.3901635179888117,0.6703505791404952,143.92276661297285,0.0,0.00029124435686643437,3.86,10.496004084125161,8.481434723362327,18.899295213632286,18.899295213632286,241.578125,,863.87890625,0.0,0.0,,,"[1.1735555060867835, 0.37861654278249013, 4.000592867823057, 0.14599830295936975, 0.006351066508325184, 0.21814582501640675, 0.02]"
377,9.331960936449764,16.775379846714788,8.014445070070998,1.3175158663787667,0.6703511450675672,138.3765277641843,0.0,0.0003035415817295663,3.9,10.568857337348163,9.328528163023293,19.849376841448247,19.849376841448247,241.578125,,863.87890625,0.0,0.0,,,"[1.1735010801527255, 0.37882461349762236, 4.000594432952336, 0.14599136335756982, 0.005376597318198914, 0.21808176578612543, 0.02]"
378,10.201044715679844,18.289178415173502,8.809589191055073,1.3914555246247702,0.6703518750277168,144.22525548830893,0.0,0.0002971340098256188,3.86,10.496605136431754,8.261382104828954,18.654709784314036,18.654709784314036,241.578125,,863.87890625,0.0,0.0,,,"[1.1734262406708484, 0.37906381155738317, 4.000596010161277, 0.14598409110093016, 0.006342745006535524, 0.21802104831613756, 0.02]"
379,9.316443201735504,16.747947070182597,7.99767642308879,1.318766778646715,0.6703524413738635,138.6484010727695,0.0,0.00029874440545397284,3.9,10.13798953499645,7.087564789690077,17.13175636716187,17.13175636716187,241.578125,,863.87890625,0.0,0.0,,,"[1.1733720007448254, 0.3792708961005767, 4.000597572662345, 0.14597718986798053, 0.005368041326120367, 0.21795719935889615, 0.02]"
380,10.185823256896118,18.2616235312698,8.793076754921264,1.3927465019748546,0.6703531715586589,144.52485723052496,0.0,0.0002983171656208568,3.86,10.36804719362408,7.987277191132307,18.299867743626237,18.299867743626237,241.578125,,863.87890625,0.0,0.0,,,"[1.1732973620591236, 0.3795090522204691, 4.000599146823412, 0.14596995562414958, 0.006334476314060731, 0.21789670695476207, 0.02]"
381,9.300838543355066,16.72083469972325,7.98082684892068,1.3200116944343874,0.6703537383151381,138.8987868455031,2.22838428598493e-07,0.00028784779682866564,3.94,10.508182593621314,7.674204069189727,17.981622745282948,17.981622745282948,241.578125,,863.87890625,0.0,0.0,,,"[1.1732433060876357, 0.37971516206976597, 4.000600706720126, 0.14596309235479732, 0.005359541975612652, 0.2178330659308363, 0.02]"
382,10.170710718752504,18.234251238123154,8.77667249709607,1.3940382216564342,0.6703544688270218,144.83896597164124,4.12142166172913e-07,0.0002964080207223765,3.84,10.58916277717799,7.729192702099681,18.151981560513377,18.151981560513377,241.578125,,863.87890625,0.0,0.0,,,"[1.1731688565095388, 0.3799523163417252, 4.00060227822269, 0.14595589374005521, 0.006326251512201257, 0.21777278746210668, 0.02]"
383,9.285534520191568,16.693855039363534,7.964275637493065,1.321258882698503,0.6703550359080558,139.17417528229603,0.0,0.0002797464841415638,3.94,10.661173514090478,8.72158074285835,19.08542333636433,19.08542333636433,241.578125,,863.87890625,0.0,0.0,,,"[1.1731149899524196, 0.38015743760588955, 4.000603835360913, 0.14594906848017708, 0.005351084137442524, 0.21770935842023906, 0.02]"
384,10.155701442420863,18.2071005851244,8.760373145102315,1.3953282973185481,0.6703557665794027,145.13603631940714,4.3175169261999713e-07,0.00029325423288645844,3.84,9.709323160350323,8.957820446230471,18.667143606580794,18.667143606580794,241.578125,,863.87890625,0.0,0.0,,,"[1.1730407415166377, 0.3803935582912677, 4.00060540377073, 0.14594190730925066, 0.006318076334464864, 0.21764930394225748, 0.02]"
385,9.270340541788253,16.667076037848336,7.947834736630273,1.322505805157981,0.670356334042149,139.44326711085534,1.6599398877659155e-07,0.00027630899028720197,3.94,10.175660694949329,9.450907413847744,19.606912285089493,19.606912285089493,241.578125,,863.87890625,0.0,0.0,,,"[1.1729870561239675, 0.380597722951575, 4.0006069583257515, 0.14593511917521956, 0.005342684710397078, 0.21758607930801488, 0.02]"
386,10.140806512484685,18.180166269177207,8.744189946345937,1.3966165661387502,0.6703570648836216,145.43215667547827,4.0704676695924036e-07,0.00029129258005023,3.84,9.629487739875913,8.204937428236008,17.83442516811192,17.83442516811192,241.578125,,863.87890625,0.0,0.0,,,"[1.1729130050726928, 0.3808328273517602, 4.000608523704404, 0.14592799473965073, 0.006309953531011769, 0.2175262446735756, 0.02]"
387,9.255274384174172,16.64052094735097,7.93152159536855,1.3237527888056206,0.6703576327105749,139.71346178269627,1.7584113276569724e-08,0.00028941481710308327,3.94,10.60037792660296,8.30911145079881,18.822464756667614,18.822464756667614,241.578125,,863.87890625,0.0,0.0,,,"[1.1728594997347166, 0.3810360437370878, 4.000610075671672, 0.14592124337058296, 0.005334340626416228, 0.21746322284935063, 0.02]"
388,10.126030703372265,18.153426704281273,8.728125208025352,1.3979054953469134,0.6703583636941891,145.7286670657332,4.5627159561689723e-07,0.00028514316626774763,3.84,10.163144920952618,8.507133703678846,18.611161364242435,18.611161364242435,241.578125,,863.87890625,0.0,0.0,,,"[1.1727856459201544, 0.3812701372316746, 4.000611637982523, 0.14591415551636788, 0.006301883472457406, 0.21740360731081895, 0.02]"
389,9.240312879869762,16.614179440069435,7.915313322911957,1.3249995569578035,0.670358931862595,139.98093943080076,0.0,0.00029809386000658985,3.94,9.863773207180202,7.729689329862595,17.55128377582878,17.55128377582878,241.578125,,863.87890625,0.0,0.0,,,"[1.1727323201342428, 0.38147241144582267, 4.00061318734213, 0.1459074405981488, 0.00532605169406512, 0.21734078731024736, 0.02]"
390,10.111369295007671,18.126939699692006,8.71217884455737,1.3991904504503025,0.6703596629799621,146.0110726424718,0.0,0.0002658516722293818,3.86,9.130943552590907,7.322127977386117,16.453071529977024,16.453071529977024,241.578125,,863.87890625,0.0,0.0,,,"[1.1726586616052197, 0.3817055053443725, 4.000614746604458, 0.14590038875138672, 0.006293864308733435, 0.21728138833219363, 0.02]"
391,9.225475226585885,16.588069101811865,7.899227460696193,1.3262477658896918,0.6703602315365211,140.24404603282431,0.0,0.00030161781818322403,3.94,9.46082622744143,6.740133967250586,16.151559092104435,16.151559092104435,241.578125,,863.87890625,0.0,0.0,,,"[1.1726055083151352, 0.38190686541961044, 4.000616293489979, 0.1458937094228926, 0.005317821291876995, 0.2172187634904652, 0.02]"
392,10.096822409091947,18.100634873345513,8.696345971414695,1.4004764376772527,0.6703609627904659,146.30046244110838,7.747927588397374e-08,0.0002720906158186172,3.86,8.99573989212513,7.334372666664422,16.33011255878955,16.33011255878955,241.578125,,863.87890625,0.0,0.0,,,"[1.172532042181361, 0.3821389738734635, 4.000617849752128, 0.14588669295051732, 0.006285898665062773, 0.21715957785442747, 0.02]"
393,9.210744653806499,16.562158761883413,7.883250954832352,1.3274936989741462,0.6703615316775553,140.50545294859174,0.0,0.0002983532124259122,3.94,9.659216846339405,7.90020773652941,17.537007927894592,17.537007927894592,241.578125,,863.87890625,0.0,0.0,,,"[1.1724790640795644, 0.3823394153562194, 4.00061939407628, 0.14588004925007803, 0.005309644222032338, 0.21709714972392757, 0.02]"
394,10.082376914365533,18.07452029585485,8.680615951952653,1.4017609624128797,0.6703622630563896,146.59415466376353,0.0,0.00027538895167209676,3.86,9.557698722928762,8.023009886965156,17.500264970585704,17.500264970585704,241.578125,,863.87890625,0.0,0.0,,,"[1.1724057888429487, 0.38257054773566884, 4.0006209473505505, 0.14587306775326997, 0.006277982716275544, 0.21703817541203754, 0.02]"
395,9.19610354910731,16.53646843084085,7.8673666462431235,1.3287369028641873,0.6703628322350038,140.76778882217786,0.0,0.000298329601455076,3.94,9.329187097027898,7.070002444088459,16.399189541116357,16.399189541116357,241.578125,,863.87890625,0.0,0.0,,,"[1.1723529870641014, 0.3827700710214419, 4.000622489061996, 0.14586645944277854, 0.0053015178304167245, 0.21697594430555345, 0.02]"
396,10.068034993956582,18.04860220159828,8.66499005665071,1.4030449373058704,0.6703635637122546,146.88801633893036,0.0,0.00027499361137592874,3.86,9.28208853583783,5.746924765408039,15.029013301245868,15.029013301245868,241.578125,,863.87890625,0.0,0.0,,,"[1.1722799026087252, 0.3830002319933376, 4.000624039333667, 0.14585951268254732, 0.006270115149877367, 0.2169171807003383, 0.02]"
397,9.181585691450577,16.51096460638613,7.851604495251572,1.3299811961990065,0.6703641331624113,141.02493996895848,0.0,0.0002842005748270796,3.94,9.593084091320634,6.631120783276856,16.22420487459749,16.22420487459749,241.578125,,863.87890625,0.0,0.0,,,"[1.1722272765222437, 0.3831988433070508, 4.000625578422497, 0.14585293947478775, 0.005293442169817277, 0.21685514558738575, 0.02]"
398,10.053785789161763,18.02288314651392,8.649459322187967,1.4043264669737967,0.6703648647452235,147.18103032760843,1.1788833864656567e-07,0.0002754865099847905,3.86,9.1110920580104,8.000966687686741,17.11205874569714,17.11205874569714,241.578125,,863.87890625,0.0,0.0,,,"[1.1721543796534393, 0.3834280480300087, 4.000627125742344, 0.14584602670282487, 0.006262293131741209, 0.21679658899559398, 0.02]"
399,9.167180573431205,16.485665979176385,7.83595628457,1.3312242888612058,0.6703654344517187,141.2825840400306,0.0,0.00027434520889886295,3.94,9.649122077971697,6.7830782709643245,16.337188687175512,16.337188687175512,241.578125,,863.87890625,0.0,0.0,,,"[1.1721019282250162, 0.3836257548410193, 4.00062866220967, 0.14583948821493437, 0.005285414693362863, 0.21673474832452272, 0.02]"
400,10.039637835848657,17.99734150029476,8.634027609207413,1.4056102266412436,0.6703661661170017,147.4770161418187,0.0,0.0002838538981788357,3.86,9.234878001734614,8.714190786704421,17.949068788439035,17.949068788439035,241.578125,,863.87890625,0.0,0.0,,,"[1.172029218554967, 0.3838540090484507, 4.000630206556132, 0.1458326092193125, 0.006254516765980074, 0.2166763977639485, 0.02]"
401,9.152882031764097,16.460554584764527,7.820415437911175,1.3324665938529225,0.6703667360476993,141.54232314436393,1.2039506622762985e-06,0.00027624296393224306,3.94,9.351127622649074,6.5829237177968025,15.934051340445876,15.934051340445876,241.578125,,863.87890625,0.0,0.0,,,"[1.1719769423419761, 0.3840508137461585, 4.0006317403545655, 0.14582610523913453, 0.005277434280360894, 0.21661475142989392, 0.02]"
402,10.025584625435942,17.971986959905987,8.618694737730465,1.4068898877054763,0.6703674677645193,147.76796844964437,0.0,0.0002825527713671604,3.86,9.187547452747822,6.7219779919832945,15.909525444731116,15.909525444731116,241.578125,,863.87890625,0.0,0.0,,,"[1.1719044202599476, 0.3842781205057701, 4.000633281684095, 0.1458192599065338, 0.006246785678733788, 0.21655660663789705, 0.02]"
403,9.138703297897484,16.43568889084834,7.804996630619622,1.3337066672778604,0.6703680379232076,141.8166225737626,3.8936882340578904e-07,0.0002822655187267126,3.96,9.183585424907506,6.4677677024155855,15.651353127323091,15.651353127323091,241.578125,,863.87890625,0.0,0.0,,,"[1.1718523164590604, 0.384474036240317, 4.000634812870148, 0.14581278997847458, 0.005269503065587209, 0.21649515170792302, 0.02]"
404,10.011636795619177,17.94685743101429,8.603467687035607,1.4081691085835704,0.6703687696021985,148.05958236215324,0.0,0.0002803596376140358,3.86,9.446185557171702,6.7773046577349305,16.09985889866948,16.09985889866948,241.578125,,863.87890625,0.0,0.0,,,"[1.1717799880402866, 0.3847003787542689, 4.000636351008078, 0.14580597908848936, 0.00623910745774227, 0.21643721868776647, 0.02]"
405,9.12461985802825,16.410976744257432,7.789671699856306,1.3349481581719471,0.6703693399689568,142.0749122174829,7.405633661861089e-08,0.00029727348814191716,3.96,10.046270797029138,8.707791320048273,18.75406211707741,18.75406211707741,241.578125,,863.87890625,0.0,0.0,,,"[1.1717280561835952, 0.3848954110355649, 4.000637879562375, 0.14579954289345798, 0.005261626819190143, 0.2163759542472602, 0.02]"
406,9.997774950523988,17.921866384965277,8.588330612345302,1.4094443381786848,0.6703700716692803,148.36402951228973,4.679525305029131e-07,0.000299726814064255,3.84,10.043580224737525,8.723643850535154,18.558658356778324,18.558658356778324,241.578125,,863.87890625,0.0,0.0,,,"[1.1716559133565583, 0.3851208212601707, 4.0006394146654225, 0.14579276512113684, 0.006231474531079776, 0.21631822414991353, 0.02]"
407,9.110826882972672,16.386363110253736,7.774635763039878,1.3361911199327952,0.6703706421652508,142.354345752696,6.523048989848235e-08,0.0003235152437060778,3.92,9.484353098087013,7.6996716391295195,17.184024737216532,17.184024737216532,241.578125,,863.87890625,0.0,0.0,,,"[1.1716041583003844, 0.38531495813900024, 4.000640940448815, 0.14578636285290494, 0.005253793926004915, 0.2162571536674177, 0.02]"
408,9.984020659814043,17.897111864653787,8.573300864916899,1.4107197948971453,0.6703713737399538,148.6557964237401,3.857221786418563e-07,0.0002864627223627197,3.84,9.5229969965294,8.324287300929427,17.843081378377974,17.843081378377974,241.578125,,863.87890625,0.0,0.0,,,"[1.1715322109809918, 0.38553941198949265, 4.000642472131127, 0.1457796197036593, 0.006223890694083102, 0.2161996341344825, 0.02]"
409,9.096933404046876,16.362028392113587,7.759503450680897,1.3374299533659795,0.6703719444083902,142.6058832451306,0.0,0.00032630570149579774,3.92,10.365181467495859,7.162194750271738,17.383500798605382,17.383500798605382,241.578125,,863.87890625,0.0,0.0,,,"[1.1714806265041344, 0.3857326775452928, 4.000643995282577, 0.14577325047694883, 0.005246016501525812, 0.21613875192717716, 0.02]"
410,9.970372040419816,17.872530515528748,8.558375613957736,1.4119964264620806,0.6703726759994361,148.94570314677188,3.457751431845679e-07,0.00028854412835088846,3.84,9.91076550912112,8.871320621110499,18.664893694221973,18.664893694221973,241.578125,,863.87890625,0.0,0.0,,,"[1.1714088605073047, 0.3859562215590144, 4.000645523988744, 0.14576653943765117, 0.006216348683900611, 0.21608143005987482, 0.02]"
411,9.083138102198411,16.33790256088148,7.7444723294467535,1.3386657727516595,0.6703732468308294,142.85440999667517,4.889733022928056e-07,0.00031545250460155024,3.94,10.745118679478765,8.47621921915561,19.12929237820208,19.12929237820208,241.578125,,863.87890625,0.0,0.0,,,"[1.1713574452343694, 0.38614862430361624, 4.0006470445056, 0.1457602029588655, 0.00523828364331169, 0.21602073436803343, 0.02]"
412,9.95682363896348,17.848150334212193,8.543554505246936,1.413269133716541,0.6703739784404722,149.2172918238138,0.0,0.00027965177533329145,3.86,9.748821700923145,9.25085550174117,18.999677202664316,18.999677202664316,241.578125,,863.87890625,0.0,0.0,,,"[1.171285858200365, 0.386371269282623, 4.0006485703144445, 0.14575352343820266, 0.00620884745107313, 0.21596360765933928, 0.02]"
413,9.06946299109855,16.31402061223374,7.729564090640152,1.339898900458398,0.6703745495011928,143.1130337643759,0.0,0.00029759842211234794,3.94,11.891862535849214,11.408097175881267,23.244474967941642,23.244474967941642,241.578125,,863.87890625,0.0,0.0,,,"[1.171234603868804, 0.38656283983682094, 4.000650088382862, 0.14574721891074832, 0.005230599321220696, 0.21590309104104968, 0.02]"
414,9.943362496307714,17.823936544087992,8.528821165164393,1.41454133114332,0.6703752810603079,149.50450037518632,0.0,0.0002875009770069543,3.86,10.855019334703684,8.876956002786756,19.647108875215054,19.647108875215054,241.578125,,863.87890625,0.0,0.0,,,"[1.1711631999417496, 0.38678457598054344, 4.000651611160356, 0.14574057120591147, 0.006201396554511384, 0.21584616316774896, 0.02]"
415,9.055920050484284,16.290328656934708,7.714786298508434,1.34113375197585,0.6703758522604683,143.3771056047622,9.630404029792317e-08,0.00031490017152419075,3.92,10.977298570796847,9.358403161168098,20.229695569723845,20.229695569723845,241.578125,,863.87890625,0.0,0.0,,,"[1.1711121125349693, 0.38697529872256503, 4.000653126604243, 0.14573429885769582, 0.005222962505488855, 0.21578583004813873, 0.02]"
416,9.93000125093419,17.799907943953738,8.514187945413966,1.4158133055202229,0.670376583721092,149.79219059033466,0.0,0.00028600629281272144,3.86,10.136266653425992,8.526832447387278,18.66309910081327,18.66309910081327,241.578125,,863.87890625,0.0,0.0,,,"[1.1710408937986556, 0.3871961239219421, 4.00065464622482, 0.14572768323292817, 0.00619399289023743, 0.21572910228543565, 0.02]"
417,9.042447096476275,16.26681633258382,7.700079478986842,1.3423676174894354,0.6703771550445445,143.63073456128262,1.183854689834618e-07,0.00030797216623615125,3.92,10.178961614146829,8.003492909483612,18.12877736520022,18.12877736520022,241.578125,,863.87890625,0.0,0.0,,,"[1.1709899727150395, 0.3873860044209898, 4.000656159031432, 0.14572144276751753, 0.005215374923669653, 0.21566895178394346, 0.02]"
418,9.916736992128405,17.776051261528103,8.499654100620303,1.4170828915081026,0.6703778864457592,150.07832770594314,0.0,0.00028651524508008165,3.86,10.250686812214553,8.256581453606486,18.474571024999022,18.474571024999022,241.578125,,863.87890625,0.0,0.0,,,"[1.1709189335310606, 0.38760594029192996, 4.00065767565484, 0.14571485822242125, 0.006186631832752848, 0.21561241854436747, 0.02]"
419,9.029063756655152,16.24343698614443,7.685459961521863,1.3436037951332918,0.670378457880203,143.8766967999853,8.412491592224569e-09,0.0003126288920745862,3.92,10.060537452809513,7.773526692762971,17.79555638320744,17.79555638320744,241.578125,,863.87890625,0.0,0.0,,,"[1.1708681776683343, 0.38779498591757783, 4.000659185833811, 0.14570864932718686, 0.005207832354135582, 0.21555244902338386, 0.02]"
420,9.903567591449352,17.752354900974183,8.485215940266157,1.4183516511831962,0.6703791892436384,150.35947643551904,7.299751061395909e-07,0.0002997590225678991,3.86,10.008015879429877,7.780471718870103,17.78848759829998,17.78848759829998,241.578125,,863.87890625,0.0,0.0,,,"[1.170797313955484, 0.3880140499440433, 4.000660699526503, 0.14570209511216528, 0.006179310338346849, 0.21549610575680672, 0.02]"
421,9.015761657043495,16.220217423656987,7.670923795311934,1.3448378617315617,0.6703797609263469,144.11689803168295,2.1235549318987523e-08,0.0003036030658091946,3.92,10.812629531137645,9.480709540657699,20.103040426038206,20.103040426038206,241.578125,,863.87890625,0.0,0.0,,,"[1.1707467145997725, 0.38820227317481554, 4.000662207302492, 0.14569592211162802, 0.005200333050273743, 0.2154363160361273, 0.02]"
422,9.89048616754467,17.72883515270631,8.47086732603774,1.4196188415069304,0.6703804922631865,150.63968705437006,2.3703661078400273e-07,0.00030056131808238413,3.86,11.142827197909355,7.710715369321406,18.85354256723076,18.85354256723076,241.578125,,863.87890625,0.0,0.0,,,"[1.1706760232898588, 0.38842047916746186, 4.000663718118732, 0.1456893975809748, 0.006172027677485004, 0.21538015926587803, 0.02]"
423,9.002651626373144,16.19743312093269,7.656585619431113,1.3460660069420323,0.6703810640523307,144.3909379329166,4.278203142860093e-07,0.00029250657587860245,3.96,10.759557248093188,9.680071547627449,20.245395279489458,20.245395279489458,241.578125,,863.87890625,0.0,0.0,,,"[1.1706255854904173, 0.3886078864187459, 4.000665223315768, 0.14568325544435473, 0.005192874538463553, 0.2153205464365169, 0.02]"
424,9.877498893695533,17.705486687316522,8.456614812682393,1.4208840810131393,0.6703817951804099,150.9241043511491,0.0,0.00030175046888481134,3.86,9.905471876263618,7.95560410246253,17.86107597872615,17.86107597872615,241.578125,,863.87890625,0.0,0.0,,,"[1.1705550807168184, 0.3888251905410754, 4.000666730939435, 0.14567676274887614, 0.006164796566986198, 0.21526458986627497, 0.02]"
425,8.98953121050499,16.17455537805052,7.64223475965367,1.3472964508513223,0.6703823670401114,144.63019108041212,5.928828978873923e-07,0.0002818048270618925,3.98,9.753624205477536,8.663190379738808,18.38594840373844,18.38594840373844,241.578125,,863.87890625,0.0,0.0,,,"[1.1705048056310112, 0.3890117816994718, 4.000668233505261, 0.1456706513635479, 0.005185468239695614, 0.21520515438887575, 0.02]"
426,9.8645935951684,17.682304074517987,8.442445112443334,1.4221484827250634,0.6703830981149651,151.20683911863028,4.4777193686229566e-07,0.00030231081252380895,3.86,9.639358096756041,7.50564269721508,17.14500079397112,17.14500079397112,241.578125,,863.87890625,0.0,0.0,,,"[1.170434471627102, 0.38922824014814944, 4.000669738255015, 0.14566418784586813, 0.006157602112243553, 0.215149381990786, 0.02]"
427,8.976529667396479,16.151906664504192,7.6280031632060465,1.3485265041904315,0.6703836700381354,144.87955558510507,4.6474810577734615e-07,0.00028328395742004814,4.0,10.293581690639257,8.126222649589181,18.204764807596803,18.204764807596803,241.578125,,863.87890625,0.0,0.0,,,"[1.1703843579406221, 0.3894140228476549, 4.000671238201789, 0.14565810685525513, 0.005178100984578891, 0.21509012222707463, 0.02]"
428,9.85178946748403,17.659322396421427,8.428378909720273,1.4234105577637581,0.670384400991241,151.47550296695053,2.8715145816704535e-09,0.00029821963662206893,3.88,10.451590879820287,9.637770759873092,19.786619395017624,19.786619395017624,241.578125,,863.87890625,0.0,0.0,,,"[1.170314198757076, 0.38962962613455343, 4.000672739950037, 0.1456516729296981, 0.00615044844752879, 0.2150345374065036, 0.02]"
429,8.963391658115802,16.129403462398994,7.613640212170498,1.3497514459453024,0.6703849730260172,139.28613818378807,4.0340232754232375e-07,0.00027438249827475283,4.04,10.757128079421818,9.195463275536895,19.789949152618647,19.789949152618647,241.578125,,863.87890625,0.0,0.0,,,"[1.170264240274961, 0.38981462347052365, 4.000674237418818, 0.14564562177377155, 0.005170780284654239, 0.21497544791941248, 0.02]"
430,9.836673057367605,17.63218883141388,8.412134978210723,1.4245380791568818,0.6703857316721353,151.30268421206878,5.364427169141095e-08,0.00029844060922003344,3.88,9.690855825319886,7.394155543297529,17.085011368617415,17.085011368617415,241.578125,,863.87890625,0.0,0.0,,,"[1.170191690336039, 0.39003793072250725, 4.000675801794672, 0.14563896768547285, 0.006141071596749096, 0.21491749601633822, 0.02]"
431,8.948897641691126,16.103966808390968,7.5980382850456305,1.3508593566454932,0.6703863058223846,140.22883891479592,6.376052090750761e-07,0.0002893288515469622,4.02,9.934716923162341,8.560290420427918,18.478226959705353,18.478226959705353,241.578125,,863.87890625,0.0,0.0,,,"[1.1701417107397452, 0.390222713649902, 4.000677301081432, 0.14563292869658684, 0.0051613634714748335, 0.21485841487121957, 0.02]"
432,9.822091295753683,17.606024057842248,8.396395605647651,1.4256956901060314,0.670387060697378,151.21914288454565,2.7102599720052467e-08,0.00029354230662029045,3.88,9.950657840818167,8.770946743898094,18.59736322425306,18.59736322425306,241.578125,,863.87890625,0.0,0.0,,,"[1.1700696670187891, 0.3904440667758278, 4.000678854132159, 0.14562633907519035, 0.006132170263270544, 0.21480096198768836, 0.02]"
433,8.93465047135929,16.07941214789757,7.582662261297778,1.3519882100615133,0.6703876365472513,141.01674280864117,1.0602726208119861e-07,0.00029549042166899636,4.06,10.300438334234059,8.528571147471666,18.829009481705725,18.829009481705725,241.578125,,863.87890625,0.0,0.0,,,"[1.1700197020107448, 0.39062852119436353, 4.000680354361061, 0.1456203156199131, 0.005152396935951518, 0.21474192166405665, 0.02]"
434,9.80794172118122,17.580648820549104,8.381066291595607,1.4268754295856132,0.6703883884849838,151.19996065209406,8.613148860803221e-09,0.00028776106526143025,3.88,10.303795519284904,7.732183947227895,18.0359794665128,18.0359794665128,241.578125,,863.87890625,0.0,0.0,,,"[1.1699480872359511, 0.3908481767475093, 4.000681898110356, 0.14561378156348842, 0.0061236464786068815, 0.2146848952594201, 0.02]"
435,8.920696679152861,16.05524004338483,7.567557692389549,1.3531389867633121,0.6703889657250451,141.66702803026806,0.0,0.0002940529638873521,4.06,10.278629730455577,7.629790613427758,17.788147064857185,17.788147064857185,241.578125,,863.87890625,0.0,0.0,,,"[1.16989816281514, 0.3910322207452209, 4.0006833986302475, 0.14560777614205805, 0.005143789911691279, 0.21462591941075598, 0.02]"
436,9.794122225389316,17.555888286214355,8.366053182557126,1.4280690428321916,0.6703897154362802,151.24567280605396,0.0,0.00027971563069053836,3.86,10.164548610337079,8.19901508744806,18.3036716748029,18.3036716748029,241.578125,,863.87890625,0.0,0.0,,,"[1.169826910413588, 0.39125040374819164, 4.000684934682779, 0.14560129049890258, 0.00611541951127011, 0.21456925574804864, 0.02]"
437,8.907003908569514,16.031513463767197,7.552700905016064,1.354303003553448,0.6703902937562913,142.2325788362983,2.8638141680303875e-07,0.0002919648894681601,4.12,10.817511966452003,7.673145378939807,18.40473260730505,18.40473260730505,241.578125,,863.87890625,0.0,0.0,,,"[1.1697770525084428, 0.3914339560278814, 4.0006864348444795, 0.14559530531456574, 0.005135461955220822, 0.21451036716403418, 0.02]"
438,9.78060866672408,17.53167464494034,8.351332192715414,1.429276474008665,0.67039104166655,151.32228918050419,0.0,0.0002784069304724964,3.86,9.833927038125694,11.727760531939566,21.56168757006526,21.56168757006526,241.578125,,863.87890625,0.0,0.0,,,"[1.1697061217701683, 0.3916508053457564, 4.0006879641903135, 0.14558886379769712, 0.006107432756862727, 0.21445402772484412, 0.02]"
439,8.89356599036883,16.008193326294432,7.538083689365137,1.3554823010036936,0.6703916209078816,142.72711009523948,1.6353859111362112e-07,0.0002797382440494915,4.14,10.70384404156357,7.023213990032673,17.613173136487603,17.613173136487603,241.578125,,863.87890625,0.0,0.0,,,"[1.1696563428440077, 0.39183382819666474, 4.000689463667181, 0.14558290012500177, 0.005127366111927677, 0.2143952378260067, 0.02]"
440,9.767326555913261,17.507886410783527,8.336830858863111,1.4304956970501501,0.6703923673693714,151.4389280677754,4.282297627611342e-07,0.0002743049789240246,3.86,9.689277298748493,11.445321864448488,21.1142560839653,21.1142560839653,241.578125,,863.87890625,0.0,0.0,,,"[1.169585699876583, 0.3920494597768315, 4.000690987130858, 0.14557649899257494, 0.006099645884920909, 0.2143391901644631, 0.02]"
441,8.880447074097619,15.985578171615527,7.523777257167819,1.3566698169297984,0.670392947336197,143.20736180162086,2.3316606867496148e-08,0.0002740269956978545,4.16,10.821152538992465,6.892159720882773,17.69106720108539,17.69106720108539,241.578125,,863.87890625,0.0,0.0,,,"[1.16953601570051, 0.3922319047664005, 4.000692485520958, 0.1455705581301299, 0.005119459804109198, 0.2142805129424823, 0.02]"
442,9.754295952273624,17.48454256573252,8.322571982061815,1.4317239702118116,0.6703936924032331,151.5702267952892,1.2295263163153436e-07,0.00026754163276065815,3.88,10.030899904668331,8.22135048918426,18.115325197577477,18.115325197577477,241.578125,,863.87890625,0.0,0.0,,,"[1.1694656529571972, 0.3924463486239851, 4.000694003275256, 0.14556419621018257, 0.00609203912308013, 0.21422474909227193, 0.02]"
443,8.867489584637195,15.963089578025784,7.50961844835466,1.3578711362825344,0.6703942730116564,143.62491195605867,0.0,0.0002754830796816605,4.16,11.180215803906322,7.3570364667102695,18.3570665307343,18.3570665307343,241.578125,,863.87890625,0.0,0.0,,,"[1.1694160693104108, 0.3926281995972704, 4.00069550042598, 0.14555827882641797, 0.005111730359702017, 0.214166190087614, 0.02]"
444,9.741442663410288,17.461533805019872,8.308484861815952,1.4329578015943347,0.6703950169993265,151.7368288300514,0.0,0.0002728093950087765,3.88,10.75693794991821,8.85290187317878,19.527108380571008,19.527108380571008,241.578125,,863.87890625,0.0,0.0,,,"[1.1693459568993345, 0.39284155718858055, 4.00069701317967, 0.1455519531369358, 0.006084581502647516, 0.2141106820798314, 0.02]"
445,8.85477867225287,15.94109526705253,7.495698794922067,1.3590798773308028,0.6703955980725685,144.03806312647802,0.0,0.00027579749785817503,4.18,10.530911684036255,8.302282174117863,18.701514122076333,18.701514122076333,241.578125,,863.87890625,0.0,0.0,,,"[1.169296487597531, 0.39302277284729586, 4.000698508726017, 0.14554606025135905, 0.00510414142707936, 0.21405225290336216, 0.02]"
446,9.72878149509628,17.43888564486083,8.294584976030949,1.4341965190653303,0.6703963409903653,151.9143628848383,0.0,0.00027063161526194585,3.9,10.186159629374743,11.69781522359699,21.826114212162793,21.826114212162793,241.578125,,863.87890625,0.0,0.0,,,"[1.1692266223767331, 0.3932350586760557, 4.000700016545672, 0.1455397702875738, 0.006077259398348773, 0.21399699754484625, 0.02]"
447,8.842257926828095,15.919489930169037,7.481963481541037,1.3602944452870593,0.6703969224618218,144.42421459174213,2.4918399788020906e-08,0.00027678212190203224,4.14,10.567292720079422,8.510284894146025,18.872112790122628,18.872112790122628,241.578125,,863.87890625,0.0,0.0,,,"[1.1691772716020512, 0.39341562824195814, 4.00070151037607, 0.14553390222345383, 0.005096686049737416, 0.21393870196025982, 0.02]"
448,9.716260973601115,17.416493374306928,8.280822492920944,1.43543848068017,0.6703976644298013,152.11926537606988,2.9489716713015923e-07,0.0002768553559462051,3.9,9.902002005837858,8.107066401280463,17.987183909863234,17.987183909863234,241.578125,,863.87890625,0.0,0.0,,,"[1.1691076407247676, 0.39362688850314775, 4.000703013565934, 0.14552764632105392, 0.006070057777756603, 0.21388368627017693, 0.02]"
449,8.829901473145869,15.898200347161778,7.468388513854244,1.3615129592916253,0.6703982461648317,144.78794229567941,6.304893047648363e-07,0.00028109467424714695,4.08,10.438335281796753,9.095987370237708,19.43689943291247,19.43689943291247,241.578125,,863.87890625,0.0,0.0,,,"[1.1690584186706237, 0.3938067820148218, 4.00070450540593, 0.14552180380476465, 0.005089345106698176, 0.21382553293774817, 0.02]"
450,9.703906398235949,17.394420817051994,8.267222281471918,1.4366841167640294,0.67039898727929,152.32923427541206,0.0,0.0002732432150543665,3.92,10.399017594754696,9.023314244113863,19.224376678466797,19.224376678466797,241.578125,,863.87890625,0.0,0.0,,,"[1.1689890115322854, 0.39401705528888287, 4.000706004211958, 0.14551558065525022, 0.006062959639890969, 0.2137707463874286, 0.02]"
451,8.817600321043749,15.876898697052829,7.454864808583303,1.362735512460443,0.6703995692391302,145.10422035893433,3.033526705387146e-07,0.0002957315035329961,4.04,10.959221594966948,8.25327550061047,19.085966115817428,19.085966115817428,241.578125,,863.87890625,0.0,0.0,,,"[1.1689399199272688, 0.3941962698934805, 4.0007074940110385, 0.14550976378119218, 0.005082107468670886, 0.21371273688397954, 0.02]"
452,9.691666532910482,17.372559392476848,8.253736267832206,1.4379302650782768,0.6704003097248787,152.55091569059888,1.5754825444247444e-08,0.0002808781353906915,3.94,10.005728853866458,9.418204301036894,19.390633716247976,19.390633716247976,241.578125,,863.87890625,0.0,0.0,,,"[1.1688707150958872, 0.39440562933919654, 4.000708988922305, 0.1455035711958032, 0.0060559452382530285, 0.21365815914629335, 0.02]"
453,8.805474901741535,15.855977741856561,7.441517036077188,1.3639578656643465,0.6704008918402282,145.4249476951991,2.923451254410736e-07,0.00029635086201931587,4.04,10.24653532076627,9.348176550120115,19.386687455698848,19.386687455698848,241.578125,,863.87890625,0.0,0.0,,,"[1.1688217582765759, 0.3945841542303853, 4.000710476551189, 0.14549778024619936, 0.005074951710138494, 0.2136002968726063, 0.02]"
454,9.679536172445681,17.350894550460144,8.240357854890632,1.4391783175550505,0.6704016316591569,152.78456747285261,1.8092127351820864e-08,0.0002835915066663343,3.96,10.144172757863998,8.467386197298765,18.611558955162764,18.611558955162764,241.578125,,863.87890625,0.0,0.0,,,"[1.1687527570281457, 0.39479259929651117, 4.000711967535377, 0.14549161822194415, 0.006049011976529853, 0.213545928812406, 0.02]"
455,8.793431887507563,15.835168537564124,7.428250775256931,1.3651811122506334,0.6704022138639368,145.71729617344928,6.206467126901316e-07,0.0002981943952177688,4.02,10.498254671692848,8.89777360484004,19.2782519524917,19.2782519524917,241.578125,,863.87890625,0.0,0.0,,,"[1.1687039391331433, 0.39497042397512905, 4.000713452877909, 0.1454858533913193, 0.005067875328574905, 0.21348821715574934, 0.02]"
456,9.66749786302567,17.329370492951227,8.227069686676014,1.4404281763496563,0.6704029531460334,153.03385584159346,2.859399472754376e-08,0.0002745441750577461,3.98,10.069282064214349,8.47989753820002,18.54917960241437,18.54917960241437,241.578125,,863.87890625,0.0,0.0,,,"[1.16863512838614, 0.39517800041160345, 4.000714940234933, 0.14547972041112067, 0.006042145706024675, 0.21343404603751662, 0.02]"
457,8.781466513628814,15.814490489876695,7.41506110805083,1.366405405577983,0.6704035353628275,145.99344546746798,6.541504111723384e-07,0.00030197532377622285,4.0,10.528972838073969,8.960820399224758,19.385857777670026,19.385857777670026,241.578125,,863.87890625,0.0,0.0,,,"[1.1685864547026106, 0.3953551103584109, 4.000716423142766, 0.14547398201329556, 0.005060863346087716, 0.21337648962074343, 0.02]"
458,9.655592849326712,17.308123497310934,8.2139155310231,1.441677318303614,0.6704042741747377,153.27347736691212,0.0,0.0002734761192095948,4.02,11.193179953843355,9.588724048808217,20.58995635714382,20.58995635714382,241.578125,,863.87890625,0.0,0.0,,,"[1.1685178269651464, 0.39556184560096463, 4.000717907036984, 0.14546787711658565, 0.006035336171229052, 0.21332250800833438, 0.02]"
459,8.769623477785943,15.794069412651462,7.401994621062322,1.367628856723621,0.6704048564279338,146.26769577415232,6.552704490125905e-07,0.0002981217825325061,3.98,10.870097274892032,8.328917161561549,19.143067179247737,19.143067179247737,241.578125,,864.13671875,0.0,0.0,,,"[1.1684692936038767, 0.3957382564062432, 4.000719387594907, 0.14546216469553305, 0.005053911914264707, 0.2132651029158101, 0.02]"
460,9.643717562385614,17.286896825455987,8.200793839330919,1.4429237230546965,0.6704055947652422,153.53780445540963,1.2149214967394073e-10,0.00027608249657996284,4.02,10.1712009543553,10.438137608580291,20.60933856293559,20.60933856293559,241.578125,,864.13671875,0.0,0.0,,,"[1.1684008474842984, 0.3959441582076192, 4.000720868048582, 0.1454560875865292, 0.006028584520814111, 0.2132113091992962, 0.02]"
461,8.757826664453631,15.77369063786914,7.388975764014941,1.3688509004386902,0.6704061769373904,146.52173865599906,4.0088802677473723e-07,0.0002995737969329216,3.96,10.138971069827676,7.287948038429022,17.420001467689872,17.420001467689872,241.578125,,864.13671875,0.0,0.0,,,"[1.1683524631695512, 0.3961198446033471, 4.0007223460108605, 0.14545040183011437, 0.005047013534759156, 0.21315406292809752, 0.02]"
462,9.631976362666773,17.265908355686463,8.187804295589434,1.4441720670773395,0.6704069148901048,153.79137841060123,0.0,0.00027672280884077303,4.04,10.215859455056489,9.703306760638952,19.91916621569544,19.91916621569544,241.578125,,864.13671875,0.0,0.0,,,"[1.1682841893072982, 0.39632494587568334, 4.0007238232458695, 0.14544435135785141, 0.006021877001499146, 0.21310044783149912, 0.02]"
463,8.746147188694628,15.753579322702105,7.376073803372014,1.3700733853226144,0.6704074970148108,146.78199679165263,3.6723217755607607e-07,0.000290588367825587,3.96,10.913458885625005,9.503436326049268,20.073662688955665,20.073662688955665,241.578125,,864.13671875,0.0,0.0,,,"[1.1682359494971064, 0.396499925313406, 4.000725298711907, 0.14543869169995408, 0.005040163478242497, 0.21304335609303032, 0.02]"
464,9.620386240864375,17.245282108300522,8.174968436778402,1.445417804085976,0.6704082345411684,154.0249988992863,0.0,0.0002704668466835833,4.06,11.054806248284876,9.271131763234735,20.272593912668526,20.272593912668526,241.578125,,864.13671875,0.0,0.0,,,"[1.168167849896847, 0.3967042223603974, 4.000726772672482, 0.14543266793643397, 0.006015218068021329, 0.21298992155657678, 0.02]"
465,8.734527661471622,15.733530626916952,7.363231681847535,1.371295979624087,0.6704088166863983,147.01936012993554,4.052593323145004e-07,0.0002909165037450662,3.94,11.081338911317289,8.72084696777165,19.383993055671453,19.383993055671453,241.578125,,864.13671875,0.0,0.0,,,"[1.1681197469964966, 0.3968785222000635, 4.000728245827587, 0.14542703338450952, 0.005033368242422359, 0.21293297703561842, 0.02]"
466,9.608810726234474,17.224656268114252,8.162151077053872,1.4466596491805992,0.6704095538840862,154.27931961000465,1.2455168008074224e-08,0.00027785428599672214,4.06,10.962696662172675,10.288948421366513,21.195916100405157,21.195916100405157,241.578125,,864.13671875,0.0,0.0,,,"[1.168051811639448, 0.397082050639388, 4.00072971673004, 0.14542103502598677, 0.0060086044887308915, 0.212879712773094, 0.02]"
467,8.723006484258654,15.713661605080457,7.350490218603949,1.3725162656547059,0.6704101359496824,147.2650452104557,4.08939326401736e-07,0.00028980020166607755,3.94,10.706219859421253,7.808329383842647,18.357463222928345,18.357463222928345,241.578125,,864.13671875,0.0,0.0,,,"[1.1680038528492545, 0.39725565052032996, 4.0007311873681175, 0.14541542618633738, 0.005026614586733074, 0.21282292152127746, 0.02]"
468,9.597394710260737,17.204346020807765,8.14949244389686,1.447902266363875,0.6704108727667173,154.51537961619616,5.728071084121211e-08,0.00028131417783676177,4.06,10.252406201325357,11.346560725942254,21.59896692726761,21.59896692726761,241.578125,,864.13671875,0.0,0.0,,,"[1.1679360846582498, 0.3974584036223146, 4.000732655128565, 0.14540945351618398, 0.006002033543807441, 0.21276983025099286, 0.02]"
469,8.711550905758235,15.69392523891077,7.33781491025022,1.3737359955080148,0.6704114548170372,147.49686987029335,4.1037057130210997e-07,0.00028006559727649115,3.94,10.346644981764257,8.36799830198288,18.55075072031468,18.55075072031468,241.578125,,864.13671875,0.0,0.0,,,"[1.1678882628177765, 0.39763132925978545, 4.00073412342237, 0.14540386951443507, 0.005019909404797284, 0.2127131854447224, 0.02]"
470,9.586062311687726,17.184207169538773,8.13691762763599,1.4491446840517364,0.6704121913082141,154.7541466866705,2.7136429103791215e-08,0.00028461082545393955,4.0,11.072854176163673,8.548810542561114,19.44085469469428,19.44085469469428,241.578125,,864.13671875,0.0,0.0,,,"[1.1678206555491764, 0.3978333300645574, 4.000735588179697, 0.14539792161356796, 0.0059955048010482265, 0.21266026066918595, 0.02]"
471,8.700220709555202,15.674421365978544,7.325266007455104,1.3749547021000978,0.6704127733170231,147.7448153318869,4.109194775558933e-07,0.00027805012579611605,3.96,10.259748906828463,8.669262337498367,18.85976324789226,18.85976324789226,241.578125,,864.13671875,0.0,0.0,,,"[1.1677729713605267, 0.39800558218433524, 4.000737054093503, 0.14539236221042431, 0.0050132470517633716, 0.2126037621428761, 0.02]"
472,9.574831821783526,17.164266399203562,8.124446255579736,1.4503855662037899,0.6704135093927378,154.98579562840845,0.0,0.0002809399476905272,3.98,10.102182952687144,10.112345414236188,20.214528366923332,20.214528366923332,241.578125,,864.13671875,0.0,0.0,,,"[1.167705531176003, 0.3982068135639256, 4.000738515678995, 0.14538643981633506, 0.005989022504870191, 0.21255100982068756, 0.02]"
473,8.688925941341228,15.654971615899255,7.312754278290757,1.376171663050472,0.6704140913788618,147.9697434422979,4.1140533646455424e-07,0.0002903156908061776,3.96,10.457072714343667,10.511799342930317,20.840028151869774,20.840028151869774,241.578125,,864.13671875,0.0,0.0,,,"[1.1676579816605375, 0.3983784040524538, 4.000739979273585, 0.14538090469494028, 0.005006634028352422, 0.21249465514617086, 0.02]"
474,9.563661662535228,17.14444101399967,8.112033029197432,1.451628633337794,0.6704148271368804,155.22592404227092,4.86333924243354e-08,0.00027622813669887894,3.96,11.922929263673723,9.145875670947134,20.89265299960971,20.89265299960971,241.578125,,864.13671875,0.0,0.0,,,"[1.1675906986816211, 0.39857890083758546, 4.0007414379081245, 0.14537500648913634, 0.005982580445432443, 0.2124420650860004, 0.02]"
475,8.677744285246172,15.635758952083528,7.300355085435507,1.377389199810665,0.6704154090543694,142.22445853255596,4.118912908523953e-07,0.0002774272482361878,3.98,10.393837746232748,8.383342018350959,18.73041238170117,18.73041238170117,241.578125,,864.13671875,0.0,0.0,,,"[1.1675432864053041, 0.39874982395016934, 4.000742899104095, 0.14536949572617838, 0.005000060512173731, 0.2123858561652364, 0.02]"
476,9.55049196420944,17.12100375458602,8.09773466006371,1.4527573041457316,0.6704161718485158,155.06068749590932,9.009764045941893e-09,0.0002814872891366546,3.94,10.725954188965261,7.659562490880489,18.128903061151505,18.128903061151505,241.578125,,864.13671875,0.0,0.0,,,"[1.1674737454147364, 0.3989574772534208, 4.000744417763281, 0.14536338517588482, 0.005974219696039513, 0.21233091623799866, 0.02]"
477,8.66506199162279,15.614098473400439,7.286555642027741,1.3785063495950496,0.6704167555034242,143.05856123992555,4.1256125049571324e-07,0.0002817178574300119,3.98,11.47634451277554,7.796792243607342,18.828450040891767,18.828450040891767,241.578125,,864.13671875,0.0,0.0,,,"[1.167426320036214, 0.3991282053961418, 4.0007458802840254, 0.14535788461928564, 0.004991665923040794, 0.21227471639086093, 0.02]"
478,9.537712498438983,17.098278475404896,8.083805828895528,1.4539066695434553,0.6704175148055965,154.97108007542758,6.547606901108338e-11,0.0002841921983073926,3.92,10.347007680684328,10.519192651845515,20.866200332529843,20.866200332529843,241.578125,,864.13671875,0.0,0.0,,,"[1.1673572098050526, 0.39933423960553643, 4.000747389100933, 0.1453518251829466, 0.005966223264527116, 0.2122201941444669, 0.02]"
479,8.65272120497326,15.593095091690001,7.273080978005862,1.3796402269673964,0.6704180998518172,143.7908381351658,4.14662061132276e-07,0.00027892463449275266,3.98,10.560385202988982,9.817587821744382,20.352770499885082,20.352770499885082,241.578125,,864.13671875,0.0,0.0,,,"[1.1673097995234771, 0.39950468543199735, 4.000748852233738, 0.14534633736847233, 0.004983617711525307, 0.21216402871226187, 0.02]"
480,9.525259868783536,17.076141886300626,8.070187667637756,1.455072201145781,0.6704188561941734,154.94394856331795,2.1470619060437457e-08,0.0002908113425161856,3.9,10.819145631976426,10.719420267269015,21.501910318620503,21.501910318620503,241.578125,,864.13671875,0.0,0.0,,,"[1.1672410721920643, 0.39970925891674564, 4.000750352409211, 0.1453403241320972, 0.005958530851306781, 0.21210987888692356, 0.02]"
481,8.640629797531936,15.572444170017814,7.259840227010683,1.3807895705212527,0.6704194423433977,140.48913853028068,3.187865380560595e-07,0.0002926748544740821,3.96,10.873815221711993,8.552269735373557,19.39121217932552,19.39121217932552,241.578125,,864.13671875,0.0,0.0,,,"[1.1671937002124675, 0.3998793508935198, 4.0007518155732384, 0.1453348511244045, 0.004975858902823567, 0.21205376862070355, 0.02]"
482,9.51188170008148,17.05219820462785,8.055704382593143,1.456177317488337,0.6704202165205463,154.6375747904287,1.419423174553458e-07,0.0002683392970815586,3.94,10.614403560757637,11.672164951451123,22.28656851220876,22.28656851220876,241.578125,,864.13671875,0.0,0.0,,,"[1.1671235931462385, 0.4000880657689725, 4.000753352937073, 0.14532874632303297, 0.005949726217963378, 0.21199839786641642, 0.02]"
483,8.627740853653535,15.55058401121756,7.245857801085737,1.3818830525677992,0.670420805011784,141.47136917869395,3.1905414177302305e-07,0.00029886677336361865,3.96,10.68357141688466,8.180672894231975,18.554916526190937,18.554916526190937,241.578125,,864.13671875,0.0,0.0,,,"[1.1670761546554784, 0.4002581327797682, 4.000754819021455, 0.1453232786749566, 0.004967055437301138, 0.21194224723263336, 0.02]"
484,9.49879990196905,17.028953636587932,8.04149229533503,1.4573076066340223,0.6704215747820724,154.4667616212234,2.2759547579909167e-08,0.0002708081095283827,3.92,9.920964580960572,9.118060800246894,19.039025381207466,19.039025381207466,241.578125,,864.13671875,0.0,0.0,,,"[1.1670065527900575, 0.40046499549088305, 4.00075634464231, 0.14531723216096135, 0.005941382020753337, 0.21188736353747825, 0.02]"
485,8.615231518082618,15.529365552805125,7.23222952901044,1.3830019890721772,0.6704221650139337,142.30939147692015,1.1242793140908702e-07,0.0003003868882927116,3.96,10.872755898162723,8.087638695724308,18.80239801481366,18.80239801481366,241.578125,,864.13671875,0.0,0.0,,,"[1.1669590994793169, 0.40063487578791707, 4.000757812070705, 0.14531177413622307, 0.004958679232252818, 0.21183121949006806, 0.02]"
486,9.486150783620264,17.006507936713646,8.02769156904888,1.4584592145713875,0.6704229311638503,154.35711887766772,5.157206395267622e-08,0.00026566747956073143,3.92,10.01776345539838,9.279981018044055,19.278846215456724,19.278846215456724,241.578125,,864.13671875,0.0,0.0,,,"[1.1668899336599192, 0.4008401125332647, 4.000759327676875, 0.14530577888203766, 0.005933404638495968, 0.2117767574843997, 0.02]"
487,8.603039387668291,15.508675312380575,7.218899919937063,1.3841394677312275,0.6704235228485774,143.02855212240397,1.1242885200601904e-07,0.00028492454563048045,3.96,10.084005948156118,8.985751825384796,19.069757773540914,19.069757773540914,241.578125,,864.13671875,0.0,0.0,,,"[1.1668424885735147, 0.4010097352702148, 4.000760795872198, 0.1453003327079531, 0.004950655314145929, 0.21172064117703226, 0.02]"
488,9.47382968216021,16.98465471062452,8.014202482824139,1.45962719933607,0.6704242860120779,154.307466364893,1.6279976478017488e-08,0.0002606251665995687,3.92,10.122886351309717,8.809494534507394,18.831910640001297,18.831910640001297,241.578125,,864.13671875,0.0,0.0,,,"[1.1667737029586358, 0.4012135288202916, 4.000762302863409, 0.1452943829314494, 0.005925731203773145, 0.21166654804693624, 0.02]"
489,8.59112795418678,15.48842888113442,7.205837245517611,1.3852907086691681,0.670424878868259,143.6567846492455,3.35621969771438e-07,0.0002823037743903713,3.96,10.203970302827656,9.298728867433965,19.502084809355438,19.502084809355438,241.578125,,864.13671875,0.0,0.0,,,"[1.1667262885529062, 0.4013828252488506, 4.0007637712566915, 0.14528895062910152, 0.004942921325945288, 0.21161047959457788, 0.02]"
490,9.461799388435564,16.96332980162557,8.000987352577633,1.4608120358579313,0.6704256395178848,154.31089134869106,3.864727471381002e-08,0.00025291121503858295,3.92,11.009854404255748,9.33855899143964,20.017468305304646,20.017468305304646,241.578125,,864.13671875,0.0,0.0,,,"[1.1666578410950725, 0.4015853141290752, 4.000765270670532, 0.14528304223502533, 0.0059183112236254175, 0.21155671539618623, 0.02]"
491,8.579433266497414,15.468491594284423,7.1929748145065,1.3864584519909136,0.670426233296295,144.21203462938738,3.357402333925563e-07,0.0002853256845079251,3.94,10.65144531428814,8.411082508973777,18.97875849623233,18.97875849623233,241.578125,,864.13671875,0.0,0.0,,,"[1.166610477130472, 0.40175422407617806, 4.000766738756576, 0.14527762544775844, 0.00493542859606255, 0.21150071246601052, 0.02]"
492,9.450026450785963,16.942455617595286,7.9880208538357325,1.4620055969502308,0.6704269918168348,154.35269219098424,1.838425900402285e-08,0.0002559606207671985,3.92,10.21402555052191,10.594645603559911,20.7714308751747,20.7714308751747,241.578125,,864.13671875,0.0,0.0,,,"[1.16654233373456, 0.40195552064628987, 4.0007682314165995, 0.14527175466857387, 0.005911103072481102, 0.21144724480827093, 0.02]"
493,8.56798646320986,15.449004749642702,7.180347842926463,1.3876386202833948,0.6704275863286404,144.7219334436284,3.358601898817426e-07,0.00028338161423788774,3.94,12.00104481074959,10.643030465580523,22.300481535494328,22.300481535494328,241.578125,,864.13671875,0.0,0.0,,,"[1.1664950346473244, 0.4021240013373933, 4.000769698817266, 0.14526635468955199, 0.004928139112387483, 0.2113913199195544, 0.02]"
494,9.438459517941697,16.921955679740403,7.975252127566076,1.4632073903756204,0.6704283429527894,154.4297289190198,0.0,0.00026281582846277674,3.92,10.343860113061965,7.932890774682164,18.04674983024597,18.04674983024597,241.578125,,864.13671875,0.0,0.0,,,"[1.1664271739882508, 0.40232417672446824, 4.000771185256663, 0.14526051946901397, 0.005904079291685484, 0.21133812920159867, 0.02]"
495,8.556725990836183,15.429786833983552,7.167895025195019,1.3888309656411653,0.6704289380271641,145.18301987619458,3.007017067346851e-06,0.00028328911700982223,3.94,9.416012563742697,9.123280765488744,18.47122212871909,18.47122212871909,241.578125,,864.13671875,0.0,0.0,,,"[1.1663799528651881, 0.4024921891063761, 4.00077265163346, 0.1452551374183468, 0.004921026230714904, 0.21128229401882398, 0.02]"
496,9.427078774754623,16.90180234274639,7.962662622205196,1.4644161525494284,0.6704296930033212,154.5354547893352,0.0,0.00026095979949003223,3.92,9.408445442095399,8.77069003880024,18.17913548089564,18.17913548089564,241.578125,,864.13671875,0.0,0.0,,,"[1.166312352500324, 0.40269131758579224, 4.000774132408533, 0.14524933557611433, 0.0058972127430523495, 0.21122935935717205, 0.02]"
497,8.545624742582874,15.410833382796895,7.155591456999043,1.39003328558383,0.6704302885003096,145.60137350951328,2.549426678655209e-07,0.00028028468120846334,3.94,9.932637843303382,7.231498127803206,17.16413597110659,17.16413597110659,241.578125,,864.13671875,0.0,0.0,,,"[1.1662652198336758, 0.40285883084603125, 4.0007755974857915, 0.14524397225558555, 0.004914064544965946, 0.21117362311845086, 0.02]"
498,9.415913441777457,16.88205318206246,7.950283626049707,1.465629815727751,0.6704310420404025,154.64920729083806,1.108556388906834e-07,0.00025717405455362853,3.94,9.874007161706686,7.832384933717549,17.57562765851617,17.57562765851617,241.578125,,864.13671875,0.0,0.0,,,"[1.1661978603948844, 0.40305697693653847, 4.0007770730792185, 0.14523820182824848, 0.005890480643240603, 0.21112092624348497, 0.02]"
499,8.534680417978892,15.392159701704033,7.143437313290219,1.3912431046886733,0.6704316379083131,145.98460355140477,3.0785819760126287e-07,0.00028362030753183404,3.94,9.507567752152681,7.567542004399002,17.075109756551683,17.075109756551683,241.578125,,864.13671875,0.0,0.0,,,"[1.1661508191528176, 0.40322398402095483, 4.000778536783434, 0.1452328576016894, 0.004907236082433805, 0.21106529184995954, 0.02]"
500,9.404852787694255,16.862495378862327,7.938006704266278,1.4668460834279764,0.6704323901833487,154.7968812711984,8.604624968100438e-08,0.0002579823383098188,3.94,9.665508847683668,9.024357069283724,18.66947323549539,18.66947323549539,241.578125,,864.13671875,0.0,0.0,,,"[1.166083684863808, 0.40342120071837434, 4.000780007573013, 0.14522711692308263, 0.005883868001569226, 0.211012817690629, 0.02]"
