epoch,loss,loss_std,loss_u,loss_x,theta_rel_error,grad_norm,constraint_violation_inf,solve_convergence_error,sqp_num_iter,forward_time_ms,backward_time_ms,value_grad_time_ms,total_sample_time_ms,build_rss_delta_mb,build_gpu_used_delta_mb,rss_mb,rss_delta_mb,rss_peak_delta_mb,gpu_used_mb,gpu_used_delta_mb,theta,forward_time_sec,backward_time_sec
0,42.253717355396056,81.17412609659554,38.863194446340984,3.3905229090550786,0.6703322464754675,81.90281510436208,0.009958557664773438,0.0016077494036477924,17.58,113.20344405947253,7.472143401973881,119.03970815998036,119.03970815998036,346.34375,136.0,1143.703125,0.0,0.0,3266.0,5.0,"[1.2, 0.25, 4.0, 0.15, 0.08, 0.25, 0.02]",0.11320344405947252,0.007472143401973881
1,42.16210980559789,80.90519146154222,38.75857056737165,3.403539238226253,0.6703295977012789,83.10540469004391,0.00650268393403447,0.0011902231257351595,17.08,110.57827743934467,4.334127480397001,112.07345134287607,112.07345134287607,346.34375,136.0,1143.703125,0.0,0.0,3266.0,5.0,"[1.2000271466058459, 0.2502206987765907, 4.000001819856073, 0.15000923921905482, 0.07902793944339814, 0.2499254030092294, 0.02]",0.11057827743934467,0.004334127480397001
2,42.036624642709015,80.64960526542633,38.6455787975934,3.3910458451155976,0.6703269837165129,84.46991856308603,0.006437300363039078,0.0011968288885520443,17.56,109.61176137963776,5.84262971940916,113.1063880189322,113.1063880189322,346.34375,136.0,1143.703125,0.0,0.0,3266.0,5.0,"[1.200053496511433, 0.2504407574489044, 4.000003638500585, 0.15001829959557522, 0.07805566008851103, 0.24985146167193592, 0.02]",0.10961176137963775,0.00584262971940916
3,41.87142411740535,80.39841830989033,38.51787161813121,3.3535524992741315,0.6703244052479668,86.06048928464888,0.0093824456868144,0.0015388318569471793,17.04,106.96994071942754,5.218384300242178,108.59875511960126,108.59875511960126,346.34375,136.0,1143.703125,0.0,0.0,3261.0,0.0,"[1.2000793870435198, 0.2506587015953924, 4.000005432301589, 0.1500272187729835, 0.0770828161480467, 0.2497785101305514, 0.02]",0.10696994071942754,0.005218384300242178
4,41.767705787464195,80.11997300944805,38.40659429166018,3.3611114958040234,0.6703218646736406,87.36830542102503,0.006630843115077223,0.0012759123440847268,16.84,104.84810987720266,4.004618340404704,106.50140455691144,106.50140455691144,346.34375,136.0,1143.703125,0.0,0.0,3261.0,0.0,"[1.2001048579933948, 0.25087386359160985, 4.000007201079701, 0.15003617241833114, 0.07610923789001511, 0.24970696556248284, 0.02]",0.10484810987720267,0.004004618340404704
5,41.64315690935723,79.84485680979978,38.28923963076143,3.353917278595802,0.6703193577665042,88.86855021567499,0.005707565352489508,0.0011172719161073605,15.98,101.07810560322832,3.868853219319135,102.4438581801951,102.4438581801951,346.34375,136.0,1143.703125,0.0,0.0,3266.0,5.0,"[1.200129826763834, 0.2510874468745563, 4.000008948208381, 0.15004483725534928, 0.07513524987062928, 0.24963605753783566, 0.02]",0.10107810560322833,0.003868853219319135
6,41.480345247568245,79.57060827328682,38.15561619748428,3.3247290500839672,0.6703168885023865,90.37215128554573,0.011070233763698145,0.0013992345187050035,17.1,102.98060829925817,5.4733451787615195,104.16731949720997,104.16731949720997,346.34375,136.0,1143.703125,0.0,0.0,3266.0,5.0,"[1.2001539060200692, 0.2513002149910273, 4.000010699463327, 0.1500535444900251, 0.07416098211732271, 0.2495662479393018, 0.02]",0.10298060829925816,0.00547334517876152
7,41.342104420909216,79.28563144028637,38.02952432533868,3.3125800955705333,0.6703144517663152,91.88115410931161,0.01096570220636539,0.0014033084476590615,18.0,106.75294906191994,5.139317738357931,108.491487200954,108.491487200954,346.34375,136.0,1143.703125,0.0,0.0,3266.0,5.0,"[1.2001779451148902, 0.25150984950644534, 4.000012396076699, 0.15006179210093917, 0.07318598011160773, 0.24949714165078513, 0.02]",0.10675294906191994,0.005139317738357931
8,41.199314412964824,78.99753014390349,37.90114292204587,3.298171490918963,0.670312050200024,93.51103983064573,0.010838342516775845,0.001408961694188462,19.04,108.96697373769712,4.726244962657802,111.39749058056623,111.39749058056623,346.34375,136.0,1143.703125,0.0,0.0,3266.0,5.0,"[1.2002015342889871, 0.2517173676566978, 4.000014068916209, 0.15006988424926188, 0.07221044783532546, 0.24942896346633817, 0.02]",0.10896697373769712,0.004726244962657802
9,41.05158984618064,78.70195438395878,37.7686648683801,3.282924977800533,0.670309684273906,95.19075733527272,0.010732756774160024,0.001371661001562413,18.9,103.1413539609639,7.765432120067999,110.10180972167291,110.10180972167291,346.34375,136.0,1143.703125,0.0,0.0,3266.0,5.0,"[1.2002246510976309, 0.2519228029751707, 4.000015717539045, 0.15007784301711752, 0.07123439393302886, 0.2493617722248763, 0.02]",0.1031413539609639,0.007765432120067999
10,40.90273584950651,78.40195680844134,37.6349157913246,3.2678200581819095,0.6703073541628549,96.90386950275328,0.010676761653921563,0.0013640392461052473,16.88,106.51721009868197,5.229920121491887,108.74209980014712,108.74209980014712,346.34375,136.0,1143.703125,0.0,0.0,3266.0,5.0,"[1.2002472878154715, 0.2521262139297435, 4.000017338697579, 0.15008567003809012, 0.07025783518854734, 0.2492955854383659, 0.02]",0.10651721009868197,0.005229920121491887
11,40.750251958800106,78.09550807728367,37.49785698924345,3.25239496955666,0.6703050596339132,98.68672504869411,0.010632293371988899,0.0013881472255446658,17.88,104.97248095984105,6.380143301212229,108.9247914601583,108.9247914601583,346.34375,136.0,1143.703125,0.0,0.0,3266.0,5.0,"[1.2002694538017271, 0.25232758969225405, 4.00001893278275, 0.1500933572827316, 0.06928077717746035, 0.2492303744006575, 0.02]",0.10497248095984105,0.006380143301212229
12,40.594852176425526,77.78320253191752,37.35808550014804,3.2367666762774747,0.6703028008737505,100.38664280393198,0.010586653086529452,0.0013677607990331766,16.62,98.54999930248596,6.491224837955087,103.10757817875128,103.10757817875128,346.34375,136.0,1143.703125,0.0,0.0,3266.0,5.0,"[1.2002911298098193, 0.2525268862317831, 4.000020506510491, 0.15010092608058884, 0.06830321501683587, 0.24916615992581076, 0.02]",0.09854999930248595,0.0064912248379550876
13,40.4359628981073,77.46387659463852,37.21518812371957,3.220774774387737,0.6703005682178811,102.26328687046554,0.010541264103937409,0.0013841597000774492,16.46,102.96846009907313,5.712868481641635,105.05753544159234,105.05753544159234,346.34375,136.0,1143.703125,0.0,0.0,3266.0,5.0,"[1.2003131764478343, 0.25272222979720116, 4.000022022290066, 0.1501076691673869, 0.06732486705090679, 0.24910179900647894, 0.02]",0.10296846009907312,0.005712868481641636
14,40.273623440749994,77.137826918738,37.06914687095067,3.204476569799319,0.6702983715459138,104.18624781956336,0.010497542359475587,0.0013744746355689697,17.06,105.24643258249853,6.042869398370385,109.07762213901151,109.07762213901151,346.34375,136.0,1143.703125,0.0,0.0,3265.0,4.0,"[1.2003347082918636, 0.25291561131025825, 4.000023515474458, 0.1501143075161778, 0.06634605100911335, 0.24903845211125586, 0.02]",0.10524643258249852,0.0060428693983703855
15,40.079102044673846,76.81987614142338,36.91373236719342,3.165369677480432,0.6702962107061587,106.43734364869725,0.01123676927847933,0.0017046070960126097,17.14,105.8481317613041,6.9428866187809035,110.20149911986664,110.20149911986664,346.34375,136.0,1143.703125,0.0,0.0,3266.0,5.0,"[1.2003557290549898, 0.2531070812005124, 4.000024983500875, 0.1501208278882523, 0.06536678385852947, 0.24897609358290365, 0.02]",0.1058481317613041,0.006942886618780904
16,39.90933259986221,76.47960236347943,36.76061134248283,3.14872125737939,0.6702940883949369,108.5250502659925,0.011108350020207824,0.001728732907677731,17.92,107.79603457951453,7.415515537722968,113.32492789719254,113.32492789719254,346.34375,136.0,1143.703125,0.0,0.0,3265.0,4.0,"[1.2003762452162294, 0.2532959443315699, 4.000026433800106, 0.15012745741826589, 0.06438691064859686, 0.24891516540176653, 0.02]",0.10779603457951453,0.007415515537722968
17,39.73668824403744,76.13228323403305,36.604742301178895,3.1319459428585446,0.6702920021389515,110.63344473406644,0.01097685647678115,0.001709587755281475,15.6,102.27998104353901,4.620279558585025,103.42622541938908,103.42622541938908,346.34375,136.0,1143.703125,0.0,0.0,3309.0,48.0,"[1.2003962345389598, 0.25348283359353946, 4.000027865080391, 0.1501339966446706, 0.06340658490782038, 0.24885525327741248, 0.02]",0.10227998104353901,0.004620279558585025
18,39.57311113153712,75.77688668828901,36.45194137444705,3.1211697570900605,0.6702899516743334,112.85261538618343,0.010219885975965404,0.0016661159505628584,16.3,104.35689925856423,4.986514978809282,104.95369203737937,104.95369203737937,346.34375,136.0,1143.703125,0.0,0.0,3306.0,45.0,"[1.2004156984037995, 0.2536679262650108, 4.0000292691157044, 0.15014040962226796, 0.06242584820572635, 0.24879631021604004, 0.02]",0.10435689925856423,0.004986514978809282
19,39.39171945300428,75.41244276751193,36.2882326721537,3.103486780850586,0.6702879378678777,115.15186248292417,0.010100662336702648,0.0016227642580874718,16.38,134.14745945949107,8.432928641559556,129.8925732797943,129.8925732797943,346.34375,136.0,1143.703125,0.0,0.0,3367.0,106.0,"[1.2004343617115663, 0.2538519921582562, 4.000030672288975, 0.1501468434972476, 0.06144484501209216, 0.2487383378234184, 0.02]",0.13414745945949108,0.008432928641559556
20,39.194177048166516,75.0410166263015,36.114355199591444,3.079821848575067,0.6702859600374786,117.48833663447492,0.010684739869097848,0.00171332861477222,16.2,131.0304630396422,5.854944601887837,129.93228588136844,129.93228588136844,346.34375,136.0,1143.703125,0.0,0.0,3311.0,50.0,"[1.200452501951535, 0.2540340871859886, 4.000032055914797, 0.15015317726393035, 0.06046340574864336, 0.2486813529684837, 0.02]",0.1310304630396422,0.005854944601887837
21,39.00188005700183,74.67245777262339,35.94422816978826,3.0576518872135647,0.6702840172877074,120.15831231987691,0.010232507975415361,0.0016458434504191414,15.12,127.9398586176103,11.054207340930589,131.00411427905783,131.00411427905783,346.34375,136.0,1143.703125,0.0,0.0,3351.0,90.0,"[1.2004703843708837, 0.2542134211989787, 4.000033398136757, 0.1501592802563549, 0.05948139534597939, 0.24862535250572226, 0.02]",0.12793985861761029,0.01105420734093059
22,38.811621631506135,74.27129415817477,35.7680887796803,3.0435328518258284,0.6702821136403665,122.42226580663578,0.010554642220966803,0.0017218171686651169,16.4,123.62518395879306,8.386846500216052,126.29743821802549,126.29743821802549,346.34375,136.0,1143.703125,0.0,0.0,3264.0,3.0,"[1.2004875134174504, 0.254391077052438, 4.000034736037912, 0.15016555650189084, 0.05849898933509571, 0.24857074259800582, 0.02]",0.12362518395879306,0.008386846500216052
23,38.61023880184461,73.88271200350862,35.58878628357699,3.0214525182676164,0.6702802427026114,125.196883094878,0.009875546620408682,0.0016423807363682022,16.16,135.5962199997157,7.851412161253393,134.21630470082164,134.21630470082164,346.34375,136.0,1143.703125,0.0,0.0,3264.0,3.0,"[1.2005043270912106, 0.2545666729758346, 4.000036035580496, 0.15017144175587863, 0.05751617442605818, 0.24851668798124668, 0.02]",0.1355962199997157,0.007851412161253393
24,38.40726784445229,73.47422830952381,35.40458457931157,3.0026832651407354,0.6702784103215883,127.92559722675321,0.009723102290457142,0.001632455190711184,16.32,131.68181982124224,10.468369798618369,131.01942274079192,131.01942274079192,346.34375,136.0,1143.703125,0.0,0.0,3264.0,3.0,"[1.2005203980855015, 0.2547407196219077, 4.0000373255999415, 0.1501774617486242, 0.056533001721989155, 0.24846393366741354, 0.02]",0.13168181982124225,0.01046836979861837
25,38.178710067324616,73.04952631895222,35.20300976029437,2.975700307030248,0.6702766137744778,130.75013988021885,0.010388116158852712,0.0017149302784936987,16.64,119.87227099831216,7.63629371940624,119.0660499385558,119.0660499385558,346.34375,136.0,1143.703125,0.0,0.0,3264.0,3.0,"[1.2005359442186356, 0.2549127787318026, 4.000038599064017, 0.15018338204031112, 0.05554941976552627, 0.24841212783967834, 0.02]",0.11987227099831216,0.00763629371940624
26,37.95919903395853,72.62307751449708,35.0064292939049,2.952769740053627,0.670274852990173,133.72646617526738,0.010683285647428042,0.0017949461618257318,16.74,115.95578865963034,11.248788199736737,123.01008956041187,123.01008956041187,346.34375,136.0,1143.703125,0.0,0.0,3264.0,3.0,"[1.2005511703100717, 0.25508225240326643, 4.000039832196078, 0.15018910148940648, 0.05456532787259009, 0.24836137594957045, 0.02]",0.11595578865963034,0.011248788199736737
27,37.74995811101492,72.16386180699217,34.809057519669075,2.9409005913458537,0.6702731281469337,136.6674046104597,0.009577166637688983,0.0016356352647417915,15.72,113.8960541819688,5.641606617136858,113.29401799826883,113.29401799826883,346.34375,136.0,1143.703125,0.0,0.0,3264.0,3.0,"[1.2005658532188006, 0.25524974876589024, 4.000041052246404, 0.1501947512632013, 0.053580839306708, 0.24831159406667325, 0.02]",0.1138960541819688,0.0056416066171368585
28,37.50873544843751,71.70416732190186,34.59493355980681,2.9138018886306996,0.6702714392451845,139.55226879794876,0.011241816559650897,0.0018322072459646525,16.46,116.45630613900721,7.845960479462519,117.15789001842495,117.15789001842495,346.34375,136.0,1143.703125,0.0,0.0,3264.0,3.0,"[1.2005798356427957, 0.25541606901349473, 4.000042259183449, 0.15020031622303423, 0.052596096300139054, 0.2482626977214116, 0.02]",0.1164563061390072,0.007845960479462519
29,37.28547404774693,71.27390229227666,34.394541528547904,2.8909325191990285,0.6702697840350745,142.84593677265386,0.010565093692949834,0.0017179832261870593,16.84,112.64679138024803,9.480374721460976,118.83393077936489,118.83393077936489,346.34375,136.0,1143.703125,0.0,0.0,3264.0,3.0,"[1.2005934687138304, 0.25558018204454735, 4.000043434734779, 0.15020559799820882, 0.051610942193043415, 0.24821449856580471, 0.02]",0.11264679138024804,0.009480374721460976
30,37.03918428719587,70.7764476356817,34.17013637122531,2.86904791597056,0.6702681659566279,146.0532705035738,0.011386860060691173,0.0018425349709834166,17.5,117.21288787724916,7.43839172180742,118.22823187918402,118.22823187918402,346.34375,136.0,1143.703125,0.0,0.0,3264.0,3.0,"[1.2006065283929708, 0.2557422763536789, 4.000044593464284, 0.1502109212926644, 0.05062539081440615, 0.24816744880850264, 0.02]",0.11721288787724916,0.00743839172180742
31,36.76169781829506,70.26315167802183,33.922090226595174,2.8396075916998917,0.6702665819436711,150.03361254107878,0.010644768679528016,0.001794793922766753,17.18,118.30211810069159,7.732780223013833,119.4966759235831,119.4966759235831,346.34375,136.0,1143.703125,0.0,0.0,3264.0,3.0,"[1.2006190565786183, 0.25590289751299766, 4.000045727947309, 0.15021599426156243, 0.049639558537530167, 0.24812106360036346, 0.02]",0.11830211810069159,0.007732780223013833
32,36.52230949169568,69.75677732354801,33.700907401083015,2.8214020906126676,0.6702650371856917,153.25217665076374,0.011034530187164271,0.001743443056517295,15.98,110.97380137769505,7.6395927433623,112.0109115820378,112.0109115820378,346.34375,136.0,1143.703125,0.0,0.0,3264.0,3.0,"[1.2006311655815203, 0.25606051419204545, 4.000046839407649, 0.150221082191315, 0.04865316379196952, 0.2480762457682158, 0.02]",0.11097380137769505,0.0076395927433623
33,36.29242916533512,69.30325008094539,33.49357386042897,2.7988553049061626,0.6702635256716627,156.8912784471295,0.010686200954803216,0.0017711648487937987,16.04,108.28197401890066,6.7718661815160885,110.90574716043193,110.90574716043193,346.34375,136.0,1143.703125,0.0,0.0,3264.0,3.0,"[1.2006426893088562, 0.25621699714017226, 4.000047929673261, 0.15022593382886726, 0.04766655763962054, 0.24803193026616652, 0.02]",0.10828197401890066,0.006771866181516088
34,36.022517206239364,68.74031671417363,33.24195577888232,2.780561427357041,0.6702620500853211,160.8081770357741,0.009616580332428126,0.0016867017633629292,16.46,112.2383643820649,6.502740677096881,113.44486800138839,113.44486800138839,346.34375,136.0,1143.703125,0.0,0.0,3264.0,3.0,"[1.2006535206165025, 0.2563721057247934, 4.000049011502778, 0.15023084511272733, 0.046679687225134874, 0.24798850787922874, 0.02]",0.1122383643820649,0.006502740677096881
35,35.71442715963175,68.1878573910589,32.97060325991457,2.743823899717175,0.6702606103530447,165.0478747957124,0.010784857311061213,0.0018251839429827017,16.44,112.62715176097117,7.539043139549904,114.90645734127611,114.90645734127611,346.34375,136.0,1143.703125,0.0,0.0,3264.0,3.0,"[1.2006637612170703, 0.2565254956131114, 4.0000500806879895, 0.1502356659225691, 0.04569250134481999, 0.24794600697815883, 0.02]",0.11262715176097117,0.007539043139549903
36,35.45562645175573,67.6515608384058,32.732617366542335,2.723009085213401,0.670259207438096,168.74046902365708,0.011211629716234905,0.0018783146588645912,18.34,125.09335195994936,9.385843420750462,129.41638660151511,129.41638660151511,346.34375,136.0,1143.703125,0.0,0.0,3264.0,3.0,"[1.2006735951833882, 0.2566763597308564, 4.000051120563993, 0.15024037100893645, 0.04470487195671359, 0.24790467559008503, 0.02]",0.12509335195994936,0.009385843420750462
37,35.17657003760205,67.07342398990413,32.47354059324353,2.70302944435852,0.670257837119073,173.19980502953098,0.009874803537487209,0.001697354410106924,16.72,115.74819424015004,8.869679899071343,119.86017247894779,119.86017247894779,346.34375,136.0,1143.703125,0.0,0.0,3301.0,40.0,"[1.200682810484422, 0.2568262282280741, 4.000052146646089, 0.15024486868723705, 0.0437170681009161, 0.2478637271801799, 0.02]",0.11574819424015004,0.008869679899071344
38,34.879627813899916,66.49059218296858,32.204493757545265,2.6751340563546404,0.6702565037129633,177.64337328135198,0.010135795631571909,0.0016939391138606446,16.48,115.05095767963212,7.496150099323131,115.7797056803247,115.7797056803247,346.34375,136.0,1143.703125,0.0,0.0,3264.0,3.0,"[1.200691432663211, 0.25697427639678316, 4.00005315374601, 0.1502493506666556, 0.04272893988571732, 0.24782386584927388, 0.02]",0.11505095767963212,0.007496150099323131
39,34.607882401580305,65.90649583715381,31.95059243109004,2.6572899704902677,0.6702552056821307,181.92147146018664,0.009407483057893129,0.0016109569637049461,17.16,115.5094392009778,8.44352726067882,119.62294992001262,119.62294992001262,346.34375,136.0,1143.703125,0.0,0.0,3265.0,4.0,"[1.2006994679509555, 0.2571207239245841, 4.00005414375715, 0.15025374377734554, 0.04174053409666106, 0.2477848495404139, 0.02]",0.1155094392009778,0.00844352726067882
40,34.24105173446264,65.23974529351484,31.62091653361111,2.620135200851533,0.6702539421405814,187.36527274144868,0.009558526276793544,0.001703146417666641,16.9,111.4967631798936,6.877004397683777,114.50633129570633,114.50633129570633,346.34375,136.0,1143.703125,0.0,0.0,3265.0,4.0,"[1.2007068018241627, 0.2572661702455216, 4.000055123989345, 0.15025805036232787, 0.04075194939879955, 0.24774647807128308, 0.02]",0.1114967631798936,0.006877004397683777
41,33.92063766671286,64.62365561909876,31.332063403084526,2.588574263628321,0.6702527149731482,192.27151396860862,0.010301086302714646,0.0017432854957303604,16.22,113.72341355949175,5.405597119824961,111.11654495762195,111.11654495762195,346.34375,136.0,1143.703125,0.0,0.0,3265.0,4.0,"[1.2007136505336051, 0.25740939260577433, 4.00005608504147, 0.15026226193106568, 0.03976299533821483, 0.24770917316795257, 0.02]",0.11372341355949174,0.0054055971198249606
42,33.58890878673701,63.94853528075759,31.025412643794436,2.5634961429425807,0.67025152304983,197.48663783296374,0.009726575090747203,0.001692975244393719,17.94,116.94426048081368,6.328044199035503,117.53336575988214,117.53336575988214,346.34375,136.0,1143.703125,0.0,0.0,3264.0,3.0,"[1.2007199239721826, 0.25755101344068604, 4.00005702640945, 0.1502663849313232, 0.038773775625828816, 0.24767269497722091, 0.02]",0.11694426048081369,0.006328044199035503
43,33.259521649530726,63.26233683817393,30.71945797913202,2.540063670398703,0.6702503662928535,202.69988761788127,0.008985760317427094,0.0015541973459286156,16.54,115.9175097575644,4.420377942733467,113.40623366064392,113.40623366064392,346.34375,136.0,1143.703125,0.0,0.0,3265.0,4.0,"[1.200725558449415, 0.2576912718622288, 4.000057954463665, 0.15027041753220843, 0.037784329048543924, 0.24763699938383443, 0.02]",0.1159175097575644,0.0044203779427334665
44,32.90281143613095,62.57330304907778,30.395489262874804,2.5073221732561577,0.6702492441856704,208.17814095601992,0.009466549448859385,0.001597791439133213,15.82,113.74472311814316,9.895301359938458,119.09082213765942,119.09082213765942,346.34375,136.0,1143.703125,0.0,0.0,3265.0,4.0,"[1.2007305745127914, 0.25783022793844196, 4.00005886499934, 0.1502743217647703, 0.03679466965231613, 0.24760201002355609, 0.02]",0.11374472311814315,0.009895301359938458
45,32.54063208942982,61.82927527563734,30.059362133066024,2.4812699563638017,0.6702481571052213,213.9577933443874,0.008662522534162831,0.0014964118120535954,15.38,113.21128433919512,7.655281402985565,115.20925641991198,115.20925641991198,346.34375,136.0,1143.703125,0.0,0.0,3259.0,0.0,"[1.2007349757685346, 0.257967698302808, 4.000059762616315, 0.15027816193439664, 0.035804772615135594, 0.24756779261539089, 0.02]",0.11321128433919511,0.007655281402985565
46,32.1774054227377,61.092795730144346,29.72472384969452,2.4526815730431895,0.6702471047839446,218.90670552941722,0.008463298767313387,0.0014688764475639415,15.66,114.94843239896,7.358385804109275,117.20621526183095,117.20621526183095,346.34375,136.0,1143.703125,0.0,0.0,3265.0,4.0,"[1.2007388112702713, 0.2581035786878839, 4.0000606434837795, 0.15028186720534384, 0.034814627486287636, 0.24753432727918934, 0.02]",0.11494843239896,0.007358385804109275
47,31.79290455701283,60.31662352391667,29.37012888605463,2.4227756709582007,0.6702460650219293,224.9851398105458,0.00812291657095221,0.0014065024773146071,18.02,144.43782710121013,9.76987075759098,150.2683505177265,150.2683505177265,346.34375,136.0,1143.703125,0.0,0.0,3265.0,4.0,"[1.2007439499057473, 0.2582340984738898, 4.000061422046458, 0.150283810013649, 0.033823830244031586, 0.2474989066079487, 0.02]",0.14443782710121014,0.00976987075759098
48,31.387282486454428,59.50948477542898,28.996877750962803,2.390404735491636,0.6702450602231248,231.35282034981557,0.007894364721513614,0.0013519763785925282,15.82,121.8063652823912,7.794112958363257,123.25269540131558,123.25269540131558,346.34375,136.0,1143.703125,0.0,0.0,3264.0,3.0,"[1.2007484222354519, 0.2583634169665309, 4.000062187188095, 0.15028567551179, 0.03283284613529466, 0.2474642200626466, 0.02]",0.1218063652823912,0.007794112958363257
49,30.98410600924737,58.6645408488899,28.619470128439094,2.364635880808278,0.670244090470596,237.74495403599718,0.006325553790698768,0.0012088178590086566,16.48,118.25333439919632,6.096658838796429,119.32911331765354,119.32911331765354,346.34375,136.0,1143.703125,0.0,0.0,3264.0,3.0,"[1.2007522293009303, 0.2584915699281911, 4.000062935818296, 0.1502874522367603, 0.03184168176073736, 0.24743028202983472, 0.02]",0.11825333439919632,0.0060966588387964295
50,30.551025179965606,57.79658735276369,28.219490128575902,2.3315350513896953,0.6702431548993206,244.62279935765244,0.005860595698671867,0.0011557870680157934,16.2,113.9789752807701,9.873772257124074,119.40882587980013,119.40882587980013,346.34375,136.0,1143.703125,0.0,0.0,3264.0,3.0,"[1.2007553581325965, 0.25861869358385003, 4.000063673114007, 0.1502891112122329, 0.030850361897862666, 0.24739694405986912, 0.02]",0.1139789752807701,0.009873772257124073
51,30.10466227919154,56.89430691091321,27.805642987254725,2.2990192919368164,0.6702422541812042,251.69810172332424,0.0050542846264644,0.0010569400361454611,16.5,119.1347101383144,6.647791941068135,119.37517750135157,119.37517750135157,346.34375,136.0,1143.703125,0.0,0.0,3264.0,3.0,"[1.200757800624283, 0.25874472977957125, 4.000064397506803, 0.15029068652828675, 0.029858877625292983, 0.2473643121356893, 0.02]",0.1191347101383144,0.006647791941068135
52,29.640926718917743,55.97144803657849,27.37759174763933,2.26333497127842,0.6702413881853628,258.95300567294385,0.00467601794249034,0.0009879356038989858,14.94,112.05519295821432,8.709485459839925,114.6242063207319,114.6242063207319,346.34375,136.0,1143.703125,0.0,0.0,3264.0,3.0,"[1.200759528784781, 0.2588697926064902, 4.000065111817364, 0.15029218504246608, 0.02886724663732938, 0.24733235074175225, 0.02]",0.11205519295821433,0.008709485459839926
53,29.139591469468918,55.01875056999947,26.919784134242946,2.219807335225968,0.670240556862586,266.8697434451184,0.005415437896518327,0.0010110517892879054,15.02,113.47523706324864,7.759742277557962,116.34744562208652,116.34744562208652,346.34375,136.0,1144.5859375,0.0,0.0,3264.0,3.0,"[1.2007605399263772, 0.2589939302744473, 4.000065814363351, 0.1502936031174309, 0.027875477203461382, 0.24730105054180385, 0.02]",0.11347523706324864,0.007759742277557962
54,28.611365763632406,54.037790690223964,26.43900542785605,2.1723603357763577,0.6702397609224067,275.11719325693963,0.006658555079018136,0.0011656363910366521,15.34,119.2153684439836,7.389229154214263,119.65360193804372,119.65360193804372,346.34375,136.0,1145.9375,0.02703125,0.02703125,3264.0,3.0,"[1.2007608437094197, 0.2591169528389389, 4.000066505587837, 0.15029498410211217, 0.026883544030354065, 0.24727052921297382, 0.02]",0.1192153684439836,0.007389229154214263
55,28.08101134342922,53.00493466291324,25.94974070934862,2.1312706340806007,0.6702390005747298,283.1578433616607,0.006473877613264123,0.0011412940749333641,15.42,113.85946634225547,7.4389969813637435,117.21547082241159,117.21547082241159,346.34375,136.0,1145.97265625,0.000703125,0.000703125,3259.0,0.0,"[1.2007604228397024, 0.25923889675873535, 4.0000671860179695, 0.15029634724313098, 0.025891453163616646, 0.24724081567592962, 0.02]",0.11385946634225547,0.0074389969813637435
56,27.533349018761502,51.93721377040628,25.44367859272552,2.0896704260359833,0.6702382747554324,289.3916542957952,0.006215647822240433,0.0011446604053233446,15.76,111.62533175840508,6.211755942786112,111.43020176445134,111.43020176445134,346.34375,136.0,1146.01953125,0.000703125,0.000703125,3264.0,3.0,"[1.2007592381913885, 0.2593601337825069, 4.000067856876476, 0.15029763978929997, 0.024899257954413914, 0.24721171710591783, 0.02]",0.11162533175840508,0.006211755942786112
57,26.962448227644867,50.82482514419706,24.915815941418437,2.046632286226432,0.6702375577609343,297.3820669739097,0.0059215151377751685,0.0011234553787929707,16.2,110.55152540036943,5.76277862302959,109.78209886292461,109.78209886292461,346.34375,136.0,1146.04296875,0.00046875,0.00046875,3264.0,3.0,"[1.200759714130594, 0.2594754288576484, 4.000068398821697, 0.1502967549573532, 0.02390642697320838, 0.24718021495917625, 0.02]",0.11055152540036943,0.005762778623029589
58,26.34296752687226,49.653380357180424,24.34465889613532,1.9983086307369395,0.6702368752303091,305.9657891069392,0.005884666063367461,0.0011574500192920128,14.2,97.13603151845746,7.360239122644998,100.50014210224617,100.50014210224617,346.34375,136.0,1146.05859375,0.0,0.0,3264.0,3.0,"[1.2007593490418191, 0.25959039908379355, 4.000068932125498, 0.15029580256662875, 0.02291354057573769, 0.24714927753749583, 0.02]",0.09713603151845746,0.0073602391226449985
59,25.75348314443082,48.46675382745052,23.79611908766823,1.9573640567625943,0.670236227493691,313.120678179309,0.005181191860993861,0.0010535115764778195,14.3,101.27295929938555,6.987839619396254,104.96917179902084,104.96917179902084,346.34375,136.0,1146.05859375,0.0,0.0,3264.0,3.0,"[1.2007581506743417, 0.2597049210508569, 4.000069458390584, 0.1502948014930725, 0.02192058380201777, 0.24711896500890929, 0.02]",0.10127295929938555,0.006987839619396255
60,25.06814310840356,47.21595044993246,23.167043980196343,1.901099128207219,0.6702356132684096,321.61048842471314,0.006119560960402226,0.001224683515462626,16.84,108.17215382063296,5.615335798938759,109.9359089002246,109.9359089002246,346.34375,136.0,1146.0625,7.8125e-05,7.8125e-05,3263.0,2.0,"[1.2007559804336951, 0.2598198798417404, 4.000069979391414, 0.1502937159349844, 0.020927668742571508, 0.24708899833918516, 0.02]",0.10817215382063296,0.005615335798938759
61,24.44215042924619,45.93263511469311,22.58125074198594,1.8608996872602475,0.6702350339760574,326.7155668609559,0.004591152688779188,0.0009972886485695859,14.36,101.80867499904707,7.377413720241748,105.40763235941995,105.40763235941995,346.34375,136.0,1146.06640625,7.8125e-05,7.8125e-05,3264.0,3.0,"[1.200752882308839, 0.2599347965593738, 4.000070495539522, 0.15029260860368088, 0.019934733270131788, 0.24705963501846115, 0.02]",0.10180867499904707,0.0073774137202417475
62,23.763400721843805,44.594861062744314,21.949461236817456,1.8139394850263477,0.6702344693487451,332.42277834119176,0.003721146145084231,0.0009275539720594694,12.66,99.0957056795014,7.792530980659649,103.86238939943723,103.86238939943723,346.34375,136.0,1146.06640625,0.0,0.0,3264.0,3.0,"[1.2007506096219158, 0.2600467093783393, 4.00007089516963, 0.15028964684841561, 0.018941512997951344, 0.24702841138845827, 0.02]",0.0990957056795014,0.007792530980659649
63,23.043437595764264,43.20798902396255,21.281430074624364,1.7620075211399029,0.6702339374336632,336.55565808159895,0.0033631165968057153,0.00093246927812245,12.54,93.44950235972647,9.373630019254051,100.70529887918383,100.70529887918383,346.34375,136.0,1146.0703125,7.8125e-05,7.8125e-05,3264.0,3.0,"[1.2007471901119375, 0.2601600215584151, 4.000071293530626, 0.1502865668740543, 0.017948450941575916, 0.24699731855896637, 0.02]",0.09344950235972646,0.00937363001925405
64,22.325367650881244,41.77355335958373,20.611334675969037,1.7140329749122107,0.6702334378563147,338.03950381883516,0.0021411454628366133,0.0008247681693320926,14.0,101.38433846179396,5.289792498224415,101.76376046030782,101.76376046030782,346.34375,136.0,1146.0859375,0.0003125,0.0003125,3264.0,3.0,"[1.2007424938824947, 0.260275403770746, 4.000071693358661, 0.15028336815779936, 0.016955632532274174, 0.2469662363292501, 0.02]",0.10138433846179395,0.005289792498224415
65,21.577066511944384,40.284765677562774,19.913131820229967,1.663934691714416,0.6702329692214573,337.1760600419775,0.0009966326094608124,0.0006778530279555497,10.26,89.46319936134387,5.054635258857161,89.81865618086886,89.81865618086886,346.34375,136.0,1148.39453125,0.046171875,0.046171875,3264.0,3.0,"[1.2007363578421457, 0.26039389743307234, 4.000072096242771, 0.1502799943387667, 0.015963198481263013, 0.24693485623341666, 0.02]",0.08946319936134386,0.0050546352588571606
66,20.80578845204059,38.743887640186045,19.192949733245836,1.6128387187947573,0.6702325307246886,331.9109765306296,0.001133603964034613,0.0006450629689034662,9.84,86.2778600025922,4.570022459374741,86.99789334146772,86.99789334146772,346.34375,136.0,1155.34375,0.138984375,0.138984375,3264.0,3.0,"[1.20072852510856, 0.2605168965287479, 4.000072505121003, 0.15027640451136745, 0.014971343307364408, 0.2469029167482917, 0.02]",0.0862778600025922,0.0045700224593747405
67,20.00861881799211,37.15466432206207,18.448826226552352,1.5597925914397572,0.6702321117847749,321.2588126107225,0.0009920326259311718,0.0006395561971037038,8.68,83.24490544153377,4.381020998116583,83.73341337777674,83.73341337777674,346.34375,136.0,1159.44140625,0.081953125,0.081953125,3266.0,5.0,"[1.200719847581797, 0.2606436130773207, 4.0000728420601455, 0.150271413056375, 0.01398003151091631, 0.2468691009100948, 0.02]",0.08324490544153378,0.004381020998116583
68,19.1879068781921,35.52244475098007,17.683009941191877,1.5048969370002183,0.6702317185981007,303.09891582460745,0.0009988500501629805,0.0006500572037665134,8.74,88.10165508359205,5.243947618291713,88.04188769834582,88.04188769834582,346.34375,136.0,1159.44140625,0.0,0.0,3269.0,8.0,"[1.2007086663140316, 0.26077967135672386, 4.0000731884143335, 0.15026593838020924, 0.012990044719549523, 0.2468336159170734, 0.02]",0.08810165508359205,0.0052439476182917135
69,18.346984306391413,33.86058211945779,16.89929519772562,1.4476891086657901,0.6702313474843301,273.7054058525109,0.000998191821610428,0.0006469549037238731,7.88,79.23736010212451,6.172115357476287,81.983164800331,81.983164800331,346.34375,136.0,1159.48828125,0.0009375,0.0009375,3268.0,7.0,"[1.2006941275487648, 0.26092988460342426, 4.000073554522884, 0.15025978255659575, 0.012002254996828419, 0.24679543162317688, 0.02]",0.07923736010212451,0.006172115357476287
70,17.49662121465665,32.18806548887203,16.10804430738581,1.3885769072708378,0.6702309915029312,229.46975825218541,0.0009996474069242645,0.0006462514085364556,10.32,89.89308891934343,4.543770379386842,90.16902983828913,90.16902983828913,346.34375,136.0,1159.48828125,0.0,0.0,3264.0,3.0,"[1.200674537723157, 0.26110369772903563, 4.000073961846763, 0.15025260292081583, 0.011018630988297622, 0.2467525675024034, 0.02]",0.08989308891934343,0.004543770379386842
71,16.650418843409476,30.540970944288368,15.322767524184167,1.3276513192253137,0.6702306356783596,164.53704366909665,0.000999281362393356,0.0006434619357599357,9.34,88.75372297887225,8.05707206018269,92.11902773997281,92.11902773997281,346.34375,136.0,1159.4921875,0.0,0.0,3264.0,3.0,"[1.2006463727449517, 0.261320933325279, 4.000074451129169, 0.1502436005414547, 0.010044334466590189, 0.24670079458210598, 0.02]",0.08875372297887224,0.00805707206018269
72,15.842796167281037,28.988972286044284,14.576120027377142,1.2666761399039004,0.6702302382360561,80.87281862326677,0.0009998661621288818,0.0006619612725006995,9.38,107.53825702005997,3.099689881200902,104.97362726018764,104.97362726018764,346.34375,136.0,1161.46875,0.03953125,0.03953125,3259.0,0.0,"[1.2005992508509558, 0.26163958667659126, 4.000075134203102, 0.1502304652094452, 0.009100534696604106, 0.24662793472053082, 0.02]",0.10753825702005998,0.0030996898812009023
73,15.24829323855045,27.865037211298727,14.028060131928996,1.220233106621456,0.6702296227372411,74.26379715612867,0.0009938695823490384,0.0006800604147277568,11.56,101.62843087688088,6.148026960436255,102.83191387890838,102.83191387890838,346.34375,136.0,1161.46875,0.0,0.0,3264.0,3.0,"[1.2004850745261073, 0.2623231795784904, 4.000076519556823, 0.1502026382879961, 0.008395757851565122, 0.2464790124145214, 0.02]",0.10162843087688088,0.006148026960436255
74,15.69370566377236,28.701062016423325,14.433423131187771,1.2602825325845861,0.6702291084559012,75.57118542251187,0.0009966447177589544,0.0006560381506641711,11.26,95.9585932828486,4.338863280136138,96.12940341932699,96.12940341932699,346.34375,136.0,1161.46875,0.0,0.0,3264.0,3.0,"[1.2003435959021078, 0.2630987397170383, 4.000078025761247, 0.15017156210809313, 0.008988435939201695, 0.24631697859938945, 0.02]",0.0959585932828486,0.004338863280136138
75,15.140628083813146,27.655825845766778,13.92333837308651,1.2172897107266352,0.6702284980966005,75.1811582042785,0.0009867170059310038,0.0006728878453219869,10.38,97.19400604022667,5.384763100882992,96.94558198098093,96.94558198098093,346.34375,136.0,1161.46875,0.0,0.0,3264.0,3.0,"[1.2002196048170668, 0.26382965786378715, 4.00007953803043, 0.1501418883156816, 0.008337162954073236, 0.24615777573671152, 0.02]",0.09719400604022667,0.005384763100882992
76,15.603808577323022,28.525850697314382,14.34497950780952,1.258829069513507,0.6702280295132452,75.95364760023783,0.0009993475119711714,0.0006150819083155388,10.22,91.73845420125872,8.532661801436916,95.35728938120883,95.35728938120883,346.34375,136.0,1163.4453125,0.03953125,0.03953125,3264.0,3.0,"[1.2000795650434553, 0.2645905682565857, 4.000081054929759, 0.15011143257223003, 0.00894954479912891, 0.24599820487952026, 0.02]",0.09173845420125872,0.008532661801436916
77,15.040028712643556,27.45931795912225,13.825143955350734,1.2148847572928236,0.6702274574385445,75.72921621244112,0.0009987326899771887,0.0006371169929295394,10.24,94.41580377868377,7.123081283061765,97.33995438320562,97.33995438320562,346.34375,136.0,1163.4453125,0.0,0.0,3264.0,3.0,"[1.1999567233812007, 0.26531016854659734, 4.000082586838415, 0.15008221677863753, 0.008285181631028666, 0.2458405628161745, 0.02]",0.09441580377868376,0.007123081283061765
78,15.516159144011139,28.353864077813125,14.258712133592384,1.2574470104187565,0.6702270304113264,76.85596725757128,0.0009985054298151663,0.0006311127168712377,10.46,97.20272517937701,3.2919998170109466,91.81906227720901,91.81906227720901,346.34375,136.0,1163.4453125,0.0,0.0,3264.0,3.0,"[1.1998174557410934, 0.2660604893569035, 4.000084123732537, 0.15005226566839236, 0.008911138261200071, 0.24568275891219882, 0.02]",0.09720272517937702,0.0032919998170109466
79,14.939110503853447,27.26544673273639,13.726538968246668,1.2125715356067783,0.670226498129485,76.61711167305637,0.0009897631418509523,0.0006453891935078475,9.4,89.0686919586733,5.487884600297548,90.92653995903675,90.92653995903675,346.34375,136.0,1163.4453125,0.0,0.0,3264.0,3.0,"[1.1996959032417263, 0.26676781610645683, 4.000085671386504, 0.1500236273332257, 0.008232969314199944, 0.2455272655390645, 0.02]",0.0890686919586733,0.005487884600297548
80,15.430896248830281,28.185466378001475,14.174663505620531,1.256232743209751,0.6702261127413096,77.60424720528529,0.0009874322279721515,0.0006434614129088335,9.42,91.59253486141097,5.647699459223077,92.41654106008355,92.41654106008355,346.34375,136.0,1163.4453125,0.0,0.0,3264.0,3.0,"[1.1995576399820944, 0.26750631631270994, 4.000087225514047, 0.14999422392637068, 0.008873594948146905, 0.24537159750169993, 0.02]",0.09159253486141097,0.005647699459223077
81,14.842083823606005,27.076142767519293,13.631625353198036,1.2104584704079695,0.6702256172329127,77.49246595579287,0.000999436341733606,0.0006430629519162381,8.48,84.26694234076422,3.1646497192559764,81.69439674005844,81.69439674005844,346.34375,136.0,1163.4453125,0.0,0.0,3264.0,3.0,"[1.199437499059546, 0.26820124763227166, 4.00008878557005, 0.14996611428672268, 0.008182023723141725, 0.2452180615940932, 0.02]",0.08426694234076422,0.0031646497192559762
82,15.349564504421139,28.02770310077276,14.094096265404666,1.2554682390164735,0.6702252719319334,78.64861524622701,0.0009988670676406297,0.000693368724465094,10.52,90.01318081922363,5.353776959818788,91.8833488994278,91.8833488994278,346.34375,136.0,1163.4453125,0.0,0.0,3264.0,3.0,"[1.1993009319664452, 0.2689245791075041, 4.000090350750322, 0.14993736713179567, 0.008840717240057201, 0.24506497662402082, 0.02]",0.09001318081922363,0.005353776959818788
83,14.748114922783737,26.8939633494342,13.539602503483803,1.2085124192999324,0.670224812441748,78.18517906915643,0.0009948330539941708,0.0006625523529307247,9.1,81.83734154037666,6.098508239956573,85.31236034119502,85.31236034119502,346.34375,136.0,1164.2421875,0.0,0.0,3264.0,3.0,"[1.1991827004531548, 0.2696047557743754, 4.00009191825046, 0.14990986286429367, 0.008133750722243203, 0.24491391235959706, 0.02]",0.08183734154037665,0.006098508239956573
84,15.266064697720978,27.86563615196955,14.011768309755574,1.254296387965404,0.6702245038074508,79.20158552375725,0.000999372913695007,0.0006891968278032504,10.38,96.05803820071742,4.389973300276324,94.67643432144541,94.67643432144541,346.34375,136.0,1164.2421875,0.0,0.0,3264.0,3.0,"[1.1990468022308514, 0.27031883499659476, 4.000093500719326, 0.14988156751401363, 0.0088029990099148, 0.24476249856915083, 0.02]",0.09605803820071741,0.004389973300276324
85,14.656860512556127,26.716986939146448,13.450035455460327,1.2068250570957983,0.6702240767461941,78.57514908888396,0.0009880484088167218,0.0006933842086428105,8.2,86.75899940251838,6.052184320869856,89.03318300377578,89.03318300377578,346.34375,136.0,1164.2421875,0.0,0.0,3264.0,3.0,"[1.1989292464458647, 0.27099074222809905, 4.000095092704305, 0.14985444873117224, 0.008087792047291206, 0.24461262413017287, 0.02]",0.08675899940251838,0.006052184320869855
86,15.183166428212964,27.703312100328784,13.930032268919298,1.253134159293664,0.670223801365654,79.68631293351712,0.000994271717067674,0.0006630015505137156,9.34,81.06890778173693,7.329899676260538,86.34154029830825,86.34154029830825,346.34375,136.0,1164.2421875,0.0,0.0,3264.0,3.0,"[1.1987936190620756, 0.27169814589762187, 4.000096697811441, 0.14982649048921978, 0.00876437688521185, 0.24446217819795596, 0.02]",0.08106890778173692,0.007329899676260538
87,14.56470125611236,26.54032721215576,13.359653373775204,1.2050478823371522,0.6702234059379297,79.196017848998,0.00098415217872172,0.0006893868348388256,8.48,79.57524879893754,5.759079320123419,83.35635083902162,83.35635083902162,346.34375,136.0,1164.26171875,0.0,0.0,3263.0,2.0,"[1.1986769564872233, 0.27236096433194557, 4.000098303414871, 0.14979976243262375, 0.00804029500853969, 0.24431368565394265, 0.02]",0.07957524879893754,0.005759079320123419
88,15.104421558970417,27.550155244855745,13.852041017918596,1.2523805410518194,0.6702231641438294,80.57387437598074,0.00099478760617,0.0006363545036258395,8.44,82.87550890236162,6.386785698705353,83.38417963997927,83.38417963997927,346.34375,136.0,1164.27734375,0.0,0.0,3264.0,3.0,"[1.1985426325249398, 0.27305635466396, 4.000099918178007, 0.14977229018866667, 0.008729918422163791, 0.24416518792666886, 0.02]",0.08287550890236162,0.006386785698705353
89,14.47598917353531,26.367396505321054,13.272726002573597,1.2032631709617128,0.6702228003532082,80.26854139481895,0.0009930089320133728,0.0006319713688606876,8.16,79.56297909840941,4.57027058233507,80.0333510589553,80.0333510589553,346.34375,136.0,1164.27734375,0.0,0.0,3264.0,3.0,"[1.1984275178283794, 0.27370679946619875, 4.000101531833033, 0.1497460881665448, 0.007994019139071456, 0.2440187868981549, 0.02]",0.07956297909840941,0.0045702705823350695
90,15.027703904908815,27.40021161396767,13.776066793745848,1.2516371111629712,0.6702225926042319,81.54219253509744,0.0009912764867505697,0.0006228691582379943,7.86,76.850648681866,5.9107922605471686,80.23571845900733,80.23571845900733,346.34375,136.0,1164.27734375,0.0,0.0,3264.0,3.0,"[1.1982944994771931, 0.2743901038583938, 4.000103151931306, 0.14971916386796758, 0.00869636703274761, 0.2438725640562112, 0.02]",0.076850648681866,0.005910792260547169
91,14.390422017250376,26.202190087295307,13.188492177244775,1.201929840005601,0.6702222593104624,80.8889981616814,0.000996180173424177,0.000666467217188631,7.58,77.9124536603922,4.500485079479404,79.08954160055146,79.08954160055146,346.34375,136.0,1164.27734375,0.0,0.0,3264.0,3.0,"[1.1981806705073748, 0.27502970504425595, 4.000104770659502, 0.1496934199885396, 0.007950436472338172, 0.24372808042361696, 0.02]",0.0779124536603922,0.004500485079479404
92,14.951543519068293,27.2531526423921,13.700495242946488,1.2510482761218047,0.6702220824889489,82.11200760128135,0.000992583215146725,0.0006259239132420225,8.92,84.15286937786732,5.908349841483869,86.30074489919934,86.30074489919934,346.34375,136.0,1164.27734375,0.0,0.0,3264.0,3.0,"[1.198048561754604, 0.27570341720107694, 4.000106402997714, 0.14966694915013323, 0.008662516488496063, 0.24358351940555606, 0.02]",0.08415286937786731,0.005908349841483869
93,14.306831886891382,26.04078839569831,13.106219882951164,1.2006120039402186,0.6702217776684184,81.29384093327774,0.000991779918849911,0.0006728526164227066,7.24,76.17420488444623,6.2573466572212055,78.60295053862501,78.60295053862501,346.34375,136.0,1164.3203125,0.0,0.0,3264.0,3.0,"[1.1979357251897775, 0.2763337967862212, 4.0001080357344945, 0.14964163229356425, 0.007908324029906552, 0.24344055222541336, 0.02]",0.07617420488444622,0.006257346657221206
94,14.877030620678314,27.106426835607166,13.626616569910155,1.2504140507681571,0.6702216299430916,82.7654796997715,0.0009948166782256518,0.0006574588748819841,6.66,80.69837671821006,6.230963621637784,82.4106753594242,82.4106753594242,346.34375,136.0,1164.421875,0.0,0.0,3264.0,3.0,"[1.1978042424630702, 0.27699965714261826, 4.000109684249143, 0.14961553684046075, 0.008628137801492911, 0.24329728072687593, 0.02]",0.08069837671821006,0.006230963621637784
95,14.22307653573881,25.88074813624753,13.023702273282577,1.1993742624562367,0.6702213522384068,82.35039158773282,0.000983565537517661,0.0006530556700053231,7.88,76.33514214074239,3.3062922582030296,75.12011661892757,75.12011661892757,346.34375,136.0,1165.2265625,0.01609375,0.01609375,3264.0,3.0,"[1.197692501130104, 0.2776205690261753, 4.000111325839388, 0.14959062605881948, 0.007865673936103046, 0.24315583137390934, 0.02]",0.07633514214074238,0.0033062922582030294
96,14.803506754714665,26.965658874210348,13.553542489604245,1.2499642651104181,0.6702212345141928,83.47733267164043,0.0009982585887537976,0.0006312668751648656,7.64,83.10663367738016,5.148986303247511,84.23519476025831,84.23519476025831,346.34375,136.0,1165.48046875,0.0,0.0,3264.0,3.0,"[1.1975622062926032, 0.2782755892537628, 4.000112979122023, 0.1495650281706521, 0.008596004183978866, 0.2430146524074761, 0.02]",0.08310663367738017,0.005148986303247512
97,14.14353781170143,25.728273832754432,12.945145931658834,1.1983918800426,0.6702209841803831,82.78480726418428,0.0009281067977378044,0.0006431939342839844,8.66,77.26079993939493,5.960587779991329,79.81692589994054,79.81692589994054,346.34375,136.0,1165.48046875,0.0,0.0,3301.0,40.0,"[1.1974512396285706, 0.27888852291114274, 4.000114633047602, 0.14954052459231137, 0.007826718854797032, 0.2428746679348209, 0.02]",0.07726079993939493,0.005960587779991328
98,14.732360016757811,26.82734544599617,13.482768268431476,1.249591748326338,0.6702208937761437,84.30111239009307,0.0009937350734292583,0.000654131311404729,7.48,82.31738353788387,7.183479244122282,85.93452110304497,85.93452110304497,346.34375,136.0,1165.48046875,0.0,0.0,3264.0,3.0,"[1.1973215965019404, 0.2795357640380745, 4.0001163045853785, 0.14951532488655708, 0.008564336342133678, 0.24273483157878983, 0.02]",0.08231738353788387,0.007183479244122282
99,14.064182729669758,25.57591169029347,12.866849268811,1.1973334608587576,0.6702206685878598,83.39267595722643,0.0009644186523916076,0.0006694561274933491,8.28,81.84293333848473,7.557702898047864,85.72734745743219,85.72734745743219,346.34375,136.0,1165.48046875,0.0,0.0,3264.0,3.0,"[1.1972120153150096, 0.28013809172544313, 4.000117962693048, 0.14949124937256314, 0.007786187170545647, 0.24259664761612404, 0.02]",0.08184293333848473,0.007557702898047865
100,14.660925919874547,26.689559911964302,13.411688027944273,1.2492378919302713,0.6702206039353991,84.84805146376068,0.0009575418637506328,0.0006342087610666788,7.94,81.78236103849486,6.1995008803205565,83.1546743994113,83.1546743994113,346.34375,136.0,1165.48046875,0.0,0.0,3264.0,3.0,"[1.1970833210767724, 0.2807764138737967, 4.000119642068169, 0.14946642920059672, 0.008531995432681756, 0.24245832262621228, 0.02]",0.08178236103849486,0.006199500880320556
101,13.986729818700764,25.426630689444398,12.79036089973876,1.1963689189620048,0.670220402929504,83.90231702905835,0.0009231415214416838,0.0006101395596457499,9.12,86.24416039965581,7.415770182851702,89.84048712125514,89.84048712125514,346.34375,136.0,1167.36328125,0.03765625,0.03765625,3264.0,3.0,"[1.1969746273995716, 0.2813706314037835, 4.000121313844174, 0.14944273427804544, 0.007747269835255307, 0.242321455157019, 0.02]",0.08624416039965581,0.007415770182851702
102,14.589996414620039,26.552262421202386,13.341263181029074,1.2487332335909656,0.6702203634620867,85.61554598054812,0.000901128315281996,0.0006055080631668371,8.18,88.08707830146886,6.237904898589477,89.90656767855398,89.90656767855398,346.34375,136.0,1171.55078125,0.08375,0.08375,3259.0,0.0,"[1.196846375715995, 0.2820027288187446, 4.000123005450414, 0.14941821437171895, 0.00849864073475878, 0.24218418881854945, 0.02]",0.08808707830146886,0.006237904898589477
103,13.910211775612199,25.278538092070306,12.714786380283732,1.1954253953284697,0.6702201864472578,84.95675389534915,0.0008760737995963108,0.0006341712764970378,7.68,83.20122371893376,5.191982779069804,84.19393181975465,84.19393181975465,346.34375,136.0,1171.55078125,0.0,0.0,3263.0,2.0,"[1.1967385445865557, 0.28258908454274617, 4.000124684681375, 0.14939487454801062, 0.007707655376797785, 0.24204871185100496, 0.02]",0.08320122371893376,0.005191982779069804
104,14.522366805539574,26.421319693621566,13.273993538599038,1.248373266940533,0.6702201731703387,85.94529158235557,0.0009107614661936214,0.0005972118222536558,8.06,83.2286451983964,7.034689199645072,86.60817427851725,86.60817427851725,346.34375,136.0,1173.52734375,0.03953125,0.03953125,3263.0,2.0,"[1.1966114438080346, 0.2832110947339805, 4.000126380050427, 0.1493708465033976, 0.008467977171525752, 0.24191351103246478, 0.02]",0.0832286451983964,0.007034689199645072
105,13.837025602615627,25.138196153241815,12.642223727310336,1.1948018753052922,0.670220018245963,85.02435296358549,0.0008488394950654232,0.0006292752935985333,7.94,80.88660475856159,5.5417804821627215,82.44286502129398,82.44286502129398,346.34375,136.0,1173.52734375,0.0,0.0,3263.0,2.0,"[1.196504232933405, 0.2837910575265951, 4.000128070748788, 0.14934778408237265, 0.007672040090139012, 0.2417789806780104, 0.02]",0.08088660475856159,0.005541780482162722
106,14.455136310455318,26.292027255252485,13.206773664754124,1.248362645701197,0.6702200264199737,86.72772486196827,0.0009800161038067134,0.0006879994234192047,7.84,84.74230638123117,7.243499897886068,89.86108554003295,89.86108554003295,346.34375,136.0,1173.52734375,0.0,0.0,3263.0,2.0,"[1.196377677489963, 0.2844069012904715, 4.000129779103972, 0.1493239909911544, 0.008437595385377944, 0.24164453277556966, 0.02]",0.08474230638123117,0.007243499897886068
107,13.763176887548568,24.996913609165414,12.569284647887361,1.1938922396612082,0.6702198932373,86.11768596422789,0.0009020516088755759,0.0005989974304881779,8.56,79.53232903790195,5.304617820074782,81.59626209991984,81.59626209991984,346.34375,136.0,1173.52734375,0.0,0.0,3263.0,2.0,"[1.1962716753143574, 0.28497758675867957, 4.000131474058856, 0.14930132924058415, 0.0076345383074149595, 0.2415116247741457, 0.02]",0.07953232903790194,0.005304617820074782
108,14.390113495461032,26.16642585617862,13.142001179550707,1.248112315910322,0.670219925351387,87.40274075548517,0.0008959072986591821,0.000600876816943706,7.88,77.99050231929868,4.446887500816956,77.36927417921834,77.36927417921834,346.34375,136.0,1174.05078125,0.01046875,0.01046875,3263.0,2.0,"[1.1961462990160374, 0.2855835982989772, 4.00013318242424, 0.1492780128027876, 0.008408454785800509, 0.24137919552313997, 0.02]",0.07799050231929869,0.0044468875008169565
109,13.692999262306476,24.863036298154483,12.499565675762003,1.1934335865444696,0.6702198135902943,86.77580257702931,0.0007241404364231041,0.0005724597498364571,8.08,78.52611356123816,6.64660993788857,82.24194095935673,82.24194095935673,346.34375,136.0,1174.05078125,0.0,0.0,3263.0,2.0,"[1.196041028807431, 0.28614746988029366, 4.000134883213723, 0.14925565209061714, 0.007600297167720663, 0.2412474936129539, 0.02]",0.07852611356123816,0.00664660993788857
110,14.326337786722114,26.043142742829144,13.07825877142692,1.2480790152951937,0.6702198679624042,87.98739928002146,0.0008870164800669489,0.0005779377199291401,8.12,83.4034623822663,8.3704261778621,88.1479030981427,88.1479030981427,346.34375,136.0,1174.05078125,0.0,0.0,3263.0,2.0,"[1.1959162992535068, 0.2867466309109078, 4.000136600885993, 0.14923266896060192, 0.008379860628203773, 0.24111635157482533, 0.02]",0.0834034623822663,0.0083704261778621
111,13.624286019004755,24.72984691791565,12.43125389496615,1.1930321240386088,0.670219776261051,86.98764606550918,0.0007432024327107545,0.000606599665722561,7.26,74.32473415974528,6.607928497251123,78.38643347960897,78.38643347960897,346.34375,136.0,1174.14453125,0.001875,0.001875,3263.0,2.0,"[1.1958119581165143, 0.2873028588343775, 4.000138307430416, 0.14921065864173652, 0.0075660838639808395, 0.24098595435153686, 0.02]",0.07432473415974528,0.006607928497251123
112,14.262646434374226,25.919536876862956,13.014610925118994,1.24803550925523,0.6702198510082327,88.57114589859594,0.0008724841625393776,0.0005562153133486171,7.56,82.63343645841815,3.711405662470497,83.05620213970542,83.05620213970542,346.34375,136.0,1174.14453125,0.0,0.0,3263.0,2.0,"[1.1956876271201493, 0.28789675627866745, 4.000140037384716, 0.14918792378254422, 0.008349864338795629, 0.24085558591317668, 0.02]",0.08263343645841814,0.0037114056624704974
113,13.553815650669117,24.597255330560877,12.361287355567965,1.1925282951011495,0.6702197782453194,87.71022511139314,0.0008549609612389375,0.0006325339043882914,8.44,83.06440485990606,5.700881278607994,84.78418125654571,84.78418125654571,346.34375,136.0,1174.14453125,0.0,0.0,3263.0,2.0,"[1.1955842051405898, 0.2884455961800712, 4.000141748564995, 0.14916620963489796, 0.007530772417878818, 0.24072638587644524, 0.02]",0.08306440485990606,0.005700881278607994
114,14.200273031369681,25.798885181934455,12.952118868004472,1.2481541633652078,0.6702198726787539,89.22362891548869,0.0006859008198683014,0.0005596825326571425,7.98,86.11796335957479,7.443392602726817,89.6663373807678,89.6663373807678,346.34375,136.0,1174.14453125,0.0,0.0,3263.0,2.0,"[1.19546093038403, 0.28903095032633647, 4.000143483010453, 0.1491438474830787, 0.008321387361392693, 0.24059758838120598, 0.02]",0.08611796335957479,0.007443392602726817
115,13.487633590282536,24.469250562553505,12.295345335646646,1.192288254635892,0.6702198197801357,87.96060202112643,0.0006395544671682352,0.0006139299943661468,9.26,86.9010790385073,8.152554801781662,90.37751215975732,90.37751215975732,346.34375,136.0,1174.14453125,0.0,0.0,3263.0,2.0,"[1.1953581340607609, 0.2895736490090492, 4.000145203060813, 0.14912244257493767, 0.007497948209824481, 0.24046953413223057, 0.02]",0.0869010790385073,0.008152554801781661
116,14.137697492595782,25.677877935140035,12.889594074519698,1.2481034180760857,0.6702199343960775,89.97547694532331,0.0006218625166487524,0.0005474488470513932,7.56,90.20688462071121,4.484383936505765,87.61353587731719,87.61353587731719,346.34375,136.0,1174.14453125,0.0,0.0,3264.0,3.0,"[1.1952349679369612, 0.2901552602002299, 4.000146951724029, 0.1491002748880645, 0.008291436107720577, 0.24034131159151767, 0.02]",0.0902068846207112,0.004484383936505765
117,13.419373225572118,24.340275499909772,12.227614953560368,1.1917582720117508,0.6702199002308443,89.11032639483099,0.0006031655865055274,0.0006057837411227928,8.66,87.42209140036721,6.083365380181931,90.3777094813995,90.3777094813995,346.34375,136.0,1174.14453125,0.0,0.0,3264.0,3.0,"[1.1951329851204922, 0.2906910892153442, 4.0001486767883, 0.1490791835401832, 0.007463208083172234, 0.24021451533670277, 0.02]",0.0874220914003672,0.006083365380181931
118,14.078752715615506,25.56456705078949,12.830353291357492,1.2483994242580136,0.6702200334219331,90.62087810545874,0.0005494985415055442,0.0005634165182964735,7.52,87.03559435904026,5.589373982511461,89.02254458109383,89.02254458109383,346.34375,136.0,1174.14453125,0.0,0.0,3264.0,3.0,"[1.1950113815566894, 0.29126173834578123, 4.000150419308295, 0.14905750387816497, 0.008265212048359035, 0.24008846479571647, 0.02]",0.08703559435904026,0.005589373982511461
119,13.355432069194453,24.21798733566179,12.163863912823054,1.1915681563714013,0.6702200165012877,89.40018241628236,0.0004347167981679778,0.0005926045404462288,8.46,79.42850933992304,8.251735682133585,83.64051882294007,83.64051882294007,346.34375,136.0,1174.14453125,0.0,0.0,3263.0,2.0,"[1.194910354498221, 0.29179018308641946, 4.000152149063904, 0.14903674511818457, 0.0074319311679596715, 0.23996297078901724, 0.02]",0.07942850933992304,0.008251735682133585
120,14.019535913982475,25.450405864285454,12.770897349519192,1.2486385644632843,0.6702201673581591,91.07776743291548,0.0005089230330874717,0.000550773415762722,7.74,81.27786113938782,6.162730241776444,83.90951524139382,83.90951524139382,346.34375,136.0,1174.14453125,0.0,0.0,3264.0,3.0,"[1.1947892295139622, 0.2923556119814127, 4.000153900307024, 0.1490152867742657, 0.008237827876940797, 0.2398377275458865, 0.02]",0.08127786113938783,0.006162730241776444
121,13.29170097982458,24.096651230964763,12.10034913287487,1.1913518469497049,0.6702201667922224,89.9023988383547,0.00030555155923939203,0.0005812312645756028,8.4,82.13450681825634,4.836890222504735,83.19208024418913,83.19208024418913,346.34375,136.0,1174.14453125,0.0,0.0,3261.0,0.0,"[1.19468894991614, 0.29287790788517976, 4.000155634351586, 0.14899476853855942, 0.007400439761480596, 0.23971319590201343, 0.02]",0.08213450681825635,0.004836890222504735
122,13.960524975511275,25.33722702361304,12.711701013616535,1.2488239618947397,0.6702203359441914,91.76783066442988,0.0004300663345897515,0.0005653528558842446,7.68,79.30953848001081,6.615937742171809,83.13887978089042,83.13887978089042,346.34375,136.0,1174.14453125,0.0,0.0,3261.0,0.0,"[1.1945682733945209, 0.29343812967420896, 4.000157394563491, 0.14897358081907497, 0.008210190436619936, 0.23958893589029193, 0.02]",0.07930953848001082,0.006615937742171809
123,13.228590013571866,23.976341789034464,12.037293692313419,1.191296321258448,0.6702203525547209,90.54546568206058,0.0005538150705002298,0.0006089837513650342,8.76,76.8999374989653,6.3455677818274125,80.10041876230389,80.10041876230389,346.34375,136.0,1174.14453125,0.0,0.0,3260.0,0.0,"[1.1944686749415783, 0.2939544533142015, 4.000159132819953, 0.1489533375335704, 0.007368853857602829, 0.23946552602197207, 0.02]",0.0768999374989653,0.006345567781827413
124,13.902145157220763,25.225685238054204,12.653222415575804,1.2489227416449622,0.670220539555922,92.09016902016396,0.00028206484588300107,0.0005512261373397491,8.08,83.93431633943692,5.634081178577617,85.43085859913845,85.43085859913845,346.34375,136.0,1174.14453125,0.0,0.0,3260.0,0.0,"[1.1943485737106667, 0.2945088765544585, 4.000160900137398, 0.14893244858407517, 0.008182854004403094, 0.23934242096780467, 0.02]",0.08393431633943692,0.005634081178577617
125,13.166877653303912,23.85907104718185,11.975666391256317,1.1912112620475959,0.6702205721344304,90.99281117562381,0.0004919600343897823,0.00056263043677749,8.54,77.01717196090613,6.928230740013532,80.78053264005575,80.78053264005575,346.34375,136.0,1174.14453125,0.0,0.0,3260.0,0.0,"[1.1942495197603236, 0.29502005117134733, 4.0001626470379925, 0.14891244315535143, 0.007338189479858144, 0.23921983467948738, 0.02]",0.07701717196090613,0.006928230740013533
126,13.845228731976016,25.116968637318728,12.596096337983042,1.249132393992973,0.6702207750159866,92.91051372613856,0.00042215688622060377,0.0005587256032023675,8.6,81.27777620044071,4.994036058778875,83.56224211805966,83.56224211805966,346.34375,136.0,1174.14453125,0.0,0.0,3258.0,0.0,"[1.1941301156433235, 0.295568426519374, 4.000164418119419, 0.14889180478630595, 0.00815653918037035, 0.23909776165559016, 0.02]",0.08127777620044072,0.0049940360587788744
127,13.105587303796478,23.7416578414377,11.914458780044976,1.1911285237514975,0.6702208216551414,91.58786153995925,0.0004249517146879267,0.000576006301339742,7.14,75.90118160354905,4.039301577722654,75.70489045931026,75.70489045931026,346.34375,136.0,1174.14453125,0.0,0.0,3255.0,0.0,"[1.1940322375959183, 0.29607168609810014, 4.000166160655028, 0.14887210522707378, 0.007306793924019698, 0.23897655285029826, 0.02]",0.07590118160354904,0.004039301577722654
128,13.788992983433406,25.00867785226448,12.53957865911036,1.24941432432305,0.6702210399834748,93.26259650670444,0.00039492661148554653,0.0005888501463776054,9.04,81.97121221979614,6.130160840111785,84.78329492092598,84.78329492092598,346.34375,136.0,1174.14453125,0.0,0.0,3255.0,0.0,"[1.1939136637471652, 0.2966133830871833, 4.000167932827867, 0.14885175817219298, 0.008129886776885246, 0.2388556991093092, 0.02]",0.08197121221979614,0.006130160840111785
129,13.0464511872713,23.629160584257743,11.855486049296857,1.1909651379744393,0.6702211027336326,92.43774570803076,0.00021415953298542512,0.0005902478919909454,7.06,73.05105280072894,5.4317234380869195,74.75551559764426,74.75551559764426,346.34375,136.0,1174.14453125,0.0,0.0,3256.0,0.0,"[1.193816041661279, 0.29711291413894986, 4.000169685430912, 0.1488322542184371, 0.00727782062237841, 0.23873512361776478, 0.02]",0.07305105280072893,0.0054317234380869195
130,13.735283915469443,24.905594286839435,12.485366547489573,1.249917367979871,0.6702213365597396,94.20695280883652,0.00046069574831664184,0.0005541692799513154,7.46,72.63536288228352,8.09555621817708,79.42601395887323,79.42601395887323,346.34375,136.0,1174.14453125,0.0,0.0,3256.0,0.0,"[1.1936982917918117, 0.2976479445357184, 4.000171458700295, 0.148812228616739, 0.008105585760525726, 0.23861563240631894, 0.02]",0.07263536288228352,0.00809555621817708
131,12.9881353483823,23.518541516402763,11.797067232392394,1.1910681159899068,0.6702214141689555,93.13457952528873,0.0004128822406190835,0.0006017954064126061,7.52,76.8396375834709,4.400056676240638,76.46730143984314,76.46730143984314,346.34375,136.0,1174.14453125,0.0,0.0,3255.0,0.0,"[1.1936016111377108, 0.29814050141679105, 4.0001732121710765, 0.14879306712786677, 0.007249153450983855, 0.238496493697804, 0.02]",0.0768396375834709,0.0044000566762406376
132,13.682066658249628,24.802997144356173,12.431725248912144,1.2503414093374876,0.670221663021432,94.7275285874744,0.00043485542105914377,0.0005231935349520437,7.56,80.76566936331801,5.978754538809881,82.34448464005254,82.34448464005254,346.34375,136.0,1174.14453125,0.0,0.0,3256.0,0.0,"[1.1934845254733149, 0.29866976889985225, 4.000174987894714, 0.148773316101701, 0.008080876332586018, 0.23837812701948674, 0.02]",0.08076566936331801,0.005978754538809881
133,12.93108834009216,23.409533815369365,11.739938017779519,1.1911503223126387,0.6702217537439001,93.34490711272176,0.00036261357058919863,0.0005567482002869366,7.4,72.04849918256514,5.051240638131276,73.46058331953827,73.46058331953827,346.34375,136.0,1174.14453125,0.0,0.0,3256.0,0.0,"[1.1933886192918706, 0.29915655546764475, 4.00017674077753, 0.14875437025346602, 0.007220929048897625, 0.23825993440859294, 0.02]",0.07204849918256513,0.0050512406381312755
134,13.628807619645148,24.700422877101037,12.377774190699762,1.2510334289453822,0.6702220170510647,95.17208794968998,0.00016020798567839556,0.000540693944653783,7.18,78.51300678099506,5.542779219686054,80.49852628086228,80.49852628086228,346.34375,136.0,1174.14453125,0.0,0.0,3253.0,0.0,"[1.1932719556519231, 0.2996813676470639, 4.000178523875145, 0.14873482417574269, 0.008055635194851503, 0.2381422815601724, 0.02]",0.07851300678099506,0.0055427792196860535
135,12.874735699850692,23.30121317257684,11.683414741471573,1.1913209583791207,0.6702221210804605,93.77052583982741,0.00029853439684801586,0.0005877683946089354,7.92,74.21045644034166,8.099307521479204,78.96692724199966,78.96692724199966,346.34375,136.0,1174.14453125,0.0,0.0,3253.0,0.0,"[1.1931767051820716, 0.3001628390475112, 4.000180282035438, 0.14871611991100078, 0.007192500383337994, 0.2380249870802095, 0.02]",0.07421045644034166,0.008099307521479204
136,13.575786493876912,24.599724557216003,12.32450766309873,1.2512788307781832,0.670222397810106,95.81063570716113,0.00017099659200203732,0.0005506492768723386,7.06,73.00879313843325,5.033246760140173,75.4670699784765,75.4670699784765,346.34375,136.0,1174.14453125,0.0,0.0,3253.0,0.0,"[1.1930606820815572, 0.30068225948026583, 4.000182068592509, 0.14869680626745768, 0.008030797747677561, 0.23790827215189725, 0.02]",0.07300879313843325,0.005033246760140173
137,12.81846425120301,23.1953352820322,11.626912225393465,1.191552025809545,0.6702225157771037,94.3162992299398,0.00027118472158593754,0.0005667940377164823,7.38,74.17606862203684,4.255446596071124,74.42252117849421,74.42252117849421,346.34375,136.0,1174.14453125,0.0,0.0,3253.0,0.0,"[1.1929660166405702, 0.301158673956466, 4.000183831112528, 0.14867836272150417, 0.007164655915782733, 0.23779198476089325, 0.02]",0.07417606862203684,0.004255446596071124
138,13.524061756727608,24.49999334091123,12.272321628200348,1.2517401285272618,0.6702228066738926,96.37525705488508,0.00015862879949746223,0.0005550251771262711,6.88,79.68924618093297,3.483864598092623,76.7960267997114,76.7960267997114,346.34375,136.0,1174.14453125,0.0,0.0,3253.0,0.0,"[1.1928504666309832, 0.3016734261924258, 4.000185623117956, 0.1486592746224607, 0.008006023366844056, 0.23767617640055766, 0.02]",0.07968924618093297,0.003483864598092623
139,12.76355078346707,23.090954815874905,11.571746331618758,1.1918044518483086,0.6702229379371231,94.99471141229441,0.00020359728594976367,0.0006018127960957,7.94,75.51640128251165,6.9105166423833,79.05031614238396,79.05031614238396,346.34375,136.0,1174.14453125,0.0,0.0,3253.0,0.0,"[1.1927562783096057, 0.3021454845600434, 4.000187388935657, 0.14864101894647608, 0.007137339706766761, 0.2375606698269159, 0.02]",0.07551640128251165,0.0069105166423832996
140,13.473124017263947,24.40277298388332,12.220760885659564,1.252363131604379,0.6702232422154603,96.84809464597996,0.00015116283245419915,0.0005699398731320469,6.78,72.4294919782551,4.087641880032606,74.64543677691836,74.64543677691836,346.34375,136.0,1174.14453125,0.0,0.0,3253.0,0.0,"[1.1926413431469889, 0.3026549637684954, 4.000189183614033, 0.14862219609226637, 0.00798214420911306, 0.2374459149724099, 0.02]",0.0724294919782551,0.004087641880032606
141,12.709509082690055,22.988702621717344,11.51730832781813,1.1922007548719196,0.6702233855240083,95.46746645742739,0.00015718505533723892,0.0005577130076717071,6.82,75.58247279725038,3.618927061324939,73.58903063926846,73.58903063926846,346.34375,136.0,1174.14453125,0.0,0.0,3253.0,0.0,"[1.192547849535923, 0.3031217139970594, 4.000190952321426, 0.14860418457430774, 0.007110391129231617, 0.23733136282962403, 0.02]",0.07558247279725037,0.003618927061324939
142,13.423043896454814,24.306865030250666,12.170120763841298,1.2529231326135195,0.6702237020314258,97.14808858711994,0.000143679610890457,0.0005632472406024654,6.6,68.0080322001595,5.617122380645014,70.68720452080015,70.68720452080015,346.34375,136.0,1174.14453125,0.0,0.0,3253.0,0.0,"[1.1924335822200136, 0.30362586812298276, 4.000192747847377, 0.1485855883689523, 0.007958610270544302, 0.2372175786332167, 0.02]",0.06800803220015951,0.005617122380645014
143,12.656293356552817,22.888652543034787,11.463864782788512,1.1924285737643063,0.6702238568805404,95.81523432520264,0.00012502444266804247,0.0005888626097638463,7.26,70.9015103202546,3.5285815608222038,70.9976896410808,70.9976896410808,346.34375,136.0,1174.14453125,0.0,0.0,3253.0,0.0,"[1.1923406017830058, 0.30408832414529363, 4.000194520796167, 0.14856774733240077, 0.007084431475806223, 0.23710365297921704, 0.02]",0.0709015103202546,0.0035285815608222036
144,13.374187046098273,24.212902467758052,12.12080697423238,1.253380071865894,0.6702241853772422,98.06541616898157,0.00014541075459240105,0.0005608370823108608,5.94,71.21624194085598,8.949772256892174,78.11394137796015,78.11394137796015,346.34375,136.0,1174.14453125,0.0,0.0,3253.0,0.0,"[1.1922269011239564, 0.3045876765626615, 4.000196320181123, 0.1485493673035442, 0.007935679681815168, 0.23699071604150707, 0.02]",0.07121624194085598,0.008949772256892174
145,12.60454242570733,22.788666857332558,11.411591511203548,1.1929509145037824,0.6702243518591684,96.35185147936933,0.00010245907168271451,0.0005599935057264427,6.56,65.03909561957698,5.578345317044295,69.06484051782172,69.06484051782172,346.34375,136.0,1174.14453125,0.0,0.0,3253.0,0.0,"[1.1921347981530144, 0.305043995186032, 4.000198089886664, 0.14853181521747577, 0.007058018137109106, 0.23687806897297148, 0.02]",0.06503909561957698,0.0055783453170442955
146,13.324786397073337,24.118774780713085,12.070856640384605,1.2539297566887315,0.6702246929029952,98.57980192127769,8.50479118377212e-05,0.0005757564676693526,6.14,75.37484072265215,5.997544096317142,77.2601431782823,77.2601431782823,346.34375,136.0,1174.14453125,0.0,0.0,3253.0,0.0,"[1.1920215646008174, 0.3055389525303015, 4.000199893792014, 0.1485136572930546, 0.007912009349320652, 0.2367659911644568, 0.02]",0.07537484072265216,0.005997544096317142
147,12.552160591877,22.690492396081464,11.35908139673322,1.1930791951437782,0.6702248712697213,96.76272432007215,3.642554801386311e-05,0.000590733859598663,6.58,70.06081857951358,5.2993682998931035,71.8569352402119,71.8569352402119,346.34375,136.0,1174.14453125,0.0,0.0,3253.0,0.0,"[1.1919299043520861, 0.3059912862289002, 4.0002016662203195, 0.1484962834654375, 0.0070321460026772096, 0.23665406206306014, 0.02]",0.07006081857951357,0.005299368299893104
148,13.275377055093061,24.02600704619314,12.020995646995923,1.2543814080971387,0.6702252245799205,98.76801577650778,8.529752364849763e-05,0.0005296040243429474,7.2,75.54773021838628,4.910616162233055,77.0596289797686,77.0596289797686,346.34375,136.0,1174.14453125,0.0,0.0,3253.0,0.0,"[1.191817006986461, 0.30648261680000133, 4.000203474417048, 0.1484782988689672, 0.007888363344251345, 0.2365426457113974, 0.02]",0.07554773021838627,0.004910616162233055
149,12.500175715353754,22.594040156538224,11.306618777066278,1.193556938287472,0.6702254138608478,97.71884810107215,0.00015525735089427783,0.0006115772644370815,7.92,72.56511478160974,4.150453360052779,73.27970741898753,73.27970741898753,346.34375,136.0,1174.14453125,0.0,0.0,3253.0,0.0,"[1.191725751059084, 0.3069312998735199, 4.000205251593309, 0.148461067521416, 0.0070065210371812675, 0.23643124587744951, 0.02]",0.07256511478160974,0.004150453360052779
150,13.229845949123398,23.937661742042202,11.974629837378934,1.2552161117444682,0.6702257760421161,99.3741857315134,0.00010569034985419279,0.0005587893765244818,6.98,79.73039025848266,5.00860649975948,78.90872638090514,78.90872638090514,346.34375,136.0,1174.14453125,0.0,0.0,3253.0,0.0,"[1.1916140283267873, 0.3074152143887554, 4.000207053811774, 0.14844340146786097, 0.007867303620741915, 0.23632132418072355, 0.02]",0.07973039025848266,0.00500860649975948
151,12.451167108232555,22.50104599981731,11.2572987300738,1.193868378158758,0.6702259750182865,97.67211922010856,1.0493541483080904e-05,0.0005987464048037453,6.82,71.5546323225135,4.751914634252898,73.81407789653167,73.81407789653167,346.34375,136.0,1174.14453125,0.0,0.0,3253.0,0.0,"[1.1915235467232035, 0.3078585725387924, 4.000208829757838, 0.14842639123302662, 0.006982568672626345, 0.2362108787204368, 0.02]",0.0715546323225135,0.004751914634252899
152,13.18263648308174,23.84831540847222,11.92670935528221,1.2559271277995294,0.670226348750026,100.10365717344794,5.8622613235304044e-05,0.0005627994839518951,7.16,76.15093906235415,4.696185360662639,77.8236021619523,77.8236021619523,346.34375,136.0,1174.14453125,0.0,0.0,3253.0,0.0,"[1.1914120108195516, 0.3083397470913311, 4.000210638047207, 0.14840882327961363, 0.007844953021907826, 0.23610127888748958, 0.02]",0.07615093906235415,0.004696185360662639
153,12.401286881966714,22.407334825415507,11.20703994611289,1.194246935853826,0.670226557899443,98.9497119994312,4.5249206295228106e-05,0.0006475842586275616,8.7,75.52866255515255,5.999425582122058,79.39546465873718,79.39546465873718,346.34375,136.0,1174.14453125,0.0,0.0,3253.0,0.0,"[1.1913222150470772, 0.30877816048934587, 4.000212412528236, 0.1483920325126813, 0.006957562471601958, 0.2359918104251012, 0.02]",0.07552866255515255,0.005999425582122058
154,13.137967379327083,23.76314599373425,11.881249142301437,1.2567182370256489,0.6702269400673959,100.7153183346908,2.6610672432703097e-05,0.0005061755302797583,6.2,68.11717308068182,11.04641038342379,76.98017228336539,76.98017228336539,346.34375,136.0,1174.14453125,0.0,0.0,3253.0,0.0,"[1.1912118978413075, 0.30925179236577643, 4.000214210640421, 0.14837481579827166, 0.00782448518973547, 0.2358838830789775, 0.02]",0.06811717308068183,0.01104641038342379
155,12.353574848696098,22.318210666671124,11.158652223200955,1.1949226254951446,0.6702271597629497,98.82539972702678,1.0046531871754638e-05,0.0005981836240378787,8.2,70.3585313988151,4.855177001445554,72.06087732105516,72.06087732105516,346.34375,136.0,1174.14453125,0.0,0.0,3253.0,0.0,"[1.191122618824983, 0.3096860045578095, 4.000215987251007, 0.14835823577650772, 0.006934872572496096, 0.23577525358346288, 0.02]",0.07035853139881511,0.004855177001445554
156,13.091248145697959,23.6759437858389,11.833703165070638,1.2575449806273216,0.6702275550704637,101.15950435845538,3.063853684937001e-05,0.0005710675563933428,7.6,75.57769643841311,4.590198118821718,77.16875511803664,77.16875511803664,346.34375,136.0,1174.14453125,0.0,0.0,3253.0,0.0,"[1.191012055707331, 0.31015877153077703, 4.000217801218801, 0.14834110410787882, 0.007802244420505961, 0.2356673810707607, 0.02]",0.07557769643841311,0.004590198118821717
157,12.30562515951284,22.22644916738665,11.110266747446895,1.1953584120659482,0.6702277839933345,99.89522169373328,6.048003592362683e-05,0.0006519282724938922,9.14,75.35479474172462,4.95398678118363,75.16619696165435,75.16619696165435,346.34375,136.0,1174.14453125,0.0,0.0,3253.0,0.0,"[1.1909233876510954, 0.31058853618719817, 4.0002195788341215, 0.14832471058317112, 0.006910314807742732, 0.23555953871274518, 0.02]",0.07535479474172462,0.0049539867811836304
158,13.047614301516978,23.59297919761933,11.789280825162159,1.258333476354819,0.6702281855066923,101.77108918035233,2.392643402249206e-05,0.0006239875065701839,7.32,74.94009524059948,6.410996961640194,79.75507952214684,79.75507952214684,346.34375,136.0,1174.14453125,0.0,0.0,3253.0,0.0,"[1.1908141410240953, 0.31105367430377157, 4.000221379907057, 0.1483078657531209, 0.007782161733159813, 0.23545320126187627, 0.02]",0.07494009524059947,0.006410996961640194
159,12.25846415626265,22.139063183569576,11.06258424406964,1.19587991219301,0.6702284223048598,99.66518650590444,0.0,0.0006296694831522478,7.84,71.71468069893308,5.763891558162868,73.88218193722423,73.88218193722423,346.34375,136.0,1174.14453125,0.0,0.0,3253.0,0.0,"[1.1907262796077613, 0.31147822322563173, 4.000223154921521, 0.1482916875226339, 0.006887543431965142, 0.23534628169492514, 0.02]",0.07171468069893308,0.005763891558162868
160,13.002821740009923,23.507819624842018,11.743768356849193,1.2590533831607305,0.6702288353662181,102.37158747054461,5.990284379420174e-06,0.0005931265788711625,7.5,75.11923148296773,4.944071938516572,77.37106864107773,77.37106864107773,346.34375,136.0,1174.14453125,0.0,0.0,3253.0,0.0,"[1.1906169902630368, 0.3119417359439378, 4.000224966359244, 0.14827491567889706, 0.007760261502735171, 0.23524002543873, 0.02]",0.07511923148296773,0.004944071938516572
161,12.211311058039929,22.05046848932811,11.014740461043298,1.1965705969966283,0.670229081453476,100.36876877338445,0.0,0.0006038569364036415,8.06,74.33191924006678,3.477958058938384,73.47331192111596,73.47331192111596,346.34375,136.0,1174.14453125,0.0,0.0,3253.0,0.0,"[1.1905296251893165, 0.3123624554383542, 4.000226740075262, 0.14825889166519204, 0.006863700415722716, 0.23513381454915822, 0.02]",0.07433191924006678,0.003477958058938384
162,12.958872298411443,23.424209996573605,11.699037369194448,1.2598349292169944,0.6702295039073028,102.79983574052292,0.0,0.0005890734485738288,7.4,76.47370020044036,5.500196899520233,78.74096914194524,78.74096914194524,346.34375,136.0,1174.14453125,0.0,0.0,3253.0,0.0,"[1.190420938495989, 0.3128214096113362, 4.000228550404988, 0.1482423352707497, 0.007739020836407041, 0.23502852903534735, 0.02]",0.07647370020044036,0.005500196899520233
163,12.16940949805914,21.962074920229078,10.972221041291393,1.1971884567677444,0.6702297600497378,101.88067774191447,2.4962782973148023e-05,0.0007594852640754519,9.52,78.13541457639076,2.8166602831333876,78.37626918044407,78.37626918044407,346.34375,136.0,1174.14453125,0.0,0.0,3253.0,0.0,"[1.1903339012654837, 0.3132389388075202, 4.000230328774165, 0.14822647600935981, 0.006840860634382336, 0.2349229474860564, 0.02]",0.07813541457639075,0.0028166602831333877
164,12.918775535935021,23.346561278973414,11.657817389045713,1.2609581468893063,0.6702301863232959,103.94376078880077,0.0,0.0005582485248049729,6.94,75.13972605753224,3.8988171581877396,73.34783306054305,73.34783306054305,346.34375,136.0,1174.14453125,0.0,0.0,3253.0,0.0,"[1.190226670869451, 0.31368990338753294, 4.000232126722285, 0.14821027190260117, 0.007720718371398194, 0.23481942383348825, 0.02]",0.07513972605753225,0.0038988171581877396
165,12.121115538063107,21.881265018581004,10.923405459371953,1.197710078691152,0.67023044966537,101.30644679566133,0.0,0.0006105608807330473,6.98,71.82214259868488,6.2147991231177,74.13029498187825,74.13029498187825,346.34375,136.0,1174.14453125,0.0,0.0,3253.0,0.0,"[1.1901406300559085, 0.31410137206428457, 4.000233896815017, 0.14819468621778012, 0.006819512472215819, 0.23471515309494084, 0.02]",0.07182214259868487,0.0062147991231177
166,12.87541142866463,23.264306501138346,11.613703910612434,1.2617075180521973,0.670230889953253,103.94326608867257,0.0,0.0005505544817486833,6.9,73.83753456000704,5.1302181801293045,74.96500454086345,74.96500454086345,346.34375,136.0,1174.14453125,0.0,0.0,3253.0,0.0,"[1.1900329603465083, 0.31455228763601634, 4.000235709656476, 0.14817851132101065, 0.007699318584338465, 0.23461142907544807, 0.02]",0.07383753456000704,0.0051302181801293045
167,12.077130607605197,21.79645230465992,10.878420565474924,1.1987100421302757,0.6702311624403621,101.7614597957,0.0,0.0006619195034933184,8.12,70.98311980080325,7.511550361523405,76.20532244211063,76.20532244211063,346.34375,136.0,1174.14453125,0.0,0.0,3253.0,0.0,"[1.1899471119177125, 0.31496140739632167, 4.000237485993996, 0.14816302214146054, 0.006796991328873874, 0.23450744098493112, 0.02]",0.07098311980080325,0.007511550361523405
168,12.833669850816381,23.184852792666472,11.571143386031085,1.2625264647852976,0.6702316090878573,104.24920027907817,0.0,0.000583313766270748,7.84,81.80321994004771,4.671480639954098,80.95281218062155,80.95281218062155,346.34375,136.0,1174.14453125,0.0,0.0,3253.0,0.0,"[1.1898401191311745, 0.31540791194578294, 4.000239297689815, 0.14814700450436405, 0.007679217267964243, 0.23440446634545226, 0.02]",0.08180321994004772,0.004671480639954098
169,12.0329206259529,21.71443297966352,10.833735857819747,1.199184768133149,0.6702318892612457,101.79287340135728,0.0,0.0005690642281247038,7.52,66.86401209968608,7.109676200780086,71.50388591981027,71.50388591981027,346.34375,136.0,1174.14453125,0.0,0.0,3253.0,0.0,"[1.1897547419677104, 0.31581352937675894, 4.000241075355477, 0.14813165405043674, 0.0067751979173597855, 0.2343010475036981, 0.02]",0.06686401209968608,0.007109676200780086
170,12.791208031588916,23.104208366013477,11.527832940911637,1.2633750906772772,0.6702323479639526,104.85729453008135,0.0,0.0005466095177545864,6.86,70.52905307908077,4.388883080682717,71.05875003966503,71.05875003966503,346.34375,136.0,1174.14453125,0.0,0.0,3253.0,0.0,"[1.1896476457574607, 0.31625863995295506, 4.00024289492418, 0.14811574662859014, 0.0076581493398584785, 0.23419834694237374, 0.02]",0.07052905307908076,0.004388883080682717
171,11.988301857406636,21.631050258426235,10.788274594287591,1.2000272631190454,0.6702326367195888,102.64953480835325,0.0,0.0006253266577125416,7.9,71.64176611870062,4.343916439102031,72.6075872767251,72.6075872767251,346.34375,136.0,1174.14453125,0.0,0.0,3248.0,0.0,"[1.1895627478554727, 0.3166605348485478, 4.000244673185458, 0.14810058311496335, 0.006752333883836619, 0.23409569167271524, 0.02]",0.07164176611870061,0.004343916439102031
172,12.749931314408943,23.025849355146985,11.48565980928256,1.264271505126384,0.6702331021363667,105.0704410184522,0.0,0.0006405028049573859,7.84,73.17743283987511,5.717595740570687,75.19961050071288,75.19961050071288,346.34375,136.0,1174.14453125,0.0,0.0,3266.0,5.0,"[1.1894564073982352, 0.31710072580261633, 4.000246489401001, 0.14808489127981156, 0.007637959817683593, 0.23399400192859326, 0.02]",0.07317743283987511,0.005717595740570687
173,11.945402727216626,21.550932112686198,10.74473682250058,1.2006659047160462,0.6702334003111959,103.20593192966528,0.0,0.0005896009993732505,7.64,70.18239764205646,5.271441559889354,73.06176578160375,73.06176578160375,346.34375,136.0,1174.14453125,0.0,0.0,3254.0,0.0,"[1.189371605794569, 0.3175006893548551, 4.000248275597163, 0.14806984326478803, 0.006731240554032094, 0.233891686785298, 0.02]",0.07018239764205646,0.005271441559889354
174,12.709442625783455,22.949937613965993,11.444346644060339,1.2650959817231155,0.6702338745213964,105.48887614123568,0.0,0.0005737935845533828,6.66,75.32078946125694,4.172743915696628,74.27323845913634,74.27323845913634,346.34375,136.0,1174.14453125,0.0,0.0,3254.0,0.0,"[1.1892656975416591, 0.31793729019552014, 4.000250091218528, 0.14805433441910443, 0.007618788234026968, 0.23379079851622223, 0.02]",0.07532078946125693,0.004172743915696628
175,11.9031146488477,21.47178582878127,10.701676912699442,1.201437736148259,0.6702341795918055,103.51992136715474,0.0,0.0006290545423107746,7.7,75.07460285967682,5.584930221084505,76.78021614032332,76.78021614032332,346.34375,136.0,1174.14453125,0.0,0.0,3254.0,0.0,"[1.189181490053456, 0.318333279872473, 4.000251873444405, 0.14803943374733053, 0.006710191839831965, 0.2336891684972032, 0.02]",0.07507460285967682,0.005584930221084505
176,12.670035611825808,22.874451954645405,11.403939394837106,1.266096216988699,0.67023466075489,106.19360433717786,0.0,0.0005487495691677491,7.12,81.38845490058884,4.496035319170915,82.16194400039967,82.16194400039967,346.34375,136.0,1174.14453125,0.0,0.0,3254.0,0.0,"[1.1890760970227843, 0.318766166930177, 4.000253688881162, 0.14802406708287966, 0.007599692474133056, 0.2335889173339686, 0.02]",0.08138845490058884,0.004496035319170914
177,11.8614824794904,21.393465385351075,10.65943969396641,1.2020427855239921,0.6702349730886872,103.75933987760052,0.0,0.000606420959284157,7.68,72.18848672288004,5.235002739937045,72.26980102015659,72.26980102015659,346.34375,136.0,1174.14453125,0.0,0.0,3254.0,0.0,"[1.1889924492124042, 0.31915824970388856, 4.000255469643647, 0.14800935371509885, 0.006689257949180553, 0.23348810332786604, 0.02]",0.07218848672288004,0.005235002739937045
178,12.630502738728383,22.79937639565055,11.363658774691915,1.2668439640364664,0.6702354614606365,106.51054460130992,0.0,0.0005600036612734797,6.98,76.65403877850622,3.7473441410111263,75.40502146061044,75.40502146061044,346.34375,136.0,1174.14453125,0.0,0.0,3254.0,0.0,"[1.1888874902509998, 0.31958777901624585, 4.000257286349551, 0.14799413754426308, 0.007580504743008322, 0.23338844136699835, 0.02]",0.07665403877850623,0.0037473441410111265
179,11.81998222075523,21.316277573457924,10.617032023346537,1.2029501974086938,0.6702357806096304,104.40432681670858,0.0,0.0006329252286213544,7.42,71.07144522015005,4.313007401069626,72.64548687962815,72.64548687962815,346.34375,136.0,1174.14453125,0.0,0.0,3254.0,0.0,"[1.1888043106059762, 0.31997650413627055, 4.000259066743206, 0.14797955893197068, 0.00666852385973562, 0.23328819621497598, 0.02]",0.07107144522015005,0.004313007401069626
180,12.592035756376326,22.725851815824118,11.323859838481505,1.2681759178948204,0.6702362761315237,106.979069710162,0.0,0.000594858402842615,6.76,69.35296015639324,6.0702228447189555,72.99962740042247,72.99962740042247,346.34375,136.0,1174.14453125,0.0,0.0,3254.0,0.0,"[1.1886998518595495, 0.32040235313483634, 4.000260882541996, 0.1479645133892511, 0.007561680569209689, 0.23318929005977426, 0.02]",0.06935296015639324,0.0060702228447189555
181,11.779498291981838,21.240440865456023,10.57592924602493,1.2035690459569068,0.6702366028359966,105.0550854581194,0.0,0.0006384955806862236,7.24,67.11187737993896,6.071940480032936,70.5542317207437,70.5542317207437,346.34375,136.0,1174.14453125,0.0,0.0,3254.0,0.0,"[1.1886170205970228, 0.32078817292069794, 4.000262665971679, 0.14795007667241922, 0.006648369458214205, 0.23308962416849194, 0.02]",0.06711187737993896,0.006071940480032936
182,12.553047688684764,22.65450080701513,11.28412853818464,1.2689191505001205,0.6702371053488538,107.51689757124349,0.0,0.0005888908467929165,7.42,73.2549247163115,4.243988720700145,75.15060466015711,75.15060466015711,346.34375,136.0,1174.14453125,0.0,0.0,3254.0,0.0,"[1.1885130953577117, 0.3212101879133681, 4.000264480110359, 0.1479352229961264, 0.007543502812709611, 0.23299156681054278, 0.02]",0.07325492471631151,0.004243988720700145
183,11.739405690161455,21.16625722112859,10.534854575709257,1.2045511144521972,0.6702374393982296,105.4057189935649,0.0,0.0005823253992828614,7.02,68.719523200416,5.986343998811208,71.57708661921788,71.57708661921788,346.34375,136.0,1174.14453125,0.0,0.0,3254.0,0.0,"[1.1884306655611652, 0.3215929033907219, 4.0002662623321035, 0.1479209315529532, 0.006628780825858483, 0.2328925190587996, 0.02]",0.06871952320041601,0.005986343998811208
184,12.515141603610445,22.5830340420815,11.245244608113198,1.2698969954972466,0.6702379500061358,107.98771613974151,0.0,0.0005568515290754216,7.76,75.38340750150383,6.1485700600314885,77.7508689003298,77.7508689003298,346.34375,136.0,1174.14453125,0.0,0.0,3254.0,0.0,"[1.1883270048017134, 0.3220123264878274, 4.0002680768041206, 0.1479061992103749, 0.007525220082110328, 0.23279497400167515, 0.02]",0.07538340750150382,0.006148570060031488
185,11.699438105932726,21.0918773810819,10.49426556959978,1.2051725363329475,0.6702382893946567,105.69733694294882,0.0,0.0005986135271286798,6.76,66.25967146130279,4.64132966066245,65.76512839994393,65.76512839994393,346.34375,136.0,1174.14453125,0.0,0.0,3254.0,0.0,"[1.1882451932535842, 0.3223911377364661, 4.000269856945158, 0.14789206433066981, 0.006608742083088598, 0.23269661739507588, 0.02]",0.0662596714613028,0.00464132966066245
186,12.47744548967176,22.512051624320133,11.206600924755085,1.2708445649166729,0.6702388059182467,108.34265904530264,0.0,0.0005905101728974987,7.26,69.86453028046526,5.643931680242531,71.71780559874605,71.71780559874605,346.34375,136.0,1174.14453125,0.0,0.0,3254.0,0.0,"[1.1881420221303278, 0.32280714252292947, 4.000271670419673, 0.14787746980597472, 0.007506895255631557, 0.23259966211282265, 0.02]",0.06986453028046526,0.005643931680242531
187,11.660329559887744,21.018432667852334,10.454320349460659,1.2060092104270854,0.6702391512580309,106.19633295256942,0.0,0.0006443553969858644,7.54,69.2955802794313,6.237018279498443,70.67685725807678,70.67685725807678,346.34375,136.0,1174.14453125,0.0,0.0,3254.0,0.0,"[1.188060701435603, 0.3231826022916013, 4.00027344957103, 0.14786347017033263, 0.006588929574013966, 0.2325019034359973, 0.02]",0.0692955802794313,0.006237018279498443
188,12.440716885207632,22.44254427096399,11.168871653242922,1.271845231964713,0.6702396723518901,108.93207929788589,0.0,0.0005813338570820893,7.72,71.048915857682,4.166592662222683,71.99115565919783,71.99115565919783,346.34375,136.0,1174.14453125,0.0,0.0,3254.0,0.0,"[1.1879581916427933, 0.3235945126517957, 4.000275261091022, 0.14784903059017657, 0.007489128141403102, 0.2324057142800878, 0.02]",0.071048915857682,0.004166592662222683
189,11.621397198721503,20.94666175404068,10.414579119491682,1.2068180792298226,0.6702400238879185,106.65110719909539,0.0,0.0005860324154382384,7.46,68.03345730120782,4.803578978753649,68.8468140992336,68.8468140992336,346.34375,136.0,1174.14453125,0.0,0.0,3254.0,0.0,"[1.187877329750212, 0.3239667391053779, 4.000277039022354, 0.14783518169324805, 0.006569736204507948, 0.23230859407132742, 0.02]",0.06803345730120781,0.004803578978753649
190,12.403940057298762,22.373627324860237,11.131050071811849,1.2728899854869145,0.6702405518931107,109.49449964639794,0.0,0.0005984828633061647,7.66,73.68793244066183,5.602777996682562,75.56651705759577,75.56651705759577,346.34375,136.0,1174.14453125,0.0,0.0,3254.0,0.0,"[1.1877751753264425, 0.3243757692746045, 4.000278849406533, 0.1478208779817567, 0.007471351047396625, 0.2322129823786455, 0.02]",0.07368793244066182,0.005602777996682562
191,11.583468391086903,20.875061840061626,10.375694866892738,1.2077735241941658,0.6702409101183553,107.01329769679225,0.0,0.0006422126463529073,7.74,68.04678986314684,5.097556295804679,70.30419157701544,70.30419157701544,346.34375,136.0,1174.14453125,0.0,0.0,3253.0,0.0,"[1.1876947178326447, 0.3247449711059415, 4.000280625687375, 0.14780717493811524, 0.006550633237797888, 0.23211652313378064, 0.02]",0.06804678986314684,0.005097556295804679
192,12.36762280078879,22.30496948071535,11.09370316759904,1.2739196331897464,0.6702414451960144,109.963038407426,0.0,0.0005689388302288964,7.48,75.39418546133675,3.9584574376931414,74.990055100061,74.990055100061,346.34375,136.0,1174.14453125,0.0,0.0,3253.0,0.0,"[1.1875928345560531, 0.32515146365495023, 4.000282439849776, 0.14779301432755818, 0.007453482073429256, 0.23202142438796788, 0.02]",0.07539418546133675,0.003958457437693142
193,11.545306623704223,20.804681944848777,10.336444566726877,1.208862056977344,0.6702418099193994,107.51735695350416,0.0,0.0006652896313869835,7.22,66.02932383830193,4.88110552134458,67.9674621974118,67.9674621974118,346.34375,136.0,1174.14453125,0.0,0.0,3248.0,0.0,"[1.1875127152447187, 0.32551801189423957, 4.000284215593146, 0.1477794259141738, 0.006531620447975675, 0.2319254732051704, 0.02]",0.06602932383830193,0.00488110552134458
194,12.332094481646543,22.23700464362778,11.05709291772684,1.275001563919703,0.6702423518887193,110.46541769835135,0.0,0.0005654284250759607,6.98,71.12416932184715,3.1105494417715818,70.70789288089145,70.70789288089145,346.34375,136.0,1174.14453125,0.0,0.0,3253.0,0.0,"[1.187411189845236, 0.3259215975519257, 4.000286029125525, 0.1477654049495906, 0.00743588356798031, 0.2318310298697608, 0.02]",0.07112416932184715,0.0031105494417715818
195,11.507601687315058,20.734581526923396,10.297854069065492,1.2097476182495648,0.6702427208147012,107.67849357383737,0.0,0.0006153091862759127,7.4,66.29736957955174,5.548091378877871,67.64078607957345,67.64078607957345,346.34375,136.0,1174.14453125,0.0,0.0,3253.0,0.0,"[1.1873316917619317, 0.3262844125691431, 4.000287801366955, 0.14775195663817317, 0.006512422189029788, 0.23173573872808703, 0.02]",0.06629736957955173,0.005548091378877871
196,12.295915415860778,22.16934942840948,11.019779420999122,1.2761359948616589,0.6702432681225219,110.517118327563,0.0,0.0006067299539600418,7.46,75.4933684982825,4.864204540499486,77.64917495776899,77.64917495776899,346.34375,136.0,1174.14453125,0.0,0.0,3253.0,0.0,"[1.1872305526630504, 0.3266852042118472, 4.000289615017526, 0.14773803986332923, 0.007418017068421239, 0.23164172867401298, 0.02]",0.0754933684982825,0.004864204540499486
197,11.471177885856306,20.665338680796744,10.260517150360526,1.2106607354957815,0.6702436431240907,108.21929800810973,0.0,0.0005930527397912945,6.66,64.21486671781167,4.986202722066082,66.74920947931241,66.74920947931241,346.34375,136.0,1174.14453125,0.0,0.0,3253.0,0.0,"[1.1871513059558936, 0.32704583271894916, 4.000291390464659, 0.14772468129144525, 0.006493644909962683, 0.23154674684278467, 0.02]",0.06421486671781168,0.004986202722066082
198,12.261400277153282,22.103737097679502,10.984198130423701,1.2772021467295773,0.6702441942983248,111.2625586674929,0.0,0.0005232651986585332,7.14,68.9699966768967,6.140912481350824,72.30270640167873,72.30270640167873,346.34375,136.0,1174.14453125,0.0,0.0,3253.0,0.0,"[1.1870508391993693, 0.3274426324840278, 4.000293196712756, 0.1477109108954851, 0.007401150450233924, 0.23145348814191197, 0.02]",0.0689699966768967,0.006140912481350824
199,11.434421754375768,20.59779329393594,10.222910403437192,1.211511350938576,0.6702445745217921,108.76416536111938,0.0,0.0006296318147971994,7.0,65.74716232018545,3.950553555623628,67.14319729944691,67.14319729944691,346.34375,136.0,1174.14453125,0.0,0.0,3253.0,0.0,"[1.1869721291242854, 0.32779978932148945, 4.000294968045566, 0.14769771386500175, 0.006475304765284816, 0.23135927462937628, 0.02]",0.06574716232018546,0.003950553555623629
200,12.226970303006095,22.038958431616223,10.948653258709163,1.2783170442969318,0.6702451311199332,111.42389518065856,0.0,0.0006090002642721231,7.3,66.60826033970807,3.594100420596078,67.24169685970992,67.24169685970992,346.34375,136.0,1174.14453125,0.0,0.0,3253.0,0.0,"[1.186872088554535, 0.32819354761983277, 4.0002967740230195, 0.1476840925294525, 0.007384250337822826, 0.23126667100796647, 0.02]",0.06660826033970807,0.003594100420596078
201,11.398859497083782,20.53192140863181,10.186431239316825,1.212428257766956,0.6702455182454601,109.12231737071755,0.0,0.0006180001246050234,7.14,67.6145630190149,6.5951572405174375,71.4955359994201,71.4955359994201,346.34375,136.0,1174.14453125,0.0,0.0,3253.0,0.0,"[1.186793470137072, 0.32854919811964617, 4.000298550490392, 0.14767097291058634, 0.006457791728090003, 0.2311726974445747, 0.02]",0.06761456301901489,0.0065951572405174375
202,12.193023851277877,21.97539060732804,10.913489142527055,1.279534708750822,0.6702460809950369,112.23482124433512,0.0,0.0006083292859309568,7.06,67.87938485678751,4.875594259938225,68.8465060380986,68.8465060380986,346.34375,136.0,1174.14453125,0.0,0.0,3253.0,0.0,"[1.1866937072719594, 0.3289405617079028, 4.000300358426951, 0.1476574762313579, 0.007367854156704146, 0.23108059500403574, 0.02]",0.06787938485678752,0.004875594259938225
203,11.363155104968405,20.465830587846387,10.149720763236619,1.2134343417317865,0.6702464724880888,109.53359753427264,0.0,0.0005632327417050448,6.82,64.78921720176004,5.961337038315833,67.909933620831,67.909933620831,346.34375,136.0,1174.14453125,0.0,0.0,3253.0,0.0,"[1.186615687360255, 0.3292925441154507, 4.000302130561422, 0.14764452829764643, 0.006439862257391359, 0.23098742031059138, 0.02]",0.06478921720176004,0.005961337038315833
204,12.158898841444138,21.911633964675275,10.878399294599634,1.280499546844502,0.6702470416876993,112.52693175730052,0.0,0.000552055977444093,7.08,67.39009169919882,5.922075342969038,70.73255958210211,70.73255958210211,346.34375,136.0,1174.14453125,0.0,0.0,3253.0,0.0,"[1.1865162068056818, 0.3296814727164198, 4.0003039371844, 0.14763114628398386, 0.007351053410157103, 0.2308958424555337, 0.02]",0.06739009169919882,0.0059220753429690375
205,11.32809572066923,20.399976502629343,10.11371988743176,1.2143758332374726,0.6702474379621847,109.83703364239071,0.0,0.0005745001166343162,6.48,66.09256353985984,4.610824140254408,67.5429801212158,67.5429801212158,346.34375,136.0,1174.14453125,0.0,0.0,3253.0,0.0,"[1.1864386129669524, 0.33003062338131833, 4.000305706568357, 0.1476183088067091, 0.0064219040430588265, 0.2308031789165721, 0.02]",0.06609256353985984,0.004610824140254408
206,12.12555330821964,21.848759163733803,10.84378793022998,1.2817653779896572,0.6702480110205659,112.99983515498899,0.0,0.0005638431813852301,6.64,63.5718327795621,6.201821501017548,68.14999886031728,68.14999886031728,346.34375,136.0,1174.14453125,0.0,0.0,3253.0,0.0,"[1.1863396344710924, 0.33041641205275984, 4.0003075097586285, 0.14760504199556607, 0.007334538623216558, 0.23071213375385757, 0.02]",0.0635718327795621,0.006201821501017548
207,11.29346207891006,20.335563838153654,10.077885837288688,1.2155762416213733,0.6702484126480207,110.2365268700118,0.0,0.0006037331375758987,7.18,71.88089758215938,6.955595518811606,74.71495458215941,74.71495458215941,346.34375,136.0,1174.14453125,0.0,0.0,3253.0,0.0,"[1.1862623770069127, 0.33076306528927363, 4.000309278951752, 0.14759231147260513, 0.0064043780729674225, 0.2306199438827957, 0.02]",0.07188089758215938,0.006955595518811606
208,12.092936172828946,21.787183012641936,10.810053411035968,1.2828827617929779,0.6702489888159147,113.04340548029838,0.0,0.0005642997911087871,6.68,66.51924437726848,7.071888801874593,71.46283356181812,71.46283356181812,346.34375,136.0,1174.14453125,0.0,0.0,3247.0,0.0,"[1.186163965246735, 0.3311454426628177, 4.000311081923601, 0.14757917320904027, 0.0073185715534658455, 0.23052951664586294, 0.02]",0.06651924437726847,0.007071888801874593
209,11.25958644642253,20.27274406585142,10.043036478201708,1.2165499682208205,0.6702493961811619,110.28083967524016,0.0,0.0005719402216328807,6.6,65.77414835861418,3.5649590427055955,65.68735880136956,65.68735880136956,346.34375,136.0,1174.14453125,0.0,0.0,3253.0,0.0,"[1.1860869123007576, 0.3314901861881719, 4.000312854139782, 0.14756653244785284, 0.006387652585166363, 0.23043763797537029, 0.02]",0.06577414835861418,0.0035649590427055955
210,12.060332763888873,21.725348306298287,10.77622118726756,1.2841115766213178,0.6702499799177588,113.92153944792061,0.0,0.0005376108786697184,7.04,74.09886104054749,6.100209099240601,74.87863897986244,74.87863897986244,346.34375,136.0,1174.14453125,0.0,0.0,3253.0,0.0,"[1.1859884902684619, 0.33187146237376647, 4.000314660140197, 0.14755345359782998, 0.007302322907326626, 0.23034738578623923, 0.02]",0.07409886104054748,0.006100209099240601
211,11.224991666674955,20.20992339693796,10.007887545764806,1.2171041209101492,0.6702503904219073,111.38949599230376,0.0,0.000561757959278873,6.1,62.301857859129086,6.43134357931558,65.60223363630939,65.60223363630939,346.34375,136.0,1174.14453125,0.0,0.0,3253.0,0.0,"[1.1859120873211713, 0.33221249874336994, 4.000316425711931, 0.147540965558803, 0.006369906940160685, 0.23025629143928425, 0.02]",0.06230185785912909,0.006431343579315581
212,12.02824381538279,21.665346577115972,10.742980695424931,1.2852631199578617,0.6702509765023169,114.47294553737977,0.0,0.0005423506993236759,6.9,69.2776657192735,3.692317518289201,69.03238809783943,69.03238809783943,346.34375,136.0,1174.14453125,0.0,0.0,3253.0,0.0,"[1.185814510293482, 0.33258911816204123, 4.000318219677604, 0.14752809923249197, 0.007286706630522981, 0.23016715051593736, 0.02]",0.0692776657192735,0.003692317518289201
213,11.191905543575604,20.148386401241154,9.973568433433604,1.2183371101419975,0.6702513918643235,111.40737615231197,0.0,0.0005822782119271779,5.92,62.22625850234181,6.226356056286022,65.5183692992432,65.5183692992432,346.34375,136.0,1174.14453125,0.0,0.0,3253.0,0.0,"[1.1857384810481273, 0.33292755739315394, 4.000319982787753, 0.14751573750999045, 0.006353258176841641, 0.2300766159686281, 0.02]",0.06222625850234181,0.0062263560562860224
214,11.9957630199626,21.604747114167765,10.709478919717151,1.28628410024545,0.6702519851127599,114.94098403931287,0.0,0.0005619257971240027,7.14,66.47211807663552,3.494751078542322,66.28224609710742,66.28224609710742,346.34375,136.0,1174.14453125,0.0,0.0,3253.0,0.0,"[1.1856408822716693, 0.33330313893519914, 4.000321784085301, 0.14750293599046752, 0.007270499818426816, 0.2299876573745628, 0.02]",0.06647211807663553,0.003494751078542322
215,11.158260155763118,20.08598222272876,9.939150260992971,1.2191098947701466,0.6702524054578486,111.71655015447915,0.0,0.0005486329708941946,6.42,65.50175857788417,3.738280921243131,64.74144603998866,64.74144603998866,346.34375,136.0,1174.14453125,0.0,0.0,3253.0,0.0,"[1.185565168145046, 0.33363925082880036, 4.000323546399738, 0.1474906829727255, 0.006336137450625895, 0.2298976024500246, 0.02]",0.06550175857788418,0.0037382809212431313
216,11.964213703590934,21.545048685379843,10.676888192442185,1.287325511148749,0.6702530019483186,115.0704270063401,0.0,0.0005316481925691048,6.16,66.52628443960566,6.004840761888772,68.86091970081907,68.86091970081907,346.34375,136.0,1174.14453125,0.0,0.0,3253.0,0.0,"[1.1854680498175645, 0.3340118645286235, 4.000325345815427, 0.14747799885947732, 0.007254691116708216, 0.22980915981859382, 0.02]",0.06652628443960566,0.0060048407618887726
217,11.125936373607217,20.025245286539896,9.905479960686606,1.22045641292061,0.6702534267244808,112.79857357443042,0.0,0.0005541052115713376,6.66,62.71993799775373,4.628033598419279,65.17684599792119,65.17684599792119,346.34375,136.0,1174.14453125,0.0,0.0,3253.0,0.0,"[1.185392642183301, 0.3343457689130449, 4.000327108424818, 0.1474658376423711, 0.006319477432662123, 0.2297194608000867, 0.02]",0.06271993799775373,0.004628033598419279
218,11.93353267730848,21.487680423808754,10.645043447748256,1.2884892295602277,0.6702540251524579,115.46045120820223,0.0,0.0005288306300685316,6.22,66.67538747598883,4.323691724566743,67.2278336220188,67.2278336220188,346.34375,136.0,1174.14453125,0.0,0.0,3253.0,0.0,"[1.185296328444821, 0.3347140246069074, 4.000328895086991, 0.147453338395934, 0.0072399718003732785, 0.22963204167524018, 0.02]",0.06667538747598883,0.004323691724566743
219,11.094126805174914,19.966921324312608,9.87266702584899,1.2214597793259236,0.6702544530148182,112.78485478656525,0.0,0.00054910000607377,7.06,65.24443182104733,4.5730536204064265,66.92484538070858,66.92484538070858,346.34375,136.0,1174.14453125,0.0,0.0,3253.0,0.0,"[1.1852214109357395, 0.33504502853368645, 4.000330653941042, 0.14744128159505582, 0.006303637103344679, 0.22954286408613875, 0.02]",0.06524443182104733,0.004573053620406426
220,11.902803035138984,21.43037820617117,10.613122385649149,1.2896806494898359,0.6702550560026294,116.08063394157418,0.0,0.0005388655429957566,6.26,61.46796106128022,4.445855517988093,62.8786847012816,62.8786847012816,346.34375,136.0,1174.14453125,0.0,0.0,3253.0,0.0,"[1.1851253224510836, 0.3354114411197641, 4.000332442142535, 0.1474288434952214, 0.007224915353803871, 0.22945570158788714, 0.02]",0.06146796106128022,0.004445855517988093
221,11.061758029032264,19.908313400349265,9.839195747642885,1.22256228138938,0.6702554877854197,113.05095846533335,0.0,0.0005483043634980992,7.08,65.96640481846407,4.627072520670481,67.37164349935483,67.37164349935483,346.34375,136.0,1174.14453125,0.0,0.0,3253.0,0.0,"[1.1850508310292822, 0.3357397284729501, 4.000334197530678, 0.14741690963248855, 0.006287532986135024, 0.22936711693845388, 0.02]",0.06596640481846407,0.004627072520670481
222,11.87221445292186,21.373344733028926,10.58151853859224,1.2906959143296195,0.6702560962396125,116.56004788982877,0.0,0.0005168666614571057,5.98,66.7317221587291,4.477712281513959,66.6151238209568,66.6151238209568,346.34375,136.0,1174.14453125,0.0,0.0,3253.0,0.0,"[1.1849549038106604, 0.336104400577909, 4.000335990895424, 0.1474045738715703, 0.007209552166104027, 0.22928029833912542, 0.02]",0.06673172215872909,0.004477712281513959
223,11.031127509232412,19.84908629318735,9.807398371774928,1.2237291374574846,0.6702565322399585,113.97543874809044,0.0,0.0005659708368461364,6.54,66.62680242094211,4.616834619664587,66.29155286180321,66.29155286180321,346.34375,136.0,1174.14453125,0.0,0.0,3253.0,0.0,"[1.1848807389201348, 0.33643043929080796, 4.000337744054058, 0.14739273324569005, 0.0062713174315013765, 0.22919214713104513, 0.02]",0.06662680242094211,0.004616834619664587
224,11.842131579944589,21.317900729524183,10.55017363627743,1.291957943667158,0.6702571428533416,117.15866209853834,0.0,0.0005134638614018079,6.5,68.28284075891133,5.468992458772846,68.99210366012994,68.99210366012994,346.34375,136.0,1174.14453125,0.0,0.0,3253.0,0.0,"[1.184785505968327, 0.3367912781030059, 4.000339526566902, 0.14738056268945535, 0.007195002821005982, 0.22910623998402796, 0.02]",0.06828284075891133,0.005468992458772846
225,10.999371245658581,19.79248915606274,9.774845359136515,1.2245258865220692,0.6702575828037898,113.75957572018505,0.0,0.0005404500853343454,5.72,63.39349030109588,5.303205821546726,65.46014316088986,65.46014316088986,346.34375,136.0,1174.14453125,0.0,0.0,3253.0,0.0,"[1.184711726764544, 0.33711478287357927, 4.000341277415971, 0.14736884362881786, 0.006255806496620261, 0.2290186548546165, 0.02]",0.06339349030109588,0.005303205821546726
226,11.811798143394448,21.260469500378257,10.518720269408526,1.293077873985921,0.6702582008321175,117.13831340657799,0.0,0.0005447470791628611,6.0,62.371051720692776,4.924364518956281,64.59256685746368,64.59256685746368,346.34375,136.0,1174.14453125,0.0,0.0,3253.0,0.0,"[1.1846163074320861, 0.33747541262504804, 4.000343068157027, 0.14735670081997188, 0.0071795488870968075, 0.22893268582061127, 0.02]",0.06237105172069277,0.004924364518956281
227,10.968044932490816,19.73491686823625,9.742292946809618,1.225751985681194,0.6702586452898643,114.35128302837441,0.0,0.0005546698471620406,5.9,66.82891048083548,4.07376938033849,66.0774749214761,66.0774749214761,346.34375,136.0,1174.14453125,0.0,0.0,3253.0,0.0,"[1.1845427288301527, 0.33779722159433645, 4.000344820789513, 0.14734505813090604, 0.0062397309775057905, 0.22884534253530198, 0.02]",0.06682891048083547,0.00407376938033849
228,11.782531459906025,21.205467958711434,10.488193389757756,1.2943380701482676,0.670259264676762,117.83888703289243,0.0,0.0005410935592384588,5.94,62.600465818541124,5.800009159138426,66.01418017933611,66.01418017933611,346.34375,136.0,1174.14453125,0.0,0.0,3253.0,0.0,"[1.1844479788713802, 0.3381542444388213, 4.000346603872462, 0.1473330445976233, 0.007165010411157722, 0.22876009232060968, 0.02]",0.06260046581854112,0.0058000091591384265
229,10.93730702709984,19.678691041879777,9.71056518452227,1.2267418425775687,0.6702597120266821,114.63310502805466,0.0,0.0005576116952212498,5.88,64.03851613984443,2.9470098193269223,61.979675180627964,61.979675180627964,346.34375,136.0,1174.14453125,0.0,0.0,3253.0,0.0,"[1.1843748826703022, 0.3384732240950117, 4.000348351428246, 0.14732151426091547, 0.006224134058680207, 0.22867334780469953, 0.02]",0.06403851613984443,0.0029470098193269223
230,11.753218716152382,21.151088853631414,10.45778011248075,1.295438603671631,0.6702603342371117,118.1329531520249,0.0,0.0005230918830197415,5.9,65.16942062124144,4.313076880061999,65.48466188076418,65.48466188076418,346.34375,136.0,1174.14453125,0.0,0.0,3253.0,0.0,"[1.1842805649778247, 0.3388276129687737, 4.000350131500139, 0.1473095975210011, 0.007150516275207187, 0.2285885922115012, 0.02]",0.06516942062124144,0.004313076880061999
231,10.907172838581653,19.62308090836974,9.679216503758015,1.2279563348236355,0.6702607846075836,115.16967012314421,0.0,0.000533577262861495,5.9,63.332121261628345,5.265041779493913,64.00050543947145,64.00050543947145,346.34375,136.0,1174.14453125,0.0,0.0,3253.0,0.0,"[1.1842078578108344, 0.3391441855630936, 4.0003518773599405, 0.1472981624396286, 0.006208756423927329, 0.22850227863330097, 0.02]",0.06333212126162835,0.005265041779493913
232,11.724078203016251,21.0973112346686,10.42712786589624,1.2969503371200117,0.6702614101604892,118.90987965521067,0.0,0.0005840815712182508,7.36,69.6709584799828,6.475648116902448,73.6539399571484,73.6539399571484,346.34375,136.0,1174.14453125,0.0,0.0,3253.0,0.0,"[1.1841139369213454, 0.3394960389399984, 4.000353653881285, 0.14728636146156135, 0.007136196895882213, 0.22841807756721766, 0.02]",0.0696709584799828,0.006475648116902448
233,10.876702061175745,19.568167237512395,9.647748436571282,1.2289536246044606,0.6702618629499766,115.68411310512913,0.0,0.0005568048046504794,6.4,66.89176163810771,4.9019183608470485,67.60478452022653,67.60478452022653,346.34375,136.0,1174.14453125,0.0,0.0,3253.0,0.0,"[1.1840417390362779, 0.33980969970243097, 4.000355395102653, 0.14727504674626704, 0.006193365174903023, 0.228332393947041, 0.02]",0.06689176163810771,0.004901918360847048
234,11.6953589262736,21.043909780408146,10.39749180048145,1.2978671257921492,0.6702624920539205,119.20154135694517,0.0,0.0005515567950132161,6.66,69.24730469938368,5.740806521498598,72.60314356244635,72.60314356244635,346.34375,136.0,1174.14453125,0.0,0.0,3253.0,0.0,"[1.1839481746848923, 0.3401591529462347, 4.000357170487466, 0.14726336879977853, 0.007121799287083948, 0.22824873562144835, 0.02]",0.06924730469938367,0.005740806521498598
235,10.847258081278124,19.513858386747152,9.61706185371983,1.2301962275582898,0.6702629495935516,115.87467323249749,0.0,0.0005703384360100975,6.72,65.49524068075698,6.575592461740598,69.29524670238607,69.29524670238607,346.34375,136.0,1174.14453125,0.0,0.0,3253.0,0.0,"[1.1838761655364693, 0.3404711576441406, 4.000358911098753, 0.14725214505841575, 0.006178369998184869, 0.2281634131404668, 0.02]",0.06549524068075697,0.006575592461740598
236,11.667039073161307,20.990642122067165,10.368036632751274,1.2990024404100315,0.670263583294775,119.60234450993762,0.0,0.000573730520810403,7.06,63.32460323814303,4.307953041861765,64.70614526071586,64.70614526071586,346.34375,136.0,1174.14453125,0.0,0.0,3253.0,0.0,"[1.1837827474602365, 0.3408191706500062, 4.0003606876651565, 0.14724051980919475, 0.007107381492073082, 0.2280799904074737, 0.02]",0.06332460323814303,0.004307953041861765
237,10.817926306365305,19.459754465739245,9.586623495980255,1.231302810385047,0.6702640446329522,116.589670736581,0.0,0.000529879640667379,6.44,67.01141163881402,4.537006301106885,65.9521025599679,65.9521025599679,346.34375,136.0,1174.14453125,0.0,0.0,3253.0,0.0,"[1.1837109998736643, 0.34112928189005814, 4.000362428532436, 0.14722938227710053, 0.006163273973256731, 0.22799503618290418, 0.02]",0.06701141163881402,0.004537006301106885
238,11.639144956154059,20.938611196875136,10.33869108262514,1.3004538735289197,0.6702646809743329,120.02381571463307,0.0,0.0005626394141545415,6.88,66.26419532229193,5.820343337836675,69.16092309984379,69.16092309984379,346.34375,136.0,1174.14453125,0.0,0.0,3253.0,0.0,"[1.1836180690513018, 0.34147439041626365, 4.000364199966152, 0.14721789878050237, 0.007093482308376645, 0.22791232335451558, 0.02]",0.06626419532229193,0.005820343337836676
239,10.788901832998654,19.406516920197102,9.556304145071353,1.2325976879273,0.6702651442343853,116.7853951436301,0.0,0.0005708237131885431,6.4,65.30953366018366,4.40377457998693,66.64967310032807,66.64967310032807,346.34375,136.0,1174.14453125,0.0,0.0,3253.0,0.0,"[1.183546797358551, 0.34178184467701966, 4.000365936428227, 0.14720685293393734, 0.006148425712148338, 0.22782785308023387, 0.02]",0.06530953366018366,0.00440377457998693
240,11.611423176042615,20.886864970196328,10.309697209575218,1.3017259664673955,0.6702657830716778,120.31538958194028,0.0,0.0005259258222186379,6.76,68.05002238077577,6.760381138883531,71.08901797910221,71.08901797910221,346.34375,136.0,1174.14453125,0.0,0.0,3253.0,0.0,"[1.1834542319447623, 0.34212470746017887, 4.000367706253418, 0.1471954438633232, 0.007079534147252709, 0.2277455090520268, 0.02]",0.06805002238077577,0.006760381138883531
241,10.760261984757285,19.354171277881278,9.52656388413637,1.2336981006209193,0.6702662506740976,116.8461244589564,0.0,0.0005637979409964833,6.64,66.94408050039783,4.249178642057814,68.78020358155482,68.78020358155482,346.34375,136.0,1174.14453125,0.0,0.0,3253.0,0.0,"[1.1833831413167808, 0.3424306079746689, 4.000369442550612, 0.1471844737592474, 0.0061339311199829745, 0.22766135113654495, 0.02]",0.06694408050039784,0.004249178642057813
242,11.584041334557844,20.835793499527785,10.28100541327494,1.3030359212829035,0.6702668923309023,120.60853300675217,0.0,0.000518953396834137,6.2,65.49277401994914,4.598377981455997,67.28936138330027,67.28936138330027,346.34375,136.0,1174.14453125,0.0,0.0,3253.0,0.0,"[1.1832908778391855, 0.3427715294262648, 4.000371210254759, 0.14717312119638298, 0.007065807784609161, 0.22757929084779163, 0.02]",0.06549277401994914,0.004598377981455997
243,10.73200951614184,19.302037552602222,9.497185141090744,1.2348243750510977,0.6702673620507534,117.47186711402439,0.0,0.0005363276941532237,6.24,68.48619221942499,3.345919742132537,67.10194156155922,67.10194156155922,346.34375,136.0,1174.14453125,0.0,0.0,3253.0,0.0,"[1.183220197623717, 0.3430750618789891, 4.000372943431652, 0.14716224030488836, 0.006119373656890318, 0.22749554479442094, 0.02]",0.068486192219425,0.003345919742132537
244,11.556747861404247,20.785481011851704,10.252664737473786,1.3040831239304629,0.6702680061729641,121.19532067169155,0.0,0.0005259313218951626,6.48,63.43520249938592,6.168033741414547,66.48623954097275,66.48623954097275,346.34375,136.0,1174.14453125,0.0,0.0,3253.0,0.0,"[1.1831283629472746, 0.3434134076035856, 4.000374707284034, 0.14715100435480613, 0.007052283777345932, 0.2274140714108223, 0.02]",0.06343520249938592,0.006168033741414547
245,10.703832073182323,19.250829446475436,9.46810365194049,1.2357284212418345,0.6702684785373269,117.63297891447795,0.0,0.0005593897391148275,6.46,62.9072572424775,4.81861435866449,63.77080930164084,63.77080930164084,346.34375,136.0,1174.14453125,0.0,0.0,3253.0,0.0,"[1.1830580592952622, 0.3437146818579383, 4.000376436203395, 0.14714021340399588, 0.006105057948022729, 0.22733079467551862, 0.02]",0.0629072572424775,0.00481861435866449
246,11.529399622703442,20.73498514409403,10.224318254082656,1.3050813686207845,0.6702691271209431,121.3062664383494,0.0,0.0004939571208121171,6.44,65.65328275901265,5.770452540600672,67.6782489818288,67.6782489818288,346.34375,136.0,1174.14453125,0.0,0.0,3253.0,0.0,"[1.1829663376703214, 0.3440517358896989, 4.0003782030412545, 0.14712904840968152, 0.00703846795237813, 0.22724955608782563, 0.02]",0.06565328275901265,0.005770452540600672
247,10.676006281707997,19.199923095202415,9.438879519981317,1.2371267617266792,0.6702696048546327,118.1404886651343,0.0,0.0005645012447053468,7.68,62.05279327754397,3.923693999531679,64.09654111950658,64.09654111950658,346.34375,136.0,1174.14453125,0.0,0.0,3253.0,0.0,"[1.1828960642032211, 0.3443520323244745, 4.000379935090894, 0.14711832646021672, 0.00609090916765585, 0.2271665014048412, 0.02]",0.06205279327754397,0.003923693999531679
248,11.503406964740408,20.6852202916081,10.196879489292476,1.306527475447935,0.6702702565750391,122.12433848065109,0.0,0.0005270612452420803,6.98,60.209719201084226,3.6871507205069065,60.60957672132645,60.60957672132645,346.34375,136.0,1174.14453125,0.0,0.0,3253.0,0.0,"[1.1828046699059511, 0.3446869222593671, 4.000381699416584, 0.14710727296979978, 0.0070251757091203074, 0.22708577624815673, 0.02]",0.06020971920108423,0.0036871507205069065
249,10.648511417282917,19.149203554905863,9.410292452918311,1.238218964364604,0.6702707355346434,118.59080653981155,0.0,0.0005476414747581661,6.58,59.04040676134173,4.165794299915433,59.02444904262666,59.02444904262666,346.34375,136.0,1174.14453125,0.0,0.0,3253.0,0.0,"[1.1827349340955249, 0.3449843558237156, 4.000383425207974, 0.147096667944922, 0.006076618122909362, 0.22700335505998379, 0.02]",0.05904040676134173,0.004165794299915433
250,11.47707487036086,20.636042145218184,10.16924971076172,1.3078251595991432,0.6702713903322626,121.81274240621143,0.0,0.0005284454724344559,7.28,55.88739028025884,6.3123307802015916,61.235788239282556,61.235788239282556,346.34375,136.0,1174.14453125,0.0,0.0,3253.0,0.0,"[1.1826438550529772, 0.34531716971307796, 4.000385186454158, 0.14708571262401995, 0.007011699323307316, 0.22692310824909798, 0.02]",0.05588739028025884,0.006312330780201591
251,10.623005702065406,19.09889370353833,9.383988144420398,1.23901755764501,0.6702718740228663,119.27095974815343,0.0,0.0006150921531053171,7.58,64.35168907803018,6.533900639624335,68.87108751980122,68.87108751980122,346.34375,136.0,1174.14453125,0.0,0.0,3248.0,0.0,"[1.1825741082928267, 0.34561391994810214, 4.000386918136507, 0.1470751391757855, 0.006062928688651708, 0.22684068147111264, 0.02]",0.06435168907803018,0.006533900639624335
252,11.45193483057305,20.588937691525715,10.14270495974775,1.3092298708253025,0.6702725272468023,122.71416404306783,0.0,0.0005216581922163624,7.18,63.84332714078482,3.3800106402486563,65.23047581780702,65.23047581780702,346.34375,136.0,1174.14453125,0.0,0.0,3253.0,0.0,"[1.1824837667887853, 0.34594327892763643, 4.000388670341155, 0.14706428766884733, 0.006999361415259402, 0.22676109505050582, 0.02]",0.06384332714078482,0.0033800106402486563
253,10.59612067344886,19.05041501896992,9.355709834296476,1.2404108391523843,0.6702730118556789,118.99306868668874,0.0,0.000609758905844733,7.4,67.52310600248165,6.9404040585504845,72.30739859805908,72.30739859805908,346.34375,136.0,1174.14453125,0.0,0.0,3253.0,0.0,"[1.1824145996709474, 0.3462370159830034, 4.000390393406335, 0.14705383558608515, 0.006049549639329648, 0.22667936483935014, 0.02]",0.06752310600248165,0.006940404058550485
254,11.426141329869516,20.54087534177104,10.115665395477912,1.3104759343916024,0.6702736693098543,122.85495431785957,0.0,0.0005422401566009475,7.16,68.23245801904704,3.7575834774179384,68.05698889889754,68.05698889889754,346.34375,136.0,1174.14453125,0.0,0.0,3253.0,0.0,"[1.1823243058084287, 0.3465654716786157, 4.000392149271001, 0.14704300868931716, 0.006986306189405497, 0.22659979891994908, 0.02]",0.06823245801904704,0.0037575834774179386
255,10.567907646619323,19.002473268980218,9.326259603963786,1.2416480426555396,0.670274156065166,119.19169612072719,0.0,0.0005934663163404007,6.8,63.78369257552549,4.46350296435412,64.6931324218167,64.6931324218167,346.34375,136.0,1174.14453125,0.0,0.0,3253.0,0.0,"[1.182255440231185, 0.3468573924790706, 4.00039387088085, 0.14703261215524585, 0.006035889761697923, 0.22651832904454253, 0.02]",0.06378369257552549,0.00446350296435412
256,11.400513673692098,20.492801080914095,10.088805251045844,1.3117084226462523,0.6702748181969186,123.2433430742593,0.0,0.0005654132803900143,7.12,64.99165015819017,6.382309820619412,67.7869467419805,67.7869467419805,346.34375,136.0,1174.14453125,0.0,0.0,3253.0,0.0,"[1.182165267727273, 0.34718448105975286, 4.000395627185868, 0.14702186117657032, 0.0069731638223849614, 0.22643907851191233, 0.02]",0.06499165015819017,0.006382309820619412
257,10.542520015512055,18.953302042949666,9.299797803803836,1.2427222117082153,0.6702753082311599,120.18431270243701,0.0,0.000605586146942295,7.38,69.75658841722179,6.147240205318667,73.36082478286698,73.36082478286698,346.34375,136.0,1174.14453125,0.0,0.0,3254.0,0.0,"[1.1820966431292312, 0.3474746775496961, 4.000397348525817, 0.14701156092100653, 0.006022166721859916, 0.22635800990967284, 0.02]",0.0697565884172218,0.006147240205318667
258,11.37471323718862,20.446781413490847,10.0619021846564,1.3128110525322243,0.6702759701592844,123.96213262094417,0.0,0.0005270982729635353,6.18,65.94346647907514,4.235741863376461,66.95443112170324,66.95443112170324,346.34375,136.0,1174.14453125,0.0,0.0,3254.0,0.0,"[1.1820071240881456, 0.3477984932999736, 4.000399095375938, 0.14700095144618813, 0.006960706294105159, 0.2262795397877977, 0.02]",0.06594346647907515,0.004235741863376461
259,10.515385742388455,18.906436668795386,9.271608828928615,1.2437769134598435,0.6702764622991142,119.98373032760922,0.0,0.0006517801829421095,7.68,69.51571024255827,6.081737038912252,71.15222626191098,71.15222626191098,346.34375,136.0,1174.14453125,0.0,0.0,3254.0,0.0,"[1.181938917582814, 0.34808629395952156, 4.0004008102157735, 0.1469907548829626, 0.006008902631823365, 0.22619903183249038, 0.02]",0.06951571024255827,0.006081737038912251
260,11.349071933672926,20.39926033984945,10.035000301174955,1.3140716324979733,0.6702771303409392,124.42651286339787,0.0,0.000551751474720781,6.38,61.46016857994255,4.440235858783126,62.656637039617635,62.656637039617635,346.34375,136.0,1174.14453125,0.0,0.0,3254.0,0.0,"[1.1818492549968476, 0.3484098432390812, 4.000402565465929, 0.14698017803363764, 0.006947521865441314, 0.22612057504186486, 0.02]",0.06146016857994255,0.004440235858783126
261,10.489329221184414,18.858197435262216,9.244268710965143,1.2450605102192709,0.6702776251814324,120.4419603477764,0.0,0.0005876686269940961,6.76,64.35920423944481,4.5412476191995665,67.54436691990122,67.54436691990122,346.34375,136.0,1174.14453125,0.0,0.0,3254.0,0.0,"[1.1817813327618352, 0.34869580555983043, 4.000404278438678, 0.14697006987369815, 0.005995109342555254, 0.22604046637714412, 0.02]",0.0643592042394448,0.004541247619199567
262,11.323630618218496,20.352308243853567,10.00837216729467,1.3152584509238292,0.6702782955928159,124.86352169822601,0.0,0.0005540552848976616,6.6,58.51489087799564,4.75193619960919,60.94129143632017,60.94129143632017,346.34375,136.0,1174.14453125,0.0,0.0,3254.0,0.0,"[1.1816919882025578, 0.34901741319027285, 4.000406028118136, 0.1469595604187745, 0.006934457547655444, 0.22596237975020844, 0.02]",0.05851489087799564,0.00475193619960919
263,10.46350414786745,18.81148460132654,9.217232225117858,1.2462719227495906,0.670278792627125,121.02707247932183,0.0,0.0005749780997501883,7.08,63.43827217875514,5.856575481011532,67.78538830112666,67.78538830112666,346.34375,136.0,1174.14453125,0.0,0.0,3254.0,0.0,"[1.1816243500286905, 0.3493016610503635, 4.0004077378498915, 0.1469495053959998, 0.005981488237096128, 0.22588254430745155, 0.02]",0.06343827217875514,0.005856575481011532
264,11.298845626705988,20.306803075521373,9.982569475906807,1.3162761507991823,0.6702794624840067,124.98749343408993,0.0,0.0005127762807034332,6.42,62.760338640073314,5.144610501010902,64.67188812152017,64.67188812152017,346.34375,136.0,1174.14453125,0.0,0.0,3254.0,0.0,"[1.1815356326402433, 0.34962017418401714, 4.000409478992311, 0.14693910813116107, 0.006922003172133045, 0.22580509025048776, 0.02]",0.06276033864007331,0.005144610501010902
265,10.438235228948258,18.765364696348687,9.191011895388609,1.2472233335596494,0.6702799616618937,121.36567062630502,0.0,0.0005871951202043465,6.46,61.64423941867426,4.759614919894375,63.01736612105742,63.01736612105742,346.34375,136.0,1174.14453125,0.0,0.0,3254.0,0.0,"[1.181468268435979, 0.34990272479948276, 4.000411187670575, 0.14692911776820042, 0.005968486399105127, 0.22572552738044926, 0.02]",0.06164423941867426,0.004759614919894375
266,11.275159326438997,20.26108368443399,9.95688770582595,1.3182716206130474,0.6702806345232329,125.48791917732368,2.098978191256151e-08,0.0005345977642132855,6.02,65.70365849882364,5.251943601178937,66.25624320004135,66.25624320004135,346.34375,136.0,1174.14453125,0.0,0.0,3254.0,0.0,"[1.1813797701892528, 0.35021966961104956, 4.000412927002532, 0.14691879347528858, 0.006909580553362474, 0.22564841562224297, 0.02]",0.06570365849882365,0.005251943601178937
267,10.4124637113079,18.719631077070552,9.163974807497144,1.2484889038107574,0.6702811341143818,121.75643744535428,0.0,0.0005454221406580926,7.64,66.38837180275004,4.513923558406532,68.42373481951654,68.42373481951654,346.34375,136.0,1174.14453125,0.0,0.0,3254.0,0.0,"[1.1813129113583047, 0.3504996223737255, 4.0004146303633705, 0.1469089025313694, 0.005955216889778664, 0.2255693864327016, 0.02]",0.06638837180275005,0.0045139235584065315
268,11.25062405683772,20.2164285533305,9.931697631125544,1.3189264257121789,0.6702818070929287,125.61482032566224,4.797020647373529e-08,0.0005010741205456967,5.96,60.329339679447,2.5186457589734346,59.585493939812295,59.585493939812295,346.34375,136.0,1174.14453125,0.0,0.0,3254.0,0.0,"[1.1812249066700342, 0.35081405858615516, 4.000416363978733, 0.1468986481440016, 0.006897235965875398, 0.22549272519395475, 0.02]",0.060329339679447,0.0025186457589734344
269,10.388210223108185,18.67452487939867,9.138357437333388,1.2498527857747967,0.6702823104788308,122.03005615165219,0.0,0.0005541319228580474,6.94,61.64515393960755,5.873852519434877,64.81533496000338,64.81533496000338,346.34375,136.0,1174.14453125,0.0,0.0,3248.0,0.0,"[1.1811581240912206, 0.3510930840090567, 4.000418067755261, 0.14688879440963848, 0.005942584020110256, 0.22541382928761494, 0.02]",0.06164515393960755,0.005873852519434877
270,11.226519134259188,20.172344623011842,9.906072242083908,1.3204468921752825,0.6702829866817258,126.09459421805536,7.47453432481393e-08,0.0005227921847851276,6.98,65.933888956788,3.99780924199149,65.68567608192097,65.68567608192097,346.34375,136.0,1174.14453125,0.0,0.0,3254.0,0.0,"[1.181070295882541, 0.3514061095937971, 4.000419801280441, 0.1468786187302565, 0.006885115720982567, 0.22533748380751295, 0.02]",0.06593388895678799,0.00399780924199149
271,10.363534989653182,18.629238493761136,9.112305100604846,1.2512298890483402,0.6702834927405841,122.4149614415778,0.0,0.000549812986514649,6.62,60.1144495990593,4.89266038115602,63.077147079166025,63.077147079166025,346.34375,136.0,1174.14453125,0.0,0.0,3254.0,0.0,"[1.1810037708200207, 0.3516834144506336, 4.000421504121813, 0.14686885822010182, 0.005929909021833127, 0.22525900816104535, 0.02]",0.060114449599059296,0.00489266038115602
272,11.202985264294812,20.128275444404228,9.881185969425728,1.32179929486908,0.670284171692656,126.80207279040177,1.0139194772662563e-07,0.0005248599132210313,6.28,64.16951238061301,4.841604438843206,64.27826857834589,64.27826857834589,346.34375,136.0,1174.14453125,0.0,0.0,3254.0,0.0,"[1.180916180902372, 0.3519948006239079, 4.000423235837135, 0.1468587606163342, 0.006873037999095453, 0.2251830514022161, 0.02]",0.06416951238061301,0.004841604438843206
273,10.33924781892146,18.58468484810302,9.086729019392093,1.2525187995293658,0.6702846788192172,122.51176691365238,0.0,0.000572689149142137,6.64,69.29764810018241,4.409315962111577,68.75704555946868,68.75704555946868,346.34375,136.0,1174.14453125,0.0,0.0,3254.0,0.0,"[1.1808500701303073, 0.3522699018521325, 4.000424932498321, 0.1468490815895557, 0.0059171260328775505, 0.22510504864166614, 0.02]",0.06929764810018241,0.0044093159621115775
274,11.179232918698535,20.08374398015372,9.856198900657054,1.323034018041481,0.6702853613228663,127.02574081407282,0.0,0.0005332695541781438,6.28,58.13887844036799,5.88179541984573,61.8897169403499,61.8897169403499,346.34375,136.0,1174.14453125,0.0,0.0,3254.0,0.0,"[1.1807625635654055, 0.3525803096312792, 4.000426666423305, 0.14683902983423447, 0.006860598373519339, 0.2250292494999095, 0.02]",0.05813887844036799,0.00588179541984573
275,10.31485075141154,18.540484317443575,9.061309856690748,1.2535408947207916,0.6702858717395298,123.10561703678503,0.0,0.000576070506876794,6.68,63.775329738273285,4.964194622007199,64.90759488195181,64.90759488195181,346.34375,136.0,1174.14453125,0.0,0.0,3254.0,0.0,"[1.1806965948971277, 0.35285419485709135, 4.00042836346297, 0.14682941540571115, 0.005904306035937073, 0.22495150205124587, 0.02]",0.06377532973827328,0.004964194622007198
276,11.155643560792232,20.04040797306663,9.831456834172926,1.324186726619308,0.6702865560063873,127.15208417382755,0.0,0.0005245176069124363,6.28,58.915521198068745,4.428984103142284,61.00563634245191,61.00563634245191,346.34375,136.0,1174.14453125,0.0,0.0,3254.0,0.0,"[1.180609440627612, 0.3531625405959949, 4.000430092624831, 0.14681946558229927, 0.006848529609731435, 0.22487622328735246, 0.02]",0.05891552119806875,0.004428984103142284
277,10.290516503152128,18.497058137978485,9.036112788775684,1.254403714376443,0.6702870680720429,123.26813336942867,0.0,0.0005786656262241142,6.9,64.59338625892997,5.573204338434152,66.83484900102485,66.83484900102485,346.34375,136.0,1174.14453125,0.0,0.0,3254.0,0.0,"[1.180543749133862, 0.35343480107304687, 4.000431787730951, 0.1468099042121586, 0.005891733189213772, 0.22479873021172977, 0.02]",0.06459338625892996,0.005573204338434152
278,11.13233042918212,19.997622687787384,9.80695033245871,1.3253800967234102,0.6702877531282202,127.52735872455358,0.0,0.0005202722460921319,6.08,58.26235699933022,7.773988519911654,62.963829539949074,62.963829539949074,346.34375,136.0,1174.14453125,0.0,0.0,3254.0,0.0,"[1.1804569507962663, 0.353741244909426, 4.000433512899744, 0.14680000318903078, 0.0068366321421041345, 0.2247237423055047, 0.02]",0.058262356999330224,0.007773988519911654
279,10.266942285242362,18.45394534786344,9.011156278170047,1.2557860070723146,0.6702882677718573,123.56415128688694,0.0,0.0005818447336001053,7.02,54.134888702537864,5.452094994834624,58.31470249861013,58.31470249861013,346.34375,136.0,1174.14453125,0.0,0.0,3254.0,0.0,"[1.180391470678109, 0.35401206447791594, 4.000435206402536, 0.14679050697220056, 0.005879386947854593, 0.22464655611869863, 0.02]",0.05413488870253787,0.005452094994834625
280,11.109528603920626,19.955777303737236,9.782533978159861,1.3269946257607645,0.6702889532402415,127.60465044134403,0.0,0.0005422753314671123,6.46,62.16768011858221,3.375845142873004,61.420795363374054,61.420795363374054,346.34375,136.0,1174.14453125,0.0,0.0,3254.0,0.0,"[1.1803050917695783, 0.3543163277628334, 4.000436926577351, 0.1467806724989921, 0.006825061763179211, 0.2245719772651799, 0.02]",0.06216768011858221,0.003375845142873004
281,10.24353599065179,18.411673397595482,8.986365943090767,1.2571700475610232,0.6702894697165829,124.13374264394226,0.0,0.000576486095335546,6.74,66.36833711934742,4.549557660939172,66.45094904000871,66.45094904000871,346.34375,136.0,1174.14453125,0.0,0.0,3254.0,0.0,"[1.1802398586466611, 0.354585604173497, 4.000438620530461, 0.1467712393866099, 0.005867343014482911, 0.22449505002924763, 0.02]",0.06636833711934742,0.0045495576609391715
282,11.086889668683899,19.914547987210167,9.758520060784786,1.3283696078991118,0.6702901564542303,128.24702214880534,0.0,0.0005420417977736416,7.26,75.12806374172214,7.404097418184392,79.23474595940206,79.23474595940206,346.34375,136.0,1174.14453125,0.0,0.0,3254.0,0.0,"[1.1801538420066717, 0.3548878291802697, 4.000440336091239, 0.146761495177469, 0.006813742201630052, 0.22442094288575437, 0.02]",0.07512806374172215,0.007404097418184392
283,10.220515033529734,18.36983588410923,8.96208985674471,1.2584251767850223,0.6702906742934096,124.19161686697645,0.0,0.0005409572977423533,6.68,68.26824144111015,3.6146543186623603,66.21010350121651,66.21010350121651,346.34375,136.0,1174.14453125,0.0,0.0,3262.0,1.0,"[1.1800889619575543, 0.3551551584692429, 4.000442024594549, 0.14675214044655746, 0.005855416967840566, 0.22434447057235618, 0.02]",0.06826824144111016,0.0036146543186623605
284,11.064558070543415,19.872696983552274,9.735094430838917,1.3294636397044968,0.6702913648962162,128.81564651302472,0.0,0.0005074601339677597,6.18,65.13002426188905,5.342769154231064,66.17432231840212,66.17432231840212,346.34375,136.0,1174.14453125,0.0,0.0,3254.0,0.0,"[1.1800029813312478, 0.35545659994245593, 4.0004437422792485, 0.14674244285199112, 0.006802081699219411, 0.22427051610870907, 0.02]",0.06513002426188905,0.005342769154231064
285,10.197344590303466,18.32773715046328,8.937686379436194,1.259658210867273,0.6702918839156337,124.5853466386048,0.0,0.0005722178096141111,6.56,61.00824648281559,3.804580198484473,61.51042977871839,61.51042977871839,346.34375,136.0,1174.14453125,0.0,0.0,3254.0,0.0,"[1.1799384470909176, 0.35572203494363946, 4.0004454261689055, 0.14673316720051366, 0.0058431733604312084, 0.22419445352550363, 0.02]",0.061008246482815595,0.003804580198484473
286,11.042280925486702,19.83106366363654,9.711195601995051,1.3310853234916535,0.670292576344596,129.08233527802997,0.0,0.0005527430490246457,6.24,59.00659046135843,9.180953436298296,65.52533629816025,65.52533629816025,346.34375,136.0,1174.14453125,0.0,0.0,3254.0,0.0,"[1.1798527334626563, 0.35602183784719055, 4.0004471413625255, 0.1467235393773953, 0.006790410957335095, 0.22412085535242057, 0.02]",0.05900659046135843,0.009180953436298296
287,10.174421727505345,18.286441359253875,8.913532434406218,1.2608892930991282,0.6702930983753362,125.05296961000394,0.0,0.0005248264387055026,6.54,61.90810052212328,9.488603177596815,68.60214263899252,68.60214263899252,346.34375,136.0,1174.14453125,0.0,0.0,3254.0,0.0,"[1.1797883309422021, 0.3562861551392165, 4.000448825388362, 0.14671432047396243, 0.005831165679324298, 0.22404503083811161, 0.02]",0.061908100522123276,0.009488603177596816
288,11.02010757637711,19.790272529320116,9.687778059135775,1.3323295172413352,0.6702937926317754,129.76390900163577,0.0,0.0005685849512162273,6.18,55.42256743821781,2.7098888414911926,55.34637594013475,55.34637594013475,346.34375,136.0,1174.14453125,0.0,0.0,3254.0,0.0,"[1.1797028926227053, 0.3565842919577474, 4.000450536930561, 0.14670476333624077, 0.00677898499491533, 0.22397182559433587, 0.02]",0.05542256743821781,0.0027098888414911924
289,10.151335502985592,18.245267984552807,8.889283984904358,1.262051518081234,0.6702943153301338,125.20312339338548,0.0,0.0005589421757011294,6.68,60.078743200865574,5.013217037776485,62.781455720542,62.781455720542,346.34375,136.0,1174.14453125,0.0,0.0,3254.0,0.0,"[1.1796388910154074, 0.356846528813738, 4.00045221437142, 0.14669562789523383, 0.005819104089439031, 0.22389647307069008, 0.02]",0.06007874320086557,0.005013217037776485
290,10.997757480238402,19.74926760216737,9.66423122509173,1.333526255146669,0.6702950123848637,129.59424593030735,0.0,0.0005721491396413628,6.08,65.29829572129529,6.079174899496138,66.12602714158129,66.12602714158129,346.34375,136.0,1174.14453125,0.0,0.0,3253.0,0.0,"[1.179553575887167, 0.35714358555922415, 4.000453927354199, 0.14668612875003495, 0.006767289401451543, 0.22382346577754245, 0.02]",0.0652982957212953,0.006079174899496138
291,10.12923997893441,18.204122293331658,8.865972644275693,1.2632673346587158,0.6702955378815378,125.70530385406184,0.0,0.0005724606667923629,6.38,61.58606902114116,4.681967138894834,62.48707421938889,62.48707421938889,346.34375,136.0,1174.14453125,0.0,0.0,3253.0,0.0,"[1.1794896697019464, 0.35740491403784436, 4.000455606849986, 0.1466770247345515, 0.00580714648996114, 0.22374821080130922, 0.02]",0.06158606902114116,0.0046819671388948336
292,10.976149882212546,19.709644547985206,9.641535045370892,1.3346148368416544,0.6702962338738699,129.90068845608658,0.0,0.0005585968699182714,6.1,61.59566463611554,5.703849282581359,62.83327056153212,62.83327056153212,346.34375,136.0,1174.14453125,0.0,0.0,3253.0,0.0,"[1.1794049087913223, 0.35769933167473955, 4.000457311522741, 0.14666761798352462, 0.006756248662489275, 0.22367577105857347, 0.02]",0.061595664636115544,0.005703849282581359
293,10.107021708851796,18.16431480633748,8.842840789848028,1.2641809190037687,0.6702967616637224,125.83117536661476,0.0,0.0005587972560815603,6.26,58.52128460071981,5.130623260047287,59.82725228124764,59.82725228124764,346.34375,136.0,1174.14453125,0.0,0.0,3253.0,0.0,"[1.1793411886548053, 0.3579593716587404, 4.00045899035689, 0.14665858175086033, 0.005795721618771352, 0.22360078921270854, 0.02]",0.05852128460071981,0.005130623260047287
294,10.95491056743878,19.670412975899307,9.618850163521802,1.3360604039169788,0.6702974585687305,130.29120141406665,0.0,0.0005378577456994219,6.36,57.16668049979489,5.09070186119061,57.30655424064025,57.30655424064025,346.34375,136.0,1174.14453125,0.0,0.0,3253.0,0.0,"[1.1792567160855396, 0.3582522114630961, 4.000460691678515, 0.14664921781664814, 0.006745356205893851, 0.22352858943990978, 0.02]",0.05716668049979489,0.00509070186119061
295,10.084790628843438,18.124765781666998,8.819616798711582,1.2651738301318565,0.6702979862914694,126.16155790485818,0.0,0.0005307039457393935,5.82,59.772758500184864,4.8752324568340555,61.0176496184431,61.0176496184431,346.34375,136.0,1174.14453125,0.0,0.0,3253.0,0.0,"[1.1791934100636525, 0.35851020476994827, 4.00046236530385, 0.14664024563919492, 0.005784219690236694, 0.22345398985226098, 0.02]",0.05977275850018486,0.004875232456834055
296,10.933240854627522,19.63131693304425,9.59604900720293,1.3371918474245943,0.670298684946626,130.5992372935609,0.0,0.0005573748469911468,6.44,63.317176760174334,5.891069821082056,65.81213677942287,65.81213677942287,346.34375,136.0,1174.14453125,0.0,0.0,3253.0,0.0,"[1.1791091670914875, 0.35880164018626176, 4.000464063302345, 0.14663093045750947, 0.006734328371554134, 0.22338207074756922, 0.02]",0.06331717676017433,0.005891069821082055
297,10.063032544350232,18.085415957950687,8.796548485170204,1.266484059180029,0.6702992149810189,126.6884074738687,0.0,0.000555215860913709,5.7,59.14056426263414,6.049984676647,62.41318351996597,62.41318351996597,346.34375,136.0,1174.14453125,0.0,0.0,3253.0,0.0,"[1.179046037672826, 0.35905838813522556, 4.0004657364450695, 0.14662202247646944, 0.005772824987186225, 0.22330774539857376, 0.02]",0.05914056426263414,0.006049984676647
298,10.912197329103483,19.592767635001763,9.573693605408536,1.3385037236949444,0.6702999147105897,131.2440877322673,0.0,0.0005489325494535021,6.28,60.37946374155581,4.810770558542572,62.958167918841355,62.958167918841355,346.34375,136.0,1174.14453125,0.0,0.0,3253.0,0.0,"[1.1789621195897522, 0.359348006967678, 4.000467430292699, 0.1466127860479189, 0.006723551588210853, 0.2232362650755589, 0.02]",0.06037946374155581,0.004810770558542572
299,10.041478274340578,18.046482811888623,8.77377498851498,1.267703285825601,0.6703004455280646,127.14576390595863,0.0,0.0005392351594398493,6.22,56.201081261388026,3.9431881374912336,57.84170075785369,57.84170075785369,346.34375,136.0,1174.14453125,0.0,0.0,3253.0,0.0,"[1.1788993400955285, 0.35960292161625695, 4.000469097190572, 0.1466039452666523, 0.005761504990452749, 0.22316235524664702, 0.02]",0.05620108126138803,0.003943188137491234
300,10.891221842112097,19.55448999377487,9.55167284210792,1.3395490000041752,0.6703011465122147,131.73293768336413,0.0,0.0005808083802134575,6.1,58.06625418132171,3.8528252573451027,60.64329715911299,60.64329715911299,346.34375,136.0,1174.14453125,0.0,0.0,3253.0,0.0,"[1.178815706974308, 0.3598909169925901, 4.000470786947867, 0.14659477697533654, 0.0067127785125355895, 0.22309125013031497, 0.02]",0.05806625418132171,0.0038528252573451025
301,10.021232638281818,18.007363260036243,8.752269406598959,1.2689632316828605,0.6703016786209418,127.6986735158448,0.0,0.0006133239976371115,6.72,58.609471877571195,3.777654820587486,60.66159302019514,60.66159302019514,346.34375,136.0,1174.14453125,0.0,0.0,3253.0,0.0,"[1.178753204580722, 0.3601442453143278, 4.0004724508622855, 0.1465860123778913, 0.005750266937231692, 0.22301769679719638, 0.02]",0.05860947187757119,0.003777654820587486
302,10.871096336460718,19.516416658306774,9.530157679219231,1.3409386572414874,0.6703023800468607,132.25659993957476,0.0,0.000544453249473341,6.16,59.93140443635639,4.321051781298593,61.42693123954814,61.42693123954814,346.34375,136.0,1174.14453125,0.0,0.0,3253.0,0.0,"[1.1786699105802234, 0.3604304082618184, 4.000474139338538, 0.14657694308663755, 0.00670215739445058, 0.22294704036501573, 0.02]",0.05993140443635639,0.004321051781298593
303,9.999018732874891,17.96979332783337,8.728725191820565,1.2702935410543255,0.6703029132699357,127.70316847271093,0.0,0.0005285149738146523,6.5,58.779871257720515,3.355264861602336,59.410404239897616,59.410404239897616,346.34375,136.0,1174.14453125,0.0,0.0,3253.0,0.0,"[1.178607696711047, 0.36068213892507156, 4.000475799438468, 0.1465682421361555, 0.0057391802610423995, 0.22287384415126796, 0.02]",0.058779871257720516,0.003355264861602336
304,10.849948014722601,19.47825438579263,9.50793312012769,1.3420148945949126,0.670303618799677,132.14430827039956,0.0,0.0005490595435418188,5.9,53.74036285968032,4.106165041448548,56.299981842166744,56.299981842166744,346.34375,136.0,1174.14453125,0.0,0.0,3253.0,0.0,"[1.1785243971920645, 0.3609676822611585, 4.000477489461462, 0.14655921539286362, 0.006691266735149947, 0.22280332322609503, 0.02]",0.05374036285968032,0.004106165041448549
305,9.977920369924849,17.931720486893767,8.706088766153632,1.2718316037712176,0.6703041540455641,127.85995114617648,0.0,0.0005794908411105995,5.8,58.97805210086517,6.969432158512063,64.7118238004623,64.7118238004623,346.34375,136.0,1174.14453125,0.0,0.0,3253.0,0.0,"[1.1784623212778953, 0.3612184240708062, 4.000479149675146, 0.14655054522484995, 0.005728013950033944, 0.22273023923603605, 0.02]",0.05897805210086517,0.006969432158512063
306,10.829529861911881,19.440809020832294,9.48636880661379,1.3431610552980888,0.6703048596459614,132.58001628351323,0.0,0.0005377176719797735,6.54,59.964468681719154,5.657954320195131,64.06386877875775,64.06386877875775,346.34375,136.0,1174.14453125,0.0,0.0,3253.0,0.0,"[1.1783793570762, 0.36150230777621667, 4.000480834318204, 0.14654153945444537, 0.006680643086625021, 0.22265994863055588, 0.02]",0.05996446868171915,0.005657954320195131
307,9.957079854242886,17.894112693296147,8.683971206393336,1.273108647849554,0.6703053964364637,128.44674291832385,0.0,0.0005846516662045294,5.86,59.668168236967176,4.342227801098488,59.61109125986695,59.61109125986695,346.34375,136.0,1174.14453125,0.0,0.0,3253.0,0.0,"[1.1783175171240352, 0.3617516414573996, 4.000482491705839, 0.14653293547888988, 0.005716984423757562, 0.22258719052530074, 0.02]",0.059668168236967176,0.0043422278010984885
308,10.809631314222967,19.403650361832586,9.464892092476104,1.3447392217468632,0.670306102789111,132.70336211935714,0.0,0.0005436766635505834,5.78,57.265306081972085,5.888955959235318,59.74676195939537,59.74676195939537,346.34375,136.0,1174.14453125,0.0,0.0,3253.0,0.0,"[1.1782348885383411, 0.36203370052777567, 4.000484171670449, 0.14652401463438122, 0.006670219784582052, 0.2225173683171206, 0.02]",0.057265306081972084,0.005888955959235318
309,9.93640385331423,17.857059471727627,8.662035858570313,1.2743679947439148,0.670306640353648,128.36746551072557,0.0,0.0005537389627468832,6.6,62.697741355514154,3.0293780023930594,60.32242603832856,60.32242603832856,346.34375,136.0,1174.14453125,0.0,0.0,3253.0,0.0,"[1.1781733167355766, 0.3622815748748717, 4.000485826988122, 0.14651545920210815, 0.00570614903181968, 0.2224448502551555, 0.02]",0.06269774135551415,0.0030293780023930594
310,10.789744291421576,19.366806079077154,9.44361538274323,1.3461289086783446,0.6703073480746311,133.24245348225185,0.0,0.0005210216798934073,5.8,55.61944316141307,5.439678220427595,59.96628819964826,59.96628819964826,346.34375,136.0,1174.14453125,0.0,0.0,3253.0,0.0,"[1.1780908685264488, 0.36256250411587876, 4.000487507085848, 0.14650657149360466, 0.006659743615760619, 0.22237516087482423, 0.02]",0.055619443161413075,0.005439678220427595
311,9.915796204614725,17.820114842223987,8.640465232471303,1.2753309721434207,0.67030788666125,128.698670429206,0.0,0.0005567854479214722,5.96,57.01347012305632,3.291318395640701,57.683982297894545,57.683982297894545,346.34375,136.0,1174.14453125,0.0,0.0,3253.0,0.0,"[1.1780295726129129, 0.36280886631595183, 4.000489158233718, 0.14649807187821884, 0.005695242220340567, 0.22230297662567172, 0.02]",0.057013470123056326,0.003291318395640701
312,10.769767219446548,19.330162115486793,9.422366281789435,1.347400937657115,0.6703085960410391,133.54020902340352,0.0,0.0004897720646696573,5.74,56.68865362065844,2.5400267000077292,55.0308526592562,55.0308526592562,346.34375,136.0,1174.14453125,0.0,0.0,3253.0,0.0,"[1.1779473323699163, 0.36308850027155415, 4.000490835294152, 0.1464892402167022, 0.006649257195559589, 0.2222335791504184, 0.02]",0.05668865362065844,0.002540026700007729
313,9.895175821959375,17.783754499696432,8.618649267475373,1.276526554484001,0.6703091367729717,129.00717142270562,0.0,0.0005569005058313653,6.72,60.08723797800485,3.6124597198795527,60.43419354013167,60.43419354013167,346.34375,136.0,1174.14453125,0.0,0.0,3253.0,0.0,"[1.1778861879504365, 0.3633337786586357, 4.000492485535486, 0.14648079515618984, 0.005684451356130708, 0.22216163804504335, 0.02]",0.06008723797800485,0.003612459719879553
314,10.750166444751068,19.293750967620543,9.401196575872993,1.3489698688780754,0.6703098479271083,133.99878254344893,0.0,0.0005345469971668891,6.68,61.00138397945557,5.2186771598644555,63.62958429730497,63.62958429730497,346.34375,136.0,1174.14453125,0.0,0.0,3253.0,0.0,"[1.177804130360687, 0.36361220838806085, 4.000494161408658, 0.1464720190809704, 0.006638854422054193, 0.22209251209166878, 0.02]",0.061001383979455565,0.0052186771598644556
315,9.875042696546386,17.747276604856705,8.597188198370157,1.2778544981762259,0.6703103898871273,129.41869798858545,0.0,0.0005549983404942963,6.42,65.23649909882806,6.933088959776796,67.73457536066417,67.73457536066417,346.34375,136.0,1174.14453125,0.0,0.0,3253.0,0.0,"[1.177743229178386, 0.36385607477489795, 4.0004958095785454, 0.14646363910854848, 0.005673650470484614, 0.22202089768792824, 0.02]",0.06523649909882806,0.006933088959776797
316,10.730648180221417,19.257665901091936,9.380246571778889,1.3504016084425283,0.6703111019335674,134.7296536026682,0.0,0.0005314187481941201,5.76,54.65502711769659,5.130799321341328,58.21252795984037,58.21252795984037,346.34375,136.0,1174.14453125,0.0,0.0,3248.0,0.0,"[1.1776614416292315, 0.36413300181390734, 4.000497481976126, 0.1464549229857842, 0.006628538118648449, 0.22195210071468244, 0.02]",0.05465502711769659,0.005130799321341329
317,9.855146384923115,17.710967207399108,8.57586095407153,1.2792854308515855,0.6703116437047921,129.79697038740963,0.0,0.0005452281794959642,6.72,65.29865967924707,7.524441700079478,69.27981124084909,69.27981124084909,346.34375,136.0,1174.14453125,0.0,0.0,3253.0,0.0,"[1.177600933723427, 0.36437495543751314, 4.000499123040793, 0.1464466159837364, 0.005662795307679207, 0.2218809223399517, 0.02]",0.06529865967924707,0.0075244417000794785
318,10.710674722707061,19.221794762732905,9.359211241322647,1.3514634813844133,0.6703123572620939,134.91820133502327,0.0,0.0005423672581831168,6.42,62.02046378166415,5.6149007397471,63.504016061197035,63.504016061197035,346.34375,136.0,1174.14453125,0.0,0.0,3253.0,0.0,"[1.1775193601824179, 0.36465055626469295, 4.000500793293747, 0.14643796596219422, 0.006618109255143573, 0.22181245635852975, 0.02]",0.06202046378166415,0.0056149007397470994
319,9.835417889323177,17.675065256246583,8.554700930888552,1.280716958434622,0.6703129014806232,130.2872489904781,0.0,0.0005363949238660938,6.24,61.34749650314916,6.237057237303816,64.08957765845116,64.08957765845116,346.34375,136.0,1174.14453125,0.0,0.0,3253.0,0.0,"[1.1774589577113395, 0.3648916149231884, 4.000502433972805, 0.1464297086487528, 0.005652120466005019, 0.22174148418903533, 0.02]",0.06134749650314916,0.006237057237303816
320,10.691962636833416,19.186549731287172,9.338946045655689,1.3530165911777245,0.6703136135549511,135.13427169825084,0.0,0.0005325959924267199,5.88,60.26681090355851,4.348877835436724,59.722731937654316,59.722731937654316,346.34375,136.0,1174.14453125,0.0,0.0,3252.0,0.0,"[1.177377867420637, 0.36516501670203705, 4.000504096199603, 0.1464211239655591, 0.006608139480337389, 0.22167346201241375, 0.02]",0.06026681090355851,0.004348877835436724
321,9.815996516868335,17.639879837497624,8.533988455404979,1.2820080614633576,0.6703141581658314,130.39660159828608,0.0,0.0005421070857239643,6.58,61.04184196097776,3.247468000045046,60.2556754212128,60.2556754212128,346.34375,136.0,1174.14453125,0.0,0.0,3252.0,0.0,"[1.1773177533972634, 0.3654045533400482, 4.000505734795961, 0.14641292572725217, 0.0056417323435516455, 0.22160278066346237, 0.02]",0.06104184196097776,0.0032474680000450463
322,10.672711809373741,19.15152504362762,9.318482704704742,1.3542291046689983,0.6703148723578953,135.4351275178028,0.0,0.0005568023881734512,5.86,59.82312764215749,5.035433660377748,62.473640741663985,62.473640741663985,346.34375,136.0,1174.14453125,0.0,0.0,3252.0,0.0,"[1.1772367691832755, 0.3656770824047681, 4.000507397848379, 0.1464043783417335, 0.006598020370122535, 0.2215349068640483, 0.02]",0.05982312764215749,0.005035433660377748
323,9.796251889752218,17.605094080442363,8.513116341278284,1.2831355484739362,0.6703154189591253,130.63540815549166,0.0,0.0005599316470157,6.78,59.355491198948584,3.759485838818364,60.47388899780344,60.47388899780344,346.34375,136.0,1174.14453125,0.0,0.0,3253.0,0.0,"[1.1771767982438033, 0.36591560578534926, 4.000509035353316, 0.14639622813303566, 0.005631336701868649, 0.2214644536063014, 0.02]",0.05935549119894858,0.0037594858388183636
324,10.654013807872103,19.11699370699949,9.298287583783603,1.3557262240884995,0.6703161330055872,135.4136488475497,0.0,0.0005405483233008809,5.8,57.89826068037655,7.488918302115053,63.997142881853506,63.997142881853506,346.34375,136.0,1174.14453125,0.0,0.0,3253.0,0.0,"[1.1770961499617156, 0.3661864505848191, 4.000510694384552, 0.14638774217842512, 0.0065881563108370275, 0.22139692271511477, 0.02]",0.057898260680376554,0.007488918302115053
325,9.777527551143494,17.57035897031125,8.49309092516129,1.2844366259822024,0.6703166805811555,130.96466905905,0.0,0.0005197532228176432,5.7,55.797621459933,5.015953959082253,58.6240157589782,58.6240157589782,346.34375,136.0,1174.14453125,0.0,0.0,3253.0,0.0,"[1.1770363765824496, 0.3664238359740354, 4.000512331036164, 0.14637962902438018, 0.005621168645568441, 0.22132662567801992, 0.02]",0.055797621459933,0.005015953959082253
326,10.63579122326258,19.082542632956752,9.27853000940212,1.3572612138604605,0.670317395776303,136.1608415608729,0.0,0.0005427908894098737,5.82,57.77035416162107,4.061481960234232,58.42992750171106,58.42992750171106,346.34375,136.0,1174.14453125,0.0,0.0,3253.0,0.0,"[1.1769559418438662, 0.36669345389250707, 4.000513986148322, 0.14637118495396392, 0.0065783705679428985, 0.2212593436675422, 0.02]",0.057770354161621074,0.004061481960234232
327,9.758202678455804,17.535936819761574,8.472547500237305,1.2856551782185017,0.6703179428334499,131.31360417178928,0.0,0.0005351004499384198,5.62,57.82315798045602,3.8285611785249785,58.70885089971125,58.70885089971125,346.34375,136.0,1174.14453125,0.0,0.0,3253.0,0.0,"[1.1768965573789893, 0.3669289933375113, 4.000515616188807, 0.14636313947855936, 0.0056108770766390625, 0.22118946081741447, 0.02]",0.057823157980456015,0.0038285611785249785
328,10.616792594827528,19.048546303500135,9.258330596019482,1.3584619988080455,0.6703186592332208,136.307374391391,0.0,0.0005626684935723142,6.72,59.480178620433435,3.3301961014512926,60.60626782127656,60.60626782127656,346.34375,136.0,1174.14453125,0.0,0.0,3253.0,0.0,"[1.1768163349067122, 0.3671973526390712, 4.000517268646801, 0.14635475124157754, 0.006568471505722707, 0.22112247233748214, 0.02]",0.059480178620433435,0.003330196101451293
329,9.73891457860097,17.50219235726373,8.452032160011878,1.2868824185890895,0.6703192085628488,131.63095902012412,0.0,0.0005683994852738946,6.34,61.30786654073745,3.8079267588909715,59.99724899767898,59.99724899767898,346.34375,136.0,1174.14453125,0.0,0.0,3253.0,0.0,"[1.1767570356943255, 0.367432120927266, 4.00051889924156, 0.14634674043790957, 0.0056007749384153665, 0.22105273012601268, 0.02]",0.06130786654073745,0.0038079267588909714
330,10.598299625598463,19.01482300331145,9.238849442383064,1.3594501832153982,0.6703199261289582,136.84568366185152,0.0,0.0005206760462490591,6.04,58.95349880098365,8.065137017401867,63.23695913713891,63.23695913713891,346.34375,136.0,1174.14453125,0.0,0.0,3253.0,0.0,"[1.1766770163554678, 0.3676992680460437, 4.000520549907683, 0.14633840041881185, 0.006558744145818253, 0.22098600652169562, 0.02]",0.058953498800983654,0.008065137017401866
331,9.720100110292153,17.468450659274527,8.431885403256093,1.2882147070360586,0.6703204761433207,131.96972763361765,0.0,0.0005526272343890002,6.5,59.69497689977288,4.379113820032217,60.56311001710128,60.56311001710128,346.34375,136.0,1174.14453125,0.0,0.0,3253.0,0.0,"[1.1766179893711426, 0.36793257958649384, 4.000522176086413, 0.1463304579523556, 0.0055906520408498155, 0.22091662720729466, 0.02]",0.059694976899772885,0.004379113820032216
332,10.57957581337504,18.981490193821106,9.218815028186274,1.3607607851887666,0.6703211950943468,137.26908025264856,6.03106102836648e-08,0.0005542910794004521,6.04,59.308023259509355,5.185328559600748,60.19543919712305,60.19543919712305,346.34375,136.0,1174.14453125,0.0,0.0,3253.0,0.0,"[1.1765381551473328, 0.3681985543304114, 4.000523825643482, 0.14632218387846008, 0.006548983615011864, 0.2208501941965374, 0.02]",0.05930802325950935,0.005185328559600748
333,9.701290545231325,17.435022888468218,8.41200098511735,1.2892895601139736,0.6703217462604163,132.20757686022614,0.0,0.0005662265905887361,6.52,62.14962737984024,2.5996904593193904,59.801351660862565,59.801351660862565,346.34375,136.0,1174.14453125,0.0,0.0,3253.0,0.0,"[1.1764793348662488, 0.36843067432669196, 4.000525448830142, 0.1463142867579055, 0.005580573096339418, 0.22078108160780052, 0.02]",0.06214962737984024,0.0025996904593193902
334,10.561160712672393,18.947986439631897,9.199106477308762,1.3620542353636302,0.6703224667984372,137.2258656567264,0.0,0.0005387807846637613,6.4,56.303741701412946,4.824078141245991,58.38308636273723,58.38308636273723,346.34375,136.0,1174.14453125,0.0,0.0,3253.0,0.0,"[1.1763996568410344, 0.3686956307250045, 4.000527096141811, 0.14630605334194077, 0.006539215165054404, 0.22071486680136168, 0.02]",0.056303741701412946,0.004824078141245991
335,9.6826211463333,17.401768815489113,8.39219034670604,1.2904307996272606,0.6703230191715818,132.60682089382905,0.0,0.0005438004942852909,6.6,58.499192780582234,5.655719979549758,61.802675779908895,61.802675779908895,346.34375,136.0,1174.14453125,0.0,0.0,3253.0,0.0,"[1.1763410030616124, 0.36892670706958774, 4.000528719631435, 0.14629820774590127, 0.005570532007711128, 0.22064593053585024, 0.02]",0.058499192780582236,0.005655719979549758
336,10.543202496196518,18.915431734542263,9.179920452732588,1.3632820434639257,0.6703237381240094,137.84981102763643,0.0,0.0005386728461531233,6.24,54.09203676099423,5.497876259032637,58.43923018081114,58.43923018081114,346.34375,136.0,1174.14453125,0.0,0.0,3253.0,0.0,"[1.1762617721035082, 0.3691896627234861, 4.000530359469929, 0.14629003074343505, 0.006529789824790384, 0.2205801151328016, 0.02]",0.054092036760994236,0.005497876259032637
337,9.664495430327777,17.368845924534632,8.37275463420972,1.2917407961180587,0.6703242901815823,132.66427594031765,0.0,0.0005338236245918053,6.44,57.604269540752284,5.9449970797868446,61.25051720009651,61.25051720009651,346.34375,136.0,1174.14453125,0.0,0.0,3253.0,0.0,"[1.1762034484816517, 0.3694191829079183, 4.0005319764097305, 0.14628222594006388, 0.0055606944762507625, 0.22051148921899266, 0.02]",0.05760426954075228,0.005944997079786844
338,10.525479350180605,18.882240714832218,9.160819969314264,1.3646593808663408,0.670325011835596,137.54292307808484,0.0,0.0005421829276272082,6.02,60.468655239092186,4.971799419727176,62.53554841969162,62.53554841969162,346.34375,136.0,1174.14453125,0.0,0.0,3254.0,0.0,"[1.1761242464045205, 0.3696815593782216, 4.000533618169629, 0.1462740900319475, 0.006520121459996056, 0.22044578843300663, 0.02]",0.06046865523909219,0.0049717994197271765
339,9.64570530692215,17.336337299864287,8.352957714481501,1.2927475924406506,0.6703255661945594,133.05857253073296,0.0,0.0005475198464871491,6.12,62.657266180031,5.476479759672657,63.52952936140355,63.52952936140355,346.34375,136.0,1174.14453125,0.0,0.0,3248.0,0.0,"[1.1760659628103187, 0.36991051991595936, 4.00053523741347, 0.14626630857936151, 0.005550888252899669, 0.22037720336103106, 0.02]",0.06265726618003101,0.005476479759672657
340,10.5078564970981,18.850298813727363,9.141964780845278,1.3658917162528197,0.6703262862740805,138.18086418351993,0.0,0.0004858009261855057,5.56,55.35872480191756,6.126490779570304,58.7462320207851,58.7462320207851,346.34375,136.0,1174.14453125,0.0,0.0,3253.0,0.0,"[1.175987201875946, 0.3701709347292712, 4.0005368711941625, 0.14625822414491227, 0.0065109135349503645, 0.22031190197733022, 0.02]",0.05535872480191756,0.006126490779570304
341,9.627935273788175,17.304006769583452,8.333689238788578,1.2942460349995963,0.670326840322114,133.2271101736941,0.0,0.0005683069917230139,6.76,59.62378237978555,6.02880408114288,63.49317966145463,63.49317966145463,346.34375,136.0,1174.14453125,0.0,0.0,3253.0,0.0,"[1.1759292494809261, 0.3703983135982379, 4.0005384843924325, 0.14625049723216385, 0.005541263081247236, 0.22024366665005435, 0.02]",0.05962378237978555,0.00602880408114288
342,10.48989272753579,18.818305755740184,9.122680413935868,1.3672123135999206,0.6703275619964633,138.5835488748112,0.0,0.0005495017545717436,5.96,61.61524608149193,5.425909836194478,62.60512453620322,62.60512453620322,346.34375,136.0,1174.14453125,0.0,0.0,3253.0,0.0,"[1.1758506101668083, 0.37065788260012816, 4.000540117284944, 0.14624243831872158, 0.006501537451513186, 0.2201785105843026, 0.02]",0.06161524608149193,0.005425909836194478
343,9.609913600637418,17.27247416504118,8.314457033060108,1.2954565675773104,0.6703281170020771,133.52993161540664,0.0,0.0005273362410900169,6.84,63.14021105878055,5.393239118275233,64.68340158055071,64.68340158055071,346.34375,136.0,1174.14453125,0.0,0.0,3253.0,0.0,"[1.1757928639175854, 0.37088408869740686, 4.000541727987301, 0.14623475905052585, 0.005531581093646978, 0.22011054536854474, 0.02]",0.06314021105878055,0.005393239118275233
344,10.47229332593825,18.78635637434472,9.103777740166052,1.3685155857721996,0.6703288398449261,138.87388897384673,0.0,0.0005141438204401288,6.08,59.024613438523374,4.223346760845743,60.504854541504756,60.504854541504756,346.34375,136.0,1174.14453125,0.0,0.0,3253.0,0.0,"[1.1757144030340803, 0.37114256843012033, 4.000543359239887, 0.14622674949018166, 0.006492181355443634, 0.22004564205187085, 0.02]",0.059024613438523374,0.004223346760845743
345,9.592110775522348,17.240800599198202,8.295419106353357,1.2966916691689891,0.6703293964227771,134.01397296023316,0.0,0.0005190137174186378,6.98,61.38817659812048,4.4217962404945865,63.39807940006722,63.39807940006722,346.34375,136.0,1174.14453125,0.0,0.0,3253.0,0.0,"[1.1756567942987968, 0.37136783717502664, 4.000544969235529, 0.1462191229896627, 0.005521983249979726, 0.2199778917254429, 0.02]",0.06138817659812048,0.0044217962404945865
346,10.454748083506965,18.754936869335456,9.08512215392717,1.3696259295797975,0.6703301197861948,139.3735605907999,0.0,0.0005361503846969231,6.44,60.516953500919044,6.446827840991318,62.370353860314935,62.370353860314935,346.34375,136.0,1174.14453125,0.0,0.0,3253.0,0.0,"[1.1755785875685225, 0.3716249448555314, 4.0005465966316365, 0.14621118216121848, 0.006482997115287034, 0.21991334721782985, 0.02]",0.06051695350091904,0.006446827840991318
347,9.575341041540934,17.208839930549722,8.277414374971695,1.2979266665692386,0.6703306766371574,134.65431521725787,0.0,0.0005828661582718529,6.98,65.93659167876467,4.038033440592699,64.7447511588689,64.7447511588689,346.34375,136.0,1174.14453125,0.0,0.0,3253.0,0.0,"[1.1755212453355464, 0.37184885182533567, 4.000548202287863, 0.14620361090745698, 0.005512445453752077, 0.2198459149744123, 0.02]",0.06593659167876467,0.0040380334405926985
348,10.43730826659493,18.724032231123847,9.066538207949145,1.3707700586457863,0.6703313985491985,139.808589542128,0.0,0.0005512859578500223,6.46,62.38614083791617,3.4936864604242146,62.23366777761839,62.23366777761839,346.34375,136.0,1174.14453125,0.0,0.0,3253.0,0.0,"[1.1754434275940469, 0.37210423267051035, 4.000549823964572, 0.14619573164667835, 0.006473976963615275, 0.2197817474907047, 0.02]",0.062386140837916174,0.0034936864604242146
349,9.557605528051305,17.178032516128876,8.258352908442465,1.29925261960884,0.6703319560601635,134.60577698897046,0.0,0.0005768199634554614,6.92,68.90795169805642,5.001402519410476,69.28248523850925,69.28248523850925,346.34375,136.0,1174.14453125,0.0,0.0,3257.0,0.0,"[1.1753863013697499, 0.3723269716146151, 4.000551426555629, 0.14618820485236234, 0.005503125649488443, 0.21971457262792254, 0.02]",0.06890795169805643,0.005001402519410476
350,10.4208523028958,18.69248959305802,9.048484963195458,1.3723673397003426,0.6703326807806544,139.9360361470217,0.0,0.0004995584365229532,6.58,60.13702158059459,4.270707000978291,61.162352039827965,61.162352039827965,346.34375,136.0,1174.14453125,0.0,0.0,3255.0,0.0,"[1.1753084882198568, 0.37258189079059517, 4.000553049810865, 0.146180351377377, 0.006464785010985636, 0.21965047670118443, 0.02]",0.06013702158059459,0.004270707000978291
351,9.539854514868114,17.14737212153625,8.239343152264567,1.3005113626035458,0.6703332386459154,134.6721382086267,0.0,0.0005181620590021593,6.82,61.183218021760695,3.901494338642806,62.41012175916694,62.41012175916694,346.34375,136.0,1174.14453125,0.0,0.0,3255.0,0.0,"[1.1752515891287987, 0.372803449537696, 4.000554649428188, 0.1461728668932381, 0.0054936348627825544, 0.21958352128040073, 0.02]",0.061183218021760695,0.0039014943386428058
352,10.403715919476564,18.66148572115728,9.029937264138967,1.3737786553375948,0.6703339638406075,140.3291680857165,0.0,0.0005506933494376648,6.5,60.66655181872193,5.744393361383118,63.48432217957452,63.48432217957452,346.34375,136.0,1174.14453125,0.0,0.0,3255.0,0.0,"[1.175174005239234, 0.3730571442780225, 4.0005562689089, 0.14616504901070707, 0.0064556520607894595, 0.2195196551115025, 0.02]",0.06066655181872193,0.005744393361383117
353,9.522435680258983,17.11661896742979,8.220694986611083,1.3017406936479032,0.6703345223395508,135.23730303471692,0.0,0.0005324053948759686,7.38,64.55961361993104,4.595381336403079,65.8628236153163,65.8628236153163,346.34375,136.0,1174.14453125,0.0,0.0,3254.0,0.0,"[1.1751173154592414, 0.3732775655802015, 4.000557865989146, 0.14615760926793542, 0.005484213254602973, 0.2194529508104942, 0.02]",0.06455961361993104,0.004595381336403079
354,10.386804095025493,18.631007655709798,9.011891501596603,1.3749125934288913,0.6703352474296534,140.55231402419318,0.0,0.0005572047113421665,6.76,63.82926526188385,4.867663900367916,63.83708234061487,63.83708234061487,346.34375,136.0,1174.14453125,0.0,0.0,3254.0,0.0,"[1.175040028365296, 0.37352978359391503, 4.000559480136406, 0.1461498513793138, 0.006446667689062891, 0.2193894571105369, 0.02]",0.06382926526188384,0.004867663900367916
355,9.505815757024813,17.086343501817744,8.202642661991991,1.3031730950328226,0.6703358075326298,135.14328092460894,0.0,0.0005565909143460283,6.6,62.21317135787103,4.0979561425046995,61.071584140881896,61.071584140881896,346.34375,136.0,1174.14453125,0.0,0.0,3254.0,0.0,"[1.1749834523312324, 0.37374939059236667, 4.000561076628558, 0.14614245201255785, 0.005475025388726453, 0.21932292997796826, 0.02]",0.062213171357871036,0.0040979561425047
356,10.370508254985706,18.600540520074112,8.994289776537176,1.3762184784485318,0.6703365329113004,140.61587928163738,0.0,0.00047978333546599945,5.96,58.86253639939241,4.2799822421511635,60.908192101633176,60.908192101633176,346.34375,136.0,1174.14453125,0.0,0.0,3254.0,0.0,"[1.1749063615518753, 0.3740005779537418, 4.000562689251158, 0.14613471432865663, 0.0064377732117297266, 0.2192595574428495, 0.02]",0.05886253639939241,0.004279982242151164
357,9.4888841253423,17.05628042522798,8.184606347619344,1.304277777722959,0.6703370934925146,135.53780222323675,0.0,0.0005292174702393688,6.12,60.71286302176304,4.018853059387766,60.57295829989016,60.57295829989016,346.34375,136.0,1174.14453125,0.0,0.0,3255.0,0.0,"[1.1748499835000696, 0.3742191382189498, 4.000564283019657, 0.14612734786947218, 0.005465871825882573, 0.21919319618079092, 0.02]",0.06071286302176304,0.004018853059387766
358,10.353917744935762,18.57056339979517,8.976447384360068,1.3774703605756975,0.6703378191915296,140.95901141890698,0.0,0.0004906070806941368,5.88,57.262652121135034,3.7837821803987026,57.313966840156354,57.313966840156354,346.34375,136.0,1174.14453125,0.0,0.0,3254.0,0.0,"[1.1747731224141706, 0.37446914436029044, 4.000565891112198, 0.14611964877837205, 0.006428962377095552, 0.2191300770002627, 0.02]",0.05726265212113504,0.0037837821803987028
359,9.471877097204613,17.026725870802306,8.166444687413021,1.3054324097915921,0.6703383804155237,135.88031156196246,0.0,0.0005372467045281794,6.22,62.145831158268265,6.758590182289481,63.84044188132975,63.84044188132975,346.34375,136.0,1174.14453125,0.0,0.0,3255.0,0.0,"[1.1747169427683593, 0.37468662911721506, 4.00056748192694, 0.1461123216794391, 0.005456792399525465, 0.21906394421316872, 0.02]",0.062145831158268265,0.006758590182289481
360,10.337377348593682,18.54084683362896,8.958635221725979,1.3787421268677045,0.6703391068691354,141.38488847380472,0.0,0.00048002821371233593,6.28,56.90470703819301,6.111883162520826,60.76462949917186,60.76462949917186,346.34375,136.0,1174.14453125,0.0,0.0,3255.0,0.0,"[1.1746402767237851, 0.3749355293603246, 4.000569087401291, 0.14610467422073145, 0.006420202974563326, 0.2190010952727855, 0.02]",0.05690470703819301,0.006111883162520826
361,9.455175446379748,16.99747464868202,8.148598481975625,1.3065769644041234,0.6703396687386919,136.3986714649881,0.0,0.0005373846188005987,6.24,60.97265450109262,3.8534711819374934,61.17568686255254,61.17568686255254,346.34375,136.0,1174.14453125,0.0,0.0,3255.0,0.0,"[1.174584301690928, 0.3751518922963554, 4.00057067550257, 0.146097398243329, 0.005447752204719962, 0.21893523243111548, 0.02]",0.06097265450109262,0.0038534711819374935
362,10.32125083885776,18.51141387550472,8.941244809404331,1.3800060294534295,0.6703403949366401,141.88174315685347,0.0,0.0005103468352494782,5.88,60.98967341997195,3.9834641193738207,62.50365402025636,62.50365402025636,346.34375,136.0,1174.14453125,0.0,0.0,3255.0,0.0,"[1.1745079269005838, 0.37539934475529974, 4.000572276773341, 0.14608981771023766, 0.00641158323519153, 0.21887275132919073, 0.02]",0.06098967341997195,0.003983464119373821
363,9.43882233909752,16.968355171384996,8.130962836554685,1.3078595025428355,0.67034095710346,136.61374747815535,0.0,0.0005380924343161176,6.5,60.124224041355774,5.505329661536962,62.69426164100878,62.69426164100878,346.34375,136.0,1174.14453125,0.0,0.0,3254.0,0.0,"[1.174452186536952, 0.3756145058759962, 4.000573860729393, 0.14608258872474308, 0.005438832735406776, 0.21880717387872797, 0.02]",0.06012422404135578,0.005505329661536962
364,10.304835854339625,18.482307375436246,8.923559884073153,1.3812759702664734,0.6703416846545798,142.1975414152288,0.0,0.0005142956433795163,6.0,59.17950370116159,5.911779758171178,61.71998215955682,61.71998215955682,346.34375,136.0,1174.14453125,0.0,0.0,3254.0,0.0,"[1.1743759351994107, 0.3758611408894772, 4.000575460239807, 0.14607504268141142, 0.006402895163930081, 0.2187448759145558, 0.02]",0.059179503701161595,0.0059117797581711784
365,9.422451213180464,16.939570957596757,8.11334074143609,1.309110471744373,0.6703422477573961,136.83298499458004,0.0,0.0005534819327035625,6.78,59.84133789956104,3.8798211805988103,59.90967365971301,59.90967365971301,346.34375,136.0,1174.14453125,0.0,0.0,3255.0,0.0,"[1.1743203570223033, 0.3760753472870333, 4.000577042437276, 0.14606785842649805, 0.005429910147465318, 0.21867950981991216, 0.02]",0.05984133789956104,0.0038798211805988105
366,10.289005453338143,18.45291663942847,8.906259062843981,1.382746390494161,0.6703429763358775,142.60603698346569,0.0,0.0005092348699060432,6.32,61.93117087765131,5.218205983983353,63.6388194229221,63.6388194229221,346.34375,136.0,1174.14453125,0.0,0.0,3255.0,0.0,"[1.1742442498962617, 0.37632110251307777, 4.000578640415744, 0.14606034301051724, 0.0063942202593593525, 0.21861738858916702, 0.02]",0.06193117087765131,0.005218205983983353
367,9.406301759661007,16.910785006835077,8.095831364256393,1.3104703954046124,0.6703435404816945,136.91342921980907,0.0,0.0005134819359738799,6.68,66.8521925015375,3.8828110980102792,66.38372267887462,66.38372267887462,346.34375,136.0,1174.14453125,0.0,0.0,3255.0,0.0,"[1.1741888295641083, 0.3765343669484938, 4.0005802204733945, 0.14605320276371644, 0.00542100347341061, 0.21855225430328246, 0.02]",0.0668521925015375,0.003882811098010279
368,10.272857265261282,18.42421195729008,8.88889310157061,1.3839641636906725,0.6703442690550213,142.89966498605307,0.0,0.0005025919224327391,6.04,59.7025897790445,4.866828742669895,61.123068261076696,61.123068261076696,346.34375,136.0,1174.14453125,0.0,0.0,3254.0,0.0,"[1.1741129504755632, 0.37677895041895776, 4.000581816569291, 0.14604573301741355, 0.006385644372379613, 0.21849036018977325, 0.02]",0.0597025897790445,0.004866828742669895
369,9.389938855924507,16.881983983157408,8.078328200884814,1.3116106550396922,0.6703448320696702,137.2592016143439,0.0,0.0005131363647156752,6.2,58.959892459679395,4.63269496045541,60.57615882193204,60.57615882193204,346.34375,136.0,1174.14453125,0.0,0.0,3254.0,0.0,"[1.1740578619715119, 0.3769907323377874, 4.000583391676606, 0.1460386397454902, 0.0054120659927659135, 0.2184255063630291, 0.02]",0.05895989245967939,0.00463269496045541
370,10.257208042631955,18.395254427625908,8.872008678453795,1.385199364178162,0.6703455610517506,142.98166711440282,0.0,0.0005429567779545922,5.9,57.67269846110139,4.784863537643105,59.03989587852266,59.03989587852266,346.34375,136.0,1174.14453125,0.0,0.0,3254.0,0.0,"[1.1739821839604403, 0.3772342690855802, 4.000584983570123, 0.14603120209272466, 0.006377002000214031, 0.21836383513937774, 0.02]",0.05767269846110139,0.004784863537643105
371,9.374181048843255,16.853620935157135,8.061278076921587,1.312902971921668,0.6703461257706922,137.44515610973994,0.0,0.0005548663903934052,6.64,68.18920307909139,3.170790678705089,66.56205835752189,66.56205835752189,346.34375,136.0,1174.14453125,0.0,0.0,3254.0,0.0,"[1.173927165694294, 0.3774454566804379, 4.000586558415593, 0.14602413168395822, 0.005403283221695026, 0.21829908902215367, 0.02]",0.06818920307909139,0.003170790678705089
372,10.241576703498442,18.36717435274175,8.854864767220173,1.3867119362782705,0.6703468536422126,143.16184073866347,0.0,0.0004987527285075339,6.02,58.432774922112,3.8548708765301853,60.52457561949268,60.52457561949268,346.34375,136.0,1174.14453125,0.0,0.0,3255.0,0.0,"[1.173851800432438, 0.3776875954156326, 4.000588145677017, 0.14601672470970256, 0.006368610888983109, 0.21823765595035338, 0.02]",0.058432774922112005,0.0038548708765301855
373,9.358145539343248,16.82549789457212,8.044043480377258,1.3141020589659913,0.6703474180276953,137.85646720675066,0.0,0.00048725410906923905,5.88,59.90070587839,7.7566108998144045,65.39025627949741,65.39025627949741,346.34375,136.0,1174.14453125,0.0,0.0,3255.0,0.0,"[1.1737970354091425, 0.37789756292532206, 4.000589717536881, 0.1460096932806008, 0.005394598775354338, 0.21817313519516526, 0.02]",0.05990070587839,0.007756610899814404
374,10.226479505598915,18.339047834727605,8.83838645246307,1.3880930531358453,0.6703481459711789,143.56412720375803,0.0,0.0004764643974579162,6.66,60.26457021886017,7.725592838251032,65.27814045955893,65.27814045955893,346.34375,136.0,1174.14453125,0.0,0.0,3255.0,0.0,"[1.1737219044395575, 0.3781385144106874, 4.000591300726043, 0.14600233506095248, 0.006360260364670925, 0.21811198976091875, 0.02]",0.06026457021886017,0.007725592838251032
375,9.342229485637295,16.79785203990673,8.027017461613577,1.3152120240237173,0.6703487109227899,138.1877057799078,0.0,0.0005168042890658888,6.42,58.15829006023705,5.3969410207355395,60.407772458856925,60.407772458856925,346.34375,136.0,1174.14453125,0.0,0.0,3254.0,0.0,"[1.1736673247623097, 0.3783474636626828, 4.000592870401121, 0.14599535215687678, 0.005386002436577093, 0.21804771275394652, 0.02]",0.05815829006023705,0.00539694102073554
376,10.21096823621302,18.311207431217856,8.821511557551359,1.3894566786616591,0.6703494392446232,144.0168207887209,0.0,0.0005007280677477241,6.42,65.14736188109964,3.499107761308551,63.96150828106329,63.96150828106329,346.34375,136.0,1174.14453125,0.0,0.0,3254.0,0.0,"[1.1735923844524814, 0.3785874070814299, 4.000594450411885, 0.14598803095871196, 0.006351943330624369, 0.21798677673357375, 0.02]",0.06514736188109964,0.003499107761308551
377,9.32643566905561,16.77010444611647,8.009881999696972,1.3165536693586366,0.6703500040601155,138.4374520075938,0.0,0.0005308815869069402,6.36,62.635515220463276,6.618994999444112,66.0375444201054,66.0375444201054,346.34375,136.0,1174.14453125,0.0,0.0,3254.0,0.0,"[1.1735380306842498, 0.3787952690224868, 4.000596016157279, 0.14598108228705386, 0.00537742765638174, 0.21792268659092917, 0.02]",0.06263551522046328,0.006618994999444112
378,10.195429418563622,18.283180331154163,8.804772000758462,1.3906574178051592,0.6703507330221536,144.32931114189145,0.0,0.0004959751872489768,6.38,59.61707144102547,4.105343041010201,61.329407122102566,61.329407122102566,346.34375,136.0,1174.14453125,0.0,0.0,3254.0,0.0,"[1.1734632501830686, 0.3790343173968316, 4.000597593955702, 0.145973790534971, 0.0063436138426748575, 0.21786192191639014, 0.02]",0.059617071441025474,0.004105343041010201
379,9.310915991632713,16.74300322323245,7.9931745354229955,1.3177414562097192,0.6703512984263749,138.64168756347442,0.0,0.0005036458795326744,6.54,62.86707492079586,4.561673579737544,63.98648389731534,63.98648389731534,346.34375,136.0,1174.14453125,0.0,0.0,3254.0,0.0,"[1.1734090691694394, 0.3792412405432989, 4.000599157002914, 0.1459668760777931, 0.005368875170180688, 0.2177980353237906, 0.02]",0.06286707492079585,0.004561673579737544
380,10.180112805531364,18.25553678536137,8.788184729609702,1.391928075921659,0.670352028747231,144.80852325173532,0.0,0.0005176874067860366,6.4,59.53828529571183,5.754890340613201,61.325386618846096,61.325386618846096,346.34375,136.0,1174.14453125,0.0,0.0,3254.0,0.0,"[1.1733343994759347, 0.3794795037665584, 4.0006007341746415, 0.1459596334446881, 0.0063352776212597444, 0.2177374842491272, 0.02]",0.05953828529571183,0.005754890340613201
381,9.295443317572866,16.715614492772712,7.976430116068533,1.3190132015043332,0.6703525947350617,139.1514508619046,0.0,0.0005144101098936938,6.78,59.366106000961736,6.068735359585844,63.01489741716068,63.01489741716068,346.34375,136.0,1174.14453125,0.0,0.0,3250.0,0.0,"[1.1732804038351043, 0.37968541314286686, 4.0006022942848665, 0.14595276944193755, 0.005360296308950064, 0.21767386277731932, 0.02]",0.05936610600096173,0.006068735359585844
382,10.16505736664558,18.228105394010786,8.7718498415802,1.3932075250653804,0.6703533248226179,145.04731126046926,0.0,0.0005283133960074678,6.14,58.7101854395587,4.8654135601827875,61.2689562398009,61.2689562398009,346.34375,136.0,1174.14453125,0.0,0.0,3255.0,0.0,"[1.1732059843443279, 0.3799224666922615, 4.000603866548831, 0.14594556982513146, 0.006327033931187506, 0.21761360153478193, 0.02]",0.0587101854395587,0.004865413560182787
383,9.280179455398006,16.688750632296134,7.959943133380968,1.3202363220170394,0.6703538918267994,139.28003955055746,0.0,0.0005287407038410556,6.76,60.54225009866059,4.086336619220674,60.546674900106154,60.546674900106154,346.34375,136.0,1174.14453125,0.0,0.0,3255.0,0.0,"[1.1731521188474945, 0.3801275774656519, 4.0006054250820355, 0.1459387392254735, 0.005351865199652307, 0.21755015913732656, 0.02]",0.060542250098660585,0.004086336619220674
384,10.149867031826377,18.200874349432542,8.755446097227988,1.3944209345983867,0.6703546232879021,145.5290210814883,0.0,0.0005334332884934125,6.22,57.08107151906006,6.006475321482867,61.617224680958316,61.617224680958316,346.34375,136.0,1174.14453125,0.0,0.0,3254.0,0.0,"[1.1730777937370187, 0.3803639354806355, 4.00060699705073, 0.14593157555883055, 0.00631879077814023, 0.21749006085821765, 0.02]",0.05708107151906006,0.006006475321482867
385,9.26499052437669,16.661817310458066,7.943512377353151,1.3214781470235377,0.6703551901744768,139.54764995940565,0.0,0.0005359623037856659,6.36,59.87705260049552,6.336528421379626,63.07051502109971,63.07051502109971,346.34375,136.0,1174.14453125,0.0,0.0,3254.0,0.0,"[1.1730241590818387, 0.3805679312318676, 4.000608551268207, 0.14592478177950863, 0.005343359341931928, 0.21742686276128118, 0.02]",0.059877052600495514,0.006336528421379626
386,10.134881277129269,18.174150909744004,8.739233946668744,1.395647330460526,0.6703559198345823,145.39373879967152,0.0,0.0005297562249205734,6.34,58.520146537339315,6.625142779084854,62.61008539935574,62.61008539935574,346.34375,136.0,1174.14453125,0.0,0.0,3254.0,0.0,"[1.1729501841506698, 0.38080283572518464, 4.00061011649393, 0.14591763845716657, 0.006310680676537254, 0.217367000024997, 0.02]",0.058520146537339314,0.006625142779084854
387,9.250473898395182,16.63498938915962,7.927288431795078,1.3231854666001026,0.6703564876712427,139.80840504404472,0.0,0.0005188512786863471,6.48,57.40173327969387,5.1420977810630575,58.93936266016681,58.93936266016681,346.34375,136.0,1174.14453125,0.0,0.0,3254.0,0.0,"[1.172896658284403, 0.3810061410285042, 4.000611670482119, 0.14591086972154452, 0.0053350926176070936, 0.21730389975653136, 0.02]",0.05740173327969387,0.005142097781063057
388,10.12050306467206,18.147313947123983,8.723488287786857,1.397014776885202,0.670357218093977,146.0307331623551,0.0,0.0005091460457773709,6.12,57.18637303856667,4.849971698713489,59.08426457783207,59.08426457783207,346.34375,136.0,1174.14453125,0.0,0.0,3254.0,0.0,"[1.1728228315322933, 0.38124018266450965, 4.0006132337386155, 0.14590376078477538, 0.006302647162353646, 0.21724423950626398, 0.02]",0.05718637303856667,0.004849971698713489
389,9.235262376125092,16.608832096482658,7.911076908216753,1.3241854679083418,0.6703577850538706,140.1350531147319,0.0,0.0005246794289412806,6.68,58.755352959851734,5.62638355710078,61.60349825571757,61.60349825571757,346.34375,136.0,1174.14453125,0.0,0.0,3254.0,0.0,"[1.1727696052531982, 0.38144212218662965, 4.000614782753758, 0.14589705035174838, 0.005326737239871978, 0.21718147178806083, 0.02]",0.05875535295985174,0.00562638355710078
390,10.105725727442966,18.121085001175107,8.707562396836806,1.3981633306061594,0.6703585135299525,146.189781405398,0.0,0.0005068518691060599,5.98,59.674714498687536,4.212686617975123,60.192010918981396,60.192010918981396,346.34375,136.0,1174.14453125,0.0,0.0,3254.0,0.0,"[1.1726961494387311, 0.38167459637282286, 4.000616339685843, 0.14588998562308578, 0.006294717597772122, 0.21712212797329103, 0.02]",0.05967471449868753,0.0042126866179751235
391,9.220286003749878,16.582945302073885,7.894849572207338,1.325436431542541,0.6703590797109513,140.27100613064576,0.0,0.0005302462309716538,6.24,57.739757459494285,4.242976639070548,58.87018073757645,58.87018073757645,346.34375,136.0,1174.14453125,0.0,0.0,3254.0,0.0,"[1.1726431810621305, 0.38187539118577535, 4.000617884295425, 0.14588329739435507, 0.005318545393344795, 0.2170595460011332, 0.02]",0.057739757459494286,0.004242976639070548
392,10.091253653965229,18.094476362715096,8.691825246322706,1.3994284076425227,0.6703598093855688,146.3875945544249,0.0,0.0004936267462214325,5.44,55.1271980185993,5.910154422745109,58.60178942326456,58.60178942326456,346.34375,136.0,1174.14453125,0.0,0.0,3254.0,0.0,"[1.1725698204351995, 0.38210719186698344, 4.000619440830457, 0.14587626838437662, 0.006286703494078249, 0.21700034528496276, 0.02]",0.055127198018599305,0.005910154422745109
393,9.205910511107152,16.556949821838884,7.879077459908574,1.3268330511985797,0.670360376895026,140.7987589325809,0.0,0.0005126451978349141,6.56,56.3143438793486,6.267441642121412,61.37010164093226,61.37010164093226,346.34375,136.0,1174.14453125,0.0,0.0,3254.0,0.0,"[1.172516945976543, 0.3823073156954653, 4.000620984450935, 0.145869619132441, 0.0053103772937579076, 0.21693793294536184, 0.02]",0.0563143438793486,0.006267441642121412
394,10.076559131711065,18.068756173182305,8.675886032554216,1.4006730991568483,0.6703611060183837,146.65894924833373,0.0,0.0005128795742731683,6.36,61.7715456802398,4.076935619232245,62.16739480034448,62.16739480034448,346.34375,136.0,1174.14453125,0.0,0.0,3254.0,0.0,"[1.172443847170944, 0.38253789558721696, 4.000622535974032, 0.1458626272392649, 0.006278864837794751, 0.2168790257184967, 0.02]",0.0617715456802398,0.004076935619232245
395,9.191388362702066,16.53137655213765,7.863234116353844,1.3281542463482214,0.6703616743568848,140.87036771355744,0.0,0.0005285566186781518,6.36,59.64151017658878,5.220977442222647,61.84081047947984,61.84081047947984,346.34375,136.0,1174.14453125,0.0,0.0,3255.0,0.0,"[1.1723911008408818, 0.38273726143361714, 4.000624077892406, 0.14585600710100807, 0.005302366391190108, 0.21681677088754858, 0.02]",0.05964151017658878,0.005220977442222647
396,10.06267023396419,18.042688921707736,8.660625234997447,1.4020449989667447,0.6703624048834896,146.99731211245782,0.0,0.0004942734757555889,5.74,60.65975308360066,3.145305758807808,58.8821418187581,58.8821418187581,346.34375,136.0,1174.14453125,0.0,0.0,3255.0,0.0,"[1.1723180743046933, 0.3829672580403079, 4.000625629285438, 0.14584904439365967, 0.006271005468515233, 0.21675798196279544, 0.02]",0.060659753083600665,0.003145305758807808
397,9.176836220094469,16.505994441916556,7.8474135392051885,1.3294226808892828,0.670362973592914,141.02525383811448,0.0,0.0005203756334983848,5.94,59.002413679263555,4.261982460739091,60.58105246338528,60.58105246338528,346.34375,136.0,1174.14453125,0.0,0.0,3264.0,3.0,"[1.172265491462582, 0.38316576231750743, 4.000627168582303, 0.14584245861246423, 0.005294311253386359, 0.2166959032641913, 0.02]",0.05900241367926355,0.004261982460739091
398,10.048259989280892,18.01686317557522,8.644975212824276,1.403284776456617,0.6703637052936008,147.32987608799863,0.0,0.000501514353770271,5.62,59.98297736281529,4.57650369615294,60.165088138892315,60.165088138892315,346.34375,136.0,1174.14453125,0.0,0.0,3263.0,2.0,"[1.1721925601833971, 0.38339510032025, 4.00062871892783, 0.14583552840091238, 0.006263122825127327, 0.21663726184488977, 0.02]",0.05998297736281529,0.00457650369615294
399,9.162353262929804,16.480666347177138,7.831705385487123,1.3306478774426822,0.670364274763001,141.51283515886928,0.0,0.0005216817496666641,5.84,58.92667594074737,4.988770201453008,60.47237582039088,60.47237582039088,346.34375,136.0,1174.14453125,0.0,0.0,3263.0,2.0,"[1.1721401222282681, 0.3835927575278867, 4.000630256374052, 0.14582899035689786, 0.005286234085736289, 0.21657541388446955, 0.02]",0.058926675940747374,0.004988770201453008
400,10.034604117270522,17.9912956962948,8.629702146820646,1.4049019704498746,0.6703650059566932,147.7382041297927,0.0,0.0004929628685780814,6.06,57.46822277957108,3.8248466182267293,58.134348302846774,58.134348302846774,346.34375,136.0,1174.14453125,0.0,0.0,3263.0,2.0,"[1.1720674420586112, 0.383820918766735, 4.000631801746733, 0.14582210410544347, 0.006255360140313543, 0.216517062160284, 0.02]",0.05746822277957108,0.003824846618226729
401,9.148500219285774,16.455453375446528,7.816581926050934,1.331918293234842,0.670365575554079,141.5622367448707,0.0,0.0004970292470191981,5.7,56.79033769702073,4.773682203958742,56.90235856163781,56.90235856163781,346.34375,136.0,1174.14453125,0.0,0.0,3263.0,2.0,"[1.1720151913187935, 0.3840176347007526, 4.000633336139156, 0.14581559629809493, 0.005278257704920465, 0.21645542754086539, 0.02]",0.05679033769702073,0.004773682203958743
402,10.020201884049127,17.96584909726129,8.614060989837187,1.406140894211941,0.6703663083709801,148.0955751219893,0.0,0.0004919339132067757,6.08,61.53079803974833,3.087762118084356,60.26681831863243,60.26681831863243,346.34375,136.0,1174.14453125,0.0,0.0,3263.0,2.0,"[1.1719425634176388, 0.3842452795926813, 4.00063488153385, 0.14580874359642562, 0.0062475167776533435, 0.2163971995982725, 0.02]",0.061530798039748334,0.003087762118084356
403,9.134198181959174,16.430406773422913,7.801070405033029,1.3331277769261458,0.6703668782261547,141.9027772183011,0.0,0.0005140241031694112,5.66,58.11373509874102,2.8815594408661127,56.48761267832015,56.48761267832015,346.34375,136.0,1174.14453125,0.0,0.0,3262.0,1.0,"[1.171890482268997, 0.3844411171266385, 4.000636413254346, 0.1458022696899449, 0.005270217031966853, 0.21633574910043443, 0.02]",0.058113735098741015,0.002881559440866113
404,10.006297936481415,17.940858160139832,8.598778602502705,1.4075193339787093,0.6703676087855288,148.1597944318876,0.0,0.0004922589699571791,5.9,58.20451754319947,3.6887829611077905,58.483580821193755,58.483580821193755,346.34375,136.0,1174.14453125,0.0,0.0,3263.0,2.0,"[1.1718182311140444, 0.3846672371516003, 4.000637951229143, 0.1457954451745139, 0.006239879033376135, 0.21627781665226603, 0.02]",0.05820451754319947,0.0036887829611077904
405,9.11995620592483,16.405809806400963,7.7857524766143085,1.3342037293105253,0.670368178497693,142.12296262232786,0.0,0.0004932477331862292,5.68,59.310556038981304,3.058648540172726,57.9225529206451,57.9225529206451,346.34375,136.0,1174.14453125,0.0,0.0,3263.0,2.0,"[1.17176634155739, 0.38486212946377135, 4.000639480967427, 0.14578900766036448, 0.005262368817210642, 0.21621654303512305, 0.02]",0.059310556038981305,0.0030586485401727257
406,9.992225800140591,17.91595210219019,8.583614691458815,1.4086111086817785,0.6703689096257458,148.5549231050139,0.0,0.0005063000061190501,5.82,55.645899597438984,6.68893483991269,59.69419883855153,59.69419883855153,346.34375,136.0,1174.14453125,0.0,0.0,3262.0,1.0,"[1.1716942249241926, 0.38508748586175856, 4.000641017062439, 0.14578221802982488, 0.0062322282996151975, 0.2161587692451517, 0.02]",0.055645899597438986,0.00668893483991269
407,9.106058082874073,16.381245770339877,7.7705082921770146,1.3355497906970581,0.6703694793382236,142.44623113237196,0.0,0.0005107322264490098,5.78,57.87031033949461,6.046028561540879,58.99046758422628,58.99046758422628,346.34375,136.0,1174.14453125,0.0,0.0,3262.0,1.0,"[1.1716425280021636, 0.3852814270591436, 4.000642543342392, 0.14577581785802549, 0.0052545047976148155, 0.21609771433459826, 0.02]",0.05787031033949461,0.006046028561540879
408,9.978945805245933,17.891247267570428,8.56889700074475,1.4100488045011863,0.6703702083874646,148.5079359166891,0.0,0.0004982516484619826,6.06,57.96267509867903,3.744272018666379,57.91688111901749,57.91688111901749,346.34375,136.0,1174.14453125,0.0,0.0,3258.0,0.0,"[1.1715707674314286, 0.38550531993138176, 4.000644073028383, 0.14576906192997333, 0.006224747112485664, 0.21604023155312702, 0.02]",0.05796267509867903,0.003744272018666379
409,9.092129309412154,16.357255149203382,7.7554215305891425,1.3367077788230133,0.6703707780380382,142.76383132014337,0.0,0.000520022780498919,5.76,56.848405282362364,4.838985617388971,57.94413439987693,57.94413439987693,346.34375,136.0,1174.14453125,0.0,0.0,3262.0,1.0,"[1.1715192338247242, 0.3856984584501531, 4.000645597869647, 0.14576267915882132, 0.0052468500961170535, 0.21597927123486754, 0.02]",0.05684840528236237,0.004838985617388971
410,9.965004932485947,17.867224360121114,8.553871046419015,1.411133886066931,0.6703715070982625,148.9518014472577,0.0,0.00047769335597763404,5.76,59.98284830071498,4.8770363023504615,60.91723098244984,60.91723098244984,346.34375,136.0,1174.14453125,0.0,0.0,3262.0,1.0,"[1.1714476550886885, 0.38592144593422834, 4.000647124265763, 0.14575595296924848, 0.006217326066646804, 0.21592198349104408, 0.02]",0.05998284830071498,0.004877036302350462
411,9.078497474121265,16.333208653370633,7.740593157256851,1.3379043168644131,0.6703720766325241,142.95760123843596,0.0,0.0005043277515878893,6.02,54.75960977957584,5.022490220726468,56.93436298111919,56.93436298111919,346.34375,136.0,1174.14453125,0.0,0.0,3262.0,1.0,"[1.1713963222669828, 0.386113608821358, 4.000648645391815, 0.1457496103112153, 0.00523921151378411, 0.2158612566884349, 0.02]",0.05475960977957584,0.005022490220726468
412,9.951779576412802,17.84279860298342,8.539319334226048,1.4124602421867523,0.6703728065695749,149.16561194001966,0.0,0.0004862091497254135,5.74,56.78274400008377,5.262271941173822,58.976646599476226,58.976646599476226,346.34375,136.0,1174.14453125,0.0,0.0,3262.0,1.0,"[1.1713248523670075, 0.38633590666719003, 4.00065017073781, 0.14574291860843563, 0.006209863818865575, 0.21580413648014132, 0.02]",0.05678274400008377,0.005262271941173822
413,9.064922806448799,16.309317348344116,7.725610454772119,1.3393123516766803,0.6703733769593744,142.93387511006694,0.0,0.0005416995389603798,6.04,56.90117674006615,4.301572780241258,57.26131312258076,57.26131312258076,346.34375,136.0,1174.14453125,0.0,0.0,3262.0,1.0,"[1.1712736252221478, 0.3865274214555248, 4.000651690410365, 0.14573660214985706, 0.005231608027059536, 0.21574354552199154, 0.02]",0.056901176740066145,0.004301572780241259
414,9.938192419377776,17.818449609410454,8.524531213776605,1.41366120560117,0.6703741086517901,149.5443689820049,0.0,0.00046472892144094397,5.44,57.30553581845015,3.825583941070363,55.59201772441156,55.59201772441156,346.34375,136.0,1174.14453125,0.0,0.0,3262.0,1.0,"[1.1712021738419884, 0.3867493542898811, 4.000653216920779, 0.14572992858087777, 0.006202348725168001, 0.2156864828584292, 0.02]",0.05730553581845015,0.0038255839410703627
415,9.05113742434636,16.285613693554396,7.710710071938918,1.3404273524074422,0.6703746793274841,143.39427425461514,0.0,0.0005477015786153985,6.1,58.25392449623905,3.570467583485879,58.299446300952695,58.299446300952695,346.34375,136.0,1174.14453125,0.0,0.0,3262.0,1.0,"[1.1711511124353602, 0.38694002448857, 4.000654732849217, 0.145723640686305, 0.005223906204560134, 0.21562610068986068, 0.02]",0.05825392449623905,0.003570467583485879
416,9.924701790358428,17.794491520807725,8.509830139727573,1.4148716506308556,0.6703754104116797,149.8293462975943,0.0,0.00047200758769099877,5.42,53.662474062875845,6.174273579381406,57.39455530187115,57.39455530187115,346.34375,136.0,1174.14453125,0.0,0.0,3262.0,1.0,"[1.171079899502471, 0.3871608597825279, 4.000656254559075, 0.14571700767393242, 0.006194930643581783, 0.21556930528963728, 0.02]",0.053662474062875845,0.006174273579381407
417,9.037986407426219,16.261995897089538,7.696162364990011,1.3418240424362053,0.670375981496445,143.83980682577408,0.0,0.000499812282164529,6.18,58.84074274043087,3.0994748999364674,58.1264787184773,58.1264787184773,346.34375,136.0,1174.14453125,0.0,0.0,3262.0,1.0,"[1.1710289785556873, 0.38735075808414565, 4.000657768985553, 0.1457107577906355, 0.005216320031569945, 0.2155090922699733, 0.02]",0.05884074274043087,0.0030994748999364674
418,9.911265776528206,17.7708788088891,8.4953320654326,1.4159337110956083,0.6703767122268668,150.31303391807091,0.0,0.000489279692332285,5.36,56.209371580625884,2.9414609394734725,55.03144221904222,55.03144221904222,346.34375,136.0,1174.14453125,0.0,0.0,3262.0,1.0,"[1.1709579849467473, 0.38757052717761986, 4.000659287278656, 0.1457041772525114, 0.006187619558516972, 0.21545258498472783, 0.02]",0.05620937158062588,0.0029414609394734724
419,9.02435810631237,16.23877772404978,7.6814491399565945,1.342908966355774,0.6703772831235789,144.1459242829996,0.0,0.0005089187432046976,6.1,58.85654305922799,3.5225237219128758,58.102067820727825,58.102067820727825,346.34375,136.0,1174.14453125,0.0,0.0,3262.0,1.0,"[1.1709072645037257, 0.3877594678054638, 4.000660797623481, 0.14569796601189633, 0.0052087984489890835, 0.2153926079000415, 0.02]",0.05885654305922799,0.003522523721912876
420,9.898428016763196,17.747079904560394,8.481015142377752,1.417412874385445,0.6703780141890755,150.64349548986755,0.0,0.0005059677704558675,5.32,52.830063599394634,3.442691339296289,53.26961500046309,53.26961500046309,346.34375,136.0,1174.14453125,0.0,0.0,3262.0,1.0,"[1.1708364252580932, 0.3879784249629961, 4.000662312599845, 0.1456914153718332, 0.006180304633361412, 0.21533630432895243, 0.02]",0.052830063599394635,0.003442691339296289
421,9.011236488491045,16.215523769388682,7.6670040002470765,1.3442324882439698,0.6703785855413077,144.20721311891984,0.0,0.0005225492636121254,6.02,56.46116588206496,4.686159900156781,58.362251262879,58.362251262879,346.34375,136.0,1174.14453125,0.0,0.0,3262.0,1.0,"[1.1707858458695157, 0.3881666029201184, 4.000663820458849, 0.1456852340008959, 0.00520131780608824, 0.215276512264836, 0.02]",0.05646116588206496,0.004686159900156781
422,9.885374169703756,17.72339187767123,8.466596345724893,1.418777823978861,0.6703793175305602,150.52317350296997,0.0,0.0004956110058213529,5.64,55.98431909864303,6.900847781798802,59.99860644049477,59.99860644049477,346.34375,136.0,1174.14453125,0.0,0.0,3262.0,1.0,"[1.1707150859051072, 0.3883850339606141, 4.0006653345059675, 0.14567869549451115, 0.006172952166248045, 0.215220275855603, 0.02]",0.05598431909864303,0.006900847781798803
423,8.997776424459188,16.192512708309586,7.652414478020102,1.3453619464390847,0.6703798890070044,144.38115720878972,0.0,0.0004980811838793242,5.9,56.360154321882874,6.458158358000219,59.82413112302311,59.82413112302311,346.34375,136.0,1174.14453125,0.0,0.0,3262.0,1.0,"[1.1706646410138117, 0.3885725300681828, 4.000666841304916, 0.14567252281403803, 0.005193823394520052, 0.21516055150108473, 0.02]",0.05636015432188288,0.006458158358000219
424,9.872465589518038,17.70006672288692,8.452312870708765,1.420152718809273,0.6703806196615131,150.91736320599435,0.0,0.0005069823422137543,5.58,59.481298360042274,4.320798080880195,58.08086974080652,58.08086974080652,346.34375,136.0,1174.14453125,0.0,0.0,3262.0,1.0,"[1.1705941534945479, 0.38878980828868126, 4.000668350379372, 0.14566600971821222, 0.006165748856739526, 0.21510453469398422, 0.02]",0.059481298360042276,0.004320798080880195
425,8.984680558217011,16.16967498362756,7.6381115729592235,1.3465689852577867,0.6703811912735897,144.7625291762995,0.0,0.0005012091684678596,5.94,60.48075543832965,4.177788023953326,59.469053101493046,59.469053101493046,346.34375,136.0,1174.14453125,0.0,0.0,3262.0,1.0,"[1.1705438786487035, 0.38897642628758655, 4.000669854590428, 0.14565988314290332, 0.005186429004638061, 0.21504504526592597, 0.02]",0.060480755438329654,0.004177788023953326
426,9.859368902992891,17.67714157616427,8.438157156449419,1.4212117465434744,0.6703819217027845,151.0450174584909,0.0,0.0005131170981483702,5.52,54.16144723887555,4.408604903146625,55.895924441865645,55.895924441865645,346.34375,136.0,1174.14453125,0.0,0.0,3262.0,1.0,"[1.1704735877827452, 0.3891927523028389, 4.000671359979889, 0.1456534082983902, 0.006158595352885183, 0.21498927205729468, 0.02]",0.05416144723887555,0.004408604903146624
427,8.971597522641508,16.14701284111355,7.62374157172798,1.3478559509135286,0.6703824922274663,144.87139422791856,0.0,0.0005508164583938275,7.26,63.17455938027706,5.473289379151538,65.04028755938634,65.04028755938634,346.34375,136.0,1174.14453125,0.0,0.0,3262.0,1.0,"[1.1704235495820579, 0.38937837750385956, 4.000672859967523, 0.14564729885458919, 0.005179066175465728, 0.21492992158533133, 0.02]",0.06317455938027706,0.005473289379151538
428,9.846526626278655,17.654296515002578,8.424055845118021,1.4224707811606356,0.6703832212352363,151.26877708380587,0.0,0.0005135053736879668,6.12,58.962860220926814,5.906385796843097,62.32310731720645,62.32310731720645,346.34375,136.0,1174.14453125,0.0,0.0,3258.0,0.0,"[1.1703535161982122, 0.389593632528926, 4.000674361636994, 0.1456408462185811, 0.006151498679842243, 0.21487431823807288, 0.02]",0.05896286022092681,0.005906385796843097
429,8.95878761926928,16.124766585913626,7.609788962477257,1.3489986567920247,0.670383792659476,139.30782264739102,0.0,0.0005094192039866135,6.12,60.78998684010003,4.925495303468779,62.72150220233016,62.72150220233016,346.34375,136.0,1174.14453125,0.0,0.0,3262.0,1.0,"[1.17030356860938, 0.3897786551830453, 4.0006758613527165, 0.1456347693790322, 0.005171841890030635, 0.2148151130620395, 0.02]",0.06078998684010003,0.004925495303468779
430,9.832559265116393,17.626778910126873,8.408962151343438,1.4235971137729557,0.6703845498565568,151.26054856805834,0.0,0.000498528097223559,6.28,61.64981030218769,4.03696859779302,62.0642271800898,62.0642271800898,346.34375,136.0,1174.14453125,0.0,0.0,3263.0,2.0,"[1.1702311136819854, 0.39000168914430283, 4.000677425909127, 0.14562810130601836, 0.006142202306941717, 0.21475714853956812, 0.02]",0.06164981030218769,0.00403696859779302
431,8.94392436020154,16.09972533776842,7.594029450179979,1.34989491002156,0.6703851228748341,140.1444832649503,0.0,0.000512449447336676,6.24,57.0439782802714,4.779591360711493,57.7101093204692,57.7101093204692,346.34375,136.0,1174.14453125,0.0,0.0,3262.0,1.0,"[1.1701811865103682, 0.39018636531229794, 4.000678927013537, 0.14562204769028084, 0.005162475190858629, 0.2146980057553143, 0.02]",0.057043978280271405,0.0047795913607114925
432,9.816917652910227,17.60107025382981,8.392136332079557,1.4247813208306703,0.6703858772006974,151.11820228998536,0.0,0.00048010251523165415,5.36,55.29695549921598,5.4175257589668036,56.87256204080768,56.87256204080768,346.34375,136.0,1174.14453125,0.0,0.0,3262.0,1.0,"[1.1701091584048464, 0.3904077195472329, 4.000680481500323, 0.14561542940551617, 0.006133276993505823, 0.2146404566759855, 0.02]",0.05529695549921598,0.005417525758966804
433,8.929849081065056,16.075022454080294,7.578668973835545,1.351180107229512,0.6703864528651653,140.8089706124471,0.0,0.0005169866778085264,6.14,57.36843915714417,3.821029202081263,57.70966839918401,57.70966839918401,346.34375,136.0,1174.14453125,0.0,0.0,3262.0,1.0,"[1.1700591810119125, 0.39059225927728614, 4.000681983640134, 0.1456093837899488, 0.005153525990768969, 0.21458132533946483, 0.02]",0.057368439157144166,0.0038210292020812633
434,9.802867978317337,17.575477252416412,8.376771746974548,1.4260962313427905,0.6703872055388915,151.36866676893123,0.0,0.000465504694740807,5.38,58.57360505848192,4.671581042348407,57.17597568058409,57.17597568058409,346.34375,136.0,1174.14453125,0.0,0.0,3262.0,1.0,"[1.1699874797197845, 0.39081221087226603, 4.000683531910502, 0.14560282397844448, 0.00612469406361812, 0.2145241644562568, 0.02]",0.058573605058481915,0.004671581042348407
435,8.915466983701847,16.050997142033303,7.5634439080245235,1.352023075677324,0.6703877819027816,141.5982576695361,0.0,0.0005086827590975215,5.78,54.408578280126676,6.783752216724679,59.05585255706683,59.05585255706683,346.34375,136.0,1174.14453125,0.0,0.0,3262.0,1.0,"[1.1699376124678131, 0.39099609134036284, 4.0006850327286125, 0.14559681283773176, 0.0051448038258831074, 0.21446519017080926, 0.02]",0.05440857828012668,0.006783752216724679
436,9.788597591253456,17.550742534956484,8.361565521511565,1.4270320697418892,0.6703885321847317,151.50837450215846,0.0,0.0004710616958968987,5.3,55.92553428024985,6.271028141491115,59.64373492170125,59.64373492170125,346.34375,136.0,1174.14453125,0.0,0.0,3262.0,1.0,"[1.1698662969459797, 0.3912144846145714, 4.000686571899464, 0.14559031304396391, 0.00611637641710675, 0.2144084402128447, 0.02]",0.05592553428024985,0.006271028141491115
437,8.901899300547875,16.027442668453165,7.548711042123556,1.3531882584243207,0.6703891095750366,142.32928319568202,0.0,0.0005105626088873604,7.04,60.392859379644506,6.646838343585841,64.20549742353614,64.20549742353614,346.34375,136.0,1174.14453125,0.0,0.0,3262.0,1.0,"[1.1698165061219672, 0.3913978468895349, 4.000688071310608, 0.14558431969381636, 0.005136378907680301, 0.21434956863235496, 0.02]",0.0603928593796445,0.006646838343585842
438,9.775052139813253,17.5264050259162,8.346831503366335,1.4282206364469172,0.6703898577960664,151.5625150343671,0.0,0.000476890504159961,5.32,54.982335303211585,4.13483859738335,54.04484023805708,54.04484023805708,346.34375,136.0,1174.14453125,0.0,0.0,3258.0,0.0,"[1.1697455453850882, 0.39161476807508744, 4.000689603261686, 0.14557787684348872, 0.006108330838075071, 0.21429321829186382, 0.02]",0.05498233530321159,0.00413483859738335
439,8.888447972203107,16.004347384773176,7.534094494911128,1.3543534772919767,0.6703904366621068,143.16191618264452,0.0,0.0004699816178655061,5.7,55.18780191778205,3.094697382184677,54.61564730270766,54.61564730270766,346.34375,136.0,1174.14453125,0.0,0.0,3263.0,2.0,"[1.1696957943588395, 0.3917977054733066, 4.000691102896267, 0.1455719082495997, 0.0051282456689915705, 0.21423444812908982, 0.02]",0.05518780191778205,0.0030946973821846767
440,9.761415206154094,17.502963952670378,8.33237751498365,1.429037691170444,0.6703911822411239,151.84167054768844,0.0,0.0004861360325105829,5.28,54.886148601653986,3.444630875601433,54.20839783386327,54.20839783386327,346.34375,136.0,1174.14453125,0.0,0.0,3263.0,2.0,"[1.1696252336221946, 0.39201304403951154, 4.000692625285193, 0.14556551466944137, 0.006100602260229108, 0.2141785021884273, 0.02]",0.054886148601653986,0.003444630875601433
441,8.875558888934744,15.981478829840109,7.520113655641873,1.3554452332928717,0.6703917615509406,143.19878768582697,0.0,0.0005574364487685618,6.82,57.352912641945295,3.2682707376079634,57.249069238314405,57.249069238314405,346.34375,136.0,1174.14453125,0.0,0.0,3262.0,1.0,"[1.169575602873777, 0.39219531536957425, 4.000694123216819, 0.1455595774248537, 0.005120378232553506, 0.21411987359531373, 0.02]",0.057352912641945294,0.003268270737607963
442,9.748780958994987,17.47944242970098,8.318235609179991,1.4305453498149945,0.670392505630851,151.52933314432767,0.0,0.0005122050996874563,5.62,55.79102272109594,4.319520318531431,56.722134599112906,56.722134599112906,346.34375,136.0,1174.14453125,0.0,0.0,3262.0,1.0,"[1.1695052873572107, 0.39240964812527585, 4.000695642823391, 0.14555320091026633, 0.006092982133923769, 0.2140640535286143, 0.02]",0.05579102272109594,0.004319520318531432
443,8.862399662751155,15.95920214039469,7.505824452132629,1.356575210618527,0.6703930855821119,143.9069366510835,0.0,0.0005532043487989471,6.9,58.5066908178851,3.17178689816501,58.24702629761305,58.24702629761305,346.34375,136.0,1174.14453125,0.0,0.0,3262.0,1.0,"[1.1694557252984628, 0.3925914867396548, 4.00069714131187, 0.1455472620324002, 0.005112675350756356, 0.21400540699608145, 0.02]",0.0585066908178851,0.00317178689816501
444,9.735991756153979,17.456677561557715,8.304145036608249,1.4318467195457272,0.6703938276521278,151.89606809599235,0.0,0.0005070717764591977,5.64,54.93094330013264,4.392032539471984,54.7248845588183,54.7248845588183,346.34375,136.0,1174.14453125,0.0,0.0,3262.0,1.0,"[1.1693857551343458, 0.39280438167732784, 4.000698653811495, 0.14554094583131408, 0.006085642787141523, 0.21394998040214355, 0.02]",0.05493094330013264,0.004392032539471984
445,8.849807645267514,15.937419869839136,7.492004296638328,1.357803348629188,0.6703944077986932,144.24199743964928,0.0,0.0005331569244041455,6.94,64.62803865841124,5.0528411800041795,64.43645305698738,64.43645305698738,346.34375,136.0,1174.14453125,0.0,0.0,3274.0,13.0,"[1.169336341375142, 0.3929854636153303, 4.000700149348945, 0.1455350350599891, 0.005105176994645664, 0.21389152299873732, 0.02]",0.06462803865841124,0.00505284118000418
446,9.723275228986939,17.434057591734902,8.290254764034618,1.4330204649523202,0.6703951500708943,151.6564670413837,0.0,0.0005100741756613872,5.54,55.53666753869038,4.117671843268909,55.9083029802423,55.9083029802423,346.34375,136.0,1174.14453125,0.0,0.0,3263.0,2.0,"[1.1692665188565794, 0.3931976001765427, 4.000701658578584, 0.1455287461358237, 0.006078331977584118, 0.21383629215476893, 0.02]",0.05553666753869038,0.0041176718432689085
447,8.83714292254138,15.915631947507551,7.478162175121735,1.3589807474196445,0.670395730803504,144.43871908226998,0.0,0.0005388510054798475,6.8,61.21373043511994,4.7432328219292685,62.60672703792807,62.60672703792807,346.34375,136.0,1174.14453125,0.0,0.0,3263.0,2.0,"[1.169217188226067, 0.3933781741609735, 4.000703154247532, 0.14552285030127446, 0.005097765570893982, 0.21377787940610046, 0.02]",0.06121373043511994,0.004743232821929269
448,9.71088859033084,17.411735654962914,8.276703990245787,1.434184600085053,0.6703964708848752,151.95390436001497,0.0,0.0004883370084563046,5.74,56.13021954020951,4.87826807948295,57.9509584401967,57.9509584401967,346.34375,136.0,1174.14453125,0.0,0.0,3263.0,2.0,"[1.1691476781831387, 0.39358910037878364, 4.000704657273798, 0.14551657600163115, 0.006071216843717135, 0.2137228387113957, 0.02]",0.05613021954020951,0.0048782680794829504
449,8.825006680107697,15.894005280301196,7.464521704244253,1.3604849758634436,0.670397052054969,144.5582423849508,0.0,0.0005318083207850335,6.88,59.19343627698254,4.149796683341265,60.455583002767526,60.455583002767526,346.34375,136.0,1174.14453125,0.0,0.0,3263.0,2.0,"[1.1690984712022383, 0.39376899370061874, 4.0007061507352875, 0.14551071620123077, 0.005090508399679202, 0.2136646025896036, 0.02]",0.059193436276982536,0.0041497966833412645
450,9.698222420378556,17.389722868077634,8.262736433788024,1.4354859865905323,0.6703977931933869,152.40951157472284,0.0,0.0005020050403859294,5.94,61.00811596028507,5.474141677841544,62.163354936637916,62.163354936637916,346.34375,136.0,1174.14453125,0.0,0.0,3263.0,2.0,"[1.1690290322069243, 0.3939793899703805, 4.000707653291151, 0.14550447481744896, 0.006064088041911062, 0.2136097108482182, 0.02]",0.06100811596028507,0.005474141677841544
451,8.812389541520291,15.8728069875316,7.450924678108777,1.361464863411514,0.6703983736839869,145.3241178587686,0.0,0.0005003052555312664,6.8,59.70727553998586,6.495243860408664,63.91579962160904,63.91579962160904,346.34375,136.0,1174.14453125,0.0,0.0,3263.0,2.0,"[1.1689800369883052, 0.3941583433516928, 4.000709142469665, 0.14549864888296796, 0.005083183537446043, 0.21355169921308126, 0.02]",0.05970727553998586,0.006495243860408664
452,9.68595608971727,17.367955659739685,8.249499455416247,1.436456634301025,0.67039911245587,152.74450311432582,0.0,0.0004857394709285071,5.76,59.37805553956423,4.5173447008710355,59.384332319605164,59.384332319605164,346.34375,136.0,1174.14453125,0.0,0.0,3263.0,2.0,"[1.1689109548684444, 0.39436734161954123, 4.000710636153479, 0.14549244220415405, 0.006057108809118904, 0.2134971446900622, 0.02]",0.05937805553956423,0.004517344700871035
453,8.80045609186331,15.851412656984477,7.4374864343934375,1.3629696574698726,0.6703996931566458,145.3846719894848,0.0,0.0005207563082377903,6.86,59.24553283723071,5.662635921034962,60.56847447936889,60.56847447936889,346.34375,136.0,1174.14453125,0.0,0.0,3263.0,2.0,"[1.1688620953032427, 0.3945455932868865, 4.000712122788375, 0.14548664619145313, 0.005076059960349558, 0.21343929628087374, 0.02]",0.05924553283723071,0.005662635921034962
454,9.673744491567263,17.34629355473241,8.23609989005662,1.4376446015106408,0.6704004331363906,152.93186399515048,0.0,0.0004986189688820169,5.8,55.15770236204844,6.888336619012989,60.24961652001366,60.24961652001366,346.34375,136.0,1174.14453125,0.0,0.0,3263.0,2.0,"[1.1687930637998738, 0.39475412895357676, 4.000713616983361, 0.14548047672490802, 0.006050095237017143, 0.21338486731691234, 0.02]",0.05515770236204844,0.006888336619012989
455,8.788191327371916,15.83053304024155,7.424039857891536,1.3641514694803798,0.6704010145802896,145.82320306463603,0.0,0.0005618585610207242,6.3,55.42664812179282,2.913006617454812,55.0270292814821,55.0270292814821,346.34375,136.0,1174.14453125,0.0,0.0,3263.0,2.0,"[1.1687442936452108, 0.3949318264139195, 4.000715102353783, 0.1454747050002206, 0.00506893348943146, 0.21332715085017823, 0.02]",0.05542664812179282,0.0029130066174548118
456,9.661805339350526,17.32474746850046,8.22284221661698,1.4389631227335444,0.6704017538333715,153.21976400659082,0.0,0.00048784090507345744,5.82,59.37149622302968,5.141735596698709,59.73343407968059,59.73343407968059,346.34375,136.0,1174.14453125,0.0,0.0,3263.0,2.0,"[1.1686754767283962, 0.3951394133216351, 4.000716591544365, 0.1454685646693735, 0.006043199674801771, 0.21327295318986, 0.02]",0.05937149622302968,0.005141735596698709
457,8.776103920005621,15.80991798077776,7.410833877738697,1.3652700422669213,0.6704023356044727,145.96692906864035,0.0,0.0005390111743773687,6.68,57.88718070019968,6.112010178621858,61.24166890163906,61.24166890163906,346.34375,136.0,1174.14453125,0.0,0.0,3263.0,2.0,"[1.1686268316124524, 0.3953164367260209, 4.000718075003364, 0.14546282442301292, 0.005061899564801496, 0.21321540920654292, 0.02]",0.05788718070019968,0.006112010178621858
458,9.649844340487748,17.303316069973633,8.209588275150553,1.440256065337195,0.670403075410045,153.4256804656253,0.0,0.0005363530314269387,6.02,53.2000775024062,7.742313879425637,59.101325980736874,59.101325980736874,346.34375,136.0,1174.14453125,0.0,0.0,3263.0,2.0,"[1.168558113353474, 0.3955234561443718, 4.0007195624121294, 0.14545670212945302, 0.006036300405659526, 0.21316133455659655, 0.02]",0.053200077502406205,0.007742313879425637
459,8.76473602788524,15.789273053279254,7.398050813274579,1.3666852146106587,0.6704036576515087,146.44681298478412,0.0,0.0005331721830066441,6.78,54.67424793867394,5.933528800378554,59.38913569843862,59.38913569843862,346.34375,136.0,1174.14453125,0.0,0.0,3263.0,2.0,"[1.1685095679017363, 0.39569992806252946, 4.0007210440909216, 0.14545097698589834, 0.005054890394574074, 0.21310388528588922, 0.02]",0.054674247938673946,0.005933528800378554
460,9.63875744095523,17.281935704737613,8.196795660200939,1.4419617807542895,0.670404396135332,153.8404439164923,0.0,0.0005167677175330003,6.74,55.79722939815838,4.648463457706384,58.29435363819357,58.29435363819357,346.34375,136.0,1174.14453125,0.0,0.0,3263.0,2.0,"[1.1684410977836615, 0.39590588433913726, 4.000722527855808, 0.14544489795316848, 0.006029548242454533, 0.21305006355783374, 0.02]",0.05579722939815838,0.004648463457706384
461,8.752631552098125,15.769302130150832,7.384815716971794,1.3678158351263314,0.6704049783151745,146.38090500846045,0.0,0.0005047034538294116,6.54,58.40327260142658,4.509044160367921,57.80839976097923,57.80839976097923,346.34375,136.0,1174.14453125,0.0,0.0,3263.0,2.0,"[1.168392707781381, 0.39608158078742883, 4.0007240072645365, 0.14543921187124734, 0.0050479791308443165, 0.21299282087551594, 0.02]",0.05840327260142658,0.004509044160367921
462,9.626705434675022,17.261131990602053,8.18357813272471,1.4431273019503112,0.6704057160762662,153.7849739597854,0.0,0.0004981713977876384,6.42,53.26651742157992,2.5520387972937897,54.18490695708897,54.18490695708897,346.34375,136.0,1174.14453125,0.0,0.0,3263.0,2.0,"[1.1683244251181013, 0.3962867388331031, 4.000725486724518, 0.14543313874765987, 0.0060228247738216755, 0.21293911282292602, 0.02]",0.05326651742157992,0.0025520387972937895
463,8.741485478537001,15.748918951117673,7.372096931834391,1.3693885467026103,0.6704062976208504,146.7056509494585,0.0,0.0005068407372554031,5.84,54.160190460970625,4.349585798336193,55.97724871826358,55.97724871826358,346.34375,136.0,1174.14453125,0.0,0.0,3263.0,2.0,"[1.1682762108834042, 0.3964616594149018, 4.000726963789809, 0.14542746686592004, 0.005041101950805125, 0.21288198030655534, 0.02]",0.05416019046097063,0.004349585798336193
464,9.615397329435606,17.240217286589615,8.170950545333534,1.4444467841020725,0.6704070354740852,154.071013028824,0.0,0.0004846354899984215,5.82,58.53717475896701,3.5160411801189184,57.376022660173476,57.376022660173476,346.34375,136.0,1174.14453125,0.0,0.0,3263.0,2.0,"[1.168208069007526, 0.3966660936560741, 4.000728440735055, 0.1454214270022062, 0.006016120329437249, 0.21282846558163632, 0.02]",0.05853717475896701,0.0035160411801189186
465,8.729385171352131,15.729101662199433,7.359132570541861,1.370252600810272,0.6704076174084841,146.96109351953032,0.0,0.0005158817320828935,5.86,54.069168419227935,4.148369882022962,55.63544710108545,55.63544710108545,346.34375,136.0,1174.14453125,0.0,0.0,3263.0,2.0,"[1.1681599683005397, 0.39684039670136423, 4.000729915542305, 0.1454157865434862, 0.005034272745047861, 0.21277149101209228, 0.02]",0.05406916841922794,0.004148369882022962
466,9.603555532382956,17.219750564965253,8.157880828176086,1.4456747042068694,0.6704083553657233,153.92387217507346,0.0,0.0005033951218419503,6.64,54.917537978617474,4.836377241881564,58.645512979710475,58.645512979710475,346.34375,136.0,1174.14453125,0.0,0.0,3263.0,2.0,"[1.1680919621889778, 0.397044139118879, 4.0007313897276084, 0.14540977687919696, 0.0060094552198248835, 0.21271815202370256, 0.02]",0.054917537978617474,0.0048363772418815645
467,8.718212145131718,15.709104292561445,7.346391421759623,1.371820723372094,0.6704089370704596,147.592438559519,0.0,0.000513816853076635,6.08,54.391880139592104,5.729794078506529,57.34634689986706,57.34634689986706,346.34375,136.0,1174.14453125,0.0,0.0,3263.0,2.0,"[1.1680439911072478, 0.39721783742986994, 4.00073286341811, 0.1454041403217671, 0.005027491831100027, 0.21266121668560573, 0.02]",0.054391880139592105,0.005729794078506529
468,9.59247720741286,17.199552045625587,8.14551207359149,1.446965133821371,0.6704096708681344,154.3253979100462,0.0,0.0005172521440383058,6.54,55.665764717850834,2.58862242102623,55.61296992120333,55.61296992120333,346.34375,136.0,1174.14453125,0.0,0.0,3268.0,7.0,"[1.167976451114912, 0.3974198967529862, 4.000734327661224, 0.14539815821623123, 0.0060030757714972655, 0.21260822211033623, 0.02]",0.055665764717850834,0.00258862242102623
469,8.706521921536,15.689707483801106,7.333757747809772,1.372764173726228,0.6704102524357146,147.50402851951915,0.0,0.0005310511759788993,5.82,55.88898871967103,3.442228440544568,56.11905691912398,56.11905691912398,346.34375,136.0,1174.14453125,0.0,0.0,3263.0,2.0,"[1.167928638945239, 0.3975928216192571, 4.00073579831365, 0.1453925621037056, 0.005020955489344939, 0.21255150122234512, 0.02]",0.05588898871967103,0.003442228440544568
470,9.58102616194685,17.17947891208887,8.132969974027871,1.44805618791898,0.6704109876336112,154.76348724611103,0.0,0.0004690320567301829,5.98,57.42648527841084,4.297548879403621,59.24767083837651,59.24767083837651,346.34375,136.0,1174.14453125,0.0,0.0,3263.0,2.0,"[1.1678611146927849, 0.39779459403130424, 4.000737262795126, 0.14538659610357596, 0.00599660237732236, 0.21249855047947905, 0.02]",0.057426485278410835,0.004297548879403621
471,8.695792182858625,15.669975837866478,7.321564098844391,1.3742280840142316,0.670411568524313,147.71134814400946,0.0,0.00053429493473187,6.18,59.30010379932355,5.7020751386880875,60.974499679286964,60.974499679286964,346.34375,136.0,1174.14453125,0.0,0.0,3263.0,2.0,"[1.16781349430086, 0.39796668943177027, 4.000738728994193, 0.14538102417736473, 0.005014316372409042, 0.2124420130595834, 0.02]",0.05930010379932355,0.005702075138688087
472,9.56950805554272,17.159524232082077,8.120279506556782,1.4492285489859382,0.6704123041197003,154.9069456134768,0.0,0.0005025201174031682,6.64,57.55703812115826,4.112126198015176,59.92774576006923,59.92774576006923,346.34375,136.0,1174.14453125,0.0,0.0,3263.0,2.0,"[1.1677460760602336, 0.398167852502119, 4.000740192307007, 0.14537509544947344, 0.005990105515580964, 0.21238922615861175, 0.02]",0.057557038121158255,0.004112126198015176
473,8.68428349856806,15.650808287218172,7.3090475981621,1.375235900405959,0.6704128857584107,148.03038215135172,0.0,0.0005128243856782937,5.72,55.166495960438624,4.967604841804132,56.628237463883124,56.628237463883124,346.34375,136.0,1174.14453125,0.0,0.0,3262.0,1.0,"[1.1676985298389566, 0.39833946115534885, 4.000741657903404, 0.14536954619698447, 0.005007724194933058, 0.21233280075979102, 0.02]",0.05516649596043863,0.004967604841804132
474,9.558736867853385,17.139370681524944,8.107997250478654,1.450739617374731,0.6704136207804277,155.2932019060778,0.0,0.00046850086422511666,6.64,59.4402690831339,7.270083779585548,64.34623811976053,64.34623811976053,346.34375,136.0,1174.14453125,0.0,0.0,3262.0,1.0,"[1.1676312899790553, 0.3985398389892781, 4.000743117166253, 0.14536363452053205, 0.005983696439480083, 0.21228018303080098, 0.02]",0.0594402690831339,0.007270083779585548
475,8.673231196907205,15.631757713573638,7.296755958002195,1.3764752389050086,0.670414202254183,142.45072350904175,0.0,0.0004854976212756934,5.64,58.2482998771593,3.701516241999343,59.04099367908202,59.04099367908202,346.34375,136.0,1174.14453125,0.0,0.0,3262.0,1.0,"[1.1675838952722548, 0.3987107170752584, 4.000744580157953, 0.14535811650545105, 0.005001169627570708, 0.21222394339593223, 0.02]",0.0582482998771593,0.003701516241999343
476,9.545654098761002,17.11597199079874,8.09377002321755,1.451884075543454,0.6704149640966944,155.18308907860617,0.0,0.00043656750231148387,5.8,56.83413154038135,6.875258358777501,60.14851678046398,60.14851678046398,346.34375,136.0,1174.14453125,0.0,0.0,3262.0,1.0,"[1.1675144242064475, 0.3989181504558115, 4.000746098577317, 0.14535199696388681, 0.005975382128061214, 0.21216903061840664, 0.02]",0.05683413154038135,0.0068752583587775
477,8.660511567766699,15.610146456649272,7.28286551506831,1.3776460526983885,0.6704155472638882,142.98251245528238,0.0,0.0005135364434575391,5.68,54.83945520070847,5.550843662349507,57.74197342398111,57.74197342398111,346.34375,136.0,1174.14453125,0.0,0.0,3262.0,1.0,"[1.1674670204539697, 0.3990888383748444, 4.0007475619627435, 0.1453464824803574, 0.004992822602564629, 0.21211279231860308, 0.02]",0.05483945520070847,0.0055508436623495075
478,9.532764361405889,17.09313668543677,8.07974393247883,1.453020428927058,0.6704163077248897,155.02637651999515,0.0,0.0004955593805224069,5.94,53.29557001939975,3.001179579878226,54.530564398737624,54.530564398737624,346.34375,136.0,1174.14453125,0.0,0.0,3262.0,1.0,"[1.1673978089864325, 0.39929517133523396, 4.00074907508568, 0.14534041166415135, 0.00596730440762716, 0.21205817959613024, 0.02]",0.053295570019399746,0.003001179579878226
479,8.648053132801836,15.5891130561122,7.269424250424382,1.3786288823774557,0.6704168931850532,143.7376233082948,0.0,0.0005050229012618939,5.84,58.2647586800158,5.124701741151512,61.04406278114766,61.04406278114766,346.34375,136.0,1174.14453125,0.0,0.0,3262.0,1.0,"[1.1673503526063596, 0.3994657554311923, 4.0007505412890145, 0.14533491821139646, 0.0049847282194164875, 0.21200195980629108, 0.02]",0.0582647586800158,0.005124701741151511
480,9.519729577936891,17.07110683370686,8.065874783702835,1.4538547942340552,0.6704176508587529,155.08886297095808,0.0,0.0004845212687938471,5.68,55.37946601922158,5.9575302421581,59.52771036303602,59.52771036303602,346.34375,136.0,1174.14453125,0.0,0.0,3257.0,0.0,"[1.1672815127481737, 0.39967065227846854, 4.0007520460703105, 0.14532889938501717, 0.005959560712712448, 0.2119477244371678, 0.02]",0.055379466019221585,0.0059575302421581
481,8.636098378983863,15.56837750746604,7.256015121048166,1.3800832579356987,0.6704182372742737,140.6544111590329,0.0,0.0005168324058743648,6.16,56.58613041974604,4.714294740115292,59.02462187979836,59.02462187979836,346.34375,136.0,1174.14453125,0.0,0.0,3262.0,1.0,"[1.1672341112629343, 0.3998408400589194, 4.000753511022636, 0.14532341649740696, 0.004976909082940906, 0.21189157477167578, 0.02]",0.05658613041974604,0.004714294740115293
482,9.506369453987842,17.046920122825608,8.051297443616743,1.4550720103710981,0.6704190122883745,154.82085942004173,0.0,0.00048719989858118186,5.74,53.165913218981586,3.25280507968273,53.67383303877432,53.67383303877432,346.34375,136.0,1174.14453125,0.0,0.0,3262.0,1.0,"[1.1671639374371283, 0.40004972639544156, 4.000755051773672, 0.1453173079133816, 0.005950732868692949, 0.21183617009531291, 0.02]",0.053165913218981585,0.00325280507968273
483,8.62284678205789,15.546527377527907,7.2418529286980915,1.3809938533597974,0.670419598984232,141.59734405150962,0.0,0.0005204419833766198,6.26,54.47032647964079,3.442254260298796,55.24566165986471,55.24566165986471,346.34375,136.0,1174.14453125,0.0,0.0,3262.0,1.0,"[1.1671166218484286, 0.4002194435958158, 4.000756516682651, 0.14531183266739983, 0.00496799500038667, 0.21178003218592759, 0.02]",0.05447032647964079,0.003442254260298796
484,9.493211940331406,17.023613334204732,8.036967668686128,1.456244271645278,0.6704203674791405,154.6228147007573,0.0,0.00046202610708250057,6.14,56.44448519917205,3.715565701131709,58.21751106064767,58.21751106064767,346.34375,136.0,1174.14453125,0.0,0.0,3367.0,106.0,"[1.16704710497046, 0.40042604378697966, 4.000758042749275, 0.14530578356764107, 0.0059423844467331715, 0.211725168253916, 0.02]",0.05644448519917205,0.0037155657011317088
485,8.610277548690982,15.525163992983448,7.228108589716059,1.3821689589749224,0.6704209567652071,142.38887864006534,0.0,0.0005257753695168556,6.14,60.50341026566457,2.4240382376592606,58.73220932146069,58.73220932146069,346.34375,136.0,1174.14453125,0.0,0.0,3299.0,38.0,"[1.1669997177264118, 0.40059571702167734, 4.00075951031842, 0.14530032540289484, 0.004959641332283526, 0.2116690481310008, 0.02]",0.06050341026566457,0.0024240382376592606
486,9.48106953120174,17.000910260949702,8.023434037906982,1.4576354932947577,0.6704217223643726,154.39114164099166,0.0,0.00048165733014642775,6.16,60.289316698908806,4.403747302130796,62.888428558944725,62.888428558944725,346.34375,136.0,1174.14453125,0.0,0.0,3310.0,49.0,"[1.1669305829926389, 0.4008008549921107, 4.000761027216806, 0.1452943253886698, 0.005934389300782371, 0.2116145788881702, 0.02]",0.06028931669890881,0.004403747302130796
487,8.598253305049056,15.504310310547025,7.215009137181625,1.3832441678674285,0.6704223141901757,143.15770717862517,0.0,0.0005250239735787075,6.46,52.33358589874115,5.104552777484059,56.874289336265065,56.874289336265065,346.34375,136.0,1174.14453125,0.0,0.0,3275.0,14.0,"[1.1668831133522142, 0.40097056867441594, 4.000762497191204, 0.1452888654093903, 0.004951660477550542, 0.21155840071576928, 0.02]",0.052333585898741146,0.005104552777484059
488,9.468449274006339,16.979588016643966,8.009946991234488,1.458502282771852,0.6704230747862054,153.97526061123958,0.0,0.0004657289854744177,6.56,49.51002120389603,4.453649997594766,53.18604422034696,53.18604422034696,346.34375,136.0,1174.14453125,0.0,0.0,3260.0,0.0,"[1.1668145075750271, 0.40117383439959653, 4.000764002315937, 0.1452828996359975, 0.005926860790591233, 0.21150433792003986, 0.02]",0.04951002120389603,0.004453649997594766
489,8.586432779680083,15.48414935376693,7.201989292129084,1.3844434875509983,0.6704236675849075,143.55320180087963,0.0,0.0005425395268197019,6.48,54.99446415982675,2.852210378041491,55.13955819886178,55.13955819886178,346.34375,136.0,1174.14453125,0.0,0.0,3260.0,0.0,"[1.1667670681472893, 0.4013432441181874, 4.00076547362599, 0.14527744477874383, 0.004944078589220966, 0.211448150088806, 0.02]",0.05499446415982675,0.002852210378041491
490,9.456434471428539,16.958438526892834,7.996684600725867,1.4597498707026704,0.6704244274387533,154.16288611191868,0.0,0.0004904392426885368,5.62,50.649723719689064,2.7348157187225297,52.21256877761334,52.21256877761334,346.34375,136.0,1174.14453125,0.0,0.0,3260.0,0.0,"[1.1666986635554792, 0.4015456108551545, 4.000766974454128, 0.14527152119259107, 0.005919494212570427, 0.21139433990443124, 0.02]",0.050649723719689066,0.0027348157187225297
491,8.574686343023808,15.464272592177693,7.189109959256351,1.3855763837674566,0.6704250204086227,143.90773759816148,0.0,0.0005005015132093679,6.5,51.32870823843405,3.8822195620741695,54.09789730096236,54.09789730096236,346.34375,136.0,1174.14453125,0.0,0.0,3260.0,0.0,"[1.1666513345382155, 0.40171446002624406, 4.0007684435776065, 0.14526608377875802, 0.004936604353278191, 0.2113382531658762, 0.02]",0.051328708238434044,0.0038822195620741694
492,9.444741722220396,16.93724803661236,7.983561681202239,1.461180041018157,0.6704257793285029,154.26450675946717,0.0,0.0004884165065939889,6.32,49.91199811862316,4.149861280457117,53.01854498044122,53.01854498044122,346.34375,136.0,1174.14453125,0.0,0.0,3260.0,0.0,"[1.1665831328201959, 0.401915958377431, 4.000769940210713, 0.14526018847963107, 0.005912225096705097, 0.2112846424333041, 0.02]",0.04991199811862316,0.004149861280457117
493,8.563204509168223,15.444648787320123,7.1764874893578785,1.386717019810345,0.670426373592807,144.60342605892365,0.0,0.0004905541594232005,6.3,49.876941540278494,3.8810981198912486,52.62399040104356,52.62399040104356,346.34375,136.0,1174.14453125,0.0,0.0,3260.0,0.0,"[1.1665358345842796, 0.40208444805217297, 4.000771409657114, 0.14525477765216643, 0.0049292660376941575, 0.2112286588789928, 0.02]",0.0498769415402785,0.0038810981198912488
494,9.433282141536951,16.9166856411545,7.9708458270043305,1.4624363145326198,0.6704271303748447,154.43854487209992,0.0,0.0004884238415841357,5.56,46.738930658320896,3.2280933047877625,48.85561330302153,48.85561330302153,346.34375,136.0,1174.14453125,0.0,0.0,3255.0,0.0,"[1.1664679453705085, 0.40228470575125574, 4.000772899203697, 0.1452489310440503, 0.00590518314053283, 0.21117539242229377, 0.02]",0.046738930658320896,0.0032280933047877623
495,8.551840645132039,15.425432127332126,7.1639523973932295,1.3878882477388084,0.6704277251096418,145.03130122321946,2.5999078445693158e-09,0.000527991991423491,5.84,51.83812182047404,3.9199663000181317,54.178730179555714,54.178730179555714,346.34375,136.0,1174.14453125,0.0,0.0,3260.0,0.0,"[1.1664207378275004, 0.402452683745558, 4.000774366886248, 0.14524354071419243, 0.004922125336103736, 0.21111952664830472, 0.02]",0.051838121820474044,0.003919966300018131
496,9.42170157484882,16.896567037401272,7.958195383771333,1.4635061910774854,0.6704284808490331,154.54143354716393,0.0,0.00046561007154931734,5.66,49.710121180978604,3.8463796593714505,52.13798704207875,52.13798704207875,346.34375,136.0,1174.14453125,0.0,0.0,3264.0,3.0,"[1.166353061974808, 0.4026520473389865, 4.000775851403921, 0.14523772124259396, 0.005898252476072942, 0.21106648069523629, 0.02]",0.0497101211809786,0.0038463796593714507
497,8.540524157826205,15.406132475756255,7.151445135372065,1.3890790224541398,0.6704290765629387,145.36409105547457,6.785818129628751e-09,0.0005099394225265818,6.5,53.77283324021846,3.38952959747985,54.52081919647753,54.52081919647753,346.34375,136.0,1174.14453125,0.0,0.0,3260.0,0.0,"[1.1663059000981957, 0.40281965320362856, 4.000777318710501, 0.14523234944045296, 0.004915124628824244, 0.21101068949309507, 0.02]",0.05377283324021846,0.00338952959747985
498,9.410370206145442,16.87663009540227,7.945729119375588,1.464641086769852,0.670429831819289,154.96336439287782,0.0,0.0004849947907809295,6.24,49.14087235927582,2.4229121999815106,50.18562945886515,50.18562945886515,346.34375,136.0,1174.14453125,0.0,0.0,3259.0,0.0,"[1.1662383924693274, 0.4030182504290046, 4.000778799822925, 0.1452265560005434, 0.005891430180036659, 0.2109578352110017, 0.02]",0.04914087235927582,0.0024229121999815107
499,8.529287762634718,15.387280348027295,7.139138976617178,1.3901487860175386,0.670430426875769,145.93607728589856,6.7919572188657185e-09,0.0004994850379392473,6.28,48.717642482952215,2.9857090779114515,50.968320559477434,50.968320559477434,346.34375,136.0,1174.14453125,0.0,0.0,3259.0,0.0,"[1.1661914098779054, 0.4031850647408992, 4.0007802637718015, 0.14522121382984435, 0.00490814819995291, 0.21090223406761435, 0.02]",0.04871764248295221,0.0029857090779114516
500,9.399172960454909,16.85707296364835,7.933417694846425,1.4657552656084811,0.6704311804705471,154.9211703587381,0.0,0.00048401926047345083,6.4,48.8397444790462,3.5691700590541586,51.64630767831113,51.64630767831113,346.34375,136.0,1174.14453125,0.0,0.0,3259.0,0.0,"[1.1661241702477623, 0.40338256135874323, 4.000781739311729, 0.1452154688625534, 0.005884712625494518, 0.21084969209425924, 0.02]",0.0488397444790462,0.0035691700590541587
