epoch,loss,loss_std,loss_u,loss_x,theta_rel_error,grad_norm,constraint_violation_inf,solve_convergence_error,sqp_num_iter,forward_time_ms,backward_time_ms,value_grad_time_ms,total_sample_time_ms,build_rss_delta_mb,build_gpu_used_delta_mb,rss_mb,rss_delta_mb,rss_peak_delta_mb,gpu_used_mb,gpu_used_delta_mb,nonfinite_sample_grad_count,finite_grad_sample_count,theta
501,221.22153212760063,26.467260082765353,197.21352111092665,24.008011016673976,0.9708479525874986,10082.523452877884,2.7055403868381234e-06,0.0006186997898926732,18.0,33.865286386571825,19.580694002797827,53.39635466953041,53.39635466953041,241.01171875,,856.18359375,0.14404296875,0.14404296875,,,0,32,"[0.7129617200530021, 0.9333741522344119, 0.145824672638876, 0.9247016683908952, 0.0009238538981272391, 0.32720321405894937, 0.35]"
502,219.7206376741696,25.942663672677625,195.47760160269146,24.24303607147816,0.970847276062551,3781.643054947512,4.816606921309585e-06,0.0005303518605016258,10.5625,17.68855743284803,16.413841163739562,34.10239859658759,34.10239859658759,241.01171875,,856.44140625,0.008056640625,0.008056640625,,,0,32,"[0.7129855638140864, 0.9333626285565921, 0.14582488417853, 0.9246989521436854, 0.0019233968488430182, 0.3271888911111619, 0.35]"
503,221.15401030151182,26.453639124037103,197.1485529393608,24.005457362151,0.9708457638317003,9988.154409919798,5.666430801909428e-06,0.0005240726394059823,10.15625,15.858888284128625,16.889001191884745,32.74788947601337,32.74788947601337,241.01171875,,856.44140625,0.0,0.0,,,0,32,"[0.7130557621825458, 0.9333313507731547, 0.14582549837134925, 0.924692253036118, 0.0009271491379782772, 0.3271496593300322, 0.35]"
504,219.69473276966113,25.939274740617932,195.45426584271183,24.24046692694929,0.9708450817371699,3799.263960522077,4.814379532813717e-06,0.0005286489326907229,10.5625,16.469017318740953,16.186998611374293,32.656015930115245,32.656015930115245,241.01171875,,856.44140625,0.0,0.0,,,0,32,"[0.7130798466934057, 0.9333197099529092, 0.1458257119678391, 0.92468951157884, 0.001926682864899396, 0.32713519574899697, 0.35]"
505,221.08622922659117,26.441750890420977,197.08332536561335,24.002903860977835,0.9708435769619991,9892.930867025945,5.664231880864179e-06,0.0005416978394487877,10.125,15.937284370011184,17.229019322257955,33.16630369226914,33.16630369226914,241.01171875,,856.44140625,0.0,0.0,,,0,32,"[0.7131497266328225, 0.9332885760790536, 0.14582632320406091, 0.924682843229109, 0.0009304010920608424, 0.3270961411131945, 0.35]"
506,219.6687481371365,25.935898013024538,195.4308578660078,24.237890271128713,0.9708428891435222,3816.558595828158,4.812587048874661e-06,0.0005266469344398181,10.5625,16.463383624795824,15.378669457277283,31.842053082073107,31.842053082073107,241.01171875,,856.44140625,0.0,0.0,,,0,32,"[0.713174058524447, 0.9332768149651233, 0.14582653891294528, 0.9246800758356234, 0.001929925245747988, 0.3270815330179026, 0.35]"
507,221.01922032984567,26.430161358210263,197.01887732650596,24.000343003339726,0.9708413916206787,9799.648631870003,5.662044183285531e-06,0.0005594096531519044,10.09375,16.09960143105127,16.14574531413382,32.24534674518509,32.24534674518509,241.01171875,,856.44140625,0.0,0.0,,,0,32,"[0.7132436287497055, 0.9332458209941868, 0.14582714727042884, 0.9246734373732856, 0.000933610499621123, 0.3270426505682342, 0.35]"
508,219.64248770755438,25.93248804410231,195.40718166953894,24.23530603801543,0.9708406980872698,3833.5453372026554,4.810860560144903e-06,0.0005444468084171668,10.53125,16.9962385261897,17.147158840089105,34.143397366278805,34.143397366278805,241.01171875,,856.44140625,0.0,0.0,,,0,32,"[0.7132682076430089, 0.933233939760862, 0.14582736508709843, 0.9246706440740671, 0.001933124996913271, 0.32702789814345534, 0.35]"
509,220.95276369212053,26.418500388850493,196.95499026230877,23.997773429811737,0.9708392076269275,9708.208640062938,6.496097200159312e-06,0.0005639119110219021,10.09375,16.99142348661553,15.944929560646415,32.936353047261946,32.936353047261946,241.01171875,,856.44140625,0.0,0.0,,,0,32,"[0.7133374762829302, 0.933203081895926, 0.1458279706397785, 0.9246640346849008, 0.0009367782928609164, 0.32698918325872267, 0.35]"
510,219.61633780726697,25.92910019706634,195.3836238481428,24.23271395912419,0.9708385083854784,3850.2253869787205,4.809240908176804e-06,0.0005448747431942201,10.53125,17.91809659334831,17.314794728008565,35.232891321356874,35.232891321356874,241.01171875,,856.44140625,0.0,0.0,,,0,32,"[0.7133623018881062, 0.9331910806468862, 0.1458281905607403, 0.9246612155000824, 0.0019362830471961767, 0.32697428664024497, 0.35]"
511,220.88698506741247,26.406997724931728,196.8917899133985,23.995195154013985,0.9708370247997159,9618.605359413106,6.492719635264876e-06,0.0005592442189707047,10.09375,16.857152397278696,15.776892876601778,32.634045273880474,32.634045273880474,241.01171875,,856.44140625,0.0,0.0,,,0,32,"[0.7134312770018421, 0.9331603552328492, 0.14582879337935892, 0.9246546343789815, 0.0009399053792095876, 0.3269357347166904, 0.35]"
512,219.59007931864375,25.92568290532482,195.35996536167838,24.230113956965347,0.9708363198599669,3866.6072146347487,4.807643984250376e-06,0.0005437033825524705,10.53125,16.88025642943103,16.702598441042937,33.582854870473966,33.582854870473966,241.01171875,,856.44140625,0.0,0.0,,,0,32,"[0.7134563489101338, 0.9331482341475071, 0.14582901539942691, 0.9246517893412679, 0.001939400309344719, 0.32692069411143637, 0.35]"
513,220.82185290360712,26.395653785225,196.82924405351557,23.99260885009158,0.9708348429699023,9530.758058757883,5.622144809702689e-06,0.0005558716590783137,10.09375,16.852511769684497,17.260015658393968,34.112527428078465,34.112527428078465,241.01171875,,856.44140625,0.0,0.0,,,0,32,"[0.7135250381629463, 0.9331176376480412, 0.14582961555273857, 0.924645235720469, 0.000942992620290702, 0.3268823007808575, 0.35]"
514,219.56372708489278,25.92225975338015,195.33622106568376,24.227506019209002,0.9708341323398928,3882.7020114295196,4.8136849470914456e-06,0.0005439272790807318,10.53125,17.950947069039103,18.679201006307267,36.63014807534637,36.63014807534637,241.01171875,,856.44140625,0.0,0.0,,,0,32,"[0.7135503560372455, 0.9331053968706352, 0.14582983966765337, 0.9246423648548034, 0.001942477642416156, 0.3268671163460909, 0.35]"
515,220.7573606925102,26.384491422130303,196.76734677929346,23.990013913216735,0.9708326619747278,9444.645328888759,5.620286641416783e-06,0.0005554818082429652,10.09375,16.04467602010118,16.666330106090754,32.71100612619193,32.71100612619193,241.01171875,,856.44140625,0.0,0.0,,,0,32,"[0.7136187667496331, 0.9330749259136809, 0.14583043722112446, 0.9246358380026426, 0.000946040828329396, 0.32682887744082084, 0.35]"
516,219.53728409884852,25.918820538186004,195.31239404207196,24.224890056776587,0.9708319456645208,3898.5132484914843,4.8124548763794905e-06,0.0005423566061200383,10.53125,16.74305294000078,17.329963222437073,34.07301616243785,34.07301616243785,241.01171875,,856.44140625,0.0,0.0,,,0,32,"[0.7136443301665484, 0.9330625656274396, 0.14583066342585285, 0.9246329413432918, 0.0019455158625520301, 0.3268135493880633, 0.35]"
517,220.69347338732135,26.373452108935915,196.70606284038178,23.987410546939586,0.9708304816585399,9360.205706005272,5.618520710015673e-06,0.0005529823624919541,10.125,16.337387984094676,17.623136409383733,33.96052439347841,33.96052439347841,241.01171875,,856.44140625,0.0,0.0,,,0,32,"[0.7137124694417923, 0.9330322169371039, 0.1458312584427836, 0.9246264405485577, 0.0009490507874946625, 0.32677546085989895, 0.35]"
518,219.5107558873496,25.91538441030979,195.28848967479786,24.222266212551766,0.9708297596774234,3914.0511530411804,4.811302293017405e-06,0.0005407428106415838,10.53125,17.507077202026267,17.838211693742778,35.345288895769045,35.345288895769045,241.01171875,,856.44140625,0.0,0.0,,,0,32,"[0.713738278011133, 0.9330197373102731, 0.1458314867325728, 0.9246235181254701, 0.0019485157529841306, 0.3267599893781032, 0.35]"
519,220.63016543496957,26.36256273612367,196.64536695848645,23.984798476483085,0.9708283018720844,9277.385533711318,5.616844270583954e-06,0.0005536719032709465,10.125,16.173637042811606,16.546966740861535,32.72060378367314,32.72060378367314,241.01171875,,856.44140625,0.0,0.0,,,0,32,"[0.713806152644981, 0.9329895077585286, 0.14583207927363426, 0.9246170427079579, 0.0009520232398833146, 0.3267220473502386, 0.35]"
520,219.48411547499947,25.911928742002875,195.26448145623317,24.21963401876632,0.9708275742290168,3929.323789223037,4.810256710729988e-06,0.0005391495412524525,10.53125,18.055070366244763,16.45372456550831,34.17210456245812,34.17210456245812,241.01171875,,856.44140625,0.0,0.0,,,0,32,"[0.7138322059909203, 0.9329769089510814, 0.14583230964385624, 0.9246140945497202, 0.0019514780556264307, 0.326706432620118, 0.35]"
521,220.56712770879489,26.35145212132209,196.5849500267903,23.982177682004618,0.9708261224723251,9195.979594122542,5.73743555376538e-06,0.0005159653817166385,10.15625,15.71186822548043,17.630467453273013,33.34233567875344,33.34233567875344,241.01171875,,856.44140625,0.0,0.0,,,0,32,"[0.7138998224983182, 0.932946795527411, 0.14583289976728844, 0.9246076438565671, 0.0009549588900028996, 0.3266686333807167, 0.35]"
522,219.45737995058727,25.90846772686084,195.24038612204828,24.216993828538968,0.9708253891653053,3944.337351423138,4.80925127410714e-06,0.000539598648095353,10.53125,16.730902811104897,17.094337097660173,33.82523990876507,33.82523990876507,241.01171875,,856.44140625,0.0,0.0,,,0,32,"[0.71392612071274, 0.9329340774422566, 0.1458331322180992, 0.9246046699440238, 0.001954403455518016, 0.32665287531924536, 0.35]"
523,220.50493307467522,26.34081745863065,196.52538486940225,23.979548205272977,0.9708239433105154,9116.281995059484,6.4704711451035735e-06,0.0005175406411283266,10.15625,17.326590124866925,15.879494494583923,33.20608461945085,33.20608461945085,241.01171875,,856.44140625,0.0,0.0,,,0,32,"[0.7139934853840826, 0.9329040772456814, 0.14583371998009995, 0.9245982433453652, 0.000957858391820697, 0.3266152152787997, 0.35]"
524,219.43054815287337,25.9049889047158,195.2162027417156,24.21434541115777,0.9708232043607139,3959.095189428012,4.808355117624785e-06,0.0005373623086731865,10.53125,18.077281543810386,16.100585788080934,34.17786733189132,34.17786733189132,241.01171875,,856.51171875,0.002197265625,0.002197265625,,,0,32,"[0.7140200275703811, 0.9328912403207644, 0.1458339545015799, 0.9245952437600591, 0.0019572926488191254, 0.32659931436276196, 0.35]"
525,220.44320784393219,26.330418995500548,196.46629752082157,23.976910323110637,0.9708217642652925,9037.995422864897,6.468147049076833e-06,0.0005228283617867479,10.125,15.718821370683145,16.744944063248113,32.46376543393126,32.46376543393126,241.01171875,,856.51171875,0.0,0.0,,,0,32,"[0.7140871465160497, 0.9328613505325584, 0.14583453995669934, 0.9245888406433354, 0.0009607224154983029, 0.3265617900361092, 0.35]"
526,219.4036022757859,25.901503761677986,195.19191354997668,24.21168872580924,0.9708210196756858,3973.6074983300728,4.807489826674782e-06,0.0005373290311240406,10.53125,18.370344114373438,16.749590344261378,35.119934458634816,35.119934458634816,241.01171875,,856.51171875,0.0,0.0,,,0,32,"[0.7141139325554728, 0.9328483947934361, 0.145834776546732, 0.9245858153902136, 0.0019601462732908317, 0.3265457463065048, 0.35]"
527,220.38215423036883,26.319972343034326,196.40789146417123,23.97426276619761,0.9708195852037089,8961.359194047645,6.465931723820262e-06,0.0005169728805791648,10.15625,16.23426533478778,18.381154266535304,34.52680160262389,34.52680160262389,241.01171875,,856.51171875,0.0,0.0,,,0,32,"[0.7141808116022513, 0.9328186127195488, 0.14583535974709566, 0.9245794351711788, 0.000963551562750754, 0.32650835437177383, 0.35]"
528,219.3765468982648,25.898003018928325,195.16752346508022,24.20902343318457,0.9708188349994112,3987.876462943626,4.806691913383787e-06,0.0005363523018703751,10.53125,17.132987537479494,16.44506678712787,33.578054324607365,33.578054324607365,241.01171875,,856.51171875,0.0,0.0,,,0,32,"[0.7142078404268777, 0.9328055386723972, 0.1458355983942605, 0.9245763843428313, 0.0019629649713907007, 0.3264921683884857, 0.35]"
529,220.32144724675277,26.30982355746897,196.3498399292006,23.97160731755215,0.9708174060182515,8885.965058572521,6.463828666980476e-06,0.0005224572593016564,10.125,17.73531469370937,17.606193519895896,35.341508213605266,35.341508213605266,241.01171875,,856.64453125,0.0,0.0,,,0,32,"[0.7142744852613881, 0.9327758616840645, 0.14583617939047924, 0.9245700264508657, 0.0009663464552181046, 0.32645490560179924, 0.35]"
530,219.34935895115592,25.89451308721042,195.1430092004111,24.20634975074481,0.9708166501951699,4001.909893921837,4.8059596635674495e-06,0.0005307258050407757,10.53125,17.20846119133057,16.22761854378041,33.43607973511098,33.43607973511098,241.01171875,,856.64453125,0.0,0.0,,,0,32,"[0.7143017570560475, 0.9327626692000512, 0.1458364200956636, 0.9245669500244428, 0.00196574931188227, 0.3264385772419733, 0.35]"
531,220.26129119925213,26.299714874387046,196.292348553706,23.968942645546132,0.9708152265777561,8812.057117492272,6.461828554016336e-06,0.0005223803187864575,10.125,16.276240821753163,16.966517716355156,33.24275853810832,33.24275853810832,241.01171875,,856.64453125,0.0,0.0,,,0,32,"[0.7143681731257084, 0.9327330947763122, 0.14583699893645516, 0.9245606139123759, 0.0009691076312793791, 0.3264014404911252, 0.35]"
532,219.32208934425103,25.890972942998005,195.11842123837923,24.20366810587179,0.9708144651544429,4015.7140771169793,4.805300266141899e-06,0.000532526383562776,10.53125,18.071787875669543,17.660278477706015,35.73206635337556,35.73206635337556,241.01171875,,856.64453125,0.0,0.0,,,0,32,"[0.714395687103522, 0.9327197842165038, 0.1458372416911639, 0.9245575119544518, 0.001968499875176711, 0.32638497016060297, 0.35]"
533,220.20166844632234,26.28963850536737,196.23539929883432,23.966269147488042,0.9708130467779729,8739.575081743804,6.45995113002229e-06,0.000515773417324319,10.15625,15.840474341530353,17.762204828613903,33.602679170144256,33.602679170144256,241.01171875,,856.64453125,0.0,0.0,,,0,32,"[0.7144618796740446, 0.9326903099242139, 0.1458378184235005, 0.9245511970949817, 0.0009718356467594592, 0.3263479564411905, 0.35]"
534,219.29473550888378,25.887446834833458,195.09375754268848,24.20097796619528,0.9708122797716074,4029.2900781710123,4.804693568782881e-06,0.000530477742797534,10.53125,16.643095914332662,15.38405195606174,32.0271478703944,32.0271478703944,241.01171875,,856.64453125,0.0,0.0,,,0,32,"[0.7144896351082762, 0.9326768816231219, 0.14583806321959175, 0.924548069667099, 0.0019712172154336145, 0.32633134451582063, 0.35]"
535,220.14236503675255,26.279853419104708,196.17877797047566,23.963587066276894,0.9708108665157803,8668.258344071832,6.976306154982126e-06,0.0005219752023131285,10.125,17.259202344575897,16.517607036803383,33.77680938137928,33.77680938137928,241.01171875,,858.16015625,0.045166015625,0.045166015625,,,0,32,"[0.7145556093390393, 0.9326475050895905, 0.1458386378894441, 0.9245417755431052, 0.0009745310392560243, 0.3262944508832113, 0.35]"
536,219.267259024196,25.883899503454636,195.06897976501418,24.198279259181817,0.9708100939245359,4042.646101760673,4.804151207515872e-06,0.0005320026111092937,10.53125,16.628918092465028,16.441892439615913,33.07081053208094,33.07081053208094,241.01171875,,858.16015625,0.0,0.0,,,0,32,"[0.7145836063171123, 0.9326339589594592, 0.1458388847269529, 0.9245386226312039, 0.0019739018347842063, 0.3262776972913457, 0.35]"
537,220.08358747301315,26.270078646570916,196.12269148577738,23.960895987235794,0.9708086856744563,8598.303454718536,6.975608238146691e-06,0.0005256605888707647,10.125,16.36077529838076,16.516736533958465,32.87751183233922,32.87751183233922,241.01171875,,858.16015625,0.0,0.0,,,0,32,"[0.7146493671350637, 0.9326046778960131, 0.14583945737814513, 0.924532348747593, 0.0009771942828981728, 0.32624092093189805, 0.35]"
538,219.23966408341408,25.880351038816105,195.04409214534672,24.19557193806734,0.9708079075160925,4055.7880200708064,4.803662410512999e-06,0.000532617516199945,10.53125,18.032432883046567,15.63126387191005,33.66369675495662,33.66369675495662,241.01171875,,858.16015625,0.0,0.0,,,0,32,"[0.714677604905096, 0.9325910142841061, 0.14583970624874493, 0.9245291704151235, 0.0019765542448615774, 0.3262240260585958, 0.35]"
539,220.0252143587656,26.260417790399018,196.06701876637675,23.95819559238881,0.970806504160866,8529.61709707595,6.975006460852029e-06,0.0005231411688541529,10.125,15.98849749279907,16.410430180258118,32.39892767305719,32.39892767305719,241.01171875,,858.41015625,0.0078125,0.0078125,,,0,32,"[0.7147431570657206, 0.9325618264913309, 0.14584027692374704, 0.9245229162940073, 0.0009798258668388966, 0.3261873642564886, 0.35]"
540,219.21195959483433,25.87678580664251,195.01910331060085,24.19285628423347,0.9708057204481806,4068.7193407358577,4.803229850303126e-06,0.0005332236219479416,10.53125,16.955102459178306,15.96767268347321,32.92277514265152,32.92277514265152,241.01171875,,858.421875,0.0003662109375,0.0003662109375,,,0,32,"[0.7147716350881915, 0.9325480456252094, 0.1458405278213642, 0.9245197125848488, 0.0019791749260043333, 0.32617032837646276, 0.35]"
541,219.96718227879714,26.250851893754426,196.01169650965915,23.955485769138022,0.9708043218799972,8462.088862830438,6.456261248288797e-06,0.0005310270522465539,10.09375,16.318890600814484,17.473006359068677,33.79189695988316,33.79189695988316,241.01171875,,858.421875,0.0,0.0,,,0,32,"[0.7148369832145879, 0.9325189489629014, 0.1458410965614641, 0.92451347776125, 0.0009824262537300702, 0.3261337784866148, 0.35]"
542,219.1841393717933,25.87321117586245,194.99400750810338,24.190131863689913,0.9708035326195624,4081.4430048456034,4.8028482657613836e-06,0.0005327497808356871,10.53125,17.6181642600568,18.03025894332677,35.64842320338357,35.64842320338357,241.01171875,,858.421875,0.0,0.0,,,0,32,"[0.714865701217271, 0.932505050940626, 0.1458413494824011, 0.9245102486913294, 0.001981764329239113, 0.3261166017210562, 0.35]"
543,219.90963718082875,26.24139732293997,195.9568698448905,23.952767335938255,0.9708021387335011,8395.84459284875,6.454681087397773e-06,0.0005235808679558696,10.09375,17.070109024643898,15.905332824331708,32.975441848975606,32.975441848975606,241.01171875,,858.421875,0.0,0.0,,,0,32,"[0.7149308498101037, 0.9324760433228244, 0.14584191632757998, 0.9245040327132129, 0.000984995877777266, 0.3260801611744857, 0.35]"
544,219.15620970438533,25.86962336805856,194.96881089063527,24.18739881375008,0.9708013439446476,4093.9625158602435,4.802523005498216e-06,0.0005317603246168932,10.53125,16.948044365562964,16.044693205913063,32.99273757147603,32.99273757147603,241.01171875,,858.421875,0.0,0.0,,,0,32,"[0.7149598069734318, 0.9324620285142199, 0.14584217126324134, 0.9245007783560353, 0.0019843229142818726, 0.3260628439544471, 0.35]"
545,219.8524709806945,26.232050106957395,195.9024312996039,23.9500396810906,0.9707999546387306,8330.78440971411,6.4531788943611446e-06,0.000521954769862801,10.09375,16.88486456987448,15.324137988500297,32.129958308360074,32.129958308360074,241.01171875,,858.421875,0.0,0.0,,,0,32,"[0.7150247604069349, 0.932433107915378, 0.14584273625246494, 0.9244945807839896, 0.0009875351819475285, 0.32602651025116125, 0.35]"
546,219.12816814874247,25.866031941949313,194.94351115524645,24.184656993496013,0.9707991543354462,4106.281095981007,4.802248839030909e-06,0.0005333455350750726,10.53125,16.672240606567357,16.865654433786403,33.53789504035376,33.53789504035376,241.01171875,,858.421875,0.0,0.0,,,0,32,"[0.7150539561409102, 0.9324189765744155, 0.14584299319620672, 0.9244913011887307, 0.0019868511142950218, 0.3260090528770302, 0.35]"
547,219.79567994122078,26.22279771130743,195.84837701865925,23.94730292256152,0.9707977695103851,8266.87907977409,6.451746241253886e-06,0.00052052907437695,10.09375,17.222220871190075,15.556306731014047,32.77852760220412,32.77852760220412,241.01171875,,858.421875,0.0,0.0,,,0,32,"[0.7151187186743271, 0.9323901410214639, 0.1458435563673381, 0.9244851215943299, 0.0009900445840560405, 0.3259728235812098, 0.35]"
548,219.10000448312476,25.86243156389533,194.9180978773607,24.181906605764034,0.9707969637066884,4118.406345061229,4.802024242245295e-06,0.0005316617018948029,10.53125,17.593436874449253,16.367646792787127,33.96108366723638,33.96108366723638,241.01171875,,858.421875,0.0,0.0,,,0,32,"[0.715148152387736, 0.9323758934045269, 0.1458438153126478, 0.9244818168108467, 0.0019893493479105013, 0.325955226359332, 0.35]"
549,219.73931929608975,26.213655700492954,195.79476248571098,23.944556810378785,0.9707955832675924,8204.176909656926,6.450471626173737e-06,0.0005149375633439951,10.125,15.963966856361367,16.636312582704704,32.60027943906607,32.60027943906607,241.01171875,,858.421875,0.0,0.0,,,0,32,"[0.7152127280911876, 0.9323471410088021, 0.1458443767020093, 0.924475654784061, 0.0009925244803010518, 0.3259190991417932, 0.35]"
550,219.0717250271697,25.858808277504338,194.89257763322973,24.17914739393997,0.9707947719843983,4130.341533103257,4.8018478939759746e-06,0.0005310491204997635,10.53125,17.26867446268443,16.58406428032322,33.85273874300765,33.85273874300765,241.01171875,,858.421875,0.0,0.0,,,0,32,"[0.7152423988964771, 0.9323327775154924, 0.145844637639678, 0.9244723248921435, 0.0019918180258119656, 0.32590136254107616, 0.35]"
551,219.68318460186492,26.204573206319168,195.74138314895015,23.9418014529148,0.9707933958389066,8149.746118228001,6.449373939787506e-06,0.0005178152661358653,10.09375,16.43330713704927,15.849278228415642,32.28258536546491,32.28258536546491,241.01171875,,858.421875,0.0,0.0,,,0,32,"[0.7153067917324478, 0.9323041064355357, 0.14584519728241807, 0.9244661800338911, 0.0009949752672304645, 0.32586533513441884, 0.35]"
552,219.04340941695085,25.855180754653006,194.86702303131517,24.176386385635695,0.9707925818899964,4142.125470751338,4.801699449608066e-06,0.0005305201839350314,10.53125,17.405125450750347,16.337861779902596,33.74298723065294,33.74298723065294,241.01171875,,858.421875,0.0,0.0,,,0,32,"[0.7153365845904807, 0.9322896459652648, 0.14584545907648025, 0.9244628363536047, 0.001994264219805991, 0.3258476257884034, 0.35]"
553,219.62745849668357,26.195589844285834,195.68841469746428,23.939043799219302,0.9707912099603985,8088.960067160843,6.436974945511764e-06,0.000515902530807847,10.09375,16.606531899014954,16.297072725137696,32.89185981702758,32.89185981702758,241.01171875,,858.421875,0.0,0.0,,,0,32,"[0.7154007978868108, 0.9322610546732526, 0.14584601700290545, 0.9244567083332776, 0.0009974039493441515, 0.32581169630392026, 0.35]"
554,219.01498342597955,25.851535775527246,194.84136699097604,24.173616435003556,0.9707903905659598,4153.723766314648,4.801599955417402e-06,0.0005328022428300738,10.53125,17.07930158590898,16.568213781283703,33.63861337129492,33.63861337129492,241.01171875,,858.421875,0.0,0.0,,,0,32,"[0.7154308264445703, 0.9322464786306751, 0.14584628077390543, 0.9244533396649297, 0.0019966816324652305, 0.32579384919725696, 0.35]"
555,219.572060144493,26.186697555581194,195.63578321860564,23.936276925887377,0.9707890227640374,8029.245018722162,6.435776972679719e-06,0.0005141089418403482,10.09375,15.136833717406262,16.735177690861747,31.87201140826801,31.87201140826801,241.01171875,,858.421875,0.0,0.0,,,0,32,"[0.7154948639869605, 0.932217965368934, 0.14584683701759382, 0.9244472281015672, 0.0009998042726217327, 0.32575801547170147, 0.35]"
556,218.98644873537597,25.847869153112143,194.8156111905522,24.170837544823797,0.970788197940588,4165.137515584358,4.8015462308370616e-06,0.0005308795272142209,10.53125,18.07491770159686,15.483498107641935,33.558415809238795,33.558415809238795,241.01171875,,858.421875,0.0,0.0,,,0,32,"[0.7155251275450887, 0.932203274056425, 0.14584710275810728, 0.9244438345041777, 0.0019990706299067513, 0.32574003096550164, 0.35]"
557,219.5170029818621,26.17789393235135,195.58350201013843,23.933500971723667,0.9707868341796566,7970.554251005471,6.435997244924607e-06,0.0005115585884795842,10.09375,16.8276404729113,15.530520664469805,32.3581611373811,32.3581611373811,241.01171875,,858.421875,0.0,0.0,,,0,32,"[0.7155889930536262, 0.9321748371018944, 0.14584765735205132, 0.9244377390232554, 0.0010021765936603188, 0.3257042908693847, 0.35]"
558,218.957741983302,25.844210722748944,194.78969205572042,24.16804992758154,0.9707860039418247,4176.407729650902,4.80153711546194e-06,0.0005367926981007362,10.5,17.47996033373056,15.821765933651477,33.30172626738204,33.30172626738204,241.01171875,,858.421875,0.0,0.0,,,0,32,"[0.7156194909946336, 0.9321600307872089, 0.1458479250552661, 0.9244343205493246, 0.0020014315655487573, 0.32568616927544397, 0.35]"
559,219.46225676831952,26.16915983915717,195.53154108871638,23.93071567960312,0.9707846441508563,7912.8870957347635,6.43453308946107e-06,0.0005078035789148343,10.0625,15.685960090195294,16.623789066215977,32.30974915641127,32.30974915641127,241.01171875,,858.421875,0.0,0.0,,,0,32,"[0.715683187514685, 0.9321316687092709, 0.1458484780268499, 0.9244282408421438, 0.0010045211974182965, 0.3256505210613878, 0.35]"
560,218.92899928395613,25.840529628367342,194.76374549364306,24.165253790313066,0.9707838085154781,4187.443696903174,4.801572284218736e-06,0.0005316319654141292,10.53125,16.002979151380714,17.9692407764378,33.972219927818514,33.972219927818514,241.01171875,,858.421875,0.0,0.0,,,0,32,"[0.7157139191265092, 0.9321167477079092, 0.1458487476852357, 0.924424797554007, 0.0020037647297959415, 0.3256322627535347, 0.35]"
561,219.40772369892557,26.160577679059443,195.47980264608447,23.927921052841082,0.9707824525929133,7856.096925492119,6.435393448800397e-06,0.000519709209363877,10.0,15.387691411888227,16.990386749967,32.37807816185523,32.37807816185523,241.01171875,,858.421875,0.0,0.0,,,0,32,"[0.7157774510198056, 0.9320884585014299, 0.14584929907278119, 0.9244187331823903, 0.0010068384996534583, 0.3255967039240614, 0.35]"
562,218.90008613568506,25.83683540668803,194.73763761007334,24.162448525611712,0.9707816115652897,4198.339092095397,4.808795892596862e-06,0.0005306367654747369,10.53125,17.51852894813055,16.129165960592218,33.64769490872277,33.64769490872277,241.01171875,,858.421875,0.0,0.0,,,0,32,"[0.7158084160839984, 0.9320734228796441, 0.14584957068318302, 0.924415265089787, 0.002006070514364166, 0.32557830897324014, 0.35]"
563,219.35359568437224,26.152001556525825,195.42847853515104,23.925117149221176,0.9707802594433047,7800.409834289301,6.439135969316112e-06,0.0005160080567445547,10.0,16.014844994060695,16.552154513192363,32.56699950725306,32.56699950725306,241.01171875,,858.421875,0.0,0.0,,,0,32,"[0.7158717862599951, 0.9320452051792123, 0.14585012051265783, 0.9244092157591214, 0.001009128747933571, 0.3255428378609264, 0.35]"
564,218.8710436719283,25.83313549573244,194.71140926571428,24.15963440621404,0.9707794130531467,4209.072319330415,4.808796519206737e-06,0.0005328931096482136,10.53125,17.16651405149605,14.707605165312998,31.756090313137975,31.756090313137975,241.01171875,,858.421875,0.0,0.0,,,0,32,"[0.7159029835123375, 0.9320300555134908, 0.14585039406235698, 0.9244057229789979, 0.002008349219329188, 0.3255243069603463, 0.35]"
565,219.29975629453136,26.143519151696722,195.37745239313492,23.92230390139644,0.9707780646574311,7745.683583944588,6.438029138688961e-06,0.0005150091578754687,10.0,16.538450188818388,16.06774245738052,32.606192646198906,32.606192646198906,241.01171875,,858.421875,0.0,0.0,,,0,32,"[0.7159661951605009, 0.9320019078311035, 0.14585094236209017, 0.9243996883676163, 0.0010113922671055832, 0.3254889217408531, 0.35]"
566,218.84186715764275,25.829410570049536,194.68505601532542,24.15681114231733,0.9707772129228317,4219.639683772604,4.8088463246998e-06,0.0005329663218478154,10.53125,16.5147529769456,16.035664528317284,32.550417505262885,32.550417505262885,241.01171875,,858.421875,0.0,0.0,,,0,32,"[0.7159976238350981, 0.9319866444609678, 0.14585121784302374, 0.9243961709678892, 0.002010601146006748, 0.32547025529288737, 0.35]"
567,219.24628341812735,26.135130522214183,195.32680246261697,23.919480955510384,0.9707758681787494,7691.927864800033,6.433325408838897e-06,0.0005338153098595845,9.96875,15.23437061405275,15.302250656532124,30.536621270584874,30.536621270584874,241.01171875,,858.421875,0.0,0.0,,,0,32,"[0.7160606801588366, 0.9319585653047961, 0.14585176464142552, 0.9243901507512476, 0.0010136293576845428, 0.32543495412692935, 0.35]"
568,218.81258830361048,25.82567167283856,194.6586090643999,24.15397923921058,0.9707750111212802,4230.039391930387,4.808945633705264e-06,0.0005331217881935098,10.53125,17.113749345298856,15.607597408234142,32.721346753533,32.721346753533,241.01171875,,858.421875,0.0,0.0,,,0,32,"[0.7160923393402111, 0.9319431886463365, 0.14585204204400862, 0.9243866088128571, 0.0020128266031072, 0.32541615260918927, 0.35]"
569,219.1930761100807,26.126745519243308,195.27642515956796,23.916650950512757,0.9707736699546711,7639.067215995583,6.4486436177624284e-06,0.0005497264233331804,9.9375,15.572163320030086,15.822508510609623,31.39467183063971,31.39467183063971,241.01171875,,858.421875,0.0,0.0,,,0,32,"[0.7161552435233994, 0.9319151765354537, 0.14585258736930085, 0.9243806026703398, 0.0010158403239929922, 0.3253809336723556, 0.35]"
570,218.78318199932528,25.821925986241812,194.63204365318285,24.15113834614243,0.9707728075909334,4240.280739773281,4.809093828495037e-06,0.000532787038893186,10.53125,17.240749402844813,16.03940867789788,33.280158080742694,33.280158080742694,241.01171875,,858.421875,0.0,0.0,,,0,32,"[0.7161871325091094, 0.9318996868891265, 0.14585286668612946, 0.9243770362537455, 0.002015025885147046, 0.32536199745089783, 0.35]"
571,219.14009025062091,26.11843674746782,195.22626720761843,23.913823043002477,0.9707714699316138,7587.044227284397,6.024489297207225e-06,0.0005493635564512121,9.9375,15.911797105218284,17.703320932923816,33.6151180381421,33.6151180381421,241.01171875,,858.421875,0.0,0.0,,,0,32,"[0.7162498875649819, 0.9318717404204787, 0.14585341056488965, 0.9243710438800268, 0.0010180254419900456, 0.3253268590125375, 0.35]"
572,218.7536505777012,25.818161942733767,194.60536201795514,24.148288559746042,0.9707706022750741,4250.364955254641,4.8092112461262104e-06,0.0005342450833290792,10.53125,16.911492457438726,15.620306170603726,32.53179862804245,32.53179862804245,241.01171875,,858.421875,0.0,0.0,,,0,32,"[0.7162820057808195, 0.9318561380373803, 0.14585369179077012, 0.9243674530306822, 0.002017199261563073, 0.3253077883322692, 0.35]"
573,219.08689398750613,26.110378524105375,195.17590557198145,23.910988415524713,0.9707692680542626,7857.384561233505,5.713365969217676e-06,0.0005474797958828591,9.96875,16.815977134683635,16.905218712054193,33.72119584673783,33.72119584673783,241.01171875,,858.421875,0.0,0.0,,,0,32,"[0.7163446146620832, 0.9318282558334275, 0.14585423424926197, 0.9243614741272663, 0.0010201849731994268, 0.32527272869819956, 0.35]"
574,218.72489440079818,25.814498216825445,194.57939698603332,24.14549741476489,0.9707684292996226,4260.661680542841,4.80900738608625e-06,0.0005341963016176667,10.53125,18.92902400868479,15.903790124866646,34.83281413355144,34.83281413355144,241.01171875,,858.7890625,0.0,0.0,,,0,32,"[0.7163754880620892, 0.9318132695051242, 0.14585450406174505, 0.9243579954025802, 0.002019419898449331, 0.32525429956439844, 0.35]"
575,219.03393939816326,26.102308649566616,195.12572599106056,23.908213407102707,0.9707670985695251,7803.882886398635,5.713550224939468e-06,0.0005441349375219175,9.96875,16.325393320585135,17.481327122368384,33.80672044295352,33.80672044295352,241.01171875,,858.7890625,0.0,0.0,,,0,32,"[0.7164379484769879, 0.9317854527854995, 0.14585504508298283, 0.9243520302414548, 0.0010223915663440603, 0.32521932020179495, 0.35]"
576,218.69601830853338,25.810816926904568,194.55332046594467,24.14269784258873,0.9707662546823387,4270.809644543854,4.76565773954718e-06,0.0005355746358397357,10.53125,18.288374347321223,15.471529120986816,33.75990346830804,33.75990346830804,241.01171875,,858.7890625,0.0,0.0,,,0,32,"[0.7164690441671373, 0.931770357250775, 0.1458553167442158, 0.9243485277337569, 0.002021615451498794, 0.3252007603294411, 0.35]"
577,218.981262073317,26.09429213127752,195.0758324947787,23.90542957853831,0.9707649273774097,7751.286481116311,6.515676732377074e-06,0.0005466197073152909,9.96875,17.35541938978713,16.810284039820544,34.165703429607674,34.165703429607674,241.01171875,,858.7890625,0.0,0.0,,,0,32,"[0.7165313589300357, 0.9317426047027114, 0.14585585635301027, 0.9243425760302282, 0.0010245733796130675, 0.32516585962259764, 0.35]"
578,218.66702885180362,25.807122038582825,194.52713915577596,24.13988969602768,0.9707640783763503,4280.803430899858,4.765700642561654e-06,0.0005354420306443356,10.53125,17.41905954986578,16.07207689085044,33.49113644071622,33.49113644071622,241.01171875,,858.7890625,0.0,0.0,,,0,32,"[0.7165626761182448, 0.9317274003099585, 0.1458561298547481, 0.9243390498089956, 0.0020237861835963105, 0.3251471694251599, 0.35]"
579,218.92878608703126,26.086357775964693,195.02614923965837,23.90263684737289,0.9707627544301638,7699.502363094145,5.746629152980631e-06,0.0005488259169879909,9.9375,17.186310520628467,17.166983350762166,34.35329387139063,34.35329387139063,241.01171875,,858.7890625,0.0,0.0,,,0,32,"[0.7166248480811257, 0.9316997106042585, 0.14585666807636785, 0.9243331112743192, 0.0010267306776362071, 0.32511234573512277, 0.35]"
580,218.63792131992759,25.803411760267508,194.50084832980608,24.137072990121524,0.9707619003267371,4290.65035014933,4.765978212528665e-06,0.000537823165888185,10.53125,18.74010360916145,16.018170717870817,34.75827432703227,34.75827432703227,241.01171875,,858.7890625,0.0,0.0,,,0,32,"[0.7166563862827561, 0.9316843975496611, 0.14585694341316785, 0.9243295613782805, 0.0020259323446385523, 0.32509352544595616, 0.35]"
581,218.87664104200778,26.07846516453606,194.9768057797391,23.899835262268677,0.9707605796759856,7648.639149717696,5.73389428248916e-06,0.0005444904621659233,9.9375,16.35613591497531,17.13991445285501,33.49605036783032,33.49605036783032,241.01171875,,858.7890625,0.0,0.0,,,0,32,"[0.7167184181637808, 0.9316567694182761, 0.14585748027174833, 0.9243236357371046, 0.0010288636956102394, 0.3250587772117984, 0.35]"
582,218.6086497177916,25.799701293257414,194.4744019466288,24.13424777116277,0.9707597204945725,4300.382409991057,4.766182309268174e-06,0.0005457375928664996,10.5,17.271020355110522,18.56636234151665,35.837382696627174,35.837382696627174,241.01171875,,858.7890625,0.0,0.0,,,0,32,"[0.7167501763431807, 0.9316413481737569, 0.14585775743312407, 0.9243200622624524, 0.002028054198588791, 0.3250398273971124, 0.35]"
583,218.82471642237368,26.07064634794838,194.92769194395967,23.897024478414025,0.9707584030873894,7598.615227260254,5.99869232065231e-06,0.0005427107990866227,9.9375,16.754218544519972,17.816685693105683,34.570904237625655,34.570904237625655,241.01171875,,858.7890625,0.0,0.0,,,0,32,"[0.716812070368868, 0.9316137805647193, 0.1458582929485587, 0.9243141492901239, 0.0010309726488814813, 0.3250051533472924, 0.35]"
584,218.57930814887612,25.795960492332068,194.44789421792163,24.131413930954487,0.9707575388464822,4309.938654702564,4.7664163194127696e-06,0.0005463340715611964,10.5,16.880954943189863,17.216735119291116,34.09769006248098,34.09769006248098,241.01171875,,858.7890625,0.0,0.0,,,0,32,"[0.7168440477409714, 0.9315982514700272, 0.14585857192647408, 0.9243105523048906, 0.00203015194867146, 0.32498607441568816, 0.35]"
585,218.77297951644908,26.06288672774667,194.87877458722616,23.894204929222937,0.9707562246114234,7549.353312953201,5.998983990451734e-06,0.0005463904936228901,9.90625,16.107805728097446,18.268499814439565,34.37630554253701,34.37630554253701,241.01171875,,858.7890625,0.0,0.0,,,0,32,"[0.7169058069802936, 0.9315707429630806, 0.14585910612568306, 0.9243046516892284, 0.0010330578194909946, 0.3249514727781, 0.35]"
586,218.54986762752708,25.792213547111853,194.42129617916717,24.12857144835991,0.9707553553232685,4319.3309418622275,4.766707956793681e-06,0.0005361253217208435,10.53125,17.738423062837683,19.666076834255364,37.40449989709305,37.40449989709305,241.01171875,,858.7890625,0.0,0.0,,,0,32,"[0.7169380030287907, 0.9315551062315836, 0.14585938691442135, 0.9243010312351341, 0.0020322258639592448, 0.3249322649809179, 0.35]"
587,218.72152155818708,26.055179406182802,194.83014586681978,23.891375691367305,0.9707540441938639,7500.999126223241,5.9993546055459035e-06,0.0005367492889210511,9.90625,16.73819139250554,19.07077861687867,35.80897000938421,35.80897000938421,241.01171875,,858.7890625,0.0,0.0,,,0,32,"[0.7169996303369498, 0.9315276554970527, 0.14585991982258295, 0.9242951426866285, 0.0010351194543313917, 0.3248977341114352, 0.35]"
588,218.52026386897694,25.788448878573792,194.39454348870723,24.125720380269698,0.9707531698882912,4328.613294189777,4.767038797925949e-06,0.0005388536092667238,10.53125,18.776099546812475,16.656252882967237,35.43235242977971,35.43235242977971,241.01171875,,858.7890625,0.0,0.0,,,0,32,"[0.71703204379143, 0.931511911703822, 0.14586020240956762, 0.9242914988825546, 0.002034276230969973, 0.32487839814812763, 0.35]"
589,218.67033954735024,26.047524555359455,194.78180212281205,23.888537424538193,0.9707518618162789,7453.483571224219,5.996244609285384e-06,0.0005264274618523282,9.9375,20.89355710631935,23.99762989807641,44.52862131438451,44.52862131438451,241.01171875,,858.7890625,0.0,0.0,,,0,32,"[0.7170935412407401, 0.9314845177624038, 0.14586073404510017, 0.9242856221910185, 0.0010371577640385149, 0.3248439368587373, 0.35]"
590,218.4905474490314,25.784670649388676,194.36768673811537,24.122860710916022,0.9707509825178304,4337.756272460729,4.767408160244457e-06,0.0005390326165225766,10.53125,23.256485423189588,17.295287776505575,40.55177319969516,40.55177319969516,241.01171875,,858.7890625,0.0,0.0,,,0,32,"[0.7171261710571415, 0.9314686673801027, 0.145861018419999, 0.9242819551327143, 0.0020363032498988847, 0.32482447329375863, 0.35]"
591,218.6194563479157,26.039910269135778,194.7337657735653,23.885690574350434,0.9707496774458798,7406.796690133297,5.976339584101709e-06,0.0005343795884186212,10.03125,20.16885608463781,18.918398825917393,39.07373741094489,39.07373741094489,241.01171875,,858.7890625,0.0,0.0,,,0,32,"[0.7171875411109181, 0.9314413290816267, 0.14586154880457788, 0.9242760900485815, 0.0010391729843349758, 0.3247900801707155, 0.35]"
592,218.46071804053935,25.780880511768665,194.34072553796875,24.119992502570618,0.9707487931800097,4346.764445245927,4.7678203327627955e-06,0.0005391818900495262,10.53125,18.849914071324747,21.153032219444867,40.002946290769614,40.002946290769614,241.01171875,,858.7890625,0.0,0.0,,,0,32,"[0.7172203862056654, 0.9314253726047467, 0.145861834956769, 0.9242723998364727, 0.002038307159551143, 0.32477048958718047, 0.35]"
593,218.56847720273825,26.03251097015299,194.68564074466838,23.882836458069864,0.9707474910529748,7707.998108992416,5.977079557961673e-06,0.0005545349818058751,10.09375,19.524465686117765,16.220779973082244,35.57083772466285,35.57083772466285,241.01171875,,858.7890625,0.0,0.0,,,0,32,"[0.7172816312328587, 0.9313980888406457, 0.1458623641113183, 0.9242665461193792, 0.0010411653438773165, 0.32473616326656585, 0.35]"
594,218.4317825865405,25.77719538903634,194.31459111002113,24.11719147651937,0.9707466398466797,4356.045759395013,4.768044056913112e-06,0.0005421167884464094,10.53125,17.0155500236433,16.497794873430394,33.513344897073694,33.513344897073694,241.01171875,,858.7890625,0.0,0.0,,,0,32,"[0.7173130543365668, 0.9313828338923394, 0.1458626366764685, 0.9242629850848345, 0.0020403710267190333, 0.32471731855315455, 0.35]"
595,218.517338065976,26.025006850562487,194.6372868692619,23.88005119671407,0.9707453407366659,7659.242984602634,5.9962228515786364e-06,0.0005563828494802841,10.09375,16.980920321657322,17.569152325449977,34.52198873856105,34.52198873856105,241.01171875,,858.7890625,0.0,0.0,,,0,32,"[0.7173741711850669, 0.9313556063036784, 0.14586316457676993, 0.9242571430975818, 0.0010432173763380444, 0.32468306100970495, 0.35]"
596,218.40274027757494,25.773487133328484,194.288357956631,24.11438232094394,0.9707444846906553,4365.194250940282,4.7683048944868744e-06,0.0005437697405721105,10.53125,16.75588483340107,15.644168459402863,32.38480969594093,32.38480969594093,241.01171875,,858.7890625,0.0,0.0,,,0,32,"[0.7174058040304375, 0.9313402481396771, 0.14586343886839645, 0.9242535594146528, 0.002042412431116241, 0.32466409223589554, 0.35]"
597,218.46641279804192,26.01755858907069,194.58915549280115,23.877257305240782,0.9707431885433074,7611.2590080483715,5.996338401370593e-06,0.0005557707132281477,10.09375,18.469238064426463,18.87231402361067,37.34155208803713,37.34155208803713,241.01171875,,858.7890625,0.0,0.0,,,0,32,"[0.7174667950357433, 0.9313130756335679, 0.14586396553495978, 0.9242477289207225, 0.0010452471907255534, 0.3246299021276333, 0.35]"
598,218.37356550049628,25.76977915829626,194.26200052296304,24.111564977533263,0.9707423276744207,4374.216302511155,4.768607432037442e-06,0.0005408277283157391,10.53125,20.907980331685394,20.44252933410462,41.350509665790014,41.350509665790014,241.01171875,,858.7890625,0.0,0.0,,,0,32,"[0.7174986369088798, 0.9312976145645866, 0.14586424154572208, 0.924244122652273, 0.0020444315816763353, 0.32461080966871997, 0.35]"
599,218.4157273582597,26.010165299921436,194.54127244376005,23.874454914499623,0.9707410344380369,7564.04925775884,5.996510956673973e-06,0.0005564902839955229,10.09375,15.686707658460364,16.082005386124365,31.76871304458473,31.76871304458473,241.01171875,,858.7890625,0.0,0.0,,,0,32,"[0.7175595042912162, 0.9312704960980002, 0.14586476699825507, 0.9242383034251109, 0.0010472549841102636, 0.3245766857138063, 0.35]"
600,218.34427875456032,25.766057528698585,194.23553950855964,24.108739246000663,0.9707401687653339,4383.109031031058,4.7689489814928265e-06,0.000541171971700287,10.53125,17.07931606506463,15.783718474267516,32.86303453933215,32.86303453933215,241.01171875,,858.7890625,0.0,0.0,,,0,32,"[0.717591554382592, 0.9312549324790683, 0.14586504471990164, 0.9242346746434396, 0.002046428680922038, 0.324557469995701, 0.35]"
601,218.36530451287587,26.00280431147299,194.49366057543784,23.87164393743801,0.9707388783878182,7517.645564371364,5.996740375380227e-06,0.0005576029917713284,10.125,16.878430018550716,17.77923433110118,34.657664349651895,34.657664349651895,241.01171875,,858.7890625,0.0,0.0,,,0,32,"[0.7176523003812019, 0.9312278670037039, 0.1458655689780417, 0.9242288664568579, 0.0010492409590860607, 0.3245234109111889, 0.35]"
602,218.31486707811175,25.762323945708754,194.20896184804886,24.10590523006289,0.9707380079352632,4391.877451350951,4.769329640108566e-06,0.0005410881233235484,10.53125,16.896851870114915,16.391114659199957,33.28796652931487,33.28796652931487,241.01171875,,858.7890625,0.0,0.0,,,0,32,"[0.717684557670908, 0.9312122012973573, 0.1458658484004554, 0.9242252152571796, 0.0020484039431411163, 0.32450407248147756, 0.35]"
603,218.31497140863556,25.9955056403406,194.44614720808067,23.868824200554847,0.9707367203666004,7471.857052779072,5.997025886550489e-06,0.0005577464915400312,10.09375,16.829448264616076,18.12510359013686,34.954551854752935,34.954551854752935,241.01171875,,858.7890625,0.0,0.0,,,0,32,"[0.7177451844339823, 0.9311851878059327, 0.1458663714832338, 0.924219417891281, 0.001051205320610866, 0.3244700770253545, 0.35]"
604,218.28531146483672,25.75858114804664,194.18224831448867,24.10306315034808,0.9707358451404913,4400.549369541715,4.769749611721608e-06,0.0005463375591730649,10.5,18.452204130881,17.37568568205461,35.82788981293561,35.82788981293561,241.01171875,,858.7890625,0.0,0.0,,,0,32,"[0.7177776486614641, 0.9311694200957349, 0.14586665260305676, 0.9242157442887649, 0.0020503575350423707, 0.32445061600631786, 0.35]"
605,218.26489466393303,25.988254742591575,194.39889888979317,23.865995774139872,0.9707345603401166,7426.849870435665,5.988638406506652e-06,0.0005596318720583273,10.0625,21.480450610397384,24.510842762538232,45.991293372935615,45.991293372935615,241.01171875,,858.7890625,0.0,0.0,,,0,32,"[0.7178381579313614, 0.9311424577605313, 0.14586717452601858, 0.9242099575672372, 0.0010531481962327872, 0.32441668317887595, 0.35]"
606,218.25566544671784,25.754821103288506,194.15545278832496,24.100212658392895,0.9707336803652882,4409.0699624445815,4.770212769678039e-06,0.0005455391425356344,10.5,17.844452733697835,17.075819057936314,34.92027179163415,34.92027179163415,241.01171875,,858.7890625,0.0,0.0,,,0,32,"[0.7178708280396265, 0.9311265885268273, 0.14586745733274645, 0.9242062616612651, 0.0020522896258401385, 0.32439710014057305, 0.35]"
607,218.21501936930437,25.981054006153823,194.35186094690565,23.86315842239873,0.970732398275633,7382.572440896305,5.720950908116862e-06,0.0005655257598783387,10.0625,16.15574637980899,17.404155907570384,33.55990228737937,33.55990228737937,241.01171875,,858.7890625,0.0,0.0,,,0,32,"[0.7179312222911662, 0.9310996761970414, 0.14586797811746505, 0.9242004853312641, 0.001055069822345009, 0.3243632285123484, 0.35]"
608,218.22570318536785,25.75066135464082,194.12834720030668,24.097355985061174,0.9707315135734818,4417.615636455524,4.770708102785903e-06,0.0005549793482631409,10.90625,18.304111137695145,16.40279956336599,34.70691070106113,34.70691070106113,241.01171875,,858.7890625,0.0,0.0,,,0,32,"[0.7179640973700553, 0.931083705845244, 0.14586826260207422, 0.9241967672047982, 0.0020542004451754824, 0.32434352393983357, 0.35]"
609,218.165338515657,25.97389878679875,194.3050258112371,23.86031270441991,0.9707302341901738,7338.995469350106,5.722022513587888e-06,0.0005622644292805572,10.0625,15.809296310180798,16.35626242205035,32.16555873223115,32.16555873223115,241.01171875,,858.7890625,0.0,0.0,,,0,32,"[0.7180243767840869, 0.9310568433936153, 0.14586878225121971, 0.9241910012483058, 0.001056970215618109, 0.3243097133807738, 0.35]"
610,218.19582418926151,25.74687750169551,194.1013351554788,24.0944890337827,0.9707293447807929,4425.896191983281,4.771157963823214e-06,0.0005546648521022434,10.90625,20.113836384552997,18.686242285184562,38.751956388296094,38.751956388296094,241.01171875,,858.7890625,0.0,0.0,,,0,32,"[0.7180574559806222, 0.9310407722992322, 0.14586906840493322, 0.92418726097913, 0.002056090007646818, 0.3242898877317059, 0.35]"
611,218.11595935243287,25.966983666294855,194.25850055170727,23.857458800725567,0.9707280680143894,7296.114087689758,5.7229329306629495e-06,0.0005858638248463031,10.03125,15.702084943768568,17.52897920232499,33.23106414609356,33.23106414609356,241.01171875,,858.7890625,0.0,0.0,,,0,32,"[0.7181176244085465, 0.9310139579606671, 0.14586958695134064, 0.9241815050041295, 0.0010588497280299577, 0.3242561360487917, 0.35]"
612,218.16582606674845,25.743068406456846,194.07421223624806,24.0916138305004,0.9707271739185773,4434.060479122835,4.7719487823449924e-06,0.0005559081177940197,10.90625,16.682663990650326,16.723238019039854,33.40590200969018,33.40590200969018,241.01171875,,858.7890625,0.0,0.0,,,0,32,"[0.7181509068403967, 0.9309977865352375, 0.14586987476491844, 0.9241777426729681, 0.002057958667797525, 0.3242361897901496, 0.35]"
613,218.0666451570127,25.95991771004472,194.21204964091945,23.85459551609327,0.9707258997241923,7253.906656225791,5.694493787178345e-06,0.0005884312915697288,10.03125,16.817652358440682,15.81416837143479,32.63182072987547,32.63182072987547,241.01171875,,858.7890625,0.0,0.0,,,0,32,"[0.7182109662114939, 0.930971019399748, 0.14587039222560808, 0.9241719964828516, 0.0010607085357635033, 0.3242024958724076, 0.35]"
614,218.13570603293547,25.73923358280622,194.04697565929536,24.088730373640153,0.970725000962746,4442.106175195414,4.772477191661295e-06,0.0005536093775565323,10.90625,17.88712089182809,14.427401751163416,32.275082427076995,32.275082427076995,241.01171875,,858.7890625,0.0,0.0,,,0,32,"[0.7182444509926962, 0.9309547480144837, 0.14587068169064185, 0.9241682121699976, 0.002059806602361594, 0.3241824294837044, 0.35]"
615,218.0175053797583,25.952890884145457,194.16578156503687,23.851723814721417,0.970723729295159,7212.373185694457,5.694177706239145e-06,0.0005861207979100116,10.03125,15.252684344886802,15.366048311989289,30.61873265687609,30.61873265687609,241.01171875,,858.7890625,0.0,0.0,,,0,32,"[0.718304403251205, 0.9309280271688823, 0.14587119808252955, 0.924162475565721, 0.001062546816066591, 0.3241487922058766, 0.35]"
616,218.1054691966926,25.735402508667228,194.01963056139473,24.085838635297875,0.9707228258903123,4450.041200205692,4.773044611106059e-06,0.0005550810639614004,10.90625,18.844302794605028,15.815256221685559,34.30552973441081,34.30552973441081,241.01171875,,858.7890625,0.0,0.0,,,0,32,"[0.7183380894353208, 0.9309116562429621, 0.14587148918968537, 0.9241586693572935, 0.0020616339927900865, 0.324128606192775, 0.35]"
617,217.9685453665477,25.945919793003576,194.11970180686072,23.84884355968697,0.9707215567071685,7171.5019307840685,5.693918633475903e-06,0.0005858172579377569,10.03125,14.968135510571301,18.06592888169689,33.03406439226819,33.03406439226819,241.01171875,,858.7890625,0.0,0.0,,,0,32,"[0.7183979364018727, 0.9308849808305919, 0.14587200452897386, 0.9241529421541057, 0.0010643647377896624, 0.32409502450774597, 0.35]"
618,218.07510868449236,25.73156149521044,193.9921702484836,24.082938436008757,0.9707206486814237,4457.862850346215,4.773650981615418e-06,0.0005525134645704531,10.90625,16.764606443757657,15.71665358642349,32.48126003018115,32.48126003018115,241.01171875,,858.7890625,0.0,0.0,,,0,32,"[0.7184318230322386, 0.9308685107917193, 0.1458722972686297, 0.9241491141391487, 0.002063441009553203, 0.32407471938755367, 0.35]"
619,217.9197471407173,25.938979294650366,194.07379222520842,23.845954915508884,0.9707193819399231,7131.273249330969,5.693716004895322e-06,0.0005838781590741931,10.03125,18.43000690860208,16.769356065196916,35.199362973799,35.199362973799,241.01171875,,858.7890625,0.0,0.0,,,0,32,"[0.7184915665469477, 0.9308418799452994, 0.14587281157137647, 0.9241433961480296, 0.00106616247265025, 0.3240411922288294, 0.35]"
620,218.0446229150242,25.72768159229265,193.96459273540398,24.080030179620252,0.9707184693152345,4465.574591580508,4.774296177512127e-06,0.0005547870866379731,10.90625,16.83169293391984,17.82845274283318,34.66014567675302,34.66014567675302,241.01171875,,858.7890625,0.0,0.0,,,0,32,"[0.7185256526890065, 0.9308253112048169, 0.14587310593429978, 0.9241395464113492, 0.002065227823832007, 0.32402076849987493, 0.35]"
621,217.870990439556,25.931861574126692,194.02793340839096,23.843057031165046,0.9707172049740506,7091.668008124641,5.693569338660609e-06,0.0005649283187862464,10.0625,20.337133057182655,19.625578126579057,39.57726240332704,39.57726240332704,241.01171875,,858.7890625,0.0,0.0,,,0,32,"[0.7185852945288356, 0.930798724086468, 0.1458736192161818, 0.9241338374513005, 0.0010679401849079363, 0.32398729484387767, 0.35]"
622,218.0140603891734,25.723814525983762,193.9369464769764,24.077113912197,0.9707162877720658,4473.155108795471,4.774980102872917e-06,0.0005435450157795127,10.9375,20.263635509763844,19.463468706817366,39.72710421658121,39.72710421658121,241.01171875,,858.7890625,0.0,0.0,,,0,32,"[0.7186195792598058, 0.9307820570323253, 0.14587391519365742, 0.9241299660770582, 0.002066994599992076, 0.3239667530063697, 0.35]"
623,217.82252779855529,25.925000889579042,193.98237681387297,23.8401509846823,0.970715025783639,7052.721542390591,5.693478323909318e-06,0.0005623769223213938,10.0625,20.4427221979131,20.351899540401064,40.79462173831416,40.79462173831416,241.01171875,,858.7890625,0.0,0.0,,,0,32,"[0.7186791214717398, 0.9307555126905834, 0.14587442747224125, 0.9241242659397414, 0.00106969806274857, 0.3239333316699687, 0.35]"
624,217.98334631438618,25.71992927623158,193.909156841431,24.074189472955158,0.9707141040311348,4480.648615124795,4.775702560078088e-06,0.0005432222316933374,10.9375,20.8726362689049,17.67232170823263,38.54495797713753,38.54495797713753,241.01171875,,858.7890625,0.0,0.0,,,0,32,"[0.718713603652738, 0.9307387478569041, 0.14587472505268476, 0.9241203730359635, 0.0020687415395299067, 0.3239126723429702, 0.35]"
625,217.77414987394513,25.918182422064415,193.93691371933255,23.837236154612576,0.9707128443619468,7014.3191153260495,5.693441855747494e-06,0.0005670451167169158,10.03125,18.586227197374683,19.911450399376918,38.4976775967516,38.4976775967516,241.01171875,,858.7890625,0.0,0.0,,,0,32,"[0.7187730476760865, 0.9307122456023977, 0.14587523634113808, 0.9241146815736708, 0.0010714362514877272, 0.3238793024931293, 0.35]"
626,217.95251468484236,25.716041456615038,193.8812579600053,24.07125672483702,0.9707119180741268,4488.036952606604,4.77646349361649e-06,0.0005430247403523401,10.9375,19.982344449090306,16.435272424132563,36.41761687322287,36.41761687322287,241.01171875,,858.7890625,0.0,0.0,,,0,32,"[0.7188077266627401, 0.9306953832580661, 0.14587553551782526, 0.9241107671943158, 0.002070468760981984, 0.3238585260081161, 0.35]"
627,217.72599860083926,25.911405464979754,193.89168551203207,23.8343130888072,0.970710660685376,6976.604076407131,5.693459804945178e-06,0.0005698424641986053,10.03125,18.603616117616184,16.923299059271812,35.526915176888,35.526915176888,241.01171875,,858.7890625,0.0,0.0,,,0,32,"[0.7188670741672586, 0.9306689223040449, 0.1458760458304925, 0.9241050842356584, 0.0010731548898982068, 0.3238252066785089, 0.35]"
628,217.9213869383954,25.71235066954289,193.85306918770792,24.068317750687463,0.970709729895648,4495.4461663591455,4.777262700539353e-06,0.0005615451035721346,11.28125,21.676084179489408,18.562891644251067,40.238975823740475,40.238975823740475,241.01171875,,858.7890625,0.0,0.0,,,0,32,"[0.7189019485331045, 0.9306519631076873, 0.14587634658995244, 0.9241011485190381, 0.002072176447504903, 0.32380431382371905, 0.35]"
629,217.67804794278493,25.904685336175632,193.84666644859033,23.831381494194616,0.9707084747850397,6939.567342233239,5.693531775374794e-06,0.0005666536734355147,10.0625,17.608293033845257,19.627721630968153,37.23601466481341,37.23601466481341,241.01171875,,858.7890625,0.0,0.0,,,0,32,"[0.7189611996073356, 0.9306255433794827, 0.14587685592960384, 0.9240954740541698, 0.0010748540176395243, 0.3237710449182209, 0.35]"
630,217.89030348281744,25.708425661110162,193.82493481057995,24.06536867223748,0.9707075395278999,4502.626921243175,4.7781001621949315e-06,0.0005625980141908816,11.28125,20.65781655983301,18.493658819352277,39.151475379185285,39.151475379185285,241.01171875,,858.7890625,0.0,0.0,,,0,32,"[0.71899626787894, 0.9306084880075932, 0.14587715825786401, 0.9240915171431238, 0.0020738646425759004, 0.32375003650720957, 0.35]"
631,217.6301057718082,25.897866287660772,193.80166432628965,23.82844144551852,0.9707062866220098,6903.039345199549,5.693833394992964e-06,0.000546373991872863,10.09375,17.81071408186108,18.697138846619055,36.50785292848013,36.50785292848013,241.01171875,,858.7890625,0.0,0.0,,,0,32,"[0.7190554256906394, 0.9305821080378894, 0.14587766665043192, 0.924085850848577, 0.0010765339557548554, 0.32371681623807264, 0.35]"
632,217.85912397400023,25.704490816184574,193.7967123026954,24.06241167130485,0.9707053469132271,4509.697773716385,4.778975526864571e-06,0.0005584790179207433,11.28125,18.655220585060306,17.090336448745802,35.74555703380611,35.74555703380611,241.01171875,,858.7890625,0.0,0.0,,,0,32,"[0.7190906871980944, 0.9305649567577892, 0.14587797054088775, 0.9240818728002502, 0.0020755336231250265, 0.32369569262428843, 0.35]"
633,217.58230561370402,25.891197573797076,193.75681320052792,23.825492413176104,0.9707040961728371,6867.049552347006,5.69401106131906e-06,0.000550350516893116,10.0625,17.22639863146469,17.037076548149344,33.811894900281914,33.811894900281914,241.01171875,,858.7890625,0.0,0.0,,,0,32,"[0.7191497534348402, 0.9305386157555589, 0.14587847800106385, 0.9240762145029098, 0.0010781948464938173, 0.32366252001418094, 0.35]"
634,217.82781415834302,25.700533841932568,193.768367958661,24.059446199682007,0.9707031520327557,4516.666745499092,4.7798886821937e-06,0.0005580758727269861,11.28125,19.31166990834754,18.761050945613533,38.07272085396107,38.07272085396107,241.01171875,,858.7890625,0.0,0.0,,,0,32,"[0.7191852073140649, 0.9305213689521576, 0.14587878344470426, 0.9240722153942463, 0.00207718354320498, 0.3236412816550688, 0.35]"
635,217.5347262405395,25.884567029117534,193.71219105678563,23.82253518375387,0.9707019034214336,6831.70921655054,5.694241058673555e-06,0.0005499405953858759,10.0625,18.797011725837365,18.7149922203389,37.31280963984318,37.31280963984318,241.01171875,,858.7890625,0.0,0.0,,,0,32,"[0.7192441835440458, 0.9304950661743205, 0.145879289986016, 0.9240665649330687, 0.0010798368324472353, 0.3236081557977913, 0.35]"
636,217.79637681821893,25.696569758395963,193.73990420400168,24.056472614217263,0.9707009548856157,4523.542606521756,4.780839362616973e-06,0.0005583365888147066,11.28125,22.55321883421857,23.899884239654057,46.453103073872626,46.453103073872626,241.01171875,,858.7890625,0.0,0.0,,,0,32,"[0.719279828275529, 0.9304777245505499, 0.14587959696858682, 0.9240625449120036, 0.0020788145835906628, 0.32358680353525915, 0.35]"
637,217.48721343532316,25.87802698441925,193.6676468688796,23.819566566443555,0.9706997083698651,6796.934837511378,5.694522722254902e-06,0.000541395567400258,10.09375,22.073450112657156,20.282671655877493,42.35612176853465,42.35612176853465,241.01171875,,858.7890625,0.0,0.0,,,0,32,"[0.7193387159390771, 0.9304514593120581, 0.14588010260389717, 0.924056902139214, 0.0010814600822142348, 0.32355372359630546, 0.35]"
638,217.76481680806077,25.692594449952313,193.7113257468229,24.053491061237864,0.9706987554651354,4524.658853248241,4.781807769305146e-06,0.0005565198901968391,11.28125,20.727083036035765,20.726805021695327,41.45388805773109,41.45388805773109,241.01171875,,858.7890625,0.0,0.0,,,0,32,"[0.7193745503793013, 0.9304340233729613, 0.1458804111140952, 0.9240528613127187, 0.002080426892465686, 0.323532258054608, 0.35]"
639,217.4401618282726,25.871516688939312,193.6235666322141,23.816595196058508,0.9706975143976966,6763.238630902496,6.032295521318787e-06,0.000540097646170275,10.125,17.30169884103816,18.848025101760868,36.14972394279903,36.14972394279903,241.01171875,,858.7890625,0.0,0.0,,,0,32,"[0.7194332194357905, 0.9304077744593168, 0.14588091436532336, 0.9240472390712446, 0.0010830470806801008, 0.3234995382666394, 0.35]"
640,217.7331408670577,25.68860277411111,193.68263584119236,24.050505025865355,0.9706965572187541,4531.264411549481,4.7827922124987765e-06,0.000557846587905987,11.28125,21.561044100963045,21.000600761908572,42.56164486287162,42.56164486287162,241.01171875,,858.7890625,0.0,0.0,,,0,32,"[0.719469239511595, 0.9303902461408523, 0.145881224367503, 0.9240431778559682, 0.0020820031246062617, 0.32347796177657806, 0.35]"
641,217.3931223277633,25.86507949532396,193.57950660597763,23.81361572178568,0.970695318152359,6729.95662596201,6.034298035029195e-06,0.0005460446068396527,10.09375,18.609706210554577,17.803097842261195,36.31118752673501,36.31118752673501,241.01171875,,858.7890625,0.0,0.0,,,0,32,"[0.7195278240394437, 0.9303640329886703, 0.14588172674968775, 0.9240375628946972, 0.0010846159441437117, 0.32344528524340127, 0.35]"
642,217.70134730142675,25.684593704870974,193.65383639997918,24.047510901447573,0.9706943567108439,4537.774131250607,4.783882516345983e-06,0.0005559498649539895,11.28125,20.1890647658729,17.87260442506522,38.06166919093812,38.06166919093812,241.01171875,,858.7890625,0.0,0.0,,,0,32,"[0.7195640292580572, 0.9303464124817655, 0.14588203823867266, 0.9240334813296125, 0.0020835611923984403, 0.3234235980427535, 0.35]"
643,217.34618646431966,25.858600085056764,193.5355585182191,23.810627946100563,0.9706931196121851,6697.174601016443,6.036340883142088e-06,0.0005491462386244981,10.03125,19.001333996129688,21.588683652225882,40.59001764835557,40.59001764835557,241.01171875,,858.7890625,0.0,0.0,,,0,32,"[0.7196225306925802, 0.9303202344110942, 0.14588253976413754, 0.9240278735027528, 0.0010861667833528977, 0.32339096394510264, 0.35]"
644,217.66943991128278,25.68057441651134,193.62493090566807,24.04450900561469,0.9706921539319895,4544.191346856507,4.78500905964907e-06,0.000556443954164837,11.28125,19.871439850248862,21.2957677358645,41.16720758611336,41.16720758611336,241.01171875,,858.7890625,0.0,0.0,,,0,32,"[0.719658920036841, 0.9303025221676436, 0.14588285272993695, 0.9240237716824391, 0.0020851012380791144, 0.323369166598026, 0.35]"
645,217.29943325937631,25.852182419378828,193.49180138377406,23.80763187560227,0.9706909187689131,6665.009097143171,6.038423759235911e-06,0.0005477123773387086,10.03125,17.152782624179963,18.38160221814178,35.53438484232174,35.53438484232174,241.01171875,,858.7890625,0.0,0.0,,,0,32,"[0.7197173397611771, 0.9302763785187146, 0.1458833534109541, 0.9240181708465006, 0.0010876997358367185, 0.3233365741340338, 0.35]"
646,217.63740473980542,25.676531401751863,193.5959059146102,24.04149882519524,0.970689948890384,4550.514807451359,4.786171525328342e-06,0.000557343512724434,11.28125,26.38552011194406,25.361957821587566,51.74747793353163,51.74747793353163,241.01171875,,858.7890625,0.0,0.0,,,0,32,"[0.7197539115042958, 0.9302585753401178, 0.1458836678376242, 0.9240140489395953, 0.0020866234411881816, 0.32331466759748995, 0.35]"
647,217.25297714922266,25.845851829205856,193.4483472444656,23.80462990475704,0.9706887156306861,6633.421583808305,6.566877166935825e-06,0.0005780160808019734,9.96875,21.787580255477224,23.597523431817535,45.190890683443286,45.190890683443286,241.01171875,,858.7890625,0.0,0.0,,,0,32,"[0.7198122509057845, 0.930232465453254, 0.14588416768617823, 0.9240084549523007, 0.0010892149806224587, 0.32328211597247075, 0.35]"
648,217.6052607554342,25.67248892549069,193.56677951376048,24.038481241673672,0.9706877415909828,4556.757384449158,4.787341716827598e-06,0.0005580409067374938,11.28125,30.920823373890016,21.237490393104963,51.02345706836786,51.02345706836786,241.01171875,,858.7890625,0.0,0.0,,,0,32,"[0.7198490034599611, 0.9302145720897569, 0.14588448355869046, 0.9240043131148269, 0.00208812797446667, 0.3232601011265628, 0.35]"
649,217.20651408391473,25.839508736534857,193.40489653515846,23.801617548756276,0.9706865102062151,6602.355956262843,6.572435165885793e-06,0.0005681250338565536,10.0,23.361999206827022,25.513816457532812,48.875815664359834,48.875815664359834,241.01171875,,858.7890625,0.0,0.0,,,0,32,"[0.7199072637634055, 0.930188495381866, 0.14588498258540342, 0.9239987258491219, 0.0010907126756637378, 0.323227589628654, 0.35]"
650,217.57301295128337,25.668427026464244,193.53755712697063,24.03545582431275,0.9706855320363603,4562.900853559572,4.7885753380327856e-06,0.0005528925321810433,11.28125,20.670206540671643,21.370491296693217,42.04069783736486,42.04069783736486,241.01171875,,858.7890625,0.0,0.0,,,0,32,"[0.7199441958025762, 0.9301705124175861, 0.14588529989125196, 0.9239945642073144, 0.0020896149811963005, 0.3232054672071184, 0.35]"
651,217.1600463042451,25.833172325031775,193.36144953774482,23.79859676650024,0.9706843024933415,6571.674613524833,6.574714123352976e-06,0.0005722759056031989,9.96875,19.081138882029336,19.454548724752385,38.53568760678172,38.53568760678172,241.01171875,,858.7890625,0.0,0.0,,,0,32,"[0.7200023784373067, 0.9301444682095165, 0.14588579810856897, 0.9239889835174157, 0.0010921929818619271, 0.32317299501647145, 0.35]"
652,217.54063281997492,25.664345432878644,193.5082104504284,24.032422369546484,0.9706833202075741,4568.957163514389,4.78984417817685e-06,0.0005565407888319945,11.28125,20.024878678668756,19.206040393328294,39.23091907199705,39.23091907199705,241.01171875,,858.7890625,0.0,0.0,,,0,32,"[0.7200394893577079, 0.9301263958857882, 0.14588611684150357, 0.9239848021211923, 0.002091084580733811, 0.3231507653349589, 0.35]"
653,217.11376212352684,25.82686727183482,193.31819407110967,23.79556805241715,0.970682092476694,6541.5669861070255,6.577047107825251e-06,0.0005703601062191065,9.96875,19.19403762440197,17.19728064199444,36.39131826639641,36.39131826639641,241.01171875,,858.7890625,0.0,0.0,,,0,32,"[0.7200975955990744, 0.9301003835682384, 0.14588661426047914, 0.923979227874955, 0.0010936560044556875, 0.3231183317161816, 0.35]"
654,217.50813424227698,25.660263328758408,193.47875295796985,24.029381284307114,0.970681106115663,4574.925517970193,4.791147994787082e-06,0.0005585359994059295,11.28125,20.663962422986515,19.733533772523515,40.39749619551003,40.39749619551003,241.01171875,,858.7890625,0.0,0.0,,,0,32,"[0.7201348836614493, 0.930082222693443, 0.1458869344043927, 0.9239750268959561, 0.00209253694671017, 0.3230959957470933, 0.35]"
655,217.06771163829,25.820825512525058,193.2751802452239,23.79253139306612,0.9706798801674643,6511.984212357966,6.579433619258168e-06,0.0005890955182098882,9.9375,19.283397901745047,19.829624267003965,39.11302216874901,39.11302216874901,241.01171875,,858.7890625,0.0,0.0,,,0,32,"[0.720192914777785, 0.9300562416584595, 0.14588743103611568, 0.9239694589627394, 0.0010951019161579846, 0.32306359996554695, 0.35]"
656,217.47556498321376,25.65615433508458,193.44923198295342,24.02633300026035,0.9706788897665232,4580.811225473259,4.253117390273786e-06,0.0005701635371280837,11.28125,21.768320169940125,18.985569484357256,40.679905308934394,40.679905308934394,241.01171875,,858.7890625,0.0,0.0,,,0,32,"[0.7202303784716403, 0.930037992945568, 0.14588775257642297, 0.9239652385467572, 0.002093972239618074, 0.3230411585366258, 0.35]"
657,217.02155015369286,25.81462955896284,193.23206625280608,23.789483900886776,0.9706776655727383,6482.831053504088,6.582091221396524e-06,0.0005823244565934693,9.96875,17.174431784951594,21.170275984331965,38.34470776928356,38.34470776928356,241.01171875,,858.7890625,0.0,0.0,,,0,32,"[0.7202883356804418, 0.9300120426212852, 0.1458882484315604, 0.9239596768008095, 0.0010965308721876859, 0.3230087998860692, 0.35]"
658,217.44306353525522,25.651994383622725,193.41977356031055,24.023289974944674,0.9706766711557185,4586.621180727786,4.254832931760433e-06,0.0005470430253187748,11.3125,20.10374711244367,18.972728212247603,39.07647532469127,39.07647532469127,241.01171875,,858.7890625,0.0,0.0,,,0,32,"[0.7203259739886547, 0.9299937064940731, 0.14588857135865763, 0.9239554370427125, 0.0020953905859436525, 0.3229862535648959, 0.35]"
659,216.9755603720492,25.808424342596084,193.18912964197898,23.786430730070222,0.9706754486903701,6454.192284260486,6.584584426594375e-06,0.0005807585262581972,9.96875,17.992686880461406,18.18060319783399,36.173290078295395,36.173290078295395,241.01171875,,858.7890625,0.0,0.0,,,0,32,"[0.7203838584012612, 0.9299677863822468, 0.1458890664483026, 0.9239498813707654, 0.0010979429905928972, 0.3229539313356324, 0.35]"
660,217.41034655477267,25.647856091578273,193.39010473992704,24.02024181484564,0.9706744502945873,4592.344949983558,4.256594561713456e-06,0.0005708937567319638,11.28125,21.143256082723383,17.945088970009238,39.08834505273262,39.08834505273262,241.01171875,,858.7890625,0.0,0.0,,,0,32,"[0.7204216697267308, 0.9299493635786754, 0.14588939074753424, 0.9239456224269291, 0.002096792139839308, 0.3229312810099851, 0.35]"
661,216.92967281112038,25.802251764697093,193.14630288165392,23.78336992946646,0.9706732295300947,6426.022625528766,6.694143630525673e-06,0.0005864276505220565,9.96875,19.950437832449097,19.55262286355719,39.50306069600629,39.50306069600629,241.01171875,,858.7890625,0.0,0.0,,,0,32,"[0.7204794825266471, 0.9299234730849093, 0.14588988508280532, 0.9239400727060447, 0.0010993384314807574, 0.3228989945048952, 0.35]"
662,217.37756156331756,25.643686320581292,193.36037629712234,24.017185266195213,0.9706722271874462,4597.988690499857,4.418771089031992e-06,0.0005714048277151516,11.28125,21.220547750999685,21.546052099438384,42.76659985043807,42.76659985043807,241.01171875,,858.7890625,0.0,0.0,,,0,32,"[0.7205174655054088, 0.9299049642252046, 0.14589021074138775, 0.9239357947073409, 0.002098177048469831, 0.3228762409266766, 0.35]"
663,216.88388150987663,25.796082183052746,193.10358056394125,23.78030094593534,0.9706710080966919,6398.315421768192,6.69715691969941e-06,0.0005853566846854504,9.96875,17.78824858047301,17.946592342923395,35.734840923396405,35.734840923396405,241.01171875,,858.7890625,0.0,0.0,,,0,32,"[0.7205752078635954, 0.9298791028067467, 0.1458907043320048, 0.9239302508173504, 0.0011007173387070127, 0.32284398947464193, 0.35]"
664,217.34473387056832,25.63948542515118,193.33061271470865,24.01412115585964,0.9706700018394047,4603.548133365267,4.424721241402807e-06,0.0005453712832628942,11.3125,20.14229667838663,19.896357058314607,40.038653736701235,40.038653736701235,241.01171875,,858.7890625,0.0,0.0,,,0,32,"[0.7206133611174366, 0.9298605085169211, 0.14589103133693396, 0.923925953895182, 0.002099545457593238, 0.3228211334019898, 0.35]"
665,216.83813100940426,25.790014684959516,193.06090690921337,23.7772241001909,0.9706687843945289,6371.02314839318,6.700266571790792e-06,0.0005905246582990802,9.9375,18.395841972960625,19.14444637077395,37.540288343734574,37.540288343734574,241.01171875,,858.7890625,0.0,0.0,,,0,32,"[0.7206710342359871, 0.9298346756127434, 0.14589152419300566, 0.923920415712336, 0.001102079860693469, 0.3227889163089577, 0.35]"
666,217.3116510909041,25.635273435580384,193.3006010987204,24.011049992183697,0.9706677742491594,4609.028091287017,4.42609351303247e-06,0.0005728515591610294,11.28125,21.04447097372031,20.81239207473118,41.85686304845149,41.85686304845149,241.01171875,,858.7890625,0.0,0.0,,,0,32,"[0.7207093566312099, 0.9298159964006181, 0.14589185253348738, 0.9239160999759306, 0.0021008975019493462, 0.3227659583650903, 0.35]"
667,216.79207441523943,25.783819827971634,193.01793430293122,23.774140112308217,0.9706665584250344,6343.961032450914,6.683562819631561e-06,0.0005824796866251839,10.4375,19.148842795402743,19.46468532696599,38.613528122368734,38.613528122368734,241.01171875,,858.7890625,0.0,0.0,,,0,32,"[0.7207669615884476, 0.9297901914572838, 0.14589234466511816, 0.9239105673862793, 0.0011034261224046687, 0.3227337749990667, 0.35]"
668,217.27860098342725,25.631070522609924,193.27063021742347,24.007970766003773,0.9706655443918654,4614.428406614539,4.427012999741464e-06,0.0005456081595476841,11.3125,21.463168479385786,19.310827323351987,40.77399580273777,40.77399580273777,241.01171875,,858.7890625,0.0,0.0,,,0,32,"[0.7208054531140314, 0.9297714272476193, 0.14589267434129524, 0.9239062328239384, 0.002102233236822383, 0.32271071512124005, 0.35]"
669,216.7465703527267,25.77777073305666,192.97552288595114,23.771047466775578,0.9706643301615456,6317.639932466803,6.686566543567807e-06,0.000576315726582572,10.4375,18.75973194546532,19.930708207539283,38.6904401530046,38.6904401530046,241.01171875,,858.7890625,0.0,0.0,,,0,32,"[0.7208629910757821, 0.9297456497458364, 0.1458931657577739, 0.923900705708399, 0.001104756184204134, 0.32267856481232887, 0.35]"
670,217.24537151050322,25.626846132703424,193.2404870604415,24.004884450061713,0.9706633123175819,4619.749316524796,4.428446905624384e-06,0.0005458391328267526,11.3125,20.084329022211023,19.594033954490442,39.678362976701465,39.678362976701465,241.01171875,,858.7890625,0.0,0.0,,,0,32,"[0.7209016484342332, 0.929726802137358, 0.14589349673882557, 0.9238963526538558, 0.002103552928609239, 0.32265540491108374, 0.35]"
671,216.70121638180467,25.771682062215234,192.93326674975702,23.76794963204762,0.9706620996558314,6291.781018572532,6.508379929659469e-06,0.0005827872282641359,10.40625,19.93700865568826,20.58814313932089,40.52515179500915,40.52515179500915,241.01171875,,858.7890625,0.0,0.0,,,0,32,"[0.7209591204861988, 0.9297010515404158, 0.14589398744994142, 0.9238908308992608, 0.0011060703066418163, 0.3226232870297437, 0.35]"
672,217.21197941159417,25.622616330405528,193.21018785293106,24.00179155866313,0.9706610780387341,4624.992275248709,4.429957596752132e-06,0.0005706126056621793,11.28125,20.00238974869717,20.753241922648158,40.75563167134533,40.75563167134533,241.01171875,,858.7890625,0.0,0.0,,,0,32,"[0.7209979420647709, 0.9296821212805344, 0.1458943197212121, 0.9238864595115174, 0.0021048567345905017, 0.32260002800550575, 0.35]"
673,216.6557836057589,25.765722921997998,192.89094499427512,23.76483861148379,0.9706598669210356,6266.308129099997,6.510161929984548e-06,0.000570056435220958,10.4375,21.646525630785618,18.433533150528092,39.75274884578539,39.75274884578539,241.01171875,,858.7890625,0.0,0.0,,,0,32,"[0.7210553492614509, 0.9296563970643688, 0.1458948097364994, 0.9238809430081839, 0.0011073686440626306, 0.3225679419368302, 0.35]"
674,217.1785843679147,25.618350109035507,193.1798942629938,23.99869010492088,0.9706588415576355,4630.1571336983625,4.428278137069697e-06,0.0005476572532622642,11.3125,20.793025672901422,22.444266302045435,43.23729197494686,43.23729197494686,241.01171875,,858.7890625,0.0,0.0,,,0,32,"[0.721094333915212, 0.929637384649504, 0.145895143286634, 0.9238765533939384, 0.002106144780955766, 0.3225445844272019, 0.35]"
675,216.6107913205107,25.75970548121844,192.84906847669959,23.761722843811132,0.9706576319579809,6241.574883556382,6.511987856505641e-06,0.000569769888395347,10.15625,18.170787712733727,17.812057958508376,35.9828456712421,35.9828456712421,241.01171875,,858.7890625,0.0,0.0,,,0,32,"[0.7211516773822547, 0.9296116863076609, 0.14589563261500121, 0.9238710420259548, 0.0011086513269370126, 0.3225125295276625, 0.35]"
676,217.14495585886843,25.614095634147386,193.1493733588522,23.995582500016248,0.9706566029296607,4635.2483721434055,4.429782369808066e-06,0.0005717206628450656,11.28125,20.001851306005847,16.70123013900593,36.703081445011776,36.703081445011776,241.01171875,,858.7890625,0.0,0.0,,,0,32,"[0.7211908216172563, 0.9295925934212209, 0.1458959674130144, 0.9238666345438294, 0.002107417346661045, 0.3224890755214004, 0.35]"
677,216.5656020083743,25.753531575239386,192.8070018689241,23.758600139450202,0.9706553948256075,6217.011832789804,6.504848848898348e-06,0.0005453721295780268,10.25,18.990635064255912,19.473295302304905,38.46393036656082,38.46393036656082,241.01171875,,858.7890625,0.0,0.0,,,0,32,"[0.7212481023176275, 0.9295669204548441, 0.14589645606357363, 0.9238611282099337, 0.0011099186218225519, 0.32245705122413026, 0.35]"
678,217.11134500786653,25.609809064348966,193.11887835420185,23.99246665366467,0.9706543621301561,4640.263689110584,4.431321714459813e-06,0.0005457417971547417,11.3125,20.967238255252596,18.18258591083577,39.149824166088365,39.149824166088365,241.01171875,,858.7890625,0.0,0.0,,,0,32,"[0.7212874062356632, 0.9295477469806239, 0.14589679210990938, 0.9238567028369218, 0.0021086744744058554, 0.32243350064047444, 0.35]"
679,216.52051996882116,25.74756773215757,192.76505012510256,23.7554698437186,0.9706531554964718,6192.877767821387,6.5070154739999e-06,0.0005543042797807003,10.34375,19.405517232371494,19.523473114531953,38.92899034690345,38.92899034690345,241.01171875,,858.7890625,0.0,0.0,,,0,32,"[0.7213446252617197, 0.9295220989030226, 0.14589728009124125, 0.923851201424408, 0.0011111705802729765, 0.32240150631759024, 0.35]"
680,217.07755213683274,25.60552281870597,193.0882079980714,23.989344138761346,0.9706521191711516,4645.205366788599,4.203291922078023e-06,0.0005460869147941841,11.3125,19.922307488741353,18.87502497265814,38.79733246139949,38.79733246139949,241.01171875,,858.7890625,0.0,0.0,,,0,32,"[0.7213840872681201, 0.9295028455897123, 0.1458976173707245, 0.9238467583144668, 0.002109916322858936, 0.3223778600354204, 0.35]"
681,216.47521908126117,25.741940470240056,192.72288692345725,23.7523321578039,0.9706509139852142,6503.188522871068,6.5092909067310245e-06,0.000554974504723439,10.34375,17.317733269010205,17.65474370768061,34.972476976690814,34.972476976690814,241.01171875,,858.7890625,0.0,0.0,,,0,32,"[0.7214412455930687, 0.9294772219125644, 0.14589810469167958, 0.923841261721879, 0.001112407351803339, 0.322345895121682, 0.35]"
682,217.0451860162422,25.60139904006699,193.0588636884869,23.986322327755328,0.9706499254038493,4650.67294430273,4.20445537407943e-06,0.0005454394316114391,11.3125,20.234786352375522,18.68785236729309,38.92263871966861,38.92263871966861,241.01171875,,858.7890625,0.0,0.0,,,0,32,"[0.7214786524833999, 0.9294589841507642, 0.1458984222963249, 0.9238370106333564, 0.0021112776662747944, 0.3223233555821653, 0.35]"
683,216.43002764023723,25.736268351450384,192.68072919482915,23.74929844540807,0.9706487218045883,6475.961417126769,6.52002668477536e-06,0.0005412489893079542,10.375,18.37860624800669,19.56912179593928,37.94772804394597,37.94772804394597,241.01171875,,858.7890625,0.0,0.0,,,0,32,"[0.7215357440554562, 0.9294333879700467, 0.14589890890863158, 0.9238315195404132, 0.0011137630753825767, 0.32229142377988745, 0.35]"
684,217.01270424322104,25.597268901427775,193.02941148348498,23.98329275973606,0.9706477294808752,4656.063389656329,4.205660898648489e-06,0.0005463964072548059,11.3125,19.85329759918386,18.330764381971676,38.18406198115554,38.18406198115554,241.01171875,,858.7890625,0.0,0.0,,,0,32,"[0.7215733138215918, 0.9294150684150553, 0.14589922778675835, 0.9238272501987571, 0.0021126234734529284, 0.32226878569731127, 0.35]"
685,216.384882636771,25.730602888997723,192.63862554732293,23.7462570894481,0.9706465274436115,6449.118959881289,6.521615972587824e-06,0.0005461952909137674,10.375,18.92505778960185,20.163126886473037,39.08818467607489,39.08818467607489,241.01171875,,858.7890625,0.0,0.0,,,0,32,"[0.7216303397047065, 0.929389499218721, 0.14589971369951782, 0.9238217644942667, 0.0011151033634393816, 0.322236886388425, 0.35]"
686,216.9801250940452,25.59310942148469,192.99986850118717,23.98025659285802,0.9706455314009299,4661.381681178666,4.206897630698592e-06,0.0005436958911243389,11.3125,20.038141738041304,19.19666799949482,39.234809737536125,39.234809737536125,241.01171875,,858.7890625,0.0,0.0,,,0,32,"[0.7216680713486674, 0.9293710983091586, 0.14590003384153577, 0.9238174769930674, 0.00211395386037354, 0.3222141503116258, 0.35]"
687,216.33982117066327,25.72495905236584,192.59661297727519,23.7432081933881,0.9706443309024997,6422.704861428348,6.522953900134354e-06,0.0005472854777836504,10.375,16.126257643918507,18.011388412560336,34.13764605647884,34.13764605647884,241.01171875,,858.7890625,0.0,0.0,,,0,32,"[0.7217250325410037, 0.9293455556181973, 0.14590051906353976, 0.9238119965736403, 0.001116428325741154, 0.32218228291723977, 0.35]"
688,216.94742352707698,25.588928927453747,192.97021067139235,23.977212855684623,0.9706433311711411,4666.620626751903,4.208161954899481e-06,0.000544684945177734,11.3125,19.995832139102276,19.05819243256701,39.05402457166929,39.05402457166929,241.01171875,,858.7890625,0.0,0.0,,,0,32,"[0.721762924767449, 0.9293270739448933, 0.1459008404573583, 0.9238076910394444, 0.002115268955773572, 0.3221594495687194, 0.35]"
689,216.2948576568008,25.71933645366311,192.55470564051947,23.740152016281314,0.9706421321865583,6396.717489485809,6.5246357388026865e-06,0.0005483637254900432,10.375,20.321281808719505,18.07632262352854,38.397604432248045,38.397604432248045,241.01171875,,858.7890625,0.0,0.0,,,0,32,"[0.7218198223468283, 0.9293015572413866, 0.14590132499777725, 0.9238022157931993, 0.0011177380977297896, 0.3221276134657466, 0.35]"
690,216.91462966131178,25.58475236166061,192.94046714284752,23.974162518464215,0.9706411287977063,4671.786365248146,4.2094603238673756e-06,0.0005453085538084769,11.3125,23.469173356716055,20.202422856527846,43.6715962132439,43.6715962132439,241.01171875,,858.7890625,0.0,0.0,,,0,32,"[0.7218578738210348, 0.9292829954118645, 0.14590164763109037, 0.9237978923554019, 0.002116568898348452, 0.3221046835873269, 0.35]"
691,216.2499589274181,25.7137261514675,192.51287072359804,23.737088203820047,0.9706399313037792,6371.136921185752,6.517073441791865e-06,0.0005525649669957855,10.375,19.980736178695224,20.956475425919052,40.937211604614276,40.937211604614276,241.01171875,,858.7890625,0.0,0.0,,,0,32,"[0.721914708786926, 0.9292575042180471, 0.14590213149864925, 0.9237924221781201, 0.0011190328110110672, 0.3220728781918376, 0.35]"
692,216.88173457157808,25.580562519820198,192.91062977500235,23.971104796575734,0.9706389242867927,4676.8789255219945,4.2107891986553625e-06,0.0005469887842132204,11.3125,25.61237774352776,19.81155399698764,45.38893589779036,45.38893589779036,241.01171875,,858.7890625,0.0,0.0,,,0,32,"[0.7219529182534447, 0.9292388628039057, 0.1459024553596534, 0.9237880809583771, 0.002117853815930247, 0.32204985248002244, 0.35]"
693,216.2051544848615,25.70813066746975,192.47113741167072,23.734017073190785,0.9706377282605727,6345.985072092829,6.519117977887845e-06,0.0005524620626535172,10.375,21.983266131428536,20.051019120728597,42.03428525215713,42.03428525215713,241.01171875,,858.7890625,0.0,0.0,,,0,32,"[0.7220096915961446, 0.9292133966434472, 0.1459029385628035, 0.9237826157475238, 0.0011203125921317766, 0.32201807722175635, 0.35]"
694,216.84873539987547,25.576388024951353,192.88069517317024,23.968040226705188,0.9706367176491758,4681.90207551633,4.212148425608575e-06,0.0005461431219666187,11.3125,22.3700057977112,19.45488362980541,41.82488942751661,41.82488942751661,241.01171875,,858.7890625,0.0,0.0,,,0,32,"[0.7220480576113243, 0.9291946763069205, 0.14590326363826636, 0.9237782568884073, 0.002119123847697882, 0.3219949564884815, 0.35]"
695,216.1604306544423,25.702553030937725,192.429492055201,23.730938599241334,0.9706355230686995,6321.243038242762,6.323938537278195e-06,0.0005501368083889066,10.375,20.441638451302424,20.233498747984413,40.67513719928684,40.67513719928684,241.01171875,,858.7890625,0.0,0.0,,,0,32,"[0.7221047702780131, 0.9291692347266094, 0.14590374618513885, 0.9237727965450181, 0.0011215775763914178, 0.32196321081429635, 0.35]"
696,216.81563316493092,25.572184900929255,192.85066430169994,23.96496886323099,0.9706345088948664,4686.851698737592,4.230432676166629e-06,0.0005445309509033024,11.3125,22.04360415635165,19.405926643230487,41.449530799582135,41.449530799582135,241.01171875,,858.7890625,0.0,0.0,,,0,32,"[0.722143291473663, 0.9291504360938272, 0.1459040724623416, 0.9237684201806065, 0.0021203791253134006, 0.3219399958247422, 0.35]"
697,216.11578145603875,25.697000162375986,192.3879286799791,23.727852776059663,0.9706333157372977,6296.906218068397,6.528873036870664e-06,0.000550134925336974,10.375,19.051195005886257,21.09232251677895,40.143517522665206,40.143517522665206,241.01171875,,858.7890625,0.0,0.0,,,0,32,"[0.7221999444488837, 0.9291250186204196, 0.14590455436149258, 0.9237629646020118, 0.0011228278984943268, 0.3219082791611191, 0.35]"
698,216.78242448760074,25.567981874410222,192.82053407318637,23.96189041441437,0.9706322980335895,4691.727301033795,4.23299476937089e-06,0.0005432970378724275,11.3125,22.367143690644298,18.56424330617301,40.93138699681731,40.93138699681731,241.01171875,,858.7890625,0.0,0.0,,,0,32,"[0.7222386194305851, 0.9291061423260403, 0.14590488182765846, 0.9237585708684185, 0.002121619786018181, 0.32188497069509364, 0.35]"
699,216.07120825459515,25.69144556210863,192.34644850694073,23.724759747654407,0.9706311062762603,6272.959110732388,6.530899840484494e-06,0.0005459301943121658,10.34375,22.328108258079737,22.979504050454125,45.30761230853386,45.30761230853386,241.01171875,,858.7890625,0.0,0.0,,,0,32,"[0.7222952136926337, 0.9290807484880836, 0.14590536308746743, 0.9237531199536767, 0.00112406369468122, 0.3218532824788137, 0.35]"
700,216.749094336627,25.563749159376904,192.790289428131,23.958804908495992,0.9706300850737394,4696.537320938268,4.235511397610026e-06,0.0005435879696716989,11.3125,22.967867625993676,19.469977596600074,42.43784522259375,42.43784522259375,241.01171875,,858.7890625,0.0,0.0,,,0,32,"[0.7223340411312954, 0.9290617951406578, 0.14590569173021273, 0.9237487089809077, 0.0021228459631343253, 0.32182988127873396, 0.35]"
701,216.02670795741497,25.68592615057171,192.30504851256498,23.72165944484998,0.9706288946962587,6249.4065921932015,6.532969563100011e-06,0.0005478721748361143,10.34375,18.1334875014727,18.70533046167111,36.83881796314381,36.83881796314381,241.01171875,,858.7890625,0.0,0.0,,,0,32,"[0.7223905775596763, 0.9290364245103963, 0.14590617235815004, 0.9237432626367312, 0.0011252850897127732, 0.3217982209954693, 0.35]"
702,216.71565930993557,25.5595024359244,192.7599465660644,23.955712743871203,0.9706278700278735,4701.2833782776415,4.239978313780313e-06,0.0005443525893973395,11.3125,20.609680359484628,18.335524313442875,38.9452046729275,38.9452046729275,241.01171875,,858.7890625,0.0,0.0,,,0,32,"[0.7224295560438079, 0.9290173947552889, 0.14590650216464576, 0.9237388345632811, 0.002124057787450711, 0.3217747278508983, 0.35]"
703,215.9822839907029,25.68041154393136,192.26373197296635,23.71855201773655,0.9706266810104838,6226.240558765436,6.5350825866339335e-06,0.0005483749115249965,10.34375,19.78165395121323,19.458623479295056,39.240277430508286,39.240277430508286,241.01171875,,858.7890625,0.0,0.0,,,0,32,"[0.7224860354910227, 0.9289920469192973, 0.1459069821680752, 0.9237333927015778, 0.0011264922115898455, 0.32174309500644604, 0.35]"
704,216.68213363314527,25.55522738367214,192.72952020798996,23.952613425155306,0.9706256529089287,4705.961606618635,4.787389037641532e-06,0.0005477130945803288,11.3125,20.765194210980553,22.244873151066713,43.010067362047266,43.010067362047266,241.01171875,,858.7890625,0.0,0.0,,,0,32,"[0.7225251636210495, 0.9289729413977034, 0.14590731312532035, 0.9237289476650138, 0.002125255387299018, 0.32171951070128746, 0.35]"
705,215.93794248926613,25.674907891084423,192.22250502034,23.715437468926105,0.9706244652305147,6203.4640325254,6.537096925107733e-06,0.0005503039707232019,10.34375,20.785302222066093,17.085955012589693,37.871257234655786,37.871257234655786,241.01171875,,858.7890625,0.0,0.0,,,0,32,"[0.7225815869984302, 0.928947615924911, 0.14590779251218555, 0.9237235101913925, 0.001127685193218138, 0.32168790477046627, 0.35]"
706,216.64850123899953,25.5509537409574,192.69899330785938,23.949507931140154,0.9706234337299035,4710.572622127136,4.789180844344543e-06,0.0005510965050913433,11.3125,20.688270138634834,18.883139484387357,39.57140962302219,39.57140962302219,241.01171875,,858.7890625,0.0,0.0,,,0,32,"[0.7226208633135575, 0.9289284353114425, 0.14590812460682426, 0.9237190483366094, 0.0021264389006477678, 0.32166423013007595, 0.35]"
707,215.8936597622653,25.669424094936577,192.18134381063794,23.712315951627353,0.97062224737022,6181.054115930512,6.539314053810585e-06,0.0005510993782079795,10.34375,20.83953430701513,24.630857951706275,45.470392258721404,45.470392258721404,241.01171875,,858.7890625,0.0,0.0,,,0,32,"[0.7226772314940989, 0.9289031317752595, 0.14590860338452394, 0.92371361515868, 0.0011288641697728692, 0.32163265059638, 0.35]"
708,216.61476706522606,25.546678676109728,192.66837166645394,23.94639539877211,0.9706212125022325,4715.116633626384,4.791000950188362e-06,0.000549462627115631,11.3125,20.382368471473455,17.81195791409118,38.194326385564636,38.194326385564636,241.01171875,,858.7890625,0.0,0.0,,,0,32,"[0.7227166546373458, 0.9288838766889698, 0.14590893660409143, 0.9237091366182446, 0.002127608456837452, 0.32160888637695967, 0.35]"
709,215.84942468677824,25.663968603445547,192.14023757956232,23.709187107215907,0.9706200274410358,6159.014565413817,6.541557550310273e-06,0.0005526688513917016,10.34375,17.546047958603594,16.95898605248658,34.505034011090174,34.505034011090174,241.01171875,,858.7890625,0.0,0.0,,,0,32,"[0.722772968494888, 0.9288585946669584, 0.14590941478010855, 0.9237037076447722, 0.0011300292699461402, 0.32157733273552597, 0.35]"
710,216.58093635478428,25.54238163824199,192.6376601807649,23.94327617401939,0.9706189892390639,4719.597237256928,4.7928491127002815e-06,0.0005495402506809096,11.3125,22.190775009221397,22.61508416995639,44.80585917917779,44.80585917917779,241.01171875,,858.7890625,0.0,0.0,,,0,32,"[0.7228125370358399, 0.9288392657599769, 0.14590974911144616, 0.9236992125592659, 0.0021287641902187158, 0.32155347974035103, 0.35]"
711,215.80527607089894,25.65851045028059,192.099224608597,23.706051462301943,0.9706178054569315,6137.348304578507,6.33948833517195e-06,0.0005521400609894143,10.34375,18.19149665243458,18.427255017741118,36.6187516701757,36.6187516701757,241.01171875,,858.8046875,0.0,0.0,,,0,32,"[0.7228687974094458, 0.9288140048518686, 0.14591022669289158, 0.9236937877034226, 0.0011311806246883693, 0.32152195150662194, 0.35]"
712,216.5469916431993,25.538082198058028,192.60684124935761,23.94015039384169,0.9706167639554469,4724.015019450447,4.794682259223748e-06,0.0005472378557772182,11.3125,20.49510204960825,19.38395234901691,39.87905439862516,39.87905439862516,241.01171875,,858.8046875,0.0,0.0,,,0,32,"[0.7229085098716022, 0.9287946028067875, 0.145910562122395, 0.9236892762193892, 0.0021299062358250405, 0.3214980105656485, 0.35]"
713,215.76119359427787,25.65307059387298,192.05828441682843,23.702909177449456,0.9706155814336269,6116.0461907975905,7.236465656479396e-06,0.0005509286640106863,10.34375,21.098520293890033,22.23767760733608,43.336197901226114,43.336197901226114,241.01171875,,858.8046875,0.0,0.0,,,0,32,"[0.7229647175701729, 0.928769362613789, 0.14591103911618766, 0.923683855395935, 0.0011323183667610905, 0.3214665072654209, 0.35]"
714,216.51294466805558,25.533763406968585,192.57592653335143,23.937018134704147,0.9706145366669473,4728.369228560161,4.796610986623762e-06,0.0005474758639658261,11.3125,20.873515983112156,17.09341808600584,37.966934069118,37.966934069118,241.01171875,,858.8046875,0.0,0.0,,,0,32,"[0.7230045724822791, 0.9287498881059283, 0.1459113756306334, 0.923679327658715, 0.002131034727028911, 0.32144247920657965, 0.35]"
715,215.71717445787425,25.647649134979574,192.0174146626946,23.699759795179638,0.9706133553862826,6095.097593239799,7.2396289070297826e-06,0.0005509854981391601,10.34375,16.701039006875362,19.477168811135925,36.17820781801129,36.17820781801129,241.01171875,,858.859375,0.0003662109375,0.0003662109375,,,0,32,"[0.7230607283330022, 0.9287246682304257, 0.1459118520438297, 0.9236739107812624, 0.0011334426305395484, 0.3214110003597092, 0.35]"
716,216.47880412442433,25.52944030892885,192.54492481528018,23.93387930914414,0.970612307387702,4732.658266163316,4.798541688444402e-06,0.000547513675240068,11.3125,21.713966103561688,20.305967700551264,42.01993380411295,42.01993380411295,241.01171875,,858.859375,0.0,0.0,,,0,32,"[0.7231007242688139, 0.9287051219162544, 0.14591218963011054, 0.9236693669317166, 0.0021321497963917974, 0.3213868859850948, 0.35]"
717,215.67321272896655,25.642233339992192,191.97660894872573,23.696603780240817,0.9706111273288659,6074.489675004229,7.242830375897569e-06,0.0005565211575596881,10.34375,19.416080991504714,20.670559097197838,40.08664008870255,40.08664008870255,241.01171875,,858.859375,0.0,0.0,,,0,32,"[0.7231568291055183, 0.928679921955487, 0.14591266546991263, 0.9236639539127502, 0.0011345535491639515, 0.3213554311032041, 0.35]"
718,216.44456204783955,25.525104932936248,192.51382801054584,23.930734037293732,0.9706100761305839,4736.88737528701,4.80049943663019e-06,0.0005469126340374631,11.3125,23.27804826927604,20.825018364121206,44.05604435305577,44.05604435305577,241.01171875,,858.859375,0.0,0.0,,,0,32,"[0.7231969646855162, 0.9286603044708749, 0.14591300411550664, 0.9236593940873745, 0.0021332515751115674, 0.3213312311900687, 0.35]"
719,215.62931573293932,25.63683236356973,191.9358747748073,23.69344095813205,0.9706088972757021,6054.240359804889,7.246069584798676e-06,0.0005560345810605967,10.34375,19.19629670010181,18.6614665799425,37.85776328004431,37.85776328004431,241.01171875,,858.859375,0.0,0.0,,,0,32,"[0.7232530192798072, 0.9286351240494488, 0.1459134793885302, 0.923653984845849, 0.001135651248202935, 0.3212997998234242, 0.35]"
720,216.41021996547246,25.520753274293654,192.48263746576987,23.92758249970259,0.9706078429139625,4741.055927115491,4.802483927868195e-06,0.0005465561009927264,11.3125,20.397629217768554,22.550927169504575,42.94855638727313,42.94855638727313,241.01171875,,858.8828125,0.000732421875,0.000732421875,,,0,32,"[0.7232932929496277, 0.9286154361059732, 0.14591381907927, 0.92364940919819, 0.00213434020061535, 0.32127551524418185, 0.35]"
721,215.5854913922917,25.631441552095584,191.89521990744362,23.690271484848065,0.9706066652450241,6034.328702040281,7.249336883674573e-06,0.000561278954752878,10.34375,18.86378796916688,17.776689390302636,36.640477359469514,36.640477359469514,241.01171875,,858.8828125,0.0,0.0,,,0,32,"[0.7233492980791687, 0.9285902748480294, 0.14591429379218823, 0.9236440036526647, 0.0011367358653360255, 0.32124410694080674, 0.35]"
722,216.3757821291644,25.516385206324117,192.45135785328506,23.92442427587936,0.9706056077532407,4745.167219093653,4.804494870391807e-06,0.0005485091581224179,11.3125,21.797121422423515,19.70854389219312,41.505665314616635,41.505665314616635,241.01171875,,858.8828125,0.0,0.0,,,0,32,"[0.7233897084073554, 0.9285705171094999, 0.14591463451489545, 0.9236394123251772, 0.0021354158039794116, 0.32121973849983837, 0.35]"
723,215.541711623137,25.626075619847246,191.85461619052992,23.68709543260708,0.9706044312532133,6014.746505928408,7.2526508820836e-06,0.0005623140882863799,10.34375,22.21941450261511,19.561266206437722,41.78068070905283,41.78068070905283,241.01171875,,858.8828125,0.0,0.0,,,0,32,"[0.723445664807845, 0.9285453746564063, 0.1459151086738676, 0.9236340103976911, 0.001137807527980136, 0.3211883528294274, 0.35]"
724,216.34122348565404,25.512017567754555,192.419964151893,23.921259333761046,0.9706033706644764,4749.215602989023,4.806532141188313e-06,0.0005487518700132398,11.3125,19.79827673494583,19.46973591839196,39.26801265333779,39.26801265333779,241.01171875,,858.8984375,0.0,0.0,,,0,32,"[0.7234862103762034, 0.9285255477750072, 0.14591545041578285, 0.9236294035315832, 0.002136478512835614, 0.3211639013332484, 0.35]"
725,215.4979791453012,25.620720855499815,191.81406656224607,23.68391258305512,0.9706021953151638,5995.507038790401,7.256002097832948e-06,0.0005625554993533597,10.34375,19.019632462004665,17.986979604756925,37.00661206676159,37.00661206676159,241.01171875,,858.8984375,0.0,0.0,,,0,32,"[0.7235421188335259, 0.928500423742798, 0.1459159240275095, 0.9236240051406017, 0.0011388663678772797, 0.32113253784007967, 0.35]"
726,216.3066203366049,25.5076343620316,192.38853104932232,23.918089287282587,0.9706011316657887,4753.204847981937,4.808595301497576e-06,0.0005494745100168518,11.3125,20.951269740180578,17.68527671811171,38.631126706604846,38.631126706604846,241.01171875,,858.8984375,0.0,0.0,,,0,32,"[0.723582798084343, 0.9284805284326921, 0.1459162667744347, 0.9236193828896652, 0.0021375284685143537, 0.3211080041640256, 0.35]"
727,215.45430811072447,25.61537835493131,191.77358492383,23.68072318689448,0.9705999574494562,5976.604859605815,7.25948706303825e-06,0.0005588866341383852,10.34375,20.583490673743654,19.62484083196614,40.20833150570979,40.20833150570979,241.01171875,,858.8984375,0.0,0.0,,,0,32,"[0.7236386593646803, 0.9284554224615781, 0.14591673984543252, 0.9236139879548366, 0.0011399125242632438, 0.32107666239905464, 0.35]"
728,216.27189182186834,25.503240001378344,192.35697928091676,23.914912540951576,0.9705988907755004,4757.137801724079,4.8106841998851735e-06,0.0005502817718213461,11.3125,23.033817269606516,19.777907509705983,42.8117247793125,42.8117247793125,241.01171875,,858.8984375,0.0,0.0,,,0,32,"[0.7236794707515598, 0.9284354594390695, 0.14591708358344724, 0.9236093504734497, 0.002138565810863088, 0.32105204741972937, 0.35]"
729,215.4106872651997,25.610047121651004,191.7331598804882,23.6775273847115,0.9705977176759734,5958.018137776935,7.262953736653088e-06,0.0005589306385747035,10.34375,19.9682861493784,18.33638262905879,38.30466877843719,38.30466877843719,241.01171875,,858.9140625,0.0,0.0,,,0,32,"[0.7237352855532664, 0.9284103711812931, 0.1459175561196565, 0.9236039589213426, 0.001140946131405533, 0.32102072697486317, 0.35]"
730,216.2370737551616,25.498834265895066,192.3253437925841,23.911729962577493,0.9705966480107316,4761.013620439452,4.812798606312896e-06,0.0005485813371719514,11.3125,20.4947440433898,23.211668129079044,43.706412172468845,43.706412172468845,241.01171875,,859.171875,0.008056640625,0.008056640625,,,0,32,"[0.723776227648941, 0.9283903411047146, 0.1459179008357697, 0.9235993063516141, 0.002139590667259741, 0.32099603149737665, 0.35]"
731,215.36712050266817,25.604722875844843,191.6927953649483,23.67432513771988,0.9705954760112431,5939.752954807149,7.266455577248365e-06,0.0005594368109539765,10.34375,20.40134256822057,18.5050487270928,38.90639129531337,38.90639129531337,241.01171875,,859.171875,0.0,0.0,,,0,32,"[0.7238319966956, 0.928365270211352, 0.14591837284349385, 0.9235939181053155, 0.001141967318520024, 0.32096473194784925, 0.35]"
732,216.20215950635122,25.49441305092681,192.2936184321003,23.90854107425094,0.9705944033898359,4764.831724531115,4.814938212138742e-06,0.0005512381565891677,11.3125,20.371929902466945,20.087366305233445,40.45929620770039,40.45929620770039,241.01171875,,859.171875,0.0,0.0,,,0,32,"[0.7238730679941144, 0.9283451737778907, 0.1459187185240856, 0.9235892505980149, 0.002140603173096227, 0.3209399568265404, 0.35]"
733,215.32360864804434,25.59941356776853,191.65249208199918,23.67111656604515,0.9705932324738136,5921.801143827313,7.26999230993286e-06,0.000559861578900164,10.34375,18.56351252354216,16.612431827525143,35.1759443510673,35.1759443510673,241.01171875,,859.171875,0.0,0.0,,,0,32,"[0.7239287920023527, 0.9283201199005053, 0.1459191900092957, 0.9235838655834211, 0.0011429762201278374, 0.32090867775743104, 0.35]"
734,216.16715533976375,25.489982108157168,192.2618090806763,23.905346259087427,0.9705921569307989,4768.598494743504,4.817102761567327e-06,0.0005513535118249549,11.3125,20.20827699016081,21.18208381580189,41.3903608059627,41.3903608059627,241.01171875,,859.171875,0.0,0.0,,,0,32,"[0.7239699910210874, 0.9282999577945077, 0.14591953664095156, 0.9235791832849316, 0.002141603462065208, 0.32088382382565056, 0.35]"
735,215.28014407189033,25.594116107606805,191.6122423927238,23.66790167916656,0.9705909870831091,5904.157927809479,7.273563797038918e-06,0.0005614972934977669,10.34375,19.474569999147207,19.31528934801463,38.78985934716184,38.78985934716184,241.01171875,,859.171875,0.0,0.0,,,0,32,"[0.7240256706443152, 0.9282749206144977, 0.14592000760923107, 0.9235738014319929, 0.001143972964549709, 0.32085256485175256, 0.35]"
736,216.13200204711256,25.485560446986717,192.22985629712173,23.90214574999082,0.9705899086531542,4772.305078528921,4.710291780174458e-06,0.0005774214607369289,11.28125,21.114056937221903,20.563983292959165,41.67804023018107,41.67804023018107,241.01171875,,859.171875,0.0,0.0,,,0,32,"[0.7240669958961691, 0.9282546935206359, 0.1459203551785634, 0.9235691044912524, 0.002142591663830233, 0.3208276329520328, 0.35]"
737,215.23673603307302,25.588833042774382,191.57205542006034,23.664680613012695,0.9705887398571231,5886.8308454592425,6.97811982863783e-06,0.0005600185519628442,10.34375,19.24482070171507,20.15596914134221,39.40078984305728,39.40078984305728,241.01171875,,859.171875,0.0,0.0,,,0,32,"[0.7241226318531043, 0.9282296726747968, 0.14592082563629497, 0.9235637257242104, 0.0011449576872681175, 0.32079639365125817, 0.35]"
738,216.09680968609507,25.481119583989546,192.1978706643788,23.89893902171625,0.9705876585767618,4775.957266479543,4.72945724672158e-06,0.0005789039216154419,11.28125,20.404025373863988,23.605944465089124,44.00996983895311,44.00996983895311,241.01171875,,859.17578125,0.0001220703125,0.0001220703125,,,0,32,"[0.7241640817706922, 0.9282093813217916, 0.1459211741292127, 0.9235590142983056, 0.0021435679202452367, 0.3207713846741262, 0.35]"
739,215.19337138305917,25.583553100328235,191.53191809098644,23.6614532920727,0.9705864908163903,5869.802515759827,6.981593955845966e-06,0.0005606231457906199,10.34375,19.22095830377657,18.382052934612148,37.46690323896473,37.46690323896473,241.01171875,,859.1796875,0.0,0.0,,,0,32,"[0.7242196747544767, 0.9281843764873875, 0.14592164408200517, 0.9235536385452295, 0.0011459305268325564, 0.32074016464692645, 0.35]"
740,216.0615979130047,25.476669798996827,192.16587182872084,23.89572608428386,0.9705854067200009,4779.561321219506,4.731495215182235e-06,0.0005554931742507038,11.3125,21.260575915221125,20.327837875811383,41.58841379103251,41.58841379103251,241.01171875,,859.1796875,0.0,0.0,,,0,32,"[0.7242612478638978, 0.9281640215591715, 0.14592199348503704, 0.9235489127821169, 0.0021445323646147913, 0.3207150794295893, 0.35]"
741,215.15004504704984,25.57829582602926,191.49182504641325,23.658220000636604,0.9705842399808042,5853.05773981396,6.886316037846285e-06,0.0005679831981622991,10.34375,19.508343109919224,21.03753137635067,40.545874486269895,40.545874486269895,241.01171875,,859.1796875,0.0,0.0,,,0,32,"[0.7243167985022434, 0.9281390324466252, 0.14592246293779898, 0.9235435399761539, 0.0011468916109783733, 0.32068387830641254, 0.35]"
742,216.02625441692362,25.47220910367572,192.1337464457709,23.892507971152742,0.97058315310089,4783.089888137955,4.733585760252623e-06,0.0005474602804090418,11.34375,22.679469526337925,20.682422902609687,43.36189242894761,43.36189242894761,241.01171875,,859.1796875,0.0,0.0,,,0,32,"[0.7243584934087077, 0.928118614585016, 0.14592281323843562, 0.9235388000140876, 0.0021454851200321005, 0.32065871763418236, 0.35]"
743,215.10678666911423,25.573034713588747,191.45180595914047,23.65498070997377,0.9705819873623845,5836.614255368017,6.889097809992251e-06,0.0005692214762603024,10.34375,20.11334030976286,18.3408551820321,38.42196924233576,38.42196924233576,241.01171875,,859.1796875,0.0,0.0,,,0,32,"[0.7244140025841751, 0.9280936407562521, 0.14592328219904616, 0.923533430062336, 0.0011478410854329035, 0.3206275348947489, 0.35]"
744,215.99081042515675,25.467731036809326,192.10152676019374,23.889283664963003,0.9705808977351988,4786.587040322468,4.735673674538532e-06,0.0005472697627002104,11.34375,21.018206964072306,20.871527478448115,41.88973444252042,41.88973444252042,241.01171875,,859.1796875,0.0,0.0,,,0,32,"[0.7244558177318612, 0.9280731606837214, 0.14592363338327202, 0.9235286760571733, 0.002146426343956638, 0.32060229964922277, 0.35]"
745,215.06355595638144,25.56779229592351,191.41182059975057,23.65173535663085,0.9705797329879113,5820.457856093198,6.89300415457339e-06,0.000569679898125648,10.34375,18.92209619109053,17.08449370926246,36.00658990035299,36.00658990035299,241.01171875,,859.1796875,0.0,0.0,,,0,32,"[0.7245112858553692, 0.9280482019343018, 0.1459241018551355, 0.923523308917342, 0.00114877906618273, 0.32057113506040197, 0.35]"
746,215.95526411535428,25.46324970277045,192.0692102616103,23.88605385374397,0.9705786406481978,4790.034149729468,4.737786087005702e-06,0.0005459162682358196,11.34375,21.363859646953642,19.83625914726872,41.20011879422236,41.20011879422236,241.01171875,,859.1796875,0.0,0.0,,,0,32,"[0.7245532197528086, 0.9280276603373697, 0.14592445390961734, 0.9235185410180259, 0.002147356148874, 0.3205458260865278, 0.35]"
747,215.0203773668219,25.562557404475744,191.37189324555345,23.648484121268435,0.9705774768779912,5804.591557695537,6.8958263845786405e-06,0.0005709248755847085,10.34375,21.838974789716303,19.446153368335217,41.232407435018104,41.232407435018104,241.01171875,,859.1796875,0.0,0.0,,,0,32,"[0.7246086474347737, 0.9280027163655997, 0.14592492189798967, 0.9235131766248663, 0.001149705683196696, 0.3205146792897249, 0.35]"
748,215.91960437504616,25.458742204904688,192.03678601799004,23.88281835705612,0.9705763818614417,4793.450852589673,4.73992274674373e-06,0.0005552800513015135,11.3125,20.23402247868944,19.854897051118314,40.088919529807754,40.088919529807754,241.01171875,,859.1796875,0.0,0.0,,,0,32,"[0.7246506985502131, 0.927982113957141, 0.14592527480898615, 0.9235083949855332, 0.0021482746685458996, 0.3204892974589442, 0.35]"
749,214.9772177624177,25.55732416495001,191.33199119592453,23.645226566493193,0.970575219059243,5788.995996197086,6.490831442551581e-06,0.0005721063085130797,10.34375,19.902963351341896,17.304459914157633,37.060910450236406,37.060910450236406,241.01171875,,859.1796875,0.0,0.0,,,0,32,"[0.7247060861834278, 0.9279571845642827, 0.14592574231721311, 0.92350303329761, 0.0011506210512575255, 0.32045816822656226, 0.35]"
750,215.88393100842507,25.454236447872027,192.00435530675054,23.879575701674526,0.9705741213990178,4796.754926938785,4.742083328679314e-06,0.0005472652809333774,11.375,20.801492471946403,20.239297227817588,41.04078969976399,41.04078969976399,241.01171875,,859.1796875,0.0,0.0,,,0,32,"[0.7247482530939694, 0.9279365220002161, 0.1459260960718587, 0.923498238059992, 0.0021491820111336395, 0.32043271434539056, 0.35]"
751,214.93412009265376,25.552106779347707,191.29215660881647,23.641963483837245,0.9705729595367395,5773.686463927112,6.493670746898772e-06,0.0005719664417831961,10.34375,20.307128914282657,19.48938670102507,39.796515615307726,39.796515615307726,241.01171875,,859.1796875,0.0,0.0,,,0,32,"[0.7248036018982081, 0.927911606592972, 0.1459265631089679, 0.923492878946749, 0.0011515253481533473, 0.32040160201754747, 0.35]"
752,215.84812739980535,25.449719839642732,191.97179844528233,23.876328954523046,0.970571859269211,4800.047776028487,4.867377057404809e-06,0.0005459122190624088,11.375,25.655389661551453,24.037224844505545,49.692614506057,49.692614506057,241.01171875,,859.1796875,0.0,0.0,,,0,32,"[0.7248458830430524, 0.9278908846018699, 0.14592691769317656, 0.9234880702691456, 0.0021500783647771687, 0.32037607697579185, 0.35]"
753,214.89106096766383,25.546904756845695,191.25236616698675,23.638694800677083,0.9705706983407117,5758.640578950485,6.496512519493791e-06,0.0005687385999768514,10.34375,18.6485373051255,19.39100498566404,38.03954229078954,38.03954229078954,241.01171875,,859.1796875,0.0,0.0,,,0,32,"[0.724901193277403, 0.9278659830611043, 0.14592738426270388, 0.9234827137053213, 0.0011524186820376125, 0.320344981345609, 0.35]"
754,215.81219450920162,25.44521648530337,191.939117386849,23.873077122352633,0.9705695954989462,4803.32707662532,4.869797602058412e-06,0.0005494498789377729,11.34375,20.788414098205976,17.9273892135825,38.71580331178848,38.71580331178848,241.01171875,,859.1796875,0.0,0.0,,,0,32,"[0.7249435872365328, 0.9278452023006528, 0.14592773966390143, 0.9234778917291804, 0.002150963828734911, 0.3203193859462624, 0.35]"
755,214.84803812392568,25.541716024848782,191.21261770273952,23.635420421186172,0.9705684354996357,5743.865561724276,6.4993745847452544e-06,0.0005690350676457133,10.34375,18.49702479375992,19.853026962664444,38.350051756424364,38.350051756424364,241.01171875,,859.1796875,0.0,0.0,,,0,32,"[0.7249988591003257, 0.9278203145145053, 0.14592820576742463, 0.9234725376920968, 0.0011533011458697837, 0.3202883068950172, 0.35]"
756,215.77623055216742,25.440676241062906,191.9064103946589,23.8698201575085,0.9705673301186488,4806.5274903720765,4.872183544613051e-06,0.0005520218900871292,11.34375,21.434797636175063,20.643400006520096,42.028673698951025,42.028673698951025,241.01171875,,859.1796875,0.0,0.0,,,0,32,"[0.7250413643705651, 0.9277994756827879, 0.14592856197212306, 0.9234677025684461, 0.0021518385025346264, 0.3202626419941443, 0.35]"
757,214.8050563268227,25.536530003014388,191.17291589771804,23.632140429104652,0.9705661710271212,5729.3589443161945,6.502271528763259e-06,0.000569002286900237,10.34375,19.706426392076537,18.575298970972653,38.28172536304919,38.28172536304919,241.01171875,,859.1796875,0.0,0.0,,,0,32,"[0.7250965987888119, 0.9277746012135647, 0.14592902761740542, 0.923462350961405, 0.0011541729010498879, 0.3202315789789583, 0.35]"
758,215.74018655511236,25.436134318117222,191.87362879931635,23.86655775579598,0.9705650631421251,4809.681474528869,4.636689647341541e-06,0.0005505178725530378,11.34375,22.971324091486167,21.3400888023898,44.31141289387597,44.31141289387597,241.01171875,,859.1796875,0.0,0.0,,,0,32,"[0.7251392138582601, 0.9277537050135232, 0.14592938461215177, 0.923457502843431, 0.00215270254903538, 0.3202058454389651, 0.35]"
759,214.76210817811364,25.53135993279778,191.13325340722344,23.628854770890218,0.9705639049453332,5720.009888060781,6.505220092822839e-06,0.0005709580785218203,10.34375,18.53981333988486,19.973323302110657,38.513136641995516,38.513136641995516,241.01171875,,859.1796875,0.0,0.0,,,0,32,"[0.7251944113948349, 0.9277288435870722, 0.14592984980402193, 0.9234521536066158, 0.0011550340794740097, 0.3201747981277129, 0.35]"
760,215.70420413268738,25.431572974855953,191.84090665922162,23.863297473465757,0.9705627974781528,4812.801115631588,4.638917904031814e-06,0.0005463022047331447,11.375,19.815782667137682,19.07206551550189,38.88784818263957,38.88784818263957,241.01171875,,859.1796875,0.0,0.0,,,0,32,"[0.7252370142403619, 0.9277079168314915, 0.14593020681648086, 0.9234473055063979, 0.0021535659950708925, 0.3201491573310275, 0.35]"
761,214.7192031550576,25.526203667124996,191.0936315731663,23.625571581891315,0.9705616401660945,5705.784545410965,6.508137203820041e-06,0.0005714990072970541,10.34375,19.79596017190488,18.424893503834028,38.0605792379356,38.0605792379356,241.01171875,,859.1796875,0.0,0.0,,,0,32,"[0.7252921753227738, 0.9276830682597411, 0.145930671559063, 0.923441958598935, 0.0011558946951139148, 0.3201181254876052, 0.35]"
762,215.66809385543965,25.427021581786274,191.80806179924508,23.860032056194598,0.9705605302289565,4815.904354111048,4.641168922514538e-06,0.0005449521140328383,11.375,19.99110163160367,19.778318113822024,39.769419745425694,39.769419745425694,241.01171875,,859.1796875,0.0,0.0,,,0,32,"[0.7253348865163167, 0.9276620847348949, 0.14593102934903038, 0.9234370976487578, 0.0021544189895109853, 0.3200924170788696, 0.35]"
763,214.67633577198455,25.52104138490386,191.05405295047086,23.622282821513664,0.9705593737965901,5691.829762357311,6.511078835647055e-06,0.0005642153960979982,10.34375,20.704049209598452,18.77605418121675,39.4801033908152,39.4801033908152,241.01171875,,859.1796875,0.0,0.0,,,0,32,"[0.7253900113638941, 0.9276372488967668, 0.14593149364391647, 0.9234317530459927, 0.0011567448802378112, 0.3200614005725937, 0.35]"
764,215.63184508731598,25.422480291365904,191.77508378700202,23.856761300313945,0.9705582614264622,4818.993890401775,4.6434402132256025e-06,0.000548533471758751,11.34375,21.3245380364242,21.862873938516714,43.07146125938743,43.07146125938743,241.01171875,,859.1796875,0.0,0.0,,,0,32,"[0.7254328293169394, 0.9276162093415208, 0.14593185219729718, 0.9234268794065706, 0.002155261641384819, 0.3200356254528305, 0.35]"
765,214.63350671406272,25.51589068977977,191.01451809562946,23.618988618433285,0.970557105869522,5678.119225993764,6.514002148794162e-06,0.0005660044222415305,10.34375,19.963317055953667,19.81062549748458,39.773942553438246,39.773942553438246,241.01171875,,859.1796875,0.0,0.0,,,0,32,"[0.7254879181139378, 0.9275913861296398, 0.14593231604620935, 0.9234215370871478, 0.0011575847409131838, 0.3200046241733428, 0.35]"
766,215.59557822974233,25.417911410211772,191.74209259409713,23.853485635645235,0.9705559910989962,4822.00643911902,4.6457318756409904e-06,0.0005478625996014506,11.34375,23.7715834955452,20.849277403613087,44.62086089915829,44.62086089915829,241.01171875,,859.1796875,0.0,0.0,,,0,32,"[0.7255308414275106, 0.9275702911979983, 0.145932675350381, 0.9234166508996684, 0.002156094044773919, 0.3199787831364644, 0.35]"
767,214.59080728182698,25.51069808092524,190.97511876198038,23.615688519846575,0.9705548363965503,5664.785864424631,6.5170598562147575e-06,0.0005540412057372407,10.40625,22.245868400204927,18.97639572416665,41.1786349650356,41.1786349650356,241.01171875,,859.1796875,0.0,0.0,,,0,32,"[0.7255858950790829, 0.9275454801891801, 0.1459331387608866, 0.9234113107692332, 0.001158414432228971, 0.31994779655453304, 0.35]"
768,215.55923107049864,25.41333504563139,191.70902635026363,23.850204720235013,0.9705537192839532,4824.974882779551,4.648043403943092e-06,0.0005483444750955523,11.34375,23.414066097757313,20.152930461335927,43.56699655909324,43.56699655909324,241.01171875,,859.1796875,0.0,0.0,,,0,32,"[0.7256289212435616, 0.9275243310885869, 0.14593349879364279, 0.9234064122882948, 0.00215691643204264, 0.3199218910272587, 0.35]"
769,214.54796617468924,25.5056134096412,190.9355817561513,23.61238441853795,0.9705525654239856,5651.433337863922,6.522028428435078e-06,0.0005659776896792064,10.34375,19.32453808694845,19.07687494531274,38.40141303226119,38.40141303226119,241.01171875,,859.1796875,0.0,0.0,,,0,32,"[0.725683940270029, 0.9274995320269711, 0.14593396177008103, 0.9234010742928646, 0.0011592341536994096, 0.31989091884285054, 0.35]"
770,215.52282185399108,25.408761756042246,191.67590287929227,23.846918974698813,0.9705514459534267,4827.896043112638,4.6503629449468065e-06,0.0005521813501034893,11.34375,21.72427486948436,19.519499510352034,41.15408425423084,41.15408425423084,241.01171875,,859.1796875,0.0,0.0,,,0,32,"[0.7257270699760066, 0.9274783283609913, 0.14593432253732028, 0.9233961634454081, 0.0021577287825343934, 0.3198649484246164, 0.35]"
771,214.50528332910395,25.50050039941974,190.89620927344487,23.609074055659093,0.9705502929230214,5638.514697462512,6.524822710129996e-06,0.0005608392128404898,10.375,17.900768281833734,17.723663040669635,35.62443132250337,35.62443132250337,241.01171875,,859.1796875,0.0,0.0,,,0,32,"[0.7257820549367688, 0.9274535409756464, 0.14593478508416777, 0.9233908275256386, 0.0011600438880605864, 0.31983399030827925, 0.35]"
772,215.48630333232626,25.40417390955101,191.6426751865363,23.843628145789975,0.970549171164163,4830.778698295749,4.652713881281301e-06,0.0005526466013177874,11.34375,24.58502139779739,21.254453051369637,45.83947444916703,45.83947444916703,241.01171875,,859.1796875,0.0,0.0,,,0,32,"[0.7258252851858822, 0.9274322841956335, 0.14593514655942824, 0.9233859046188954, 0.0021585313345942833, 0.31980795670874845, 0.35]"
773,214.46259765882854,25.495347721375914,190.85683971328848,23.60575794554002,0.9705480189527538,5625.839183782361,6.527631783104226e-06,0.0005262439579052754,10.4375,20.750623087224085,20.692278114438523,41.44290120166261,41.44290120166261,241.01171875,,859.1796875,0.0,0.0,,,0,32,"[0.7258802365363891, 0.9274075082568423, 0.14593560868083535, 0.9233805707248134, 0.001160843865023839, 0.31977701238755185, 0.35]"
774,215.44973305722345,25.399562107079632,191.60940005834362,23.84033299887983,0.9705468949415544,4833.623009644732,4.65508403069137e-06,0.0005497232040737208,11.34375,21.835361847479362,24.265624007966835,46.1009858554462,46.1009858554462,241.01171875,,859.1796875,0.0,0.0,,,0,32,"[0.7259235657843723, 0.9273861990870096, 0.14593597084996765, 0.9233756359112751, 0.00215932421833375, 0.31975091648647086, 0.35]"
775,214.41996170956043,25.490269971223167,190.8175148324542,23.60244687710621,0.9705457435384737,5613.214946663363,7.1288312257777875e-06,0.0005592945958284665,10.4375,21.701865996874403,17.70201548060868,39.40388147748308,39.40388147748308,241.01171875,,859.1796875,0.0,0.0,,,0,32,"[0.7259784839875738, 0.9273614343721609, 0.14593643254968172, 0.9233703039955545, 0.0011616342145979695, 0.3197199856958343, 0.35]"
776,215.41308821550143,25.394952102263513,191.57605578770784,23.837032427793588,0.9705446172724126,4836.4164450669905,4.657457632895046e-06,0.0005523347285739006,11.34375,20.489883136178833,17.84153324115323,37.84855012054322,37.84855012054322,241.01171875,,859.1796875,0.0,0.0,,,0,32,"[0.72602191234201, 0.9273400727300204, 0.14593679541506688, 0.9233653572669368, 0.002160107448835762, 0.31969382738947766, 0.35]"
777,214.37741978872452,25.485132953030178,190.77828143985408,23.599138348870447,0.9705434666639743,5600.844005923266,7.1326815045402725e-06,0.0005601917058990849,10.4375,17.22575167514151,18.20938151649898,35.43513319164049,35.43513319164049,241.01171875,,859.1796875,0.0,0.0,,,0,32,"[0.7260767979888452, 0.9273153189504317, 0.14593725669811425, 0.9233600272652984, 0.0011624149633768, 0.3196629097743244, 0.35]"
778,215.3763609426145,25.39032458301963,191.54263352171674,23.83372742089776,0.9705423381814495,4839.176098755331,4.715314250614e-06,0.0005484979110064712,11.34375,19.894135679351166,19.376416217710357,39.27055189706152,39.27055189706152,241.01171875,,859.1796875,0.0,0.0,,,0,32,"[0.7261203237948, 0.9272939056317743, 0.1459376202458269, 0.9233550687893236, 0.0021608811757329377, 0.3196366899701238, 0.35]"
779,214.33502159237423,25.479938035035214,190.7391956175245,23.59582597484967,0.9705411883583126,5588.792805815249,7.136563302534427e-06,0.000574271160090126,10.4375,17.5968939656741,16.676128434482962,34.27302240015706,34.27302240015706,241.01171875,,859.1796875,0.0,0.0,,,0,32,"[0.7261751772899566, 0.927269162587082, 0.14593808111570988, 0.9233497406596894, 0.0011631862445037804, 0.31960578529989975, 0.35]"
780,215.33955740180147,25.385700057396768,191.50914000737237,23.830417394429126,0.97054005771056,4841.887654447212,4.718095628408747e-06,0.0005504433102482879,11.34375,19.444584831944667,18.314484252186958,37.759069084131625,37.759069084131625,241.01171875,,859.1796875,0.0,0.0,,,0,32,"[0.7262187983436549, 0.9272476986590993, 0.14593844532603134, 0.9233447706589251, 0.0021616455721305645, 0.3195795052506586, 0.35]"
781,214.29255215279656,25.47481464215923,190.70004445539638,23.592507697400187,0.9705389086600213,5576.87329306379,7.140495744906161e-06,0.0005743996438813438,10.4375,19.04918596846983,17.23424690135289,36.28343286982272,36.28343286982272,241.01171875,,859.1796875,0.0,0.0,,,0,32,"[0.7262736202357327, 0.9272229660785504, 0.14593890578733576, 0.92333944434154, 0.0011639482439156697, 0.3195486131934309, 0.35]"
782,215.302679088104,25.381065791092574,191.47557623706484,23.82710285103912,0.9705377758617771,4844.562071215558,4.720607225117135e-06,0.0005491893719446839,11.34375,20.634761574910954,17.965807041036896,38.60056861594785,38.60056861594785,241.01171875,,859.1796875,0.0,0.0,,,0,32,"[0.7263173359059141, 0.9272014518006302, 0.14593927065470413, 0.9233344628800965, 0.0021624007142351824, 0.3195222732531742, 0.35]"
783,214.2500130534151,25.469782124188225,190.66082983485927,23.589183218555807,0.9705366275737205,5565.083682142523,7.145204826031204e-06,0.0005677018420338009,10.4375,16.73063354246551,17.28489490051288,34.01552844297839,34.01552844297839,241.01171875,,859.1796875,0.0,0.0,,,0,32,"[0.726372126633584, 0.9271767294690937, 0.1459397307109735, 0.9233291383287819, 0.001164701027865852, 0.31949139355426265, 0.35]"
784,215.26571257562563,25.37641444508008,191.44192908927678,23.823783486348855,0.970535492639555,4847.198616193825,4.654224478262137e-06,0.0005480347451745737,11.34375,20.25606831011828,20.643485768232495,40.899554078350775,40.899554078350775,241.01171875,,859.1796875,0.0,0.0,,,0,32,"[0.7264159362950221, 0.927155165098341, 0.14594009623019027, 0.9233241454693216, 0.0021631466681725445, 0.31946499407355977, 0.35]"
785,214.2076760583516,25.464608459793574,190.6218196954826,23.585856362869016,0.9705343451037274,5553.682395125807,7.149160973440871e-06,0.0005825934503051737,10.4375,18.20527650124859,16.36101649637567,34.56629299762426,34.56629299762426,241.01171875,,859.1796875,0.0,0.0,,,0,32,"[0.7264706963021532, 0.9271304527937321, 0.14594055588520027, 0.9233188226374606, 0.0011654446629385262, 0.31943412647646846, 0.35]"
786,215.22868355805213,25.3717558777518,191.40822379216578,23.82045976588634,0.9705332081006739,4849.80064596347,4.656654539747507e-06,0.0005549813531888582,11.34375,18.68555787950754,17.71630965231452,36.40186753182206,36.40186753182206,241.01171875,,859.1796875,0.0,0.0,,,0,32,"[0.7265145970704734, 0.9271088397453766, 0.14594092203034884, 0.9233138186724273, 0.0021638836607352457, 0.31940766910259955, 0.35]"
787,214.16524293303956,25.459535765975808,190.58272001217864,23.582522920860924,0.9705320613076412,5542.407235024033,7.153091533318445e-06,0.00055229111636915,10.46875,18.770288974337745,15.418592854985036,34.18888182932278,34.18888182932278,241.01171875,,859.1796875,0.0,0.0,,,0,32,"[0.7265693267653177, 0.9270841372685058, 0.14594138128749362, 0.9233084975154685, 0.0011661793729560522, 0.31937681336314644, 0.35]"
788,215.19158777985174,25.367104866272687,191.37445743043202,23.817130349419735,0.9705309222505353,4852.326136254669,4.6590446336480795e-06,0.0005495070079875124,11.375,19.915280390705448,18.844937127141748,38.760217517847195,38.760217517847195,241.01171875,,859.1796875,0.0,0.0,,,0,32,"[0.7266133180049476, 0.9270624758025614, 0.1459417480529065, 0.9233034825092474, 0.0021646117575309766, 0.3193502984549487, 0.35]"
789,214.1228941477539,25.45443712179881,190.54370872116033,23.579185426593547,0.9705297761811411,5531.354909483229,6.498582478808856e-06,0.0005534546737828831,10.46875,18.084521230775863,17.603293825231958,35.68781505600782,35.68781505600782,241.01171875,,859.1796875,0.0,0.0,,,0,32,"[0.726668018217354, 0.9270377827559855, 0.14594220691883503, 0.9232981629400188, 0.0011669052589055157, 0.31931945409664303, 0.35]"
790,215.15442617261579,25.3624287232642,191.34062755649748,23.813798616118305,0.9705286351042368,4854.879854837606,4.661530592642293e-06,0.0005532234811435233,11.34375,20.233439448929857,19.17142318416154,39.4048626330914,39.4048626330914,241.01171875,,859.1796875,0.0,0.0,,,0,32,"[0.7267120984561057, 0.9270160735723888, 0.1459425742916116, 0.923293137044322, 0.002165331119715362, 0.3192928824994956, 0.35]"
791,214.08056486720753,25.449355556040956,190.5047214428035,23.575843424404034,0.9705274897635382,5520.510565000856,6.501687831672598e-06,0.0005582685769336604,10.46875,17.68338942929404,17.519673994684126,35.203063423978165,35.203063423978165,241.01171875,,859.1796875,0.0,0.0,,,0,32,"[0.7267667689661542, 0.92699139004743, 0.14594303276502568, 0.923287819085316, 0.001167622393505386, 0.31926204963253096, 0.35]"
792,215.11721217100833,25.357752020159946,191.3067506884037,23.81046148260465,0.9705263466989886,4857.3586009667715,4.664016889144307e-06,0.0005540237567472232,11.34375,19.281901521026157,17.829750519013032,37.108795942913275,37.108795942913275,241.01171875,,859.1796875,0.0,0.0,,,0,32,"[0.7268109368208104, 0.9269696337951085, 0.145943400733149, 0.9232827824406461, 0.0021660418139437436, 0.3192354221316821, 0.35]"
793,214.03839913649747,25.444196394003914,190.46589952771268,23.572499608784796,0.970525202068315,5509.892619492411,6.5048966089165106e-06,0.0005818393786391133,10.40625,19.441187541815452,20.365736141684465,39.80692368349992,39.80692368349992,241.01171875,,859.1796875,0.0,0.0,,,0,32,"[0.726865578437586, 0.9269449594043392, 0.14594385882042382, 0.9232774660067807, 0.0011683309300197032, 0.31920460028970554, 0.35]"
794,215.0799157280046,25.353071031764134,191.27279583406528,23.807119893939316,0.9705240570524529,4859.8058368982165,4.666521347118646e-06,0.0005523500474962301,11.34375,18.655473169928882,18.531677458668128,37.18715062859701,37.18715062859701,241.01171875,,859.1796875,0.0,0.0,,,0,32,"[0.7269098323449733, 0.926923156835284, 0.1459442273703178, 0.9232724187734245, 0.002166744007105277, 0.3191779177715618, 0.35]"
795,213.99611481754056,25.43913126605371,190.42696604681552,23.569148770725022,0.970522913123203,5499.45010996142,6.508231618962412e-06,0.0005806097443141199,10.40625,18.103442453138996,17.691284512693528,35.794726965832524,35.794726965832524,241.01171875,,859.1796875,0.0,0.0,,,0,32,"[0.7269644454413988, 0.9268984913947368, 0.14594468507449604, 0.9232671038243541, 0.0011690309984002448, 0.319147106737411, 0.35]"
796,215.0425795538219,25.34836811263794,191.2388070909028,23.803772462919135,0.9705217661825579,4862.192497187191,4.669043775162862e-06,0.0005513723604201037,11.375,19.661895115859807,18.044136217213236,37.70603133307304,37.70603133307304,241.01171875,,859.1796875,0.0,0.0,,,0,32,"[0.7270087842614165, 0.9268766430204453, 0.14594505419588566, 0.9232620461159493, 0.0021674377991983324, 0.3191203698521122, 0.35]"
797,213.95386247350746,25.434062911413232,190.38806947185924,23.565793001648217,0.9705206229410375,5489.20909489159,6.511736927450329e-06,0.0005761482316191764,10.40625,18.00139129773015,18.363947892794386,36.36533919052454,36.36533919052454,241.01171875,,859.1796875,0.0,0.0,,,0,32,"[0.7270633694372718, 0.926851986223277, 0.14594551152060364, 0.9232567325860171, 0.0011697227166396278, 0.31908956932908283, 0.35]"
798,215.00536839125417,25.343641332578635,191.20494615995057,23.800422231303568,0.9705194741076947,4864.538548388527,4.671583837989601e-06,0.0005258917636363317,11.4375,18.79873236612184,17.65734703076305,36.45607939688489,36.45607939688489,241.01171875,,859.1796875,0.0,0.0,,,0,32,"[0.7271077917913391, 0.9268300926890551, 0.1459458812009756, 0.9232516645430296, 0.0021681233260583297, 0.31906277886422196, 0.35]"
799,213.91163737832412,25.429003363438536,190.34920433043663,23.562433047887502,0.9705183315400676,5479.149553248846,6.515586923327987e-06,0.0005771868620634089,10.40625,19.848617645038757,16.014901142625604,35.86351878766436,35.86351878766436,241.01171875,,859.1796875,0.0,0.0,,,0,32,"[0.7271623496415606, 0.9268054443069126, 0.14594633815161337, 0.9232463523712167, 0.001170406222060504, 0.31903198843301506, 0.35]"
800,214.96784044106005,25.338978882415827,191.17077336494566,23.797067076114402,0.9705171808424033,4866.873300349636,4.674141360627715e-06,0.0005296067058594531,11.4375,20.463663066038862,18.539587530540302,39.003250596579164,39.003250596579164,241.01171875,,859.1796875,0.0,0.0,,,0,32,"[0.7272068543098348, 0.9267835061873534, 0.14594670838027685, 0.9232412741175865, 0.0021688007143975396, 0.31900514508460454, 0.35]"
