epoch,seed,loss,loss_mean,loss_std,loss_sem,theta,grad_theta,grad_norm,forward_time_sec,backward_time_sec,warm_start,constraint_violation_inf,barrier_fallbacks
0,1,22.474075581945772,22.474075581945772,4.689039985311795,0.8289129927172098,"[0.5118216247002567, 0.9504636963259353, 0.14415961271963373, 0.4, 0.06349896734588635]","[-20.92687692492989, -0.4898957306832002, 17.809284837196778, 23.87412118779629, -17.50155420730996]",40.39335173306994,0.026487431256100535,0.012592037492140662,True,5.725110139871009e-09,0
1,1,22.390862978021865,22.390862978021865,4.698493017113003,0.8305840684395613,"[0.5128577792171041, 0.9504879525814651, 0.1432778198466657, 0.398817918287892, 0.06436552352188936]","[-20.688471292275953, -0.49357591708731946, 17.720107873406533, 23.773558079376887, -17.320306748619114]",40.09281449664249,0.02462780621863203,0.012188156259071548,True,5.7935182085772086e-09,0
2,1,22.307510488652575,22.307510488652575,4.708566297866404,0.8323647897219428,"[0.5138898081006584, 0.9505125742461336, 0.14239386554735112, 0.39763199216236267, 0.06522953404176132]","[-20.46122179841686, -0.49648310984189614, 17.64007827557522, 23.684137797948505, -17.15358123426535]",39.81537626248861,0.026457187501364388,0.013314784358954057,True,5.886503379355645e-09,0
3,1,22.224661099980292,22.224661099980292,4.71852036345828,0.8341244365420406,"[0.5149176131206592, 0.9505375135111329, 0.14150777178503993, 0.39644229410997145, 0.06609119015776771]","[-20.265347161090357, -0.49734302465283725, 17.541734844520477, 23.63930711558265, -17.097885411945104]",39.6206844143812,0.02451503749762196,0.012640424989513122,True,6.024222430796311e-09,0
4,1,22.142371143330113,22.142371143330113,4.72835515057434,0.8358629977073637,"[0.5159405811718231, 0.9505626187324077, 0.14062228809876062, 0.3952490130011572, 0.06695426890889133]","[-20.042536602449818, -0.49923664806701645, 17.466889346755575, 23.550735445433173, -16.89902353184466]",39.33521158572481,0.02472481247241376,0.012043975002598017,True,6.031749807088038e-09,0
5,1,22.060585770749586,22.060585770749586,4.738048051306012,0.837576476666547,"[0.5169596445399334, 0.9505880024345884, 0.13973418359177225, 0.39405157515880523, 0.0678135002616749]","[-19.807407039738624, -0.507937867042445, 17.30712616697048, 23.391333787292027, -16.77228106965469]",38.99476758876893,0.024511728137440514,0.012269865634152666,True,6.050191925580095e-09,0
6,1,21.979319472740936,21.979319472740936,4.747668121185866,0.8392770808284302,"[0.5179755453011902, 0.9506140540255293, 0.13884651956725264, 0.3928518586207624, 0.06867373265213825]","[-19.595188590662808, -0.5094265731697761, 17.237285353492016, 23.310988002909795, -16.569583189081804]",38.72090115721108,0.024331537519174162,0.011904478145879693,True,6.054124097876201e-09,0
7,1,21.898527237535177,21.898527237535177,4.757183596984146,0.8409591951942254,"[0.5189876699162965, 0.9506403667691862, 0.13795618464022902, 0.39164780668469495, 0.06952957963366276]","[-19.385178876987304, -0.5106721815691233, 17.16643531879019, 23.2321718034108, -16.361352522109694]",38.44684786533184,0.026597243748256005,0.012966349997441284,True,6.052304158711552e-09,0
8,1,21.818182295693205,21.818182295693205,4.766623482618203,0.8426279469805922,"[0.5199960843873285, 0.9506669318693132, 0.13706318891904673, 0.3904392721445328, 0.07038069505300705]","[-18.8746733243994, -0.4500802573362431, 16.535794180293156, 23.00470267083713, -16.890860975150716]",38.00534020331018,0.025048759402125143,0.01307980625279015,True,6.083454246429143e-09,0
9,1,21.73860760418293,21.73860760418293,4.776076990886057,0.8442991069311429,"[0.520989348661398, 0.9506906169754018, 0.1361930062504323, 0.38922866844793813, 0.07126956282181787]","[-18.66854483610979, -0.4594624088338548, 16.366229162776666, 22.856683955715724, -16.673084572294535]",37.64304556777856,0.02465750313422177,0.01202254684176296,True,6.101522621350386e-09,0
10,1,21.65914237913742,21.65914237913742,4.785501733652993,0.8459651818115026,"[0.5219812208414532, 0.9507150285181923, 0.13532345763046882, 0.3880142776562072, 0.0721554148733917]","[-18.493123128769554, -0.5194171147020094, 16.569739926292268, 22.79519174874158, -17.3982923472875]",37.93603856339536,0.02464929375128122,0.0123300937411841,True,6.0452997772617034e-09,0
11,1,21.580473332983033,21.580473332983033,4.794957616013867,0.8476367614463717,"[0.5229561841654374, 0.9507424123534244, 0.13444989567970447, 0.38681250790842253, 0.0730726583709042]","[-18.289104391437725, -0.5215534609982436, 16.495672296232577, 22.715743038728284, -17.231820631404467]",37.68038197832806,0.024591406239778735,0.012200203113025054,True,6.051780317324618e-09,0
12,1,21.502376282487283,21.502376282487283,4.804253686464667,0.8492800900599089,"[0.523926933580954, 0.9507700953775129, 0.1335743380855547, 0.3856068012862768, 0.07398728925977671]","[-18.034156224041894, -0.5319326219970951, 16.410787901729112, 22.542573547007017, -17.657292094635668]",37.61349875803281,0.02697135935886763,0.01323524686449673,True,6.0796692090414606e-09,0
13,1,21.42444898879917,21.42444898879917,4.813050429856602,0.8508351492861077,"[0.524885852948683, 0.9507983795116428, 0.13270173710754607, 0.3844081585494538, 0.07492616985728535]","[-17.840786063661014, -0.5339976416794593, 16.350298026968023, 22.469806888229932, -17.510797859782876]",37.38223254036383,0.026139631248952355,0.01291283751197625,True,6.063791283331121e-09,0
14,1,21.347102862507434,21.347102862507434,4.821670704721627,0.8523590129892954,"[0.5258403591325456, 0.9508269491076983, 0.13182697404951435, 0.38320599349077966, 0.07586302122593526]","[-17.511711610110453, -0.49771882264394085, 16.046359514677118, 22.322985216150247, -18.484141008206983]",37.47495909254741,0.025255971915612463,0.012636721905437298,True,6.206158413568641e-09,0
15,1,21.270949451686754,21.270949451686754,4.830298206244154,0.8538841541971145,"[0.5267749411592475, 0.9508535118490425, 0.13097059635609934, 0.3820146387431773, 0.07684950080885172]","[-17.1896060554773, -0.5088934918505926, 16.159610713291798, 22.08611020101441, -20.77038645764625]",38.4197835072637,0.024847590633726213,0.0122051968719461,True,6.302294754644e-09,0
16,1,21.19637602312084,21.19637602312084,4.839308599599793,0.855476981757847,"[0.5276697721283903, 0.9508800030702511, 0.1301293833539586, 0.380864912837186, 0.07793073472331034]","[-17.072951705530652, -0.5236456670429935, 16.149342631266137, 22.01002168418963, -20.50222119523489]",38.17516575763439,0.024496162477589678,0.01200395000341814,True,6.308577550108441e-09,0
17,1,21.12180248258783,21.12180248258783,4.84765089593389,0.8569517053349741,"[0.5285642254393975, 0.9509074369088023, 0.1292833179965285, 0.37971180603349325, 0.07900484773829301]","[-16.29550252364987, -0.6239297286621796, 16.151222642152785, 21.08913045524471, -19.409864873656836]",36.719054473296616,0.027563475028728135,0.013401421892922372,True,6.6039716689961225e-09,0
18,1,21.046658049657573,21.046658049657573,4.856253645196163,0.8584724709200242,"[0.5294518028978561, 0.9509414208845661, 0.12840359912177052, 0.3785631310059264, 0.08006205714368464]","[-16.166411178633062, -0.6297485833931799, 16.169199818750794, 21.068433188819466, -19.09233511676764]",36.49093851487403,0.02576789060549345,0.0123776500186068,True,6.624243232937477e-09,0
19,1,20.97097823629179,20.97097823629179,4.8646856099262035,0.8599630457798586,"[0.5303378536181794, 0.9509759362250317, 0.12751739556130484, 0.3774084096397081, 0.08110847227540081]","[-16.036179354799597, -0.6343409802771013, 16.184830430760613, 21.047843020030243, -18.807410656146985]",36.28002982683203,0.025027090647199657,0.012717309378786013,True,6.6639521999548035e-09,0
20,1,20.894301924661868,20.894301924661868,4.874036331534274,0.8616160354443722,"[0.5312218760090595, 0.9510109053793179, 0.12662517852027338, 0.3762481105374244, 0.08214526363116309]","[-15.906246258584817, -0.6371950481482771, 16.189659409269307, 21.03071583796341, -18.64594167283967]",36.131453179748725,0.025101521867327392,0.012439628131687641,True,6.874903786882602e-09,0
21,1,20.818432203945612,20.818432203945612,4.882924103777582,0.8631871864500933,"[0.5321023413575753, 0.9510461763132025, 0.12572902528069677, 0.37508398820153294, 0.08317738052829218]","[-15.724719081150269, -0.6956126451413802, 16.389741878780733, 20.930970873424425, -18.974702204522202]",36.25629836925817,0.02545919376279926,0.012732278111798223,True,6.982147682070561e-09,0
22,1,20.743498262576157,20.743498262576157,4.891312970276359,0.8646701425470318,"[0.5329697613528857, 0.9510845482748428, 0.1248249207462843, 0.3739293766270323, 0.08422407878803993]","[-15.67141518472974, -0.7251926510007127, 16.62435510483198, 20.87893198185972, -19.881831204995652]",36.79273506674735,0.026995046886440832,0.013091924993204884,True,6.94272599740392e-09,0
23,1,20.669794670484404,20.669794670484404,4.899258468150067,0.8660747214036323,"[0.5338216368742826, 0.9511239687011669, 0.12392124478556972, 0.37279442800506035, 0.08530482645022851]","[-15.554176160227172, -0.7299364875682305, 16.63604824863748, 20.8712172293235, -19.543629677559583]",36.562063320297646,0.02569357497850433,0.01247753436473431,True,6.963072881303878e-09,0
24,1,20.596048578277514,20.596048578277514,4.905603236920994,0.8671963286593781,"[0.5346724737662568, 0.9511638973277957, 0.12301122785887472, 0.37165274094840206, 0.08637389246577666]","[-15.713861452233793, -0.9246883790337603, 16.660815124489094, 20.796243243179838, -8.283253016102156]",32.038402964395594,0.025642590611823834,0.012450312504370231,True,7.283789956596953e-09,0
25,1,20.518720657867036,20.518720657867036,4.911691343654551,0.8682725640483495,"[0.5356534128891717, 0.9512216210776363, 0.12197117507331708, 0.37035453371468685, 0.08689097523204618]","[-15.511080150541408, -0.9148736994659196, 16.5383112046809, 20.7123886716405, -8.372672829999617]",31.844167968855512,0.025245628145057708,0.011929825021070428,True,7.325694099079294e-09,0
26,1,20.44176141494424,20.44176141494424,4.917836304392785,0.869358849900382,"[0.5366275994444759, 0.9512790804969141, 0.1209324723997012, 0.36905367456262816, 0.08741682805620697]","[-15.308853167785902, -0.9050852785039317, 16.41491005934845, 20.628143991223308, -8.453846900784646]",31.64833785327818,0.02531306876335293,0.012343378119112458,True,7.370393097054506e-09,0
27,1,20.36512360625742,20.36512360625742,4.923936891904669,0.8704372916001007,"[0.5375950343371565, 0.9513362768831933, 0.11989514082576962, 0.3677500898950097, 0.08795106444736973]","[-15.10767390092202, -0.8951998286373277, 16.290021738069655, 20.543910973279466, -8.525741787654953]",31.45073214989395,0.02723060937569244,0.013254593752208166,True,7.394614045218295e-09,0
28,1,20.288588910018593,20.288588910018593,4.929932457473468,0.8714971678677874,"[0.5385557543501875, 0.9513932040049113, 0.11885923351143979, 0.3664436712797155, 0.08849322936402415]","[-14.909912416172356, -0.8855078975861477, 16.17168967771649, 20.461484374175008, -8.583009610932052]",31.256256274591493,0.025922743741830345,0.01243310936843045,True,7.4319784102924724e-09,0
29,1,20.212152313982784,20.212152313982784,4.935947065565843,0.8725604104098619,"[0.5395097977445538, 0.9514498651667459, 0.11782445253606462, 0.3651343983972716, 0.08904243202830066]","[-14.953685633096773, -1.0523353459941267, 16.131529989123326, 20.40775318919598, 2.502968284205181]",30.127854619052687,0.025755762508197222,0.013009884358325507,True,7.48054908381729e-09,0
30,1,20.14015206148939,20.14015206148939,4.940665535371733,0.8733945259090041,"[0.5405024794885199, 0.9515197231343486, 0.11675358106562235, 0.36377965519059047, 0.08887627560489976]","[-14.200353508162848, -0.6747587374850661, 15.69921504386381, 20.228037421435726, -19.40578352850985]",35.13301331201856,0.02500842810695758,0.012539262490463443,True,7.346277315634087e-09,0
31,1,20.06858642540933,20.06858642540933,4.946926115872433,0.8745012506405564,"[0.5413108561217249, 0.9515581347975597, 0.11585987946912157, 0.3626281435202869, 0.0899809792268529]","[-14.584198979489999, -1.0318733958238908, 15.91105705649454, 20.25085078551322, 2.2155316389698982]",29.697321381124407,0.026787431248521898,0.012865065640653484,True,7.493010308577686e-09,0
32,1,19.996865192681923,19.996865192681923,4.951403963849094,0.8752928298079112,"[0.542293045645947, 0.951627627489008, 0.11478833117345126, 0.3612643268632262, 0.08983177172019181]","[-14.050968804727201, -0.8280111338648254, 15.507522340753841, 20.078829336798677, -8.867148222599782]",30.337835800795716,0.025525506265694275,0.012887199998658616,True,7.437631400521172e-09,0
33,1,19.92207079815596,19.92207079815596,4.9571933699665465,0.8763162618890846,"[0.5432193456560417, 0.9516822135273315, 0.11376600891934796, 0.3599406444840362, 0.09041633208768349]","[-13.853443407656746, -0.8194453919440599, 15.371664653422982, 19.989367969021774, -8.893825254864273]",30.125610677326282,0.025312578109151218,0.012650337484956253,True,7.46970484945264e-09,0
34,1,19.847563598736564,19.847563598736564,4.963184045652548,0.8773752737394499,"[0.5441390576947838, 0.9517366154380973, 0.11274550415232049, 0.3586135764167719, 0.0910067815461081]","[-13.689108002052288, -0.8198996765929624, 15.29741756007469, 19.883474346910273, -9.181537708176652]",30.02878759073898,0.02538103749975562,0.01236406565294601,True,7.56823098288506e-09,0
35,1,19.773586986058703,19.773586986058703,4.969172571341312,0.8784339055204087,"[0.5450507900089994, 0.9517912230158484, 0.11172665398973297, 0.3572892822349861, 0.09161829725783151]","[-13.717464215197367, -1.0141015862334426, 15.426886339502147, 19.785011340555574, 0.8862255389578444]",28.625480224900215,0.024665690623805858,0.012294803113036323,True,7.466669932516823e-09,0
36,1,19.7023384736846,19.7023384736846,4.972923932425416,0.8790970587357209,"[0.5460091993776419, 0.9518620760864855, 0.11064881101782405, 0.3559069465547166, 0.09155637860829521]","[-12.915723265811318, -0.6118941017636093, 14.640624147589566, 19.565749859754884, -19.640197903114718]",33.913037884415274,0.02584532499895431,0.013024425017647445,True,7.458400469277648e-09,0
37,1,19.63373522406598,19.63373522406598,4.978728225200552,0.8801231224310436,"[0.5467708960035502, 0.9518981621548485, 0.10978538945134232, 0.3547530688085906, 0.09271464688077936]","[-12.511604030931888, -1.466925937787475, 16.36344936324061, 18.33094648887998, 2.327826223681512]",27.71095372416772,0.02566371249849908,0.012916078085254412,True,7.531025129035862e-09,0
38,1,19.5639643609219,19.5639643609219,4.981996077973046,0.8807008026448812,"[0.5476739038289048, 0.9520040355183087, 0.10860437998299054, 0.3534300579392656, 0.09254663922238056]","[-14.336627257838247, -1.3803044513165392, 20.18400958156896, 20.448494042865825, -2.9665230798072275]",32.27660967483312,0.025030515622347593,0.01264179999998305,True,7.479720557333758e-09,0
39,1,19.491702805325147,19.491702805325147,4.985762197352617,0.8813665647828943,"[0.5485622640006717, 0.9520895652232672, 0.1073536904103071, 0.35216297975179556, 0.09273045797593622]","[-13.608659910434659, -1.1057883321575377, 18.936283609957503, 20.094917237564573, -13.680518885124801]",33.704057991597665,0.025047675015230197,0.01203894685022533,True,7.405713765319677e-09,0
40,1,19.41975790150144,19.41975790150144,4.991102595935457,0.8823106227959356,"[0.5493698023637628, 0.9521551827422259, 0.10623001066740395, 0.3509705466482222, 0.09354226045314117]","[-13.551861890815958, -1.2234115366621199, 18.492318829785305, 19.99932718493445, -4.33175996870927]",30.754719710554838,0.024693275001482107,0.012314493760641199,True,7.436027165547143e-09,0
41,1,19.348214977909226,19.348214977909226,4.994836388707074,0.8829706703430245,"[0.5502510890097096, 0.9522347420130068, 0.10502744280118877, 0.34966997702037284, 0.09382395770217067]","[-13.134795263382697, -1.1623241488621885, 17.6726394946264, 19.714094533085014, -5.128134466953375]",30.018982612933524,0.02612889996089507,0.014574715605704114,True,7.363411816917187e-09,0
42,1,19.27721354964931,19.27721354964931,4.998463768623199,0.8836119065771825,"[0.551126188304866, 0.9523121812896013, 0.10385001185878077, 0.34835653513684045, 0.09416561714698964]","[-12.451724261613757, -0.9350882704266004, 16.685954476205065, 19.36366724528386, -15.731929056543636]",32.508246722469345,0.02586452811374329,0.012481628138630185,True,7.2933117193155206e-09,0
43,1,19.207786926534325,19.207786926534325,5.003947319011389,0.8845812704932993,"[0.5518922538738605, 0.9523697105853755, 0.10282344437772628, 0.3471652271336743, 0.09513349026487058]","[-12.983626930516758, -1.2927656545518715, 17.151593435040578, 19.56232093270722, 4.503603647277841]",29.451482386381937,0.02553624374559149,0.012259193776117172,True,7.408043565734768e-09,0
44,1,19.143422107262023,19.143422107262023,5.004898784069173,0.8847494673419045,"[0.552773949861841, 0.9524575000988232, 0.1016587088843177, 0.34583678324243655, 0.09482765821281691]","[-11.746244053342712, -0.8377927332000263, 15.21187083080178, 18.904590642330376, -16.480760874094226]",31.608166453317885,0.02553927189001115,0.012062340625561774,True,7.314960303282658e-09,0
45,1,19.075526247031842,19.075526247031842,5.010294203033879,0.885703251676226,"[0.5535171909524192, 0.9525105112555704, 0.10069618099755863, 0.34464059929613566, 0.09587047484679745]","[-11.983136472855518, -1.0297519150621062, 15.550436492028188, 19.024297021387873, -6.347752350605451]",28.083622645393536,0.025696306256577373,0.012424068758264184,True,7.329958135252057e-09,0
46,1,19.00550756171507,19.00550756171507,5.0135743743163985,0.8862831095155568,"[0.5543705806040136, 0.9525838459480371, 0.0995887429232171, 0.3432857671748722, 0.09632253563899162]","[-16.85338048080873, -1.8324825558862816, 27.93259131389311, 24.019826552319177, 17.434843745361032]",44.14238244007862,0.027347159397322685,0.013489315613696817,True,7.3200792909816625e-09,0
47,1,18.951929808245026,18.951929808245026,5.012654559053347,0.8861205076130712,"[0.5551341723971527, 0.9526668719404984, 0.0983231750145897, 0.3421974785405022, 0.09553259894861778]","[-12.838181945929058, -0.9946560161867543, 17.99427239608062, 20.49816752441106, -9.715902810227155]",31.688731981703913,0.026493406243389472,0.012785862505552359,True,7.313839738704031e-09,0
48,1,18.882968014720745,18.882968014720745,5.016344994775216,0.8867728906441879,"[0.5559444403468413, 0.9527296485777416, 0.09718748600021689, 0.3409037588968384, 0.09614580763210377]","[-12.729697553453674, -0.9343677918866287, 17.246676785544242, 20.610774644297795, -8.797491459708754]",31.025247630593178,0.02578271874517668,0.012885134347015992,True,7.302280486884416e-09,0
49,1,18.814792407541923,18.814792407541923,5.019664212419359,0.8873596509702897,"[0.5567650428254813, 0.9527898813148324, 0.09607570265586854, 0.33957511360194576, 0.0967129258426769]","[-12.408483773375584, -0.7418249704960476, 13.817265974571304, 20.800304869692383, -6.502103477064112]",28.642060769986863,0.026181012523011304,0.013003543761442415,True,7.313407950418349e-09,0
50,1,18.749278521061044,18.749278521061044,5.02256641882418,0.8878726934276027,"[0.5576314947105317, 0.9528416810073495, 0.09511087920373987, 0.3381226828543117, 0.09716695067902181]","[-12.880761932656744, -0.7225395582897639, 14.139261164081516, 21.500492692317117, -4.072566212414185]",29.072526192473468,0.02747346873366041,0.012737268749333452,True,7.31451108449549e-09,0
51,1,18.684223363792324,18.684223363792324,5.025102195007837,0.8883209595613615,"[0.5585176070385033, 0.9528913870118075, 0.09413819034485042, 0.3366435893246174, 0.0974471166463899]","[-12.652307076290427, -0.8827876203318364, 16.361710087487452, 20.965103766295062, -4.956944144270978]",29.877627357326926,0.02650720936799189,0.012447228138626087,True,7.309170386993191e-09,0
52,1,18.617580950218304,18.617580950218304,5.027433530257212,0.8887330853023745,"[0.5593645489274658, 0.9529504805676474, 0.09304294205814687, 0.33524019115548853, 0.09777893309786521]","[-12.114089637941603, -0.6964841690723611, 13.106890030411995, 20.812148308231233, -5.623670249213064]",27.99639277655002,0.025565453121089377,0.012333112535998225,True,7.29590410482317e-09,0
53,1,18.550847071393434,18.550847071393434,5.030958033029415,0.8893561352550085,"[0.5602299525338658, 0.9530002358468083, 0.09210661500097525, 0.3337534175933659, 0.09818067558618483]","[-12.257901667807516, 0.8662454175177317, -19.38107448054847, 26.21565304406217, 16.98162486091337]",38.7591102824228,0.025691090617328882,0.012284021919185761,True,7.2960277359632175e-09,0
54,1,18.537254814959784,18.537254814959784,5.0332254704595805,0.889756965350705,"[0.5608624697190215, 0.9529555369148058, 0.09310669340003168, 0.33240066966636955, 0.09730441063909308]","[-11.097536828285177, -0.9179836659019883, 15.391997088484391, 19.412666312074354, -7.649132086306241]",28.218299506802794,0.02721255936921807,0.012800115611753426,True,7.329390618732168e-09,0
55,1,18.469713862973713,18.469713862973713,5.037260707546069,0.8904703012275929,"[0.5616490186622147, 0.9530205999187369, 0.09201577032125237, 0.33102477766361393, 0.09784655047173545]","[-10.952967437212894, -0.8626062362900935, 14.157327932620268, 19.53927726844768, -7.11493420197014]",27.450813544646056,0.025751534383744,0.013091578148305416,True,7.316425952065553e-09,0
56,1,18.403173580277432,18.403173580277432,5.041250559060132,0.8911756139929733,"[0.5624470254257665, 0.9530834473265091, 0.09098430158834367, 0.32960119309582275, 0.09836492739999218]","[-10.933501248309117, -0.6614767517825217, 11.489436328963148, 19.94913461672232, -6.331029694148621]",26.2685374001204,0.025398753125045914,0.012166265594714787,True,7.314256464385771e-09,0
57,1,18.338041409069014,18.338041409069014,5.045274122183021,0.891886886185155,"[0.5632794662336695, 0.9531338099897728, 0.09010953371272734, 0.32808233162956757, 0.09884695116838658]","[-13.715693037061172, -1.3419326585910067, 21.3975996136175, 22.870891475146486, 16.30646062685446]",37.904572587154284,0.025199021882144734,0.012219415642903186,True,7.325525019918899e-09,0
58,1,18.281524048541044,18.281524048541044,5.051102649214025,0.892917233932143,"[0.56400316219437, 0.9532046158354512, 0.08898050899868508, 0.32687557002200923, 0.09798655573250978]","[-9.92863419408297, -0.8555821775762347, 15.168033603067185, 18.6764515309343, -3.8868722868598824]",26.33052713425944,0.0254797594025149,0.012080490625521634,True,7.25945476127976e-09,0
59,1,18.218684371612103,18.218684371612103,5.0530335187623265,0.8932585666699406,"[0.5647573160434806, 0.9532696036857272, 0.08782838367091254, 0.3254569541747082, 0.09828179268442443]","[-8.963865189456373, -0.692901233575621, 12.437271137070791, 17.674092245292247, -6.6102694231523085]",24.322538994377506,0.02727254376077326,0.013502365662134252,True,7.252314379244118e-09,0
60,1,18.149789530799072,18.149789530799072,5.0601178849910085,0.8945109175201181,"[0.5654943990586345, 0.9533265797467961, 0.08680568853703409, 0.32400364436616796, 0.0988253436208138]","[-9.238668547067588, -0.6929589292647144, 12.868782420039304, 18.29427244354657, -4.23633774090764]",24.5777482953236,0.026070400010212325,0.012344671893515624,True,7.287055380986174e-09,0
61,1,18.088247392484895,18.088247392484895,5.061359808748019,0.8947304606976928,"[0.5662461903485184, 0.9533829688773959, 0.08575849883805224, 0.32251495856607104, 0.09917007314524638]","[-8.114575297401144, -0.5253055916939017, 9.511131851875207, 16.961261996322584, -5.838934207583906]",21.8714761393465,0.025759393742191605,0.012677953163802158,True,7.269869077390634e-09,0
62,1,18.020630784593894,18.020630784593894,5.0680708194395026,0.8959168109898337,"[0.5669882139088241, 0.9534310045553103, 0.08488876953484074, 0.32096396476140193, 0.09970400456991257]","[-8.706354751609584, -0.9828669798101588, 15.624301036457133, 16.943340051892264, -1.9715769012765005]",24.73558794592146,0.026324303122237325,0.012699743747361936,True,7.27911459927344e-09,0
63,1,17.95870847367242,17.95870847367242,5.069409922089384,0.8961535331309427,"[0.5676921676430383, 0.953510474425355, 0.08362546412483922, 0.31959400823655604, 0.09986341674200302]","[-5.547299190840342, -0.6837342591356546, 9.837928789147776, 11.894146799183977, -0.8617333219183321]",16.43892259574207,0.026919012481812388,0.012970815594599117,True,7.252999860429821e-09,0
64,1,17.893385013228436,17.893385013228436,5.073201957805534,0.8968238766732904,"[0.5683670657889716, 0.9535936592271705, 0.08242855736513496, 0.3181469369057936, 0.09996825735024205]","[-10.009585100157729, -1.0972565277253314, 14.965869960862983, 20.655955132162855, -13.362190665931054]",30.505567545368116,0.02612223435426131,0.012719675003609154,True,7.19763076049984e-09,0
65,1,17.831631343030764,17.831631343030764,5.076108565391483,0.8973376971568586,"[0.5690233122321786, 0.9536655973431264, 0.08144736795188343, 0.31679269525133064, 0.10084430665800337]","[-15.063978731340022, -2.167893320685844, 30.430034538556885, 28.394396258319226, 3.523378405572537]",44.4552151378127,0.026902215635345783,0.012532803149952088,True,7.233517786489618e-09,0
66,1,17.767574839100448,17.767574839100448,5.079052052728494,0.897858037120943,"[0.5697010270372607, 0.9537631289066973, 0.08007834816675638, 0.3155152569948895, 0.10068579304404061]","[-8.462723455034174, -1.084820241859233, 13.825148965160754, 17.945365739688548, -5.205618104349685]",24.760126787275127,0.026901153119979426,0.012862015588325448,True,7.211504924470313e-09,0
67,1,17.703124084315647,17.703124084315647,5.081912437303038,0.8983636864533084,"[0.5703846037836481, 0.9538507552949735, 0.078961621335478, 0.31406571952740076, 0.10110627700592523]","[-7.788677255185423, -0.9431853199696284, 11.80026466156373, 17.532143774856067, -12.086991380782067]",25.57871701234296,0.02743437188473763,0.013046715612290427,True,7.204023556514616e-09,0
68,1,17.643546017443384,17.643546017443384,5.084196366536549,0.8987674319154998,"[0.5709936004937741, 0.9539245029594461, 0.07803895858774064, 0.31269488112563804, 0.10205135891714673]","[-8.799042908835238, -1.4390488447340364, 18.61547023293577, 18.261397078496774, 7.961981717837704]",28.68626022708579,0.02721130000281846,0.012407753114530351,True,7.257058729989718e-09,0
69,1,17.593733533738515,17.593733533738515,5.072903508300752,0.8967711177561222,"[0.5716070679056203, 0.9540248331407448, 0.07674109193764939, 0.31142170038103767, 0.10149625123461638]","[-6.067344723788951, -0.8508556670604291, 9.826744335768733, 15.046772846670796, -11.80886470741265]",22.359700140684062,0.028710146849334706,0.013869350026652683,True,7.144204145805022e-09,0
70,1,17.52644291033702,17.52644291033702,5.087782170691896,0.899401318524063,"[0.5721497714915668, 0.9541009393194206, 0.07586212269624626, 0.31007581714008847, 0.10255251447898771]","[-4.465311929095225, -0.8908607930232388, 6.928013928882273, 11.820065789203824, -5.309407285621295]",15.382905498025007,0.02671465625462588,0.012743449988192879,True,7.21243842601027e-09,0
71,1,17.465557086371913,17.465557086371913,5.090094805780345,0.8998101385124261,"[0.5727303265667284, 0.9542167640955762, 0.07496138077472547, 0.3085390377858952, 0.10324281414779317]","[-5.752133585868695, -1.2487163981423288, 9.537874017146706, 14.219859056639196, -7.531877213705207]",19.609970427123187,0.030532618722645566,0.01392883437074488,True,7.243410818195961e-09,0
72,1,17.40495367647571,17.40495367647571,5.092038651765616,0.900153765181868,"[0.5733169805453208, 0.9543441193511815, 0.07398862316123431, 0.3070887695043841, 0.104010982283621]","[-10.947564935958898, -19.77715185123919, -4.353798690348698, 8.782405593723718, -212.07400664434132]",213.50048107347882,0.02741165939369239,0.012985450004634913,True,7.2463925320301326e-09,0
73,1,17.39110984016161,17.39110984016161,5.093044842848383,0.9003316363163164,"[0.5734195336157482, 0.9545293849932232, 0.07402940806877585, 0.3070064989113669, 0.10599761955560318]","[-3.722067382621589, 1.2909189977045723, -5.771301981884023, 12.484121779581429, 443.8747835421365]",444.10528587848563,0.027351871904102154,0.013636278119520284,True,7.559692882970481e-09,0
74,1,17.401708781701387,17.401708781701387,5.0922084835907615,0.9001837874906733,"[0.5734362957102378, 0.9545235714213575, 0.07405539876136784, 0.30695027746038883, 0.10399865760826627]","[0.8193677521742968, 3.0311166899184463, 19.037294433084384, 15.35567653478264, -69.86319689860163]",74.08738552524852,0.02643484373402316,0.012634256214369088,True,7.242764287623826e-09,0
75,1,17.371505728454125,17.371505728454125,5.093680863061016,0.9004440698676476,"[0.5734141767558071, 0.9544417459751391, 0.07354148416449387, 0.306535748686679, 0.1058846250075032]","[-2.1348816487766045, 0.4223661621665346, -12.175475354984828, 11.058405787094534, -240.8709457307478]",241.44166821144597,0.027812299980723765,0.015590246890496928,True,7.555272817962033e-09,0
76,1,17.362350799282794,17.362350799282794,5.091317307167121,0.9000262482675759,"[0.5734318612065863, 0.954438247273649, 0.07364234061934798, 0.3064441455605992, 0.10787989738541606]","[20.030103247084835, 6.1426761280288495, -101.22985707469802, -13.78772473373109, -316.74789128607455]",333.4752606370892,0.027094050012237858,0.012408543749188539,True,7.943793900455631e-09,0
77,1,17.373379787074693,17.373379787074693,5.09151230840989,0.9000607199428514,"[0.5733117317360596, 0.9544014069028445, 0.07424946126080725, 0.3065268367006097, 0.10977957588438472]","[-19.423747527250633, -1.5698490450739429, 35.512916460949334, 32.37278860572813, 59.5902753706917]",78.99311356349418,0.026439384382683784,0.01259523751650704,True,8.204168261416456e-09,0
78,1,17.3348160821376,17.3348160821376,5.092809572988884,0.9002900460880512,"[0.5738035150485732, 0.9544411533813472, 0.07335032170652307, 0.30570720098440773, 0.10827082980053682]","[-11.167141202775428, -1.673719964525459, 28.780529392043054, 20.39978960123849, 5.004582301826526]",37.37676434683964,0.026580281235510483,0.012696868761850055,True,7.953248469527718e-09,0
79,1,17.278193373715652,17.278193373715652,5.094929751562037,0.900664844249652,"[0.5744010596139, 0.9545307127636923, 0.0718102991874948, 0.3046156249768437, 0.1080030387068374]","[-6.586726649208276, 146.17403447177395, -1027.3087117362495, 240.9776409567721, 979.0881070338389]",1446.8784217435466,0.027750615612603724,0.012941200016939547,True,7.896417675117007e-09,0
80,1,17.30342534305931,17.30342534305931,5.096680646253257,0.9009743616269783,"[0.5744101643549069, 0.9543286584206666, 0.07323033378929306, 0.3042825249218077, 0.10664965877896022]","[-5.1153132405415525, 0.1223164035911844, 2.126994427352659, 14.419361429774096, -31.66106121805694]",35.22848673504785,0.027119999984279275,0.012541331263491884,True,7.583547019518466e-09,0
81,1,17.27239954391175,17.27239954391175,5.095762516866719,0.9008120577481714,"[0.5747005721307996, 0.9543217142448065, 0.07310957955745283, 0.3034639055165626, 0.10844712805178365]","[-9.987931148439104, -1.8364928305632717, 26.08264612044075, 18.544172423999512, -11.337735977863973]",35.43820665865569,0.027254215608991217,0.012448115594452247,True,7.90256553077906e-09,0
82,1,17.211747615428738,17.211747615428738,5.0986643820938795,0.901325039893225,"[0.5752642536536465, 0.9544253590397139, 0.07163757244541494, 0.3024173416990368, 0.10908698751683786]","[-10.380857729863948, -1.352171889989619, 25.55976357509684, 20.3889943162679, 12.686508189293294]",36.599872531313714,0.02696159687184263,0.012390818737912923,True,7.925541831328708e-09,0
83,1,17.156630521251266,17.156630521251266,5.101258900831599,0.9017836903415644,"[0.5758315156145016, 0.9544992484713668, 0.07024085918896683, 0.3013031851238593, 0.10839373328880236]","[-7.052663163847462, 0.3069893055092547, 7.962301295816027, 18.427751740849505, 30.053905491504466]",36.824608776963345,0.028746165604388807,0.013299187499796972,True,7.846463284666427e-09,0
84,1,17.123594446797487,17.123594446797487,5.104362970761673,0.9023324175657724,"[0.5762145563797884, 0.9544825754195302, 0.06980841460584443, 0.3003023461548991, 0.10676146038821478]","[-7.254533023944672, -0.8094068157957219, 11.326955666362782, 18.53559074199053, 0.8743030562443462]",22.932855108891946,0.026574937510304153,0.013062312500551343,True,7.311130229871454e-09,0
85,1,17.061352697482175,17.061352697482175,5.105379191525765,0.9025120617141404,"[0.5768472323365483, 0.954553164695215, 0.06882057810558442, 0.29868583650939967, 0.10668521143865706]","[-4.963139585476247, -0.609372484583633, 7.54641534239193, 14.5842113186434, -2.0007431007104497]",17.281628008716773,0.026664440651074983,0.012911715610243846,True,7.307939876508018e-09,0
86,1,16.9979598131796,16.9979598131796,5.1080617994699375,0.9029862842812878,"[0.5774216156738919, 0.954623687273787, 0.06794723268486956, 0.2969980081045245, 0.10691675711243102]","[169.8214265026031, 17.394517428375845, -231.55517318993657, -352.67114559863654, 360.08743810733483]",580.3443670679719,0.026195162507065106,0.012276724992261734,True,7.309627189124035e-09,0
87,1,17.052165910860666,17.052165910860666,5.105851940362072,0.9025956326911282,"[0.5768363720284326, 0.954563741771029, 0.06874522500229105, 0.29821339388445306, 0.10567581308491869]","[-5.014512506333694, -0.8033022357633625, 7.86078936667874, 15.196934440755525, -7.854728858216875]",19.499390284267236,0.027067728115071077,0.01343937186175026,True,7.275203452693224e-09,0
88,1,16.991862553439397,16.991862553439397,5.108440861964256,0.9030532936963444,"[0.5773506970850599, 0.9546461343201305, 0.06793896498577986, 0.2966546852050091, 0.10648145149138225]","[-5.714358816254858, -0.8295822179089818, 9.042126938233514, 16.842998374645852, -7.8507144210975115]",21.457457306825983,0.026715265623352025,0.012593534353072755,True,7.309388596991873e-09,0
89,1,16.931354439973457,16.931354439973457,5.110856506795689,0.9034803234066554,"[0.5778833192624482, 0.9547234577612081, 0.06709616923337394, 0.29508478825654794, 0.1072131984368355]","[-8.09161272938618, -1.1052422824451973, 12.63045624367842, 21.700080668482226, -8.599465809268558]",27.768120123842724,0.025965806235035416,0.012686399983067531,True,7.303132578719007e-09,0
90,1,16.869842761540255,16.869842761540255,5.113358148870026,0.9039225554253718,"[0.5784661180038111, 0.9548030628822949, 0.06618646010024623, 0.29352183904926127, 0.10783257531727293]","[-2.687820424907805, -0.7454889537178122, 7.502024401191953, 9.424473113883598, 15.303651069735984]",19.67442329704463,0.0258869249955751,0.012097921899112407,True,7.322194689116102e-09,0
91,1,16.839613338690047,16.839613338690047,5.105803414840069,0.9025870545097109,"[0.5787393479109032, 0.9548788454292518, 0.06542384314446105, 0.2925637959116187, 0.10627688539051844]","[13.89963043645307, 1.5256317254708438, -41.931436252041706, -9.053054200970534, -106.79998241404797]",115.93949568027904,0.02745276250061579,0.013904696876124945,True,7.1956253854671415e-09,0
92,1,16.850663222778174,16.850663222778174,5.113862752276351,0.9040117575479772,"[0.5784995740468757, 0.9548525277069518, 0.06614717622445498, 0.2927199645088301, 0.10811922534182622]","[-7.367380141403102, -1.5888533694441591, 19.625469088534437, 17.274671033571725, 32.70403116932772]",42.54326851765196,0.027397734367696103,0.013273321877932176,True,7.329671075813338e-09,0
93,1,16.818807999785722,16.818807999785722,5.106810419480886,0.9027650694622629,"[0.5788459216782605, 0.954927221233085, 0.06522456403353082, 0.2919078655970599, 0.10658177735966239]","[3.8320261577093335, 0.03166247212234546, -11.44716691035767, 3.9607507086218177, -40.7961531363435]",42.72864044360568,0.025815709355811123,0.01234753750031814,True,7.241330924646905e-09,0
94,1,16.818190402135784,16.818190402135784,5.114858495889294,0.9041877818132361,"[0.5786665559826598, 0.9549257392073621, 0.06576037171621138, 0.2917224746898179, 0.10849132340240308]","[-20.483374917686593, -4.75276243421334, 70.57408717587926, 33.10577220955251, 146.73550110226827]",167.48181577952795,0.02672917500603944,0.012143303123593796,True,7.319138174873008e-09,0
95,1,16.798162818364954,16.798162818364954,5.1076606392122335,0.9029153684966464,"[0.5789111601484581, 0.9549824947710878, 0.06491760455552617, 0.29132713896867984, 0.10673906748830965]","[5.004013619659881, 0.12462343791928587, -14.513333813778218, 2.4369821432631404, -45.92523181341234]",48.48461963117193,0.027982131257886067,0.01394639688078314,True,7.251171066369189e-09,0
96,1,16.801464803553568,16.801464803553568,5.1153055742021385,0.9042668148399196,"[0.5787047436123433, 0.9549773540300088, 0.06551628240115571, 0.2912266129807789, 0.10863349224246154]","[-10.446554998685523, -1.6321148911931724, 23.91180558093294, 22.87498412020891, 46.364323842417036]",57.93517222174525,0.02691772816615412,0.012607040647708345,True,7.3232557335975446e-09,0
97,1,16.771287786458046,16.771287786458046,5.108968247632378,0.9031465231919017,"[0.5790653727292645, 0.9550336968293335, 0.06469081473916281, 0.29043693778891927, 0.10703293347777336]","[2.6662092111641487, -0.14535442612558325, -9.137572658716817, 5.426877314205974, -36.5404235626698]",38.14811378145685,0.02577302499412326,0.012588949968630914,True,7.254767930495176e-09,0
98,1,16.76802887383133,16.76802887383133,5.116487293959726,0.9044757153534326,"[0.5789255907612034, 0.9550413173595098, 0.06516987237807123, 0.29015242163458704, 0.1089486467301268]","[-4.1049814791680665, -19.124584558086333, 393.2974448268225, -50.4220065597336, -189.41850752049828]",439.8718341194104,0.026788865630805958,0.01272108124976512,True,7.320389837708885e-09,0
99,1,16.732766012952375,16.732766012952375,5.117601303138885,0.9046726462146545,"[0.5789442552046197, 0.9551282726181766, 0.06338163583133584, 0.29038167935307935, 0.10980989081455093]","[41.752157547450906, 11.693476438495, -179.92288081617764, -40.20091174743047, -532.9200611741596]",565.5723897075175,0.027525131263246294,0.01305414686066797,True,7.54837231348865e-09,0
100,1,16.754100525735765,16.754100525735765,5.114609716233426,0.9041438033678147,"[0.5787966095334123, 0.9550869216730057, 0.06401788641248216, 0.2905238394460363, 0.11169442432740086]","[-8.703371671937814, -1.5871842886309209, 22.75054666210147, 19.192776440552304, 33.29633062113472]",45.52871078977919,0.026737996871815994,0.012156890632468276,True,7.860534539244624e-09,0
101,1,16.70692032406553,16.70692032406553,5.118795655956378,0.904883779958749,"[0.5791789340719626, 0.9551566440201165, 0.06301849300700453, 0.2896807329267786, 0.1102317722978214]","[-2.680028528591797, 0.4159686475402571, -10.049823254576472, 15.31380594926658, -38.76773294121585]",42.96282463166561,0.026275949989212677,0.01231851249031024,True,7.581543066959018e-09,0
102,1,16.70342653793786,16.70342653793786,5.117154188949371,0.9045936068458119,"[0.5793036944224055, 0.9551372799000384, 0.06348633111311151, 0.28896784656140573, 0.11203648291788337]","[-7.196101955078021, -1.172628116196615, 17.411072655524926, 17.393940780596083, 12.754705532927876]",28.662450700756988,0.027219365620112512,0.012391731259413064,True,7.854887163448454e-09,0
103,1,16.642669573995178,16.642669573995178,5.12136245386323,0.9053375300102168,"[0.5798058218943343, 0.9552191031975923, 0.06227142643962819, 0.28775413731081956, 0.11114648885103647]","[5.313034826304123, -3.2925518011102093, 22.609096478617467, -15.57498390697433, 38.42720818160372]",47.638964433987944,0.027184618738829158,0.01364091250434285,True,7.787938829419139e-09,0
104,1,16.639765063023944,16.639765063023944,5.120606529465346,0.9052039001932647,"[0.5795827677247352, 0.9553573325583754, 0.061322241387149916, 0.2884080131492933, 0.1095332208618028]","[-0.28016208224276545, -0.7004388992959621, 1.5238021690690795, 8.143899815632642, -19.104931202527016]",20.837768089571995,0.0262851906081778,0.012447175016859546,True,7.327688018865519e-09,0
105,1,16.618123919525495,16.618123919525495,5.1212377857861355,0.905315491599539,"[0.5796096575606355, 0.955424560382032, 0.061175987511740054, 0.2876263651551094, 0.11136690392416215]","[2.169318807069375, -1.5056865814472933, 8.973463889117323, -2.899454792480883, 9.081932776188616]",13.356063468791893,0.025901349981722888,0.01230481562379282,True,7.653459531062334e-09,0
106,1,16.602749500491388,16.602749500491388,5.120534581698686,0.9051911815048405,"[0.5792848135207767, 0.9556500289993163, 0.0598322586638781, 0.2880605432045083, 0.11000693243305182]","[1.7389548120597973, -0.555471851994205, -7.705943360295435, 6.360291704624477, -25.814168048905366]",27.74055980894882,0.025550762511556968,0.012541625015728641,True,7.385099780841953e-09,0
107,1,16.605565052136697,16.605565052136697,5.120010697232916,0.9050985709402644,"[0.5791594407940563, 0.9556900766303519, 0.06038783096761595, 0.28760198780777524, 0.11186804613989543]","[-3.4249685988422143, -1.0779821428099186, 9.023872979905914, 11.557150372713313, 1.3925874218708738]",15.160137315532756,0.028637606199481525,0.013375146845646668,True,7.831676053331182e-09,0
108,1,16.54236210411017,16.54236210411017,5.1226270140416,0.9055610747795527,"[0.5796112795244492, 0.9558322893452241, 0.05919735718871884, 0.2860773115952307, 0.11168432914673175]","[-16.957612322685165, -3.021760908412199, 24.841310340250004, 40.51582311410918, -18.73943671304274]",53.911786884044396,0.0267219312445377,0.013338275020942092,True,7.653440887989138e-09,0
109,1,16.484959892863905,16.484959892863905,5.125101617675208,0.905998527032071,"[0.5802403669022742, 0.9559443895401167, 0.05827580322898017, 0.28457427022134707, 0.11237951800229688]","[-0.17506841372665932, -1.1107084848256812, 5.20769174794057, 5.378944690696522, 1.4462182645959976]",7.707721380780457,0.026294743773178197,0.012769331231538672,True,7.742789225745339e-09,0
110,1,16.42707682022779,16.42707682022779,5.125813333649971,0.9061243418300793,"[0.5802857936646221, 0.9562325962434496, 0.05692451106622749, 0.28317854133487974, 0.11200425320146623]","[-2.89688144177984, -4.075009479587549, 17.222833271934242, 9.020928678319468, -24.62248757464711]",31.76897321038689,0.02642592811025679,0.012325737508945167,True,7.553231088329448e-09,0
111,1,16.388779718811794,16.388779718811794,5.129884188336693,0.9068439740686308,"[0.580468165403394, 0.9564891364503032, 0.05584025611361473, 0.28261063323043484, 0.11355434973186475]","[12.44725791691051, 8.075257956687114, -138.60554945327982, 5.003035065757315, -214.9612818610366]",256.251878859789,0.027721978156478144,0.013145940618414897,True,7.85098452655425e-09,0
112,1,16.414996961763432,16.414996961763432,5.129655771615438,0.9068035953154969,"[0.580371016785618, 0.9564261105088538, 0.05692204759213558, 0.2825715854381767, 0.11523208402061755]","[-6.719603275716363, -1.04999098841418, 3.189362291047734, 18.698104799667416, 12.162650892689555]",23.536711344601947,0.02727181873342488,0.012683990607911255,True,8.155429703088357e-09,0
113,1,16.367132438933844,16.367132438933844,5.131035583289783,0.9070475138634194,"[0.5809420059248438, 0.956515332063471, 0.05665103587395485, 0.2809827394413751, 0.11419857932116324]","[-6.229318194945711, -2.5980826174154563, 20.03779523293271, 14.447270127331791, 30.504922301513364]",39.82890376361368,0.02616905937611591,0.012070668766682502,True,7.84870630900908e-09,0
114,1,16.326856718904395,16.326856718904395,5.131931593495532,0.9072059075865437,"[0.5812548098238294, 0.9566457942339976, 0.05564484221362441, 0.2802572728198123, 0.11266678108329078]","[1.3960180821070547, -3.4192732572946247, 3.979474626499562, 3.6378596355338537, -31.978475733236294]",32.63944618625756,0.025939803112123627,0.01233007187693147,True,7.54175266248075e-09,0
115,1,16.318596464205683,16.318596464205683,5.133731398182657,0.9075240711113131,"[0.5811692680487577, 0.9568553120816766, 0.05540099771922529, 0.28003436097169676, 0.11462627975552749]","[-4.477288015718291, -2.054672901478752, 10.036337753868798, 12.735623449036124, -7.717234815474613]",18.621162209977932,0.02846519064041786,0.013390562511631288,True,8.024650991443616e-09,0
116,1,16.26404977159277,16.26404977159277,5.1373177404689825,0.9081580528488923,"[0.5816501497429281, 0.9570759935706405, 0.05432304805742041, 0.2786664953890074, 0.11545514690442381]","[-4.890118662096265, -1.6553045753978082, 4.95438577087512, 15.131536829918344, 22.59049445364414]",28.1157087520245,0.02659951247187564,0.0123053218703717,True,8.100647362098423e-09,0
117,1,16.227960078788183,16.227960078788183,5.13809960313566,0.9082962679472834,"[0.5819980064308069, 0.9571937430173957, 0.05397061975377025, 0.27759011940554296, 0.11384818087329261]","[1822.6005825448015, 365.6006490441487, -5656.291382009235, -2395.1477348875783, -13531.406878213573]",14976.143485289154,0.0253877781360643,0.012264056262210943,True,7.56318435570641e-09,0
118,1,16.255706518895167,16.255706518895167,5.137274459530611,0.9081504017876376,"[0.5817546059072563, 0.9571449186121804, 0.054725993310061956, 0.2779099811559649, 0.11565524246982505]","[-6.049794839517979, -2.0627305870235837, 14.238167557719512, 15.799291773475893, 14.858984944486375]",26.720541622513817,0.026590256253257394,0.012364646856440231,True,8.117501591915766e-09,0
119,1,16.20126717309957,16.20126717309957,5.140468186114622,0.9087149782188401,"[0.5822074256834987, 0.957299311484607, 0.053660283807737345, 0.27672742340724227, 0.11454306554213803]","[4.15368517581044, -1.8649203839438617, -3.331382490850288, -3.171287233222252, 23.00106890674043]",23.894253942041388,0.028171953119453974,0.012969421863090247,True,7.744812206486595e-09,0
120,1,16.212473376037845,16.212473376037845,5.139054602459151,0.9084650895717006,"[0.5818597533782063, 0.9574554092969421, 0.05393912762506611, 0.2769928669101683, 0.1126178270340373]","[-15.956179206406329, -0.5786412483475529, 30.05550076772213, 33.69519606760852, 37.56625866059601]",60.86754171764434,0.025933571851055603,0.013106540638545994,True,7.277798638911925e-09,0
121,1,16.161061469363638,16.161061469363638,5.1441318009180685,0.9093626199366333,"[0.5823840452669822, 0.9574744224271592, 0.05295155691269362, 0.27588570223368564, 0.11138346607251719]","[-15.632633636921959, -1.8674330612769667, 33.21681890621203, 30.745391924021437, 36.277468852794854]",60.10455448499592,0.025489281237241812,0.012477540672989562,True,7.2992018514475565e-09,0
122,1,16.11599006803891,16.11599006803891,5.141878255936823,0.9089642457021464,"[0.5829042266000146, 0.957536561913168, 0.051846255685847276, 0.27486263860108906, 0.11017632065190693]","[23.63320743975409, 3.6296240036620246, -64.55948415829573, -16.701316583367515, -108.14439293349211]",129.28175957054054,0.025832631239609327,0.012221784410940018,True,6.953039641439951e-09,0
123,1,16.141869431325286,16.141869431325286,5.144756717005647,0.9094730905374331,"[0.5825386188372788, 0.9574804113159656, 0.052844996488451694, 0.2751210094128527, 0.11184932376219718]","[-16.02872409791998, -1.75533291100467, 33.46415238283985, 32.07926547025478, 36.62296023032705]",61.23864118088203,0.028262628125958145,0.013578584388596937,True,7.255330959285433e-09,0
124,1,16.09566835927769,16.09566835927769,5.143145914018804,0.9091883381086451,"[0.5830621028267524, 0.9575377389403912, 0.05175208679166565, 0.2740733289009688, 0.11065325018762015]","[52.695091201074895, 10.552605290563243, -147.1028839424015, -46.88063220234813, -229.77242865783072]",281.9938850866973,0.027570775004278403,0.013406584359472618,True,7.069336433081219e-09,0
125,1,16.124870471193095,16.124870471193095,5.145519601443551,0.909607950727259,"[0.5826883706716407, 0.9574628961452201, 0.052795392279631495, 0.2744058228640047, 0.11228287721720183]","[-16.6826572534259, -1.6693624769019726, 33.899016042352024, 33.996061855494, 36.67732244071706]",62.69927683679544,0.026018471864517778,0.012247531252796762,True,7.2695777505321635e-09,0
126,1,16.07747193584948,16.07747193584948,5.1442212854624145,0.9093784387186629,"[0.5832205189864158, 0.9575161459612018, 0.05171407148130556, 0.27332140646974734, 0.11111293318305923]","[-73.10729950283708, -17.509446081370488, 194.0301331352092, 86.55740251842288, 377.2041445396028]",439.4019812150724,0.025913203127856832,0.012623903130588587,True,7.135707933390856e-09,0
127,1,16.051021291322023,16.051021291322023,5.144132167772519,0.9093626847879508,"[0.5835532771560559, 0.9575958426709568, 0.05083091600440844, 0.2729274282620075, 0.10939603539622783]","[0.19614695522475273, -0.40253626311892726, -3.523941356590928, 10.314560205067949, -15.805002583835272]",19.204346660453528,0.026858362471102737,0.013300159393111244,True,6.523773775531094e-09,0
128,1,16.03269632685908,16.03269632685908,5.146606114448546,0.9098000209056788,"[0.5835328498060728, 0.9576377640411773, 0.051197910145757086, 0.27185323809174033, 0.11104201720049912]","[4.631208191627422, 0.6271793271733137, -15.851136144202009, 6.572976437598998, -32.406873580961474]",36.96632839255622,0.026562165592622478,0.012438409408787265,True,7.004601405846689e-09,0
129,1,16.041945133301816,16.041945133301816,5.150448898177744,0.9104793355140661,"[0.5832822862043906, 0.957603831575908, 0.05205550876769462, 0.271497618438762, 0.11279533569271977]","[-39.004695602853275, -2.4109732095708543, 85.60812614287588, 66.70289894248229, 120.09771756700928]",166.51927463425724,0.025757306211744435,0.012745012492814567,True,7.239973185205195e-09,0
130,1,16.002650990642017,16.002650990642017,5.148222211285607,0.9100857091638139,"[0.5837507568446608, 0.957632788862863, 0.05102730195703691, 0.2706964751586392, 0.11135288744965517]","[1.5528684991987334, 0.040600479716930135, -7.444807261807182, 10.368123898583233, -17.808205458836014]",21.96516284894568,0.025488946863333695,0.01232742811407661,True,7.02136990649721e-09,0
131,1,15.99432562664563,15.99432562664563,5.153182928486269,0.9109626483568481,"[0.5836093630831115, 0.9576290920562429, 0.051705176035427874, 0.26975242352839063, 0.11297438286769439]","[23.076425490749145, -3.0529604536290393, -45.58800775745261, -28.83941887154087, -66.43441710042212]",88.68682139177233,0.028084428122383542,0.013580184378952254,True,7.293047350927229e-09,0
132,1,16.037044614020893,16.037044614020893,5.1487773327818305,0.9101838417074043,"[0.5830889604995405, 0.9576979401760805, 0.05273324327341252, 0.27040278890215497, 0.1144725630044297]","[-167.61457598102945, 7.833501121636862, 335.496109943273, 281.34623867495606, 490.7508319841054]",678.7530734500056,0.02648056564066792,0.012661665627092589,True,7.435251890737515e-09,0
133,1,15.991469969105138,15.991469969105138,5.153146827750926,0.9109562665881563,"[0.5835828501997486, 0.9576748581410134, 0.05174467726003891, 0.26957377979802083, 0.11302652658506157]","[18.090746523330285, -3.3318691385082118, -33.33681588189258, -21.443853124238515, -42.12266156361385]",60.694952087363916,0.025572974991519004,0.012621978094102815,True,7.292722701765508e-09,0
134,1,16.03724821868759,16.03724821868759,5.148384907017567,0.9101144699776486,"[0.5829867298997609, 0.9577846487915985, 0.05284318099831878, 0.2702803905584353, 0.11441453860630145]","[-424.92223367137467, 9.953983552943429, 910.3464417025446, 679.8047578119658, 1305.506491136461]",1782.0971739836598,0.026033171896415297,0.012484112514357548,True,7.418643801701541e-09,0
135,1,15.992599881834725,15.992599881834725,5.152630386308984,0.9108649717767356,"[0.5834636087589774, 0.957773477702055, 0.0518215235320572, 0.2695174638586617, 0.11294940358426735]","[8.330458823366543, -3.782557261510137, -11.014792806811922, -7.6254165569531365, -11.091659168584652]",19.65201834419323,0.02742474687693175,0.013343190621526446,True,7.291789965238604e-09,0
136,1,16.0412852434726,16.0412852434726,5.147192865680029,0.9099037448493417,"[0.5826158119905194, 0.9581584312671361, 0.05294250689502114, 0.2702935079700614, 0.11407820969199191]","[-12.72434819047808, 3.4097531707798585, -12.371174255725789, 29.258736702827616, -195.02097327907018]",198.02988435633873,0.02675026562792482,0.012668000010307878,True,7.259947301316294e-09,0
137,1,16.041417114860987,16.041417114860987,5.146608937500342,0.909800519955446,"[0.5827443213640594, 0.9581239945134931, 0.05306744939343115, 0.2699980097749503, 0.11604782123736009]","[-0.838599078201817, -7.7089682585113, 2.170357640973706, 5.18760072518309, -83.58613196841932]",84.13319529793434,0.02706372812826885,0.012901484340545721,True,7.763002411904918e-09,0
138,1,16.04663102146602,16.04663102146602,5.145283636339479,0.9095662375959558,"[0.5827642563986251, 0.9583072507949435, 0.05301585602096355, 0.2698746910133901, 0.1180348165409719]","[-50.646802155795584, 47.574597812125305, -730.6093549886126, 201.45347066293434, -2008.4743143744797]",2147.8293793657467,0.027091118747193832,0.012523453129688278,True,8.169467462758317e-09,0
139,1,16.065750357992012,16.065750357992012,5.144494078003241,0.9094266620825318,"[0.5828114173161936, 0.9582629506300708, 0.053696179478689994, 0.2696871030489101, 0.11990505291418573]","[-36.26390987782421, -7.252941428713657, 151.5366422318105, 59.59787866830879, 424.06469685004157]",455.75629947831453,0.02756450000742916,0.013327259381185286,True,8.241630038152703e-09,0
140,1,16.035735431300555,16.035735431300555,5.145962961472212,0.9096863264479523,"[0.5829705546003924, 0.9582947787866405, 0.053031189691801976, 0.2694255690723687, 0.11804412549602597]","[16.111540287331774, 6.3196468118204265, -108.11055804207058, -7.028837537077358, -360.36931031343573]",376.6999559322092,0.025965006279875524,0.013000109371205326,True,8.160681103097644e-09,0
141,1,16.058758649242233,16.058758649242233,5.144933693559116,0.9095043758677003,"[0.5828850141588098, 0.9582612261051905, 0.05360517732487321, 0.2694628870355188, 0.11995742176610746]","[-2.891589517432637, 1.924094088667865, -14.757396482986573, 16.61476807874276, -108.91281439197063]",111.21104188004755,0.026444928102137055,0.012460681275115348,True,8.23787133560211e-09,0
142,1,16.07165911850171,16.07165911850171,5.142099326320667,0.9090033257940303,"[0.5829370160008666, 0.9582266235323502, 0.05387057177192409, 0.2691640899413145, 0.12191609084338245]","[7.269286566609551, -4.777078469530469, -19.45406938148693, -10.085300062054976, -18.145701788987918]",29.750690616317033,0.027159328121342696,0.012443803119822405,True,8.496271798087707e-09,0
143,1,16.12110691125852,16.12110691125852,5.142092087250438,0.9090020460951181,"[0.5824483358112121, 0.9585477642097872, 0.05517837800954893, 0.26984207756800743, 0.12313594163759735]","[325.0795551137348, -43.377117226177646, -702.4333175602786, -603.362672010351, -884.1209426815487]",1321.622946355774,0.028068087493011262,0.013085478160064667,True,8.828495652417334e-09,0
144,1,16.186507499448766,16.186507499448766,5.135653880807545,0.9078639212365059,"[0.5819563958732595, 0.9586134064072773, 0.056241363968587595, 0.2707551408190256, 0.12447387382940553]","[7.876534530592197, -2.856657649735782, -21.387147048596976, -6.939540577299717, -30.910802809762423]",39.131129574620275,0.028078646879293956,0.013444071868434548,True,8.90621331805369e-09,0
145,1,16.234627325331793,16.234627325331793,5.1326125693640945,0.907326288250165,"[0.5815538245896797, 0.9587594107613922, 0.057334465408824156, 0.27110982215087365, 0.12605373125468264]","[-0.94326682497416, -3.1161145384729623, 2.4407167073572005, 7.699870637627003, 6.732302559566873]",11.007675765359966,0.02713280002353713,0.012712915595329832,True,8.92062252278586e-09,0
146,1,16.183203953766196,16.183203953766196,5.133392625242175,0.9074641839504388,"[0.581725208057906, 0.9593255819685775, 0.056891008177858804, 0.26971082188940915, 0.12483052979009351]","[4.151720133169869, -3.1086247631652437, -9.679654337848268, -0.2548130175561827, -8.862258266815155]",14.113843818896632,0.026604153150401544,0.012427715635567438,True,8.897634012385025e-09,0
147,1,16.226738306421545,16.226738306421545,5.12988197740946,0.9068435832282211,"[0.5811368892149106, 0.9597660891476045, 0.05826266206058105, 0.26974693012764783, 0.1260863546922115]","[-2.07964011915666, -3.4853325783709, 6.896146764711739, 8.967401189821146, 8.248914981910945]",14.576973927585389,0.02795596564101288,0.013154521846445277,True,8.920523113589707e-09,0
148,1,16.168549756435276,16.168549756435276,5.131691965879497,0.9071635470084793,"[0.5814222214284887, 0.9602442861445184, 0.057316492190415, 0.26851657858366434, 0.124954581386953]","[3.8970289030483887, -2.860743703594081, -9.01443690459724, 0.44275979964212286, 25.64045301203691]",27.609049755804058,0.028158337518107146,0.012811356216843706,True,8.913128750689947e-09,0
149,1,16.159405127069732,16.159405127069732,5.132878384602112,0.9073732781895012,"[0.5811399205932642, 0.9604515184635437, 0.05796949814201431, 0.2684845050567924, 0.12309718656620457]","[13.643111515232444, -4.691243385450303, -29.690150237197365, -18.445360022195782, -18.89055357246579]",42.269748024427216,0.025987343760789372,0.012184740640805103,True,8.847868855979546e-09,0
150,1,16.227185155744603,16.227185155744603,5.126565635435546,0.9062573312535991,"[0.5804943945538364, 0.9606734854070244, 0.05937429242748473, 0.2693572502650723, 0.12399099617969468]","[15.39801750160636, 1.1807633870558651, -50.17367239876115, -16.283365455735993, -297.77121443178436]",302.8014773442807,0.027403731241065543,0.012482237470976543,True,8.900730394910406e-09,0
151,1,16.25481626175521,16.25481626175521,5.124947868126404,0.90597134769493,"[0.5803926908393328, 0.9606656864795066, 0.059705688911006825, 0.2694648016918255, 0.12595777135557826]","[-3.319224459355094, -3.5358800531824093, 10.709221361908073, 10.896133517087653, 12.213277486960639]",20.15184839006395,0.02864543124451302,0.012927234376547858,True,8.906644806232211e-09,0
152,1,16.1962804353972,16.1962804353972,5.127312910816537,0.9063894321259272,"[0.5807221121802383, 0.961016610125275, 0.05864283639702533, 0.26838339880454304, 0.12474564656682921]","[3.5790985994263766, -2.8423782479129747, -9.193221087734228, 1.118249292947084, -39.305069010873396]",40.639184370349795,0.027380340645322576,0.012364828107820358,True,8.901944974562537e-09,0
153,1,16.219519865878937,16.219519865878937,5.127099772873904,0.9063517543047862,"[0.5805459719030751, 0.9611564937519708, 0.05909526777476801, 0.26832836574665836, 0.1266799899656393]","[-5.008783470658647, -2.3995514408358654, 0.4855247429679521, 16.90558806934554, -49.78914583503266]",52.87569804930941,0.027024790593713988,0.012513306261098478,True,8.913911336491664e-09,0
154,1,16.223456621532574,16.223456621532574,5.128825880827329,0.906656889964518,"[0.5807354269327144, 0.9612472557288075, 0.05907690301511959, 0.26768891932069305, 0.12856324248696432]","[-2.3898218358941175, -2.9221680418759397, 8.549114295118674, 9.455962140145903, 42.05421458476589]",44.10566691526939,0.028610996865609195,0.012793606249033473,True,9.14792596014291e-09,0
155,1,16.187732297667974,16.187732297667974,5.127461039045812,0.9064156177447786,"[0.5808437949499323, 0.9613797633291312, 0.05868923789665088, 0.26726013260001624, 0.12665626692010112]","[-4.1397520637471255, -4.323356500115718, 3.0039100988417284, 12.483356188090223, -74.81923875560014]",76.14857256800381,0.028165918789454736,0.013337684387806803,True,8.896046134118651e-09,0
156,1,16.195293794685846,16.195293794685846,5.130390354613422,0.9069334524703018,"[0.580952523240538, 0.9614933138883672, 0.05861034186491976, 0.266932264177354, 0.1286213527052037]","[-9.84629863398904, -6.250785292008042, 33.53181529105394, 21.107196725660458, 286.592722414093]",289.55363379623975,0.02898763750999933,0.01267428751452826,True,9.129191008185045e-09,0
157,1,16.168639838296365,16.168639838296365,5.128836742063488,0.9066588099779529,"[0.5810205334292196, 0.9615364892076339, 0.05837873147308102, 0.26678647290235696, 0.1266418042626186]","[-3.739376983716765, -4.850594794977463, 4.420905798044912, 10.868313976006126, -71.10060837433068]",72.32200479831566,0.026296059382730164,0.012571065642987378,True,8.893691781294844e-09,0
158,1,16.179768285586626,16.179768285586626,5.1288902670215215,0.90666827194315,"[0.5811239425366992, 0.9616706280443112, 0.058256475299173445, 0.26648591945375816, 0.12860802764294732]","[2.367147547646866, -3.6217510367626318, -1.7209166977141823, -0.011266455045336077, 21.786760732205565]",22.278803659543232,0.028314296883763745,0.012387596856569871,True,9.137319241514508e-09,0
159,1,16.162922731066832,16.162922731066832,5.128292348236137,0.906562573836214,"[0.5809114403230512, 0.9619957578036957, 0.058410964447148835, 0.2664869308595066, 0.12665219903884764]","[-4.731890595419091, -19.330829750293564, -28.494219489121097, -0.03552616930293573, -652.2328031678585]",653.1581914835389,0.027288668738037813,0.01339165309764212,True,8.893361038049552e-09,0
160,1,16.18266404005405,16.18266404005405,5.130100451854462,0.9068822044186153,"[0.5809259295866235, 0.962054949680954, 0.05849821503930434, 0.26648703964224796, 0.12864936545785993]","[2.6035129208069696, -3.1580003233363385, -3.865533980909222, -0.13197831645519775, -10.99094131877529]",12.34956711295345,0.028720259375404567,0.012647618750634138,True,9.147016143649933e-09,0
161,1,16.221173706311333,16.221173706311333,5.129025649862163,0.9066922044743184,"[0.580504293282001, 0.9625663846639289, 0.05912423438803789, 0.2665084133981436, 0.1304293373738564]","[32.23324174636522, -1.0783173861070752, -32.86094159011822, -57.445676217891474, -1006.782220381578]",1009.4703715893028,0.02913031872594729,0.012254446897713933,True,9.506091049743537e-09,0
162,1,16.26906469847488,16.26906469847488,5.107460968059783,0.9028800712901702,"[0.5804404315924389, 0.9625685210661779, 0.05918933969972396, 0.26662222689447707, 0.13242401150935482]","[18.575421417287824, 1.282175083088564, -91.87121907943921, -19.61269235768959, -277.41039355499674]",293.4760557571459,0.027714671865396667,0.012264228105777875,True,9.52436848139504e-09,0
163,1,16.328327556567995,16.328327556567995,5.094037115399796,0.9005070469787887,"[0.5803138425842194, 0.9625597832147728, 0.05981542974882255, 0.26675588476518153, 0.1343145261739216]","[1.1614569473061023, -1.741462800711934, -9.033571923665033, 4.922749700113958, -42.19020700255656]",43.47682288478866,0.030488784359476995,0.01429756250581704,True,9.533509418534203e-09,0
164,1,16.37238358419742,16.37238358419742,5.080330626356942,0.8980840591416736,"[0.5802604137975595, 0.9626398931531317, 0.060230987801323105, 0.266529430789322, 0.1362553398857877]","[-1.5011289069877345, -2.714861015583282, 15.138017015746877, 6.488463487639473, -79.52556497720909]",81.27237575506886,0.029750190609775018,0.013009715636144392,True,9.526612474580753e-09,0
165,1,16.40405421709296,16.40405421709296,5.0520541627714435,0.8930854393543534,"[0.5802973544897203, 0.9627067021024291, 0.0598584622814298, 0.26636975873772323, 0.13821235330485884]","[-142.19791480861835, -9.054160273404404, 439.52655833064506, 301.63818165380695, 1563.6069310660685]",1658.1127970621967,0.029537968774093315,0.012512446854088921,True,9.534335638702873e-09,0
166,1,16.34068311101103,16.34068311101103,5.084059991471239,0.8987433239821335,"[0.5804688722719369, 0.962717623145062, 0.05932830949675903, 0.26600592561106495, 0.13632634538810495]","[-1.4054449536102713, -2.690686576809754, 12.86395213947715, 6.845543728782446, -41.6938629771498]",44.27116458055996,0.027874006256752182,0.012323762493906543,True,9.545035390551293e-09,0
167,1,16.36675091039792,16.36675091039792,5.0591821148594,0.8943454951686951,"[0.5805323648394758, 0.9628391779585503, 0.058747165889579775, 0.2656966704200852, 0.13820991286916084]","[-2.1610578691104543, -2.0622106916819076, 3.7403723405738285, 11.777234234343, 4.375028604336996]",13.44460452360012,0.031800940618268214,0.013288953137816861,True,9.542681827894028e-09,0
168,1,16.296709211917218,16.296709211917218,5.072635015550381,0.8967236544950006,"[0.580853840694739, 0.9631459494501042, 0.05819075348879403, 0.2639447060223532, 0.13755908991690044]","[-3.337214311070199, -2.15908132388778, 7.406924855256994, 12.987315167191063, 18.387203623146497]",24.029581345991016,0.029187315645685885,0.012409840644977521,True,9.55420518047867e-09,0
169,1,16.217889299627966,16.217889299627966,5.098669251882262,0.9013259007583221,"[0.5811315995339698, 0.9633256514010213, 0.057574269601846535, 0.26286376208249407, 0.13602870922839552]","[-2.9162193440480375, -2.427187682876835, 5.377123352261441, 11.567776142221646, 26.79249483044909]",29.91588633104722,0.028739056251652073,0.012973387514648493,True,9.542258306433071e-09,0
170,1,16.14881022470789,16.14881022470789,5.114211509604735,0.9040734097159495,"[0.58132656078711, 0.9634879188769662, 0.057214786797788596, 0.26209040868665434, 0.13423752079205306]","[35.13791023150385, -8.804884399481425, -78.72174096225848, -69.69105236411527, -81.17411182716663]",137.67857653027062,0.02880173750600079,0.013156846871424932,True,9.534786781298377e-09,0
171,1,16.228935523189563,16.228935523189563,5.099520100759904,0.9014763110111084,"[0.5808161268311993, 0.9636158238077305, 0.05835834511957846, 0.26310278191304787, 0.1354167036957742]","[-0.35037671454196445, -2.8097610243095223, 0.592787618762768, 6.976215271540794, 17.294558452480018]",18.87162551551688,0.03148051873722579,0.013548131260904483,True,9.54908181347025e-09,0
172,1,16.168426344428134,16.168426344428134,5.113089946287833,0.9038751434592217,"[0.5808532594792837, 0.9639136000667867, 0.058295521954902584, 0.262363448116345, 0.13358384002037502]","[-21.16363173919565, -1.4313627451048094, 46.67446442482034, 47.248927234139266, 86.77828609222355]",111.3166016321239,0.027871003134350758,0.01287888124352321,True,9.533540993970913e-09,0
173,1,16.09097642038918,16.09097642038918,5.135507128098876,0.9078379787776417,"[0.5812335016251757, 0.9639393170348599, 0.05745693249492878, 0.26151453741406067, 0.13202471434066326]","[0.6076744759561392, -2.4657047447785563, 2.8788108773146366, 7.273250804993716, 9.743703518605972]",12.750547272777482,0.02856000624160515,0.012897759370389394,True,9.513983335526777e-09,0
174,1,16.03131359229816,16.03131359229816,5.137585330800125,0.908205356583325,"[0.5811381842301011, 0.9643260776486337, 0.057005373700549006, 0.2603736842963358, 0.13049635586170688]","[-20.008846349733915, -2.5706071655639446, 60.70161037848342, 40.870555022402606, 129.57970865071178]",150.17639833818995,0.02732571250089677,0.012361487526504789,True,9.310835882674062e-09,0
175,1,15.98445792574127,15.98445792574127,5.133849336278096,0.9075449198180744,"[0.5814046554808571, 0.9643603121514449, 0.0561969695698096, 0.2598293836542323, 0.12877065581717603]","[63.598224451690236, -15.3176898678306, -131.0986160050375, -129.66815393608292, -171.46581563630195]",260.1548941914122,0.028480865657911636,0.0138218125430285,True,8.898981402466477e-09,0
176,1,16.041000318467894,16.041000318467894,5.135737085754736,0.9078786299321029,"[0.5809157296457378, 0.9644780703809441, 0.057204820038369894, 0.26082623711984637, 0.13008883832662738]","[-10.628502862473361, -2.754704616918738, 18.433527543748774, 26.983914689395725, 85.80576738033913]",92.4722108312745,0.028571790615387727,0.012408240618242417,True,9.160314747187759e-09,0
177,1,16.001593919664323,16.001593919664323,5.132475843280776,0.9073021182649952,"[0.5811456041727295, 0.9645376494608023, 0.05680613750709175, 0.2602426257960436, 0.12823302096034914]","[-10.692962619618116, 1.4732988565205034, 16.62691350597307, 33.9293691340291, 56.72229558591349]",69.00424058135292,0.026797112506756093,0.012259646849997807,True,8.901931857450973e-09,0
178,1,15.954643729121006,15.954643729121006,5.132265937575394,0.9072650118280737,"[0.5814555260711339, 0.964494947770469, 0.0563242276022612, 0.259259226258633, 0.1265889974885389]","[1.2077122618344582, -2.5935084459870876, 8.081829992564368, 6.605837611362254, 80.41950317588444]",81.14452792763835,0.026800903084222227,0.012254146859049797,True,8.888719302269088e-09,0
179,1,15.919202252969175,15.919202252969175,5.136136026771629,0.9079491534066874,"[0.5814257591283057, 0.9645588709581981, 0.0561250316688109, 0.2590964096700105, 0.1246068674489974]","[12.871268545105348, -4.341794917065692, -28.026047481927, -16.81826426720299, -20.414172035793126]",40.860402682667456,0.027844525007822085,0.013002062514715362,True,8.858412127096815e-09,0
180,1,15.985779025795448,15.985779025795448,5.129778917937374,0.9068253647153267,"[0.5807957472977934, 0.9647713894177287, 0.057496826641019017, 0.2599196156671421, 0.12560608286025193]","[3.99414699170999, -3.22525542334458, -8.450487504035031, 0.16280045942380417, -0.3797585578775693]",9.896309531584068,0.030538690647517797,0.013942915633379016,True,8.879519321214335e-09,0
181,1,16.028972201992765,16.028972201992765,5.123913930500846,0.905788571618341,"[0.5799885480123307, 0.9654231991479569, 0.05920463246019058, 0.2598867144206951, 0.12568283037034692]","[-1.441834565164626, -3.017061045575224, 3.591417575117043, 10.308626541395299, 16.77498642937812]",20.29156907044574,0.02700406248186482,0.012587425015226472,True,8.905154014367256e-09,0
182,1,15.974319612594243,15.974319612594243,5.128107332879705,0.9065298674329249,"[0.5801306597002034, 0.9657205700447025, 0.05885065120201662, 0.25887066420741695, 0.12402943566535253]","[9.265244166657522, -3.9070348553629475, -18.372568161272437, -9.838637426108383, 31.70985164213888]",39.25524690074286,0.02883755309449043,0.013633653121360112,True,8.831222437361008e-09,0
183,1,15.99932382235514,15.99932382235514,5.120147980789033,0.9051228394736335,"[0.579658608451113, 0.9659196280134444, 0.05978670788800612, 0.259371929042191, 0.12241386301482203]","[-10.358536601414553, -3.1528037082432894, 23.616588610588195, 24.49823973661919, 54.79112117563379]",65.40040840257173,0.03155833128403174,0.014125171845080331,True,8.480183194548019e-09,0
184,1,15.952892548176155,15.952892548176155,5.1250812609422916,0.905994928436099,"[0.5799753812925759, 0.9660160434269014, 0.0590644925628401, 0.2586227520772569, 0.12073830402327783]","[5.026534030464267, -8.06511877721559, -5.586096740769373, -5.801785267997035, 47.00728916628626]",48.629853064820644,0.028283834384637885,0.01281135312456172,True,8.216232865072837e-09,0
185,1,15.950558379988589,15.950558379988589,5.126056509806628,0.9061673297074282,"[0.5797686550240979, 0.9663477375723186, 0.059294231967284054, 0.2588613621039063, 0.11880503520987377]","[-19.83639402824665, -2.502978334811279, 52.66891501188879, 38.355540603911514, 98.14666644033689]",119.48923660935748,0.026009575005446095,0.012414990604156628,True,8.176799832712578e-09,0
186,1,15.905995324521237,15.905995324521237,5.130195704200517,0.9068990428135703,"[0.5801006747873998, 0.9663896321965679, 0.05841266444696192, 0.2582193705456376, 0.11716226521276711]","[-28.219611443434243, -4.938826670808583, 75.85838515951673, 46.02670412941514, 121.52369688185566]",153.17212368692333,0.026040728109364863,0.012227493731188588,True,7.71635389005404e-09,0
187,1,15.863155747970776,15.863155747970776,5.133867850623949,0.9075481927229498,"[0.5804691440723322, 0.9664541194746953, 0.057422165871462996, 0.2576183903800405, 0.1155755052468421]","[-0.8957452543476869, -0.3095526718588417, -7.559941062453841, 14.611205435798844, 2.3512677672525113]",16.64531993340937,0.027138524994370528,0.013443875017401297,True,7.225631503716967e-09,0
188,1,15.840957903949182,15.840957903949182,5.135231254173336,0.9077892106967662,"[0.5805767713522977, 0.9664913134334872, 0.0583305222253503, 0.2558627971570356, 0.11529299126975813]","[-4.699347093427552, -1.2276504429782134, 6.6391420538094295, 18.011727681542396, 21.0381335087297]",28.891081522339856,0.029168375025619753,0.014533262474287767,True,7.186456056976209e-09,0
189,1,15.795827248081524,15.795827248081524,5.139605087705319,0.9085624025343277,"[0.5809020860754334, 0.9665762981677545, 0.057870924196910555, 0.2546159260305953, 0.11383661564105528]","[-23.078005825325427, -2.178426022242476, 52.00614445546818, 43.04129714670985, 58.13565441170238]",92.0558880674095,0.025715806252264883,0.012574103100632783,True,7.0160493101031896e-09,0
190,1,15.74689741323002,15.74689741323002,5.141597844567616,0.9089146755069744,"[0.5814034772696213, 0.9666236265042238, 0.056741042218762215, 0.25368081371893686, 0.11257356434403232]","[45.34031403224553, 10.992014005284014, -174.67740015544018, -45.86043931942516, -445.4774696853884]",482.95146595218614,0.02789160625252407,0.013582531239080708,True,6.6501875898433704e-09,0
191,1,15.769860692725016,15.769860692725016,5.140951572473449,0.9088004296619051,"[0.581215713830731, 0.9665781063442069, 0.057464416770739955, 0.2538707311021626, 0.11441837692289535]","[-7.748515726243982, -1.103866227973462, 28.94926366860432, 12.912192265443231, 73.35195195342513]",80.29041940381707,0.02792640627012588,0.013497884356183931,True,7.095457218303514e-09,0
192,1,15.744072986675937,15.744072986675937,5.141723372425583,0.9089368659068734,"[0.5814087260427404, 0.9666056031797237, 0.056743302996937264, 0.25354909391652675, 0.11259121117890811]","[27.438417499872234, 5.789682543371558, -103.01507306086494, -22.787910924075707, -255.60909321445772]",277.94565993155317,0.026043237470730674,0.013562546882894821,True,6.645076910602454e-09,0
193,1,15.766904926558976,15.766904926558976,5.141036638092545,0.9088154672809322,"[0.5812112887630467, 0.9665639426440292, 0.057484563523083725, 0.2537130677733562, 0.11443048503752122]","[-9.46013840356989, -1.2639383631019894, 33.508927089944194, 15.162041413561566, 81.87536014941854]",90.2629605815318,0.03205680000974098,0.016307390629663132,True,7.091388496381634e-09,0
194,1,15.740237094793894,15.740237094793894,5.14189581475198,0.9089673496914632,"[0.5814209016173674, 0.9665919483366178, 0.056742090046173886, 0.2533771151009486, 0.11261633315016858]","[3.9777001125714753, -0.5264732616619441, -8.827431202914687, 7.673862138645755, -26.063029770225537]",28.847746789820366,0.028766225012077484,0.013788224991003517,True,6.64434013017412e-09,0
195,1,15.745493606304082,15.745493606304082,5.141555930653005,0.9089072661036625,"[0.5811451296382651, 0.9666284484671465, 0.0573540914802494, 0.25284509003886735, 0.11442327009808433]","[-28.98853718004458, 0.946087391672879, 29.105440452344066, 55.27304718811685, -86.88918203418956]",110.87468932604402,0.02882124372263206,0.014337971886561718,True,7.044592665282623e-09,0
196,1,15.714761888612685,15.714761888612685,5.141793713756269,0.9089493006148549,"[0.5816680359454844, 0.9666113825813719, 0.05682907642714756, 0.25184805369949004, 0.11599061035511801]","[-15.827436304406806, -2.49714552961689, 35.2754322774492, 35.9645350963344, 102.41824620970098]",115.25642949308053,0.03230951876321342,0.016821950004668906,True,7.2913762180770725e-09,0
197,1,15.679928603389003,15.679928603389003,5.145674816429677,0.9096353891195669,"[0.581942683292689, 0.9666547145766554, 0.056216955568774776, 0.25122397510787997, 0.11421338635712906]","[9.35089057177857, -0.40475147269574546, -21.194929135025504, -0.11337201483039061, -39.26926226920658]",45.59512925368518,0.026603506245010067,0.013313290641235653,True,6.815063366069629e-09,0
198,1,15.708284894489001,15.708284894489001,5.141602994688947,0.9089155859284036,"[0.5815325127010212, 0.9666724687306325, 0.05714665702950032, 0.25122894809585844, 0.11593590641184176]","[-83.15523599741228, -14.671196754517174, 257.9950260001305, 146.21251054527366, 764.3427819030425]",824.1901826739,0.027297903136059176,0.012978215607290622,True,7.284798639317636e-09,0
199,1,15.679679521824466,15.679679521824466,5.145006450962133,0.909517237680964,"[0.5817342992249217, 0.9667080702145203, 0.05652060000668355, 0.25087414525151797, 0.11408113357428531]","[6.334658554684435, -0.571889648974404, -13.898642797649858, 3.87851212780726, -28.812900829113378]",32.84590292419399,0.0260142594052013,0.01304811875888845,True,6.788630184904887e-09,0
200,1,15.700552662487471,15.700552662487471,5.141520324788393,0.9089009718165832,"[0.581348579363963, 0.9667428928010863, 0.05736689385522251, 0.2506379811164269, 0.11583556248401779]","[-22.305270025728426, -2.3386873683973017, 52.45416110023367, 44.032970466348026, 99.69869222163972]",123.01693080650546,0.02635886248026509,0.012399984378134832,True,7.2121450088100114e-09,0
201,1,15.6590773507634,15.6590773507634,5.145366322650054,0.9095808546086857,"[0.5817112167648364, 0.9667809150042586, 0.05651409805295505, 0.24992209639751367, 0.11421466865148272]","[0.6533566902810528, -1.626209632090518, 3.982885822710555, 12.333162638445899, 19.416394000688967]",23.41021291798381,0.02517007502319757,0.012531034371932037,True,6.742995503974947e-09,0
202,1,15.632412158589645,15.632412158589645,5.13900014198107,0.9084554622283612,"[0.5816553986744549, 0.9669198466438569, 0.05617382897155077, 0.2488684398006149, 0.11255587177783756]","[-1.7855261158939548, -2.399303752862367, 20.489083584793157, 12.387431604417646, 40.68953704013887]",47.305752234254115,0.0254147718733293,0.012399571860441938,True,6.554415317786e-09,0
203,1,15.602207505591114,15.602207505591114,5.138915055373447,0.9084404208990516,"[0.5817308874271552, 0.9670212847835964, 0.05530758828763141, 0.24834472202765512, 0.11083559315980449]","[25.191438142173112, 6.240737824450262, -95.37484929011617, -22.100984282881555, -245.36402226988335]",265.446556150395,0.025807321864704136,0.012950178163009696,True,6.243189111521108e-09,0
204,1,15.622519195097373,15.622519195097373,5.139072473595212,0.9084682487720747,"[0.5815410832081258, 0.9669742641108483, 0.05602618754672837, 0.24851124130447916, 0.11268428184371374]","[61.937299015787765, 15.853982069249437, -248.02095351264472, -73.81405955576383, -635.7511385472312]",689.3692745476457,0.02802431562304264,0.013585846871137619,True,6.568703963573397e-09,0
205,1,15.640687471740012,15.640687471740012,5.144729754692773,0.9094683242288657,"[0.581361390549046, 0.9669282684952775, 0.05674574660649364, 0.24872539085329418, 0.1145287247628255]","[2.677961972890843, -1.1166888700294888, -5.994970275220578, 8.964773193580239, -11.959659915719673]",16.363336049641045,0.027036531253543217,0.012835946887207683,True,6.809766819014518e-09,0
206,1,15.638746356443509,15.638746356443509,5.142325728312564,0.9090433483899664,"[0.5810340780787034, 0.9670647551953702, 0.05747847864312326, 0.24762967624279714, 0.1159904878016957]","[22.307077474248107, -0.9483064806837341, -52.622876216916026, -19.625522235889644, -58.73265771589949]",84.27549049022906,0.027370162511942908,0.013619271856441628,True,7.156727803263319e-09,0
207,1,15.686358307324912,15.686358307324912,5.136101019894515,0.9079429650066386,"[0.5805046933822935, 0.9670872601128772, 0.05872730854396834, 0.24809542309568391, 0.11738431315645913]","[-8.175311481753335, -1.1148751687892122, 21.16080499710291, 21.3349306311575, 34.89206822541238]",46.78134267712098,0.02698781873914413,0.01285565628495533,True,7.212250311729174e-09,0
208,1,15.636749734833444,15.636749734833444,5.141933785834076,0.9089740620938729,"[0.5808542050043948, 0.9671349233523211, 0.05782263998228554, 0.24718331029986476, 0.11589260444405695]","[12.453960787930606, -1.1361508379026828, -29.8099693040796, -5.906258701669182, -29.86260048535078]",44.40366029442465,0.02910005939338589,0.01472777815797599,True,7.118043418574693e-09,0
209,1,15.681830334491686,15.681830334491686,5.135773453827626,0.9078850589598425,"[0.58029326202334, 0.9671860970992755, 0.05916532070300762, 0.24744933605820874, 0.11723765574328185]","[-12.439675701238455, -1.1729882179947555, 32.19132873427228, 26.89325577940905, 48.450136744987724]",65.29215906687608,0.027763846883317456,0.013806096889311448,True,7.194727635710663e-09,0
210,1,15.63235529600101,15.63235529600101,5.141655650368102,0.9089248942253532,"[0.5806743085648797, 0.9672220275458939, 0.05817925042462068, 0.24662555396359453, 0.11575355298311366]","[7.129524547308772, -1.2710602753647462, -17.12354095174304, 1.3996039155768627, -13.590276196805563]",23.071971468564787,0.026208824972854927,0.012630337449081708,True,7.071171730620163e-09,0
211,1,15.671539783931678,15.671539783931678,5.135784398512349,0.9078869937250389,"[0.5800562838280934, 0.9673322097448483, 0.05966360913877144, 0.24650422892490653, 0.11693162969968147]","[-74.92323216849253, -1.2297673071888915, 181.86702689460103, 111.72507931103982, 247.33286058183472]",335.1815266215258,0.025504984376311768,0.01247805936873192,True,7.239854651550082e-09,0
212,1,15.623186318147805,15.623186318147805,5.14151283242263,0.9088996473409237,"[0.5805033444577377, 0.9673395476630181, 0.058578423873776715, 0.24583757476626691, 0.11545581530696063]","[4.210781831179892, -0.9554603187966334, -8.532579655518932, 5.268159732774954, -11.38996251269576]",15.777618852000812,0.026356181253504474,0.012656625047384296,True,6.886237816951246e-09,0
213,1,15.64200932118893,15.64200932118893,5.136625937183037,0.9080357581502077,"[0.579969578004078, 0.9674606635712801, 0.059660029372682034, 0.24516977314399957, 0.11689962791503734]","[-28.387411867648048, -5.707170429605496, 3.194154301273776, 92.64443957956033, -95.60690709877758]",136.2801982628492,0.02618049061857164,0.012491599991335534,True,7.227870100177947e-09,0
214,1,15.615188196759078,15.615188196759078,5.135339632108108,0.9078083693899183,"[0.5803861816226417, 0.967544419986406, 0.05961315309363393, 0.24381015610851223, 0.11830272107628555]","[-51.28839013837275, -0.055416615015101214, 117.8334385741978, 86.86547622686201, 147.42237850579266]",213.99577081015204,0.02518906874320237,0.012387140624923632,True,7.28161572705055e-09,0
215,1,15.56250826355317,15.56250826355317,5.141583510749773,0.908912141622025,"[0.5808655218445906, 0.9675449379089313, 0.058511884240258466, 0.242998313183789, 0.11692491460892418]","[0.6181353423001374, -3.3784413068496884, 11.90458506586775, 8.384346108586708, -18.610499212696734]",23.878087091935754,0.026123574993107468,0.012862765644968022,True,7.117079631364931e-09,0
216,1,15.53608505446805,15.53608505446805,5.138938512980178,0.9084445676572491,"[0.580813747568042, 0.9678279121098127, 0.057514770441357076, 0.2422960503872799, 0.11848370775179722]","[51.746471769632315, -3.174445079735437, -112.02628454405405, -67.70317174426104, -125.49105174502117]",188.59847932371952,0.025649256269389298,0.01232739063561894,True,7.284975902036028e-09,0
217,1,15.589377595158858,15.589377595158858,5.132791638640459,0.9073579435250698,"[0.5802650000706613, 0.9678615756376534, 0.058702757586801366, 0.24301401133783126, 0.1198144825511948]","[81.40778113852014, 7.459542009628621, -198.8390479806933, -126.0119580863201, -391.0587803417849]",463.7087683685871,0.027313300022797193,0.013349418746656738,True,7.546397070602728e-09,0
218,1,15.634813104847598,15.634813104847598,5.127789613687054,0.9064737020840157,"[0.5799138840828194, 0.9678294022455657, 0.05956036072715093, 0.24355750745730032, 0.12150113937986232]","[8.284649122648199, -7.872347695154847, -17.65773872118088, -7.417810181320451, 60.377960522478965]",64.36557333547512,0.02588735310564516,0.012183668739453424,True,8.148533390574253e-09,0
219,1,15.638395753036715,15.638395753036715,5.129533480712558,0.906781977133821,"[0.5796564592299609, 0.9680740158576904, 0.06010903101177262, 0.2437879974474242, 0.1196250445237861]","[-17.570399833780833, 0.9009522773044866, 37.85610342617952, 40.1319318773883, 44.434528558472294]",72.99050976917158,0.026418746892886702,0.012528990620921832,True,7.614095933611287e-09,0
220,1,15.580726348090923,15.580726348090923,5.135151072983892,0.9077750365310714,"[0.5801379026364833, 0.9680493290242885, 0.059071742642493416, 0.2426883495067877, 0.11840750189534344]","[201.58555578135417, -7.085389044164354, -449.8724323202823, -290.67825136499954, -530.1919771192348]",780.1727519066329,0.026787759372382425,0.012693606244283728,True,7.207269316078513e-09,0
221,1,15.634146518800296,15.634146518800296,5.129225598164811,0.9067275506744907,"[0.5796211310489383, 0.968067492665679, 0.06022500627857986, 0.24343351331994126, 0.11976666747969085]","[-27.827208457046325, 1.4960028257130922, 62.140965132339296, 56.80536534681824, 76.03959000603896]",116.82020323136345,0.025849165620456915,0.012036146901664324,True,7.64628103975401e-09,0
222,1,15.578218214660406,15.578218214660406,5.134982058470795,0.907745158703989,"[0.5800975419382721, 0.9680418806091285, 0.059161132677731265, 0.24246098692852883, 0.11846484488561795]","[111.37625158648613, -4.652998782122693, -247.3265752833274, -156.0617086383457, -287.84310555119833]",425.2124939050831,0.025170949986204505,0.012353162506769877,True,7.205981271754536e-09,0
223,1,15.631648117052702,15.631648117052702,5.129025437981854,0.9066921670188176,"[0.5795736803246899, 0.9680637661315382, 0.06032444080638637, 0.24319502795918968, 0.11981872375642448]","[-36.14965076321072, 2.4603694665177165, 79.26019277617429, 69.8913713193964, 88.77144094062781]",142.6891773706447,0.026516978126892354,0.012315321873757057,True,7.657141041887694e-09,0
224,1,15.574702328062315,15.574702328062315,5.134823357366536,0.9077171040472382,"[0.5800803711814051, 0.9680292804121328, 0.05921349190001297, 0.24221539695133323, 0.11857446063043538]","[106.89420840651034, -4.775977289054561, -237.23228595691043, -149.76478295512243, -274.93031938723635]",407.1173172222278,0.02546489064116031,0.012300618749577552,True,7.249685635667136e-09,0
225,1,15.62826405109869,15.62826405109869,5.128832126614616,0.906657994074154,"[0.5795552438832808, 0.9680527428249902, 0.06037891658680826, 0.2429511297566907, 0.11992508025655405]","[-61.93285141276745, 4.567107343637854, 136.7508414405011, 111.12231418076065, 152.2163458289449]",240.98820268779536,0.026125699980184436,0.0121202468581032,True,7.69258639773951e-09,0
226,1,15.571875159636182,15.571875159636182,5.134709124329124,0.9076969103083906,"[0.5800692346157877, 0.9680148396638173, 0.05924399927621197, 0.24202890773137223, 0.11866181222823888]","[107.5465401512922, -5.005059339349922, -238.69848495351775, -151.0690444032569, -275.4944666683645]",409.00774195412055,0.026790328105562367,0.012445462511095684,True,7.289398979391792e-09,0
227,1,15.625569146989552,15.625569146989552,5.128697697656353,0.9066342301671602,"[0.5795433446185119, 0.9680393138183427, 0.06041120693742885, 0.24276761768185445, 0.12000894793452874]","[-128.4297415241442, 9.937922079070681, 285.32281072200755, 217.26981914013243, 316.2161617863604]",495.1776473202301,0.026593353126372676,0.012277746864128858,True,7.711150714490023e-09,0
228,1,15.5696477160989,15.5696477160989,5.134627742244572,0.9076825238524272,"[0.58006206650436, 0.9679991750029788, 0.05925880107958966, 0.24189007476239716, 0.11873176523657378]","[113.37868284952411, -5.394447792854206, -251.74130187183815, -160.13284194976254, -289.659255667732]",431.04816473881766,0.025773059343919158,0.012299725000048056,True,7.314320002102526e-09,0
229,1,15.623470888387386,15.623470888387386,5.128604333427652,0.9066177255473514,"[0.5795360061142504, 0.9680242044462481, 0.06042684364403853, 0.24263306756482061, 0.12007574152211287]","[-563.7275145112552, 41.87632494651615, 1255.0260393266349, 910.2644918266736, 1450.1351510517216]",2196.8400255804327,0.02588882811687654,0.011929756255995017,True,7.726697340976196e-09,0
230,1,15.56856057569058,15.56856057569058,5.134581404593825,0.9076743324356603,"[0.5800492228327614, 0.9679860803002395, 0.059284269742696336, 0.24180436408051864, 0.11875554056604377]","[97.57783423642344, -4.941942777387823, -216.10960287315004, -136.38456396629616, -246.60300694138334]",368.32459774970937,0.025498084381979425,0.01222563126066234,True,7.319043016616733e-09,0
231,1,15.622449423501893,15.622449423501893,5.12855170377368,0.9066084218510477,"[0.5795193758725946, 0.9680129150150946, 0.060457743380856216, 0.24254493131278698, 0.12009459317587404]","[611.0392655723341, -51.77594981119121, -1371.8941440483127, -962.4754285423961, -1457.0055453208652]",2303.7724247780425,0.026838500001758803,0.013081409386359155,True,7.728370062833056e-09,0
232,1,15.680554309492148,15.680554309492148,5.123137958556299,0.9056513978623412,"[0.578988907446981, 0.9680578638557477, 0.061648741353826475, 0.2433804959876569, 0.12135947987184238]","[-19.10971638138351, -7.375991886887831, 42.798875244241756, 40.235929090275704, 169.2498026180997]",180.3212575230328,0.026426659358548932,0.012453125011234079,True,8.204731427249867e-09,0
233,1,15.643927235523458,15.643927235523458,5.128089399262355,0.9065266971873149,"[0.5792008593448745, 0.9681396733105858, 0.06117404551561075, 0.2429342265944334, 0.11948227687379272]","[562.2637384358002, -35.010188708216866, -1259.254231106962, -862.1860056402252, -1425.4423821056241]",2162.9466328272583,0.02624703433684772,0.012036396874464117,True,7.604578159889352e-09,0
234,1,15.70016750799926,15.70016750799926,5.122655051869957,0.905566031214193,"[0.5786809540176676, 0.9681720459897605, 0.06233843321893598, 0.2437314593994914, 0.12080033286322019]","[-8.74126785905395, -5.771692594490859, 29.871179527400045, 19.363856437069636, 69.86024842791981]",79.10387355922154,0.02574322811415186,0.012146824999945238,True,8.166694267890129e-09,0
235,1,15.658196530188668,15.658196530188668,5.127849722554286,0.9064843279309229,"[0.5789019613455173, 0.9683179729168432, 0.06158319385623501, 0.24324187891333915, 0.11903404139647589]","[-302.3676746189622, 13.361089904203924, 679.1892004149689, 473.42084550867037, 788.2766296390454]",1182.543885500859,0.027510459374752827,0.012577109373523854,True,7.571018562080312e-09,0
236,1,15.604268151632926,15.604268151632926,5.133662736491965,0.9075119333245392,"[0.5794133464675851, 0.9682953757175883, 0.060434502110005686, 0.24244119683918888, 0.11770085344581559]","[11.740147328841687, -2.214239055662209, -16.29947350226235, -8.06251406603191, -9.04307735938718]",23.562430510079057,0.02534004060726147,0.012467415654100478,True,7.246880706635039e-09,0
237,1,15.660262805073923,15.660262805073923,5.127868449210971,0.9064876383674056,"[0.5784168323496276, 0.9684833222925073, 0.06181801587736498, 0.24312555018399692, 0.11846843787265433]","[-48.02536142041401, -0.0034690880046392703, 110.32278029707764, 82.62292440796703, 136.97655318121082]",200.16661800410913,0.025913640616636258,0.01238042501063319,True,7.511031051461725e-09,0
238,1,15.607580104770914,15.607580104770914,5.133364009738176,0.9074591253962075,"[0.5788966862023733, 0.9684833569545108, 0.06071570639742701, 0.24230000869030133, 0.11709981252896476]","[14.192607459002307, -1.075132678949218, -15.479421013539884, -16.713712563283316, 9.388039689514466]",28.45491114969516,0.024708834338525776,0.012202790610899683,True,7.170586474418428e-09,0
239,1,15.661291523252746,15.661291523252746,5.130471444885593,0.9069477873406369,"[0.5778991355592636, 0.9685589244144305, 0.06180370283723748, 0.24347475933174728, 0.1164399587947678]","[1.425745356733008, -1.64752862788169, -10.659053083220948, 13.246006983184284, -8.95855987721181]",19.341018822828687,0.025590143748559058,0.012071987519448157,True,7.159341831181054e-09,0
240,1,15.658512755333234,15.658512755333234,5.128460357911501,0.9065922740314026,"[0.5777517032683673, 0.9687292906855032, 0.06290592533961038, 0.24210502725053296, 0.11736633810899241]","[8.808969874297087, -1.6544432117482246, -14.105152161525636, -2.793424648735451, -5.688724309484346]",17.873311266367114,0.027017796877771616,0.012722331244731322,True,7.262419656969832e-09,0
241,1,15.709701912649773,15.709701912649773,5.123546577366391,0.9057236321452252,"[0.5767659911367401, 0.9689144207027673, 0.06448427329657555, 0.24241760779108848, 0.11800289886982589]","[5.989778162153665, -1.6072268738954294, -10.854516975183122, 2.0110060019491245, -6.236348266406353]",14.114437440447569,0.02562115936598275,0.012165428124717437,True,7.4273008125735895e-09,0
242,1,15.747024998956661,15.747024998956661,5.118532693335822,0.9048372942957006,"[0.5759172462700741, 0.969142162953291, 0.06602234621237005, 0.24213265048970234, 0.11888658244450284]","[-0.6354158246843973, -1.115202603874506, 2.4276096975081267, 12.90554644088506, 8.405903574631763]",15.644585734535491,0.02554606564081041,0.012292571875150315,True,7.60612112443021e-09,0
243,1,15.696678200846838,15.696678200846838,5.122291178433302,0.9055017068705548,"[0.57599847767312, 0.9692847301804105, 0.06571200118456992, 0.24048280860075144, 0.11781197379500202]","[-1.3336578771654863, -5.844570207840713, 63.56720234732968, 3.205154565049427, 22.348712662808847]",67.72344373985061,0.026450353128893767,0.01231239375192672,True,7.317412141494284e-09,0
244,1,15.650592024269109,15.650592024269109,5.124468068731756,0.9058865303435387,"[0.5760378630854233, 0.9694573312734738, 0.06383474276898861, 0.24038815438980157, 0.11715197449702397]","[4.4758644178079106, -1.6498732359290107, -2.240658464090928, 3.3837292476618535, 9.455932503617808]",11.341969734944373,0.02571268437168328,0.012289324986340944,True,7.223465592169631e-09,0
245,1,15.644438697404457,15.644438697404457,5.125065495325132,0.9059921414423983,"[0.5752486061006117, 0.9697482636731081, 0.06422985199891186, 0.2397914803858253, 0.11548455116161327]","[-1.564656757010846, -1.4334220906478017, 5.434428427981287, 14.500014975478486, 3.0536242751922944]",15.92516616865306,0.02590284684993094,0.012233915615070146,True,6.892111282727487e-09,0
246,1,15.585729605662872,15.585729605662872,5.1268216901318056,0.9063025957566191,"[0.5754451072536096, 0.9699282834073296, 0.0635473563351194, 0.23797046139977418, 0.1151010544693136]","[-3.251980165879524, -2.4835870240388056, 22.19225220078965, 13.801335965992624, 40.78424682858824]",48.61143179407609,0.025143893748463597,0.012118271850340534,True,6.725678888819253e-09,0
247,1,15.55025075551237,15.55025075551237,5.126953961507219,0.906325978253247,"[0.5755789021263708, 0.9700304645993796, 0.06263430969644633, 0.23740263875162948, 0.1134230850978079]","[-10.16430522140907, -3.3877842479812554, 33.98768760965002, 24.676345198949114, 26.758930219678184]",50.940312628362385,0.02567999374878127,0.013023143779719248,True,6.525826161569992e-09,0
248,1,15.501711592704439,15.501711592704439,5.121622986950573,0.9053835861884126,"[0.5759779693757362, 0.9701634745505603, 0.061299897485161264, 0.2364338050745183, 0.11237248572617176]","[4.175912992272368, 1.4932337256847787, -15.538602671596237, 10.094038174201911, -25.935181767126128]",32.181352196892014,0.02614749685744755,0.01311719687510049,True,6.195514962170634e-09,0
249,1,15.506276672260901,15.506276672260901,5.12848375976819,0.9065964109342919,"[0.575718445601434, 0.970070673370765, 0.062265587340332364, 0.23580648288419326, 0.11398430002208099]","[-12.252744072145372, -4.014610056899943, 42.577406378039925, 26.90601982945126, 39.9262134869742]",65.55241255329567,0.02709428748494247,0.013077243755105883,True,6.5428474166351336e-09,0
250,1,15.461779406982288,15.461779406982288,5.12283669997193,0.9055981423653665,"[0.5760922760554085, 0.9701931588720751, 0.060966553339325186, 0.23498558190492982, 0.112766153750076]","[3.580416827913695, 1.3593857248408197, -13.814384842712029, 10.939693762013684, -22.75522206386641]",29.034144960297596,0.029234421876026317,0.0135069999814732,True,6.181280808384426e-09,0
251,1,15.463344185601805,15.463344185601805,5.129677118691257,0.9068073689810144,"[0.5758456411479445, 0.970099518385906, 0.06191814911465293, 0.234232007534023, 0.1143336338390677]","[-63.036677849813906, -19.214126676388265, 231.72591641975268, 79.64051068030685, 242.65708760932066]",351.0908413321391,0.02822047499648761,0.013666234350239392,True,6.4932624650390625e-09,0
252,1,15.42635891113615,15.42635891113615,5.123866783019976,0.9057802370424812,"[0.5762047315623253, 0.9702089722617373, 0.06059811515683245, 0.2337783328646531, 0.11295133012138643]","[2.333451507416151, 0.8568971686300526, -8.922454828434486, 12.13186853786641, -18.21206218734477]",23.762384396274477,0.027293409366393462,0.01348960315954173,True,6.253562300807813e-09,0
253,1,15.417412097119211,15.417412097119211,5.130931107664528,0.9070290450076478,"[0.5760083327945582, 0.9701368501081433, 0.06134908818035259, 0.23275723428001294, 0.1144841781624638]","[8.576676900994462, 1.3653078374114258, -22.901525150379342, 3.6355032340222913, -51.75659389107163]",57.37477844260757,0.027518828108441085,0.012690809351624921,True,6.454340397213376e-09,0
254,1,15.438092689811182,15.438092689811182,5.129374981354641,0.9067539581411219,"[0.5757093625106233, 0.9700892574942999, 0.06214740150797228, 0.23263050600906734, 0.11628833655034994]","[-6.897175908960999, -2.7956243001763035, 20.745155803529716, 21.060007305503426, 41.588746302805795]",51.56448164004571,0.027867815624631476,0.014082928093557712,True,6.635309560479308e-09,0
255,1,15.396588321735955,15.396588321735955,5.131214763601296,0.9070791887667509,"[0.5759768790526095, 0.9701976896635452, 0.061342771842616876, 0.23181366439114484, 0.11467525929332188]","[4.706693619457573, 0.3744506865957583, -11.172833223288203, 8.141305533316702, -35.8115439988723]",38.676516385909515,0.025828262499999255,0.01245053126331186,True,6.4721414755331e-09,0
256,1,15.406056715927477,15.406056715927477,5.1297524531627685,0.9068206863599302,"[0.5757334913817876, 0.9701783264570533, 0.06192052983465102, 0.23139266962254298, 0.11652710880534221]","[-9.114576723895235, -3.181349603109944, 26.732630764524743, 24.125776923225168, 49.44673988331112]",61.92627260688673,0.027851665639900602,0.014038290610187687,True,6.59887883312088e-09,0
257,1,15.3636445540359,15.3636445540359,5.131930543824848,0.9072057220292291,"[0.5760278600347052, 0.9702810728187875, 0.06105716022951447, 0.23061349219405514, 0.11493015365848865]","[2.237821304850096, -0.2699138662306089, -3.6117750926309506, 11.059669086118685, -25.552474546362713]",28.166839594536295,0.026396553119411692,0.0131759968935512,True,6.473884284555198e-09,0
258,1,15.357693281809652,15.357693281809652,5.130770888417412,0.9070007219786196,"[0.5758689624560642, 0.9703002381827478, 0.061313616058034426, 0.22982819506843288, 0.11674451941008061]","[-19.032339992087493, -4.9887239336173, 54.546534234918674, 37.24639697966177, 92.861320660676]",115.64151802840044,0.027964300010353327,0.014553084365616087,True,6.610109223870175e-09,0
259,1,15.31639015542472,15.31639015542472,5.13313108577372,0.9074179498675157,"[0.5761981234756774, 0.9703865172980453, 0.0603702432077913, 0.22918402509186456, 0.11513849897307689]","[-0.009974444141943595, -0.9422674520693193, 3.8391313263547677, 13.534007912535593, -16.168249670459794]",21.452472220344745,0.02760372812190326,0.013583712505351286,True,6.506656501786834e-09,0
260,1,15.28448083831272,15.28448083831272,5.1333697079782254,0.9074601327122526,"[0.5761990533866023, 0.970474364278323, 0.060012323497023894, 0.2279222583572064, 0.11664585434952368]","[9.268748637045674, 0.20962001544040715, -18.93181799113236, -1.2381354772368462, -8.556749558857456]",22.78416811669831,0.02695584062166745,0.013417568770819344,True,6.584166831538618e-09,0
261,1,15.330905519044364,15.330905519044364,5.129079742373209,0.9067017667696615,"[0.5753854403032397, 0.9704559637807181, 0.06167416323533117, 0.22803094220037687, 0.11739696797497229]","[-31.276321617905495, -6.817306465855682, 85.19548880080437, 54.96796482249441, 139.9452368351]",175.75295656962146,0.026754187492770143,0.012779312499333173,True,6.677662690163233e-09,0
262,1,15.287974611200788,15.287974611200788,5.132257448006072,0.9072635110700645,"[0.5757413526273131, 0.9705335420655888, 0.06070467184852117, 0.2274054282301421, 0.11580444583974588]","[-0.7618934042176562, -1.2180032450784892, 3.666084902389464, 14.961083724426524, -5.462148837873766]",16.406501397687627,0.026157040636462625,0.013348946857149713,True,6.482158708236152e-09,0
263,1,15.238858917248173,15.238858917248173,5.132914084565618,0.9073795891110721,"[0.5758342296381642, 0.9706820201859974, 0.06025776548947467, 0.22558162882759264, 0.11647029759023678]","[-3.268136087849478, -1.8810753861987768, 7.323416042193189, 19.505068802456595, 5.996483752123989]",22.005842565154648,0.02551796874467982,0.01262235312606208,True,6.514960656893443e-09,0
264,1,15.182129592585596,15.182129592585596,5.134137216537434,0.9075958103389613,"[0.5761312540377549, 0.9708529816368524, 0.059592177155814885, 0.22380891153728033, 0.11592530743736286]","[22.338381086032502, 12.239169326738297, -105.00374574751554, 1.9476598441998114, -75.07670047109823]",131.5860611495685,0.026458450018253643,0.013084559359413106,True,6.316474700056307e-09,0
265,1,15.220363847921158,15.220363847921158,5.13227447047991,0.9072665202467354,"[0.5757917290015815, 0.9706669563204972, 0.061188147805432004, 0.22377930870811788, 0.11706641159101924]","[-0.357982441910057, -1.4934942971229777, 4.427263869832063, 12.789637443115078, 16.263959546655304]",21.214394831786894,0.027102340638521127,0.01366125625645509,True,6.549674451232501e-09,0
266,1,15.180466129087097,15.180466129087097,5.132531207822107,0.9073119054256482,"[0.5758254780144316, 0.9708077564054296, 0.06077076480631956, 0.2225735578447137, 0.11553311689420147]","[-6.943742420940584, -0.9704506540913149, 16.88585935633719, 24.769679795340085, 10.375456835527038]",32.488101224786284,0.028861421880719718,0.013940590622951277,True,5.946975323647963e-09,0
267,1,15.12421397124837,15.12421397124837,5.129810774827507,0.9068309962710869,"[0.576252941741701, 0.9708674983181592, 0.05973125441825572, 0.22104871158649778, 0.11489439339580927]","[11.615407769974732, 1.6309335851157272, -26.685579849936587, 0.8752274020417727, -42.97473463448785]",51.93545661548692,0.028177749991300516,0.01348775624501286,True,5.760444655132646e-09,0
268,1,15.14782632035938,15.14782632035938,5.133287599478148,0.9074456178429531,"[0.5758056400897391, 0.9708046921471397, 0.06075889840517564, 0.22101500715953934, 0.11654932193342978]","[0.20075205353354433, 1.9814570702629044, -13.078719466589924, 19.76725030222142, -6.180843196668674]",24.575727527919277,0.02731897190096788,0.013126503115927335,True,6.336517815661025e-09,0
269,1,15.136093681693662,15.136093681693662,5.1330369077833735,0.9074013013936125,"[0.5757893026646682, 0.970643438970164, 0.06182325912053592, 0.219406326376522, 0.11705232581719235]","[-54.34865560031359, -3.965916645632689, 59.45646663669797, 141.72351113219105, -66.39485022225504]",176.06364198492074,0.027144996871356852,0.013077712501399219,True,6.3810568964178804e-09,0
270,1,15.084761128330765,15.084761128330765,5.134709344382238,0.907696949208653,"[0.5764066777795674, 0.9706884899142533, 0.06114786167940549, 0.21779641407965467, 0.11780654002602446]","[81.28990349559876, 38.68702345668089, -339.7665126633937, -48.116846935287825, -297.46651578009073]",462.9768636671238,0.025729953129484784,0.012716859368083533,True,6.41335084084621e-09,0
271,1,15.129336583938706,15.129336583938706,5.130715572224543,0.9069909433648479,"[0.5760555159402844, 0.9705213669908737, 0.06261560894423188, 0.21800427261735378, 0.11909155679089384]","[1.6888027752579096, -1.3364954078137077, 11.826444472614366, 5.359404875640947, 36.442228054449764]",38.74612586886883,0.02535626254393719,0.01241290623875102,True,6.575420690574374e-09,0
272,1,15.10198858914575,15.10198858914575,5.133678421374361,0.9075147060462152,"[0.5759683432107614, 0.9705903542962008, 0.062005150778048544, 0.21772763051415922, 0.11721047953548806]","[134.38983906903084, 16.620855442362178, -479.41843983867494, -47.091021933206235, -992.8492593596052]",1111.8210909564611,0.026002709360909648,0.012623931259440724,True,6.2860462746519574e-09,0
273,1,15.131817495305281,15.131817495305281,5.129962369542605,0.9068577946838464,"[0.5757265959725375, 0.9705604558609623, 0.06286755291043805, 0.21781234022566984, 0.11899646698874747]","[4.459448036730568, -1.4325696066344746, 16.29283685701523, -2.5945162342450296, 58.86554818985382]",61.31296554156576,0.02583328126638662,0.012327590629865881,True,6.560607441856436e-09,0
274,1,15.11468489799341,15.11468489799341,5.132558103156221,0.9073166598939317,"[0.5755811308821682, 0.9706071856054448, 0.06233608826139236, 0.21789697212077672, 0.11707630058776049]","[-997.4385631750959, -122.21096608720812, 2460.314760388678, 1360.276158223611, 3074.141578043609]",4285.284774226237,0.02613086559722433,0.012683862521953415,True,6.2933601012796214e-09,0
275,1,15.070914190616685,15.070914190616685,5.132822780720637,0.9073634487190884,"[0.5760466488655582, 0.9706642231058799, 0.061187826295146554, 0.21726211295510137, 0.11564155739564767]","[3.730295794070634, 0.20187664972898112, -6.888457142118909, 11.879863884024832, -22.454594128102602]",26.58470737195641,0.02604274062468903,0.0125551500095753,True,5.846226857654513e-09,0
276,1,15.067039404424321,15.067039404424321,5.133390689913873,0.9074638418294972,"[0.575766014157661, 0.9706490356789959, 0.06170605333789567, 0.21636837628782402, 0.11733084393268474]","[12.064699777013129, 0.7951681000999711, -38.180086324251036, 5.364248016099266, -56.12994843158299]",69.16107671555244,0.02611278439144371,0.01284993437002413,True,6.213478831278152e-09,0
277,1,15.096146576899041,15.096146576899041,5.129819533262698,0.906832544558316,"[0.5754171271723858, 0.9706260410080667, 0.06281014506511753, 0.2162132529649734, 0.11895400976804685]","[-20.040634267534617, -3.9624706222008665, 48.533389323323746, 48.04150369879043, 52.593686607407825]",88.58272982407647,0.025397662502655294,0.012283687508897856,True,6.567082750860709e-09,0
278,1,15.04018582048712,15.04018582048712,5.133597867033081,0.9075004659159719,"[0.5758695998904225, 0.9707155047360423, 0.0617143696375785, 0.21512858321515518, 0.11776656190521255]","[16.429923763310274, 1.1782143677474914, -39.06893609638942, -8.567540175644206, -30.12615013810891]",52.71337608684794,0.026430696845636703,0.013114975001371931,True,6.230453258350421e-09,0
279,1,15.08792781085571,15.08792781085571,5.1294458737297415,0.9067664902609138,"[0.5752462315925572, 0.9706708020645312, 0.06319668547450309, 0.2154536445491652, 0.1189095791950899]","[-27.80290705262506, -6.5248242544258614, 98.97126893234577, 52.65250381759462, 68.5557693034997]",134.47329366555743,0.027432506234617904,0.013680924988875631,True,6.619333758201007e-09,0
280,1,15.031785319090753,15.031785319090753,5.132999806230055,0.9073947427036265,"[0.5756597398259699, 0.9707678447423227, 0.06172470146587523, 0.21467055219852862, 0.11788996009550137]","[15.240415780844778, 1.0288403941124222, -36.78933917502979, -6.423056289086924, -28.96718189262399]",49.670288317646225,0.02776120313501451,0.01326672188588418,True,6.238149052005537e-09,0
281,1,15.078278576163093,15.078278576163093,5.1287029854887916,0.9066351649327039,"[0.575046076555764, 0.9707264179486019, 0.06320604334732427, 0.21492917990158852, 0.11905633874451556]","[-40.20764883617868, -6.2319714875314745, 84.23752973714018, 85.1114932548513, 62.24954467581153]",140.9624985809591,0.027343000001565088,0.012832671869546175,True,6.615520031089117e-09,0
282,1,15.017773862186758,15.017773862186758,5.132616412372944,0.9073269676045694,"[0.5756165495431281, 0.9708148382242103, 0.062010866891393866, 0.21372160350203478, 0.11817313157520423]","[12.006990968186907, 0.6291766876944399, -30.21126252565598, -0.8625173750574416, -24.910002853676662]",40.96994333900184,0.026254596901708283,0.013995993751450442,True,6.256890221212341e-09,0
283,1,15.059829293179028,15.059829293179028,5.128044754720002,0.9065188050726548,"[0.5750304129762043, 0.97078412416232, 0.06348566817559084, 0.21376370838696956, 0.11938914511210143]","[-30.15941697585357, -4.599795231718464, 81.88234939211962, 52.28957610246828, 97.5206797530702]",140.9962781031719,0.02699431875225855,0.013550293770094868,True,6.617745445386403e-09,0
284,1,15.008851251846536,15.008851251846536,5.132291751782817,0.9072695751783537,"[0.5754582174173055, 0.9708493712070444, 0.06232418575218073, 0.21302199269339878, 0.11800583654446649]","[9.028332389011306, 0.11210968399063995, -20.527503543263425, 2.045364230075392, -9.541875057527282]",24.456750611508895,0.028057924981112592,0.013807412491587456,True,6.182083831830776e-09,0
285,1,15.048572018143885,15.048572018143885,5.128539857667117,0.9066063277354773,"[0.5747199073668777, 0.9708402032120178, 0.06400286366557158, 0.21285472891723473, 0.11878614258010532]","[17.973030356674837, 1.931794281215302, -52.223389480094305, -6.1401347822517325, -53.91066510050333]",77.44743459185308,0.026734174993180204,0.01279075624916004,True,6.6176824818631186e-09,0
286,1,15.092755353605412,15.092755353605412,5.123274741741418,0.9056755779417786,"[0.5742557724229339, 0.9707903166201282, 0.065351478755397, 0.21301329155561083, 0.12017832981997752]","[-13.872590291564055, -2.691878423096802, 51.26837499626817, 33.00539655363124, 73.55111518554416]",96.57776137548407,0.028847971858340316,0.013801200009766035,True,6.6529245506749546e-09,0
287,1,15.043195448517835,15.043195448517835,5.128328451471416,0.9065689560468361,"[0.5745430557497339, 0.9708460619259777, 0.06428977729813477, 0.21232979266138882, 0.11865518175488987]","[11.353834662271401, 0.7405402427973793, -31.972909447976146, 1.7164886936835955, -29.043611416642776]",44.70125946228323,0.027807437523733824,0.013681034368346445,True,6.459227576416371e-09,0
288,1,15.082838468210578,15.082838468210578,5.123442416058901,0.9057052188535093,"[0.5740350685118532, 0.9708129290679022, 0.06572029222464319, 0.21225299443626974, 0.11995463558529028]","[-39.807049876303445, -4.389125425151532, 102.1682641165571, 70.82241105729415, 112.8474198645249]",172.60525459119575,0.026686612494813744,0.013265253131976351,True,6.603811380546942e-09,0
289,1,15.028232440736435,15.028232440736435,5.128414219904203,0.9065841179069449,"[0.5744963180835462, 0.9708637864469029, 0.06453645498448565, 0.21143236575697927, 0.11864705754971838]","[7.600383871019241, 0.08289558982927513, -20.943414622496032, 6.413272264610401, -15.737963352793166]",28.021650100401384,0.02719206249457784,0.013261999993119389,True,6.372678823009237e-09,0
290,1,15.059298536665466,15.059298536665466,5.124165463692156,0.9058330368246583,"[0.5739538529650742, 0.9708578699081174, 0.06603125736383937, 0.21097462881133883, 0.11977032925540612]","[68.10616455831767, 17.331475367576246, -212.79504228093478, -63.9302833825374, -240.0435028985724]",334.55720605868714,0.027537484362255782,0.013345696897886228,True,6.596444945827784e-09,0
291,1,15.109721121324812,15.109721121324812,5.1178015977120594,0.904708053627386,"[0.5735467108481224, 0.9707542614665495, 0.06730335695354583, 0.2113568072981542, 0.12120532152907873]","[-24.70635495875787, -1.1468457638891174, 63.57124321913161, 53.235870215503915, 74.32843932790914]",114.06926389481491,0.028115165594499558,0.013324084378837142,True,6.872764953501365e-09,0
292,1,15.050999310011724,15.050999310011724,5.124171070043786,0.9058340278969721,"[0.573979892480316, 0.9707743693505617, 0.06618874919597857, 0.21042341177341184, 0.11990210562692656]","[35.10921376987093, 6.824681959021024, -98.4744102127782, -28.643596974035972, -113.38280883657735]",157.0113359901687,0.02716599685663823,0.013673578141606413,True,6.6458539756467094e-09,0
293,1,15.101114554406202,15.101114554406202,5.1175695345769485,0.904667030273261,"[0.5735326736403739, 0.9706874370037227, 0.06744310971193924, 0.21078827201478506, 0.12134636833726939]","[-59.58981528873326, -2.0428935142532776, 146.77468472222654, 106.79163401452209, 171.04328448649426]",256.4335895291105,0.02732207186636515,0.013176853106415365,True,6.877210029752889e-09,0
294,1,15.043466678963156,15.043466678963156,5.124172769401347,0.9058343283037857,"[0.5739974319070107, 0.9707033701232333, 0.06629837134134453, 0.209955373062583, 0.12001235211264051]","[26.087981113744153, 4.281535752807084, -67.89709446036994, -18.44377491034617, -80.70209692825173]",110.28114537269954,0.026339846874179784,0.012872646868345328,True,6.657781731304879e-09,0
295,1,15.092857362282809,15.092857362282809,5.117353595099731,0.9046288572060943,"[0.573524314203611, 0.9706257224756993, 0.06752971681259971, 0.2102898595216753, 0.12147592227515168]","[1266.730025751797, 29.521935325604474, -3007.4648697810376, -1930.2566922897238, -3492.9569768058586]",5155.284743418115,0.026340659373090602,0.012447503133444116,True,6.872297207000111e-09,0
296,1,15.149923914264319,15.149923914264319,5.110174523894084,0.9033597647230609,"[0.5730328845003851, 0.9706142693991788, 0.06869646705801348, 0.21103870533266714, 0.12283101986942704]","[11.489789014631791, 1.3483486428099576, -30.344542550656353, 0.4356960167904158, -19.616999194456533]",37.942602002053974,0.027223809353017714,0.012999284386751242,True,7.032468286524707e-09,0
297,1,15.196997047844324,15.196997047844324,5.104652069714524,0.9023835235232711,"[0.5724272439587214, 0.9705431963271369, 0.07029596424316772, 0.21101573927373657, 0.12386505539460677]","[1.4885823215894085, -3.2015058965258865, 10.204795272718306, 8.744480276224788, 0.43439874307836135]",13.901726564028111,0.02788879997387994,0.013049990622675978,True,7.399154235490646e-09,0
298,1,15.136946847197787,15.136946847197787,5.104035243559688,0.9022744830340467,"[0.5722130860532805, 0.9710037874460242, 0.06882783073831374, 0.20975769693844523, 0.12380255974112857]","[2.6304495360355453, -4.011635412719823, 10.535257911202933, 5.57468174142055, -5.28284890227483]",13.892073702085494,0.026380218754638918,0.01242725311749382,True,7.22615931154913e-09,0
299,1,15.095561742032096,15.095561742032096,5.099564654997,0.9014841871619037,"[0.5718343881580266, 0.9715813305110065, 0.06731110139518291, 0.20895512680232764, 0.12456311558256518]","[12.153827553233457, 1.132095593917856, -53.99649138800605, -0.28953689644538017, -38.070138559796945]",67.18658741459532,0.025899521897372324,0.0123693031273433,True,7.368886960693044e-09,0
300,1,15.143757719522277,15.143757719522277,5.095390607716915,0.9007463128777184,"[0.5714725948888416, 0.971547630463498, 0.06891846064544518, 0.20896374569212642, 0.12569638161152144]","[-0.28717288717104816, -3.1312111694793816, 22.060860585965056, 12.622651006065697, 53.27571562058341]",59.11177306387106,0.0283956124985707,0.013502440604497679,True,7.858808202289291e-09,0
301,1,15.099077322542488,15.099077322542488,5.101233317031552,0.9017791677219388,"[0.5714823111559161, 0.9716535725121672, 0.06817204890909768, 0.20853666829784107, 0.12389383999051078]","[2.3602485321163855, -4.731499862106896, 13.638497711917722, 4.85344737323618, -4.424978670082363]",16.03442769642612,0.027002999995602295,0.013754300030996092,True,7.162468041409242e-09,0
302,1,15.055481208198554,15.055481208198554,5.097967513202941,0.9012018497136299,"[0.5711879135538744, 0.9722437401129561, 0.06647089711630785, 0.20793128998751756, 0.12444577470917774]","[7.490220226896426, -3.701075795020378, -3.5053833927683025, -1.555367117152463, -14.570506809999408]",17.228113924267745,0.025809737504459918,0.012086690658179577,True,7.314268196320639e-09,0
303,1,15.091907631820579,15.091907631820579,5.089247701068071,0.89966039014082,"[0.5703183789943298, 0.9726733954787233, 0.06687783468451457, 0.20811185149574757, 0.1261372549110389]","[1.519316212182588, -3.0828923084643947, 15.980020467745227, 9.690117035894373, 49.36669167710912]",52.897468901638675,0.027170587491127662,0.012333618760749232,True,7.8653104185894e-09,0
304,1,15.04958256281111,15.04958256281111,5.095649583990986,0.9007920938476089,"[0.5702609351792022, 0.9727899565306004, 0.06627364621201288, 0.20774547793433087, 0.12427075004034378]","[9.896572426314027, -3.905899381466978, -8.730380188915536, -5.780267854594636, -21.253274735837763]",25.97173304726298,0.027460709381557535,0.013057428106549196,True,7.288926089435432e-09,0
305,1,15.096416080110627,15.096416080110627,5.087574111826328,0.8993645385653807,"[0.5694988318256891, 0.9730907373351935, 0.0669459448354965, 0.20819059785327146, 0.12590739667430872]","[1.3653516937225556, -3.227883268076444, 18.476064744752012, 9.691120535881382, 51.493488153789926]",55.669969674660614,0.02784805312694516,0.012787396866769996,True,7.907623342587322e-09,0
306,1,15.053792959167303,15.053792959167303,5.0938239000266545,0.9004693554697384,"[0.569449780184322, 0.9732067023082978, 0.06628217351130158, 0.20784243454036352, 0.1240574409996857]","[12.25442647887667, -4.449181045094444, -13.196594547541018, -10.25447080275842, -25.627166985135155]",33.256911267870876,0.026057271868921816,0.012647903138713446,True,7.283845084374296e-09,0
307,1,15.10572782459303,15.10572782459303,5.086218462577111,0.8991248913711228,"[0.5687128250065062, 0.9734742666054824, 0.06707578867543099, 0.20845911663208602, 0.12559860438542217]","[5.662741051045877, 6.4730462596353515, -96.58232618760465, 24.53087038869289, -146.97185868702434]",177.77683635346014,0.02729628433007747,0.01243953124503605,True,7.875703312600069e-09,0
308,1,15.13995894127659,15.13995894127659,5.082754224617377,0.8985124948328798,"[0.5686491188323255, 0.9734014444494313, 0.06816234559891042, 0.20818314287879253, 0.12725204655146438]","[0.05225674902613964, -1.4532586351880032, -0.4691164075441421, 14.347283895061985, -3.299083206867035]",14.800786019794067,0.029490609362255782,0.013688540646398906,True,8.15530283842375e-09,0
309,1,15.101647574915653,15.101647574915653,5.080721106372161,0.8981530869083433,"[0.5686420574845089, 0.9735978203220568, 0.06822573634138654, 0.20624442369524307, 0.12769784493031155]","[-0.3426396978548871, -0.1211196630315299, -7.109762385060419, 16.251861959216924, -85.26414398183269]",87.09063129409199,0.029568728132289834,0.015245796887029428,True,8.149962351690354e-09,0
310,1,15.126131191713752,15.126131191713752,5.072646290709309,0.8967256476803347,"[0.5686499260621678, 0.9736006017845684, 0.0683890090672661, 0.20587120646814203, 0.12965590041145578]","[9.63986505966101, -1.4153391909939903, -15.929059447255973, -2.414463521609731, -49.82239957297263]",53.261301632370746,0.028757159379892983,0.01329339065705426,True,8.477623405361845e-09,0
311,1,15.165021109282748,15.165021109282748,5.075407894389972,0.8972138348527214,"[0.568287942229102, 0.9736537487842695, 0.06898715665130019, 0.20596187130161642, 0.13152676717757164]","[-1.8622958159847585, -3.068030379729964, 22.047966604948396, 17.40417822986621, 96.53407389070736]",100.60182219683497,0.02727214687183732,0.012255356239620596,True,8.797490362068283e-09,0
312,1,15.124513242678585,15.124513242678585,5.0717621741961345,0.8965693564848786,"[0.568324965332169, 0.9737147423192314, 0.06854883523478368, 0.20561587004935997, 0.1296076354604369]","[4.970127161568425, -3.8082518013346838, 8.912775134382402, 4.189480913411035, 100.64243759565487]",101.31680266322913,0.026345215643232223,0.012164243787992746,True,8.40612375280908e-09,0
313,1,15.089310977600288,15.089310977600288,5.079665707139857,0.897966516919838,"[0.5682268547121954, 0.9737899174471706, 0.0683728964980685, 0.20553316943498517, 0.12762094746892594]","[-9.315381244761078, -4.498643588056045, 51.58219786430336, 26.952787206019835, 126.13439970097373]",139.29851680645325,0.026931078115012497,0.012494615613832138,True,8.165310149375882e-09,0
314,1,15.044054586520668,15.044054586520668,5.083573211508664,0.8986572726290128,"[0.5683606017392027, 0.9738545074182795, 0.06763229711414824, 0.2051461906239577, 0.12580995331634176]","[3.5517529048875423, -2.4872529481732077, 2.927861491229476, 7.758974714610764, 21.588616319530495]",23.52963646236944,0.026433118764543906,0.012519143769168295,True,7.589854847042665e-09,0
315,1,15.004634316951828,15.004634316951828,5.089634365580882,0.8997287434155833,"[0.5680587056253025, 0.9740659218999308, 0.06738343126398626, 0.20448668407130102, 0.12397493845301064]","[-6.7516275735549875, -13.779680467776112, 70.59426218222195, 4.437106608257111, 3.319045039813904]",72.45493700754727,0.026463137517566793,0.012469081244489644,True,7.083651127476331e-09,0
316,1,14.957491144930469,14.957491144930469,5.090463311509079,0.8998752817373495,"[0.5682450732588222, 0.9744462874357162, 0.06543479214850696, 0.20436420500247696, 0.12388332164463711]","[35.75546630566183, 1.2402000208726573, -89.89276051207746, -37.96068723057038, -75.06938523178843]",128.20735639347942,0.028132418752647936,0.013071571898763068,True,6.956594031728991e-09,0
317,1,15.016850322627224,15.016850322627224,5.083763460239902,0.8986909041710055,"[0.5676872976785249, 0.9744269406516353, 0.06683709484064715, 0.2049563814313204, 0.1250543837013386]","[5.855268402679876, -2.348179244292063, -10.676678557159526, 4.132118370194462, -4.940788936837902]",13.974096621511308,0.028214199977810495,0.013033328112214804,True,7.394024225358675e-09,0
318,1,15.047546333620973,15.047546333620973,5.078784524651183,0.8978107443915369,"[0.5668492802294044, 0.9747630166510682, 0.0683651619272823, 0.20436498458015823, 0.12576151906333094]","[1.6501499958208228, -3.0576111289185373, 11.634750965726742, 10.211634203027765, 33.00066575287133]",36.616401025879846,0.02763074998074444,0.013275037526909728,True,7.636798921538401e-09,0
319,1,15.001576311494606,15.001576311494606,5.085173503630612,0.8989401669818401,"[0.5667591484879146, 0.9749300243876655, 0.06772966796067506, 0.20380722172435317, 0.12395901172632391]","[-2.132114492250112, -9.421640150875529, 44.0781483232062, 4.701023880973935, -2.8309233314305615]",45.45668407815449,0.02616026876057731,0.01259852189105004,True,7.0795538684859105e-09,0
320,1,14.955563817701513,14.955563817701513,5.084682979543049,0.8988534537546773,"[0.5668529571119022, 0.9753445570506495, 0.06579032068024201, 0.2036003864051386, 0.12408356649263731]","[27.58435165572675, 4.843351166793257, -78.11435396165683, -18.20934024080411, -62.02899984588475]",105.1921275358799,0.030073656263994053,0.014035424988833256,True,7.056085915210786e-09,0
321,1,15.01095550342243,15.01095550342243,5.078258132710813,0.8977176905638875,"[0.566328500533228, 0.9752524712400437, 0.0672754955843102, 0.20394659748893706, 0.12526291329925338]","[-0.42405867296646615, -5.1910756842924, 32.624125931423166, 9.723552727395994, 41.92809196663544]",54.25839159902012,0.028092743777961005,0.01253034376713913,True,7.44418365752203e-09,0
322,1,14.960264154103609,14.960264154103609,5.084662183659208,0.898849777527056,"[0.566344131614816, 0.9754438177039256, 0.066072948845663, 0.20358818094024628, 0.12371741625335053]","[18.81584373634987, -0.12344001726333897, -42.84782779406404, -12.989846309169963, -35.098313778229866]",59.92174310573168,0.025487506223726086,0.012320865600486286,True,6.976520307636069e-09,0
323,1,15.016712784296672,15.016712784296672,5.077962622788957,0.8976654512964743,"[0.565716117716661, 0.9754479377448612, 0.06750307505937292, 0.2040217413020012, 0.12488888797491622]","[2.4198205239653445, -5.788199188934084, 9.142760500607334, 6.284861764363603, 26.618577173032868]",29.512658113160747,0.026755212536954787,0.012349740587524138,True,7.402706618704624e-09,0
324,1,14.975051394397148,14.975051394397148,5.08451704881857,0.8988241210695556,"[0.5655521324521277, 0.9758401897180006, 0.06688349274555752, 0.2035958317319413, 0.12308501269739516]","[36.32180046047549, 9.52140697924994, -116.26396584475492, -23.014251107626784, -91.08682474426976]",154.12237193069558,0.02987629374547396,0.015456221881322563,True,6.970513577800319e-09,0
325,1,15.029128576506212,15.029128576506212,5.078448836874814,0.8977514026157789,"[0.5650807952931515, 0.9757166332626993, 0.06839221551419336, 0.20389448079656672, 0.12426701922380183]","[1.2285205986267849, -4.26873259204893, 14.782639507820239, 8.096580048262428, 0.6721878319083148]",17.443171058644285,0.02813818749564234,0.013608140630822163,True,7.297691503177495e-09,0
326,1,14.970422257900022,14.970422257900022,5.078002750589205,0.8976725449563917,"[0.5649399355154854, 0.9762060778226882, 0.06669726687701343, 0.20296614270705565, 0.1241899474769721]","[0.6917620024640674, -7.413745338735644, 26.3886796318609, 3.5101879383032184, 0.7130621652989975]",27.6520242358938,0.028706406235869508,0.013716034372919239,True,7.131736333432226e-09,0
327,1,14.92214635745179,14.92214635745179,5.077827581006985,0.8976415790565304,"[0.5648899021438568, 0.9767422950106396, 0.06478864135247388, 0.20271225981528385, 0.12413837351918947]","[85.37655231004831, -19.760883845526195, -146.59166710432962, -154.3671681910444, -209.190277542681]",311.0603798506642,0.0274454718673951,0.012973046861588955,True,7.083870670610004e-09,0
328,1,14.983479671480158,14.983479671480158,5.070791579631818,0.8963977779853258,"[0.5643409633664351, 0.976869349982121, 0.0657311700485054, 0.20370478202762513, 0.12548338748491816]","[-24.952572633618644, -18.60294041900706, 201.49768747292097, 30.698767491378142, 306.20118561917224]",369.14983235846194,0.03144423124467721,0.014701846841489896,True,7.552363722254651e-09,0
329,1,14.937103508529312,14.937103508529312,5.077670724573249,0.8976138504945386,"[0.5644761527689286, 0.9769701380025305, 0.06463948493958892, 0.20353846057871555, 0.12382443408021497]","[-66.70870100191766, -22.741542765482837, 245.55723505698037, 84.6564055629812, 146.86893658292456]",306.59872110201263,0.029743549996055663,0.014387846902536694,True,7.09305218813544e-09,0
330,1,14.876310721156994,14.876310721156994,5.083744048776652,0.8986874726766813,"[0.5649113059278323, 0.9771184852799338, 0.06303766981020045, 0.20298623123308474, 0.12286638092164633]","[-5.136180783174557, 1.172771916200413, 11.94381935430469, 27.933518759409402, 20.948353134786217]",37.276340178659275,0.02930450311396271,0.013862100000551436,True,6.956183877179778e-09,0
331,1,14.814495195836688,14.814495195836688,5.090063411136472,0.8998045886710322,"[0.5651868791605273, 0.9770555621544045, 0.06239684405870556, 0.20148750476880314, 0.12174243189479325]","[57.07801507711503, 11.807655118942566, -166.22603998249065, -55.62104892832353, -207.4176856952944]",277.748473111718,0.028981799972825684,0.014732025003468152,True,6.647974868517759e-09,0
332,1,14.867305071159173,14.867305071159173,5.081775739602989,0.898339521485639,"[0.564775874092255, 0.9769705380677796, 0.06359379782136428, 0.20188801857400956, 0.12323599679810862]","[-7.062683438228265, 1.6539600419529537, 15.357348905022647, 32.144529138002696, 25.900339853376167]",44.63814069362535,0.02871706563018961,0.014029003155883402,True,6.952865415355003e-09,0
333,1,14.804509500980645,14.804509500980645,5.088894160738985,0.89959789244979,"[0.5650923157418545, 0.9768964328287971, 0.06290571589563694, 0.20044779151088402, 0.12207553897211791]","[32.18743154634155, 5.226100984322258, -86.93611397233715, -25.912448159457377, -109.04974332221802]",145.54907173155777,0.02922561249579303,0.014778374978050124,True,6.710730654328756e-09,0
334,1,14.857205412236725,14.857205412236725,5.080013048928342,0.8980279188533449,"[0.5646500259881213, 0.9768246206087381, 0.06410031113334591, 0.20080385627792108, 0.12357399914124347]","[-14.326987955983327, 2.0370562954352347, 32.15917973439237, 44.743573807897185, 44.69388579481604]",72.4096391923991,0.02876688125252258,0.01417160938581219,True,6.966515075750024e-09,0
335,1,14.793232532414462,14.793232532414462,5.087956799621656,0.8994321888491692,"[0.5650457464506337, 0.9767683558263658, 0.06321205426333174, 0.19956801048981015, 0.12233952576745843]","[23.820234527341928, 3.257658069361669, -61.11542018823108, -15.470120350167937, -77.01102855077302]",102.38717515350812,0.028114728098444175,0.014083193716942333,True,6.736752112754263e-09,0
336,1,14.84513915647309,14.84513915647309,5.078845033821588,0.8978214410027162,"[0.5645804492199717, 0.9767047217224959, 0.06440586432979767, 0.1998701991247993, 0.12384383582259101]","[-117.4984694746326, 4.464497299452074, 276.464176944232, 214.8394363120543, 305.62922559326006]",479.3990718911403,0.030122262483928353,0.014327396871522069,True,6.963193931175393e-09,0
337,1,14.782283661870023,14.782283661870023,5.087297985612037,0.8993157258857336,"[0.5650706398622309, 0.9766860963326642, 0.06325248630654429, 0.19897391271579937, 0.12256878443633375]","[21.84442376451349, 2.789445562453276, -55.03875866281706, -12.982981285441365, -69.56492030651839]",92.31500826844857,0.02796498752286425,0.014200165620422922,True,6.7514893346137805e-09,0
338,1,14.83393782137324,14.83393782137324,5.078064706455061,0.897683497309612,"[0.5645973815226822, 0.9766256631351865, 0.06444489823813769, 0.1992551883507979, 0.12407590492758633]","[80.60223410384836, -0.5198747965179797, -191.6149331232869, -111.88636297202879, -192.13220188995925]",304.37906339032253,0.029402334381302353,0.014322993738460355,True,6.963816571135817e-09,0
339,1,14.895965202682275,14.895965202682275,5.070756066615965,0.8963915001117433,"[0.5640677640568434, 0.9766290791046736, 0.0657039528589671, 0.19999036613684806, 0.1253383583943213]","[2.2112329209962978, -4.472964479083558, 12.072989964305066, 6.583896914890944, 3.299998397126765]",14.996390797361931,0.028402003132214304,0.014330125006381422,True,7.310229581392047e-09,0
340,1,14.835810827694571,14.835810827694571,5.071387244463479,0.8965030776457713,"[0.5637728620433219, 0.9772256179038055, 0.0640938334473519, 0.19911230194081364, 0.1248982527126946]","[68.54217212842028, 23.624986692726758, -236.4081587644333, -50.52779119428898, -157.76006413492885]",297.6344778508255,0.030497075022140052,0.015400403121020645,True,7.033812265272443e-09,0
341,1,14.89312343630378,14.89312343630378,5.065443167081743,0.8954523032896405,"[0.5633122825256321, 0.9770668662238036, 0.06568241391336986, 0.19945183109455264, 0.12595834538255973]","[1.4618130485468774, -4.721976608350957, 11.690144123798241, 8.61236140928883, 17.997251297618835]",23.646717603670503,0.029997528130479623,0.014438215635891538,True,7.431967252551075e-09,0
342,1,14.836876004818041,14.836876004818041,5.071302740568467,0.8964881393264714,"[0.5631886448121037, 0.9774662431426042, 0.06469368098905995, 0.19872341190730886, 0.12443616783567989]","[4.318039325693906, -8.241479762607163, 17.552384220768957, -3.9222642529420852, 14.581998970392434]",24.95340648031116,0.0266002250064048,0.012455693722586147,True,6.9363827442242565e-09,0
343,1,14.801391842747687,14.801391842747687,5.07568525257043,0.8972628653152763,"[0.5628425566474334, 0.9781267926165832, 0.06328686831729789, 0.1990377789462043, 0.12326742969314904]","[-721.1939869902061, 5.083171448664553, 1708.7628108715298, 1179.0095216363788, 1869.857156188212]",2885.558210464292,0.02582236874877708,0.012772615627909545,True,6.891044609068364e-09,0
344,1,14.741035563573014,14.741035563573014,5.083099322451024,0.898573500087466,"[0.5633424210995693, 0.9781232694359173, 0.062102513203840665, 0.19822059943663117, 0.12197141899448655]","[13.80243995065364, 1.2205345846803433, -30.325980757352408, -2.5414068575453492, -38.264731550429325]",50.81644017049118,0.028327912506938446,0.013705874989682343,True,6.597215704284842e-09,0
345,1,14.786997168100076,14.786997168100076,5.074824001348399,0.8971106161704254,"[0.5627991937540853, 0.9780752324392068, 0.0632960631910106, 0.19832062245473195, 0.1234774171093209]","[67.71538346509774, -2.211236166325919, -151.13819148368557, -93.36456980084638, -155.73886181179364]",245.77337451542178,0.02695221248723101,0.013039121884503402,True,6.94361822293349e-09,0
346,1,14.849459315953245,14.849459315953245,5.066669529069557,0.8956690955090837,"[0.5622481545408399, 0.9780932265459377, 0.06452596200963619, 0.1990803839218522, 0.12474475424149173]","[-1.4975580674458673, -15.650810443165822, 55.56787831434884, -7.17998959479619, 10.465264536946409]",59.12743576768073,0.028304318715527188,0.0136054749818868,True,7.066467863116321e-09,0
347,1,14.809123538124336,14.809123538124336,5.068388872307686,0.8959730353248008,"[0.5622988098093452, 0.9786226190433358, 0.06264636491255447, 0.19932324882886038, 0.12439076410473393]","[-4.14768140422322, 4.702381598047596, -1.2556309450327916, 33.030118351423965, 26.85891461809743]",43.04976510465582,0.027513793735124636,0.012521509379439522,True,6.954258689739756e-09,0
348,1,14.758818613472561,14.758818613472561,5.075621883768177,0.897251663187829,"[0.5624915022151711, 0.9784041564530519, 0.06270469884036807, 0.19778874018425527, 0.12314295638489256]","[-8.399072870799424, -7.489328267347226, 47.63273656715895, 20.97298596486924, 74.33227944814823]",91.43667734613747,0.02808233752148226,0.014681840628327336,True,6.873000729309964e-09,0
349,1,14.709290391133312,14.709290391133312,5.082882867445956,0.8985352358869896,"[0.5626752156464655, 0.978567970985352, 0.06166282509890823, 0.19732999678776797, 0.1215170819195301]","[10.060994020238937, 0.5892304486958216, -18.151111593660907, 1.9748264903943564, -22.56991257554669]",30.73002666151576,0.02950853121728869,0.014895043743308634,True,6.536200324036567e-09,0
350,1,14.748517701087104,14.748517701087104,5.074854044404987,0.8971159270826857,"[0.5620204167339405, 0.9785296221446453, 0.06284415252130202, 0.1972014693047246, 0.12298599783186658]","[50.33928879236837, 9.070395421297588, -141.98049920737586, -49.25450219212475, -181.60651898081122]",241.2088554487948,0.02666987188422354,0.013256934369564988,True,6.840942602323596e-09,0
351,1,14.803145521080436,14.803145521080436,5.065744250065707,0.8955055277445558,"[0.5616030250200377, 0.9784544143302026, 0.06402139370461278, 0.1976098664350893, 0.12449180091394796]","[49.82751621486101, -13.683353275209447, -79.6199592688423, -87.0859182779668, -90.77826481228252]",157.58808320305863,0.027563587507756893,0.013313603107235394,True,6.932255971515977e-09,0
352,1,14.868114570539296,14.868114570539296,5.058733723014029,0.8942662299400724,"[0.5609706483174117, 0.9786280740765109, 0.06503187568586441, 0.19871510125370437, 0.12564389646542104]","[4.788073381250744, -3.887744935213852, 3.3493534882130858, 3.718644989478376, -1.9722024360181871]",8.183903663957485,0.02776238751539495,0.012927678115374874,True,7.46902363655405e-09,0
353,1,14.839311249206865,14.839311249206865,5.052659816684532,0.8931925048516026,"[0.5598005286343679, 0.9795781695552396, 0.06421335346826924, 0.1978063307838365, 0.12612586754346852]","[0.11992155031312168, -6.555010754591187, 37.390404277460554, 7.8544833173324715, 59.54689687793896]",71.05315415361325,0.028422146860975772,0.012931300007039681,True,7.553695156349571e-09,0
354,1,14.791007202026929,14.791007202026929,5.059538753503434,0.8944085405696024,"[0.5597971530896299, 0.9797626796120438, 0.06316089056996924, 0.19758524324984073, 0.12444974499587932]","[-16.201016293824104, 3.539586462184663, 32.739106986614715, 50.64677487582594, 55.71443775963597]",83.76183562787998,0.026892934401985258,0.01294087183487136,True,6.984042212609953e-09,0
355,1,14.727842026290418,14.727842026290418,5.067858441357637,0.895879267494368,"[0.5601839883630497, 0.9796781641179501, 0.06237917162265126, 0.19637593892895108, 0.12311943895993027]","[-86.62784441542742, -26.566984085832626, 291.24958601542846, 118.98808616966947, 395.16894667409764]",513.1794720090384,0.02568139065988362,0.01253261247620685,True,6.8653863228088086e-09,0
356,1,14.676054660717146,14.676054660717146,5.075535546548081,0.8972364007793794,"[0.5605216006376643, 0.9797817028818128, 0.06124409275881966, 0.19591220998942974, 0.12157935807896172]","[10.484937767131607, 0.5903119710951501, -18.42728457493484, 1.3137833073751581, -23.52751379586208]",31.70358240014353,0.027547200035769492,0.01403542186744744,True,6.5373745436123065e-09,0
357,1,14.716351630832184,14.716351630832184,5.067164850886929,0.895756656863067,"[0.559860165116942, 0.9797444634327419, 0.06240656609333281, 0.19582933081882045, 0.12306357607667377]","[42.756225518580905, 7.043053301766295, -117.55192875533567, -39.88199889160569, -149.1539763280763]",198.83067636703643,0.0269686031533638,0.012697225000010803,True,6.843847676941961e-09,0
358,1,14.77110864039535,14.77110864039535,5.057991410883657,0.8941350064547867,"[0.5594300883672212, 0.9796736186976093, 0.06358899861232446, 0.1962304962689423, 0.12456388758848487]","[-204.51728919111486, -0.9518350644431575, 514.594203430178, 346.066014442362, 525.1709582912571]",837.974727277971,0.02694178751698928,0.01294806875375798,True,6.952206624624702e-09,0
359,1,14.707491655673358,14.707491655673358,5.06639942449644,0.8956213473152637,"[0.5599182111769752, 0.979675890448853, 0.06236081311536767, 0.1954045381506919, 0.12331045847852456]","[46.14293289727567, 7.667733602960759, -127.51648315449765, -44.52297102762446, -162.81856013344995]",216.65778625315153,0.026732762482424732,0.013119253133481834,True,6.871571294614354e-09,0
360,1,14.762620887654716,14.762620887654716,5.057120999491036,0.8939811380052506,"[0.5594922589534705, 0.979605108468334, 0.06353793659068015, 0.19581553626709836, 0.12481346063642952]","[83.68727709323448, -6.821544317944417, -186.145439770876, -129.09887205132975, -178.4776907888105]",300.36814650672625,0.028408253150701057,0.013366565624892246,True,6.952699565382359e-09,0
361,1,14.827529161479985,14.827529161479985,5.050271257473748,0.8927702632477998,"[0.5589350275821269, 0.9796505296915713, 0.06477738519357046, 0.19667514054639573, 0.12600185356599883]","[3.643623761365971, -3.9245893287295495, 6.185874188020634, 5.867996907082096, 2.692711672302155]",10.422452630511966,0.028241690604772884,0.012991400006285403,True,7.492875507553176e-09,0
362,1,14.771062440084577,14.771062440084577,5.049716544580831,0.8926722029357516,"[0.5582358401854196, 0.9804036325297389, 0.06359035668757028, 0.19554911059652763, 0.12548513993485969]","[10.350032941859746, -6.390409656892958, -3.4441594994358873, -9.558630029643208, -13.130279587700349]",20.58140914108712,0.026701165639678948,0.01247646874981001,True,7.253523458088107e-09,0
363,1,14.820957055293846,14.820957055293846,5.042328798433405,0.8913662215861191,"[0.5572300749464696, 0.9810246210745733, 0.06392504314909082, 0.19647797119724292, 0.12676107585324636]","[3.7143394557561313, -4.063398654301728, 8.6719375163336, 6.297683410599545, 32.20940112774302]",34.38918963644762,0.026729887496912852,0.014119465588009916,True,7.89178710661892e-09,0
364,1,14.778959003846147,14.778959003846147,5.047974607009683,0.8923642689685111,"[0.5570140570934806, 0.9812609394465467, 0.06342070224383783, 0.19611171171413247, 0.12488784758196025]","[-804.0441776362286, 42.002559770274225, 1917.1268999035183, 1394.356068861573, 1897.1146191889598]",3141.1621304961673,0.028367299993988127,0.013925412502430845,True,7.133621061049256e-09,0
365,1,14.713684261310664,14.713684261310664,5.0557208783122585,0.8937336292102515,"[0.5575259976710331, 0.9812341961216081, 0.06220005407589364, 0.19522391540758469, 0.12367994137376419]","[317.3418782085912, -6.824913891030432, -738.5442069107133, -500.28802755809767, -778.0181265157645]",1225.4796238130698,0.027134631265653297,0.013043959377682768,True,6.9565114519526405e-09,0
366,1,14.777711037536623,14.777711037536623,5.047720966888551,0.8923194313061027,"[0.5570080912578347, 0.9812453344771686, 0.06340536861978159, 0.19604039251228111, 0.12494967791021402]","[343.74886429183726, -29.45945426310907, -780.4832402729355, -590.4276689218292, -797.1454572145824]",1308.5224268925083,0.02667476559872739,0.012227509374497458,True,7.166623829102381e-09,0
367,1,14.842902862007323,14.842902862007323,5.041840289958331,0.8912798646722712,"[0.5564826912230674, 0.9812903615300607, 0.06459829160563493, 0.19694282667280755, 0.12616806812016562]","[3.5922089054959963, -4.74602666471131, 12.4543095394524, 5.7429397235438016, 35.167695035467695]",38.21369768555886,0.02728044064133428,0.012658834377361927,True,7.69499276884883e-09,0
368,1,14.800486939720141,14.800486939720141,5.047799977094614,0.8923333984692251,"[0.5562946848733569, 0.9815387555328415, 0.06394646724455862, 0.19664225697810545, 0.12432748753443301]","[-86.74556384351106, -9.429432266461264, 254.55052252455104, 141.53967927515066, 200.99670716907713]",364.47610711683507,0.028233274977537803,0.01410547810519347,True,7.167613616347601e-09,0
369,1,14.735671108875945,14.735671108875945,5.054897964251667,0.893588157182107,"[0.5567706862471066, 0.9815904979218888, 0.06254966499852138, 0.19586558231268278, 0.12322455264655519]","[-168.06462083031403, 0.23412640693319564, 403.12416908582685, 287.0653055866344, 442.27714763882517]",684.6681183509518,0.026410687511088327,0.013084671845717821,True,6.945881664971454e-09,0
370,1,14.674680480435521,14.674680480435521,5.062174289279284,0.8948744418743932,"[0.557261623728568, 0.9815898140097841, 0.06137208959145795, 0.1950270291570966, 0.12193260656119219]","[14.152453692443776, 1.1932337149636176, -30.433137751044182, -2.849525307490173, -37.164552672277566]",50.171858600193815,0.02982651562342653,0.014629240598878823,True,6.583548240422787e-09,0
371,1,14.721254133988783,14.721254133988783,5.053934560505004,0.8934178498515355,"[0.556697464692526, 0.981542248153217, 0.06258524527671773, 0.19514061973902583, 0.12341409653220128]","[85.68554682418932, -2.5310639833034916, -192.22001921321012, -121.76787281263508, -197.7402424512118]",313.4095935668736,0.027363387496734504,0.013401187512499746,True,6.948600423349605e-09,0
372,1,14.784680037203039,14.784680037203039,5.045953720403598,0.8920070233127181,"[0.5561506687514781, 0.9815583999496855, 0.06381188302590061, 0.19591767235842028, 0.12467596117520806]","[132.56079203865377, -24.12505986942716, -255.63498659903806, -237.94126755113604, -307.37642476433206]",484.35518142975764,0.027441593731055036,0.01356022498657694,True,7.097560001528835e-09,0
373,1,14.849289468414801,14.849289468414801,5.039822352465135,0.8909231403509088,"[0.5556032985689312, 0.9816580171760282, 0.06486745132123259, 0.19690017972769533, 0.12594518027948753]","[4.113044208591276, -4.410703075823665, 11.434509633901472, 5.190140973596289, 30.131253057696878]",33.195623491741536,0.027117450001242105,0.012856734378146939,True,7.626595631936295e-09,0
374,1,14.806809607977318,14.806809607977318,5.04545526103867,0.8919189073134465,"[0.5553554921549627, 0.9819237572111137, 0.0641785346249457, 0.19658747941196056, 0.12412980524583074]","[-48.48832733997387, 15.756528806792529, 71.09101527366502, 123.61739381057298, 141.5221033918744]",207.2753828651316,0.026284774983651005,0.012642699992284179,True,7.074886120526924e-09,0
375,1,14.745166267211111,14.745166267211111,5.053468039041753,0.8933353797289769,"[0.5558233559858672, 0.9817717224775249, 0.06349257747662791, 0.19539469528003678, 0.1227642585857792]","[12.726035003950797, -4.156261046812697, -11.693270345325304, -7.61379789006498, -2.0752764197092075]",19.44828359287412,0.026998315632226877,0.013881137521821074,True,6.873827549692957e-09,0
376,1,14.8002955888408,14.8002955888408,5.047286030760287,0.8922425447346831,"[0.5545146507787959, 0.9821991392237638, 0.06469507643124091, 0.19617767418440274, 0.12297767345189756]","[-23.054239285342234, 0.11213574652780545, 58.030960065882475, 55.50420621074719, 69.27304409304894]",108.5291407623877,0.028922671866894234,0.014061659370781854,True,6.975592134299269e-09,0
377,1,14.736715365524052,14.736715365524052,5.054180021459216,0.8934612416278455,"[0.5549394996096847, 0.9821970727604021, 0.06362566853474977, 0.19515482988985966, 0.12170109384192762]","[17.961542478524006, 2.0645599099183793, -42.834777660381455, -7.254474231611062, -52.1627438445506]",70.2515254981206,0.031332434380601626,0.014977303137129638,True,6.7222239814521134e-09,0
378,1,14.786302977316241,14.786302977316241,5.04617807921199,0.8920466847214262,"[0.5544281500738302, 0.9821382965304128, 0.06484513750303339, 0.19536135847924102, 0.12318612191708889]","[-55.646508575800944, 0.02269753535725627, 136.0718129124393, 107.41107091554952, 153.4267017643463]",238.09444275464213,0.027634749982098583,0.01349825623765355,True,6.998805686039833e-09,0
379,1,14.72340034717249,14.72340034717249,5.053448112972092,0.893331857264232,"[0.5548955823072899, 0.982138105870479, 0.06370213045643809, 0.1944591024696307, 0.12189733331716504]","[16.02945004911201, 1.6908048274025218, -37.21943296958254, -4.65599272677262, -45.72175016963105]",61.296370098599716,0.02707319062028546,0.01347765936225187,True,6.73069713245239e-09,0
380,1,14.77193208162359,14.77193208162359,5.0452054166253895,0.8918747406437283,"[0.5543725676484099, 0.9820829376827167, 0.0649165394959654, 0.19461101987417542, 0.12338915901892644]","[224.65501006137984, -2.0083233825203344, -525.0337254609478, -341.7693414965358, -554.0590867030166]",865.9804120908543,0.027790328109404072,0.014284981232776772,True,6.966347593402589e-09,0
381,1,14.83481551188413,14.83481551188413,5.038635096764944,0.8907132612117569,"[0.5538537221712502, 0.9820875759478657, 0.06612911594256812, 0.19540034336631068, 0.12466877014861617]","[0.5270355563822027, -6.314825677654725, 22.886058266023838, 6.74108629174129, 5.362289512107173]",25.261093522986165,0.030115581263089553,0.01480242811521748,True,7.312482437279999e-09,0
382,1,14.776490626374365,14.776490626374365,5.039649273625864,0.8908925440456766,"[0.5538119951133236, 0.982587540501788, 0.06431715493270188, 0.19486663042270114, 0.12424422087033449]","[114.5368133198575, -2.872487673244775, -271.0646477607979, -170.0172985250739, -259.32058536509027]",427.4997354951737,0.029233674984425306,0.014185621868818998,True,7.051380809981744e-09,0
383,1,14.84041057820497,14.84041057820497,5.033566780753267,0.8898173010564936,"[0.5532761500411065, 0.982600979048925, 0.06558529442030267, 0.195662033481034, 0.1254574173419726]","[5.781854352542574, -3.3393602583320394, -3.7756784643916674, 3.8690435332359927, -0.46593811669628415]",8.603691692876941,0.030706256242410745,0.015195500011031982,True,7.493828759787269e-09,0
384,1,14.844741461658389,14.844741461658389,5.028394523607605,0.888902966531059,"[0.5519321097016189, 0.9833772412343096, 0.06646298241720724, 0.1947626419940077, 0.12556572854913217]","[4.3317929365258365, -2.708928761894119, -4.147691304650419, 7.419768010944543, 1.3577093186304028]",10.010114892984836,0.03153318124532234,0.015647431238903664,True,7.491569972879752e-09,0
385,1,14.82642330593189,14.82642330593189,5.025479544061376,0.8883876660800195,"[0.5510666265413549, 0.9839184795298904, 0.06729168245683273, 0.19328018787844042, 0.1252944610695858]","[0.12356839618081805, -4.0344280062916305, 16.524739893206267, 11.810417631757852, 8.348944262776627]",22.328227470269447,0.028586603126314003,0.012826340629544575,True,7.413572877118524e-09,0
386,1,14.759326410411218,14.759326410411218,5.027715910197998,0.8887830034951247,"[0.5510555581843758, 0.9842798542078833, 0.06581151660717277, 0.19222229668246843, 0.12454662344803528]","[11.267661963907713, 2.6377837452378086, -32.819216283805574, 5.599435752651105, -7.812388373448407]",36.10271678902298,0.026627343766449485,0.012593290623044595,True,7.077395515128759e-09,0
387,1,14.79964653311536,14.79964653311536,5.02447619601712,0.8882102975285235,"[0.5504313579598087, 0.984133727601369, 0.06762961891092378, 0.19191210197965877, 0.12497941017812465]","[-9.093606874972616, -8.745149980268444, 54.116655686329885, 18.471711856474307, 32.416495797583636]",66.93143577983435,0.027908856252906844,0.01318318436096888,True,7.361791174061161e-09,0
388,1,14.737950960187685,14.737950960187685,5.0284446874476725,0.8889118343289296,"[0.5507030869842614, 0.984395044272026, 0.06601254152254879, 0.19136014275030772, 0.12401076232470848]","[9.21185059064172, 0.2485353403025643, -18.733369918134645, 5.765873708923965, -6.776413044479684]",22.69414424440835,0.02915983750426676,0.014029334364749957,True,6.935884735471964e-09,0
389,1,14.772651308272646,14.772651308272646,5.023903340912127,0.888109030096179,"[0.549891260771206, 0.9843731412350474, 0.06766348457777546, 0.1908520051755595, 0.12460795717560934]","[-8.648425085483577, -4.736049075176457, 39.52839056043959, 24.54339766046413, 46.69985143341649]",66.65563419714195,0.028200246873893775,0.01331121251132572,True,7.150091148495907e-09,0
390,1,14.711348988314578,14.711348988314578,5.030067614419693,0.8891987299957511,"[0.5501507564669419, 0.9845152462238349, 0.0664774365854051, 0.19011558137715992, 0.12320672974764442]","[23.143040018156494, 3.095285854820198, -59.45316185873752, -13.115919388465406, -72.6338376030473]",97.60922731564294,0.026343421857745852,0.012554453103803098,True,6.952505041298018e-09,0
391,1,14.763727814292467,14.763727814292467,5.022712041805549,0.8878984361770083,"[0.5496765586753114, 0.98445182423106, 0.0676956239124264, 0.19038432480949788, 0.12469498735606548]","[-15.863704018660059, -7.504454270472346, 65.59251647373958, 31.09095312658043, 69.57376469089442]",102.06619546172097,0.027783381214248948,0.013134040644217748,True,7.147879011772107e-09,0
392,1,14.703427396515364,14.703427396515364,5.028879356167208,0.8889886736287178,"[0.5499874099605335, 0.9845988749609604, 0.06641033026203856, 0.18977509365346962, 0.12333168064368183]","[23.126473663410888, 3.063079529306782, -59.30521448624505, -13.110554268163488, -72.36194164129037]",97.3111603922325,0.02754869377531577,0.013726934375881683,True,6.964631497387297e-09,0
393,1,14.75597896888208,14.75597896888208,5.021512918333726,0.8876864590924068,"[0.5495121001693449, 0.9845359206293723, 0.06762920822519497, 0.19004454998746428, 0.12481890865224482]","[-9.676672478611124, -4.421813485562915, 40.83117091380026, 26.903603360613765, 52.406615420784256]",72.46124589460628,0.027156737480254378,0.012570940605655778,True,7.198309964588645e-09,0
394,1,14.695049465433968,14.695049465433968,5.0279731864921215,0.8888284839481781,"[0.5497791856261021, 0.9846579669295956, 0.0665022286816021, 0.18930198468850784, 0.12337243571976762]","[19.672363594307512, 2.3754580551048847, -48.87414598749345, -8.550601540934224, -59.57121827992701]",80.01980798796981,0.0255144375259988,0.012334875005763024,True,6.959511351760372e-09,0
395,1,14.746452183493897,14.746452183493897,5.020464982042165,0.8875012083779034,"[0.549287498277964, 0.9845985951786553, 0.06772377987538228, 0.1895156968119389, 0.12486134752240875]","[-67.77572011999536, -27.96434394202103, 253.87053480459656, 76.3411894318735, 233.28809576329252]",360.66204962623914,0.02793755313177826,0.012871650003944524,True,7.152386285666501e-09,0
396,1,14.68827142811633,14.68827142811633,5.026571317959,0.8885806662616526,"[0.5496633388754987, 0.9847536674629221, 0.06631597700248792, 0.18909235762495885, 0.12356768163211392]","[22.499804266492013, 2.9086181593210183, -57.30974932013577, -12.277119303643405, -69.72902684021403]",93.87211226580112,0.027927331262617372,0.013151853105227929,True,7.005300927016844e-09,0
397,1,14.740959485826718,14.740959485826718,5.019165952468266,0.8872715702227368,"[0.5491839674472189, 0.98469169765977, 0.06753699457493269, 0.1893539287989141, 0.12505329914207325]","[-0.5383641877589103, 1.0401085153781482, 1.1877085625283996, 22.21887203778999, 30.553418290290665]",37.81497001459978,0.02749821874749614,0.01303353748517111,True,7.220168330400456e-09,0
398,1,14.692045329222095,14.692045329222095,5.025988141505745,0.8884775742554712,"[0.5492124410484163, 0.9846366872490809, 0.06747417772953847, 0.18817879249555997, 0.12343735612915077]","[13.913205094848447, 1.455041085189289, -32.22477853066624, -0.578256821014036, -39.89874686485767]",53.16366385284626,0.025350215590151493,0.012403603133861907,True,6.941821819629601e-09,0
399,1,14.738741683937578,14.738741683937578,5.0182381353920205,0.8871075537861584,"[0.5486890307306813, 0.9845819490696661, 0.06868646357271348, 0.18820054633188713, 0.12493833420224011]","[1.0774634020613316, 1.594455979759136, -2.8680121542550197, 22.875791729606256, 24.734726107710436]",33.86793813994144,0.026505365611228626,0.012451787501049694,True,7.106973932968774e-09,0
400,1,14.692964182959383,14.692964182959383,5.0244187082205185,0.8882001350258204,"[0.5486254033910082, 0.9844877918184556, 0.06885582801068545, 0.18684966446630624, 0.12347767686875988]","[10.106071395798153, 0.8683723604747229, -21.210427053759837, 4.791170928644259, -27.23841886912801]",36.29952818941078,0.027318368731357623,0.013951943728898186,True,6.933010979551235e-09,0
401,1,14.73162785891326,14.73162785891326,5.016268573619912,0.8867593811649024,"[0.5480685878124262, 0.9844399469894033, 0.07002446177046875, 0.18658568467552153, 0.1249784357065193]","[36.506846370939485, 7.415681275220476, -105.0180168321148, -27.876671706895323, -128.99858383812338]",172.72599537351854,0.02684844374016393,0.01270211250812281,True,7.0219391178419355e-09,0
402,1,14.784298245927006,14.784298245927006,5.011486514417339,0.8859140245423587,"[0.5476458738336556, 0.9843540805712172, 0.07124046885271954, 0.18690846957708138, 0.12647211456543592]","[21.78300598479366, -0.6671847295048572, -45.557042977206216, -19.25783178997266, -80.38865108305022]",96.8689215291836,0.027300071858917363,0.012253840657649562,True,7.577890686477629e-09,0
403,1,14.837536443604687,14.837536443604687,5.00625354257427,0.8849889570733607,"[0.5471961319424339, 0.9843678555718876, 0.07218106037077439, 0.18730607556847195, 0.12813185537421537]","[1.4733321050772112, -3.5070508349053613, 13.585735397641734, 11.473282115553495, 11.47578766472866]",21.50284223943931,0.026293137496395502,0.012343387519649696,True,8.15236482834547e-09,0
404,1,14.76985206988789,14.76985206988789,5.007804476078736,0.8852631259729049,"[0.5470590959089083, 0.9846940497368906, 0.0709174380788253, 0.186238934584293, 0.12706448134650225]","[10.300111908332028, -1.9217595622091657, -14.551618042214118, -1.3321415092050595, -31.419009600886746]",36.20032897760402,0.02823114061902743,0.013379637501202524,True,7.85970024307081e-09,0
405,1,14.815239345852014,14.815239345852014,5.000351178625015,0.8839455566799734,"[0.5464900341241704, 0.9848002233334534, 0.07172138757060008, 0.1863125328938549, 0.1288003224555406]","[1.709546876569811, -2.9365917754492936, 9.194723593262436, 12.008643685627508, 14.95450954460352]",21.539125855598737,0.02720836250227876,0.012531196873169392,True,8.026151089232658e-09,0
406,1,14.750112684935855,14.750112684935855,5.003726004875183,0.8845421473116784,"[0.5463312953816651, 0.9850728984452477, 0.07086761814147113, 0.1851974789436085, 0.12741173225516142]","[6.283712720120846, -2.434037011167646, -3.7073078928800545, 4.75694695430173, -16.900340078764856]",19.16777902202807,0.02676961560791824,0.012208671869302634,True,7.925537775545222e-09,0
407,1,14.773343693794567,14.773343693794567,4.994736848817456,0.8829530740102877,"[0.5456756416710739, 0.9853268701764789, 0.07125444521083854, 0.18470113067617627, 0.1291751436611945]","[1.4028530364981875, -2.6935335053788143, 10.065938471884195, 13.073491004390966, 8.861262624881563]",18.973254308509734,0.02751999376778258,0.012614346873306204,True,8.068561363309967e-09,0
408,1,14.702678625182752,14.702678625182752,4.996296764347,0.8832288307225423,"[0.5455277647688184, 0.985610799697629, 0.07019337911140414, 0.1833230338256177, 0.12824106430081403]","[4.184005910357285, -2.3400312539470036, -3.874352264993414, 9.184308371127347, -1.8481220933308524]",11.214246864075651,0.02743274689419195,0.012949096868396737,True,7.989037553897405e-09,0
409,1,14.68329277636909,14.68329277636909,4.991582495796508,0.8823954579074454,"[0.5447815700469263, 0.9860281315580921, 0.07088434878803204, 0.1816850623271072, 0.12857066683508434]","[-1.2454468408753954, -3.9637289803215316, 20.086077138599954, 15.548304612487449, 20.973731950818397]",33.20180700426038,0.0273232718827785,0.012794218739145435,True,7.99908319963627e-09,0
410,1,14.616998425924741,14.616998425924741,4.992688390040856,0.8825909542373088,"[0.5448565928817183, 0.9862668974168114, 0.06967440999551888, 0.1807484684477425, 0.12730725777138516]","[81.07196936325478, 19.609923798906035, -244.39790944816133, -74.35809990965714, -267.0402515812781]",378.8498046155414,0.02687064998463029,0.012393615623295773,True,7.36972362910121e-09,0
411,1,14.674801651973064,14.674801651973064,4.9895595474484455,0.8820378477837192,"[0.5444286028530825, 0.9861633739436041, 0.07096462002846601, 0.1811410150401047, 0.12871699982919915]","[-1.9678792258990052, -3.1500870602321704, 13.46824244684943, 19.02891072020443, -2.9132043440962807]",23.786032760631947,0.02660496876342222,0.012251296873728279,True,8.007704097902357e-09,0
412,1,14.611484555206932,14.611484555206932,4.986803567802483,0.8815506548096013,"[0.5445940679599054, 0.9864282425824226, 0.06983217036089687, 0.17954100793417832, 0.1289619506684829]","[-2.9803228218828295, -3.951617711201786, 21.721320188081542, 17.960434896889836, 68.27331871358]",74.02794490746565,0.02746773127000779,0.01482502810540609,True,7.963037219199665e-09,0
413,1,14.562469543457397,14.562469543457397,4.99079104220451,0.8822555473569714,"[0.5446745868187112, 0.9865350027448474, 0.06924532926420184, 0.17905577401557912, 0.12711742239478846]","[22.36059513327722, 4.531740894043127, -63.69054511130609, -8.79846407996705, -92.3050387170204]",114.78088503552107,0.02707409063441446,0.012962831249751616,True,7.250390562235642e-09,0
414,1,14.612318863171534,14.612318863171534,4.986812554469614,0.8815522434429183,"[0.5442849645375071, 0.9864560394071348, 0.07035510542755936, 0.179209082888867, 0.12872579191881942]","[-6.924466550426194, -5.542990856044039, 40.38440153021334, 21.538330726230228, 31.52013205576206]",56.27602763945594,0.026387637510197237,0.012061309353157412,True,7.863739060094688e-09,0
415,1,14.546509873837316,14.546509873837316,4.987623434986834,0.8816955882210329,"[0.5445310539237256, 0.9866530323751338, 0.06891987969385169, 0.1784436297597358, 0.12760559444300815]","[32.20875587842316, 8.45201226518892, -97.4593463185503, -17.84961149235412, -136.43843038774625]",171.87559038009366,0.026983374998962972,0.012132871866924688,True,7.342752532737973e-09,0
416,1,14.598810160473207,14.598810160473207,4.984003259118434,0.8810556254946245,"[0.5441562624154375, 0.986554682024785, 0.07005394819191424, 0.17865133361637742, 0.12919323617951334]","[-15.303030685278681, -6.531470506658874, 71.81586464196266, 39.16905659703258, 122.91341756200053]",148.58090214047996,0.028345228121906985,0.013428359357931186,True,7.983379078473074e-09,0
417,1,14.541978783081095,14.541978783081095,4.987225785959202,0.8816252931400402,"[0.5443622516168047, 0.9866426000601788, 0.06908725780833345, 0.17812409147378044, 0.1275387379796712]","[23.386179924328147, 5.029627813052299, -64.46685148143953, -7.958545921906522, -69.10670425255206]",97.8123741310968,0.02760215000307653,0.012390812509693205,True,7.30550338799707e-09,0
418,1,14.594926601912901,14.594926601912901,4.984076309127793,0.8810685390338703,"[0.5438840671308062, 0.9865397576977951, 0.07040543154766783, 0.17828682233462548, 0.1289517842300203]","[-9.340352162657972, -5.874050927880569, 43.67146840778385, 25.089579540221514, 61.66630235560577]",80.38136384408988,0.026062612494570203,0.012216140632517636,True,7.873871069909166e-09,0
419,1,14.534690283342657,14.534690283342657,4.986877556288927,0.8815637342497247,"[0.544116468068433, 0.9866859122452397, 0.069318824744331, 0.17766255874067666, 0.127417440959248]","[18.63167938790799, 3.3390632954417843, -48.23404230382502, -3.4760307367739123, -59.766914718017425]",79.17688136107476,0.027483943755214568,0.013372921857808251,True,7.25651035787811e-09,0
420,1,14.584684986652805,14.584684986652805,4.983043969109964,0.8808860453770961,"[0.5436458337350925, 0.9866015678447531, 0.07053721176524058, 0.17775036292485202, 0.12892714716868317]","[-16.056934554980096, -7.793952669455442, 65.76891055314509, 32.35614380578901, 67.15225937767096]",100.99735849204731,0.027163478087459225,0.013773853133898228,True,7.85269752261869e-09,0
421,1,14.521577521987474,14.521577521987474,4.985151412973483,0.8812585923388122,"[0.5439638011511627, 0.9867559075777074, 0.06923482303875379, 0.17710963044850678, 0.12759736467972246]","[16.678810962259956, 2.4893086243513984, -38.59849858606899, 0.07158695840897256, -10.022152894353106]",43.297484441607544,0.028010909380100202,0.012686856229265686,True,7.269482966108798e-09,0
422,1,14.56914377765132,14.56914377765132,4.983910104718101,0.8810391579675813,"[0.5431933725141657, 0.9866409212843281, 0.07101776720204497, 0.17710632369942744, 0.12806030856772768]","[-65.5769406575494, -34.85789841874603, 261.7117830083358, 64.75080814552462, 202.3378273802117]",345.16913120674695,0.027031012519728392,0.012598559384059627,True,7.553656675846065e-09,0
423,1,14.509825733610846,14.509825733610846,4.987407528568775,0.881657420997955,"[0.543573342417199, 0.9868428970421068, 0.06950134085133043, 0.17673114062370476, 0.12688791040644234]","[11.77114549277793, 1.2611072156499086, -25.69865158595237, 4.240413650085169, -34.04883658894888]",44.47331033263046,0.0262342906135018,0.012539831244794186,True,6.955886521289867e-09,0
424,1,14.551900621826615,14.551900621826615,4.981588450138193,0.8806287435433249,"[0.543043984678615, 0.9867861840514979, 0.07065702957309034, 0.17654044586236253, 0.1284191135632805]","[15.128906342906681, 0.27125362267307196, -31.356880539328216, -2.022426751039344, -42.50199572894907]",54.9792796763006,0.028708371886750683,0.01312793126271572,True,7.620843983646708e-09,0
425,1,14.603690525487924,14.603690525487924,4.9752266117038015,0.879504118768882,"[0.5424936352949307, 0.9867763165659919, 0.07179770950645348, 0.17661401636975768, 0.12996522315141673]","[-7.406702380958828, -4.361804513538699, 36.808270704493246, 25.304319923645135, 38.64536424592311]",59.686733496883036,0.027366868744138628,0.01258293438149849,True,8.098442767084935e-09,0
426,1,14.534496690597926,14.534496690597926,4.979076395596668,0.8801846708430692,"[0.5427418211796958, 0.9869224731491358, 0.07056432752867113, 0.17576611203857015, 0.12867028332203928]","[14.915054299855397, 0.26225335743763356, -31.36656453345885, -1.5450016829343394, -40.783750361420964]",53.59188666174886,0.02653943437326234,0.012670068783336319,True,7.681581120320968e-09,0
427,1,14.58667045053384,14.58667045053384,4.972533707462063,0.8790280760562771,"[0.5421852050488357, 0.986912686094648, 0.07173489891500232, 0.17582377008269376, 0.13019229543622632]","[-8.68723535832686, -4.59747355221748, 40.13162926614599, 27.20436897627605, 45.97661647718982]",67.53576417630634,0.02814815626334166,0.013339865618036129,True,8.096590543849036e-09,0
428,1,14.518187486147234,14.518187486147234,4.976844416378065,0.8797901089328338,"[0.5424424683067303, 0.9870488353959322, 0.07054644329433929, 0.17501814155956474, 0.12883074672089723]","[4.8567756420923205, -3.3857814118210237, 1.990361242920354, 8.178479401877729, -7.4811576474878905]",12.72275789116017,0.03007404687377857,0.014830918727966491,True,7.688286649681908e-09,0
429,1,14.49803111447033,14.49803111447033,4.968349055012909,0.8782883270253508,"[0.5416789898717465, 0.9875810755659519, 0.07023356125102903, 0.1737324958731185, 0.1300067743889389]","[-76.52484704372903, -20.39953335714552, 246.81500778139792, 106.08930231957568, 276.574186506672]",393.6217244396816,0.02744782499212306,0.013159515619918238,True,7.953723549572467e-09,0
430,1,14.434631174659355,14.434631174659355,4.971951902764289,0.8789252265444966,"[0.542067814178395, 0.9876847260104802, 0.06897948916884347, 0.17319345396698224, 0.12860149531345255]","[16.326724279735014, 2.276455447952876, -39.21585974301112, -0.047010743179466186, -37.92638238657943]",56.99158289992953,0.026982012510416098,0.012339221859292593,True,7.436026607833546e-09,0
431,1,14.48635065189772,14.48635065189772,4.967615481067884,0.8781586482475935,"[0.5414948620528814, 0.9876048385838786, 0.07035568746855314, 0.1731951037103579, 0.12993244211142124]","[-51.468658953580864, -22.07918417675296, 159.5276679051675, 66.35673595059191, 92.88294262126095]",204.00011640107817,0.026509234376135282,0.012486578110838309,True,7.921698123858345e-09,0
432,1,14.419447629509401,14.419447629509401,4.969529916798149,0.8784970758693476,"[0.541999456460584, 0.9878213010503336, 0.06879169161679839, 0.17254454784675433, 0.12902182554649544]","[19.621575302318867, 3.18869031739952, -51.07508598277294, -3.8150958304210913, -51.06411564014351]",75.00624796467119,0.028515487494587433,0.013036418742558453,True,7.390784108850246e-09,0
433,1,14.474447865334865,14.474447865334865,4.964845009394554,0.8776688934207693,"[0.5414762580381993, 0.9877362763916183, 0.07015358045587615, 0.17264627526104032, 0.13038342186747165]","[-843.354951175943, -171.882059279797, 2487.52237367282, 1043.8486955495994, 2857.422331456882]",4022.815065971488,0.027537184381799307,0.012535803129139822,True,7.972683271385839e-09,0
434,1,14.410760221811397,14.410760221811397,4.968987944541788,0.8784012678049257,"[0.5418955440045414, 0.9878217300137516, 0.06891687315868326, 0.17212731096443165, 0.12896281352003516]","[16.6385506606388, 2.2588037920326585, -40.64863961361099, -0.602969907541643, -41.83810996598955]",60.70458370939055,0.0264061593770748,0.01201619376661256,True,7.3117831381544485e-09,0
435,1,14.463532481111507,14.463532481111507,4.964161211882041,0.8775480139562551,"[0.5413473629729403, 0.9877473104673526, 0.07025610117505637, 0.17214717667705784, 0.13034123035147546]","[-308.9699000255092, -96.6508192676837, 990.9765721342712, 344.20948367210883, 1062.9486183444305]",1528.1290130077473,0.026432674982061144,0.012328343756962568,True,7.945269261087906e-09,0
436,1,14.400719701771319,14.400719701771319,4.968147421918725,0.8782526829932984,"[0.5417517396942712, 0.9878738060949402, 0.06895912092836486, 0.17169667874037592, 0.1289500538090557]","[15.100030471065452, 1.789345101290663, -35.4568593364289, 1.1052674043987056, -37.061803167981715]",53.50888169471839,0.029942437504359987,0.014449146859988105,True,7.294628440353279e-09,0
437,1,14.451807805862348,14.451807805862348,4.963134779366157,0.8773665646081521,"[0.5411873462705052, 0.9878069257922845, 0.0702843909849531, 0.17165536719098926, 0.13033531180711053]","[40.37910498935864, 7.321319802351647, -105.72883116928581, -28.809643112631125, -118.69626174278716]",166.67770598314195,0.028097031245124526,0.014046274991414975,True,7.927048318104313e-09,0
438,1,14.515610189872987,14.515610189872987,4.956174387182982,0.876136129480042,"[0.540702829103066, 0.9877190757734817, 0.07155305292801277, 0.17200106001106408, 0.13175957261082089]","[-11.477083462846272, -4.394376187849841, 46.335945922534975, 32.86268626172869, 55.37253656935698]",80.27532513724971,0.027521434385562316,0.01302666248375317,True,8.247917202518218e-09,0
439,1,14.443507880933769,14.443507880933769,4.96193912247405,0.8771552003340568,"[0.540988772098453, 0.9878285583867326, 0.07039862730986085, 0.1711823106330919, 0.13038000706003688]","[23.251318911148765, 2.566190168956314, -52.144175079244704, -9.885949976893063, -59.80739862560549]",83.31195049387468,0.026904531245236285,0.012651187484152615,True,7.918040122872894e-09,0
440,1,14.504660229349351,14.504660229349351,4.954577708081097,0.8758538738249616,"[0.5404305972202263, 0.9877669540153617, 0.07165040871143667, 0.1714196343283882, 0.13181575303094137]","[-13.478610635154022, -4.721556025457191, 52.046031387406416, 35.55810580729217, 61.891762106558005]",89.48589008548703,0.0290554874954978,0.01419385625194991,True,8.249989146696945e-09,0
441,1,14.432788343584189,14.432788343584189,4.960407388469206,0.8768844254586071,"[0.5407318427154016, 0.987872480283713, 0.0704871855186606, 0.17062491449550893, 0.13043247881761588]","[10.934654298171154, -0.9934880500663255, -13.239393985774988, 3.665180297056944, -13.453248434799352]",22.1417857521718,0.028514259385701735,0.01319678751315223,True,7.910306836639291e-09,0
442,1,14.475287914467897,14.475287914467897,4.952305642498525,0.8754522255797772,"[0.5397441487308182, 0.9879622190302749, 0.0716830596124092, 0.17029384993387736, 0.13164766973173375]","[-26.238711883853476, -7.225242274839545, 89.37629569446233, 51.44750231510896, 104.92944387056822]",149.61894948424091,0.027640043757855892,0.012374934354738798,True,8.219085101748846e-09,0
443,1,14.405671889838768,14.405671889838768,4.9581046801919815,0.8764773602991272,"[0.5400948892215666, 0.988058800944527, 0.070488340681392, 0.16960613621189077, 0.13024504734691453]","[35.43365393565101, 8.036014526536208, -95.54741221833058, -19.768084577367723, -107.00376486280362]",149.2983998741912,0.026520184364926536,0.012448250003217254,True,7.816650735535668e-09,0
444,1,14.467111782739412,14.467111782739412,4.9514690001441535,0.8753043267092262,"[0.5396202203173416, 0.9879511505673862, 0.07176829294207537, 0.16987094929219027, 0.1316784688029014]","[-36.310965278027474, -8.976428116305923, 118.39312434976566, 64.33769950231358, 138.53859946935026]",196.84582158285062,0.02887560000817757,0.013841178108123131,True,8.203461414509061e-09,0
445,1,14.397991028718156,14.397991028718156,4.957371146504944,0.8763476886380439,"[0.5399891482934182, 0.9880423531953525, 0.07056539085965212, 0.16921726308249943, 0.13027088393922842]","[25.31704537824409, 4.597380544464252, -56.45364130475312, -9.534954556778498, -59.60825966535009]",86.56305383852887,0.027260953138465993,0.01288557500083698,True,7.804571805665461e-09,0
446,1,14.458368124791523,14.458368124791523,4.950750867008098,0.8751773775066514,"[0.5394042094712463, 0.9879361328082348, 0.07186972657334834, 0.16943756387212855, 0.1316481056757871]","[-73.85433725451607, -15.41705219992803, 226.08028097345726, 112.1679055899942, 263.0728234754247]",372.28133390039085,0.026475425009266473,0.012374628153338563,True,8.157095228444877e-09,0
447,1,14.390212922040105,14.390212922040105,4.956702984471555,0.8762295731618587,"[0.5398009757365895, 0.9880189575474628, 0.07065515973700331, 0.16883496634506745, 0.1302348044999344]","[20.631937645416556, 3.1441988344491554, -45.037652647157145, -4.515624577149221, -12.827799026553594]",51.467429374977456,0.02670840311475331,0.012412193784257397,True,7.769172692337345e-09,0
448,1,14.445256178974354,14.445256178974354,4.95398781326115,0.8757495941681186,"[0.538999228383144, 0.9878967754656075, 0.07240530164979053, 0.16901044138362675, 0.130733286712164]","[5.4144451844181365, -2.3758784426388324, 4.367237715345574, 10.444765916242453, 7.204142498907203]",14.66378479388123,0.027972050025709905,0.013236740633146837,True,7.971317681453038e-09,0
449,1,14.38150404402179,14.38150404402179,4.953690609897414,0.8756970555396465,"[0.5382607498443279, 0.9882208225620254, 0.07180965219415067, 0.16758587520752077, 0.12975071057651014]","[12.819540444497349, 1.4205907565345015, -30.885217160066123, 5.046222720319731, -32.48010533364345]",46.91137325380427,0.026621293727657758,0.012201912519230973,True,7.555421410905538e-09,0
450,1,14.429569167591033,14.429569167591033,4.94700753064542,0.8745156428750734,"[0.5377142068823529, 0.9881602576858356, 0.07312639971259613, 0.1673707366443024, 0.13113545389481907]","[-2.7663702717643908, -4.398524545069457, 28.1083602859294, 20.405002352411437, 32.90691772823094]",48.12804895268631,0.027052596866269596,0.012788078158337157,True,7.989320897558438e-09,0
451,1,14.358376638361186,14.358376638361186,4.951097018490655,0.8752385690218099,"[0.5378291656364228, 0.988343041930811, 0.07195833406701062, 0.16652279026808228, 0.129767980313669]","[11.422923680282798, 1.0648591866648978, -28.374420370283083, 6.8507866355113425, -21.291095187918412]",37.90737202271913,0.02625036875542719,0.012241990618349519,True,7.549577050319778e-09,0
452,1,14.40241138271259,14.40241138271259,4.945586327580648,0.8742644072939376,"[0.5372264900580084, 0.9882868597620235, 0.07345537376433012, 0.16616134149071915, 0.13089130245663352]","[26.092373652629206, 6.010977932546217, -106.05767633579666, -8.788263215116919, -180.3979693717538]",211.15358261718643,0.029000415648624767,0.013442156232486013,True,7.922358932072049e-09,0
453,1,14.45727028899897,14.45727028899897,4.939558391085508,0.8731988086008686,"[0.5369793488697879, 0.9882299251094543, 0.07445992860086892, 0.16624458197478906, 0.13259999209509402]","[-14.40197950215316, -5.309141283257987, 54.241641437622924, 36.78393584799654, 63.51446544347371]",92.546771513832,0.0276620156437275,0.012799793745216448,True,8.481868850503116e-09,0
454,1,14.384680664457903,14.384680664457903,4.94316151436154,0.8738357568263521,"[0.5372905856480443, 0.9883446593394303, 0.07328772906219717, 0.1654496555771221, 0.1312274003902976]","[276.91439987120566, 124.15004180523032, -2717.502887148857, -262.1722267723136, -6004.625142890098]",6603.1185164676035,0.026896634371951222,0.012928687523526605,True,7.940932099381737e-09,0
455,1,14.43509757739021,14.43509757739021,4.940435149416863,0.8733537990412594,"[0.5372067118241289, 0.9883070558823681, 0.07411082587027996, 0.16552906418568136, 0.13304612441529098]","[-18.44812143985841, -5.409806228377004, 67.6750297992766, 44.5602605681209, 79.36197786364555]",115.03672978118738,0.027192590598133393,0.012338703156274278,True,8.541548453776249e-09,0
456,1,14.364345609656755,14.364345609656755,4.9405454474764445,0.8733732971677299,"[0.5375274462795466, 0.9884011094292418, 0.07293424461788495, 0.16475435056764837, 0.13166635678778782]","[22.884951919147674, 3.5096097978498437, -52.75169697043428, -6.098847062785447, -51.04403095217094]",77.21054947270368,0.028869553141703364,0.013812806239002384,True,7.960827577008223e-09,0
457,1,14.423091287217792,14.423091287217792,4.938794212976797,0.8730637197201927,"[0.5369346528834332, 0.9883101993185957, 0.07430068216638085, 0.16491233019878315, 0.13298856032862794]","[-50.419792537410096, -11.716949520595838, 160.52487743364352, 84.09615552373094, 187.17386039236234]",265.6198336885276,0.0276342937577283,0.012584121875988785,True,8.536923124143059e-09,0
458,1,14.354553722397672,14.354553722397672,4.939954062928703,0.8732687541617307,"[0.5373142916463755, 0.9883984227720769, 0.07309200075728642, 0.1642791233003704, 0.13157922385105794]","[15.766537825413584, 1.600141137506824, -26.04052758538676, 2.242762370251275, -13.981650828281726]",33.61204823450713,0.026371899999503512,0.012314875020820182,True,7.948860659100221e-09,0
459,1,14.404708606798488,14.404708606798488,4.934155323615161,0.872243672188996,"[0.5363761436516479, 0.9883032104168943, 0.07464147655256854, 0.16414567339249586, 0.13241116665503808]","[-9.1464919308197, -4.997217699108169, 44.09020933251939, 30.372538527057415, 53.33242246670049]",76.28509317751677,0.027664265639032237,0.012603671908436809,True,8.270560480395928e-09,0
460,1,14.331698210078045,14.331698210078045,4.93979160229989,0.8732400349086532,"[0.5366159412726436, 0.9884342246816974, 0.07348554405001939, 0.16334938312760802, 0.13101292696640335]","[10.566303435879464, 0.6679485826524424, -21.554701773123227, 8.245007123064408, -36.37322557140395]",44.35864936023237,0.02869960311363684,0.013837734368280508,True,7.802152079787461e-09,0
461,1,14.373320542118957,14.373320542118957,4.931980391341933,0.8718591948492408,"[0.5361395379741647, 0.9884041088602163, 0.07445738165479376, 0.1629776401984705, 0.13265288788023552]","[248.93456454514308, 57.07654997103109, -737.9091235882652, -272.5659589457897, -825.6999558954293]",1168.6781609144705,0.028007856228214223,0.012860290611570235,True,8.279321933764294e-09,0
462,1,14.434882707403073,14.434882707403073,4.937840378407766,0.8728951039972197,"[0.5357135275071767, 0.9883064317547824, 0.07572019146551229, 0.1634440919010201, 0.13406593722694124]","[-66.74994582054742, -21.815850135084084, 211.49234422464573, 76.27652605547038, 280.93467956189284]",366.61001194379946,0.027032490601413883,0.012429856251401361,True,8.695876553554971e-09,0
463,1,14.376099228389087,14.376099228389087,4.9312471661993476,0.8717295777316261,"[0.5360776743861255, 0.9884254456901594, 0.0745664185878829, 0.16302797382693457, 0.13253332943987298]","[73.202527384313, 15.345272058116564, -205.3653574084537, -65.09881491769116, -224.64510825490575]",320.1129453490389,0.026744637492811307,0.012280131246370729,True,8.28252421421899e-09,0
464,1,14.435519176222318,14.435519176222318,4.937716185240203,0.8728731495394795,"[0.5356203200151284, 0.9883295715789683, 0.07584949920296949, 0.16343469786520493, 0.13393686598232213]","[-122.54267426560088, -57.49009968231436, 398.10419902405914, 64.29865320980956, 581.2929224502168]",720.3086493674391,0.02900414374016691,0.01321846561768325,True,8.692021130629612e-09,0
465,1,14.382359077162487,14.382359077162487,4.932246553964858,0.871906246198133,"[0.5359605704740755, 0.9884891978717602, 0.0747441280558283, 0.16325616702771967, 0.13232285531353483]","[47.12017028292106, 9.43358872707901, -127.31177272088173, -33.67710604966097, -134.33828242537274]",194.16104685022665,0.02841505314427195,0.01362072498886846,True,8.184642181011115e-09,0
466,1,14.441025433432106,14.441025433432106,4.937765947293058,0.8728819463107345,"[0.5354751984486659, 0.9883920250466228, 0.07605553191139601, 0.16360306571410207, 0.1337066373295878]","[-669.3712348978318, -96.72652007918387, 1909.1407837691315, 927.1550548822834, 2192.343965990732]",3125.4153264895263,0.028727340621117037,0.013502931244147476,True,8.662269747848617e-09,0
467,1,14.377567689854274,14.377567689854274,4.932031181689954,0.8718681733991169,"[0.5359035391106088, 0.9884539217931188, 0.07483384417755305, 0.16300976533125447, 0.13230372364486323]","[30.053646037814467, 5.152891646340983, -74.27624563109319, -13.946577683506268, -74.15854003808256]",110.18498394607876,0.02950412502104882,0.014675131271360442,True,8.20636708500494e-09,0
468,1,14.434230872456023,14.434230872456023,4.937092939556017,0.8727629742270712,"[0.5353580265559716, 0.9883603901436734, 0.07618205412359738, 0.1632629137582707, 0.133649797082124]","[57.13554927248092, 14.26065915423546, -158.3925489254486, -31.780388269616154, -202.49288066151448]",265.64901043001817,0.031098868763365317,0.01444854059809586,True,8.645219493411127e-09,0
469,1,14.49235272927457,14.49235272927457,4.9407817118819874,0.873415063208558,"[0.5349278683620466, 0.9882530254737949, 0.07737454905266529, 0.16350217975981202, 0.13517431155581217]","[44.6123654528935, -0.9819539384329132, -108.76170923929047, -48.79860103307826, -105.36146481245035]",165.23522176492048,0.026987959354300983,0.012721581239020452,True,8.752193780478534e-09,0
470,1,14.563848868158466,14.563848868158466,4.941279629724685,0.8735030834793193,"[0.5343878822141043, 0.9882649110019279, 0.07869099609194566, 0.16409283592272392, 0.13644960218315444]","[72.10989579695394, -6.972020033677817, -172.53058805521732, -97.56302511359594, -148.26622333542224]",257.90825268172813,0.029450271853420418,0.013359140597458463,True,8.816671418117317e-09,0
471,1,14.638773098240637,14.638773098240637,4.942364566616886,0.873694875037728,"[0.5338286919202934, 0.9883189768952149, 0.08002891828916561, 0.16484940748721447, 0.13759936161731892]","[131.0736039077343, -20.757114387559472, -308.41441109651396, -203.64748443812974, -244.02768543980272]",462.3336518037109,0.028913403140904848,0.01271708127023885,True,8.802661469534123e-09,0
472,1,14.715322398640357,14.715322398640357,4.941038057646201,0.873460379165609,"[0.5332616832096096, 0.988408769685796, 0.08136308209010298, 0.16573036211227019, 0.13865499615522134]","[66.68577144252926, -15.312359991146668, -140.08168841678432, -99.09378686676924, -33.64221895875845]",187.7650590582457,0.02924358750169631,0.013796743747661822,True,9.186503740002405e-09,0
473,1,14.785896900737331,14.785896900737331,4.937754426835483,0.8728799097623161,"[0.5325513724438405, 0.988571870957863, 0.08285517746842984, 0.1667858703880192, 0.1390133399187236]","[31.616857161017137, -7.708691417649397, -63.52009287184024, -36.622132510591705, -34.918821433622256]",87.48917909373962,0.030186453121132217,0.013470584402966779,True,9.35945511024161e-09,0
474,1,14.859283606824548,14.859283606824548,4.931685775185619,0.8718071135787465,"[0.5318286120410534, 0.9887480914115788, 0.08430724487903055, 0.1676230512345999, 0.1398115831253677]","[19.41706368175415, -8.315716439127458, 11.386797671314444, -26.22451178518703, -271.21290141251615]",273.53243971070657,0.030317193777591456,0.013148971876944415,True,9.379017899130426e-09,0
475,1,14.907764581200592,14.907764581200592,4.92593456453933,0.8707904335667407,"[0.5316866393836075, 0.9888088938264433, 0.08422398749512891, 0.16781479823040651, 0.14179462324812875]","[13.79387730228134, -6.332217529184244, -17.543582656959195, -7.425470768522343, 11.651618840627524]",27.00079924836126,0.028951975022209808,0.013181365640775766,True,9.428548644954682e-09,0
476,1,14.935171714355207,14.935171714355207,4.923026065336176,0.8702762786893342,"[0.5306649009398755, 0.9892779330923335, 0.08552347366921868, 0.1683648168205931, 0.14093156591912]","[12.186432395693313, -5.515491130397366, -19.84847984770526, -3.4729420972150766, 23.18460952169618]",33.503423327970395,0.02921584689465817,0.013385759397351649,True,9.415160625962649e-09,0
477,1,14.937286369629707,14.937286369629707,4.925243552500228,0.8706682787420581,"[0.5299374270769192, 0.9896071824992517, 0.08670833646086913, 0.16857213546162356, 0.139547551557719]","[12.32147625082, -4.489571749307126, -18.001366209499515, -3.6602259717420162, -2.4521163645247452]",22.703179198728836,0.029712771902268287,0.014116700003796723,True,9.391841996816974e-09,0
478,1,14.99158072075766,14.99158072075766,4.918011955267215,0.8693899008814897,"[0.528851986474753, 0.9900026840904439, 0.08829413781944842, 0.1688945771724995, 0.1397635667988403]","[7.892450130066718, -4.252568841784114, -7.446140326306505, 3.2958718128584232, 12.789311972096547]",17.613897589550074,0.03153931876295246,0.014210009401722346,True,9.411391028481264e-09,0
479,1,14.969989374481365,14.969989374481365,4.920934829053313,0.8699065968501654,"[0.527955824783169, 0.9904855492620985, 0.08913962250425791, 0.1685203417943369, 0.13831138258959885]","[8.786820488817698, -3.3310431317634555, -10.56056885992616, 2.923587377844995, -1.9591580672208044]",14.56761273448289,0.027348296898708213,0.012561856245156378,True,9.354100696280787e-09,0
480,1,15.002534503590933,15.002534503590933,4.91308144910168,0.8685183022954068,"[0.5267494746902104, 0.9909428710199251, 0.09058949202669564, 0.16811895998512338, 0.13858035707468366]","[5.418003785290661, -3.2946280709045843, -2.1974280683005145, 7.9023539475705205, 7.541020751539276]",12.819993024420906,0.028937809358467348,0.013656984388944693,True,9.411193351537006e-09,0
481,1,14.955457804815136,14.955457804815136,4.912904999743769,0.8684871101610281,"[0.525904231830164, 0.9914568538379144, 0.09093230470435361, 0.1668861427859407, 0.1374039101395588]","[5.9908240009279625, -2.7668549343717825, -4.071815249902754, 8.032355294120599, 1.4448354713383629]",11.257505006772922,0.028729812504025176,0.013875184384232853,True,9.365836915048442e-09,0
482,1,14.932093257556993,14.932093257556993,4.907354132828093,0.8675058462516435,"[0.524839906476226, 0.991948411235839, 0.09165570038520675, 0.16545912049484252, 0.1371472217400705]","[4.533233552252176, -2.731276699754443, 0.025133555876933444, 10.461953925489803, 5.132162172836454]",12.7985264406838,0.027098309379653074,0.013166106247808784,True,9.361009435486511e-09,0
483,1,14.875104576360133,14.875104576360133,4.903725726664206,0.8668644286007975,"[0.5241315071815248, 0.9923752223554159, 0.09165177281495224, 0.16382425198507158, 0.1363452290737708]","[4.674426758504387, -2.628790133094652, 1.3511898376409668, 11.097852583415825, 2.5214845751388224]",12.653328948846394,0.0266097343628644,0.012678893734118901,True,9.223527287424704e-09,0
484,1,14.818049516628797,14.818049516628797,4.899622797439461,0.8661391263314111,"[0.5233926618109457, 0.9927907320040648, 0.09143820216599549, 0.1620701124021359, 0.13594668026734474]","[2.964229824266256, -3.233056082562558, 8.81185634875929, 13.072701884159985, 8.518614695906669]",18.44858946599091,0.027992590636131354,0.013611059373943135,True,8.858592599921e-09,0
485,1,14.743471866048488,14.743471866048488,4.899709151685977,0.8661543917497351,"[0.5230713115169766, 0.9931412255838962, 0.09048291435230915, 0.16065290899939877, 0.1350231825971138]","[8.014354914494795, -0.003943648863888077, -17.750725122308932, 10.750755146430354, -11.454270293506488]",25.021934113709648,0.025793059372517746,0.012526231279480271,True,8.75479801674961e-09,0
486,1,14.769017191768967,14.769017191768967,4.893453227613749,0.86504849016622,"[0.5224307251516098, 0.9931415407992465, 0.09190172754564051, 0.15979360251276628, 0.1359387209596557]","[16.354884652157633, 3.956859007643745, -55.018971166137916, 3.9107410915460368, -47.893790662304255]",74.9622255089975,0.0265240437729517,0.013061740632110741,True,8.790445041144401e-09,0
487,1,14.823805564325749,14.823805564325749,4.888922500771197,0.8642475632477018,"[0.5219943751222214, 0.9930359713879671, 0.09336963943837907, 0.1596892635323014, 0.13721653229293626]","[17.527715548765453, 2.81032947393711, -52.457336016593445, -0.7697587204542584, -59.20868737797932]",81.07497798691843,0.027191165652766358,0.012617506246897392,True,9.225741475459015e-09,0
488,1,14.885791903743954,14.885791903743954,4.880848530823227,0.8628202735223752,"[0.5215619922592528, 0.9929666447092881, 0.09466368446480906, 0.15970825234338856, 0.1386771231891016]","[9.09677200044145, -0.6369268289578545, -18.299638970446768, 6.536061148157246, -20.02932754666366]",29.3586065807992,0.028730946891300846,0.01383742500183871,True,9.3720729371638e-09,0
489,1,14.935605286857921,14.935605286857921,4.87043756732475,0.8609798578002607,"[0.5209422917312256, 0.993010034154709, 0.09591031304164292, 0.15926299543857284, 0.14004158355549248]","[5.807537219412888, -1.6548736321965134, -7.864873180651104, 10.276218619671674, -20.433093121867266]",24.928583776205908,0.02773359062121017,0.013443925003230106,True,9.35748491800309e-09,0
490,1,14.969987401147904,14.969987401147904,4.857101183836279,0.8586222959999601,"[0.5204763577438546, 0.9931428033201768, 0.09654130541978537, 0.15843854277720118, 0.14168091399676294]","[4.8978712609974995, -1.8223850812047775, -5.046760896399157, 10.827217358793764, -6.080929707278488]",14.387020805516118,0.026911115601251367,0.013203262496972457,True,9.393085004250068e-09,0
491,1,14.968261187685972,14.968261187685972,4.846814455953311,0.8568038422393932,"[0.5197954841527385, 0.9933961407005438, 0.0972428767825116, 0.1569334059591756, 0.14252624949589898]","[3.6840095133856248, -1.8552388088737308, -2.36688501044582, 12.540070461976672, -2.4520106471821475]",13.633844109075568,0.028213471880008,0.014014799999131355,True,9.414116694528296e-09,0
492,1,14.93513319636856,14.93513319636856,4.84009624195517,0.8556162185705062,"[0.5192550629063692, 0.993668292676743, 0.09759008406922198, 0.15509385573977572, 0.1428859441832352]","[3.313418787389467, -1.8501345541783785, -1.2602441070838115, 13.373430684208374, -1.0411369583970553]",13.997234425774833,0.028349556239845697,0.013865787521353923,True,9.417768891128997e-09,0
493,1,14.889878009424535,14.889878009424535,4.834895062340772,0.8546967712266288,"[0.5187816238417136, 0.9939326498344168, 0.09777015451294808, 0.15318298816744633, 0.14303470742126534]","[3.042259878299066, -1.829069848066733, -0.45325991231788165, 14.122348531924864, 0.21679213684578924]",14.570312732130633,0.02825258127268171,0.013497400017513428,True,9.391621595862543e-09,0
494,1,14.835779100528221,14.835779100528221,4.830894116787507,0.8539894972936607,"[0.5183640267819907, 0.9941837178631637, 0.09783237142216888, 0.15124447815869232, 0.14300494935898947]","[3.441853211942143, -1.8175638215639776, -0.5922891393928515, 14.082628804906172, 0.059007323311739635]",14.622743043753276,0.02708962187898578,0.013304796870215796,True,9.38593818639033e-09,0
495,1,14.782985206217958,14.782985206217958,4.826434325440734,0.8532011101176658,"[0.5178932733533886, 0.9944323119629166, 0.09791338072905202, 0.14931835133531782, 0.14299687873597008]","[3.2250424250836427, -1.7936927372020468, 0.054438985714606036, 14.79617939865016, 1.3175414240377386]",15.30633973500331,0.02622951250668848,0.012337640626356006,True,9.376860921408992e-09,0
496,1,14.723020361572528,14.723020361572528,4.8230138093787716,0.8525964425920229,"[0.5174718737920686, 0.9946666844867386, 0.09790626746923242, 0.14738501133975418, 0.14282472243384142]","[3.008961297441898, -1.767280663150846, 0.6608688794512421, 15.554954917166503, 2.6825175855157335]",16.17919651216836,0.027743565631681122,0.01333495622384362,True,9.365273132520835e-09,0
497,1,14.656591977376,14.656591977376,4.8208772140981235,0.8522187423391236,"[0.5170999194375996, 0.9948851478278213, 0.09782457381047584, 0.14546217729734592, 0.14249312159280678]","[3.3699789296013867, -1.7530264815545233, 0.6060591142205966, 15.807205163623154, 2.7834836916799093]",16.504929082781334,0.02598687186400639,0.012621893751202151,True,9.349973892347485e-09,0
498,1,14.590010465547032,14.590010465547032,4.818693179790686,0.8518326559718403,"[0.5166915591335359, 0.9950975724280915, 0.09775113403849692, 0.14354672463670332, 0.1421558303899727]","[3.9119298327771452, -1.776329224123047, -0.08043916442056098, 15.511516338157897, 2.1048381597493977]",16.232759893988906,0.027630806267552543,0.012910828125313856,True,9.356891534154088e-09,0
499,1,14.527622520276804,14.527622520276804,4.8154355593757,0.8512567846003483,"[0.5162095794999944, 0.9953164297555718, 0.09776104475792367, 0.14163558735154624, 0.14189649825257084]","[3.301313410622126, -1.8375865245801004, 1.1861390887200747, 17.026509590972566, 0.4617712084288216]",17.487068991362623,0.025921775013557635,0.012466931242670398,True,9.354468930369841e-09,0
500,1,14.465734693167768,14.465734693167768,4.811181416619126,0.850504751302521,"[0.5158320075453044, 0.9955265949382428, 0.09762538576449967, 0.13968826163350753, 0.14184368537596692]","[-6.302525497599313, -3.6832587170161424, 16.927173826405358, 35.07557834542028, -86.6403107235586]",95.27149140595107,0.027951190641033463,0.01367103750089882,True,9.28051638576094e-09,0
501,1,14.484838402321639,14.484838402321639,4.799084729688046,0.8483663389628066,"[0.5159643141861374, 0.9956039162578237, 0.09727003971970856, 0.13895193268919417, 0.14366249411810103]","[4.036639150616427, -1.8002032860723556, 0.5731181548189574, 15.998856292043214, 5.013088627692116]",17.348144343571875,0.029012649982178118,0.01381133435643278,True,9.360002214270358e-09,0
502,1,14.412627488438439,14.412627488438439,4.797604281449332,0.848104630215609,"[0.5154989457789534, 0.9958114546838728, 0.09720396715961964, 0.13710748685403495, 0.14308455465343883]","[3.716005922923755, -1.8019286898430449, 1.304088989488457, 17.07629213600746, 6.48754477263156]",18.773499551393137,0.026961378127452917,0.013301034377946053,True,9.332331716432885e-09,0
503,1,14.336297443106691,14.336297443106691,4.797234224814925,0.848039212826706,"[0.5151030679712433, 0.9960034198190693, 0.09706503845473444, 0.13528829570234255, 0.14239341608819414]","[-0.4741154249803755, -2.543597900709412, 8.096544663841904, 25.264128071461673, -25.856105975824487]",37.13573877889827,0.028688728125416674,0.014118412487732712,True,9.267289609315998e-09,0
504,1,14.323262143922843,14.323262143922843,4.785981166709271,0.8460499344028074,"[0.5151286021569392, 0.9961404090366952, 0.09662898709667046, 0.13392765881176116, 0.14378593482218635]","[3.813102201661022, -1.8189890894820213, 1.6469981914527514, 17.53636213628953, 8.492107112129025]",20.005023192427867,0.029315378131286707,0.014239975011150818,True,9.319917937226918e-09,0
505,1,14.24277495947797,14.24277495947797,4.786754773254696,0.8461866900113675,"[0.5147473876824753, 0.9963222622714447, 0.09646432863309079, 0.13217446293023372, 0.14293693734490084]","[2.7636390183617006, -1.9532298676502704, 3.5015690215991686, 19.990069645136916, 4.544189468755563]",21.070508667283963,0.026465653128980193,0.012315256222791504,True,9.270397761940163e-09,0
506,1,14.165393509530773,14.165393509530773,4.784780358177739,0.8458376594389191,"[0.5144850647303463, 0.9965076616747909, 0.09613196180923049, 0.1302770175519713, 0.1425056056157722]","[3.481335631511003, -1.7826436424518082, 2.667781046417847, 19.139654480759848, 13.632945480499888]",23.97077695787062,0.028563175015733577,0.012954393750987947,True,9.262277570788735e-09,0
507,1,14.079385398093772,14.079385398093772,4.785244066347991,0.8459196322368383,"[0.5141945997498006, 0.9966563964150549, 0.09590937569523049, 0.12868010189808157, 0.1413681418194262]","[4.005005346925647, -1.595570384724768, 2.564243369701914, 19.50708331040019, 13.363779931734271]",24.171846641977755,0.027279228132101707,0.01312099377537379,True,8.799923075820948e-09,0
508,1,13.995723080141005,13.995723080141005,4.785953041235193,0.8460449624744463,"[0.5138632220602033, 0.9967884153218676, 0.09569720792769694, 0.12706606854775274, 0.14026241083170982]","[3.901958501490158, -1.61260223623767, 3.234172304164182, 20.436601631489523, 11.214250431778632]",23.910243319622243,0.02826287501375191,0.014117581253231037,True,8.66065076165351e-09,0
509,1,13.91290981624314,13.91290981624314,4.784911769655175,0.8458608899256245,"[0.5135368382213467, 0.996923303303944, 0.09542668183887418, 0.12535662533068073, 0.13932438186384008]","[3.561055019360058, -1.7087202083692548, 4.253817428920439, 21.609319513975574, 12.776240400372759]",25.766078648975455,0.026852668743231334,0.01322110938053811,True,8.590853464371384e-09,0
510,1,13.827642659715966,13.827642659715966,4.782393667241554,0.8454157481025261,"[0.5132604240205103, 0.9970559366185885, 0.09509649442567039, 0.12367927893990611, 0.13833267174962874]","[3.671671367184625, -1.7641465125374278, 5.046876588788555, 22.63140300037675, 13.919226107604747]",27.34939860488436,0.02580668123846408,0.012231706270540599,True,8.566376804089448e-09,0
511,1,13.743392838960887,13.743392838960887,4.778472846501607,0.8447226383692676,"[0.5129919229525275, 0.9971849446847592, 0.09472742769323389, 0.1220242953458239, 0.13731479005444513]","[3.747278010062291, -1.7866967089292076, 5.845197345645485, 23.284633828637137, 12.733135210418352]",27.490136675623212,0.025768450017494615,0.012174678144219797,True,8.236407758946407e-09,0
512,1,13.658317952605094,13.658317952605094,4.774576420874745,0.8440338411234819,"[0.5127192958605532, 0.9973149328859782, 0.09430216990609339, 0.1203302598375583, 0.13638841159658566]","[3.6707177199424668, -1.7913416293086195, 6.692643124514156, 24.102852047648202, 11.512851202106022]",27.838242851105985,0.02731023438536795,0.012827887461753562,True,7.587654761442852e-09,0
513,1,13.57562994416152,13.57562994416152,4.770663874845522,0.8433421941662398,"[0.5124555782301379, 0.9974436293442155, 0.09382134623054249, 0.1185986238161544, 0.1355612867479902]","[3.6544889269453384, -1.8177228013537605, 7.203175710482884, 24.842705893073486, 11.62285898600443]",28.649538092508752,0.026365149969933555,0.01260261247807648,True,7.049208571897891e-09,0
514,1,13.494257711880048,13.494257711880048,4.769125987576061,0.8430703315370057,"[0.5122004614519883, 0.9975705230341186, 0.0933184986323039, 0.1168643755492546, 0.13474990480193097]","[4.340659191552298, -1.8832749044053398, 6.544916086103435, 24.151724017675715, 8.282630451159733]",26.779315028083865,0.02684641250380082,0.01222946558118565,True,6.789494832667997e-09,0
515,1,13.414708068933619,13.414708068933619,4.76821030647289,0.8429084604576415,"[0.5118762814506075, 0.9977111744960668, 0.09282969478657482, 0.11506061589435339, 0.13413132061169575]","[4.385847109520518, -1.947058542114685, 6.860412339853814, 24.799297724311497, 9.210005096321352]",27.747455933844392,0.026277731245500036,0.012343900009000208,True,6.341381443390748e-09,0
516,1,13.333100084135175,13.333100084135175,4.767548642604454,0.8427914937055823,"[0.5115601553798197, 0.9978515159058657, 0.09233520532015577, 0.11327311524690345, 0.13346747560061092]","[4.539516992624116, -2.007894736416692, 7.03583732343979, 25.293025795777346, 9.648679853986877]",28.407323694275597,0.028277478137169965,0.013300443773914594,True,6.1739960791409865e-09,0
517,1,13.252325120381233,13.252325120381233,4.7669101574780965,0.8426786244149488,"[0.5112405535024082, 0.9979928804890243, 0.09183985155864602, 0.11149237545831268, 0.13278816628182483]","[4.549690755148183, -2.0775307614170146, 7.551572059421774, 26.0482421799233, 10.385380012373506]",29.46878177438112,0.02646672186529031,0.012459196863346733,True,6.099380112957464e-09,0
518,1,13.170305284538784,13.170305284538784,4.766525761542267,0.8426106721717274,"[0.5109317731266311, 0.9981338792433843, 0.09132733820692474, 0.10972452211585218, 0.1320833268289059]","[4.413265325436261, -2.1640188765520527, 8.389040606493428, 27.016313270119074, 11.643542592074315]",30.983691801185152,0.02616385624423856,0.012353871868981514,True,6.076042185880481e-09,0
519,1,13.085215646847317,13.085215646847317,4.76771632690917,0.8428211363828231,"[0.5106468964661213, 0.9982735668500367, 0.09078582490631143, 0.10798061674507814, 0.13133173514213]","[4.606597133717992, -2.185076397639467, 8.870980673181881, 27.465874893724347, 10.004700914801584]",30.970274751642346,0.025890478122164495,0.012922562491439749,True,5.533829052113692e-09,0
520,1,12.998685761564658,12.998685761564658,4.768758730928876,0.8430054091205906,"[0.5103494113988747, 0.9984146748263198, 0.09021295425895465, 0.10620692405987643, 0.1306856510505481]","[4.7478372442596894, -2.251082050729372, 9.65754718149365, 28.308675995378987, 12.360556472530432]",32.7878337098051,0.027285309370199684,0.01324477184243733,True,5.1554510903384365e-09,0
521,1,12.914552318478643,12.914552318478643,4.770335152669492,0.8432840837462906,"[0.5100598017048561, 0.9985519868592272, 0.08962386092228135, 0.10448014477673946, 0.12993167891676502]","[5.153339161718481, -2.510630627596446, 9.13666687791311, 27.758774932645963, 8.486789029941786]",30.966336982308952,0.025964174994442146,0.013015699987590779,True,4.664906653670253e-09,0
522,1,12.83057549165591,12.83057549165591,4.769037309816517,0.8430546553757273,"[0.5097269667838581, 0.9987141391104896, 0.0890337577478027, 0.10268730922453269, 0.12938354892421755]","[5.374578879337628, -2.6070606012495787, 9.465310363255341, 28.28548104417948, 9.70078080123329]",31.928804384689574,0.025761265605979133,0.012194712508062366,True,4.4521527714502795e-09,0
523,1,12.747149508168096,12.747149508168096,4.767764381902789,0.8428296313857876,"[0.5093903065810885, 0.9988774437284613, 0.08844085672658578, 0.10091552468149123, 0.1287758981845249]","[5.733570544535278, -2.6440951045911465, 9.562844666641102, 28.51848245359813, 8.238615758852893]",31.81967472033294,0.025402603125257883,0.012441037513781339,True,4.0680694680939045e-09,0
524,1,12.665376074276967,12.665376074276967,4.76325055810452,0.8420316925315783,"[0.5090299276272024, 0.999043636194459, 0.08783979183510655, 0.09912301845989378, 0.1282580666333853]","[6.102319240873888, -2.66967972310728, 9.614502573961936, 28.824820459964165, 7.864508497625429]",32.08621071651531,0.02673727499495726,0.01302915623091394,True,3.672013939443053e-09,0
525,1,12.584432161208145,12.584432161208145,4.758052042057446,0.8411127160443299,"[0.5086495574242764, 0.9992100428634553, 0.08724049996741876, 0.09732630767258793, 0.1277678555226459]","[6.373931929326605, -2.759227012342447, 9.698764380872062, 29.188232904613635, 7.747955884189279]",32.46983419942756,0.025250537488318514,0.012441343780665193,True,3.1810168561741126e-09,0
526,1,12.504075528555603,12.504075528555603,4.752145213643238,0.840068526437582,"[0.5082569510506201, 0.9993799991986376, 0.08664309843336693, 0.09552843998256878, 0.12729061527335095]","[7.474016861903019, -2.7154062189555277, 8.381649746506817, 27.874622861811417, 2.3563972416890353]",30.266047299043365,0.0251862281220383,0.012390315627271775,True,2.8423006908154247e-09,0
527,1,12.423896997047947,12.423896997047947,4.743999686529604,0.8386285870729847,"[0.5077630631776641, 0.9995594349995558, 0.0860892335917895, 0.09368646685766908, 0.127134903018075]","[7.975863411750127, -2.761354315766905, 8.078845410312784, 27.93024836683445, 1.9934051476547785]",30.34105561610515,0.026633562498318497,0.01280939688149374,True,2.5312965430332457e-09,0
528,1,12.344210689462992,12.344210689462992,4.734537345551701,0.8369558657051409,"[0.5072373159187418, 0.9997414559780355, 0.08555669803915314, 0.09184538072544576, 0.1270035031635142]","[8.317527483327806, -2.818898155116775, 8.018378334324984, 28.276117571472067, 2.137720446443232]",30.749479913976746,0.02597345001413487,0.013128190628776792,True,2.273594813285984e-09,0
529,1,12.264024367669396,12.264024367669396,4.724534123819133,0.8351875292249381,"[0.506696329371566, 0.9999248020484673, 0.08503516867628287, 0.09000625254183704, 0.126864462083642]","[8.90611393903475, -2.9550670348517984, 7.549296902457362, 28.03257619454174, 0.4548585826058188]",30.513528062647026,0.028249171875359025,0.014612856262829155,True,1.8585597375345153e-09,0
530,1,12.18373210337269,12.18373210337269,4.713441633914154,0.8332266355169246,"[0.5061125808177798, 1.0001184910265946, 0.08454035228620758, 0.0881688657843261, 0.12683464851494178]","[9.270457923915071, -3.0229423466857863, 7.470480946762686, 28.37674919816432, 0.5255187056642906]",30.925777614991876,0.02718468747480074,0.013916328105551656,True,1.4934038528383042e-09,0
531,1,12.102960089501662,12.102960089501662,4.701672033093663,0.8311460443789177,"[0.5055130513224165, 1.0003139876368479, 0.08405722904581413, 0.08633371392166182, 0.12680066271111237]","[9.674431279281803, -3.093348193976107, 7.321870423736508, 28.680124416532312, 0.5311219949807786]",31.298639543118068,0.025636953134380747,0.012990715629712213,True,1.3264607988394683e-09,0
532,1,12.022190733121338,12.022190733121338,4.688862911730407,0.8288816902346677,"[0.5048948499296279, 1.0005116542600003, 0.08358935756447286, 0.08450103845497867, 0.12676672372828648]","[10.094209837802516, -3.164742880884014, 7.150450997314368, 28.984959550240426, 0.5450003640127744]",31.677476615768136,0.024842962498951238,0.012831162457587197,True,1.302721901706716e-09,0
533,1,11.941164806350873,11.941164806350873,4.675141789954023,0.8264561156712759,"[0.5042575384442516, 1.0007114645491324, 0.08313790424425926, 0.08267103413355506, 0.12673231439886887]","[10.576480680931551, -3.251499090071827, 6.920759714604774, 29.17374787488761, 0.27098514778732186]",31.961102968639604,0.02839614688855363,0.01512163434381364,True,1.2662643234309656e-09,0
534,1,11.85958902087885,11.85958902087885,4.660703913235486,0.8239038355378726,"[0.5035957039205196, 1.0009149305617515, 0.0827048303468297, 0.08084545584218006, 0.12671535721512933]","[11.048817895439623, -3.336744977926104, 6.704522989334678, 29.429362000723827, 0.1310726235643105]",32.31509554760924,0.02587040623620851,0.014137225021841004,True,1.2187594388562983e-09,0
535,1,11.77730164110745,11.77730164110745,4.645602332386134,0.8212342279815692,"[0.5029118861747963, 1.001121443643101, 0.08228988353169499, 0.07902405556462523, 0.1267072450544602]","[11.490828535889353, -3.418354324209133, 6.54755198550487, 29.79498429422023, 0.13930723218524196]",32.77735833357695,0.02502332813310204,0.012541850010165945,True,1.2140960849518767e-09,0
536,1,11.694275787570803,11.694275787570803,4.6297392952473,0.8184300126987983,"[0.502210741902058, 1.0013300238641987, 0.08189036677267675, 0.07720603325849024, 0.1266987448433838]","[11.944982338944012, -3.5024200632316527, 6.379681365276848, 30.18052768431764, 0.14698724496455173]",33.264631972314355,0.0250040468890802,0.013005853106733412,True,1.014971271959264e-09,0
537,1,11.610415970336216,11.610415970336216,4.613095169209114,0.815487719101667,"[0.5014925627652183, 1.0015406030803489, 0.08150679533437587, 0.07539146169139585, 0.12668990739434288]","[12.41177272724369, -3.5889950733995923, 6.202118785292552, 30.587421649726956, 0.15419286299004908]",33.778889915355386,0.026600375007546972,0.013982665601361077,True,7.776244396670573e-10,0
538,1,11.525617991467648,11.525617991467648,4.595649890205048,0.8124038003308005,"[0.5007576793656762, 1.0017531023710176, 0.08113957670755595, 0.07358042398557019, 0.12668077785436263]","[12.891733256267349, -3.6781265689016553, 6.016135631163016, 31.017202754764355, 0.16103565623549523]",34.32218070800426,0.026125893753487617,0.014493665621557739,True,7.590690064354644e-10,0
539,1,11.440411681072598,11.440411681072598,4.576730939778116,0.8090593707958466,"[0.5000064605916963, 1.0019674317925706, 0.0807890083283396, 0.07177300953147478, 0.12667139408836006]","[13.394318945417627, -3.7694138816117997, 5.799494051537924, 31.45004672255859, 0.16952250897734641]",34.87670524875384,0.023339749990554992,0.012255046865902841,True,7.579996534959332e-10,0
540,1,11.354405051652105,11.354405051652105,4.556723510448206,0.8055225235575241,"[0.4992383651624119, 1.0021835883276917, 0.08045643711726863, 0.06996951080661856, 0.12666167284274563]","[13.958546284855176, -3.88314400078092, 5.493557701168712, 31.781002663493982, 0.006535361521599836]",35.35719404790596,0.024466046859743074,0.012561681243823841,True,7.584905221263982e-10,0
541,1,11.267335300217574,11.267335300217574,4.535853210257275,0.8018331408599225,"[0.4984487919702888, 1.0024032405996117, 0.08014569086893399, 0.06817180012745468, 0.1266613031662655]","[14.494043168032137, -3.98298313156912, 5.255426331510785, 32.2527063548252, -0.00552084306486017]",35.96940429864485,0.0236548875036533,0.012263493750651833,True,9.465739260125505e-10,0
542,1,11.178581193299866,11.178581193299866,4.5147185775131815,0.7980970303271135,"[0.4976428824229808, 1.0026247056591044, 0.07985347439029952, 0.06637845898195543, 0.12666161014066069]","[15.043057184333675, -4.085371483922222, 5.004043445961565, 32.764381558257476, -0.01726488973720275]",36.62689281652689,0.0262147156172432,0.013930725006503053,True,9.429023273971326e-10,0
543,1,11.088699175933062,11.088699175933062,4.492510601779889,0.7941711777677543,"[0.49682146100133434, 1.0028477860882457, 0.07958023016666901, 0.0645893701983948, 0.12666255288455236]","[15.608395015227849, -4.190942164412437, 4.737994199737732, 33.30742884272851, -0.028378758969472506]",37.32318584581134,0.024237899997388013,0.012906799987831619,True,9.447315395261224e-10,0
544,1,10.997491040345011,10.997491040345011,4.469331994003137,0.790073740083403,"[0.4959850696450717, 1.0030723618884796, 0.07932634003954084, 0.06280455852773865, 0.12666407358855045]","[16.190268978340733, -4.299746286222178, 4.462114383577784, 33.885645505232766, -0.038446803652646966]",38.06260030465664,0.02356020315346541,0.012039871893648524,True,9.47214124843998e-10,0
545,1,10.90497556791897,10.90497556791897,4.444990952481445,0.78577081120312,"[0.4951343516779162, 1.00329829213243, 0.07909187816106983, 0.06102403669091623, 0.12666609377652205]","[16.78992331680596, -4.411871229305292, 4.1713814011594765, 34.49989599876123, -0.04694857534410929]",38.84599829604336,0.02361389374709688,0.012466212501749396,True,9.503335019964143e-10,0
546,1,10.810933769054282,10.810933769054282,4.4195166676145,0.7812675513092965,"[0.4942699165209964, 1.0035254388874482, 0.07887711311014942, 0.059247797309194015, 0.1266685109405751]","[17.407571535752606, -4.527320133594617, 3.8704413458104083, 35.15471144327667, -0.053251630653045556]",39.67816859397582,0.02453294995939359,0.013367715597269125,True,8.789444397999668e-10,0
547,1,10.715409285991015,10.715409285991015,4.392735534401019,0.7765332710835182,"[0.4933924782645363, 1.0037536409589605, 0.07868202137669171, 0.05747580466497061, 0.12667119511842598]","[18.04480028785043, -4.64611214203708, 3.5530766004423406, 35.85056097440529, -0.0566367774554144]",40.55972705403125,0.02665759686351521,0.013755040636169724,True,8.743534108540674e-10,0
548,1,10.618257093966276,10.618257093966276,4.36462994735486,0.7715648582861263,"[0.4925026892251097, 1.0039827407325232, 0.07850681918188297, 0.05570801362802584, 0.1266739878777253]","[18.70148471032085, -4.7679249334952685, 3.2193325344295847, 36.59190150515218, -0.05633884200291489]",41.494736658242864,0.023935909346619155,0.0129215250199195,True,6.151719324914984e-10,0
549,1,10.519295729782277,10.519295729782277,4.335178951191211,0.7663586085111225,"[0.4916012985324106, 1.0042125493934457, 0.07835165094640931, 0.05394432481102493, 0.12667670334703726]","[19.379478387512258, -4.892726127577901, 2.8689467852349932, 37.38145292695206, -0.051631037488842624]",42.48658018577176,0.023042196880851407,0.01224561874551,True,6.108526219572585e-10,0
550,1,10.418335392644627,10.418335392644627,4.304256983269506,0.760892325209855,"[0.4906890350222707, 1.0044428680543531, 0.07821659904189626, 0.052184641976462935, 0.12667913381036294]","[20.0805828740152, -5.0203193269425475, 2.5035165756243325, 38.22193878079363, -0.041922753548766734]",43.5387111847502,0.02336458750505699,0.012366118775389623,True,6.109526244288399e-10,0
551,1,10.315447607752624,10.315447607752624,4.271698794263974,0.7551367961526138,"[0.48976661070941746, 1.0046734821074665, 0.07810159717310214, 0.05042887393740792, 0.12668105957951903]","[20.808814461274817, -5.150571982580459, 2.115882438798619, 39.11025597336193, -0.02684026503208803]",44.6500274605519,0.02409758749854518,0.01248479685455095,True,6.110504697717789e-10,0
552,1,10.210292334082613,10.210292334082613,4.2373039195013975,0.7490565838569436,"[0.488834525528543, 1.0049041906769973, 0.07800682086235426, 0.048677015844731955, 0.1266822618302928]","[21.566510774767973, -5.282840652004543, 1.7098223875673335, 40.04990037859283, -0.006248472492967672]",45.82511150371923,0.026117846864508465,0.01408439376973547,True,7.286868174832817e-10,0
553,1,10.102878404397938,10.102878404397938,4.201013102625709,0.7426412131800441,"[0.4878932725750157, 1.0051347559927615, 0.07793219704447697, 0.0469290702723805, 0.12668253453983078]","[22.360985487630792, -5.41674069631222, 1.273258093386681, 41.03292324565635, 0.019903723927747863]",47.06035618398618,0.02382942811527755,0.012246309386682697,True,7.797561346611914e-10,0
554,1,9.993059830356007,9.993059830356007,4.162836442891149,0.7358924694347043,"[0.4869429616424025, 1.005364959974857, 0.07787808533786847, 0.04518522782952423, 0.12668168865911328]","[23.19956543432861, -5.551423828323382, 0.7970752209552419, 42.051052764361195, 0.05192741997220285]",48.35253051102152,0.02441865625587525,0.012884684379969258,True,8.172357721103474e-10,0
555,1,9.880636184979135,9.880636184979135,4.122506256570547,0.7287630323762506,"[0.485983360761594, 1.005594582861996, 0.07784511600978927, 0.04344587510820569, 0.1266795407913834]","[24.094294210787577, -5.685623513065866, 0.2728053886222649, 43.091634703173284, 0.09107465115917579]",49.697414691432314,0.024074599998129997,0.012389193740091287,True,8.431020361021613e-10,0
556,1,9.765370149707728,9.765370149707728,4.0799700212187995,0.7212436172604088,"[0.48501372101836376, 1.005823392491159, 0.07783413735464954, 0.041711715093248815, 0.12667587562482605]","[25.06405964621751, -5.816915302857251, -0.31647230071733057, 44.13095223701355, 0.14009141543223674]",51.08526514815338,0.024826240602124017,0.012910106248455122,True,9.939231772684853e-10,0
557,1,9.647369603766784,9.647369603766784,4.035107241852868,0.7133129233822774,"[0.4840324572597031, 1.0060511260767977, 0.07784652731875341, 0.03998397805955956, 0.12667039101336233]","[26.142348232749033, -5.941250026134516, -1.0128993218298958, 45.112651327976174, 0.2056387354285527]",52.48752599580764,0.026401890623674262,0.014158074991428293,True,1.005795596982495e-09,0
558,1,9.526492225169847,9.526492225169847,3.9881525781417912,0.7050124331026681,"[0.48303632159751403, 1.0062775132007211, 0.07788512312995212, 0.03826499243502393, 0.12666255529500742]","[27.391143602060218, -6.050185526749218, -1.8823801965853573, 45.94340001440882, 0.3036474145032422]",53.863819532015945,0.024847237480571494,0.012448290624888614,True,7.754456209096983e-10,0
559,1,9.401685922517352,9.401685922517352,3.9408375707918677,0.6966482424654126,"[0.4820192699350239, 1.0065021606757498, 0.0779550171780499, 0.036559082961365175, 0.12665128066141715]","[28.819893151434115, -6.1399530260919235, -2.934066365817352, 46.670246224250654, 0.4453857043932542]",55.273902168379394,0.02551084690639982,0.014149381233437452,True,8.89192669148442e-10,0
560,1,9.274202584109595,9.274202584109595,3.891475167861815,0.6879221200035369,"[0.4809764670200743, 1.0067243253062577, 0.07806118179645612, 0.0348703928420667, 0.12663516507388262]","[30.589264553875267, -6.1882030719614605, -4.329598940964672, 46.97484868845402, 0.6646399607595084]",56.56695630646035,0.024316393755725585,0.012516184367996175,True,9.144296569951749e-10,0
561,1,9.144947860129044,9.144947860129044,3.8397087449998,0.6787710228426616,"[0.47989494287415374, 1.0069431174589882, 0.07821426052734741, 0.03320953456879741, 0.12661166584379688]","[33.22249886817825, -6.11913571442129, -6.585171254706448, 45.95391360292781, 1.0848041534249646]",57.42370337123917,0.026045918777526822,0.013612996881420258,True,9.474265790301861e-10,0
562,1,9.015812558809035,9.015812558809035,3.7866423584809548,0.6693901224025262,"[0.47873784234189376, 1.0071562397536182, 0.07844361429131555, 0.03160901384636892, 0.12657388339196185]","[38.70181540326894, -5.645474824658558, -11.647697551378776, 40.27406276583663, 2.167421711181412]",57.37655103170286,0.026444574985362124,0.01348794063233072,True,9.303129273885435e-10,0
563,1,8.896837567690193,8.896837567690193,3.736436383148568,0.6605148759991223,"[0.47738879592112826, 1.0073530265845814, 0.07884962327379133, 0.03020516289886663, 0.12649833260781151]","[59.33957005039984, -2.998819177635742, -31.677849380145016, 9.262962239462896, 6.77529804881398]",68.30351941648101,0.024884928126994055,0.012711850002233405,True,9.44306065633893e-10,0
564,1,8.86848824173449,8.86848824173449,3.7156769986162335,0.6568451006051041,"[0.47565126993252704, 1.0074408352129862, 0.0797771845371144, 0.029933933471204308, 0.12629994464459685]","[38.767098436138454, -5.882042150963548, -11.644007642903391, 44.831563929353884, 2.1999503117310146]",60.72707930352638,0.025540115631883964,0.013772196842182893,True,9.56910673963196e-10,0
565,1,8.73872374951219,8.73872374951219,3.660566266627257,0.6471028075287142,"[0.4743745051389583, 1.0076345557810862, 0.08016067104021173, 0.02845744013601398, 0.1262274909604439]","[60.75418581945503, -3.0326078326752715, -33.47056447825378, 12.194932991961597, 7.5212755771520285]",70.8931059294944,0.023950581256940495,0.012398656261211727,True,9.689618786154486e-10,0
566,1,8.703457018386615,8.703457018386615,3.636916167067103,0.6429220210850337,"[0.4726605391609683, 1.0077201101602566, 0.0811049254649246, 0.028113402931496015, 0.12601530458552257]","[39.820466252266364, -6.0186344647800105, -12.61184097221205, 48.29289053735421, 2.4476134445016196]",64.18057427371205,0.023385528118524235,0.012322506263444666,True,9.837700836248797e-10,0
567,1,8.565291479943205,8.565291479943205,3.577577574887088,0.6324323408558958,"[0.4714196507238589, 1.007907663311122, 0.08149793662491296, 0.02660849615610176, 0.12593903186680164]","[66.72993408923662, -2.433861689789543, -39.98252361997246, 8.205497992485622, 9.555538059784817]",78.84192086838846,0.026956121851981152,0.013619453129649628,True,1.1525036506740416e-09,0
568,1,8.54139167715116,8.54139167715116,3.5579833367415246,0.6289685361896679,"[0.4697268981030854, 1.0079694036051927, 0.08251218191927123, 0.026400345519942626, 0.1256966344732725]","[39.297118658429085, -6.364415408530585, -12.00478646332426, 54.383328094715885, 2.2712383281382236]",68.49517584894376,0.026415087493660394,0.01365166872710688,True,1.1503043066685148e-09,0
569,1,8.388184736904545,8.388184736904545,3.494252293394198,0.6177023729589207,"[0.4685794561651445, 1.0081552390404493, 0.08286271131975409, 0.024812399291032825, 0.12563031627494817]","[50.04903441837527, -5.114913299596897, -23.022121783151363, 41.39792898595272, 5.260512156993602]",69.30041694068096,0.02469720937369857,0.012237724993610755,True,1.0079768729756577e-09,0
570,1,8.267345974465316,8.267345974465316,3.4396071955211744,0.6080423931427663,"[0.4671350482776568, 1.0083028546977664, 0.08352712642139844, 0.02361766105386491, 0.12547849865568564]","[52.34358368941507, -4.988425236781657, -25.450291196713465, 41.55822161147184, 5.978820637014387]",71.93945052270739,0.025986284352256916,0.01257025000086287,True,1.0084310391941798e-09,0
571,1,8.147146226133815,8.147146226133815,3.383650755328108,0.5981505985648721,"[0.46567983605937147, 1.0084415386938343, 0.08423467397733442, 0.022462294386231648, 0.1253122805210324]","[51.486703535278785, -5.315048725261233, -24.589428640856596, 46.79899556771523, 5.749886873127346]",74.20901272733765,0.029162034370529,0.013912759379309136,True,1.017146879743469e-09,0
572,1,8.012526518869404,8.012526518869404,3.3215697524984202,0.5871761240439388,"[0.46429222283983546, 1.0085847840633615, 0.08489738131534666, 0.021201019135500696, 0.12515731587019743]","[54.56327672671033, -5.089397846543606, -27.915226953695093, 46.14536458443186, 6.7499156861854]",77.18334708907761,0.026463143760338426,0.01279718748992309,True,1.0166141140716123e-09,0
573,1,7.8796899004755065,7.8796899004755065,3.259538196096788,0.5762103904991513,"[0.4628783614621206, 1.0087166621961043, 0.08562072975788353, 0.020005285435831584, 0.12498240985897437]","[52.7350897409284, -5.577394705580356, -26.00885975943554, 53.28698415210409, 6.13286812682218]",79.78516503184773,0.025858153094304726,0.012685428133409005,True,1.0290700045573198e-09,0
574,1,7.726889476244292,7.726889476244292,3.189098154448053,0.5637582327199304,"[0.4615564342662762, 1.008856472515561, 0.0862727020825313, 0.018669523727996157, 0.1248286753113477]","[57.481160268253, -5.119902133501252, -31.23695609852904, 50.58012576514941, 7.754719007071349]",83.21375727149696,0.026303315607947297,0.012920734341605566,True,1.026614793175895e-09,0
575,1,7.579032999949258,7.579032999949258,3.121303881259572,0.5517737851456335,"[0.460174904044536, 1.0089795267388366, 0.0870234663100433, 0.017453856333012017, 0.12464229461514437]","[53.461490331159524, -5.953923205711936, -26.927038860709832, 61.649538430970324, 6.225873524333062]",86.36013352043311,0.027114615644677542,0.013461465619911905,True,1.0239512475765378e-09,0
576,1,7.393665528004897,7.393665528004897,3.0437924213742047,0.5380715654194803,"[0.45893679826236067, 1.0091174126582518, 0.08764706513423982, 0.016026124903771696, 0.12449811064343275]","[62.64678773605332, -4.846743997903953, -37.15466931548551, 53.56626609682865, 9.606094880578887]",91.05054813333831,0.028492074998212047,0.01445552498626057,True,1.0940318087224177e-09,0
577,1,7.227994320963737,7.227994320963737,2.9732654823383644,0.5256040462073371,"[0.4575607101658097, 1.0092238753670926, 0.08846319793248869, 0.014849497915918847, 0.12428710488723663]","[49.819286800179626, -7.03783662386159, -22.984668886068075, 79.3391859307362, 4.344593672148919]",96.81616292620211,0.027537575013411697,0.012779699980455916,True,1.0301038841364907e-09,0
578,1,6.978209008594181,6.978209008594181,2.8659557319278597,0.5066341831566612,"[0.4565315578983801, 1.0093692609393168, 0.08893800850525123, 0.013210532199204938, 0.12419735554083017]","[57.75381088587192, -6.21122699927349, -31.774383134824475, 77.0363382303415, 7.170311007503441]",101.83174457977276,0.02721065625519259,0.01357834065129282,True,1.0333656057584517e-09,0
579,1,6.727566687825252,6.727566687825252,2.7475715315740143,0.48570661544277344,"[0.45539725913675844, 1.0094912509341822, 0.08956206504608012, 0.011697519954398774, 0.1240565289049511]","[59.49460862928187, -6.303387045647304, -33.712729100334, 85.3215315521889, 7.498422320411299]",109.78105178626032,0.03338956247171154,0.016953074977209326,True,1.1669222862303874e-09,0
580,1,6.4532075543159975,6.4532075543159975,2.6107522686153546,0.46152015828402,"[0.4543133815884804, 1.0096060865445726, 0.09017624624677885, 0.010143125454380144, 0.12391992204614741]","[64.64274219574835, -5.881607443292809, -39.53733733382161, 90.28599685318855, 9.253221505020747]",118.37931324410671,0.02706720938294893,0.01347301248461008,True,1.0848737212396098e-09,0
581,1,6.165109105007939,6.165109105007939,2.45118674717319,0.43331269272018946,"[0.4532212525597893, 1.0097054553833007, 0.09084422338315501, 0.008617757645120268, 0.12376359031467568]","[66.60276680081192, -5.934449446458403, -41.881110576237695, 101.37691699949814, 9.637128330043412]",128.82285201635545,0.026990475002094172,0.012346890645858366,True,1.0169363077322524e-09,0
582,1,5.845758219407303,5.845758219407303,2.2578934798996912,0.3991429477084908,"[0.45218723156494534, 1.0097975888728723, 0.09149443582482018, 0.007043861159955659, 0.12361397201048312]","[65.32675526645086, -6.507861941821492, -40.584391912594334, 120.22417241279186, 8.452779417760729]",143.11649520526154,0.02622732186864596,0.013027103115746286,True,1.004035149292093e-09,0
583,1,5.488446060036738,5.488446060036738,2.007051546722119,0.3547999397195397,"[0.4512743143617634, 1.0098885338325352, 0.09206158766645946, 0.005363772890053254, 0.12349584754962935]","[74.56272280138019, -5.652668331329102, -50.89680380570589, 129.53173214456766, 11.64689779788612]",158.41766564730847,0.02596491876465734,0.01302191249851603,True,9.925772079255601e-10,0
584,1,5.12694675662021,5.12694675662021,1.6689617154621024,0.2950335366359964,"[0.45033297082540663, 1.009959897948503, 0.09270415241575576, 0.0037284536014565947, 0.12334880715801365]","[82.32179976688339, -5.32734477830306, -59.06178535775736, 147.77716511000327, 13.818528130731428]",179.78486047646098,0.026187074967310764,0.012376415601465851,True,1.056332704467422e-09,0
585,1,4.676434168935096,4.676434168935096,1.2524892452027796,0.22141090966152646,"[0.44941718960169, 1.0100191615012197, 0.0933611797672347, 0.002084520238908199, 0.12319508422390192]","[129.2896428939683, 0.0636385836315222, -109.41918983806096, 148.49808207134302, 32.492834416166914]",227.58699343679675,0.02642992184701143,0.015386565632070415,True,1.17858248681324e-09,0
586,1,4.424601120574242,4.424601120574242,0.9820233766153582,0.17359884722210764,"[0.4482810118180567, 1.0100186022549933, 0.09432273902143669, 0.0007795416034579268, 0.1229095421204157]","[53.34700876890975, -11.937460446138797, -25.39010942014182, 125.86402729576936, -1.7965455486738546]",139.56376645060377,0.026301303099899087,0.012486665618780535,True,1.1178779481951784e-09,0
587,1,4.355420692353677,4.355420692353677,0.9625760231934432,0.17016100835191578,"[0.44751652960142907, 1.01018967044482, 0.09468658860884298, 1e-05, 0.12293528727754854]","[55.79057103499268, -13.154564027733384, -26.661837236614712, -25.342479035657938, -2.212628159197004]",68.14411862402852,0.026302424994355533,0.01295844998821849,True,1.1997053992601758e-09,0
588,1,4.349910482145507,4.349910482145507,0.9315068122039674,0.1646686959077223,"[0.44587910080608467, 1.0105757511306712, 0.09546910184034649, 0.0007537906468526823, 0.12300022694376897]","[55.38024200294303, -11.136086551348935, -28.39856948245666, 112.63259530678876, -0.9478804510475636]",129.1683489850587,0.03660610000224551,0.020420506290975027,True,1.3450163656447689e-09,0
589,1,4.279835599694394,4.279835599694394,0.9141125335633805,0.16159379281257047,"[0.44502161145304014, 1.010748178612152, 0.0959088158988659, 1e-05, 0.12301490361121092]","[57.9014444105896, -12.145182043462695, -30.029837139755188, -42.76758412073946, -1.2030542104338022]",78.94547118929263,0.05272700312343659,0.03511468436772702,True,1.4591970669969312e-09,0
590,1,4.302316950373454,4.302316950373454,0.9199477435315309,0.16262532194710208,"[0.44355473961004305, 1.0110558639514209, 0.09666959005568537, 0.0010934715019345728, 0.12304538171697925]","[52.206814882941416, -10.851950266994189, -25.289438795765793, 186.4448624560167, -1.505522717531128]",195.56795594963864,0.0544149906054372,0.03236026562808547,True,1.3297418921184856e-09,0
591,1,4.219439429604066,4.219439429604066,0.8713454316232456,0.15403356586417902,"[0.4430208401311722, 1.011166842769134, 0.09692821564363342, 1e-05, 0.12306077813210475]","[55.00712021438061, -11.904363782728378, -27.76399381625073, -51.7307048776393, -1.8272389756720067]",81.349499896381,0.05222423439408885,0.03249422811495606,True,1.3354915550170543e-09,0
592,1,4.2712923131005445,4.2712923131005445,0.9123895700101929,0.1612892130095214,"[0.4416684748361484, 1.011459514851882, 0.0976108011260586, 0.0012818137159514298, 0.12310570130871867]","[50.620942799007125, -10.604630186630438, -23.829064051471033, 215.90503960829847, -1.6502493699226513]",223.29458519200261,0.060721896901668515,0.033688550007354934,True,1.4386527472792787e-09,0
593,1,4.1670409493138525,4.1670409493138525,0.8340070038864489,0.1474330020012958,"[0.4412150742957345, 1.0115544981688975, 0.09782423275970861, 1e-05, 0.12312048222576148]","[53.11753293525053, -11.580448331429828, -26.526300515352442, -62.3656686237086, -2.073674585796332]",86.9079999590667,0.05040038750303211,0.03016846874379553,True,1.3574986265293965e-09,0
594,1,4.252873264486528,4.252873264486528,0.9097231068451532,0.16081784446307548,"[0.43999268894663757, 1.011820997187095, 0.09843467830045378, 0.001445211226868987, 0.123168203369655]","[49.42013930326285, -10.389335614869344, -22.734685639202286, 234.7307734247618, -1.7119447799573992]",241.18171809219314,0.06035701561631868,0.032032765600888524,True,1.2286609975958873e-09,0
595,1,4.121966877666522,4.121966877666522,0.8017364351852656,0.14172831751095755,"[0.4395828723179645, 1.0119071507786443, 0.09862320573793076, 1e-05, 0.12318239967602095]","[53.447615308550354, -11.710998717079217, -25.940903582484243, -30.726562958012643, -2.204956224741372]",67.93900981736267,0.05466883436747594,0.03478214376809774,True,1.376652510737264e-09,0
596,1,4.130376949425353,4.130376949425353,0.7787391612065256,0.13766293541616456,"[0.43800947242734367, 1.012251901128948, 0.09938685842147262, 0.0009145337293010654, 0.12324730954829127]","[49.33782373728597, -10.39036474149208, -23.153549913644426, 146.23388067367432, -1.9023564452116646]",156.41686041192435,0.0534649968976737,0.03268220939207822,True,1.856848370375419e-09,0
597,1,4.066471277945571,4.066471277945571,0.7605356309524902,0.13444497549512383,"[0.4373786219728973, 1.0123847559211239, 0.09968290770736829, 1e-05, 0.1232716337348296]","[53.25419762798154, -11.808941115278552, -25.139952029114514, -29.399266986997368, -2.3164551823521413]",66.91158873674283,0.05470613751094788,0.03194192187220324,True,1.4014545296828218e-09,0
598,1,4.0715075718321945,4.0715075718321945,0.7334448451949421,0.12965595591591528,"[0.4357868439675443, 1.0127377273970086, 0.10043434561232223, 0.0008887496319128384, 0.1233408730168748]","[47.91408268503884, -10.042013564645949, -22.36233055218665, 133.6550678070609, -1.9686527980198631]",144.09798030526218,0.06060492813412566,0.03423993751493981,True,1.5483842897082156e-09,0
599,1,4.010682531112052,4.010682531112052,0.7216788478996181,0.12757600179717873,"[0.43512182308962216, 1.012877104972507, 0.10074472235049244, 1e-05, 0.12336819682521459]","[54.793670651762476, -12.3024501536492, -24.703925450864205, 35.20271602658204, -2.388095912604559]",70.77368701498227,0.054036396875744686,0.03320151559455553,True,1.5272057776391512e-09,0
600,1,3.9693101154830592,3.9693101154830592,0.6972066900967415,0.12324989461400841,"[0.43357340381228854, 1.013224761020181, 0.10144283280629744, 1e-05, 0.12343568224284064]","[53.65468708917503, -11.994056025985627, -24.12782238467718, 28.622126119113467, -2.4215793107186157]",66.55768016957047,0.0576751812841394,0.03732629996375181,True,1.441701188986677e-09,0
601,1,3.923191567008166,3.923191567008166,0.6728528153293403,0.11894469711495906,"[0.43196112745434845, 1.0135851718997444, 0.10216785273856803, 1e-05, 0.12350844858038464]","[54.01439330677037, -12.047003222719376, -23.77581313197315, 60.252754950843986, -2.4482221446071097]",85.23122979207209,0.05366694686381379,0.032809662487125024,True,1.558792105810225e-09,0
602,1,3.887671864982431,3.887671864982431,0.6546783542972002,0.11573187595489984,"[0.4306936485399198, 1.013867861783534, 0.10272576591639491, 1e-05, 0.12356589752604812]","[54.610641606068384, -12.163081771924316, -23.569757221465704, 92.15394993694966, -2.464408831661647]",110.38215431022896,0.06293019378063036,0.03996670933702262,True,1.617646814243423e-09,0
603,1,3.861167259218359,3.861167259218359,0.6412004612131272,0.11334929855593602,"[0.4297041653766887, 1.0140882430915057, 0.1031528233038601, 1e-05, 0.12361054983143278]","[53.90668864749201, -11.96436816818706, -23.22523647699446, 88.96525955473041, -2.4747165604760135]",107.28201352374559,0.05285562187054893,0.032897478093218524,True,1.4795621759017274e-09,0
604,1,3.8347605734103736,3.8347605734103736,0.6281270752747787,0.11103822859341725,"[0.4286992124143721, 1.014311288274479, 0.10358579870605344, 1e-05, 0.12365668462102461]","[54.658585510594385, -12.123088296401148, -23.12815299579448, 119.81284193535375, -2.4834501421451027]",134.27854005049636,0.055682762496871874,0.03576998435164569,True,1.5870598108272405e-09,0
605,1,3.812750012220767,3.812750012220767,0.617813630186363,0.1092150518535638,"[0.4278851048810368, 1.014491854555461, 0.10393027896309116, 1e-05, 0.12369367415250436]","[54.08215283492075, -11.95944097678258, -22.850655652525447, 117.702946908615, -2.489383427210182]",132.0993591517653,0.05167336875456385,0.030948371881095227,True,1.4963641315618448e-09,0
606,1,3.791143775508901,3.791143775508901,0.6078442162503295,0.10745269180390754,"[0.4270662946584622, 1.014672921913448, 0.10427624060588914, 1e-05, 0.12373136371350112]","[53.49701335483317, -11.794034503176649, -22.574758799678758, 115.15065322751863, -2.4944280061039246]",129.52430093389762,0.06318694373476319,0.038568940639379434,True,1.701419063797338e-09,0
607,1,3.768772774444918,3.768772774444918,0.59791549235667,0.10569752480547366,"[0.42624024096863417, 1.014855034990578, 0.10462482011779131, 1e-05, 0.12376988047040463]","[54.1756121789043, -12.043227078907208, -22.44092500604684, 177.08631787501827, -2.49865452875149]",186.94768958600758,0.0545835187585908,0.03461818748473888,True,1.51555015412419e-09,0
608,1,3.7537678961348444,3.7537678961348444,0.5914926173438423,0.10456211018640263,"[0.4256606605277249, 1.0149838755994727, 0.10486489716881689, 1e-05, 0.12379661152585947]","[53.76668320924693, -11.928515633124885, -22.250014421708304, 175.72855243952893, -2.5011392324699244]",185.5127723102965,0.05271720937889768,0.031868356236373074,True,1.5236017118086531e-09,0
609,1,3.7390428750803633,3.7390428750803633,0.5853440028386477,0.10347517843352137,"[0.42508100574127144, 1.0151124760778603, 0.10510477299132222, 1e-05, 0.12382357612998142]","[53.35802083670919, -11.813922498095991, -22.06026974815529, 174.19402306104698, -2.5032598609901724]",183.91064850597232,0.05419736252952134,0.032569018738286104,True,1.5315393476003636e-09,0
610,1,3.7230794086428673,3.7230794086428673,0.5791100466025855,0.10237316025148643,"[0.4245007454760842, 1.0152409506669502, 0.10534467502991808, 1e-05, 0.12385079869573618]","[52.91912709799233, -11.691149005937984, -21.860746785529425, 172.7298533181409, -2.5050356511199228]",182.3647078215338,0.0558213781187078,0.03344907188147772,True,1.6504447036477798e-09,0
611,1,3.7070849111456563,3.7070849111456563,0.5730211201260293,0.10129677995105664,"[0.4239203795957573, 1.0153691678987329, 0.10558442258904342, 1e-05, 0.12387827150756507]","[52.47454350550112, -11.566967996268353, -21.659371045828895, 171.1543045538699, -2.506478529482887]",180.71131458980628,0.04997139061015332,0.03097023750160588,True,1.654321721278329e-09,0
612,1,3.6912851115947016,3.6912851115947016,0.5671391361195984,0.10025698225661211,"[0.4233396241115274, 1.015497183878501, 0.10582413498441694, 1e-05, 0.12390601164697093]","[52.02964546912506, -11.443104016142572, -21.455997197577602, 169.4446962847215, -2.5076036669812396]",178.9306615090933,0.054696681261702906,0.03304230937646935,True,1.6655484734451331e-09,0
613,1,3.6747238156839943,3.6747238156839943,0.5605572704962918,0.09909346180283743,"[0.4227580620133379, 1.0156250893355039, 0.10606395969658755, 1e-05, 0.12393404042242863]","[51.56954677752452, -11.314789745250255, -21.24770902352594, 168.05828472216825, -2.508424279396805]",177.45080167947899,0.05389844063029159,0.03338507812441094,True,1.6999952947086006e-09,0
614,1,3.658239815506681,3.658239815506681,0.5538967233781174,0.09791603229441902,"[0.42217683559689845, 1.0157526152710095, 0.10630343687924672, 1e-05, 0.12396231219416076]","[51.10690383334761, -11.185860795934884, -21.038048559138627, 166.59395474887782, -2.5089503263022275]",175.89621706837457,0.05380050001986092,0.03304420936910901,True,1.7829652676146224e-09,0
615,1,3.6419634617205596,3.6419634617205596,0.5472577316769237,0.0967424132813802,"[0.42159573266376155, 1.015879802324629, 0.10654264666908365, 1e-05, 0.1239908398153695]","[50.64351316710557, -11.056903620269239, -20.82697508500047, 164.97006509213264, -2.5091939609766913]",174.19013136685507,0.05228776248986833,0.03156061875051819,True,1.793077285608402e-09,0
616,1,3.625896329307212,3.625896329307212,0.5406570964731163,0.0955755748031925,"[0.4210142586988541, 1.0160067544491085, 0.10678177588864912, 1e-05, 0.12401964964450589]","[50.17914917541733, -10.927857441295622, -20.614744141922213, 163.20500674490845, -2.5091660557267454]",172.34994313072403,0.053717321883596014,0.032981296884827316,True,1.8029950275832984e-09,0
617,1,3.6100259250836366,3.6100259250836366,0.5340907883038657,0.09441480454473306,"[0.4204319649276625, 1.016133564556994, 0.10702099551085888, 1e-05, 0.12404876675368659]","[49.71339106827826, -10.798622735374055, -20.401096203960716, 161.29633152661154, -2.5088759653061508]",170.37322927433064,0.055766490651876666,0.0321423593632062,True,1.8127328683253952e-09,0
618,1,3.5944111373953325,3.5944111373953325,0.5276594798601707,0.09327789909162329,"[0.41984838273837455, 1.0162603288706282, 0.10726048262148928, 1e-05, 0.12407821828167578]","[49.24664703014016, -10.669278598066374, -20.18784982412322, 159.22083939334988, -2.508331657335285]",168.23846901009836,0.05575443440466188,0.03179806874686619,True,1.8223044462306603e-09,0
619,1,3.579038850669303,3.579038850669303,0.5213614655219885,0.09216455692998861,"[0.41926294413661347, 1.0163871640547664, 0.10750047350993218, 1e-05, 0.12410803704633858]","[48.77843490392754, -10.539704656972608, -19.974771888948116, 156.97563356704921, -2.507539853303769]",165.9429115323726,0.050790059358405415,0.03250511876831297,True,1.7391771842123482e-09,0
620,1,3.5638972496818493,3.5638972496818493,0.5151966579939975,0.09107476262805053,"[0.4186750499692375, 1.0165141921339966, 0.10774121620516844, 1e-05, 0.12413825876331501]","[48.30824287477519, -10.409773717919718, -19.761627018114464, 154.55541802152138, -2.5065058850215522]",163.48159355862816,0.05468821877730079,0.03424354376329575,True,1.7519825104561626e-09,0
621,1,3.548972903624616,3.548972903624616,0.5091628534034297,0.09000812659246428,"[0.4180840569183023, 1.0166415431524356, 0.1079829758624831, 1e-05, 0.12416892283785019]","[47.83553052600172, -10.279349247813885, -19.548162936229243, 151.9569554988127, -2.5052337832612386]",160.85156572635805,0.05239317499217577,0.030766193762246985,True,1.7646163610191001e-09,0
622,1,3.5342536766626935,3.5342536766626935,0.503259947738544,0.08896463043637799,"[0.41748927836815647, 1.0167693547680867, 0.10822603427286082, 1e-05, 0.12420007247288088]","[47.359718497730135, -10.148286821182136, -19.334113385066228, 149.17414084785045, -2.503726378905458]",158.04724466263423,0.05359010002575815,0.03234331873682095,True,1.7770970311623002e-09,0
623,1,3.519729022845134,3.519729022845134,0.49749021420615436,0.08794467600977995,"[0.41688996746465384, 1.0168977756949151, 0.10847069672713155, 1e-05, 0.12423175573802396]","[46.88017344335755, -10.016429788437401, -19.119203853224906, 146.19716585285764, -2.5019853596640447]",155.05964890297892,0.05110802184935892,0.03262487500614952,True,1.7894427623704745e-09,0
624,1,3.5053837343359175,3.5053837343359175,0.49185164696884137,0.08694790872735988,"[0.4162852946980801, 1.0170269702321044, 0.1087173012304742, 1e-05, 0.1242640270010811]","[46.39620816979206, -9.883602392365274, -18.9031215146754, 143.0221006813751, -2.5000112809711257]",151.88546036899652,0.058352743755676784,0.04139539999596309,True,1.8016723720565286e-09,0
625,1,3.4912072094069417,3.4912072094069417,0.4863459523991944,0.08597463023602506,"[0.415674357903251, 1.0171571157031494, 0.10896621408189035, 1e-05, 0.12429694669299739]","[45.907063636387264, -9.749618197680899, -18.685540914780322, 139.6358396175927, -2.497803667561037]",148.51286043594183,0.053515931249421556,0.033260068761592265,True,1.665106837134278e-09,0
626,1,3.477185769190239,3.477185769190239,0.4809747573657864,0.08502512812822546,"[0.4150561344914694, 1.0172884123217587, 0.10921784940639767, 1e-05, 0.12433058423334524]","[45.411889384952616, -9.614262879313861, -18.46609763014956, 136.02773896595374, -2.4953609154392153]",144.93254673881188,0.05277760937315179,0.033749231217370834,True,1.6747221370100318e-09,0
627,1,3.463306890769009,3.463306890769009,0.4757427295844739,0.08410022754734485,"[0.4144294720832461, 1.0174210845626817, 0.1094726727438127, 1e-05, 0.12436501902348136]","[44.90972926712558, -9.477298698512502, -18.244388092879724, 132.18225472696156, -2.4926802922579556]",141.13087043625046,0.053832868761674035,0.034761356269882526,True,1.6843216075340672e-09,0
628,1,3.449551755764639,3.449551755764639,0.4706446594639399,0.08319900755904633,"[0.4137930453521137, 1.0175553896749387, 0.10973121841899142, 1e-05, 0.12440034340410107]","[44.39948973206991, -9.338467567985735, -18.019695292862394, 128.08718872340413, -2.4897575820990285]",137.09762175660333,0.05682914686622098,0.037064962489239406,True,1.699124579750133e-09,0
629,1,3.4355613919720613,3.4355613919720613,0.46499350456864874,0.08220001507204734,"[0.4131453391532334, 1.0176916205948958, 0.1099940923487044, 1e-05, 0.12443666434898953]","[43.88056125451192, -9.197324124065027, -17.789012222462308, 124.27951744373965, -2.4865876939088714]",133.33463525023527,0.05078144685103325,0.031678531267971266,True,1.8168477052687981e-09,0
630,1,3.4213362725926664,3.4213362725926664,0.45868535272294214,0.08108488083533395,"[0.41248713716135293, 1.0178295791096768, 0.11026092492658551, 1e-05, 0.12447396280020176]","[43.35285941656706, -9.05376808240948, -17.553086655985915, 120.75900282254985, -2.4831775923639876]",129.84011291156156,0.054304312499880325,0.03416763438144699,True,1.8252818388686531e-09,0
631,1,3.4071806589882865,3.4071806589882865,0.45225976120849537,0.07994898600208394,"[0.4118193487800264, 1.0179690393716763, 0.11053130495417847, 1e-05, 0.12451221257581672]","[42.81561099865199, -8.908054100428338, -17.311733149545653, 116.9970834143245, -2.4795376750688063]",126.12173370290157,0.055733506254910026,0.03346408748620888,True,1.8388104329122856e-09,0
632,1,3.3924038660897615,3.3924038660897615,0.4442109946535886,0.07852615164929343,"[0.41114039187480067, 1.0181103005776369, 0.1108058291403142, 1e-05, 0.12455153232828524]","[42.249229489110874, -8.753833843179384, -17.06099008839698, 112.67792265389282, -2.4756665970328844]",121.88169493763304,0.05296679689490702,0.0321933499944862,True,1.8522584464483738e-09,0
633,1,3.3777160194552636,3.3777160194552636,0.4360824111369332,0.07708920751777636,"[0.41044710926972394, 1.0182539453447628, 0.11108578898329123, 1e-05, 0.12459215642033251]","[41.67016034468743, -8.596580965765964, -16.805687439531347, 108.03960501064317, -2.4715528754357394]",117.35160596361695,0.054298759387165774,0.03232535624556476,True,1.865683903375104e-09,0
634,1,3.3631041780157176,3.3631041780157176,0.4278874705581039,0.0756405330040986,"[0.4097369330432946, 1.018400455158499, 0.11137220496032692, 1e-05, 0.12463427860272823]","[41.07658897323404, -8.435859200366888, -16.5450305442358, 103.05691531452993, -2.467189067211646]",112.51223370760037,0.054738393788284156,0.0350364343757974,True,1.7518411877387452e-09,0
635,1,3.3485405109351203,3.3485405109351203,0.4195998485658617,0.0741754745764423,"[0.40900676197443786, 1.0185504096820617, 0.11166630685482999, 1e-05, 0.12467813497258044]","[40.465857409664785, -8.271001575841419, -16.277904071354662, 97.68450071168333, -2.4625631803899926]",107.32749480273633,0.05291970312828198,0.03219991559308255,True,1.90080057336367e-09,0
636,1,3.33387518920697,3.33387518920697,0.41109328643987386,0.07267171263547464,"[0.40825269876847814, 1.0187045361077454, 0.11196963833761772, 1e-05, 0.12472402373919879]","[39.832452363530564, -8.100839847563131, -15.99869766910317, 91.88248730161489, -2.4576607842590894]",101.76756734784453,0.05926250628544949,0.03574670627131127,True,1.9409905453737775e-09,0
637,1,3.3191715614832464,3.3191715614832464,0.40243422149821245,0.07114099175072877,"[0.4074698864560448, 1.0188637388883286, 0.1122840547688224, 1e-05, 0.1247723232288748]","[39.174280136821885, -7.92463859461401, -15.709627203585047, 85.57523074673304, -2.4524617019875716]",95.77761321794036,0.052281653122918215,0.033106215625593904,True,1.9588122590966095e-09,0
638,1,3.304369770965618,3.304369770965618,0.39361790760088305,0.06958247291526107,"[0.406651860639359, 1.019029218864876, 0.11261209859191651, 1e-05, 0.12482353481412033]","[38.48600008868613, -7.7410181552245065, -15.408648961636674, 78.69733323338643, -2.4469436143511127]",89.31841813885472,0.057976149990281556,0.03347128437599167,True,2.063363630996906e-09,0
639,1,3.28870101811539,3.28870101811539,0.386252244545514,0.0682803953416644,"[0.4057900898894914, 1.0192025541817442, 0.11295712595094362, 1e-05, 0.12487832628188948]","[37.759547162661704, -7.547264190073444, -15.087870928397457, 72.39769621794383, -2.441499237979704]",83.41328301913762,0.05446095936349593,0.03354159371519927,True,1.9797124642742525e-09,0
640,1,3.2727940058945553,3.2727940058945553,0.3790424111505268,0.06700586482045923,"[0.40488472935707964, 1.019383514909264, 0.11331888778028572, 1e-05, 0.12493686610071883]","[36.995009885324045, -7.344144997610423, -14.750380758007763, 65.62632332229327, -2.435806396234865]",77.15496367875153,0.05790998125303304,0.03459569686674513,True,2.074999336416916e-09,0
641,1,3.256608864400539,3.256608864400539,0.3716787753939281,0.06570414562603956,"[0.4039257499701181, 1.0195738887918335, 0.11370124505335068, 1e-05, 0.12500000672784284]","[36.181703400747594, -7.129421360514738, -14.389695755203272, 58.03297107407888, -2.4297558262408008]",70.29037700071594,0.05262958436651388,0.03245769376371754,True,1.98691047555849e-09,0
642,1,3.2400360144018436,3.2400360144018436,0.36413567050142526,0.06437070047086701,"[0.40289625760020625, 1.0197767450479707, 0.11411068077895084, 1e-05, 0.125069141534907]","[36.13682600232483, -7.097723219791165, -14.157541868415516, 76.63233388471912, -2.423277734344959]",86.2268562095351,0.05828656877565663,0.040501071875041816,True,2.025969641182568e-09,0
643,1,3.2271480619739945,3.2271480619739945,0.3583607537488724,0.06334982977173753,"[0.4020580773025484, 1.019941374109767, 0.11443905972005122, 1e-05, 0.12512534856461544]","[35.42907217445941, -6.907543765220588, -13.847959131041033, 70.34627696757737, -2.418086729196638]",80.30656956149663,0.05556348751997575,0.03184181248798268,True,2.2786820399328667e-09,0
644,1,3.2133265287019843,3.2133265287019843,0.35382793315300537,0.06254853272642763,"[0.4011757317518052, 1.0201134034668382, 0.11478393708703337, 1e-05, 0.12518556995727037]","[34.68140518629603, -6.7066372256348705, -13.51639776866851, 64.8495956102665, -2.4125491959216427]",75.11166554970686,0.05514305000542663,0.03188737809250597,True,2.1345664177191415e-09,0
645,1,3.199380264079579,3.199380264079579,0.34944471491662554,0.06177368189183645,"[0.40025226919956336, 1.0202919812463738, 0.11514383851298547, 1e-05, 0.1252498089587153]","[33.894463245677926, -6.496446201939325, -13.164592387858061, 58.78521677468208, -2.406813610160988]",69.46826187336325,0.059817631263285875,0.03448175936500775,True,2.1891702417856096e-09,0
646,1,3.185164506310688,3.185164506310688,0.3447364986067256,0.06094137897183061,"[0.39927644333805046, 1.0204790147499236, 0.11552284878422753, 1e-05, 0.12531910142538197]","[33.04947931215053, -6.272706604594384, -12.78957000104335, 51.79758384176109, -2.4008604284782287]",63.1184747471331,0.061691199989581946,0.030833296885248274,True,2.3941875617466968e-09,0
647,1,3.170200392034305,3.170200392034305,0.3394449278593748,0.060005952582185586,"[0.39822922287069823, 1.020677774514941, 0.11592810477471457, 1e-05, 0.12539517615431223]","[32.11595824824423, -6.028658168498624, -12.37675847252115, 43.569186504297555, -2.3946236200161177]",55.90144791264802,0.0525098312573391,0.03048865311575355,True,2.2237154903917422e-09,0
648,1,3.154864296438181,3.154864296438181,0.3339241693854509,0.05903001114363441,"[0.3970802022479103, 1.020893463317056, 0.11637091113964594, 1e-05, 0.12548084919890726]","[31.089599073278606, -5.761890473135277, -11.924066662882737, 33.93041327196763, -2.3879965075800107]",47.94706863061824,0.053868021903326735,0.038717009367246646,True,1.9818941331822826e-09,0
649,1,3.1388594359223427,3.1388594359223427,0.32805283988091377,0.0579920969168247,"[0.39578337222427973, 1.0211338071227392, 0.11686829573491689, 1e-05, 0.12558045889667324]","[29.927506616050458, -5.461601645007778, -11.411854008536617, 22.206765233717775, -2.3808236853279325]",39.42745110022614,0.05535194377443986,0.03593547813943587,True,2.080074933477616e-09,0
650,1,3.1218737252279816,3.1218737252279816,0.32169205829701064,0.05686765896891859,"[0.39426526715889193, 1.0214108527593433, 0.11744717434308447, 1e-05, 0.12570122874706074]","[28.561594460105653, -5.111056558790303, -10.809710120670315, 7.313418370031476, -2.3728833395374966]",31.90382537787251,0.053777453118527774,0.03198389999306528,True,2.2206513511716097e-09,0
651,1,3.104487363181288,3.104487363181288,0.3146812823349611,0.05562831716288238,"[0.3924747862920414, 1.0217312567546695, 0.1181248178539989, 1e-05, 0.1258499810243415]","[26.950423720165503, -4.700658458770046, -10.105823941691462, -11.573780985054686, -2.364216370472314]",31.46571358668595,0.05541877498035319,0.03175761559396051,True,2.3418326704910397e-09,0
652,1,3.1452727907252296,3.1452727907252296,0.29626621286705845,0.05237296203868855,"[0.3907617837475377, 1.0220300364690191, 0.118767156627822, 0.0007456439543506215, 0.12600025356552408]","[25.178318219849213, -4.25120995658798, -8.205735076100895, 139.79977124634206, -1.9349778946945047]",142.36247666641887,0.0652567343931878,0.03416858124546707,True,2.2841260211362013e-09,0
653,1,3.0877189784112185,3.0877189784112185,0.30746717417860436,0.05435303096348912,"[0.3904080624747803, 1.0220897602116248, 0.11888243609286349, 1e-05, 0.12602743738446276]","[25.9862475674, -4.504895488235256, -9.4278594116776, -19.33011751682021, -2.355422302071714]",34.11253635418596,0.05293302499194397,0.03008721249352675,True,2.1111712907376234e-09,0
654,1,3.2058157764057844,3.2058157764057844,0.3194435550995399,0.0564701760043058,"[0.3888845024968985, 1.0223538798561642, 0.11943518651361866, 0.001143314586494038, 0.12616553455070958]","[24.013545635663846, -4.173601461588965, -6.769341782830776, 215.52114659941043, -1.7864089680403143]",217.00794731957336,0.0568319593949127,0.033145806250104215,True,2.156817854523374e-09,0
655,1,3.0766710309494876,3.0766710309494876,0.30263756051500046,0.05349926782047774,"[0.3886631876009957, 1.0223923448203567, 0.11949757447559345, 1e-05, 0.12618199854652262]","[24.93964178315797, -4.23748245211853, -8.875443214599345, -27.81468399082211, -2.349107867198727]",38.702589517251425,0.054561403099796735,0.03242089688865235,True,2.2370728481463376e-09,0
656,1,3.2846980434969377,3.2846980434969377,0.36783538081956857,0.06502472303446326,"[0.3873744034605238, 1.0226113215092483, 0.11995622302211584, 0.0014473551918382736, 0.12630339134718216]","[23.316465302366137, -4.207185256157664, -5.68552678586261, 251.87453374548824, -1.6913019875327229]",253.0559709406774,0.058265590596420225,0.0409638656055904,True,2.175304812147838e-09,0
657,1,3.069075228320423,3.069075228320423,0.29919718438860887,0.05289108949827679,"[0.3871901243445986, 1.0226445725346283, 0.12000115795698187, 1e-05, 0.12631675836619569]","[23.748583408323377, -3.940877020284991, -8.354933158184014, -43.11387672791974, -2.3445546413801712]",50.136153987372246,0.053438109389389865,0.030527187504048925,True,2.2960024610718666e-09,0
658,1,3.3721171011020568,3.3721171011020568,0.43511485907491987,0.0769181668617262,"[0.3862427607548892, 1.022801779528256, 0.12033444770872954, 0.0017298717212301073, 0.1264102858690003]","[23.01710370336461, -4.325578890900758, -4.853150236711848, 274.13229839447615, -1.6109193340923205]",275.1784200241582,0.06091114997252589,0.03278887498163385,True,2.0798235425556477e-09,0
659,1,3.0631295432742283,3.0631295432742283,0.2960734025895004,0.05233887767500261,"[0.3860754721738932, 1.0228332178866164, 0.12036972046184927, 1e-05, 0.1264219940497068]","[22.796456843788288, -3.7050612862016408, -7.945128846769877, -55.51667524670419, -2.3416819180761266]",60.69691673232216,0.055843568727141246,0.030678981260280125,True,2.244511508077418e-09,0
660,1,3.4043389864717826,3.4043389864717826,0.4613221947665841,0.0815510130578282,"[0.38532431517710714, 1.0229553018897457, 0.12063151724739861, 0.001839307919893926, 0.12649915388068683]","[24.261047529365616, -4.0872467677549364, -5.967534398789664, 275.9806938519038, -0.7695673897217565]",277.14048981177217,0.05491669062030269,0.034944187485962175,True,2.085191757109084e-09,0
661,1,3.0587350964158038,3.0587350964158038,0.29337479441455433,0.05186182663993515,"[0.3851492339571399, 1.022984797736928, 0.12067458229648488, 1e-05, 0.1265047075072265]","[22.042240504874297, -3.4739197017384393, -7.948436252082179, -79.00611640728505, -3.4966338551302028]",82.5548242170049,0.05547149063204415,0.03248453127889661,True,2.1913011067145605e-09,0
662,1,3.430721344924482,3.430721344924482,0.48224711545625126,0.08525005138669178,"[0.3846152314754275, 1.0230689580445695, 0.12086714369619406, 0.0019240278513258371, 0.12658941809532967]","[24.050383260579746, -4.120242432278169, -5.76305008328357, 273.71091249149254, -1.8540395658287268]",274.8630771103698,0.0579299312303192,0.033800615623476915,True,2.5308227206630174e-09,0
663,1,3.0559453948039828,3.0559453948039828,0.29138868159230313,0.05151072817873131,"[0.38444023246491404, 1.023098938371324, 0.12090907766669202, 1e-05, 0.12660290873645408]","[21.444787919785803, -3.3291332162207143, -7.690883605761976, -87.07483426664622, -3.5028117893946664]",90.13549911399583,0.055794590633013286,0.03130002813122701,True,2.205589688317189e-09,0
664,1,3.4338858296408103,3.4338858296408103,0.48455544000764306,0.08565810937255892,"[0.38396439801277604, 1.0231728078955162, 0.12107972926747697, 0.0019420874710097341, 0.12668063198253998]","[27.090572939073205, -3.765077424732916, -8.667959648248456, 262.42864377723305, -1.8059824465058472]",263.99860439403864,0.058815384370973334,0.03298894688487053,True,2.392097520065306e-09,0
665,1,3.0538071111699745,3.0538071111699745,0.2894771801744184,0.05117281927502282,"[0.3837591653146627, 1.0232013313601258, 0.12114539597558788, 1e-05, 0.1266943137400678]","[29.40946247779729, -3.4742549275747305, -14.446488936276204, -122.28618094641429, -12.177614853959541]",127.23164829204741,0.05500360312726116,0.033044196883565746,True,2.4093673471267674e-09,0
666,1,3.4298681398093613,3.4298681398093613,0.4789153488012908,0.08466107268792834,"[0.3832968674057327, 1.0232559444218001, 0.12137248552649901, 0.0019322604216327932, 0.12688573804396286]","[26.625649402543154, -3.7211712573796794, -8.327362307711704, 260.84205443457864, -1.9950585486527648]",262.36363106364803,0.05498799063207116,0.030902731254172977,True,2.1122993345765173e-09,0
667,1,3.0539523070531946,3.0539523070531946,0.28726462952831994,0.05078169188362909,"[0.38309389987327025, 1.0232843109392347, 0.12143596507413235, 1e-05, 0.12690094639079474]","[33.293233798088664, -2.78052138723597, -19.25751048260781, -170.36432003961278, -12.707392038741496]",175.1356667869018,0.05775102186453296,0.03559361251973314,True,2.7431155567511634e-09,0
668,1,3.4396212118996647,3.4396212118996647,0.48310951632382815,0.08540250376208298,"[0.382713700518008, 1.0233160637105374, 0.12165588042131208, 0.001955512563650814, 0.1270460612297285]","[26.10796090853144, -3.535094733657449, -8.319863533353823, 245.27944407319953, -2.700584985886685]",246.8453797236537,0.0587883093758137,0.034029659364023246,True,2.1198608146644204e-09,0
669,1,3.0568060695438106,3.0568060695438106,0.2870026983813756,0.05073538856107701,"[0.38250216760669603, 1.0233447058891967, 0.12172328993525668, 1e-05, 0.1270679420118513]","[34.38190690183869, -3.2527628198573373, -19.87077845878553, -205.62751557794957, -18.598788837032316]",210.27632756373575,0.056708012489252724,0.03120554063207237,True,2.970653032591253e-09,0
670,1,3.4460390589104946,3.4460390589104946,0.4839669067144516,0.08555407040191648,"[0.38217515117740963, 1.0233756438731108, 0.12191228675376606, 0.001965783781839589, 0.12724484056293814]","[26.3807088467953, -4.006318274043445, -8.07665826086647, 230.1016498269497, -7.241596957010195]",231.89746607845268,0.07353733437048504,0.03503534691117238,True,2.2357465817926525e-09,0
671,1,3.0642429211191606,3.0642429211191606,0.29048736889854937,0.05135139709930061,"[0.38194763071940036, 1.0234101963703137, 0.12198194390351774, 1e-05, 0.12730729572538074]","[37.80106580546542, -2.582404894810081, -24.0141705252786, -250.26995326179724, -17.93396551497373]",254.8900672875298,0.05809242813847959,0.0397687000076985,True,2.4168367611029917e-09,0
672,1,3.4518778617450527,3.4518778617450527,0.4843296026973556,0.08561818659917163,"[0.3816510239021353, 1.0234304592618597, 0.12217037157181206, 0.0019737481830823743, 0.12744801494371477]","[30.61060351188892, -3.022822163887821, -13.274857295083882, 208.37541555090493, -0.8219222787136728]",211.05297368112576,0.057274968741694465,0.03437404998840066,True,2.264495180780146e-09,0
673,1,3.0764214343092045,3.0764214343092045,0.2923877561218829,0.05168734127242546,"[0.38136094882782723, 1.0234591044129908, 0.12229616802057545, 1e-05, 0.12745580372076323]","[37.39369514200163, -2.705524865766363, -23.86679734176338, -287.25797538393994, -20.965122925478287]",291.43080330926875,0.05772944067575736,0.03406557499693008,True,2.569129756158084e-09,0
674,1,3.4586146671757176,3.4586146671757176,0.48467180239478186,0.08567867953081415,"[0.38110432739510797, 1.0234776715983058, 0.12245995851266255, 0.0019813631649164675, 0.12759968091347823]","[32.309481534782556, -2.924612046851695, -14.497122528222267, 200.14422793601028, -1.3713874713619774]",203.2786638926171,0.05820414061599877,0.03623434995824937,True,2.34969682946784e-09,0
675,1,3.093119372565925,3.093119372565925,0.2926686151148811,0.05173699059705203,"[0.3807864437479418, 1.0235064460106404, 0.12260259150965833, 1.2201974042517095e-05, 0.1276131735982991]","[37.6338312640452, -2.7671925576657186, -23.94178800580938, -276.6758692465528, -21.75729761965717]",281.10511992175253,0.05671966560475994,0.03275030313670868,True,2.464187335085577e-09,0
676,1,3.4649942083468863,3.4649942083468863,0.4821417578572964,0.08523142661852416,"[0.3805186874632154, 1.023526133966224, 0.12277293197170604, 0.00198068884701433, 0.1277679719002698]","[29.908287933846466, -2.4108846831951207, -14.251520212662896, 90.18037577420496, -5.463552754005758]",96.25889290831309,0.058206640620483086,0.03164073749212548,True,2.8208243614200046e-09,0
677,1,3.1272813414520373,3.1272813414520373,0.2826900630076445,0.04997301513168945,"[0.3798972739599036, 1.023576225643166, 0.12306904009807083, 0.00010698402767540002, 0.12788148978082872]","[37.30834204812455, -2.655634183088963, -23.3296939404689, -245.40126124043456, -20.5619195074695]",250.1755602589467,0.058253821880498435,0.034681300043303054,True,3.5639170581705515e-09,0
678,1,3.5114263318705774,3.5114263318705774,0.49835882861419994,0.0880982267943213,"[0.37959901667202656, 1.0235974558079377, 0.12325554667702066, 0.0020688164383669055, 0.12804586970256132]","[33.805616433525145, -0.9815477704627501, -19.303612393578415, 56.96783454240062, 2.9645703342340566]",69.06906282580353,0.05930739996256307,0.03357702810171759,True,3.165520822030754e-09,0
679,1,3.171567925716058,3.171567925716058,0.29024402116418074,0.051308378891011,"[0.3786201235163949, 1.0236258780198597, 0.12381451219945677, 0.00041922594992341105, 0.1279600260494726]","[35.414952586386235, -2.2916851204276365, -21.402605280087577, -167.2612896725116, -17.476156832573306]",173.20305216915474,0.05394291564152809,0.03081329370616004,True,4.19253339684067e-09,0
680,1,3.6404583310274683,3.6404583310274683,0.5656434193202995,0.09999257438373238,"[0.37821118207867016, 1.0236523404302122, 0.12406165109235644, 0.002350615582805793, 0.12816182568999399]","[34.88300900893232, -0.11210734359595015, -20.34743986110344, 6.890507774740389, 6.276376538185946]",41.44547254306327,0.06257219062536024,0.03626685313793132,True,3.618341616780374e-09,0
681,1,3.5418794105758264,3.5418794105758264,0.46008301344329733,0.08133195467862425,"[0.37652786147124573, 1.0236577503018685, 0.1250435407228569, 0.002018106029806263, 0.12785895176177356]","[31.124342652167712, -1.1631318880409187, -16.647073365663474, 4.05073154872238, -2.3389122983709476]",35.624171145159174,0.05722415626223665,0.03431784688291373,True,3.727572968174886e-09,0
682,1,3.4991061686286993,3.4991061686286993,0.39180493677203077,0.06926198192346736,"[0.374780489299443, 1.0237230504534576, 0.1259781350070222, 0.001790691248302828, 0.12799026217395268]","[27.29062453426253, -2.0024300397828743, -13.082871450814393, -25.26763548334093, -10.2982993611883]",40.79776723773609,0.05741833437787136,0.03503688124328619,True,4.8763117042535664e-09,0
683,1,3.9662586979761025,3.9662586979761025,0.7229116636942815,0.12779393489926882,"[0.3734426403738111, 1.0238212141607048, 0.1266194873327148, 0.0030293686168697126, 0.12849510839756711]","[33.22341114914207, -0.506567926901583, -15.3405029107028, 5.757905187037997, 7.405778231464824]",37.78070555666399,0.05601723123982083,0.032265896879835054,True,6.13169605888364e-09,0
684,1,3.8768723838585153,3.8768723838585153,0.6304132208214225,0.11144236584812006,"[0.37168389020444575, 1.0238480303844584, 0.12743156866810906, 0.0027245619647943663, 0.12810306816845274]","[30.366459910893717, -0.5509804650722906, -16.11730935597867, 0.16652145219348277, 1.5273147837719296]",34.41734370505506,0.06677683125599287,0.0366370562260272,True,5.72869068155013e-09,0
685,1,3.8986593736165394,3.8986593736165394,0.6141796267549445,0.10857264473626099,"[0.36991928802188095, 1.0238800479898713, 0.12836814933474217, 0.0027148853637402187, 0.12801431554437948]","[28.200510018191952, -1.0989722359194112, -13.633170910417222, 5.331677046194426, -1.3134794861527983]",31.819677289683085,0.05851862188865198,0.03275139689503703,True,6.780220272381565e-09,0
686,1,3.812662630072282,3.812662630072282,0.5091721719035313,0.09000977388611735,"[0.3681467678444718, 1.0239491229981361, 0.1292250512313814, 0.0023797671287255876, 0.12809687323182262]","[24.757308095066037, -2.130351168665632, -10.196884705691478, 2.413261738068461, -8.562665757441534]",28.294561933472465,0.05674804999580374,0.0316764312738087,True,7.3741220499648485e-09,0
687,1,3.7897796189917745,3.7897796189917745,0.451155141216031,0.07975371493025749,"[0.366396798493301, 1.0240997067868938, 0.12994581762665597, 0.0022091858174716904, 0.12870212492487035]","[19.84806130991874, -3.377514027631855, -5.508194775267882, 5.5030435534164885, -15.228389762559338]",26.417431585274382,0.05967992499063257,0.03388282813830301,True,7.839620052088603e-09,0
688,1,3.709108806865234,3.709108806865234,0.3518711350812538,0.06220261642994055,"[0.36489414966499994, 1.0243554102239671, 0.13036282976178948, 0.0017925636689146227, 0.12985502956761175]","[15.888443094677442, -4.7111003966668665, -2.10687842399348, -1.1314515593464718, -22.191050692577303]",27.799261520505368,0.05824156245944323,0.034051999980874825,True,8.286675839443147e-09,0
689,1,3.772510924269236,3.772510924269236,0.35857141253276964,0.0633870693353901,"[0.3637510658401015, 1.0246943473135746, 0.13051440777564166, 0.0018739652240222062, 0.1314515504446437]","[-4.007613668602059, -7.894584487227774, 12.559032438631554, 10.002797215041644, -33.37026362109235]",38.075519347788116,0.05425749687856296,0.030680928110086825,True,8.493283230361082e-09,0
690,1,3.686629755464249,3.686629755464249,0.31880463772114387,0.056357230301585355,"[0.36396157452059463, 1.025109027644782, 0.12985471710544566, 0.0013485464044698462, 0.1332043965878785]","[1.0050923942030425, -7.771391862469298, 9.314150702794523, -6.023096541383476, -33.088155647755706]",35.76677063465809,0.062337262512301095,0.03280314998119138,True,8.739900169037196e-09,0
691,1,3.7938057078700593,3.7938057078700593,0.3361596133406714,0.05942518553855913,"[0.3639053719405831, 1.0255435869703433, 0.12933389006194912, 0.0016853448592556233, 0.13505461426533177]","[-268.0446658399743, -36.09724218987337, 153.85548199094373, -62.03759975338251, -141.76694605950289]",347.51833605702353,0.05891165311913937,0.03548424690961838,True,8.921056005029016e-09,0
692,1,3.8775602839034855,3.8775602839034855,0.3828896560384733,0.06768596805774729,"[0.3654479936559174, 1.025751329920539, 0.12844843760648356, 0.0020423769540629856, 0.13587049608421706]","[468.4120994664487, 42.70360939147368, -238.13594066796853, 222.2560887824979, 168.24844606888294]",596.3619102733938,0.057726006241864525,0.03301630311761983,True,8.79650944186211e-09,0
693,1,3.7342051249650297,3.7342051249650297,0.3282071122974666,0.05801936868479833,"[0.36387709487316006, 1.0256081161818487, 0.1292470665482897, 0.0012970037672334143, 0.13530624661365154]","[-37.92974756818884, -12.598474098080878, 31.71490723841876, 4.721083720049658, -49.09840929059351]",70.96594301273257,0.05621066564344801,0.03127099690027535,True,9.018815442726758e-09,0
694,1,3.7452659307255196,3.7452659307255196,0.33704285362640096,0.05958132183742326,"[0.3649460512191879, 1.025963173088389, 0.12835326014224274, 0.0011639516715503883, 0.13668996413238]","[-27.724001334857572, -12.08467347357884, 27.08186875903163, 10.901233309805528, -45.076989257127025]",61.63488498100387,0.0598228906528675,0.0398596218728926,True,8.98137238539154e-09,0
695,1,3.7607618828659186,3.7607618828659186,0.3435227917281133,0.06072682388077073,"[0.36584567166442605, 1.026355310543569, 0.1274744763571529, 0.0008102158509030887, 0.13815267439038692]","[11.992187441647538, -6.85419549672351, -1.8632843341768206, -4.8341568474029035, -14.820422370644089]",20.911202158711074,0.057485168777930085,0.03335932812478859,True,9.147086266377003e-09,0
696,1,3.8609472192626435,3.8609472192626435,0.35148890895266377,0.06213504775807238,"[0.364698708677788, 1.0270108630502468, 0.1276526855600429, 0.0012725667775003854, 0.1395701368832127]","[71.90142838498389, -1.7325292439158995, -29.668290587510903, 53.52578581233938, 11.647711937995247]",95.1509509568135,0.05834361250890652,0.03153134376043454,True,9.251672352696139e-09,0
697,1,3.8109403434930345,3.8109403434930345,0.3433537786709263,0.060696946311059236,"[0.3631873958078438, 1.027047279485952, 0.12827629027000872, 0.00014749581870206955, 0.13932531091309372]","[30.96427052853144, -7.3960817942896435, -9.588240241095683, 13.860910448037636, -14.731894382583915]",38.9175535811412,0.059652874966559466,0.03286352497525513,True,9.251238807135576e-09,0
698,1,3.8487917645617586,3.8487917645617586,0.3444945511066536,0.0608986082923326,"[0.36159612052569245, 1.0274273692456373, 0.12876903656871214, 1e-05, 0.14008239315627688]","[37.52113160336324, -7.751224083619473, -11.104591861483204, 58.6120127174454, -14.148589651787178]",72.29646862694018,0.06690314377192408,0.03615338437521132,True,9.352110389923562e-09,0
699,1,3.8656626014384887,3.8656626014384887,0.3432999600605017,0.06068743243496291,"[0.36055814087563626, 1.0276417980892785, 0.12907623253753964, 1e-05, 0.14047379787964173]","[33.53822359411606, -8.38364158593494, -8.065715598594746, 96.4334057383453, -15.77973054994317]",103.9642019867074,0.05807114374329103,0.03109629687241977,True,9.33369646589216e-09,0
700,1,3.868166052086595,3.868166052086595,0.3386542600846353,0.05986618094588959,"[0.3599129529560852, 1.0278030774801774, 0.12923139586192217, 1e-05, 0.14077735872555308]","[27.65184594043801, -8.975766372366579, -4.1620870556201055, 121.48882047033776, -17.62073137714402]",126.22414827632235,0.06021807813522173,0.036947350010450464,True,9.341472601530343e-09,0
701,1,3.865969044638479,3.865969044638479,0.33127880993937936,0.05856237324288614,"[0.3594748141955101, 1.0279452969602827, 0.12929734341811364, 1e-05, 0.1410565561947795]","[18.786075981022357, -9.738052790390476, 1.2542515579402602, 141.05084447674056, -20.309857339775398]",144.07342052803307,0.06578848438948626,0.0319634718762245,True,9.368981304311297e-09,0
702,1,3.8644797796684722,3.8644797796684722,0.32688663893637004,0.05778593976779644,"[0.3592140294385155, 1.0280804787690387, 0.1292799321349868, 1e-05, 0.14133849379666608]","[42.852953455937886, -8.580844571379975, -7.610921756017859, 157.95959448075695, -15.273970813039732]",164.7800361583707,0.06220704688166734,0.033064356255636085,True,9.41693933855653e-09,0
703,1,3.8588071797681884,3.8588071797681884,0.3193771461855581,0.05645843645595386,"[0.35869390631614295, 1.0281846278488833, 0.1293723088807797, 1e-05, 0.141523879977772]","[39.90000375490239, -8.934152674764057, -5.197442700074483, 173.19400919606565, -16.283851996124717]",178.77407936140057,0.05771843122784048,0.030327815642522182,True,9.420355043775197e-09,0
704,1,3.853600679179258,3.853600679179258,0.3129045603543607,0.055314234122690945,"[0.35824753283854255, 1.0282845769321802, 0.12943045425306868, 1e-05, 0.14170605238278955]","[33.97856326785354, -7.590966384896947, -7.483701557720109, 175.3760463545698, -5.445512168715027]",179.03793608939148,0.06270942812989233,0.041532890652888454,True,9.435069210292357e-09,0
705,1,3.848112884881501,3.848112884881501,0.3078310146438358,0.05441734947854792,"[0.35786796453017355, 1.0283693742276658, 0.12951405331281143, 1e-05, 0.14176688320208547]","[29.06368983422719, -7.297949874614798, -5.423141178096218, 177.62492496754052, -3.451534839991104]",180.2495372029182,0.05982481874525547,0.03322060624486767,True,9.40045988967464e-09,0
706,1,3.8427225198145143,3.8427225198145143,0.303960579946753,0.05373314682343619,"[0.35754548170680467, 1.028450350301034, 0.12957422701713514, 1e-05, 0.1418051804969749]","[25.086303351624167, -6.910904262987736, -3.940448985436803, 179.9571378320196, -1.2487847243080648]",181.87562033370193,0.05873217187036062,0.03333984374330612,True,9.416426455417792e-09,0
707,1,3.838047337693614,3.838047337693614,0.300807810387732,0.05317581063976062,"[0.3572696195180687, 1.02852634623991, 0.12961755826712, 1e-05, 0.1418189127907481]","[25.52993632151395, -6.846359277345453, -4.048377109590548, 183.6469705264486, -0.7779036968857715]",185.5851679387672,0.05859656877873931,0.032376712500990834,True,9.395381843184392e-09,0
708,1,3.8334488318987483,3.8334488318987483,0.29772259224854863,0.052630415972846546,"[0.3569944904589426, 1.0286001275593262, 0.1296611865069684, 1e-05, 0.14182729604362893]","[26.733484807490704, -6.735099532403696, -4.509540381265947, 187.29963060223983, -0.10686641404374075]",189.37143336385225,0.06967508753587026,0.03577713124832371,True,9.341788518961447e-09,0
709,1,3.829023484686869,3.829023484686869,0.29453768957227755,0.05206739940289393,"[0.35671215130849654, 1.0286712586630278, 0.1297088129129277, 1e-05, 0.14182842468707998]","[28.72478872466168, -6.56980417562947, -5.350798142480971, 190.94522242419228, 0.8028408468515993]",193.28121837104032,0.05863772184966365,0.03251803750026738,True,9.358700572316414e-09,0
710,1,3.824423837230632,3.824423837230632,0.2912427294350833,0.05148492723870657,"[0.35641491819948984, 1.0287392404796882, 0.12976418092216885, 1e-05, 0.14182011719757207]","[31.185022374918624, -6.359067713294694, -6.454876223559319, 194.39856277150773, 1.9102279307269132]",197.10164628471037,0.06371304370986763,0.034463709373085294,True,9.409306767765857e-09,0
711,1,3.81957817350699,3.81957817350699,0.2878072065213043,0.05087760685139285,"[0.35609848225932816, 1.0288037662493419, 0.12982967886544022, 1e-05, 0.14180073402176685]","[33.58997543504348, -6.123853426957986, -7.615761248609299, 197.43204162949553, 3.119756110564902]",200.53162291792725,0.0637135656143073,0.03768599378236104,True,9.374985887426746e-09,0
712,1,3.8148888113345008,3.8148888113345008,0.2843979253439245,0.05027492539151862,"[0.35576347299798466, 1.028864842436108, 0.12990563457893572, 1e-05, 0.1417696191675094]","[35.61462108336302, -5.877128602481315, -8.715204341267127, 199.9315075098894, 4.3525519571139215]",203.3972690720011,0.07042190623906208,0.03375955309456913,True,9.399004140958622e-09,0
713,1,3.8100235017446966,3.8100235017446966,0.28088089055489557,0.04965319560427078,"[0.3554132753650894, 1.0289226320871614, 0.12999133095412294, 1e-05, 0.1417268206385326]","[37.18644559259133, -5.621127718203404, -9.72295025707111, 201.82142203579016, 5.636651366520552]",205.60307100214436,0.062103412514261436,0.0334040187226492,True,9.374159472101684e-09,0
714,1,3.8049262569270907,3.8049262569270907,0.27726818908895157,0.049014554178027886,"[0.35505154491611157, 1.0289773115011485, 0.13008591076958612, 1e-05, 0.1416719902185489]","[38.387136705069224, -5.360673351027704, -10.654855924830603, 203.1242765408772, 6.932497109695378]",207.1795508113667,0.06428975312883267,0.03505521564511582,True,9.382262096575833e-09,0
715,1,3.7998165258025307,3.7998165258025307,0.2735398630184578,0.0483554730162977,"[0.3546809761359926, 1.0290290605596826, 0.13018876702043763, 1e-05, 0.14160506761849004]","[39.29780384809789, -5.099697724251512, -11.492897370348633, 202.28646199244307, 8.242777878899611]",206.6159894265414,0.06357267501152819,0.03256368438451318,True,9.372765225404422e-09,0
716,1,3.7947384076733526,3.7947384076733526,0.2700510499981446,0.047738732180058856,"[0.3543005815309383, 1.0290784245778148, 0.1303000158874996, 1e-05, 0.1415252792352024]","[39.942879230335315, -4.832204121897897, -12.291995731300382, 200.44910594050683, 9.590591584767205]",205.04072882292795,0.06961654687620467,0.03319760310841957,True,9.372176534849785e-09,0
717,1,3.789578622844989,3.789578622844989,0.2666630821941111,0.04713981842789041,"[0.3539109723107659, 1.029125558668194, 0.13041991397605796, 1e-05, 0.14143173107391974]","[40.373521532148935, -4.560373912330641, -13.064172797034896, 197.7489841815059, 10.953115127577119]",202.59842629648773,0.0677690156371682,0.031944171867507976,True,9.407191518817637e-09,0
718,1,3.784366703803098,3.784366703803098,0.26343427902037797,0.046569041273074575,"[0.3535124152018092, 1.0291705775165205, 0.1305488801584295, 1e-05, 0.14132360471452252]","[48.65708384634511, -3.669507543480392, -18.12232488905186, 176.40655791189624, 12.715042248367846]",184.36469761623903,0.06320935938856564,0.03326146250765305,True,9.389905208413707e-09,0
719,1,3.7782503359901827,3.7782503359901827,0.25922021868972134,0.04582409361404044,"[0.3529845800525079, 1.0292103845684226, 0.1307454722948121, 1e-05, 0.1411856711251456]","[48.232915063329784, -3.384433671965469, -18.63024112848082, 172.6954099031997, 14.248453592148461]",180.86369841041466,0.06199366875080159,0.03389821563905571,True,9.441090056440393e-09,0
720,1,3.7719634346527062,3.7719634346527062,0.25479173402790894,0.045041240730353406,"[0.3524512180181475, 1.0292478098085531, 0.13095148645124166, 1e-05, 0.14102811099873774]","[50.88464208906187, -2.854535249045465, -20.906159811326052, 158.09369491021116, 15.818404955783517]",168.161532449561,0.06880152501980774,0.03217444688198157,True,9.396923057389261e-09,0
721,1,3.7647854636376406,3.7647854636376406,0.24981959936041834,0.04416228319526457,"[0.3518460303590255, 1.029281759728103, 0.131200130234474, 1e-05, 0.1408399775448465]","[85.70400261945538, 0.2724165242276557, -41.599254544360655, 49.28571886006283, 20.017903851227192]",109.1125419580853,0.0665857968488126,0.0335054875104106,True,9.466344534636573e-09,0
722,1,3.7518413162614848,3.7518413162614848,0.23896328491716748,0.04224313980488554,"[0.35027510182815885, 1.0292767664153393, 0.13196263202936315, 1e-05, 0.1404730554020422]","[29.26989089322113, -3.582150528410102, -10.024879583975384, 195.23610749570554, 16.83168080842396]",198.42000825242857,0.06199607810412999,0.03356424375670031,True,9.453884122594125e-09,0
723,1,3.74583742821771,3.74583742821771,0.23585579223224298,0.04169380751738611,"[0.349980072197318, 1.0293128731624355, 0.1320636790928344, 1e-05, 0.14030339830993155]","[31.084310574938705, -3.3352788831404268, -11.137782390705983, 185.91505268247118, 16.87486963149729]",189.60637300664857,0.06262652189616347,0.032707784383092076,True,9.442228638724404e-09,0
724,1,3.739440106451758,3.739440106451758,0.23260508281330336,0.041119157848936314,"[0.34965218964693895, 1.0293480542465967, 0.1321811622999021, 1e-05, 0.1401253993390761]","[31.313647908582176, -3.2120925202779573, -11.324059492096854, 181.25719245579296, 16.800190224451683]",185.08244815653416,0.06886235311685596,0.03394924067106331,True,9.422902377646813e-09,0
725,1,3.732864537417785,3.732864537417785,0.22934767953845916,0.04054332486276092,"[0.3493138145257937, 1.0293827641021476, 0.13230353002957962, 1e-05, 0.1399438565683629]","[30.976092493260367, -3.142070282676383, -11.160196232118576, 178.40111262622824, 16.646806568587998]",182.20322183474104,0.058586175000527874,0.03149631562700961,True,9.434789049848902e-09,0
726,1,3.726378738709113,3.726378738709113,0.2261617064772999,0.03998011907370507,"[0.3489737975691102, 1.0294172538356552, 0.13242603276163536, 1e-05, 0.13976112866266652]","[30.634377442841924, -3.0818220095160553, -10.97497669892606, 175.77422425619946, 16.474609903037727]",179.5449902004419,0.06208907188556623,0.032362878118874505,True,9.4609475063262e-09,0
727,1,3.720001183652899,3.720001183652899,0.22304746163913136,0.03942959316286902,"[0.3486325529884792, 1.0294515830809998, 0.13254828598280977, 1e-05, 0.13957761354609818]","[30.293136601705786, -3.0294848527567044, -10.773921426641772, 173.29244517382133, 16.288545628123433]",177.02688371982225,0.06315594375337241,0.032204300005105324,True,9.458885633084613e-09,0
728,1,3.7134229257177265,3.7134229257177265,0.2202516925799486,0.03893536634777411,"[0.34829030964142377, 1.0294858093497912, 0.1326700067203632, 1e-05, 0.13939359013354338]","[29.872946097148116, -2.9470418185253013, -10.530083170381465, 164.96565772275952, 16.095219909106323]",168.77406479493092,0.06257822500629118,0.03501617498113774,True,9.490143861728972e-09,0
729,1,3.706673416782121,3.706673416782121,0.2175163732238858,0.038451825631428405,"[0.34793631039238904, 1.0295207322726003, 0.13279478991122978, 1e-05, 0.1392028591710751]","[29.487877939884626, -2.913977329371067, -10.267091820375475, 162.87910283402724, 15.8316264742921]",166.62437372893788,0.056326806254219264,0.031923584385367576,True,9.417326697971906e-09,0
730,1,3.7000829163990963,3.7000829163990963,0.21490057942437177,0.03798941424797288,"[0.3475823660410341, 1.0295557088761325, 0.1329180262852433, 1e-05, 0.13901283143239684]","[29.03867934291789, -2.8799214699630378, -9.832916597036583, 153.51094972702688, 15.563881010757864]",157.34062149575058,0.0686330406460911,0.036689578111690935,True,9.385971134860671e-09,0
731,1,3.6933336040854208,3.6933336040854208,0.2122962464468241,0.03752902887074995,"[0.3472132473853852, 1.02959231635159, 0.13304301519787753, 1e-05, 0.13881499465175237]","[28.65276413961337, -2.854929816861857, -9.54921285759039, 151.63356409316978, 15.276676759346495]",155.3912275378056,0.06223682810377795,0.03316044688835973,True,9.379417827484748e-09,0
732,1,3.6867580680041976,3.6867580680041976,0.209825131992935,0.03709219342389168,"[0.34684446512407696, 1.0296290614093657, 0.13316592062836852, 1e-05, 0.13861837252576356]","[28.27282734009647, -2.8321262525261295, -9.263085490646738, 149.7501083804334, 14.98700433665877]",153.4369046763482,0.0632593500049552,0.03451951564056799,True,9.406264404529519e-09,0
733,1,3.680347379153864,3.680347379153864,0.20748535934607715,0.03667857614763469,"[0.346475938042544, 1.029665977251203, 0.13328666192603905, 1e-05, 0.138423021813128]","[27.89816579498506, -2.8109702996876695, -8.975705427276733, 147.86080607181188, 14.695010861791628]",151.47783274493196,0.05773100939404685,0.031187343745841645,True,9.428389933369141e-09,0
734,1,3.674099546574676,3.674099546574676,0.205274076425426,0.036287672860556085,"[0.3461075915288759, 1.0297030912004683, 0.13340517042678227, 1e-05, 0.13822899988139836]","[27.5277283145043, -2.79099280915017, -8.687548041449274, 145.95776263135093, 14.402063035009093]",149.5062769585429,0.07184298750507878,0.03456549060501857,True,9.475446839483925e-09,0
735,1,3.668010250570455,3.668010250570455,0.20319742278592,0.03592056889288848,"[0.3457393430663454, 1.029740427329304, 0.1335213869257564, 1e-05, 0.13803633823095934]","[27.160732736588585, -2.771858139626876, -8.398996199837317, 144.03940228993102, 14.109051675924743]",147.52066461595808,0.06192721875413554,0.03318252186727477,True,9.417418697296731e-09,0
736,1,3.6620324235685393,3.6620324235685393,0.2012989376884573,0.03558496097128911,"[0.34537111353311883, 1.0297780065816322, 0.13363525566708354, 1e-05, 0.13784505585418103]","[26.796490751727394, -2.753021641214434, -8.110208268035581, 142.0964632697406, 13.819715350245172]",145.5121848129766,0.060496631245769095,0.03288522813090822,True,9.492626898942313e-09,0
737,1,3.6562750903883705,3.6562750903883705,0.1995248970278624,0.03527135192598728,"[0.34500280773404113, 1.0298158456346949, 0.13374672685801375, 1e-05, 0.13765511003805694]","[26.431185632161817, -2.7277140516920326, -7.832519829865602, 139.808100862202, 13.537685296506776]",143.16763026130502,0.06195299686805811,0.03476706875517266,True,9.438464817872194e-09,0
738,1,3.6507803589148047,3.6507803589148047,0.19806449597752226,0.03501318705450041,"[0.3446335736329565, 1.0298539508131725, 0.13385614432641096, 1e-05, 0.13746599347208874]","[26.506642998693895, -2.704285242017324, -7.598924443696562, 134.40383889072845, 13.327187709960226]",137.87554088834182,0.06238549687259365,0.03777464063023217,True,9.454018542846832e-09,0
739,1,3.645210645899179,3.645210645899179,0.19657977631899473,0.03475072321982396,"[0.344249072613737, 1.0298931787316934, 0.133966373079019, 1e-05, 0.13727267147133362]","[26.046783939166392, -2.6448890549464625, -7.2143898956623795, 121.95287178343374, 13.026734621762778]",125.61718260009532,0.06017671873269137,0.03209176560631022,True,9.475893061536289e-09,0
740,1,3.6390352023325354,3.6390352023325354,0.19497250684960138,0.03446659543457343,"[0.343834371640513, 1.0299352890385827, 0.13408123618526416, 1e-05, 0.13706526776505676]","[25.614848739191295, -2.6024966509150653, -6.916873857346519, 118.8879120208201, 12.7419492847867]",122.50481421133804,0.06255333440640243,0.03438929375988664,True,9.490630461204963e-09,0
741,1,3.6329313101269722,3.6329313101269722,0.19353367270683222,0.03421224308973473,"[0.3434161864629935, 1.029977777110054, 0.13419416030015416, 1e-05, 0.1368572441152645]","[25.17559485541287, -2.5571110407573827, -6.625668741226741, 115.95881186540112, 12.459648718264576]",119.52379585206104,0.06265082812024048,0.03340334687527502,True,9.471420284352938e-09,0
742,1,3.6269859497853156,3.6269859497853156,0.19227134434513024,0.033989092853573835,"[0.342994921480975, 1.0300205654271837, 0.13430502807663228, 1e-05, 0.136648755945535]","[24.73008130840197, -2.510041708335593, -6.340010881212596, 113.20031172758551, 12.178353233369556]",116.70773681110823,0.06659550937183667,0.03397219060570933,True,9.521518871090373e-09,0
743,1,3.6211544152750315,3.6211544152750315,0.1911226345288333,0.03378602772839405,"[0.34257112641847254, 1.0300635795713509, 0.13441367573023932, 1e-05, 0.13644005764384526]","[24.27929234045893, -2.4630601762055306, -6.056923607093985, 110.67170147133352, 11.895089674000088]",114.11378396354982,0.05945248437637929,0.03300545625097584,True,9.457032847798308e-09,0
744,1,3.6154548495072785,3.6154548495072785,0.19009311893016953,0.03360403336310593,"[0.34214559864265187, 1.0301067480667006, 0.1345198315932151, 1e-05, 0.13623157994271679]","[23.824033208797367, -2.417662908723239, -5.772741770299025, 108.35705312233736, 11.610880970382556]",111.72653094984237,0.0616017156135058,0.036652384340413846,True,9.438526945258763e-09,0
745,1,3.609894993349526,3.609894993349526,0.1891766076145899,0.03344201552153579,"[0.3417191281704007, 1.0301500262905592, 0.13462316858436965, 1e-05, 0.1360237352907515]","[23.366513375673712, -2.3752223605128067, -5.485311843659669, 106.24081148971361, 11.324012010988254]",109.5311259352221,0.059175200018216856,0.033439121856645215,True,9.420969575638094e-09,0
746,1,3.6045494736768084,3.6045494736768084,0.18831783500737898,0.03329020453802177,"[0.3412924638194968, 1.0301933970190202, 0.13472332845758878, 1e-05, 0.13581696279728547]","[22.954703278605606, -2.334897106695016, -5.207313520252843, 104.02423160258475, 11.042442864698494]",107.24953410683987,0.06394101565092569,0.03255361250194255,True,9.431287801078825e-09,0
747,1,3.599509575637067,3.599509575637067,0.18751314753398443,0.033147954545728484,"[0.3408644022252054, 1.0302369384129502, 0.1348204349590495, 1e-05, 0.13561104222230946]","[23.051976901898506, -2.5496274474323557, -4.619937920081942, 103.90745007856671, 10.773818623600635]",107.10775609243176,0.06089040001097601,0.03220628127019154,True,9.417196424575669e-09,0
748,1,3.5945161760516213,3.5945161760516213,0.18678759813956847,0.03301969432150915,"[0.3404339576385073, 1.0302845470556932, 0.13490670206217228, 1e-05, 0.13540986503371816]","[23.144121474327513, -2.759518264985539, -4.045298071817577, 110.58152696743926, 10.520221559479502]",113.57191071948249,0.06994683438097127,0.03374138437357033,True,9.447431981689236e-09,0
749,1,3.589890277455441,3.589890277455441,0.18619481049857683,0.03291490328132196,"[0.34002638993400175, 1.0303331421395916, 0.13497793971321037, 1e-05, 0.13522460405690195]","[22.84401271884876, -2.7178767141425366, -3.818922489966712, 107.65370356838454, 10.29838506360391]",110.6309024044568,0.061270599988347385,0.03148692187096458,True,9.399461325595992e-09,0
750,1,3.585343128769764,3.585343128769764,0.1856978276918751,0.03282704830313398,"[0.33961341286842334, 1.0303822762721901, 0.13504697869611534, 1e-05, 0.13503842849763803]","[22.516388446830504, -2.6352466095049443, -3.57319885534672, 92.95847810406086, 10.046275886293156]",96.275159485965,0.07052809374727076,0.03392427501239581,True,9.395406364368086e-09,0
751,1,3.5804301987067593,3.5804301987067593,0.18527615801074698,0.032752506930397364,"[0.33914566213050057, 1.0304370203333488, 0.13512120758079105, 1e-05, 0.1348297292663965]","[22.236182207840237, -2.585581161863606, -3.3511599770817053, 90.26526959361847, 9.82865580477889]",93.57769323965132,0.06026442501024576,0.03249812814465258,True,9.379906971800078e-09,0
752,1,3.575612849561047,3.575612849561047,0.18491467234574993,0.03268860468914208,"[0.3386704167715312, 1.0304922809637902, 0.1351928306324186, 1e-05, 0.13461966519098692]","[21.927698612930698, -2.47597052686439, -3.216685647914913, 82.32754564811694, 9.625436472198714]",85.8357458334815,0.07295721875561867,0.03679037814436015,True,9.35708702708149e-09,0
753,1,3.5706166954059864,3.5706166954059864,0.18465805447749323,0.032643240630437595,"[0.3381594944652181, 1.030549971859414, 0.13526778042441126, 1e-05, 0.13439538947977542]","[21.647633664607184, -2.414692344760508, -3.02109311780277, 80.01738370753004, 9.434949021180348]",83.51872690872197,0.06496511251316406,0.033944828137464356,True,9.398427193614556e-09,0
754,1,3.5654251594081936,3.5654251594081936,0.18434982803203712,0.03258875337800683,"[0.3376411045312334, 1.0306077958333684, 0.1353401257110215, 1e-05, 0.13416945334855593]","[22.06819805718868, -2.525235001354754, -2.770024348011818, 87.80359048019727, 9.241965644429236]",91.08204895795302,0.06814923122874461,0.03422638435586123,True,9.37276645705809e-09,0
755,1,3.5605102663059185,3.5605102663059185,0.18398158042192914,0.032523655782441055,"[0.33715652610311453, 1.0306632455082543, 0.13540095052512421, 1e-05, 0.13396651620012628]","[22.068536029242374, -2.4616327126389796, -2.6238366522174417, 83.1965019986618, 9.114378841133512]",86.62963859636298,0.05881863438844448,0.03132118437497411,True,9.348465292678687e-09,0
756,1,3.5554020593477613,3.5554020593477613,0.1835450415113693,0.0324464858764639,"[0.33664703451601896, 1.03072007669796, 0.13546152648260715, 1e-05, 0.13375609447867606]","[21.594350974266877, -2.414085580846874, -2.344323224394171, 82.29238149190499, 8.937547524474779]",85.61282299943963,0.06825476562516997,0.03270904064265778,True,9.341325719891547e-09,0
757,1,3.5504788147227373,3.5504788147227373,0.18321275863048428,0.032387746006877396,"[0.3361425691750231, 1.0307764721185582, 0.13551629218573977, 1e-05, 0.133547304551858]","[21.177283946486625, -2.3677966656194154, -2.0905979904104495, 81.49679981514281, 8.777864005881565]",84.71855577718826,0.06389178749668645,0.03326390313304728,True,9.371700754844114e-09,0
758,1,3.545741288231673,3.545741288231673,0.18301901209302482,0.03235349613426015,"[0.3356426247708259, 1.0308323700654451, 0.1355656461429976, 1e-05, 0.1333400804337117]","[20.768233296373733, -2.2491097186165026, -2.037651008457721, 83.41500159023369, 8.670071373900551]",86.4509263012171,0.0635428999812575,0.03538904373999685,True,9.360524111899637e-09,0
759,1,3.541432362415308,3.541432362415308,0.18298223912032394,0.03234699552966985,"[0.33516216182647823, 1.0308844021214292, 0.1356127862048943, 1e-05, 0.133139502562664]","[20.450095202058826, -2.196490397505809, -1.8520681839913402, 81.38442166093714, 8.552242502647632]",84.3980216670217,0.058720434361021034,0.032059093777206726,True,9.434246220178799e-09,0
760,1,3.537229553469226,3.537229553469226,0.18306043967313954,0.03236081956496696,"[0.33467755105485375, 1.0309364528769824, 0.1356566751053066, 1e-05, 0.1329368380372729]","[20.201052253022034, -2.1376863886376425, -1.7133518599435276, 79.27185447976706, 8.464774657395214]",82.28770936466339,0.07144639372563688,0.03604255312529858,True,9.410513555907496e-09,0
761,1,3.5328870434263466,3.5328870434263466,0.18337286283397677,0.0324160486988739,"[0.33418656516136497, 1.0309884092725394, 0.13569831806445934, 1e-05, 0.1327311019748002]","[19.63035264606214, -2.0822444771845943, -1.4566356395153806, 77.27609880985882, 8.336791062490583]",80.2053976172958,0.06035415940277744,0.03403258435719181,True,9.380463438131426e-09,0
762,1,3.528587112896053,3.528587112896053,0.1838317632444321,0.03249717159690446,"[0.3336970631271132, 1.0310403320742216, 0.13573464069816654, 1e-05, 0.1325232159394447]","[18.989138965989955, -2.029661993793249, -1.1808806906050315, 75.45287724312035, 8.202360983191825]",78.27206919232522,0.06566535936872242,0.03411988437437685,True,9.415830267388292e-09,0
763,1,3.524334320914911,3.524334320914911,0.18439912234288042,0.032597467463374635,"[0.33321185456774605, 1.0310921937923214, 0.13576481444220512, 1e-05, 0.1323136300407269]","[18.335603122876844, -1.9794211478055312, -0.9076989346544209, 73.74434496356847, 8.071132843884197]",76.4480736631435,0.06072475314431358,0.03256305939430604,True,9.47654917732299e-09,0
764,1,3.520165900010258,3.520165900010258,0.18503058371185457,0.032709095117389377,"[0.33273216679422724, 1.031143978515021, 0.13578856125206307, 1e-05, 0.13210247670599823]","[17.70335434112415, -1.931092660189715, -0.6453235628309639, 71.91730672734779, 7.946933888989939]",74.5171596442174,0.06319423750392161,0.037066900040372275,True,9.414026601664571e-09,0
765,1,3.5159447778281367,3.5159447778281367,0.18572795142990495,0.03283237347799288,"[0.3322570184008797, 1.0311958079907924, 0.13580588138519492, 1e-05, 0.1318891853264871]","[17.026404922445423, -1.8846023321591057, -0.3792836134991857, 70.84964123426826, 7.822918437874027]",73.31073429248323,0.061969049980689306,0.03373554378049448,True,9.41982021725185e-09,0
766,1,3.5118394341039814,3.5118394341039814,0.18655465745356356,0.03297851583683707,"[0.3317925187587322, 1.0312472220804294, 0.1358162286724552, 1e-05, 0.1316757672366735]","[16.27706814840629, -1.8460777944770541, -0.1075717784272916, 74.1927640068342, 7.699369289656433]",76.36890100591297,0.07277376251295209,0.03402642811124679,True,9.361594051175703e-09,0
767,1,3.508070431102214,3.508070431102214,0.18745319634085122,0.033137356571927304,"[0.33136624398107284, 1.031295568403871, 0.1358190458343368, 1e-05, 0.13147413098976826]","[15.524165856074275, -1.8396620877586491, 0.22377128143419567, 78.00011805264565, 7.5410870980452325]",79.90820087173402,0.057346659363247454,0.0311745531289489,True,9.346068301219201e-09,0
768,1,3.504615923347462,3.504615923347462,0.18834086868022623,0.03329427635458825,"[0.330977693977781, 1.0313416127914974, 0.13581344512554872, 1e-05, 0.13128538723091288]","[14.765115893186866, -1.8529080828578277, 0.5939677397450205, 81.06962001523813, 7.348866181674702]",82.75315001224955,0.06332640627078945,0.03778794062236557,True,9.314707283269996e-09,0
769,1,3.501341730239886,3.501341730239886,0.1891180909643224,0.03343167114148167,"[0.33062084675466447, 1.0313863943637411, 0.13579908995623735, 1e-05, 0.13110777789083342]","[13.97835718956653, -1.8718400390889065, 0.9818843027762085, 82.75597415724488, 7.131033114028655]",84.25713764200061,0.060242450002988335,0.03401811249932507,True,9.315649479244015e-09,0
770,1,3.498040301170362,3.498040301170362,0.1898083141659652,0.03355368651808515,"[0.3302890444271562, 1.031430825971352, 0.13577578310461044, 1e-05, 0.13093850954601394]","[13.136643566351665, -1.891753461571946, 1.3885899135053577, 83.04328384274618, 6.889351123618963]",84.39033397011796,0.06557640623941552,0.03681228750065202,True,9.354693680276027e-09,0
771,1,3.494801398001119,3.494801398001119,0.1905291713371,0.03368111726657925,"[0.3299777139003485, 1.031475659387042, 0.1357428743614366, 1e-05, 0.13077523608092784]","[12.214794845139997, -1.927294547572671, 1.8533040090321808, 83.56660245716533, 6.611143474083184]",84.75514543318701,0.05959697813523235,0.031717787467641756,True,9.351740049880208e-09,0
772,1,3.4916190121921895,3.4916190121921895,0.19126547596668522,0.03381127876572894,"[0.3296894766545137, 1.0315211385030933, 0.13569914122878635, 1e-05, 0.13061923036728731]","[12.214372821933198, -2.212717826566689, 1.9034613469021253, 89.80657954919346, 4.540466466006599]",90.79398523452355,0.06618015002459288,0.032427178128273226,True,9.336603759221851e-09,0
773,1,3.488622452758805,3.488622452758805,0.19147670608169878,0.03384861932740816,"[0.3294204197827342, 1.0315698800099415, 0.13565721198992842, 1e-05, 0.13051921346739623]","[10.727494599027343, -2.27578856337809, 2.72496380765571, 88.1883727230114, 4.279561136327815]",89.01228852671268,0.064001690610894,0.033324359348625876,True,9.343291172865531e-09,0
774,1,3.4855138066265474,3.4855138066265474,0.19173990804846933,0.03389514730128943,"[0.3291793857687466, 1.0316210142656947, 0.13559598530195696, 1e-05, 0.13042305683088878]","[9.009969254147272, -2.3977565790872144, 3.71601653335765, 90.92707686189816, 3.9850840080393057]",91.56610597076894,0.06010086872265674,0.0337688749859808,True,9.347834417985923e-09,0
775,1,3.4824113444047846,3.4824113444047846,0.19202395023761007,0.033945359340810555,"[0.3289825887299619, 1.0316733864082828, 0.13551481953665723, 1e-05, 0.13033601405527337]","[7.074648596879799, -2.5492521701912096, 4.833651758068364, 94.12009879469997, 3.63419361228488]",94.61349739360918,0.05861086249933578,0.03470442499383353,True,9.36423384147178e-09,0
776,1,3.479356363947096,3.479356363947096,0.19222650911442574,0.033981167029657026,"[0.3288330403295392, 1.0317272741143795, 0.13541264274600529, 1e-05, 0.13025919217018592]","[5.845630496492218, -2.9227850273726643, 5.549311435738106, 103.57425135442537, 1.5324040817565758]",103.93980340335476,0.06911811563622905,0.03632404375093756,True,9.361846926153605e-09,0
777,1,3.476385464609392,3.476385464609392,0.19212890951649214,0.03396391369527205,"[0.32872055925289617, 1.0317835140711937, 0.1353058634130841, 1e-05, 0.13022970579381102]","[2.729099592781342, -3.187127840087399, 7.382528562416037, 109.4488468592988, 1.132645593335567]",109.78360743435975,0.06038977499702014,0.032915053103351966,True,9.364627586404273e-09,0
778,1,3.4734264146863936,3.4734264146863936,0.19205823003730324,0.03395141921051575,"[0.3286708414551933, 1.0318415760699664, 0.13517137104696716, 1e-05, 0.13020907164596698]","[-0.6888549020686479, -3.4923009672254177, 9.38137641015782, 115.95599745727316, 0.6476734160601079]",116.39112396414025,0.05888684684759937,0.0318853062344715,True,9.365432906624505e-09,0
779,1,3.4704995936022858,3.4704995936022858,0.19201125263323118,0.033943114700270276,"[0.32868267835269205, 1.0319015858172436, 0.1350101667198577, 1e-05, 0.13019794238809929]","[-4.214059926078482, -3.821862787305835, 11.432410774522829, 122.74155324690621, 0.101311077878945]",123.40406844889925,0.05947607813141076,0.033485428139101714,True,9.36716401146731e-09,0
780,1,3.4676364980766414,3.4676364980766414,0.19199295158652485,0.03393987950171306,"[0.32875097528939784, 1.0319635264458682, 0.13482488254052508, 1e-05, 0.1301963004474542]","[-7.576308126072945, -4.152082342499445, 13.378908059449516, 129.29022586939652, -0.4713322152146082]",130.26826195539712,0.06799884376960108,0.034450799990736414,True,9.320503708241945e-09,0
781,1,3.4648649256194712,3.4648649256194712,0.19201241057334484,0.03394331939709692,"[0.3288672938463862, 1.032027273091139, 0.13461947705098337, 1e-05, 0.13020353677974475]","[-10.53115550771102, -4.460776749870442, 15.080322661095225, 135.13039883319053, -1.0376495871084712]",136.45336676896355,0.05826848121068906,0.0317482656246284,True,9.335123336666473e-09,0
782,1,3.4622088382075704,3.4622088382075704,0.19207399518144233,0.033954206120597526,"[0.3290216492244468, 1.0320926547941407, 0.1343984444298313, 1e-05, 0.130218745632581]","[-12.940003768996565, -4.755382793842067, 16.47502851432125, 143.30074921324734, -1.5439816557470802]",144.91022231725617,0.06314365938305855,0.0353301718714647,True,9.371930096563341e-09,0
783,1,3.4597365912233387,3.4597365912233387,0.19218248684376849,0.03397338491813078,"[0.32920024261229736, 1.0321582869175032, 0.13417106187184807, 1e-05, 0.13024005512519024]","[-11.892832415032583, -5.036390860370788, 16.092310425714324, 153.02774182856447, -2.8081670361462487]",154.4381517690519,0.06704310000350233,0.032559900035266764,True,9.393648274166888e-09,0
784,1,3.4573142399864016,3.4573142399864016,0.19213518718398323,0.033965023440585294,"[0.32935425678921837, 1.032223509024899, 0.1339626637494764, 1e-05, 0.1302764213598798]","[-16.036317656026824, -5.458662301671163, 18.5135339016993, 161.60141877867184, -3.4782715052583555]",163.5751458491235,0.06228227810788667,0.03368642812711187,True,9.411109659802908e-09,0
785,1,3.4550276010548,3.4550276010548,0.19209017389183838,0.03395706613955551,"[0.32955032957977204, 1.0322902509773308, 0.13373630254031493, 1e-05, 0.13031894947730474]","[-19.446101042657833, -6.500740312388314, 22.20978994407344, 175.75143871897208, -9.79044251012024]",178.60040933901243,0.05663508438010467,0.03111001874640351,True,9.349926747767578e-09,0
786,1,3.4523313414925756,3.4523313414925756,0.19154513522591027,0.033860716005383845,"[0.32976809057051687, 1.0323630474545216, 0.13348759325654402, 1e-05, 0.13042858464047485]","[-30.352471649061, -7.534841597271095, 28.700667101882217, 198.97252685147336, -11.190834527753307]",203.75739467387172,0.0679906218429096,0.034158006237703376,True,9.40829050690567e-09,0
787,1,3.4500887559414,3.4500887559414,0.19115408052840724,0.03379158664827903,"[0.3300660181298822, 1.0324370064056487, 0.133205879141111, 1e-05, 0.1305384293363752]","[-36.32731081788504, -8.186576087873311, 32.30284418831104, 212.9900730947235, -12.215646248620974]",218.96155035102205,0.05898782500298694,0.0325097499662661,True,9.406613210583004e-09,0
788,1,3.448169754919995,3.448169754919995,0.1908981062922733,0.0337463363687342,"[0.3303978326494586, 1.0325117827860197, 0.13291082419528716, 1e-05, 0.13065000733926183]","[-39.225092298854584, -8.57936882972519, 34.13105044307505, 210.07680190415755, -12.980251799102584]",216.9744032709034,0.05925300000671996,0.03336394063080661,True,9.45132148846145e-09,0
789,1,3.446295800777547,3.446295800777547,0.19067973843733105,0.033707734020978486,"[0.33075939688659767, 1.0325908646380755, 0.13259621519138265, 1e-05, 0.13076965510972105]","[-38.09466292331238, -8.984935658767945, 33.966628015849004, 222.1779045754999, -14.34048310249278]",228.59207109603096,0.06098406250384869,0.03443601876642788,True,9.400171674910085e-09,0
790,1,3.444357869846445,3.444357869846445,0.19041192756674902,0.03366039130031248,"[0.3310926950866664, 1.0326694757256398, 0.1322990340349861, 1e-05, 0.1308951230057305]","[-45.121251085956224, -9.732201814935541, 38.08506157929817, 247.2428658849214, -15.500590579453444]",254.85371883990342,0.06133344063709956,0.04217713124671718,True,9.415613143326507e-09,0
791,1,3.4428377210980323,3.4428377210980323,0.19030314645348181,0.033641161334598414,"[0.3314467903793792, 1.0327458505327973, 0.13200015621791902, 1e-05, 0.13101676604590234]","[-47.322212101300934, -10.095084786307929, 39.48386109925889, 251.6824141924795, -16.20214136819834]",259.8207551004706,0.05897784064291045,0.033112468736362644,True,9.43501198957114e-09,0
792,1,3.4414997363920565,3.4414997363920565,0.190282960997445,0.03363759301638717,"[0.3318110585232603, 1.0328235586033658, 0.13169622467800923, 1e-05, 0.13114148388348904]","[-49.07013559323733, -10.440989490754454, 40.65400203941984, 256.30821681975715, -16.841615819220692]",264.8531336103686,0.05940718437341275,0.032703284407034516,True,9.508459321988516e-09,0
793,1,3.4401972553522175,3.4401972553522175,0.19036203842417218,0.03365157206255657,"[0.33218160453058254, 1.0329024022201914, 0.13138923188177468, 1e-05, 0.13126866090110312]","[-47.17468461808485, -10.810675017490578, 40.12099639890188, 268.7055820457423, -17.911894691048083]",276.5421156156049,0.06408044687123038,0.034259984364325646,True,9.410502716487856e-09,0
794,1,3.4391887341100773,3.4391887341100773,0.19046630071935589,0.03367000320654318,"[0.3325227799389857, 1.0329805868756705, 0.13109906995609877, 1e-05, 0.13139820279493805]","[-54.53235989279892, -11.600563961402948, 44.46533842693192, 288.69407418287926, -18.974611153939488]",297.9762104898224,0.06402307812095387,0.04519396566320211,True,9.373928606427884e-09,0
795,1,3.438746740793161,3.438746740793161,0.19065370868648213,0.03370313256764402,"[0.3328887981509965, 1.0330584492254353, 0.13080062104063878, 1e-05, 0.13152555934546728]","[-56.420614310924265, -11.93429044962061, 45.61195220497795, 297.39830026990035, -19.484676341450736]",306.97160260725104,0.06140177501947619,0.03357545001927065,True,9.485937530265276e-09,0
796,1,3.4386698125705273,3.4386698125705273,0.19098716193260817,0.03376207933053012,"[0.333256393158688, 1.0331362042382652, 0.1305034472837347, 1e-05, 0.13165250709031334]","[-57.75405175774249, -12.267999848369737, 46.54320065757539, 304.7229121970089, -19.90466993526069]",314.49094254878725,0.06170962813484948,0.035373259386688005,True,9.50353559563133e-09,0
797,1,3.438933715296561,3.438933715296561,0.19140949125535558,0.033836737312532277,"[0.333623679105237, 1.0332142223824377, 0.13020745656120247, 1e-05, 0.1317790905128684]","[-59.12441369879835, -12.56255498632317, 47.38318228809592, 312.31445933588293, -20.321548374688554]",322.260712599857,0.06197937187971547,0.03424633438407909,True,9.473384050308342e-09,0
798,1,3.439246859031059,3.439246859031059,0.19197942976489676,0.033937489158771254,"[0.3339906143932628, 1.033292187548498, 0.1299133891776503, 1e-05, 0.13190520919615858]","[-60.400265241104485, -12.844055478277832, 48.1429556732448, 320.04755202374656, -20.710480229112314]",330.1367376269931,0.06281551250140183,0.03748618748795707,True,9.457046160066263e-09,0
799,1,3.4396104081426575,3.4396104081426575,0.1927629280202285,0.03407599339111948,"[0.33435652498943014, 1.033369998067682, 0.12962173453770234, 1e-05, 0.13203067527047624]","[-61.72857695438838, -13.099735156482712, 48.80894393826183, 328.7510858640655, -21.05219345802068]",338.94661023315797,0.0650231125036953,0.032397153103374876,True,9.395351142915676e-09,0
800,1,3.4401519065137025,3.4401519065137025,0.19386091327102672,0.03427009159524004,"[0.3347207627489507, 1.0334472948144908, 0.1293337308081206, 1e-05, 0.13215489656564408]","[-58.06285665336367, -13.299378762659023, 47.220533015994064, 341.9183581072965, -21.538919404618753]",350.92739447989015,0.06675204374914756,0.037308278122509364,True,9.41618058698801e-09,0
